a_id,n_days,avg_bot_prob,tf_distance,num_windows,O_meanvec,O_dailymean
84128,269,1.0,1.9734583497047424,304,1.3402382452353474,1.3575852153998693
194926743,317,0.9771525859832764,1.9733794927597048,260,3.31717870925743,3.4419763621041275
1952870776,367,0.9999905824661256,1.9731462597846985,395,3.8514987672366146,3.9415670872708515
1055906240,135,1.0,1.972625195980072,77,0.5284209251279194,1.2637683857630506
1721902489,459,1.0,1.972610056400299,532,10.286811673822386,10.476702598370379
1844913494,614,1.0,1.9725078344345093,583,2.212538001041828,2.3083113785099925
1719325030,280,0.9999873638153076,1.9724812507629397,590,0.8370156515813013,1.443614923103348
330752436,668,0.9999764561653136,1.97221440076828,837,0.6407080055944743,1.1444620196397242
402582,759,0.999978244304657,1.972179353237152,971,0.6418813224865836,1.1506347071382057
493688463,655,1.0,1.9720337390899656,808,1.1522730313079936,1.8304253022315926
829226749,786,0.9999999403953552,1.9720293283462524,736,0.9434146777682445,1.3777382006599463
985357938,563,0.9999990463256836,1.9720025658607483,703,1.3751768788344108,2.1027704175742543
241188077,568,0.9998302459716796,1.9718971252441408,522,0.6204243860807102,0.9633742357625839
1468174914,529,0.9999971389770508,1.97186291217804,616,0.7519153137736732,1.2908071175878437
1271115223,472,1.0,1.9718372225761411,488,11.399648673591427,12.500069308185575
1055914726,554,0.986302614212036,1.9717991948127749,584,16.56784698961355,17.379435115730864
171798,612,0.9976948499679564,1.9717392325401304,1108,0.6202896677870499,1.584516841160194
216230,1091,1.0,1.9717342853546145,1083,0.5912484302342932,1.4191839707949387
1729193110,179,1.0,1.9716899394989011,124,1.761511470025233,2.2403702646966046
1393035276,166,0.9994758367538452,1.9716157913208008,227,1.27023543596143,1.6454991607509397
542591662,854,1.0,1.9715840220451355,798,0.9544881123020481,0.9871001767537069
239253,455,0.9999952912330629,1.971580982208252,456,1.461940738153252,1.5309260825007414
1843737924,381,0.9888555407524108,1.971573531627655,493,1.2314992143339605,2.1442491807428152
2123493281,570,0.9999404549598694,1.9715425968170168,564,2.3292437983333922,2.4538771942127524
1396153049,560,0.9999986290931702,1.9715224504470823,625,0.41636213221252516,2.006409709806525
1392321470,593,0.9995707273483276,1.971484422683716,625,0.32711188544581693,1.7436885892926177
1393150345,298,0.99517023563385,1.9713410139083865,621,0.6269227454770729,1.596820732354459
243499,991,0.9999988079071044,1.971298098564148,1045,1.4192110823437805,1.7257741881353543
1487656644,378,0.999923050403595,1.9712812900543213,609,1.1803073052078916,2.061730951389846
1701284546,307,0.999653458595276,1.9711288213729856,559,2.3425357874818893,2.48093104667898
1418946713,654,0.999989688396454,1.971108973026276,609,0.5741892484336661,1.6731090764860483
1393620819,655,0.99996155500412,1.971013605594635,622,0.5828777269239822,1.671736830766387
1393258478,642,0.9999998807907104,1.970971524715424,609,0.6315120650315609,1.6310024882232594
138584,841,0.9956506490707396,1.9709699749946596,1129,0.7495247642338194,1.9355417362104859
149373265,749,0.99400132894516,1.9709147214889529,879,0.6017232430065214,2.0334261664349227
1409705824,617,0.9970791935920716,1.9708764553070068,606,0.7512673126057395,1.5832032342309628
704931308,369,0.9958158135414124,1.9708632230758667,758,0.9582046913427139,1.8250528825726284
1392109992,654,1.0,1.970847249031067,625,1.7511442517202336,2.1088011355644936
329721621,901,0.9823297262191772,1.9707623720169067,845,0.42653085660138457,1.8771403361493424
2122725237,540,0.9760626554489136,1.970664978027344,564,2.437362202709686,2.5339742386077138
1409082997,626,0.983179807662964,1.9706321954727173,612,0.7181236754601057,1.5901215355384304
184845,1126,0.9694526195526124,1.9705584049224851,1102,0.7496246174584605,1.7672261208444837
47605,1000,0.9962637424468994,1.970405876636505,1177,0.8815067610015338,1.8598173858502314
2142884713,543,0.9589011669158936,1.970349192619324,561,2.4037341958886813,2.541496406583662
2144040670,541,0.953761875629425,1.9703367352485657,561,2.429877627765166,2.532605874231764
407547795,664,0.9965742230415344,1.970259547233581,829,1.2659856395154683,1.422744649012766
82713,656,0.9808948636054992,1.9702286124229431,1153,1.4964068375952977,2.2120573567373873
1418769101,616,0.9681047797203064,1.9699743390083315,609,0.7504985634280146,1.6092741991057795
163257,534,0.9879392981529236,1.9699337482452397,684,1.025505645038806,1.2321646832529995
606531578,189,0.9707589149475098,1.9698952436447144,244,1.2971394905347522,2.064720631188188
433658,1006,0.9644138216972352,1.9697296619415283,959,2.0053701498849117,2.0753883130675006
740338920,319,0.9802899360656738,1.969687938690185,543,1.693149735953992,2.614698540842015
1377275842,357,0.9278964996337892,1.9696134328842163,625,0.39335028267201716,1.7197914427169962
451893,859,0.933070719242096,1.9695287346839905,942,0.4924796338457617,1.609307763604944
2123295900,544,0.9294747710227966,1.969347357749939,564,2.4353004616657805,2.5306426296590585
205539,620,0.9490783214569092,1.969346225261688,1056,0.7271897499509653,1.5359413464314977
52322,1012,0.966885507106781,1.9692903757095337,1168,0.36486336338928266,1.231951803389873
2122399466,594,0.9427509903907776,1.969176173210144,564,2.7709375528599134,2.812261387694089
2142915897,556,0.9457938075065612,1.969088554382324,561,2.3724934751544966,2.510373844058993
1137554326,626,0.9331323504447936,1.969051718711853,672,0.4837213689383945,1.632583449843134
618194074,646,0.9752195477485656,1.9689515829086304,761,0.6009069029969633,1.674746741150369
242921,1037,0.9582258462905884,1.9688523411750796,1046,0.47931514234828043,2.070244732304204
2142926031,576,0.9509149193763732,1.968772113323212,561,2.3753695030900235,2.532180762487622
1397758338,653,0.9763064384460448,1.9687404036521912,625,0.6275570847874502,1.7491560711063954
1400429773,260,0.9468344449996948,1.9685226082801817,624,1.3383605345449183,3.5095898613513534
101077,842,0.9368160963058472,1.968475103378296,1142,0.5110130154963619,1.571027693731878
402171295,639,0.9714812636375428,1.9683132767677307,828,0.6540824608491875,1.6253174279303357
600859692,617,0.960436999797821,1.9683119058609009,765,0.7452817385470563,1.6004629336582994
738326183,742,0.9144757390022278,1.968204498291016,755,1.8593694531709777,3.0987188698167465
2122437132,561,0.925868570804596,1.9681758880615237,564,2.3879366207493558,2.4884907091894006
2143015613,574,0.92817622423172,1.9680718779563904,561,2.4387935940888514,2.5881640989922965
684516630,623,0.9118554592132568,1.9680187106132507,755,0.7319562320721966,1.5897824209081388
579464694,628,0.9581316113471984,1.9679948687553408,782,0.7113176518533456,1.604908710939955
2129632899,560,0.9102554321289062,1.9679072499275208,563,2.3575710151170184,2.533947853468337
683487837,623,0.9379593133926392,1.967880129814148,763,0.7279498012525754,1.587723538746669
125282,536,0.9999995231628418,1.9678491950035093,524,1.6068879356258685,1.6069363143299613
438974721,615,0.9541202783584596,1.967834711074829,815,0.7581663319061435,1.5889795438743315
433940024,611,0.9570316672325134,1.967820167541504,822,0.7835360600648729,1.5794716164279554
609922765,323,0.961218237876892,1.9678009748458865,542,0.39028928668720975,1.4209757819642728
394080586,642,0.9677543044090272,1.9677788019180296,811,0.638129838451497,1.6499153663647301
550638805,650,0.9578375816345216,1.967678964138031,796,0.5918861374664031,1.6619306131669538
1482563072,321,0.9367246031761168,1.967601537704468,577,1.1010703414339427,2.150550015913375
2122514680,558,0.9062196016311646,1.9675572514534,564,2.348527983758766,2.4988922373088713
525402340,627,0.936217725276947,1.9675220251083372,793,0.7095381191551935,1.610966255410268
666108215,679,0.9438916444778442,1.9674274325370789,749,0.5158388992732338,1.6730369925646478
622064826,679,0.9037768840789796,1.9671518802642824,779,0.4840616303967766,1.701096422678846
468843930,615,0.9479023814201356,1.9671202898025515,796,0.7666300523359593,1.5828158041184694
703850880,398,0.9999518394470216,1.967066764831543,621,1.319877269570607,1.599134983836997
1277318167,465,0.8835160136222839,1.9669325351715088,646,0.6156800464738622,1.6385140603606665
49169,588,0.9722273945808412,1.9665846228599548,1052,0.9027294621589479,1.0438533304518134
572754791,303,0.9999390244483948,1.966514885425568,511,7.518316708602814,7.909442673981854
2142879863,566,0.9027401208877563,1.966310739517212,561,2.355863571176991,2.4614859914955933
2142878670,577,0.8957791328430176,1.9662248492240904,561,2.353405660815365,2.5198326651240293
42147,929,0.9563648700714112,1.9662109017372127,1183,0.7255032764244908,1.6321398522163686
375355782,623,0.9412739276885986,1.966156005859375,832,0.7261038265244287,1.5862120710053245
140138,618,0.911147952079773,1.9660024046897888,1034,0.587883164480964,1.0121348493977598
228648,642,0.9292843341827391,1.965928554534912,1074,1.803496695829256,2.0961598319462778
278404,712,0.9142161011695862,1.9659225940704343,1029,1.054436515296575,1.726767074459742
424073046,617,0.9149953722953796,1.9658148288726809,807,0.7463958463615826,1.6011446470588409
21028774,447,0.9459496736526488,1.9656461477279663,911,0.7210098136275869,1.441861130763227
2142870385,584,0.8931616544723511,1.9656135439872744,561,2.4383084455481003,2.4937367581873087
2142865506,577,0.8921625018119812,1.9655301570892332,561,2.454423811582303,2.574521114053184
2143002309,581,0.892998218536377,1.9651849269866943,561,2.400770639963983,2.5081039396458475
385495,437,0.9487082958221436,1.9649531245231628,981,0.6021240712156425,2.0682444421596147
663921342,377,0.9060500860214232,1.9648982286453247,745,0.5432773917480884,2.438829937612827
2122397525,579,0.8953461050987244,1.9648746252059937,564,2.401283593122054,2.4715575027820478
53704,706,0.9271122813224792,1.9647719860076904,1143,0.29275054936831796,2.5873233330026837
255003,483,0.9118054509162904,1.9647623300552368,1021,0.56157324392792,1.7035009337823244
2122450336,583,0.8977804780006409,1.964762032032013,564,2.3965817498235515,2.5129993216759288
607934623,440,0.964185357093811,1.96475887298584,783,2.446989306067812,2.5436331645710695
1004628967,265,0.9888835549354552,1.9638583064079285,508,0.5363583456365173,3.1328153937884364
2142911275,581,0.8923010230064392,1.9638177156448364,561,2.498870688807419,2.598961015672849
469485030,654,0.8972223401069641,1.963513255119324,797,0.5797371766924855,1.6799623698022725
618515141,337,0.9011819958686828,1.963458776473999,779,0.5070277045156301,1.8098813363992405
59745,899,0.9381847977638244,1.9634186029434204,1161,0.8402527030119322,1.4277914403832916
2142869226,590,0.8859558701515198,1.963224530220032,561,2.647940222139589,2.6983805276669433
2142862748,580,0.8623276948928833,1.9628390669822693,561,2.43155783748497,2.5235837255239586
2142865418,587,0.8889954090118408,1.962821543216705,561,2.6815688223981216,2.694076569349435
2142877002,580,0.8669578433036804,1.9627530574798584,561,2.4881607138062076,2.5448647393744657
1002085156,727,0.853401243686676,1.962621986865997,700,0.7495162117694122,1.6559366355431373
2115198133,256,0.8443253636360168,1.9624863862991333,565,0.33429291660113764,1.766105184409606
2142873355,446,0.8989094495773315,1.9624547362327576,560,0.6437284361987876,2.1058105528728714
1392139747,646,0.8683696985244751,1.962338924407959,625,1.3746131478566574,2.1325020239802686
666034668,654,0.811027467250824,1.9622653722763064,749,0.6584696025868852,1.6010623528814125
425058,328,0.9627476930618286,1.9622410535812376,873,1.8788135205832839,2.1189277049512354
397356,458,0.9069600701332092,1.962183654308319,969,1.0660359620748243,2.1369864158947536
52711,987,0.8764360547065735,1.9615498781204224,1163,1.213678164162885,1.6873636348296166
458456,376,0.9804326891899108,1.9615080952644348,887,1.3260191006499527,1.4240609339163504
397020780,261,0.925346612930298,1.961462140083313,524,1.547314060621555,3.371737156536739
383211,72,0.9999112486839294,1.9611753821372984,505,1.6814715656923882,2.731949784280931
43268,868,0.8620884418487549,1.9609007239341736,1175,1.5717493225160488,2.1079335778345336
278320,1021,0.823916494846344,1.960805058479309,1032,0.47830709232343305,1.543139298510635
62980,898,0.8749955892562866,1.9597903490066528,1145,1.438275849606373,1.952462632962475
49313,868,0.8688696026802063,1.959607720375061,1166,1.004868727027561,1.64974448651815
183958,265,0.9316703677177428,1.9593355655670168,1093,0.5525026745644418,1.5301550477204169
1392969787,682,0.8749048709869385,1.9592871069908144,625,0.9752918831950319,1.4694532708027934
1728603512,175,0.999908685684204,1.9591931104660036,491,1.7812825020692957,2.383630204771104
1292805034,391,0.8652187585830688,1.9591094851493835,641,1.163629561151542,2.922581970104495
2142890311,585,0.8471740484237671,1.959006428718567,561,2.631259042553205,2.6662781975178365
675140058,210,0.999998927116394,1.9586546421051023,155,3.3126027500129824,3.3127975030212435
2008657707,212,0.8851414918899536,1.9583250284194944,582,3.6537032402135057,4.571157893464794
447171,262,0.9967775344848632,1.95828115940094,946,1.3082443958354233,1.8133104757202376
46033,954,0.8554120659828186,1.9578415155410769,1173,1.7018669873715315,2.291432688547129
664868651,827,0.8149320483207703,1.9578408002853396,770,2.0585358626031236,2.079078377496565
666009161,672,0.7823759913444519,1.95755672454834,758,0.6175767124352348,1.63593543574967
49939,971,0.8689664006233215,1.9573948979377749,1167,1.5045080292243262,2.0336521596936477
85807,757,0.8646008968353271,1.9573782682418823,1146,1.0520097619116064,1.92979216319478
2142869398,587,0.833854615688324,1.9569741487503047,561,2.5516495739898932,2.584944021015995
16779883,279,0.8800925016403198,1.9568500518798828,904,0.5842611943945958,1.5778250188706853
42284,931,0.906994879245758,1.9566969275474548,1186,0.7899587447922216,1.4361109144469983
111771,856,0.8545401096343994,1.9560771584510803,1138,1.330552493824979,1.9667500137021645
41606,894,0.8558744192123413,1.955940067768097,1178,1.4487525855419197,2.0399775619022638
136689,705,0.8613824248313904,1.9558770060539248,1117,1.0829425297512396,1.9045468957449025
149107,743,0.8550193905830383,1.9553325176239011,1122,1.243089423967681,1.9733799040373032
99955,791,0.861409604549408,1.9546744227409365,1142,1.1707388099596274,1.8938775369379388
127104,723,0.8340194225311279,1.954534351825714,1134,1.2210283233851862,1.9832471461392553
100575,880,0.8106253147125244,1.9539682865142824,1142,1.0048481791215782,1.4483345380261596
62983,748,0.836490273475647,1.9538943767547607,1160,1.438580306647748,2.0793120514563643
568228234,529,0.888205349445343,1.953609824180603,792,1.94361139024727,3.0813114782626534
47960,739,0.8233550786972046,1.953296780586243,1177,1.1163272393263852,1.8469179444962065
1769772275,125,0.9237899780273438,1.953276813030243,562,0.32879691252751575,2.2798738411807116
131400,968,0.8000866174697876,1.953063428401947,1133,0.884438607975364,1.83415203066109
66286,857,0.881292998790741,1.9530120491981504,1080,1.8674721811112722,2.224087234850761
2062799329,51,0.9346582293510436,1.95284503698349,570,1.536781130999819,2.942575117972287
78499,862,0.8528014421463013,1.952784538269043,1078,1.636346215206314,2.0497300276679224
58238,959,0.7879518866539001,1.9527390003204343,1116,1.437166536822914,1.929900268476274
88046,720,0.8674879670143127,1.9525583982467647,1082,1.605095873545983,2.147652701302226
1802894724,341,0.7394476532936096,1.9524544477462769,404,1.368859922326754,2.0244523236078176
345184,206,0.8539968729019165,1.952370405197144,514,0.512229162649958,1.9047371898516816
50190,844,0.8148043155670166,1.9523361325263977,1172,1.3971293649842627,2.0448380861441926
78985,876,0.7990044355392456,1.9523265361785889,1157,1.2160016900823136,1.9788399985892604
466980,979,0.7212513089179993,1.952136516571045,927,2.5744373995556313,2.6001415939643002
593279071,618,0.8343604207038879,1.9518088102340696,786,1.8087175529190456,3.2282212667681147
53732,755,0.8246492147445679,1.951508641242981,1165,1.6280271403350215,2.243004118299541
56130,907,0.816275417804718,1.9513007402420044,1159,1.4422103451241959,2.202113362365334
89289,788,0.8470144867897034,1.9512686729431152,1128,1.4323913241275608,2.279656064553761
67525,822,0.8614296317100525,1.9511653184890747,1089,1.3336456361972273,1.7329406476126588
43185,865,0.8300684094429016,1.9510964155197144,1179,1.6801813163798764,2.2383321883143954
459931188,306,0.8978599905967712,1.9510862231254575,811,1.2394578815719637,1.7924374653864532
90724,760,0.8463824391365051,1.951041579246521,1145,1.2864378656103126,1.9363301508678845
81168,679,0.836041271686554,1.950996160507202,1156,1.2544123410337764,2.0163135916556154
81172,783,0.8081635236740112,1.949972152709961,1157,1.0770649039112392,1.887556391575441
60582,690,0.8312897086143494,1.9495712518692017,1157,1.2653216632601123,2.0674823502536888
57444,868,0.8281043171882629,1.9492670893669128,1162,1.0741473426051817,1.628493886226316
1184775,900,0.7656134366989136,1.9491218328475952,917,0.08003571664115759,1.927111827716488
106095,893,0.6969430446624756,1.9490619897842407,1141,0.8243977908324818,1.3726365578229134
116373,896,0.7776501178741455,1.9488693475723269,1138,1.1453527170426532,1.5798584788222279
1130915637,730,0.784995436668396,1.9486230611801147,674,1.756581093032901,1.9481230953343172
83170,804,0.8371126055717468,1.9484995007514956,1149,1.5416821653468857,2.165357012131745
551495238,642,0.7854335904121399,1.947530031204224,796,1.7996846474809574,3.071847178199315
94130,909,0.7865850329399109,1.947417497634888,1140,1.212726195038015,1.8222374963924581
314583,860,0.7597368955612183,1.9473914504051208,1007,4.633988789646988,6.232913682669061
597667031,514,0.8166652321815491,1.947198748588562,785,1.922985336180754,3.1628790281013344
107790,739,0.8456633687019348,1.947193205356598,1140,1.416073504163815,2.0459172487996806
79283,701,0.8505167961120605,1.9469444751739504,1148,1.6647445043439955,2.128141318136092
196027,226,0.8738102912902832,1.9467006921768188,1095,0.9984157665709676,2.119691296799252
49631,737,0.7859313488006592,1.9459569454193115,1173,1.1084201139261745,2.2223872722380893
79690,783,0.7762092351913452,1.9458106756210327,1157,1.4221153274951457,2.052207593835915
91432,692,0.8102168440818787,1.94548898935318,1056,1.3771059563361119,2.3373567765086865
47458,910,0.7954574823379517,1.9451544880867004,1173,1.580977953952487,2.1866670827681327
137252,815,0.7804345488548279,1.944771647453308,1126,1.633267325743691,2.227748070802879
67153,768,0.8450948596000671,1.9443362951278689,1158,1.5150817959776415,2.32463354108599
543125625,581,0.8247095346450806,1.9441888332366943,798,1.9347016991019044,3.162315161060841
44211,637,0.8266506195068359,1.944172739982605,1091,1.204024717264776,2.0864820957614185
129287,272,0.837768018245697,1.9438865780830383,1120,1.1426675840607026,2.535503857422155
665704104,821,0.7581989765167236,1.9437902569770813,770,0.4895225564904915,1.570454889593024
2024355470,495,0.6803000569343567,1.9431935548782349,579,1.884785365749119,2.5853106309311396
45352,734,0.8161484599113464,1.9431419372558596,1138,1.2031428328461804,1.9433852570073722
124213,926,0.7002242207527161,1.9428205490112305,1137,0.7940177648407414,1.351551574979523
54719,766,0.7592036724090576,1.9426631331443789,1163,1.5401164267438856,2.1217591190722285
78485,753,0.7733702659606934,1.941994845867157,1158,1.1503117066508275,1.9461754267960985
448559,313,0.7585117816925049,1.9418697953224184,914,0.7059999692736574,1.7202683079796843
47698,809,0.8102121353149414,1.941860556602478,1089,1.6917468052462799,2.3071383096281908
662457437,805,0.7518826723098755,1.9416590929031368,750,0.6066013747667947,1.4412557283303271
665992480,802,0.7564367651939392,1.94163978099823,752,0.6975752534988539,1.3701724244911688
124933,201,0.8774562478065491,1.9415128827095032,1118,1.1429485904874004,1.8622414140989236
109605,744,0.8121833801269531,1.9405622482299805,1139,1.374920096254487,2.1016323615985284
153117,726,0.8002138137817383,1.9403898119926453,1120,1.3207929960415707,2.123809185540316
243242,617,0.6851738691329956,1.9403652548789976,1042,0.4545947294311201,1.2483072157371262
1911091824,386,0.8029587864875793,1.939691960811615,582,1.088711694782226,2.3050178850979797
53345,687,0.7986636757850647,1.9394757747650144,1165,1.3040330800071742,2.098623648810146
49700,646,0.8273600339889526,1.939448595046997,1173,1.2258601273502785,1.969829004649932
50979,645,0.8184958696365356,1.939206182956696,1153,1.5040429874324708,2.2491021851769646
89376,135,0.9237983226776124,1.9391971826553345,1134,1.3982140170811321,2.9329266486783294
668311614,520,0.7158749103546143,1.9390512108802795,769,1.1059862379739125,2.1602750116155804
45485,327,0.8952529430389404,1.9383429884910583,1102,1.7010545841691838,2.253304159599841
426239,507,0.7911754846572876,1.9381076097488403,791,1.0838813135018939,2.6556005029738063
547177478,356,0.7613767981529236,1.9380253553390503,793,1.7869226441801405,3.695611816951804
673711778,281,0.7306274175643921,1.937952995300293,752,1.5704784670576557,2.084796811774415
50174,790,0.7998350262641907,1.9379256963729856,1087,1.8203860521471285,2.414791392112722
605217049,457,0.7506483793258667,1.937671780586243,783,8.716904510625135,10.420691251257406
99492,213,0.8584864139556885,1.936558187007904,1142,0.5271716327369886,1.4063439935348374
50125,790,0.7789173722267151,1.9364608526229856,1092,1.638177504509722,2.018659116088522
1057039358,161,0.8189941644668579,1.936151087284088,371,1.4924472659385886,2.239964991142123
1755017441,372,0.721177339553833,1.9358798265457156,585,0.44298951523179947,1.621811065711244
93339,587,0.7928717136383057,1.9358397722244265,1071,1.4805543206570921,2.1112116577419457
135784,539,0.8040172457695007,1.935758411884308,1126,1.204637385284266,2.245804155441711
127764,607,0.7798439860343933,1.9353258609771729,1134,1.2489621528073749,2.0404531611755368
54393,951,0.6989681124687195,1.935243666172028,1143,1.2663609928152022,1.805761709845781
79651,616,0.7389817237854004,1.9346649050712583,1153,1.2602392323006,2.12589833643959
145280,129,0.9010545611381532,1.9345263838768003,1125,0.739140579018045,2.3099814666645813
49710,817,0.7668631076812744,1.9341148138046265,1101,1.1478398683499706,1.919681084647177
127940,713,0.8046244978904724,1.9334479570388796,1134,1.2777702722996682,2.1987912351222323
102457,171,0.868907630443573,1.9332821369171145,1133,1.3392505917391246,2.9289797534414035
42389,691,0.7936354875564575,1.932641804218292,1186,1.486638744532078,2.148178515041513
130518,861,0.7286512851715088,1.932522892951965,1133,2.745288773749204,3.338059471708607
665872424,730,0.7026483416557312,1.9319313764572144,768,1.1178390193413907,1.958951722121941
47421,642,0.7978382706642151,1.9318633675575256,1177,1.2760321404734127,2.08134695080613
52488,653,0.7714543342590332,1.9316535592079165,1163,1.3141109934553814,2.0750352321228966
115721421,171,0.8446265459060669,1.9315638542175293,889,0.9214181553032682,2.63354901446946
105842,899,0.7152429223060608,1.9313647747039795,1141,1.1388146003554382,1.5665502562888367
49642,709,0.7622621655464172,1.931230127811432,1160,1.3750657426482877,2.0639010535915996
50490,615,0.7520900368690491,1.931220293045044,1082,1.1728369760225872,2.0697554302497254
468398,417,0.680205225944519,1.9309275150299072,896,0.6268373860364091,0.9635992616578256
50536,663,0.7931296229362488,1.9294477701187132,1091,1.3383995122007104,1.85214404707188
96054,885,0.6921170353889465,1.9293044209480288,1144,1.0855499835125741,1.5433405274033623
98996,133,0.8667321801185608,1.9292173981666565,1143,1.0660515395932397,2.809749815489296
48936,703,0.7309680581092834,1.9290819764137268,1175,1.4654805606652739,2.1343855269938743
79834,641,0.8055729269981384,1.928930461406708,1084,1.563462167176033,2.159464852731537
328059628,901,0.7044507265090942,1.9289268255233765,845,0.5284251241231114,1.1710181757506704
289101751,911,0.702216625213623,1.9278037548065183,854,2.393303689451455,3.1992969906312405
56122,834,0.8201473355293274,1.9276280403137207,1156,1.5565448771282675,2.155382578784952
41691,725,0.7715811729431152,1.927578628063202,1184,1.220760695120774,1.9312318734209286
1392501163,324,0.668921709060669,1.9275521039962769,623,0.6142459713654357,3.441060512658302
41684,567,0.7517444491386414,1.9273701906204224,1181,1.2081600139695983,1.8634871148981775
189592856,929,0.6858935952186584,1.927071988582611,873,2.202179439078114,3.1826570283374673
81171,685,0.778710126876831,1.92697548866272,1086,1.4673064367480115,2.0628456243386855
108109,154,0.849994421005249,1.9268031120300293,1140,0.847338065459268,3.058814576242746
1902338244,521,0.6360021233558655,1.926794409751892,583,1.5244483291445248,2.3915392434817475
111769,608,0.772484540939331,1.9266316294670105,1066,1.5884170083535778,2.1398444808337476
329354127,900,0.7029123306274414,1.926167726516724,845,1.1614199534166572,1.7591676848541793
124730,622,0.7815337777137756,1.9258272051811216,1075,1.4797251493031336,2.1456684237544827
2024592101,269,0.7224286794662476,1.9254265427589417,576,1.6165133890969035,3.744132113424664
240552,249,0.8263663053512573,1.9253820776939392,923,0.8930458238964591,2.6133437291035464
99760,648,0.7891290783882141,1.9245301485061648,1142,1.359812601235796,2.1167208809380824
67528,579,0.7137049436569214,1.9242008924484253,1158,1.1127314801102928,1.9053408870698225
143075,139,0.8249509930610657,1.9241132736206052,1124,1.3437194725444561,3.0881295112975122
48814,574,0.7983316779136658,1.9240622520446775,1162,1.0736609450313521,1.9785613298190754
62995,534,0.7911328673362732,1.9237983226776123,1155,1.0818371750102413,2.037214187986712
106988,134,0.8396243453025818,1.923195958137512,1124,1.6042434618858767,3.4506677789420244
257552031,917,0.6905531883239746,1.9229674339294436,860,0.5478009630633376,1.5840164764126792
571046756,708,0.7479831576347351,1.922919750213623,791,0.947677976637809,1.5726964538568702
50596,724,0.7091228365898132,1.9218571186065676,1144,1.5229955633659547,2.1649046618752954
290622,169,0.8044868111610413,1.9215720891952517,1009,1.021205957578432,2.8697675501298106
89185,585,0.7896031141281128,1.920548915863037,1147,1.2754715263405723,2.066848715439501
73914,129,0.8442907333374023,1.920376420021057,1159,1.026401005130024,2.6833987256744942
103808,141,0.8398086428642273,1.920277953147888,1140,1.8545740445897139,3.725296822405475
124327,141,0.7940958142280579,1.9199813604354856,1137,0.7582122728267802,3.2393981082435435
130689,136,0.816023051738739,1.9198819398880005,1133,1.101196716828929,1.6675241827143996
102653,133,0.8346828818321228,1.9196765422821045,1124,0.5200765732419738,1.4786015019985794
44958,616,0.7483393549919128,1.9193584322929385,1129,1.2437381027846488,1.9626163717027838
41831,620,0.7487853169441223,1.918748378753662,1187,1.1009570854679658,1.9134853305539727
94313,570,0.7628556489944458,1.918329417705536,1144,1.1250024148784434,1.9748559015672673
50534,647,0.7185055613517761,1.9179651737213133,1171,1.2161860493980794,1.9686941621018779
141419,131,0.8143396377563477,1.917899489402771,1127,0.5864326824695798,2.0039243093058756
92472,143,0.8466199040412903,1.9178967475891116,1145,1.4022371475337525,3.310561038452052
793920703,577,0.7340546250343323,1.917114496231079,742,1.473112549900226,2.3114943909108767
99475,138,0.8362865447998047,1.9170476794242857,1124,0.7270002408387888,2.228929164411081
92353,142,0.7994121313095093,1.9167348742485049,1145,1.086928466554525,3.0938814127126273
42817,797,0.7824322581291199,1.9163634777069087,1174,1.5465524570328906,2.2174425141209766
74815,572,0.7599505186080933,1.916355669498444,1144,1.481939861233206,2.192322333801009
3823662,708,0.6605643630027771,1.9161641597747805,916,0.9867886635697043,2.7559345991696285
78487,788,0.7069723606109619,1.915698289871216,1078,1.6195093375814067,2.0174546050037883
87199,140,0.8212718367576599,1.915595889091492,1148,0.5263999059918003,2.616407842847422
110634,208,0.7874420881271362,1.915337860584259,1121,0.26769509934641833,2.0043844562771875
123500,747,0.7588562369346619,1.915322542190552,1090,1.587954432545989,2.094396072077274
98057,727,0.6918593049049377,1.9152672290802,1141,1.383653291261017,2.080222832290485
125340,128,0.7930909395217896,1.9149516820907595,1118,1.4680370914174414,3.03196439601481
940646618,186,0.7294882535934448,1.9148988127708435,650,1.154878615863473,2.2794371423706794
104794765,943,0.6681106686592102,1.9148547649383545,891,0.7173112368051862,1.7519076610051696
265079,128,0.825174868106842,1.9146826267242432,1012,0.6041581539991624,2.2128023613849503
112440,144,0.8131136298179626,1.9145891070365904,1120,1.0478511698073103,3.0223791760705834
205221,143,0.7996534109115601,1.9139652848243716,1089,1.4974133550902284,3.4422136963831065
62981,670,0.7095333933830261,1.9139017462730408,1160,1.5349224936026695,2.2443151695623778
110619,153,0.784616231918335,1.9138431549072263,1139,0.9964354248393116,2.3572209760819347
48236,132,0.8900877237319946,1.913650155067444,1176,2.4973228381633756,3.529938019818919
53784,921,0.677439272403717,1.9132526516914368,1142,1.3639013432593476,1.9396200222083357
54727,964,0.6749518513679504,1.912909746170044,1163,0.39294888980563025,1.4358094839016924
47997,706,0.7700271606445312,1.9127205610275269,1103,1.6675610112828103,2.2421979349094103
675280830,803,0.6784358024597168,1.9120731949806211,756,0.41791180726182514,1.7027456423192986
717771734,202,0.9994641542434692,1.911982774734497,146,2.910307152856502,2.9104020929351897
47612,520,0.7452061176300049,1.911916732788086,1171,1.110270808698382,2.160813527501871
112445,155,0.8225377798080444,1.9118794202804563,1138,0.895263944958591,3.1083093219972273
666303423,805,0.678717851638794,1.9117926955223083,759,0.37932544678426294,1.788503589149679
64468,670,0.7110683917999268,1.9114320278167725,1138,1.295804607119439,2.0340412406117547
229106,641,0.6714159250259399,1.9112015962600708,1069,1.155420748174929,2.310222588787289
798527868,672,0.6925997138023376,1.9107703566551208,663,0.8423608181315241,2.1632194938366345
243230,489,0.6157585382461548,1.910543382167816,884,2.2451557003381066,2.4905908150400053
51400,670,0.7558072805404663,1.91015499830246,1169,1.3679283999413872,2.1192170450369447
42945,906,0.5963307023048401,1.9096271395683289,1185,0.7472058672737085,1.3005131952954492
1701198696,342,0.5630689859390259,1.9094687700271609,550,0.4945585140463837,2.0097018001099145
748584759,195,0.9992280006408693,1.909061908721924,140,3.24849657234821,3.248599313441517
107522,159,0.775918185710907,1.9078190326690676,1140,0.4278628147483142,1.8159829737660187
814487140,88,0.8993539810180664,1.9076699018478396,650,2.8873854339624923,4.368135331899189
409192,151,0.800926685333252,1.9075192213058472,971,0.5060906909879642,1.7181944052839218
140659,490,0.7284810543060303,1.9073249101638796,1042,1.0106941519605404,2.0516579972567155
49979,108,0.861761748790741,1.9067355394363403,1083,2.701556822116222,3.734045025869231
206674,125,0.818256139755249,1.9062625169754028,1088,1.0504260637755456,2.7561617205179565
93336,567,0.7355422973632812,1.9057305455207825,1065,1.415038393901815,2.0503802602709893
47602,578,0.7144690752029419,1.9054262042045595,1157,1.1385760340546558,2.0315847156656615
50455,916,0.7106596231460571,1.904133915901184,1166,1.613913269009143,2.1887470372276314
105839,169,0.7528956532478333,1.903536140918732,1127,0.34798183895017115,3.2433480350511763
103282,642,0.7601363062858582,1.903080701828003,1140,1.4504967579407941,1.9459504275305448
59748,690,0.7015265226364136,1.9028195142745967,1121,1.3184920134370346,1.9349106391354747
108207,132,0.8037846088409424,1.9027140140533447,1122,1.855222446151958,3.6449054377150314
304310,138,0.8030465841293335,1.902486741542816,1020,0.47881001763039593,2.408946293581568
1457717787,602,0.6045063734054565,1.9023358821868896,617,1.4243842006935945,3.056299548863102
125348,144,0.7865087389945984,1.9005376696586609,1118,1.1478758762831174,1.7746489670825083
52871,792,0.7443773150444031,1.9003034830093384,1118,1.5772448419481102,1.9467013891213016
262932,132,0.7857558727264404,1.8999457955360413,1022,0.6572841531153966,2.235369565008691
146782,154,0.7580709457397461,1.8996660113334656,1111,0.40000049004532473,2.644823355065602
62996,566,0.7380188703536987,1.89834064245224,1160,1.1919594268054121,2.0210482805318684
134384,740,0.7952062487602234,1.898333847522736,1131,1.622159310803603,2.0665390300320583
1929881498,267,0.715621292591095,1.8965694308280945,582,1.6311805284455303,2.374696243428581
104785006,942,0.6756694316864014,1.8959957361221316,891,1.9267916516467634,3.117964919531578
315960,172,0.7806003093719482,1.8956193923950195,1008,0.1909294796073339,1.8528637266555557
42357,355,0.6732583045959473,1.895134449005127,1185,1.2650007535106618,1.8068918707717454
229181,629,0.5573526620864868,1.8950369954109192,1073,1.7877257444181773,3.2220460610222332
76764,494,0.672500729560852,1.8949761390686035,1111,1.040813780260289,2.0936775540618027
100609,340,0.7101309299468994,1.8949127197265625,1142,0.5798529809581024,1.8471616955055368
59746,500,0.7145907282829285,1.8947625756263733,1156,0.9940286345825761,2.0526448810924975
108215,345,0.7253550291061401,1.8944377303123476,1125,0.48977390198516874,2.1353557053750696
82724,164,0.7370900511741638,1.893508791923523,1156,0.9184869716149093,2.968486767296735
62985,871,0.6528021097183228,1.8929869532585144,1069,1.3996990157418288,1.983660105296576
49491,633,0.7085232734680176,1.891945481300354,1163,1.366515976652307,2.118707078108217
146948,162,0.742074728012085,1.891494870185852,1124,0.7334199382051835,1.7698495513283459
47820,149,0.7408830523490906,1.890867829322815,1176,0.7374093081486106,3.2205486049482115
304312,254,0.7089265584945679,1.8899802565574648,1020,0.49007362352004624,1.6673407715188198
468103,650,0.693861186504364,1.8896455764770508,921,5.844101510675699,7.398474254421537
108680,341,0.6779995560646057,1.8887346982955933,1121,0.5321870529541358,1.9111293910978493
136652,138,0.735459566116333,1.888351559638977,1130,1.489425457552259,3.492173408984695
304308,155,0.7496286034584045,1.8874664306640625,1002,0.7286521780012968,1.663718956399119
130337,145,0.7485023736953735,1.8868671655654907,1133,0.31896145959452826,2.126078692974956
2024875697,210,0.6856849193572998,1.8868399858474727,576,1.1379546332117914,2.706693627695771
54423,814,0.6771971583366394,1.8868144750595093,1162,1.234523488020963,1.8250040945970316
316435,342,0.6947826147079468,1.8846009969711304,905,1.3184571212203597,2.317095683960981
1275803948,550,0.6052987575531006,1.8835982084274288,646,0.46897177915529953,1.9799342931608668
144031,152,0.7065272331237793,1.8823960423469543,1123,0.5014454160148983,2.987660956649732
432467,877,0.6212779879570007,1.879467725753784,959,1.3622347247034161,1.6943680874210763
445090,997,0.6296027898788452,1.878984332084656,948,0.2306344982120387,1.2928427946080485
83157,600,0.7429795265197754,1.8780301809310915,1144,1.4848068249385669,2.082458188844039
74819,761,0.6134403944015503,1.8778879642486568,1133,0.5671038135964904,1.1976062417806945
138776,132,0.7463730573654175,1.8777838349342344,1129,1.1767496977384033,1.7641775018418422
1926997590,334,0.6776999831199646,1.8777310848236084,582,2.524886441618539,4.540960798146449
341122723,126,0.7132940292358398,1.877689838409424,834,0.52531649498243,2.1319448558032454
228359,350,0.6667639017105103,1.8766455054283144,1070,0.7327674660889157,1.7222494944004971
110621,268,0.7119941711425781,1.875355124473572,1139,0.34620942007611066,3.1490207416913014
106107,316,0.6554387807846069,1.87441885471344,1141,0.8036234308503335,2.8295903478041966
178412,155,0.6999498009681702,1.8743702173233032,1090,0.4096192390039543,1.7904550284013012
185438,792,0.5417354702949524,1.8724183440208435,1098,0.49417197414308106,1.6360817577224047
41679,596,0.6369773149490356,1.8709321022033687,1183,1.2724106483341775,2.18897946554204
136651,168,0.7208960056304932,1.869670271873474,1130,0.6492829538213207,2.4564941590867964
104268,359,0.6654924154281616,1.86898672580719,1141,0.5221600901577671,1.2494056297469591
103858369,945,0.651683509349823,1.8688677549362185,892,0.26666830890946536,1.6878488192350733
136794,345,0.6645969748497009,1.86767852306366,1130,0.5291484739741606,2.065810971003204
85308,479,0.721725583076477,1.8668519854545595,1141,1.003195699416502,2.078743802929857
1134559216,583,0.5928014516830444,1.8665573596954343,670,1.0812666506777584,1.716077758950012
44015,533,0.6609976291656494,1.8661295175552368,1182,1.0417588647220166,1.9112129794091652
288704213,911,0.6750575304031372,1.8654149770736692,854,0.6099131327882374,1.4578248137819512
175670828,324,0.6457605957984924,1.8649200201034544,384,1.6510840563838147,2.0029365036479723
50520,611,0.7140645384788513,1.8645145893096924,1166,1.3347957233980878,2.141819493980805
52223,797,0.5898658633232117,1.863836228847504,1165,1.159897562982009,2.088685752069886
522033922,630,0.6190258264541626,1.8586094379425049,803,1.5100409925053424,2.388601447340974
78994,612,0.6638519167900085,1.8575569987297056,1158,1.3229725826012817,2.3833175094784154
91604,371,0.6474586725234985,1.857105314731598,1146,0.42631245117327105,1.7500586464471555
105969,280,0.6807852983474731,1.8559995889663696,1141,0.28448886431095327,3.311403592692301
45265,772,0.6171377301216125,1.8538244366645813,1179,1.2211362844786886,2.0850340761011528
51541,167,0.7141260504722595,1.8536368012428284,1169,0.8205821420260843,3.4519989047107997
135148,336,0.6717530488967896,1.8438461422920227,1131,0.9628195206377893,1.4904501308074982
230486425,921,0.6577098965644836,1.841433584690094,865,0.5116611887412045,1.2407232633927052
445150,755,0.5951486229896545,1.837674260139465,946,0.5256574384412737,1.8677493167146173
1392122281,667,0.6526572108268738,1.8375095129013064,625,0.9670848514877372,1.684304541476033
125094,633,0.6913926601409912,1.835908591747284,1132,1.4587013363669319,2.0256520441127606
44070,774,0.6595491170883179,1.8345462083816528,1168,1.5913299246648442,2.5741833074732545
81123,682,0.5251496434211731,1.8331278562545776,1157,0.5231998805630357,1.2737853067546316
49307,690,0.6042140126228333,1.8313620686531067,1122,1.1365333393871222,1.7968942028640102
49306,783,0.6362729668617249,1.8309091925621035,1173,1.3576088365453212,1.9732486037524792
398470004,844,0.6773010492324829,1.8260053396224976,831,1.0230268864105978,1.6128057115106238
1843602205,556,0.5749562382698059,1.8258002400398252,583,0.8711283701208321,1.895917476493171
41728,702,0.5963447690010071,1.8237478137016296,1183,1.4107572044831367,2.103092928300689
83654,886,0.6903281211853027,1.8209539651870728,1148,1.0680755831693238,1.6177889844928668
45266,613,0.6375683546066284,1.8108170628547668,1180,1.2923785125999092,2.039085691056673
145282,353,0.6114510893821716,1.8100071549415588,1118,0.78293903347892,1.6348520252669176
301577,222,0.6234491467475891,1.803428828716278,1016,3.0197806920052046,3.3561408016513785
1392150411,680,0.6401100754737854,1.802471160888672,625,0.7170661766067041,1.1041358023889876
1134563745,543,0.6360366344451904,1.800764262676239,674,1.5197986629423597,2.267114741243818
92824,286,0.6338516473770142,1.79440438747406,1145,0.5751200491089541,1.591582836398495
1930727419,271,0.6136081218719482,1.7940152883529663,580,1.6290322901980572,2.3550610664340597
93421,556,0.6362223625183105,1.7904137969017029,533,0.2156389926639529,1.4101570669066572
52152,657,0.6516323089599609,1.7875629663467407,1164,1.4517401534064616,2.1934388195257384
397995320,888,0.6468144655227661,1.7861032485961914,831,0.26741184890368713,1.4460380861921163
1394270038,636,0.6003997325897217,1.7748987078666687,625,1.1241507677015956,1.8944597249146036
75155,563,0.6115251183509827,1.7731654644012451,1158,1.2386749511119803,2.2980753540326546
89608,786,0.6346901655197144,1.770942211151123,1067,1.3487072364277388,2.021699655614237
1762793464,234,0.6093602776527405,1.766156554222107,577,0.980232283128266,2.801545135647064
1392115393,630,0.5803690552711487,1.758823037147522,623,1.3034553834481752,1.9040880119502277
2031487373,188,0.5987250804901123,1.75187349319458,574,1.3265080469745312,2.6138615888518815
1927879223,321,0.5604374408721924,1.742207407951355,580,1.7569865028553782,2.558341146425647
273000535,60,0.5977510809898376,1.7371478080749512,852,2.729438655024981,3.587433091572099
141592,535,0.5306116938591003,1.732527792453766,1127,0.6832488633543018,1.2268343083492705
741870996,554,0.6646010279655457,1.7262073159217834,754,1.4076195247518655,2.752117876371614
246623,57,0.6018672585487366,1.7082244157791138,1041,2.7407874058594976,3.304139532641536
311477,1059,0.5638437271118164,1.6941404342651367,1009,2.1716947373200206,2.2567742383854728
277635,810,0.4926032721996307,1.6735727190971377,1032,0.4306081895006047,1.3635586116670535
324984724,901,0.5834946036338806,1.662863790988922,845,0.6109508928736155,1.2452721411085825
47853,636,0.5674715042114258,1.6555384397506714,1097,1.3789912158314082,2.025510676638127
106140,522,0.4977294504642486,1.6519096493721008,1141,0.6867443369616673,1.174650407165113
2143088024,504,0.5381499528884888,1.6463968753814695,561,1.17435966636505,2.52448221963415
85375,963,0.6224650740623474,1.6442197561264038,1145,1.2671616773085197,1.620343268861502
228362,349,0.5978270173072815,1.63989520072937,1074,0.8646747655071538,1.628331590799163
49709,744,0.5817250609397888,1.6372524499893188,1171,0.9862293190478579,1.6476465328357581
133579,584,0.6321713328361511,1.6312873363494873,1125,1.6168827463227742,2.5704596098767465
179056,554,0.5566717982292175,1.6294847130775452,1025,1.8218655268881168,2.016694498808636
734194786,812,0.6257981061935425,1.6259391903877258,755,1.5549104704512922,1.844422208035873
44899,745,0.6126373410224915,1.6120226979255676,1109,1.4880735638238534,2.0940669639792984
56566,494,0.5595756769180298,1.6072468757629397,1162,1.0757947856313237,2.0035066524441336
137443,350,0.5916310548782349,1.6002233624458313,1129,0.48206044576544127,1.2001572266849718
72073,817,0.6478698253631592,1.5872740745544434,1159,1.5753143218582457,2.2760073204876314
2018290456,62,0.7543359994888306,1.5860106348991394,89,3.588134900060734,3.964408576804235
83164,781,0.5861424207687378,1.5621811151504517,1144,1.1774825254824142,1.8061807815270599
445013,896,0.6143993139266968,1.5175372958183289,948,0.8256759182748818,1.4719737454510684
48869,751,0.5975905656814575,1.5108540058135986,1171,1.5523468964825569,1.97724080800312
2025613638,200,0.5505104064941406,1.4965877532958984,575,1.7204292263297034,2.625245723521847
59750,995,0.4912066757678985,1.4882309436798096,1161,0.9341673279507899,1.9055129259876233
44959,682,0.6005953550338745,1.484793841838837,1177,1.4028708682502882,2.010585050688209
2143187511,109,0.6761709451675415,1.481811225414276,549,0.6466112150298274,2.3169301064552528
396073,996,0.536936342716217,1.4708029329776764,976,5.903266881958445,6.933822201917593
2142906570,57,0.6899448037147522,1.4655952155590055,377,1.9315389782155343,2.9936061130662215
126736,498,0.4682872593402862,1.452773779630661,1130,1.130601447000522,2.7751292158976675
108106,533,0.4736186265945434,1.4455071687698364,1122,0.5559038757846714,1.3351588819632987
52226,707,0.5803955793380737,1.4360210597515106,1120,1.3205466362527187,2.0073892363917953
2037237028,59,0.6525130867958069,1.4128125309944153,559,0.8765576604072312,2.7818482697054905
400751,134,0.6775850057601929,1.411272644996643,881,2.5516724261846324,4.246830677821367
219503,335,0.6260913014411926,1.370776116847992,1080,0.5849525700511502,1.120351114953606
2004512538,141,0.5946061015129089,1.1922633200883863,354,1.7261047635943525,2.4793127195617086
445016,843,0.58742755651474,1.139469891786575,948,1.0757921082423536,1.6258323439771316
1396291067,267,0.5202472805976868,1.1187307834625244,578,2.151132696278423,2.5046752612790772
652198059,216,0.5659575462341309,1.0798763930797577,160,2.325489642616535,2.3256864617137256
290696,344,0.6028898358345032,1.0720978006720543,1027,0.8611637181446896,1.5820101041040484
1911514255,330,0.5099055767059326,1.038990169763565,583,1.632857679387705,2.4185787912340304
504981,972,0.5930227637290955,1.0302394405007362,917,1.5848022413369607,2.1179520323098733
203835,445,0.5369671583175659,1.016701716929674,1090,1.7525691563320946,2.4967378931981923
1392111849,677,0.5625330209732056,0.9569300636649132,625,0.529329354176666,1.6122024219208937
139449,538,0.4800757467746734,0.8059420138597488,1125,1.4328581968178211,2.5935060707231625
2115010912,52,0.6060185432434082,0.7037252187728882,462,0.5522356673912256,2.070113396987752
1392109453,520,0.4473662972450256,0.6689914464950562,625,7.693072358692681,9.177364653170287
545742453,724,0.5421836972236633,0.6452348828315735,798,0.4518112465201104,2.049787039962049
1999533452,52,0.5559494495391846,0.5526086688041687,237,1.202538325873694,2.497546059678325
79631,674,0.4803367853164673,0.541668564081192,1154,1.0877674434394615,2.0302215486400472
1205118801,123,0.5913568735122681,0.4789714813232422,569,1.7877015958002638,2.304032128674497
463597124,422,0.5249351859092712,0.4627951979637146,817,0.6410117691815254,2.4819445628241223
652087224,215,0.1810086220502853,0.4436705112457275,160,1.6678822419803123,1.6685045617316863
2122414054,268,0.4565806090831756,0.4428483247756958,561,0.5539136974058745,2.1683890761612905
1811110380,509,0.4335640668869018,0.4412480592727661,583,0.3907018018515652,1.6838279498544284
469048357,824,0.5008601546287537,0.4305925965309143,816,1.0053133712650686,1.6504885266607063
1392378476,672,0.4578983783721924,0.3998746871948242,625,0.451657246296237,1.635681189269069
247031,91,0.4896606802940368,0.3746504783630371,1046,2.433058879479307,3.079190422141059
222663,219,0.4419602751731872,0.3109169006347656,1076,2.1212669591439766,2.9766239681231537
2144327386,177,0.4591564238071441,0.2974690198898315,558,1.2627193762094893,2.5600906068774374
2024552199,525,0.4828734695911407,0.2842695713043213,579,1.2944636950711417,2.7375636677006874
1540952550,400,0.4363318383693695,0.2834700345993042,607,5.639847889467236,8.07539796985836
137370,997,0.3777702748775482,0.2647380828857422,1129,1.2847807198483123,2.383263621368599
2025369805,192,0.4819509088993072,0.2592900991439819,576,0.8192934630128722,2.489914454092062
116281,602,0.5578455924987793,0.2514125108718872,1138,1.017145805206226,1.631828270089762
423811,1005,0.4479165077209472,0.2378106117248535,966,1.1422063608923192,1.5406262796318502
1396014786,137,0.5635635852813721,0.2322688698768615,601,0.8890262189652604,2.1537451485628463
137321,612,0.54227614402771,0.2260494828224182,1129,1.0058931010026906,1.601506877408533
358263,1025,0.4496779441833496,0.2241427302360534,987,1.2269434977425628,1.9181777999407386
325964428,899,0.5351723432540894,0.2223695516586303,845,1.1070497364611198,1.9275613773767162
186092,800,0.4251142740249634,0.1899706125259399,1101,0.7343699507532413,2.053208425700929
2005463137,289,0.3120724260807037,0.1700429916381836,415,1.0437948269537807,1.167521224292952
3180438,505,0.5298042297363281,0.1631135940551757,905,0.8358447304545332,1.2607544517200964
81515,198,0.5382582545280457,0.1613226532936096,1057,2.35102786996214,3.0507719610604953
138214,684,0.4840230643749237,0.1522414088249206,1129,0.9888636075617706,1.7451775984133029
57429,879,0.4210817515850067,0.1444515585899353,1157,1.150216265332881,1.6615202992561315
2142889291,62,0.5593975782394409,0.1423370838165283,447,0.18779248429372453,1.9457938331226305
184224,1123,0.3158676028251648,0.1324585676193237,1102,1.2949735823101842,1.9944042389743197
445014,962,0.4954665303230285,0.1169970631599426,948,0.32622466390168003,1.8388275385035984
604811667,605,0.4720703363418579,0.1093572378158569,784,0.47511869340166646,1.586293916592953
998271166,578,0.4102925658226013,0.105478286743164,701,1.264021563916428,1.984573934819765
1392166028,683,0.4468898475170135,0.1033029556274414,625,0.8044731774942966,1.6284945973141816
61570,686,0.4779884815216064,0.0992873907089233,1140,2.026299275842523,3.0108621702221474
2143538946,93,0.4911950826644897,0.097066044807434,442,1.4368608266607452,2.474724731000836
175330858,320,0.1109563782811164,0.0932161808013916,264,4.883362901911062,4.986603687374755
138414,338,0.3976263701915741,0.0905684232711792,1129,1.5719454893574165,2.2051643412318604
1392158625,683,0.3938878774642944,0.0875157117843627,625,1.1662303717342868,1.535080805326438
1843603032,325,0.3931240737438202,0.0858922600746154,578,0.7395411984725073,1.7908480885193765
307151,886,0.4674261808395386,0.0826316475868225,1018,1.246992917269258,2.383113567147351
2144926862,88,0.5277265310287476,0.0757631659507751,515,0.4962729153764414,1.929356418210262
83651,834,0.4079781770706177,0.0752174854278564,967,1.2684370384339245,1.7314182814689452
2025252532,90,0.3637887835502624,0.0675299763679504,504,1.5868012289393534,2.8974286981352173
2143894265,68,0.5154755711555481,0.0670756697654724,515,0.8814510109044239,2.027603951618098
2143284469,117,0.5541008710861206,0.0635437965393066,538,1.0770260793069435,1.9459383192620623
1987911828,72,0.5038518905639648,0.0628144741058349,577,0.5123801376105455,2.272758845732997
2116182225,595,0.4473435580730438,0.0561281442642211,565,2.9388444048016567,2.966181098866503
43199,991,0.4480108618736267,0.0549224615097045,1181,0.9960798994128129,1.8045285991936562
1358238076,690,0.3629469871520996,0.0490015745162963,632,1.3313389627688261,1.8864220424743612
1275774295,376,0.4106231033802032,0.0467370748519897,647,0.9743464438358717,1.843656031406228
138291,1141,0.4457255899906158,0.0449843406677246,1129,0.7020269147509237,1.2981164134971996
1692935183,631,0.4169190526008606,0.044753074645996,593,1.2861730909919649,2.001399983194334
2143042271,134,0.3892324566841125,0.0442046523094177,547,1.356047294980868,2.5352623365985303
1392108721,599,0.3791195452213287,0.0441926717758178,625,1.1670899187633696,1.9381257322573322
1014078763,228,0.4442217648029327,0.0419155955314636,614,0.5182937180914303,1.3138748534395326
2124324460,95,0.4513432681560516,0.0400079488754272,541,1.3520535624448264,2.0334756401393674
184692,961,0.4687469899654388,0.0394373536109924,1100,0.2741278475502087,1.9374762770474214
1987702666,159,0.4066088795661926,0.0393497943878173,337,1.1021303042226211,2.274507044774398
2142963027,106,0.4747506380081177,0.0392029881477355,552,0.8789997125705634,1.7240398262196117
604819271,583,0.4069078862667084,0.034720242023468,784,1.3627066038504547,2.127711218326333
604826102,384,0.4593533873558044,0.0341144204139709,783,0.48597181837104186,1.50604208941325
432481,987,0.3372627794742584,0.0333339571952819,959,1.6325243429734304,2.813734434830377
2143127568,114,0.4916854202747345,0.0320336818695068,514,1.2061625287823954,2.125702254380838
1996546658,64,0.4595467746257782,0.0317068696022033,578,0.896442317524786,2.2063910797117012
2143043523,75,0.4525202512741089,0.0305073857307434,526,0.9485747136237829,1.954705835596551
2080937864,125,0.3214321136474609,0.0302980542182922,566,0.5965441218853588,2.613524633816745
934053367,657,0.4106112718582153,0.0297870635986328,713,0.8279475963174769,1.8136586478940824
1989823879,87,0.4669770002365112,0.029235303401947,406,0.675852917401019,1.812672468229896
1097478214,411,0.4227896332740783,0.0288506746292114,681,0.8931790015627002,1.793598597135792
1991549249,62,0.4469762444496155,0.0279442071914672,407,1.5691176712566208,2.2465694841844357
2142983325,85,0.467085063457489,0.0279129743576049,559,0.4439053320243733,1.6867366853946673
1752918060,452,0.3782943487167358,0.0275536775588989,586,0.9945248659724713,1.9104430987993835
2144647498,98,0.4704444110393524,0.0273810625076293,451,0.855011632763273,2.1118424021958635
2143625101,104,0.4423508942127228,0.0273523330688476,553,0.34418361051116536,1.8347649659937555
1392116387,418,0.296727180480957,0.0266712307929992,623,1.3047580343909446,2.133192375495417
2143034987,51,0.4422607123851776,0.0263314843177795,240,1.1461451167081729,2.3986205059990153
1992054674,76,0.427201509475708,0.0263075828552246,481,0.7424019309866827,2.0068029551760644
2142862543,66,0.4787822663784027,0.0244804620742797,291,0.5982948814003006,1.7461900031002973
2144685155,88,0.4421942830085754,0.0236844420433044,553,0.5942903580512587,2.5065577349325436
1694289404,309,0.3337711691856384,0.0236480236053466,589,1.432597673206088,2.0906315626965037
1205025210,364,0.3073831796646118,0.0228925347328186,657,0.40153494920839716,2.4005596926502784
83121,584,0.4328409433364868,0.0226975679397583,1046,1.7299059016082963,1.9736333066977028
2143415659,81,0.4588271379470825,0.0210856199264526,553,0.5923030793161751,1.8785984853571154
2145320869,77,0.4240972101688385,0.0208904147148132,466,0.5534227456308951,1.8290062885030802
733627725,452,0.3643746376037597,0.020609974861145,755,1.2007212741222748,1.7156844014719002
1995077852,73,0.4712876379489898,0.0195260047912597,361,0.9863253664947585,2.075036648006997
1987252150,77,0.4104607999324798,0.0193066596984863,509,0.8926864499900159,2.037058181386583
1994519881,70,0.3951582908630371,0.0179845690727233,549,0.5376291959645948,2.3922357748503082
666355503,248,0.4155268371105194,0.0175678730010986,763,0.3135582629918557,1.0000769908489164
201509,167,0.3714528381824493,0.0175569057464599,1064,0.5164787591339713,2.1739234665805656
1987520262,173,0.3873368203639984,0.0174232125282287,564,0.40867094466963155,2.067419637532883
2130871852,131,0.4527476727962494,0.017035961151123,518,1.2584113535749617,2.3678621584595594
61416813,949,0.3793188333511352,0.0151594877243042,901,0.8501864906390466,1.9926981604431513
1991612891,151,0.3522670269012451,0.0130476951599121,265,0.9282477912889792,2.379618755410911
1991346749,103,0.4078706204891205,0.0121621489524841,572,0.5865884915311464,2.3536334439544686
2143158286,64,0.4064634144306183,0.0119242668151855,547,0.9033582487301047,1.8136565046121025
104634312,946,0.3158277869224548,0.0115708112716674,891,0.5030071341684906,1.1897531636923993
1989741024,88,0.3700999915599823,0.0106063485145568,579,0.2646277392968264,2.152527186801403
2143135677,76,0.4064512550830841,0.0103312730789184,401,0.9581624453016235,2.1233367025647834
2031571516,111,0.4052892923355102,0.0101215243339538,565,0.9036476997488632,2.0048280182477667
2142975173,88,0.3735346496105194,0.0099363327026367,546,0.22146305348380774,1.9040030706864526
1995340955,90,0.4128913283348083,0.0097485184669494,556,0.39918057782886057,1.9337092867965193
1461067817,155,0.3881243467330932,0.0097043514251708,561,0.30498752734695156,2.1016391323084
2143262003,119,0.3833916187286377,0.0096917152404785,517,1.1582240757119941,2.2852719117105935
1987144612,81,0.3498758673667907,0.0092329382896423,534,1.2428815164144247,1.8758800451516962
1991105749,76,0.3074762523174286,0.0092043876647949,491,0.6361476351014421,2.2532803196866773
1989271490,72,0.3639780879020691,0.0091633796691894,457,1.280856713613885,2.023421137720659
2142979706,80,0.3301358520984649,0.0087370872497558,545,0.7876965196189083,2.395779922309484
1711194660,106,0.3498456478118896,0.0082334280014038,575,0.6086951317861701,1.6691824531496489
468412982,846,0.2637408971786499,0.0080952048301696,816,0.5328604880397463,1.302010937605507
2143043015,114,0.4042622447013855,0.0079470872879028,534,0.7569865882734128,2.0366147663883725
2141705717,127,0.3785707950592041,0.0078130364418029,557,1.1578998950538255,2.3694508525567386
2133164326,91,0.3434543013572693,0.0077572464942932,432,1.4818039135862926,2.003335633801862
2004806456,62,0.3003903031349182,0.0076905488967895,527,0.8517225679533107,2.2401752494454232
2142871178,73,0.3817977905273437,0.00766521692276,468,0.842389181256186,1.6037683673174283
2144002217,83,0.3354544937610626,0.0072091817855834,492,0.7169542791074301,2.3837689329200606
2144442271,90,0.3247801661491394,0.0070338249206542,545,0.6084798343452859,1.9907740237273606
1457851082,166,0.346773624420166,0.0068976283073425,611,0.6367591235491152,1.9455560868495867
2142867551,68,0.3244514465332031,0.0064772367477416,469,1.0059475173489574,1.774251755931799
1952538017,385,0.3235325515270233,0.0063705444335937,582,1.4417541673978045,3.2082222836526215
2135994165,121,0.3463122546672821,0.0062105059623718,556,1.157326550477316,2.4740749624022254
2143523362,107,0.3585974276065826,0.0062073469161987,471,1.269686851663732,2.040352847011318
41480,799,0.3454899489879608,0.0061370134353637,1184,2.1215520687628646,3.343732664239405
1993857364,83,0.3181636035442352,0.0060656070709228,491,0.8259212444791507,1.7063935495891915
138540,713,0.3606561720371246,0.0060498714447021,1129,1.5366246667456955,2.0818777752906414
1991420364,77,0.2883444726467132,0.006001591682434,568,1.173735922136628,1.8602158893147833
2024380837,354,0.2666342556476593,0.0059662461280822,579,0.8211597532533987,2.3471606497698763
399138589,416,0.2997164726257324,0.0058729648590087,829,0.5007102092776874,0.979721349166896
2143741119,84,0.2876042425632477,0.0057961344718933,524,0.5819787920402212,2.0878492767402057
1991259002,106,0.3437516391277313,0.0054274201393127,536,0.830498604022011,1.8087050975235714
482617,950,0.2271804064512252,0.005377173423767,917,0.5419382924453097,1.249822696959818
1987144907,89,0.3344089090824127,0.0053726434707641,540,0.6999694098955385,2.046848620384631
1995459795,75,0.2551282346248626,0.0052987337112426,499,0.7489071647444924,2.0729823535430127
103032,481,0.3136810064315796,0.0052530765533447,1122,0.8988172292216848,1.7533751267302613
1827675970,225,0.2625724077224731,0.0052160024642944,580,0.4328160884439145,1.810751440262746
44755,847,0.1456627696752548,0.0050374865531921,1181,0.715087797636837,1.7510619072362508
571016844,760,0.2772634923458099,0.0050283670425415,792,0.4014000441498016,2.178360644253745
125505,874,0.2116781622171402,0.0050017833709716,1136,1.546346923598308,1.922890790455404
2001006780,87,0.2844051420688629,0.0048836469650268,543,0.5687749387383302,1.988665754384169
2144524567,80,0.2711237967014313,0.0048534870147705,460,0.7795275770392662,2.0631275942627623
1988507090,76,0.2592566907405853,0.0045977234840393,455,0.8752985047293684,1.9209522126978797
2024380045,515,0.1976367831230163,0.0045741200447082,579,1.4895479828856426,2.839801974094233
2142872590,119,0.2996858656406402,0.0045017004013061,552,1.0089177712684598,1.990660229314245
1469464191,163,0.3172434866428375,0.0043746829032897,600,0.9347729950107064,1.4976323084829346
2142864762,92,0.3062556385993957,0.0043448209762573,454,0.6119567332767337,1.9052177229108962
2142889426,107,0.3293223679065704,0.0043404102325439,442,1.3230655135007647,1.891190092208587
1991634061,76,0.2594776749610901,0.0042741894721984,420,0.8280237021004944,1.9617106600178087
2142869047,92,0.2788815498352051,0.0042205452919006,538,0.39543314583359523,1.7894742476249494
1995027703,82,0.2766876220703125,0.004206895828247,464,0.4464198067154833,2.0269451468467894
2144014952,96,0.2985960841178894,0.0041895508766174,556,0.7538604469950211,1.8386761563642537
2143761423,92,0.2549293935298919,0.0041106343269348,535,0.5876425944204209,1.97703183696494
833397230,468,0.2748298346996307,0.004095435142517,735,0.5861438961574633,1.9429169287487618
2143064431,94,0.3083941340446472,0.0040602684020996,405,0.4489476046483048,1.7172819955375966
2143380362,103,0.2618186175823211,0.0040433406829833,535,0.8805152174386215,2.068379970329236
604932255,282,0.2984148859977722,0.0039120912551879,767,2.225708640749999,2.7960661514941747
1987752045,182,0.31581512093544,0.003848373889923,579,0.4078802518402874,2.0903740444489007
2143275743,88,0.1310304105281829,0.0038337707519531,537,0.6021945174729402,1.8569063192266937
2144082632,96,0.2586379647254944,0.0037729740142822,447,1.149089999585676,1.7559971702305324
1987229794,77,0.18954798579216,0.0036007761955261,545,0.7588261477927777,1.948033856223073
2143173012,77,0.1702942252159118,0.0035676956176757,524,0.7233313485735687,1.8145956160068792
2143630788,112,0.2875357568264007,0.0035063624382019,543,0.30228658464496666,2.0988576700633477
1995575821,70,0.1132535189390182,0.0034895539283752,458,1.061733312183843,2.214632105836974
1823996663,175,0.3675379157066345,0.0034626722335815,526,0.6808388351131738,1.744402445366447
1991476109,96,0.0383031368255615,0.0033835172653198,545,0.3460970229881194,1.8947091463333223
1498684356,97,0.0003932728723157,0.0033798217773437,461,1.549816725742918,2.5107218051318987
1987268065,168,0.3146886825561523,0.0033425688743591,450,0.27401226302170645,2.1885087244977477
1469495674,175,0.3261113464832306,0.0033108592033386,507,0.6537159568026915,1.6043435257216883
929358148,772,0.3251028954982757,0.003279685974121,714,1.351756679557979,1.5714075926177111
1999212060,94,0.3016307353973388,0.0032703876495361,369,0.7300002221502695,1.8213804038714
2143122267,51,0.2089980393648147,0.0032687783241271,244,0.7750372475844423,2.104989340886791
2145679643,79,0.1766179502010345,0.0032199621200561,449,0.6910283320836149,2.0003825200386913
2144294743,58,0.2087785601615905,0.0032179355621337,249,0.9456839348329485,1.972855411944849
360568,813,0.207472413778305,0.0032058954238891,987,6.088347364126719,7.209277245271581
1987254272,92,0.2291900217533111,0.0032025575637817,555,0.6075625678509455,1.921334687696723
2142978690,89,0.2195994555950164,0.0031923055648803,462,0.4679690304222063,2.1882708446991224
1993840494,98,0.1882561594247818,0.0031133890151977,575,0.2495053385616921,2.200476963064638
1987909870,78,0.236603707075119,0.0030156373977661,410,0.9846138798674882,1.7999911232650778
2143733412,109,0.1780613660812378,0.0029858946800231,547,0.9218152723608953,2.0376743084988944
1991602349,158,0.2803471088409424,0.002981424331665,493,0.964907866827892,1.716972631686089
545742922,803,0.2403880506753921,0.0029603838920593,798,0.7226433558580772,1.2943882365216042
1991299581,86,0.1759295016527176,0.0029594302177429,479,0.5610450841826825,2.0554498437755075
2143272660,93,0.1905573308467865,0.0029348134994506,511,0.8496110608917405,2.1273026959797328
74446706,78,0.0325507000088691,0.0029326677322387,471,0.5626116596540983,2.472977320934026
2144585209,62,0.2495254874229431,0.0028761029243469,246,0.9677217360890445,1.9017304975641176
2024350779,209,0.1965866684913635,0.0028753280639648,569,0.859969765201233,2.655374349292391
2142871916,120,0.1183635592460632,0.0028603076934814,546,1.1269308711090813,1.7445508652509505
2010792544,135,0.0515977181494236,0.002838134765625,547,0.5812917060687278,1.482129280654083
1987176585,130,0.0465208999812603,0.0028133988380432,583,0.494421871786416,2.0589537137851277
1991108973,91,0.2682251036167145,0.002784252166748,518,0.498745644722332,1.8366277684018348
2144302994,104,0.204309269785881,0.0027482509613037,506,0.3321130553849456,2.229349659489942
2142923688,100,0.2163866460323333,0.002704381942749,547,0.5140749405929227,1.51423313586399
1701215203,387,0.2532598078250885,0.0026663541793823,592,0.9607360751747032,2.159204650509361
1995309178,95,0.122108407318592,0.0026634335517883,416,0.6739451383821958,1.5927415203866877
2142892391,65,0.0908176004886627,0.0026593208312988,273,1.1548277285494313,2.0439266240638707
2144140985,81,0.1714340895414352,0.0026572942733764,397,1.0727521383392107,2.045475225242757
1991800912,81,0.0806654095649719,0.0026516914367675,356,0.8915556427561466,2.354882159243303
1991808602,113,0.2656172215938568,0.0025612115859985,560,0.7159940177858047,1.698872540584571
2115051579,71,0.1405168175697326,0.0025557875633239,385,0.33818305529363923,1.8049921882352076
2146115108,59,0.1119986921548843,0.0025191903114318,229,0.9986350711803066,1.8095940041163916
1987223653,171,0.2514668107032776,0.002517282962799,529,0.42544899296002814,2.157917141306325
2142865165,106,0.14486725628376,0.0025168061256408,517,0.41027627679945655,1.5765322833986335
2145553315,73,0.1903684586286544,0.0025010108947753,350,0.5113405096897129,1.8926875159383298
2114988405,187,0.2012671530246734,0.0024771690368652,485,0.7837632986951557,2.400437977499491
1987620416,112,0.1433377563953399,0.0024746060371398,573,0.4601407925277313,2.0590282133494022
2145320555,123,0.0762973353266716,0.0024709701538085,558,0.5416195798962259,2.121744010569264
2143051894,123,0.0492022596299648,0.0024508237838745,538,0.8139426802583994,2.0356367402997666
1055903707,633,0.2186521589756012,0.002442717552185,689,0.3590333203753835,1.9224438903533354
2143190387,145,0.0313221029937267,0.0024375915527343,559,0.7305558182517242,2.0358624123045805
1994993093,106,0.0865003019571304,0.002387523651123,484,0.8263912851668863,1.9383254422686655
2142865769,141,0.319173127412796,0.0023805499076843,557,0.5654393041440029,1.7411682660108465
1272941558,144,0.0037176860496401,0.0023786425590515,567,1.1728235312534998,2.3409384326895424
1467424072,172,0.1634704619646072,0.0023645162582397,596,0.34500525954989064,1.6147532892586147
828590350,586,0.2030721604824066,0.0023587346076965,736,0.823457978990851,1.754160830571214
2142863965,125,0.0458563640713691,0.0023558139801025,540,0.1603954809740122,1.7411549705483915
2042833435,87,0.167052686214447,0.0023447275161743,337,1.4388923650224898,1.885207497721864
1987411202,141,0.0497746281325817,0.0023143291473388,531,0.6936060429453305,2.0821104028721082
1987175449,111,0.0557649172842502,0.0023063421249389,420,0.5477242771985097,2.0398639272113868
2142871570,119,0.2070211470127105,0.0022904276847839,556,0.40293119669273,1.7944335443161976
58594608,921,0.2128783762454986,0.0022892951965332,901,0.5457823305772715,1.185294599823084
2143991583,68,0.3129109442234039,0.0022687911987304,288,0.6890714742187354,2.0988610479755647
2144220949,92,0.0758065655827522,0.0022665858268737,292,1.1881117056376638,1.8895433361986118
2024371886,217,0.2138978391885757,0.0022615194320678,576,0.6865215744848413,2.463003327807929
2143964449,117,0.1103938892483711,0.0022558569908142,469,0.9795110419927574,1.7402497062361761
48496,653,0.260679692029953,0.0022423267364501,1171,1.1380022560012764,2.2439632289652787
1995132728,108,0.2215020358562469,0.0022352933883666,557,0.5400635418393269,1.946356508600806
2144262403,102,0.101951815187931,0.0022264719009399,391,1.0281021042515588,1.930443182809882
2142866117,125,0.0368250720202922,0.0022113323211669,519,0.1973214245849275,1.8523620849005735
1468360565,165,0.2390174120664596,0.0021954774856567,607,0.3438896446704896,1.931513510566548
2142888717,127,0.1918337196111679,0.0021936297416687,555,0.46206053380349554,1.8081129799162132
234571930,866,0.2192611098289489,0.0021919608116149,864,1.1311918821968154,1.6128217329366135
1987622216,145,0.0574137233197689,0.0021822452545166,579,0.5495747500384786,1.7242166202170963
2132605814,124,0.1838308274745941,0.0021816492080688,527,1.013097402607814,1.8549985661160788
2143565504,103,0.1760667115449905,0.0021765828132629,546,0.3318280708564274,2.0803195596460777
2143516442,161,0.3024415075778961,0.002166748046875,526,0.6547709540393059,1.8022704891195016
1994983423,99,0.1268148422241211,0.0021561384201049,486,0.6577519395009559,1.8114685479161443
2143009284,117,0.1881937086582183,0.0021553635597229,546,0.4302766421150078,1.5781362446513627
1987131830,110,0.1535031199455261,0.0021519660949707,568,0.4444022024503229,2.0280692614818947
2143069221,100,0.1188902109861373,0.0021504163742065,406,1.0870358659427866,1.924351533884395
1918912825,105,0.1427403539419174,0.0021374821662902,465,0.9404976179232907,2.217087367258565
1457969738,160,0.1136934012174606,0.0021213293075561,504,0.4014521660023837,1.8724894678788193
1987418229,88,0.189152643084526,0.0021140575408935,398,0.7089457446831138,2.093909916498871
1991113910,145,0.0560724921524524,0.0021120309829711,583,0.5075055443317237,2.0131483696349015
1992441063,83,0.0420808270573616,0.0021049976348876,339,0.4453773219328685,2.1497158964992664
1992061029,71,0.2417495399713516,0.0021035075187683,282,1.3590407407210081,2.1188105700612936
2137167889,138,0.0096742985770106,0.0020993947982788,449,1.0224323253457424,1.6380386359324948
1478450651,155,0.247248500585556,0.0020833015441894,596,0.6953510849109661,1.860588627334037
1989724925,126,0.2771705389022827,0.0020797848701477,566,0.5911325838215877,1.834248776947571
2142865224,123,0.0631225928664207,0.002072274684906,462,0.4502068961183713,1.6286223773440858
2145378349,79,0.0856770053505897,0.0020695924758911,290,1.016362176386316,1.872445480137496
1715706107,189,0.2582931220531463,0.0020613670349121,587,0.7085755561202277,1.7105698948453616
2135742153,100,0.0326919555664062,0.0020599961280822,284,1.5297049348478278,2.0093075532296827
1905231687,414,0.2157107442617416,0.0020593404769897,583,0.4910534262125568,2.0574815649185925
2143628194,138,0.3043383061885834,0.0020568966865539,553,0.7300483514243337,1.765687454954536
1707158047,212,0.007124921772629,0.0020537376403808,587,0.4345152110035503,1.4797377007095822
1987518577,140,0.0775426030158996,0.0020477771759033,550,0.2808725821093082,2.027743915951297
1458542893,203,0.0668035298585891,0.0020460486412048,608,0.5469178462941812,1.5122338458295286
2004505358,93,0.1153362244367599,0.0020408034324645,362,1.275550306011054,2.1480012203239016
125851,669,0.3468859195709228,0.0020343661308288,1136,1.693811260111332,1.893654838861886
2143948830,125,0.2270723730325698,0.0020111799240112,497,0.9210246220052545,2.2070121989213956
2116890198,164,0.060202345252037,0.0020064115524291,560,0.5077352499440829,1.4744152774426356
2097503866,167,0.0026212718803435,0.0020051002502441,557,1.1556054707104544,2.2099287478667478
1990415460,106,0.1634779125452041,0.0020045042037963,477,0.3863544203150704,1.861700454341822
1992203537,149,0.0513370037078857,0.0020039677619934,567,0.5813040643136332,1.701824039774322
1991396907,164,0.0367904417216777,0.0019863843917846,540,0.46095912266716527,1.7932401228572825
2143036041,136,0.0990505665540695,0.0019806027412414,474,1.0846288290634258,2.217185244974484
1995833961,123,0.08641367405653,0.0019777417182922,580,0.2283148867791671,2.0052296861504053
1096169339,739,0.1021145731210708,0.0019744038581848,681,0.9685882922910325,1.9978876262776715
2142868906,122,0.1381309479475021,0.0019458532333374,464,0.7488500020743728,1.5209564854079733
2143354344,128,0.0603858679533004,0.0019426941871643,532,0.9457184790033039,2.032185527347064
1991111049,137,0.1402348577976226,0.0019388794898986,541,0.8674186420254208,1.7672869672919054
1987842515,198,0.0472649596631526,0.0019363760948181,555,0.5049008120212853,1.9826096436292644
2004416469,106,0.1869683861732483,0.0019350051879882,415,0.37755470341003156,1.8044398988571053
1457966526,156,0.1816890388727188,0.0019251108169555,505,0.9624403897647248,1.759714180174567
2143402310,150,0.1118617802858352,0.0019212961196899,559,1.125332208579944,2.176689764923327
104268448,463,0.302100658416748,0.0019202828407287,892,0.4922206615380692,0.9469298166400939
1991301827,154,0.0756423845887184,0.0019004344940185,579,0.5050042175507958,1.7952220504834426
2144719461,137,0.1163945123553276,0.0018963813781738,552,0.7251309106525601,1.8789293210775924
1988034686,129,0.2332585602998733,0.0018759965896606,542,0.714722448803952,1.8096745880904366
1991727130,157,0.0234942138195037,0.0018601417541503,455,0.5680655890625957,1.813483773294755
1392108713,683,0.045284055173397,0.0018583536148071,625,2.628368571479698,3.0479551399453664
2115623529,127,0.1995042413473129,0.0018556714057922,506,0.5305713519468641,1.3983632800270156
1467675339,179,0.118924356997013,0.0018509030342102,611,0.59501093107879,1.8235688913815566
2143148881,55,0.1985137015581131,0.0018483996391296,197,1.2157357725605968,2.01741472625444
83068,773,0.3141863942146301,0.0018397569656372,1149,0.7000955786360248,1.2164844051786963
2135002231,190,0.0034682636614888,0.0018309354782104,470,1.2246446208652444,2.3587548747799256
1988824941,84,1.167730516726806e-07,0.0018020272254943,175,0.9224157711765902,1.909041395458811
2004745213,148,0.1861484199762344,0.0017999410629272,561,0.7736379018982137,1.6960829268197388
1778235997,516,0.0023806490935385,0.0017769336700439,583,0.7004435148850486,1.7447388370299814
1468470383,181,0.197526678442955,0.0017743706703186,591,0.4502051160174812,1.4230954087686065
2142941753,186,0.0171213373541831,0.0017720460891723,560,0.5254770457085061,2.1060739620787983
1996439338,78,0.2126970887184143,0.0017698407173156,327,0.5688985282289062,1.8630997746903757
2140907184,119,0.0064859236590564,0.0017674565315246,271,1.1490544957238964,2.388517661219738
1607880749,128,0.0664528682827949,0.0017666816711425,568,0.5156374397730286,1.9475405797839458
1930249962,165,0.00989930331707,0.0017656087875366,447,1.2137124816667864,2.2193173888497455
1987150762,74,0.1200753077864646,0.0017597675323486,233,0.8273060045542641,2.0433555869838074
988816094,209,0.0381421670317649,0.0017397403717041,618,1.5292159115646249,1.8920066913620837
2143201418,123,0.182868555188179,0.0017322301864624,559,0.4862331662497388,2.0435977214909617
1987174228,176,0.0253291558474302,0.001729130744934,547,0.2094185575788834,1.8913207719482812
2143685820,127,0.1803679317235946,0.0017289519309997,524,0.4439035628567161,1.9487316214813848
2143076342,205,2.2030965283192927e-06,0.0017241835594177,557,0.3885728475470071,1.8236719932947232
2126685107,83,0.2070520222187042,0.0017196536064147,271,1.5507236903655268,2.1389382444757596
1604777177,112,0.145267903804779,0.0017192363739013,332,0.4716191892305981,1.8076617761306741
2030781272,209,0.0047950646840035,0.0017170906066894,573,0.5241584988081255,1.8435920233990033
2115364617,106,0.0238722246140241,0.0017157793045043,242,0.736819802866144,1.5508952466172399
2000268494,79,0.1347527951002121,0.0017040967941284,281,0.8116415378903413,2.1415914971775463
2142945257,223,0.0004882465873379,0.0017009973526,557,0.642109229602701,1.8272836996680197
1594960231,660,0.2518589794635772,0.0016998648643493,602,1.5720018921013426,2.012782620926463
1459749150,73,0.1160290911793708,0.0016973614692687,290,1.9049286667786716,2.114533285201062
1987660807,180,0.2271184176206588,0.0016905069351196,550,0.45719351232687633,2.1211972641644623
2137007065,164,0.1043540686368942,0.0016903281211853,534,1.1225240984808869,2.4340664108302703
2146807181,159,0.0763060227036476,0.0016870498657226,539,0.6457398415402079,1.636425767109111
242856,704,0.2792983949184418,0.0016826391220092,1046,1.129892879098476,1.7749342712269938
2143754663,90,0.1580143719911575,0.0016814470291137,334,0.614602005744553,2.1730506956643394
2004990007,208,0.0309768188744783,0.0016743540763854,576,0.5707701233945421,1.6462873399527238
1987873492,91,0.1900459975004196,0.0016650557518005,374,0.9260603922204969,1.999881314564546
1995425566,119,0.2546027302742004,0.0016590356826782,510,0.4166440898623077,1.9442974219905573
2013281126,141,0.2859981060028076,0.0016568899154663,553,1.2913227349697733,2.164859153142751
1987668180,179,0.0555765107274055,0.0016567707061767,579,0.4027962613067769,1.9733459345935194
2114999058,185,0.0482020005583763,0.0016270875930786,563,0.7515763422566042,1.7870021814097752
1599497612,272,0.0050618732348084,0.0016262531280517,599,0.428940014762146,1.4910812981287993
1991081149,189,0.1217589601874351,0.0016212463378906,492,0.6762322581232966,2.022799950681696
2138439191,162,0.0396312214434146,0.0016167163848876,518,0.7037166209623769,2.4490297570557082
1844007268,251,0.2918750345706939,0.0016082525253295,563,0.598975171980052,1.8613450939987235
1467280664,184,0.1440401375293731,0.0016064643859863,522,0.23178851470636008,1.791190961784396
1987123233,183,0.0598556213080883,0.0016061663627624,562,0.9702952991440827,1.8700886736521969
2142925611,209,0.046849351376295,0.0016031861305236,556,1.2032247056999634,2.0710056850851006
2115028561,184,0.0972837284207344,0.0015980005264282,527,0.9314613275727361,2.24751696622907
2143550350,152,0.2803554236888885,0.0015966892242431,555,0.7308231273690404,2.0267177127556466
1620637266,217,1.750204461359317e-07,0.0015965104103088,595,0.46613700721274526,1.91171866809133
1458718817,286,0.0007047515246085,0.0015861988067626,604,0.3927861852197524,1.4642934354884947
2143071110,149,0.1909528523683548,0.0015849471092224,549,1.297868973198078,2.0137122632251536
1869575398,247,4.562721369438805e-05,0.0015827417373657,569,0.5758292575540523,1.4810658032271098
1987168302,216,0.069635160267353,0.0015814304351806,570,0.40076936555283493,1.8154594105526176
1995585372,107,0.1825184822082519,0.0015782713890075,402,0.6556002261341062,2.0015709735941787
2142882688,126,0.0790073871612548,0.0015749931335449,452,0.43375063384047796,1.5757979520266725
2136125772,163,0.1266884505748748,0.0015690922737121,519,1.3565885198382215,2.3119332653640012
1987221089,191,0.0570134371519088,0.0015647411346435,563,0.44290161299414454,1.7139972371777195
1991076062,171,0.0804136618971824,0.0015538930892944,572,0.4551751261932277,1.9972448428082017
1987255026,209,0.0178299732506275,0.0015528798103332,579,0.6763787115202747,1.7022605647538156
2131652080,135,0.1417931765317917,0.0015398859977722,477,0.8733755852992225,1.7976616429381214
1991081588,246,0.0017237344291061,0.0015331506729125,521,0.7773583685207371,1.7983965607811951
2004708554,152,0.1735813915729522,0.0015180706977844,546,0.44598380661638587,1.9312880751361512
1822114118,194,2.8111220672144555e-05,0.0015159845352172,558,0.535558605981292,2.071014913559965
2143738732,60,0.0959363728761673,0.0015152692794799,172,0.9979694793173317,1.9826463215186618
139448496,813,2.8219339753832173e-08,0.0015147924423217,804,0.56412782726284,0.6258403505600625
1987270037,115,0.2260592579841613,0.0015034675598144,477,0.4004162453881162,2.025132282413385
2137266817,96,0.0919709801673889,0.0014999508857727,232,1.6145644728047037,2.4004655907550663
1987139515,157,0.1084200963377952,0.0014995336532592,582,0.46229653815011595,1.7849154202169533
2115028549,188,0.1423243731260299,0.0014960169792175,481,1.0292974255573155,2.3258790232691937
606042217,840,8.862039574397683e-11,0.0014828443527221,783,1.6912207596914204,2.1245645570599234
799540388,793,8.876989421313651e-11,0.0014827847480773,742,1.5427677145129295,1.8842075753673155
1420689112,226,0.0250915791839361,0.0014798641204833,619,0.5723968719617438,1.7701868248401131
2130921131,210,0.0328556708991527,0.0014706850051879,560,1.047816268731826,2.398280946450884
2046711949,290,0.0073040043935179,0.001469612121582,575,1.4560664541112749,1.7799591412854883
521134786,821,0.1694032996892929,0.0014691352844238,804,0.46328156002884124,1.5004457921420367
2137989769,156,0.1380234658718109,0.0014650821685791,556,0.6039677935003193,1.5667529819597021
62571093,936,9.912175247261955e-11,0.0014650821685791,901,0.3681265075995675,1.7504136030291306
1987639313,299,0.0009729050216265,0.0014602541923522,580,1.0525178878372843,1.831450979605547
1710823625,271,0.0152171570807695,0.0014600753784179,584,0.4295250190143949,1.4802008539355045
2015366771,146,0.2110855281352996,0.0014592409133911,562,1.2544627033670706,2.2707756893389144
1921346548,217,0.0190198235213756,0.001459002494812,573,0.3353810528973226,1.5155162111494167
1466403955,186,0.1622719168663025,0.001457929611206,602,0.25885428747360345,1.5541696094596205
2144726844,281,0.0004483844095375,0.0014572739601135,559,0.4589666771934503,1.296910864476709
2005219963,234,0.0012260201619938,0.0014548301696777,578,0.24140567658718262,1.6700584671743846
618476647,805,9.420832863815676e-11,0.0014458894729614,780,0.4221679029084478,1.6994946422873147
1392110762,671,1.0128609062576288e-10,0.0014386177062988,625,1.2395429389354995,1.8449787889520626
798724030,742,1.0497710339896216e-10,0.0014201402664184,740,0.736944677892346,1.5430713590712364
1987145112,191,0.0552865527570247,0.0014188885688781,579,0.44959725396479366,1.940720505269079
2143173429,154,0.097673125565052,0.0014172792434692,523,0.7365951684575098,1.9170512624815628
1404812794,228,0.0822553634643554,0.001416802406311,619,0.38372278437521284,1.571108865977307
1790909512,307,7.834146664720265e-09,0.0014148950576782,581,0.285381353264711,1.4685202484773123
2047992045,539,1.1193480170534895e-10,0.0014144778251647,575,0.8764811452330575,1.5098224552512425
2142880544,182,0.0237609781324863,0.0014138221740722,476,0.8327846272297432,1.9102582936829817
1992049467,547,1.149309813985866e-10,0.0014123916625976,583,1.3727200386880314,1.9007880130540242
1392116638,310,0.0035608226899057,0.0014123320579528,612,0.2751478727032662,1.4116567807744824
521670735,342,0.0390485525131225,0.0014073252677917,719,1.4304941017458779,2.7965414455929833
1989739736,274,0.0005234251730144,0.0014059543609619,571,0.7851870904256376,2.0258481929029304
798504806,733,1.3279295718593429e-10,0.001404583454132,741,0.7931930668538694,1.4418557817069335
606456161,750,3.0443522702761067e-10,0.001399278640747,783,0.5955603854348848,1.5313376753663288
1459267951,216,0.0719146206974983,0.0013985633850097,503,0.7010694354665756,1.686451013640105
1989738546,182,0.1226449012756347,0.0013966560363769,583,0.7390208529577864,1.8367088370704763
1730913204,294,7.869735973997649e-09,0.0013941526412963,585,0.3444995806646457,1.6527163242959926
799030092,733,1.3445258795208304e-10,0.0013920664787292,742,0.5003626057877508,1.5878020297088158
398506290,837,0.2062506675720214,0.0013905763626098,831,0.5764228313475979,1.297815849993235
606126946,797,1.5249237983461228e-10,0.0013903975486755,783,0.469883283201981,1.6128522063836068
2137339553,148,0.0238376930356025,0.0013872981071472,386,0.9440374456138194,1.8018379689094979
1987720915,363,2.903029761025522e-10,0.001383900642395,578,1.1732795519803738,1.7089575360242069
42949,317,0.0545787550508976,0.0013813376426696,1083,0.8255077568463969,2.1143666510233308
2142911167,375,2.3409649219097157e-10,0.0013746619224548,560,0.5199955632471259,1.7042948972670384
2131678496,156,0.1666955947875976,0.0013735294342041,556,0.6791565295294125,1.7413390489615177
62587216,860,2.112240521379149e-10,0.0013710260391235,901,0.6500191939814711,1.871667048782533
1988800824,198,0.0548412799835205,0.0013706088066101,561,0.6035201442843684,1.6999608913927555
2135324173,121,0.1691353619098663,0.0013703107833862,419,1.2546007165039563,1.9266070307618144
1402155205,290,2.0534274725036997e-08,0.0013702511787414,604,0.5839574235671959,1.879759309851279
1991126163,207,0.0443293787539005,0.0013681650161743,583,0.2227402579724527,1.912830822176499
983735967,256,0.0020084702409803,0.0013637542724609,703,0.6063728882235635,1.6719994349528058
1235107556,633,2.2461885684776917e-09,0.001362919807434,654,0.6507870412340764,1.6152816993263952
1956378294,296,4.3293698581692297e-07,0.0013602972030639,580,0.6602296370414816,1.8001153871176523
2036978877,491,3.294865491554333e-10,0.0013580322265625,577,0.853521751203234,1.4096117051247619
2005148802,321,4.249828045033155e-09,0.0013563632965087,582,0.603238841605577,1.6680666617821764
1397757762,560,0.0031996294856071,0.0013556480407714,625,0.6321000022655752,1.3379475892545742
1462694631,121,1.0672978056902592e-08,0.0013544559478759,240,0.8124490199535276,1.7032140162418101
804888314,668,1.9044481269769875e-10,0.0013543963432312,740,0.4786417995704398,1.2738717539437219
610684596,796,2.6892235105435702e-09,0.0013525485992431,782,0.45951793468542534,1.6735470050374242
2016191591,350,1.31026900440645e-09,0.0013510584831237,580,0.3453816067589795,1.4227387679544081
1392157193,577,2.8358060344402247e-10,0.001347541809082,625,0.534322308492378,1.6327433298769103
2005240618,333,6.5352789846429e-10,0.0013465881347656,582,0.427657490626502,1.3239342609032938
1392918716,580,7.577964922234061e-10,0.0013454556465148,624,0.7752286129245208,1.634479147082767
618438028,743,4.2531259070166527e-10,0.0013453960418701,780,0.6859347407936016,1.772111736172945
1406177819,316,0.0030034829396754,0.001345157623291,621,0.39570645324390147,1.572999782645352
1476602789,378,7.210310681848853e-10,0.0013447999954223,614,0.42651399832321485,1.4534972716140528
613430201,742,1.370848656812029e-09,0.0013428926467895,781,0.4450953607152301,1.7004404164172382
1392525900,661,5.873291684110882e-07,0.0013426542282104,625,1.2999229057953465,2.105939441582297
1987618510,203,0.0730289220809936,0.0013400316238403,580,0.9359797054442578,1.6690803341266585
2142867758,223,1.2670363647160343e-09,0.0013372302055358,257,2.07129431633562,2.712586396917592
1987127572,202,0.1131500378251075,0.0013366937637329,570,0.3692533666757191,1.9393602740702978
2143053783,179,0.0936214104294776,0.0013331174850463,561,0.30534641008656377,1.610863902173926
2006620829,475,1.9999199518672128e-10,0.0013325214385986,579,1.4314512928913947,1.8418144438370003
1987165694,192,0.032046478241682,0.0013299584388732,404,0.5907948399139117,1.9462787515321243
1392269926,219,0.0628615543246269,0.0013298988342285,589,0.41225692652828655,1.6011230022318024
1730696514,261,1.6244159439793293e-07,0.0013298392295837,582,0.48287532239769015,1.4928858369182658
1987173900,327,2.850400778697804e-05,0.001329481601715,582,1.081114380398176,1.9793837729930983
1394049764,348,2.7223220968153328e-05,0.0013280510902404,610,0.5492347106444198,1.5980130574099507
1134761293,403,9.213444229771994e-09,0.001327633857727,658,0.5416929619249923,1.5839362698787702
1923863086,152,0.2519550621509552,0.0013263225555419,538,1.5107083851453793,2.4604009546485024
1433970197,340,1.7205529445618595e-08,0.0013251304626464,618,0.3170191673456203,1.4622159475052292
2042561364,245,0.0087090572342276,0.0013247728347778,557,0.5260613093262023,1.635568856694724
2009704480,296,2.328884534108511e-07,0.0013179779052734,578,0.5104467972653044,1.6475207592747814
1478856044,542,2.5516595503205512e-09,0.0013161897659301,611,0.5397963260373686,1.5388798599169398
1402156208,163,0.0750612467527389,0.0013143420219421,613,0.6696619208428671,1.787514778183152
2144364833,127,0.1938245147466659,0.001314103603363,523,0.7255048810702208,1.893434567083721
126713,681,0.3241851925849914,0.0013130903244018,1135,1.184517345437037,1.4076673102279746
1896217870,306,0.0003810144553426,0.0013113021850585,583,0.3257973546528871,1.4748225982404877
1987166198,305,4.205319044103817e-07,0.0013099312782287,559,0.9128794878762386,1.9870558716641453
609236472,672,1.7217589132201283e-08,0.0013085007667541,778,0.6116096146250712,1.8696199712290056
2004401332,452,5.440675687751194e-10,0.001308262348175,581,0.43172264910907726,1.3474820381699002
1996531289,248,0.0202678032219409,0.0013046264648437,561,0.30274244875319567,1.5890407280963037
841595631,646,3.8590161621776526e-10,0.0013033747673034,734,0.540524869035965,1.4988162775158362
174801,633,0.1431870013475418,0.0013027787208557,1102,1.324408032758857,1.711873124361174
1991800833,76,0.2296588122844696,0.0012997984886169,223,1.1579865657441055,1.839567498748815
1429236080,341,2.8426074827336834e-09,0.0012991428375244,621,0.4526874264394649,1.7679928982312132
1987885796,69,1.2838115708291298e-06,0.0012973546981811,106,0.9313824432348108,1.8465270484685623
1988918952,68,1.6520012025011963e-09,0.0012969970703125,108,1.0160884843497195,2.211069417383421
1989802456,149,0.1363456696271896,0.0012968778610229,577,0.6981472054792188,1.7133205684745947
2038606100,178,0.0826635509729385,0.0012937784194946,529,0.44104621742950983,1.685598591342798
2011871141,448,3.6285446869399607e-10,0.00129234790802,580,1.2569043377328992,1.7577990180134317
1392135117,437,3.2779517766812205e-08,0.0012899041175842,623,0.40002601349328054,1.335268190644688
2060039010,183,0.0210113134235143,0.0012874603271484,419,1.6010547207354262,2.4291105829293955
232295726,672,1.2686653949600666e-09,0.0012847781181335,861,1.344690607020437,1.916872269722568
604865790,636,2.145952082699409e-09,0.0012822747230529,782,0.7197068748584454,1.6600637999781493
1469414793,192,0.1229885146021843,0.001279592514038,548,0.4610378262966363,1.5016457150660212
807626846,424,7.980995064826858e-08,0.0012776851654052,734,0.6013247333267107,1.7185511608873056
607334685,659,9.27565402264463e-09,0.0012774467468261,783,0.8879813176897986,1.7961072552363158
1392198947,377,0.000333102303557,0.0012760162353515,601,0.4183131395484204,1.468743193199774
1393083274,206,0.0768982395529747,0.0012728571891784,621,0.537729881997977,2.008041153921105
798981512,542,1.1779455189042663e-09,0.0012705326080322,738,0.8762673774816208,1.8824144203884037
1987489648,262,0.0306982100009918,0.0012683868408203,583,0.5829455909014009,1.8575359156750821
41873,1184,2.427146057470964e-07,0.0012681484222412,1187,1.7331933719646544,2.2904332366276163
2115024058,183,0.0698967427015304,0.0012678503990173,481,1.0412939711283273,2.0924235552110693
804899627,649,4.248177987165036e-08,0.0012677907943725,740,0.695289449442055,1.7546451513608292
2006525153,460,1.665929172389724e-09,0.0012660026550292,582,0.4755987569158661,1.300078531568516
804976257,460,1.6954397885626802e-09,0.0012642741203308,736,0.9591363988847088,1.5871106357833664
1397361843,453,1.0328432331618842e-08,0.0012634992599487,625,0.5269530794095907,1.6364936773835779
803613963,637,3.807614135098447e-08,0.0012630224227905,740,0.6229673450092191,1.5801220815595665
617774061,686,3.008488347333582e-09,0.0012598633766174,780,0.9098108107675348,1.7798718634290922
1454356022,495,8.69834759775756e-10,0.0012581944465637,618,0.43977138280707817,1.431927766124086
811229132,383,4.330369847593829e-06,0.001257836818695,737,0.39411555907223944,1.7784613248217807
1392712503,487,1.1386941389801564e-09,0.0012571811676025,623,0.4134656282645951,1.657051075643443
2142914009,218,0.0579580441117286,0.0012564659118652,554,0.7399897527966633,1.7897143813967513
2005461365,407,1.040569519439316e-09,0.001254916191101,582,0.4671363692071659,1.4484057274994753
1890160618,190,0.1789213567972183,0.0012547373771667,450,0.7441783149323591,2.3540274888151256
1987240030,190,0.1032370552420616,0.0012421011924743,555,0.9020894330574935,1.7869869275530095
2004646137,473,4.9481167252452e-07,0.0012387037277221,582,0.663243024297363,1.524708438402797
1924175579,443,5.572073025206237e-09,0.0012375712394714,581,1.1796264459588501,1.8048564507875478
1728876675,328,3.238803287786141e-07,0.0012363791465759,582,0.5360020330930692,1.624986817941837
1991163037,161,0.0526428148150444,0.0012359619140625,467,0.701488369794062,1.8808513839280259
1987133001,185,0.0757378041744232,0.0012357234954833,513,0.5795171599133444,1.6106982783893014
1469695839,669,0.0042151063680648,0.0012349486351013,616,1.3859163276933568,2.047233959126791
1444884921,316,0.0007218357059173,0.0012333393096923,619,0.4136931135372385,1.6947700868267987
1159065134,399,9.223843022709843e-09,0.0012317299842834,668,0.5709965228124128,1.4106042325882096
1436624791,189,0.0515612326562404,0.0012314319610595,375,0.7309365864840819,1.5215592744404793
801981662,520,1.0486237655982222e-08,0.001230776309967,742,0.7714277892899211,1.5947180245195214
1396216857,606,3.6631590205615794e-08,0.0012216567993164,622,0.8646922142854124,1.987194634730307
1706628920,264,0.0599323473870754,0.0012210607528686,589,0.5163468900666653,1.411921918929399
1460106541,260,0.0899144932627677,0.0012205839157104,611,0.9919916447337388,1.7378469005632682
1392166320,389,0.0011103337164968,0.0012191534042358,623,0.37067220685267294,1.5848198157509892
1987420864,251,0.0202927943319082,0.0012177228927612,582,0.48607797129886154,1.7596582689912408
1392162744,235,0.0164556335657835,0.0012100338935852,485,0.5868046891109205,1.6668944988283556
2036547428,201,0.0592723488807678,0.001209020614624,541,0.5702609819941004,1.6403902037966724
1443395079,480,1.8148793579086937e-09,0.0012082457542419,619,0.4168647214780144,1.460972997889083
792391922,596,1.2467795684756313e-08,0.0012073516845703,742,0.4558282970797126,1.6174040234384846
803930049,371,0.0387802384793758,0.0012056827545166,739,0.58138031179926,1.6039163338926121
230882798,559,1.118638515151815e-09,0.0012028217315673,865,1.0307932624078355,1.7790475736844282
1638274053,346,0.0050414614379405,0.001199185848236,595,0.43449824898509865,1.4819428081290575
605662315,552,2.3537796778327907e-07,0.0011986494064331,782,0.8878110191601556,1.6967083190580035
614748615,548,2.6843589573388726e-09,0.0011975169181823,780,1.1995055299714836,2.041161205854974
1500364650,423,6.723620327164781e-09,0.0011967420578002,612,0.4365185610395884,1.447934087078215
1394366092,463,9.128637401545348e-09,0.0011904835700988,624,0.43635925111722196,1.4165983783841738
1466409709,220,0.0715918019413948,0.001189649105072,602,0.5123865909950656,1.6407254815991918
1316238335,486,2.1214488299392545e-07,0.0011870861053466,637,0.3742776999259049,1.6891490874793182
1602631642,397,1.805949612077029e-09,0.0011824369430541,601,0.5639346109686096,1.5591981417316103
1100206206,528,3.3558212209072735e-08,0.0011799335479736,680,0.39935841457018906,1.7242433755501108
1462310350,211,0.1242517009377479,0.0011782050132751,530,0.4876278327140314,1.5492588969091916
276404,638,2.3055269693372796e-08,0.0011674165725708,1031,1.0117117452338806,1.8109009319006013
1987254367,184,0.1370492279529571,0.00116628408432,578,0.9264939468824623,1.872137469436986
2144645385,61,0.0342329703271389,0.0011655688285827,127,0.853960230883854,2.149639748658718
1066838178,520,1.2077392966602927e-05,0.0011649131774902,676,0.4616993773481938,1.2905000175884922
357886,688,0.2636219561100006,0.0011621117591857,988,10.45243182591372,11.562236969576354
614374108,523,9.27395973349121e-08,0.0011601448059082,781,0.6738403770817561,1.5992150544324415
1249726762,429,1.8026764792011818e-07,0.0011581182479858,650,0.4463083201508625,1.4603040946797348
2042808238,69,0.266240119934082,0.0011538863182067,238,0.9449904187119678,2.6867869518229814
1995112367,321,0.0243406500667333,0.0011420249938964,579,0.79037060548856,1.6845831166068352
1989802843,207,0.1247148513793945,0.0011281371116638,578,0.5141965956437882,1.7582474128290762
2006878748,185,0.0834610387682914,0.0011271834373474,532,0.36841804019359037,1.6762918589960278
1701658107,312,0.0371467024087905,0.0011269450187683,590,0.7721264473789123,1.6993050096590225
858629541,510,1.7792024209484225e-07,0.0011262893676757,729,0.5404839425881104,1.5626428356652924
604990682,510,2.652275497894152e-06,0.001126229763031,781,0.478152648701344,1.5955128748778795
610413973,512,0.0141620030626654,0.0011160969734191,775,0.6143570320412836,1.5382816520533282
1987128272,206,0.2006344199180603,0.0011138916015625,582,0.60034684764426,1.788169873568961
135725,818,0.0150432521477341,0.001113474369049,1130,1.0674240418929255,1.9053537045479494
1405369915,118,0.1064636036753654,0.0011118650436401,323,1.416047520631675,2.565269359517109
2139838598,185,0.0379092879593372,0.0011116862297058,368,1.0732362093519454,2.0067648691913447
620144930,465,1.227312441187678e-05,0.0011101961135864,780,0.7556063161533177,1.8413073418571848
1653328616,351,0.028893981128931,0.001101016998291,589,0.4609495322771157,1.433590771952913
334666,891,0.0025724666193127,0.0010979771614074,999,0.8833904844256381,1.7656994338160257
138283,871,0.2387645840644836,0.0010969638824462,1129,1.570748149630233,2.09795846901398
1987700301,281,0.049359455704689,0.0010935068130493,542,0.9581815738507986,1.8775184815040407
412195,758,2.633689177855558e-07,0.0010925531387329,968,0.9440758344758586,1.6800990616005242
2005212590,368,1.873283927977809e-08,0.0010882019996643,579,0.46864420642418864,1.695886041381154
1467941591,437,7.786213245708495e-06,0.001087486743927,613,0.4568095958026513,1.6248754390895506
311408,730,0.0727911591529846,0.0010789632797241,1009,0.5546670763165205,1.1844772547158307
1397033056,488,0.0175977181643247,0.0010727047920227,625,0.47962423784461083,1.4356293916310428
902374748,456,0.002081089420244,0.0010677576065063,715,0.4663007797151344,1.6268322444368422
2123384525,472,9.901060548145324e-05,0.0010669231414794,564,0.23041944414552612,1.774459749596774
313661,1006,0.1714532822370529,0.0010618567466735,1009,1.317521079598482,1.8473131864569012
1459760396,225,0.1843726187944412,0.001061201095581,617,0.37080066869572303,1.5771823549285449
1999536353,315,0.0158762764185667,0.0010573863983154,565,0.7712879265046096,1.7686698328724892
618524517,711,0.0171925518661737,0.0010570883750915,780,0.6158701835936947,1.584640919600941
2109386717,193,0.1147529557347297,0.0010552406311035,559,1.2804763118593925,2.466094842580129
1468242109,224,0.1106395497918129,0.0010533332824707,609,0.47822894477530326,1.6301901293857963
655516371,431,0.0023666762281209,0.001051902770996,771,0.9898774043406274,2.2942842007311266
104169131,899,0.1979249566793441,0.0010511875152587,892,0.559952335144472,1.291984436339238
1992446698,75,0.157521978020668,0.0010509490966796,227,0.22529081484765284,2.470586104959359
2142862771,187,0.1402758210897445,0.0010421276092529,558,0.6535961532363669,1.8588730877979869
1987263038,233,0.0712386518716812,0.0010404586791992,548,0.6820509852837954,1.926604623113672
464029434,424,0.0642585828900337,0.0010393857955932,816,1.1653858869487281,1.9315565705588127
1988996865,223,0.057298969477415,0.0010389685630798,459,0.4249238360674516,1.7619780101984661
2133358244,244,0.0556427389383316,0.0010310411453247,528,1.1756232199342782,2.3279442282464524
1991163005,192,0.2006017565727234,0.0010210275650024,540,0.40626627587667036,1.8498199800628345
1987123418,265,0.0077909734100103,0.0010181069374084,520,0.399708629742911,2.0211804874340595
1461375735,206,0.0804584547877311,0.0010142922401428,451,0.8517805247757826,1.823643733235775
1451214091,201,0.1583971977233886,0.0010068416595458,546,0.27841669391467694,1.6040680370826665
1905673510,301,0.05559853464365,0.0009905099868774,581,0.8785662405386104,2.3708792740576468
360964,896,0.0171585828065872,0.0009844899177551,987,1.6314243714768606,2.0901299788603134
1626648692,156,0.0882656648755073,0.0009781122207641,289,0.5764498873958047,1.372803689963369
608267878,524,0.0402913466095924,0.0009611248970031,781,0.3918929249892412,1.6885121697154806
2143745085,172,0.1062754839658737,0.0009593367576599,493,0.6854173977574154,2.0965345619643214
102095,732,0.0323286764323711,0.0009523630142211,1141,1.0311253800528386,1.8552904584083107
65159275,425,0.0111680915579199,0.0009467601776123,899,0.8245076485900192,1.7701649256822432
361588,1025,0.0220310892909765,0.0009451508522033,986,1.2642403414983219,1.9089382130399863
1987201824,174,0.0852997153997421,0.0009374022483825,383,0.3732669060991288,2.0910071252348423
965564328,467,0.0395987629890441,0.000935673713684,707,0.3375404770387974,1.5569092627175314
89563,663,0.005307322833687,0.0009340047836303,1146,0.9385920288675631,1.8385319938867064
2058596041,234,0.1003871485590934,0.0009268522262573,571,0.9428865005874733,1.5872634414524558
276007,486,0.2761594951152801,0.0009238719940185,937,0.5144143822839018,0.9681024962200959
1392108845,683,0.1068597286939621,0.0009187459945678,625,2.2038374860513956,2.360115189552308
1987624705,240,0.0662662386894226,0.0009171962738037,526,0.4964146872465809,1.7085038655582134
2144713612,165,0.1677925139665603,0.0009159445762634,485,0.7928369868756708,1.7102441912469868
1706600018,243,0.0873632878065109,0.000914990901947,584,0.6134314437887646,1.3482611596842409
1911462128,306,0.0973571166396141,0.0009142756462097,583,0.9881526550660155,2.4154659187394305
793432116,773,0.0984066203236579,0.0009061098098754,743,0.317724675821813,1.804902841182778
1910141426,265,0.0138724595308303,0.0009002685546875,564,0.4946448597460438,1.6270818198540378
622364208,283,0.0610622055828571,0.0008934736251831,771,0.6333566663438714,2.5069133979592513
108294,620,0.0115658575668931,0.0008893609046936,1137,0.9681987048370417,1.8606771162581965
53949,615,0.0513993091881275,0.0008711814880371,1161,2.0785138536784116,2.4597949193498883
2142869472,84,0.104039266705513,0.000868797302246,198,1.0919785653844043,1.9173426673790848
1479832641,215,0.1594595164060592,0.0008624792098999,529,0.42024486960370355,1.7037866147539749
1430334480,402,5.352952484827256e-06,0.0008580684661865,619,0.7813178204416255,1.8151159505773573
1392208099,356,0.0122439227998256,0.000841736793518,622,0.5766448453123764,1.7827712266388736
2114973853,220,0.1718111932277679,0.0008281469345092,511,0.5853780891316303,2.206771676848778
2036625307,474,1.9538114429451525e-05,0.0008232593536376,576,0.5345030991592988,1.9832822300808295
2107150622,346,0.0352512970566749,0.0008045434951782,541,0.5526988685108208,1.716903062693619
1926979299,201,0.1115710437297821,0.0007904767990112,565,0.8155347751588269,2.3596269475907956
78958,804,0.0026136662345379,0.000786542892456,1157,0.8461046283996488,1.5093788642755397
1753411597,550,0.0018953700782731,0.0007809996604919,585,0.7672863791539393,1.5753662521106357
1599362047,316,0.146823301911354,0.0007784366607666,600,1.056609044003137,2.0350120025105287
804894648,519,0.0986360982060432,0.0007740259170532,740,0.4074196408609796,1.6320342949701547
1392128508,666,0.2115455567836761,0.000760793685913,624,1.464653543674915,2.871512675112965
242859,733,0.1693311035633087,0.0007238388061523,1047,1.633143232888599,2.5354470642879727
610259264,504,0.0254064910113811,0.0007203221321105,781,0.8614464397126089,1.750970083805652
275871,703,0.2451103031635284,0.0007192492485046,1033,0.5216159466585237,1.660112701609026
769313225,313,0.0655699670314788,0.0007187128067016,747,0.491917944059409,1.5227308669317388
1601416280,319,0.1009262651205062,0.0007046461105346,601,0.37855726273578744,1.931015334408929
1024212659,597,0.0091863302513957,0.0007041692733764,696,0.42212164342184694,1.6675815393260336
49575,511,0.0668850690126419,0.0006822347640991,1170,1.4475717550205416,2.361521430114261
605664331,638,0.1003006398677825,0.0006797313690185,779,0.8168663200867979,1.792236020234872
243594,560,0.1083468347787857,0.0006475448608398,835,1.055500590118726,1.620651287606652
424193,721,0.1894533932209015,0.0006406307220458,966,1.318319429882034,1.746906307914055
786965177,418,0.0725813806056976,0.0006288886070251,744,0.429761194907155,1.6623100163493376
1709757999,362,0.1675301194190979,0.0006175637245178,589,0.9412525384089246,2.236257159626944
728029400,437,0.0974772870540618,0.0006068348884582,689,0.565611279273775,1.4564313996793228
48293,1155,0.1534823328256607,0.0006066560745239,1176,0.44832640795643935,1.4914080123287208
52400,481,0.0614140518009662,0.000605821609497,1167,1.5881254789984944,2.410336892750011
103858181,648,0.1957137137651443,0.0005885362625122,892,0.6626310321591496,1.4276807749670393
2004392392,253,0.1412496268749237,0.0005712509155273,581,0.5411765080858447,2.092130885227621
138284,851,0.2071094363927841,0.0005539655685424,1129,0.9800270874666431,1.5456394825783424
229066,1027,0.1300346404314041,0.0005346536636352,1074,0.11318256469025874,1.4828686419461379
1843548408,603,0.1619695723056793,0.0005299448966979,583,1.2385297359530085,2.3397233883823674
2008803432,172,0.1903284639120102,0.0005280375480651,370,1.0631101410022938,1.7282436707492521
2144215329,163,0.231849730014801,0.0005257725715637,384,1.081910033444432,1.9604874600441697
606368528,423,0.1305133700370788,0.0005208253860473,781,0.4108845125741761,1.3141199228321099
1392117675,683,0.1805364340543747,0.0004995465278625,625,2.0547795683778363,2.3638797088618437
14014141,735,0.0841256976127624,0.0004799365997314,911,0.7795634826273203,1.8342537053930719
83102,580,0.1130383163690567,0.0004503726959228,960,0.8596557430306392,1.1601044636361975
1732258436,309,0.112452246248722,0.0004305243492126,586,0.4666085084997128,1.9486979391661312
771060873,346,0.2123073041439056,0.0004130601882934,560,0.5425313835370982,3.0418435747724932
468913846,455,0.1646651178598404,0.0004094839096069,813,2.0493225586865975,2.5472554184429357
2130872262,234,0.1568898558616638,0.0004055500030517,547,1.1412483022047486,2.4878551919163323
311396,482,0.2289617955684662,0.000401496887207,924,1.0494134199203835,1.5000772801433346
48405,751,0.2660722136497497,0.000350534915924,1176,1.468366532076864,1.787882308565203
229069,881,0.1153043955564498,0.000348687171936,1074,1.373689076390207,2.499918262094145
161581,924,0.168396383523941,0.00034761428833,1115,1.3705925960485328,1.8829839186344832
184882,578,0.2123802900314331,0.000332236289978,1088,1.4882253086084953,1.9865663898055743
1903184163,401,0.1112521588802337,0.0002796649932861,582,0.41052988359605525,2.1582466458879015
2144069154,327,0.0829162448644638,0.0002661943435668,561,0.1542481653131718,2.153387960584511
53842,820,0.0851986408233642,0.0002656579017639,1164,0.7837944967468442,1.7222214658105943
139108,735,0.1168448999524116,0.0002398490905761,1124,1.4640063726189452,2.4146857762737604
184281,820,0.1689186096191406,0.0002387762069702,1102,0.5017877373674898,1.328879412864792
