a_death,a_succ,t_A,shared_ips,overlap_frac,in_core,bA_pre,dA_b,dA_v,bB_post,dB_b,dB_v,dB_v_placebo
54052,23560,2019-04-23 00:00:00,62,0.2731277533039647,0,0.5776525621405585,-0.066851568068729,0.1177830356563838,0.7352939744239769,-0.5853423883194592,0.0136056520557792,0.0
54052,1467,2019-04-23 00:00:00,57,0.2511013215859031,0,0.5776525621405585,-0.066851568068729,0.1177830356563838,-0.1758420530123478,-0.266790232093484,-0.2073513048597899,0.0
54052,3000,2019-04-23 00:00:00,56,0.2466960352422907,0,0.5776525621405585,-0.066851568068729,0.1177830356563838,-0.0174164313245593,-0.1584013078189491,-0.1519504589176561,0.0
54052,983,2019-04-23 00:00:00,55,0.2422907488986784,0,0.5776525621405585,-0.066851568068729,0.1177830356563838,-1.4043494597903272,0.1286701658358453,-0.6283273258996296,0.0
54052,105,2019-04-23 00:00:00,55,0.2422907488986784,0,0.5776525621405585,-0.066851568068729,0.1177830356563838,0.2535218616044673,-0.8314382878172054,0.0944908434209228,0.0
54052,355,2019-04-23 00:00:00,55,0.2422907488986784,0,0.5776525621405585,-0.066851568068729,0.1177830356563838,-1.7447264289059576,-0.772075692852434,0.3220315524664183,0.0
54052,1615,2019-04-23 00:00:00,54,0.237885462555066,0,0.5776525621405585,-0.066851568068729,0.1177830356563838,-1.143977298958018,-0.8008250505471897,0.3484337348578545,0.0
54052,8200,2019-04-23 00:00:00,54,0.237885462555066,0,0.5776525621405585,-0.066851568068729,0.1177830356563838,-0.186081843245524,-0.0015832166415206,-0.4602530501303583,0.0
54052,13474,2019-04-23 00:00:00,54,0.237885462555066,0,0.5776525621405585,-0.066851568068729,0.1177830356563838,-0.1555112845456692,-0.774165847811326,0.3384543978252043,0.0
54052,3615,2019-04-23 00:00:00,54,0.237885462555066,0,0.5776525621405585,-0.066851568068729,0.1177830356563838,-2.0621272071220145,0.0790102397210046,-0.7617947680473796,0.0
54052,2810,2019-04-23 00:00:00,54,0.237885462555066,0,0.5776525621405585,-0.066851568068729,0.1177830356563838,-1.2678072660970152,-0.4961447636900147,0.0935024058862703,0.0
49913,3612,2019-04-24 00:00:00,544,0.5893824485373781,1,-0.0408878299008313,-0.3194972900484129,-0.4762016591999423,-0.7355145398173603,-0.1527957125814316,-0.3182447228619471,0.0
49913,42756,2019-04-24 00:00:00,526,0.5698808234019501,1,-0.0408878299008313,-0.3194972900484129,-0.4762016591999423,-1.8621148916825243,-1.400425754766878,0.2855448628329764,0.0
49913,52403,2019-04-24 00:00:00,525,0.5687973997833152,1,-0.0408878299008313,-0.3194972900484129,-0.4762016591999423,-1.1431365835559282,-0.9654706189961956,0.4151270190199012,0.0
49913,48405,2019-04-24 00:00:00,503,0.5449620801733478,1,-0.0408878299008313,-0.3194972900484129,-0.4762016591999423,-3.449504028377466,-1.282805468659273,0.8559044900612331,0.0
49913,2805,2019-04-24 00:00:00,493,0.5341278439869989,1,-0.0408878299008313,-0.3194972900484129,-0.4762016591999423,-0.6492740761512575,-0.5845616157011516,0.0672522270091668,0.0
49913,47599,2019-04-24 00:00:00,491,0.5319609967497292,1,-0.0408878299008313,-0.3194972900484129,-0.4762016591999423,0.5096469565037254,0.3740300139519594,-0.976088302716196,0.0
49913,50504,2019-04-24 00:00:00,490,0.5308775731310943,1,-0.0408878299008313,-0.3194972900484129,-0.4762016591999423,-1.1692801883294206,-0.9233866352540232,-0.0609143509217497,0.0
49913,48293,2019-04-24 00:00:00,477,0.5167930660888408,1,-0.0408878299008313,-0.3194972900484129,-0.4762016591999423,-5.199779855158889,-1.3365997265249543,0.7714847049618836,0.0
49913,49164,2019-04-24 00:00:00,476,0.5157096424702059,1,-0.0408878299008313,-0.3194972900484129,-0.4762016591999423,-0.1468464345106441,-0.0316023360709579,-0.6632197600184728,0.0
49913,49758,2019-04-24 00:00:00,471,0.5102925243770314,1,-0.0408878299008313,-0.3194972900484129,-0.4762016591999423,-1.5916845419924388,-0.7267203405072405,-0.4518689392419395,0.0
50823,22343,2019-04-24 00:00:00,45,0.2419354838709677,0,0.4608268870408907,0.4037353795029489,-0.9141378785130536,-1.975356977497041,-1.4473996813818375,0.2380362248948291,0.0
50823,22342,2019-04-24 00:00:00,40,0.2150537634408602,0,0.4608268870408907,0.4037353795029489,-0.9141378785130536,-2.490304846482939,-1.4452077828268468,0.3653795810325135,0.0
50823,22345,2019-04-24 00:00:00,29,0.1559139784946236,0,0.4608268870408907,0.4037353795029489,-0.9141378785130536,-1.6490025501511574,-1.5337418574874704,0.5530005488167031,0.0
54055,1204,2019-04-24 00:00:00,245,0.1923076923076923,0,0.4212916338786394,0.2431083693497049,-0.3321338350226153,-1.4670234943577958,0.3372716484882325,-0.6744853813715252,0.0
54055,455,2019-04-24 00:00:00,221,0.173469387755102,0,0.4212916338786394,0.2431083693497049,-0.3321338350226153,-1.447586504368187,0.4656061050580773,-1.1247791569480912,0.0
54055,10,2019-04-24 00:00:00,214,0.1679748822605965,0,0.4212916338786394,0.2431083693497049,-0.3321338350226153,-1.0352465584130397,0.1631831215758603,-0.8416557504855744,0.0
48701,137370,2019-05-13 00:00:00,522,0.378535170413343,0,-1.718289791346025,2.013968834859796,-2.2219111542132746,-2.6304641671200666,,8.316300249036848,0.0
48701,83759,2019-05-13 00:00:00,472,0.3422770123277737,0,-1.718289791346025,2.013968834859796,-2.2219111542132746,-1.7431384237299714,0.6892341473632035,-0.0979349415494859,0.0
48701,138291,2019-05-13 00:00:00,457,0.331399564902103,0,-1.718289791346025,2.013968834859796,-2.2219111542132746,-4.273107701358967,,10.077860939480908,0.0
48701,48293,2019-05-13 00:00:00,451,0.3270485859318346,0,-1.718289791346025,2.013968834859796,-2.2219111542132746,-2.4427906477056283,2.103161384364637,-2.6201123359827534,0.0
48701,126713,2019-05-13 00:00:00,401,0.2907904278462654,0,-1.718289791346025,2.013968834859796,-2.2219111542132746,-3.617962082600412,,10.222159441674654,0.0
48701,138284,2019-05-13 00:00:00,400,0.290065264684554,0,-1.718289791346025,2.013968834859796,-2.2219111542132746,-3.7025275029238345,,9.508888197738267,0.0
48701,48405,2019-05-13 00:00:00,393,0.2849891225525743,0,-1.718289791346025,2.013968834859796,-2.2219111542132746,-1.1364071000737526,1.691044098236146,-2.043987974355056,0.0
48701,125569,2019-05-13 00:00:00,387,0.280638143582306,0,-1.718289791346025,2.013968834859796,-2.2219111542132746,-2.423702349991094,,9.128696382935672,0.0
48701,138283,2019-05-13 00:00:00,382,0.277012327773749,0,-1.718289791346025,2.013968834859796,-2.2219111542132746,-3.5812334567327126,,9.630825446840731,0.0
62930,645,2019-05-14 00:00:00,29,0.0911949685534591,0,-1.386241776321964,1.0793712489145495,-0.9834692696308664,-4.459965076364356,0.2446822693297736,0.0168423969099507,5.549076084895221
62930,37980,2019-05-14 00:00:00,27,0.0849056603773584,0,-1.386241776321964,1.0793712489145495,-0.9834692696308664,-2.286550691427105,-1.5362134908653071,3.470867530520069,2.70805020110221
85384,105893,2019-05-27 00:00:00,108,0.484304932735426,0,-0.8374934677953518,-2.8098384166026573,0.1768477997313891,1.878950535410369,1.5027006991703782,-3.1179499062782403,0.0
85384,58787,2019-05-27 00:00:00,91,0.4080717488789238,0,-0.8374934677953518,-2.8098384166026573,0.1768477997313891,0.2434051580230718,-0.0306325689309319,-0.2162231084696362,0.0
85384,58786,2019-05-27 00:00:00,78,0.3497757847533632,0,-0.8374934677953518,-2.8098384166026573,0.1768477997313891,0.1421166774876926,-0.1952819410288589,0.0,0.0
85384,58789,2019-05-27 00:00:00,70,0.3139013452914798,0,-0.8374934677953518,-2.8098384166026573,0.1768477997313891,1.5690846793757032,0.1190932755107598,-0.4054651081081641,0.0
85384,58788,2019-05-27 00:00:00,68,0.3049327354260089,0,-0.8374934677953518,-2.8098384166026573,0.1768477997313891,1.4505497531316685,-0.0856801564557401,-0.0870113769896296,0.0
85384,2129,2019-05-27 00:00:00,36,0.1614349775784753,0,-0.8374934677953518,-2.8098384166026573,0.1768477997313891,-0.3143062948817595,-0.0010481773436851,-0.0238106486937192,0.2332307528476107
85384,45289,2019-05-27 00:00:00,33,0.147982062780269,0,-0.8374934677953518,-2.8098384166026573,0.1768477997313891,0.8088787586652526,0.1116774092636284,0.4519851237430572,1.0986122886681098
85384,9620,2019-05-27 00:00:00,19,0.085201793721973,0,-0.8374934677953518,-2.8098384166026573,0.1768477997313891,-3.044269948454068,0.0374223880790705,-0.0370164037026636,-0.0505574591814266
126990,126849,2019-05-29 00:00:00,203,0.1780701754385965,0,-1.9282424537779133,0.4586838530030135,-0.525122928466816,-0.3575936289506476,-0.5078346603110581,0.4567584024957147,0.0
140960,163700,2019-06-05 00:00:00,26,0.1485714285714285,0,-0.5281200332836767,0.8938482836249246,-1.1471869588166674,-0.8642392794294582,,6.7912214627261855,0.0
140960,72029,2019-06-05 00:00:00,17,0.0971428571428571,0,-0.5281200332836767,0.8938482836249246,-1.1471869588166674,1.593350013891235,1.919848384821199,-5.37989735354046,0.0
140402,163532,2019-06-07 00:00:00,67,0.1492204899777283,0,-1.718682475888908,2.550033887404159,-2.1697179315463853,-1.5289632408941929,-2.502581542716096,6.027474984631015,0.0
140402,177459,2019-06-07 00:00:00,50,0.111358574610245,0,-1.718682475888908,2.550033887404159,-2.1697179315463853,-0.1673388223679006,,6.013715156042802,0.0
140402,37980,2019-06-07 00:00:00,45,0.1002227171492204,0,-1.718682475888908,2.550033887404159,-2.1697179315463853,-4.476146461860597,0.0661226133202541,-0.0610000597770969,1.8312012012793524
176237,188638,2019-06-19 00:00:00,24,0.1578947368421052,0,-1.0318260638156274,1.3303332426025605,-0.3876393241555638,-1.407608240297595,,7.478734825567875,0.0
176237,189404,2019-06-19 00:00:00,23,0.1513157894736842,0,-1.0318260638156274,1.3303332426025605,-0.3876393241555638,-0.6286510164316503,,6.375024819828097,0.0
176237,126826,2019-06-19 00:00:00,23,0.1513157894736842,0,-1.0318260638156274,1.3303332426025605,-0.3876393241555638,-0.3237643693883034,1.9020246721897296,-1.859975717047198,0.0
72060,339,2019-06-29 00:00:00,1,0.0588235294117647,0,-2.136209929808378,-0.3817782767729225,0.0909751976462729,-3.5928333904196643,-0.1065522110368863,-0.1060378522216591,-0.2726527778573295
72060,683,2019-06-29 00:00:00,1,0.0588235294117647,0,-2.136209929808378,-0.3817782767729225,0.0909751976462729,-0.3584435952698349,-0.2287790437649847,0.1864680727558036,-0.5960854677168141
72060,3142,2019-06-29 00:00:00,1,0.0588235294117647,0,-2.136209929808378,-0.3817782767729225,0.0909751976462729,-0.3155207898595419,0.0468508445002521,-0.1401839723455502,0.5489331937654507
72060,4450,2019-06-29 00:00:00,1,0.0588235294117647,0,-2.136209929808378,-0.3817782767729225,0.0909751976462729,-0.76410980134549,-0.0667240349272767,-0.6215692150008891,0.2912471386162769
111768,2135,2019-07-01 00:00:00,2,0.037037037037037,0,0.0988797871909543,1.0572195149892063,-2.998383622875611,-1.8891173005980728,-0.0522490451296329,0.0701818537262344,-0.7437684990406961
186910,184224,2019-07-13 00:00:00,46,0.1406727828746177,0,-0.8825607584790517,0.8657563006488551,-1.3323212973752243,-4.339504154354507,0.8010309155776358,-0.8717401809189695,0.0
186910,139108,2019-07-13 00:00:00,39,0.1192660550458715,0,-0.8825607584790517,0.8657563006488551,-1.3323212973752243,0.3765220390730323,0.0719636078213304,-0.4368514219288348,4.382026634673881
186910,138291,2019-07-13 00:00:00,36,0.110091743119266,0,-0.8825607584790517,0.8657563006488551,-1.3323212973752243,-1.1286594623429258,0.3892823834771459,-0.6705629103018884,10.32423528417545
186910,152211,2019-07-13 00:00:00,33,0.1009174311926605,0,-0.8825607584790517,0.8657563006488551,-1.3323212973752243,1.7361502746508022,0.5237471664967646,-2.097141118779237,0.0
186910,126849,2019-07-13 00:00:00,32,0.0978593272171253,0,-0.8825607584790517,0.8657563006488551,-1.3323212973752243,0.0576406371413006,-0.083660922815819,-0.0252114193464958,5.529429087511423
186124,184224,2019-07-16 00:00:00,199,0.1119864940911648,0,-2.20477408899489,1.1266403794421531,-1.570821300878421,-4.038967255324378,1.1196427131618751,-1.5704838564609709,0.0
188638,126849,2019-07-20 00:00:00,176,0.1458160729080364,0,-1.675718674336378,0.9723656674881116,-2.1262969589613405,0.0890660999493315,-0.1034883112207689,-0.9014442237571608,1.7840374231341452
188294,163257,2019-07-21 00:00:00,131,0.1631382316313823,0,-1.1040539532848872,1.2562195272526122,-3.020024966123035,-0.4191887181586722,0.3307104839616669,-1.8744511850731689,0.0
48580,126849,2019-08-12 00:00:00,244,0.2057335581787521,0,,,5.017279836814924,-4.781235961516608,,11.534628246613462,0.1431008436406733
88628,55,2019-08-22 00:00:00,179,0.50997150997151,1,0.2011288014516098,0.8027171756220488,-1.1375277049177832,-1.176370580376236,0.1167733048864911,0.0259007284321572,-1.0754622561213871
88628,26360,2019-08-22 00:00:00,172,0.49002849002849,0,0.2011288014516098,0.8027171756220488,-1.1375277049177832,-1.179959624171954,0.2813154871221863,-0.422254589584714,0.0602188599930544
88628,31093,2019-08-22 00:00:00,147,0.4188034188034188,0,0.2011288014516098,0.8027171756220488,-1.1375277049177832,0.3824596373392975,0.6527222258177702,-0.6437222972324221,0.640224779105603
88628,13499,2019-08-22 00:00:00,144,0.4102564102564102,0,0.2011288014516098,0.8027171756220488,-1.1375277049177832,-1.7377641363770366,1.12691757139733,-1.4294075755876978,0.0781647728493366
88628,365,2019-08-22 00:00:00,141,0.4017094017094017,0,0.2011288014516098,0.8027171756220488,-1.1375277049177832,-1.4430380321732763,-0.06298716052063,0.2944065713357009,0.1025544808457539
88628,31750,2019-08-22 00:00:00,141,0.4017094017094017,0,0.2011288014516098,0.8027171756220488,-1.1375277049177832,0.0728583980106002,0.3481856294826695,-0.4117347211217597,0.2135741002980591
243125,163257,2019-08-29 00:00:00,115,0.1763803680981595,0,-1.6162253660784385,2.1507789791902376,-1.8364159107606528,-1.046600659395105,-0.3385935995103349,0.3240836649871967,-0.1992965025840867
243125,126859,2019-08-29 00:00:00,110,0.1687116564417178,0,-1.6162253660784385,2.1507789791902376,-1.8364159107606528,1.6611069559760794,0.0049105475991757,0.5108256237659909,-2.3558696467513176
243125,126857,2019-08-29 00:00:00,106,0.1625766871165644,0,-1.6162253660784385,2.1507789791902376,-1.8364159107606528,1.6251014978240297,0.3659364198625254,-1.6247053845648884,-2.312669212060672
243125,188867,2019-08-29 00:00:00,104,0.1595092024539877,0,-1.6162253660784385,2.1507789791902376,-1.8364159107606528,0.5001434099860472,0.0645092215834992,0.1328732813799735,1.0972396048561368
277674,314966,2019-09-20 00:00:00,225,0.1862582781456953,0,-1.9721438854445053,0.6224087350263743,0.0429753629800586,-1.969330693174308,,8.806424063857868,0.0
242943,242899,2019-09-22 00:00:00,75,0.0440399295361127,0,0.4455564889949421,0.8178438039057578,-1.5273729593797962,0.8886637843490541,0.0240914950318669,0.4432054360910116,0.0
242943,10,2019-09-22 00:00:00,72,0.0422783323546682,0,0.4455564889949421,0.8178438039057578,-1.5273729593797962,-1.412918840508654,-0.0759787849581923,0.2246190823631311,-8.435983135990694
242943,229426,2019-09-22 00:00:00,72,0.0422783323546682,0,0.4455564889949421,0.8178438039057578,-1.5273729593797962,1.6331899426625405,1.6928679182354278,-1.6314168191528755,-4.867534450455582
242943,142755,2019-09-22 00:00:00,66,0.0387551379917792,0,0.4455564889949421,0.8178438039057578,-1.5273729593797962,-1.802457601151728,-0.0498128708070939,0.3682711535851606,-9.837134051986109
242943,229096,2019-09-22 00:00:00,65,0.0381679389312977,0,0.4455564889949421,0.8178438039057578,-1.5273729593797962,0.4831196495015291,0.3798071514781647,-0.0277795641070754,-7.830425617820331
242943,28498,2019-09-22 00:00:00,65,0.0381679389312977,0,0.4455564889949421,0.8178438039057578,-1.5273729593797962,-1.446336519705444,-0.3257638110893099,0.5928531735233982,-7.122059881629142
310082,313657,2019-09-23 00:00:00,23,0.1385542168674698,0,-0.6096464260548379,1.737447763897639,-1.2504928199608285,-1.998697323588147,-1.7627949743629618,2.7968668515959862,0.0
310082,349401,2019-09-23 00:00:00,16,0.0963855421686747,0,-0.6096464260548379,1.737447763897639,-1.2504928199608285,0.1885201080443156,,3.4657359027997265,0.0
310082,295979,2019-09-23 00:00:00,16,0.0963855421686747,0,-0.6096464260548379,1.737447763897639,-1.2504928199608285,0.7431779813392256,2.0904473304644564,-1.8981923710476345,0.0
277561,41873,2019-09-24 00:00:00,532,0.1664580725907384,0,-2.8439977513150274,1.3082200516432352,-0.4999475056188061,-3.215764250396938,-0.5278373781977428,0.8364224216322889,-7.884576510596324
277561,313661,2019-09-24 00:00:00,518,0.1620775969962453,0,-2.8439977513150274,1.3082200516432352,-0.4999475056188061,-3.0546503757980976,-1.9055817658232663,3.370994366111815,0.0
208911,152211,2019-09-27 00:00:00,142,0.185378590078329,0,-1.4951192027561926,0.9479325907292344,-0.3322409186014505,-1.531580015861163,0.3168221976367786,-0.0959833538452299,-1.791759469228055
208911,44737,2019-09-27 00:00:00,114,0.1488250652741514,0,-1.4951192027561926,0.9479325907292344,-0.3322409186014505,-3.5318636179896408,0.1679087542455959,-0.0737770302982614,-8.364973978438726
208911,127411,2019-09-27 00:00:00,97,0.1266318537859007,0,-1.4951192027561926,0.9479325907292344,-0.3322409186014505,-2.9399425043719525,-0.327399809476927,0.3113891916054321,-3.332204510175204
136756,21088,2019-10-02 00:00:00,16,0.5925925925925926,1,,,4.219507705176107,0.9375149476819284,-0.344532145417081,0.6690496289808849,0.0
136756,23779,2019-10-02 00:00:00,15,0.5555555555555556,1,,,4.219507705176107,1.442468439498267,-0.3225955509484697,0.9360933591703348,0.0
136756,202645,2019-10-02 00:00:00,15,0.5555555555555556,1,,,4.219507705176107,1.4239042393235906,-0.1402663061958591,2.4423470353692043,0.0
136756,16810,2019-10-02 00:00:00,15,0.5555555555555556,1,,,4.219507705176107,0.8358510357848671,-0.1120648667639445,0.2876820724517808,0.0
136756,137225,2019-10-02 00:00:00,15,0.5555555555555556,1,,,4.219507705176107,1.5346368916994868,0.6880493729087682,1.7917594692280552,0.0
136756,137242,2019-10-02 00:00:00,15,0.5555555555555556,1,,,4.219507705176107,0.9801138832260836,0.8147664769305178,1.7047480922384255,0.0
136756,20921,2019-10-02 00:00:00,15,0.5555555555555556,1,,,4.219507705176107,0.8531539491651251,-0.2493698302092127,0.6286086594223734,0.0
136756,6389,2019-10-02 00:00:00,14,0.5185185185185185,1,,,4.219507705176107,0.5132959447597967,-0.1060304882960808,0.2990847045495926,0.060624621816435
136756,147084,2019-10-02 00:00:00,14,0.5185185185185185,1,,,4.219507705176107,1.2421747729525274,-0.6872761516286663,2.639057329615259,0.0
136756,10850,2019-10-02 00:00:00,13,0.4814814814814814,0,,,4.219507705176107,0.7521317454461489,-0.6683382308715091,1.2173958246580772,2.70805020110221
136756,17427,2019-10-02 00:00:00,12,0.4444444444444444,0,,,4.219507705176107,0.7026633173381617,-0.3425899249940397,0.7006943861953285,0.0
136756,20711,2019-10-02 00:00:00,12,0.4444444444444444,0,,,4.219507705176107,0.560172944312923,-0.5289149443192679,0.9501922835498364,0.0
314966,358263,2019-10-15 00:00:00,279,0.2026143790849673,0,-2.49239447829052,1.945005632798992,-1.987601330940155,-5.051794698518607,-1.5196361359920232,2.999405359141706,0.0
296802,218669,2019-10-16 00:00:00,79,0.1238244514106583,0,-1.3552074298147876,0.4971982276979538,-0.3548551072217467,-2.4248421567153327,-1.5281582545157295,3.49153654874446,0.8373967894044916
296802,316094,2019-10-16 00:00:00,63,0.0987460815047022,0,-1.3552074298147876,0.4971982276979538,-0.3548551072217467,-0.051670009943813,-1.7366350544861064,3.835141961092188,0.0
55130,218669,2019-10-18 00:00:00,16,0.2539682539682539,0,-2.659864287339325,3.3394434259437498,-3.4220887406935314,-2.9277926400884504,-2.01300324425429,3.945659156740038,1.5404450409471493
55130,184224,2019-10-18 00:00:00,14,0.2222222222222222,0,-2.659864287339325,3.3394434259437498,-3.4220887406935314,-2.7517812128537478,0.0230751076316266,-0.0935699037430826,0.7975989981421883
55130,41873,2019-10-18 00:00:00,14,0.2222222222222222,0,-2.659864287339325,3.3394434259437498,-3.4220887406935314,-3.193530152322848,-0.0326985366555927,0.0023788081140025,0.7135954514832825
76377,2908,2019-10-23 00:00:00,55,0.1656626506024096,0,-0.0774092703941984,0.6555926726458968,-1.037651588878422,1.8232620036520024,-0.0168334630569417,-0.2231435513142101,2.4142890825740464
76377,9670,2019-10-23 00:00:00,54,0.1626506024096385,0,-0.0774092703941984,0.6555926726458968,-1.037651588878422,-0.6489318210529914,-0.0434782125563107,0.0658817046840392,0.3463389346080703
76377,32441,2019-10-23 00:00:00,50,0.1506024096385542,0,-0.0774092703941984,0.6555926726458968,-1.037651588878422,1.8789505354103688,0.1186013528721225,-0.382992252256106,0.4054651081081641
76377,58398,2019-10-23 00:00:00,49,0.1475903614457831,0,-0.0774092703941984,0.6555926726458968,-1.037651588878422,1.0909775336379166,0.2960678635185866,-0.5798184952529422,0.4542552722775963
361228,358263,2019-10-25 00:00:00,241,0.187111801242236,0,-1.920425327974829,0.0960945692788037,-0.73449724691024,-4.83698877497693,-0.2138708703229364,-0.1142243414349479,0.0
361228,314966,2019-10-25 00:00:00,225,0.1746894409937888,0,-1.920425327974829,0.0960945692788037,-0.73449724691024,0.0238907606420194,1.182902731663335,-1.9071135505690355,0.0
360994,313661,2019-10-29 00:00:00,419,0.1537614678899082,0,-3.002588876768988,0.8835467697613493,-0.833919734441027,-0.063140074067692,1.370315164934883,-2.174568420228033,0.0
360994,358263,2019-10-29 00:00:00,375,0.1376146788990825,0,-3.002588876768988,0.8835467697613493,-0.833919734441027,-4.253722375303165,0.7980723232154414,-0.7651996783183979,0.0
360994,218669,2019-10-29 00:00:00,370,0.1357798165137614,0,-3.002588876768988,0.8835467697613493,-0.833919734441027,-4.916180226892745,-2.777218248883138,1.6377243592918165,2.426410443106392
399888,150,2019-10-31 00:00:00,45,0.0769230769230769,0,-0.8799633688627271,0.1218142359611567,-0.8987661315112474,-1.2294271208711218,-0.0300592498852068,-0.0165005914819351,-0.2967979058597896
396205,360958,2019-11-04 00:00:00,45,0.1367781155015197,0,-0.9845418708143934,1.5870526365756592,-1.2367626271489272,-0.914748132044284,0.9991026317659089,-1.294286232478206,0.0
396205,218669,2019-11-04 00:00:00,42,0.1276595744680851,0,-0.9845418708143934,1.5870526365756592,-1.2367626271489272,-4.794304013091669,-1.0506152241722235,0.4028667280541231,0.2919104085613018
396205,313619,2019-11-04 00:00:00,42,0.1276595744680851,0,-0.9845418708143934,1.5870526365756592,-1.2367626271489272,0.425077389303346,0.4062715613820602,-0.5272505034333914,0.0
398182,358263,2019-11-11 00:00:00,41,0.2240437158469945,0,-0.7841625281917435,1.5218784757157482,-2.6234373176386327,-2.2049449480309256,2.2274799571832617,-2.731116164583952,0.0
398182,184224,2019-11-11 00:00:00,38,0.2076502732240437,0,-0.7841625281917435,1.5218784757157482,-2.6234373176386327,-2.6307546752093622,0.130912906704776,-0.1012099019315133,-0.716280372418888
398182,396073,2019-11-11 00:00:00,35,0.1912568306010929,0,-0.7841625281917435,1.5218784757157482,-2.6234373176386327,-2.110930221618534,2.0215366726878363,-2.4318467244519493,0.0
398182,184281,2019-11-11 00:00:00,34,0.1857923497267759,0,-0.7841625281917435,1.5218784757157482,-2.6234373176386327,-0.9048369499540588,0.1925623479179189,-0.1602568131652555,-0.8588687155452313
398182,137370,2019-11-11 00:00:00,31,0.1693989071038251,0,-0.7841625281917435,1.5218784757157482,-2.6234373176386327,-0.6099951375951181,0.3383697010575511,0.5147781980818147,1.2742214315241602
398182,924,2019-11-11 00:00:00,30,0.1639344262295081,0,-0.7841625281917435,1.5218784757157482,-2.6234373176386327,-0.2270846794622217,0.1725368238093851,-0.1244275783750525,-0.8423595787466214
398182,276007,2019-11-11 00:00:00,29,0.1584699453551912,0,-0.7841625281917435,1.5218784757157482,-2.6234373176386327,-0.8045961177807424,0.3456119891408602,-0.213441465507759,-0.6698512452115999
398182,186166,2019-11-11 00:00:00,29,0.1584699453551912,0,-0.7841625281917435,1.5218784757157482,-2.6234373176386327,0.7541897204330985,0.2305014052606021,-0.4294183491306569,-0.3964152725882468
432681,445117,2019-11-19 00:00:00,126,0.1737931034482758,0,-1.7367149293604436,1.507637137385752,-0.7083887965285625,-1.742366144137088,,7.999342952713282,0.0
432681,41873,2019-11-19 00:00:00,106,0.1462068965517241,0,-1.7367149293604436,1.507637137385752,-0.7083887965285625,-3.4084288919599786,-0.1668521036309149,0.2315713072808414,0.7536464424888738
431995,447548,2019-11-22 00:00:00,59,0.1325842696629213,0,-1.882173332829968,2.6680972883238905,-2.6914670553128017,-2.2316993475505096,,8.454040376410969,0.0
432002,447225,2019-11-23 00:00:00,251,0.1633051398828887,0,-2.702040418176479,1.971578498376635,-2.092069421572329,-3.3507542316624184,-3.2312225454295223,4.562168321985911,0.0
432002,349398,2019-11-23 00:00:00,222,0.1444372153545868,0,-2.702040418176479,1.971578498376635,-2.092069421572329,-0.0710758214692917,0.1387282759380635,-0.4881938233057932,4.158883083359672
432002,218669,2019-11-23 00:00:00,157,0.1021470396877033,0,-2.702040418176479,1.971578498376635,-2.092069421572329,-5.03891839077505,-0.2395491055855743,0.2106269344301612,0.8658598782472637
432596,218669,2019-11-23 00:00:00,82,0.1448763250883392,0,-1.5273549737459988,2.346566863990048,-2.570494658177962,-5.03891839077505,-0.2395491055855743,0.2106269344301612,0.8658598782472637
432596,445172,2019-11-23 00:00:00,77,0.1360424028268551,0,-1.5273549737459988,2.346566863990048,-2.570494658177962,-1.9641966681693208,-1.5015009328500597,2.863752471620886,0.0
432596,41873,2019-11-23 00:00:00,75,0.1325088339222614,0,-1.5273549737459988,2.346566863990048,-2.570494658177962,-3.4288276155329784,-0.166522604842823,0.1377388577790324,0.8364224216322889
447548,431995,2019-12-05 00:00:00,59,0.1040564373897707,0,-2.234949744097594,2.151200809638096,-1.9157436341286609,1.5719865223677068,1.003535248718412,-2.9191921964316565,0.0
42449,496,2019-12-08 00:00:00,32,0.0155869459327812,0,0.3360324624655221,-0.0144417712327163,-0.569768159399441,0.0551452354811551,0.2689333322091297,-0.6820359551348742,0.3208502174205874
42449,2113,2019-12-08 00:00:00,27,0.0131514856307842,0,0.3360324624655221,-0.0144417712327163,-0.569768159399441,0.3580256776560027,0.1301919037761211,-0.6190392084062237,0.4938142779394541
42449,3872,2019-12-08 00:00:00,25,0.0121773015099853,0,0.3360324624655221,-0.0144417712327163,-0.569768159399441,0.2565578658583876,-0.0682471124875613,-0.4564828824498885,0.092709398104267
42449,9670,2019-12-08 00:00:00,18,0.0087676570871894,0,0.3360324624655221,-0.0144417712327163,-0.569768159399441,-0.431555112311254,0.1374019211086774,-0.6894088584493385,0.0235731677180668
42449,1110,2019-12-08 00:00:00,18,0.0087676570871894,0,0.3360324624655221,-0.0144417712327163,-0.569768159399441,-0.0820785167716866,0.1360643177777014,-0.6305485242402007,-0.280713403135687
445726,126849,2019-12-12 00:00:00,272,0.2181234963913392,0,-2.1936555956465758,1.981182126154843,-2.1057770900176385,-2.7181223656368485,0.7680219956057712,-1.5260767588308235,-0.2568355243228488
445420,126849,2019-12-20 00:00:00,187,0.1908163265306122,0,-1.7149243588097611,2.212207716832713,-2.202870322748793,-2.6699346177131176,0.8007158856300363,-0.5683988669527125,-0.1917155999864661
445117,41873,2019-12-25 00:00:00,194,0.1491160645657187,0,-0.8778936351934801,1.4432572900237437,-1.855759052061016,-2.8901963014803,0.0102568755206449,0.6110147207754668,0.061353456940699
445117,218669,2019-12-25 00:00:00,180,0.1383551114527286,0,-0.8778936351934801,1.4432572900237437,-1.855759052061016,-2.425633448986177,0.2419470063942843,-0.4086680115865615,3.0352408197055247
540705,163257,2020-01-10 00:00:00,69,0.136094674556213,0,-1.0835964518789023,1.5281181414229377,-1.9013216717395816,-1.3519244516028952,-0.3320667163700157,0.3561972749542494,0.3388536626325615
399775,462146,2020-01-13 00:00:00,21,0.1099476439790576,0,-0.1961994351505454,1.2525530433806624,-1.6147570739117008,-0.6828050219535341,-1.3084342827465631,3.0189891357182583,0.0
399775,299695,2020-01-13 00:00:00,21,0.1099476439790576,0,-0.1961994351505454,1.2525530433806624,-1.6147570739117008,1.5347814190725737,0.080646037202726,-0.5877866649021186,0.4673118375800245
498460,41873,2020-01-14 00:00:00,121,0.1716312056737588,0,-1.5147926528416351,1.1209701693275371,-1.709774744020879,-3.316623885593093,-0.254454591096958,0.2657187382972612,0.1898241247754857
65025000,126849,2020-01-17 00:00:00,11,0.0948275862068965,0,-0.194074466806826,0.8048314772098726,-0.9559559882665862,-2.7185516999231245,0.0229211340170403,-0.0427074547186876,0.3794236238168125
65025000,184224,2020-01-17 00:00:00,10,0.0862068965517241,0,-0.194074466806826,0.8048314772098726,-0.9559559882665862,-2.6639876803200133,-0.0552406053461709,0.0317808055343498,0.0282650211957253
3182542,218669,2020-01-21 00:00:00,30,0.0874635568513119,0,-0.7866856817837284,1.4218507536809997,-1.1924529604930747,-2.4710446179448025,0.0736741152062552,-0.1036924585571288,0.1718219067555697
63450414,104132775,2020-01-23 00:00:00,122,0.1750358680057389,0,-0.919434585313888,0.6770687608938032,-0.8321460553666018,-1.2959889378528362,-2.005439433388824,2.903616984646185,0.0
63450414,462262,2020-01-23 00:00:00,113,0.1621233859397417,0,-0.919434585313888,0.6770687608938032,-0.8321460553666018,-0.3919834873639874,-0.2332972829894631,0.2483549706607055,1.3862943611198906
63450414,62558686,2020-01-23 00:00:00,113,0.1621233859397417,0,-0.919434585313888,0.6770687608938032,-0.8321460553666018,0.9506742566703438,-0.3501556253564136,0.3448404862917296,0.0
63450414,61416813,2020-01-23 00:00:00,109,0.1563845050215208,0,-0.919434585313888,0.6770687608938032,-0.8321460553666018,-3.16642021414363,1.7851624427241348,-1.844519096118356,0.0
63314848,126849,2020-01-23 00:00:00,124,0.1644562334217506,0,-1.4207229375200472,1.444264033504553,-1.3021801372914137,-2.843278177690077,-0.0458589210918858,0.0911281063701281,0.2720703368377712
85069593,139070,2020-01-28 00:00:00,66,0.825,1,0.4567144814465786,0.4106612920975709,-1.871802176901591,-2.616610001507256,,6.148468295917647,-0.5108256237659905
131174826,3180438,2020-02-06 00:00:00,241,0.1623989218328841,0,-2.4004490005981247,1.0941511628619849,-0.882235701847474,-0.857536613384303,0.8429169506185996,-1.2094266550083992,5.556828061699537
131174826,190345767,2020-02-06 00:00:00,206,0.1388140161725067,0,-2.4004490005981247,1.0941511628619849,-0.882235701847474,-2.45763988477973,,8.995412975433313,0.0
131174826,41873,2020-02-06 00:00:00,200,0.1347708894878706,0,-2.4004490005981247,1.0941511628619849,-0.882235701847474,-3.523971954008484,-0.1164384704116074,0.0795865701727542,-0.7869959059572729
54610,1467,2020-02-07 00:00:00,62,0.1797101449275362,0,0.667335864452587,0.4390344434140522,-0.829279354884525,-0.118419855782245,-0.0580450228650627,0.074358567318546,-0.878175098951643
54610,2810,2020-02-07 00:00:00,62,0.1797101449275362,0,0.667335864452587,0.4390344434140522,-0.829279354884525,-1.2311516960041329,-0.6150578724305739,0.8705461850655043,-1.058947032275678
54610,8200,2020-02-07 00:00:00,60,0.1739130434782608,0,0.667335864452587,0.4390344434140522,-0.829279354884525,-0.9872051902337546,-0.9971528175545749,1.334440999509635,-1.1114494354287905
54610,355,2020-02-07 00:00:00,60,0.1739130434782608,0,0.667335864452587,0.4390344434140522,-0.829279354884525,-1.004120896969764,0.0864244790474313,-0.166895304097574,-1.0027022288218008
54610,9375,2020-02-07 00:00:00,60,0.1739130434782608,0,0.667335864452587,0.4390344434140522,-0.829279354884525,-1.376433308071803,0.0494794838963361,-0.0756830856906365,-0.8923264514354265
46942,93,2020-02-11 00:00:00,11,0.0392857142857142,0,,,2.995732273553991,-2.2830554699619934,-0.0013756295702234,-0.0026708228651877,-1.3264428254624423
46942,41477,2020-02-11 00:00:00,11,0.0392857142857142,0,,,2.995732273553991,1.343208383523454,-0.0699413448367547,0.150282203049338,-1.1526795099383853
46942,46800,2020-02-11 00:00:00,10,0.0357142857142857,0,,,2.995732273553991,2.535047165653856,,2.4849066497880004,-0.4054651081081645
46942,46745,2020-02-11 00:00:00,10,0.0357142857142857,0,,,2.995732273553991,1.5448193448601713,0.2370698524880699,-0.2876820724517808,1.9459101490553128
46942,46849,2020-02-11 00:00:00,10,0.0357142857142857,0,,,2.995732273553991,1.5448193448601713,,1.0986122886681098,0.0
46809,46800,2020-02-13 00:00:00,35,0.1206896551724138,0,1.5448193448601713,0.3846315797210222,0.5108256237659905,2.557680471493568,,2.6390573296152584,-0.4054651081081645
46809,68245,2020-02-13 00:00:00,33,0.1137931034482758,0,1.5448193448601713,0.3846315797210222,0.5108256237659905,2.1690385146716005,,1.791759469228055,-0.6931471805599453
46809,46747,2020-02-13 00:00:00,33,0.1137931034482758,0,1.5448193448601713,0.3846315797210222,0.5108256237659905,2.314082504302216,0.2900879792612314,-0.5108256237659905,0.0
46809,46930,2020-02-13 00:00:00,33,0.1137931034482758,0,1.5448193448601713,0.3846315797210222,0.5108256237659905,2.314082504302216,0.6021975641669459,-0.2876820724517808,0.0
46809,46801,2020-02-13 00:00:00,32,0.1103448275862069,0,1.5448193448601713,0.3846315797210222,0.5108256237659905,1.288910083182632,-0.0046943581446243,0.3294792011302423,-0.9650808960435872
103477,92481,2020-02-16 00:00:00,36,0.5714285714285714,1,-2.0559067935831425,0.0034844403379432,-0.004228336109521,0.8465875187907186,,1.9459101490553128,0.0
103477,84584,2020-02-16 00:00:00,34,0.5396825396825397,1,-2.0559067935831425,0.0034844403379432,-0.004228336109521,1.5720686770898482,-0.3068818583205204,2.8487778605973277,-0.2006706954621511
103477,3768,2020-02-16 00:00:00,33,0.5238095238095238,1,-2.0559067935831425,0.0034844403379432,-0.004228336109521,-1.980302766747072,-0.4219524479079017,0.4274861032547319,0.1500361531928256
189592917,103858369,2020-02-16 00:00:00,467,0.2465681098204857,0,-2.635729115599072,1.9757777747829957,-2.845553237217094,-3.501441717722344,0.4254101133551597,-0.5004801821748188,0.0
189592917,431475,2020-02-16 00:00:00,343,0.1810982048574445,0,-2.635729115599072,1.9757777747829957,-2.845553237217094,-3.21628590267834,1.3079068304797057,-1.2893652475487798,-1.999141599278192
189592917,445014,2020-02-16 00:00:00,321,0.1694825765575501,0,-2.635729115599072,1.9757777747829957,-2.845553237217094,-1.4896989422297258,0.0121550859123891,-0.0129489743408024,-3.454605018917565
189592917,58594608,2020-02-16 00:00:00,315,0.1663146779303062,0,-2.635729115599072,1.9757777747829957,-2.845553237217094,-0.9924308367053746,0.1073071903096652,-0.1443482297950034,0.0
189592917,289101751,2020-02-16 00:00:00,287,0.1515311510031678,0,-2.635729115599072,1.9757777747829957,-2.845553237217094,-2.46186293385818,,9.164505835632385,0.0
224287934,104169131,2020-02-18 00:00:00,56,0.2786069651741293,0,-1.3607770274945097,2.158940240279959,-1.7687699510033568,-2.611281207650006,0.5734665833568524,-0.5982460918013679,0.0
224287934,218669,2020-02-18 00:00:00,47,0.2338308457711442,0,-1.3607770274945097,2.158940240279959,-1.7687699510033568,-2.259701604934917,0.3021878155563731,-0.1783966849206582,-1.848507606635735
224287934,289392301,2020-02-18 00:00:00,47,0.2338308457711442,0,-1.3607770274945097,2.158940240279959,-1.7687699510033568,-2.1800518631763754,,8.338544879988579,0.0
224287934,41873,2020-02-18 00:00:00,45,0.2238805970149253,0,-1.3607770274945097,2.158940240279959,-1.7687699510033568,-3.3119551511585468,0.2216347984254096,-0.1880289483448116,-0.5640667533251946
231944035,126849,2020-02-21 00:00:00,54,0.1363636363636363,0,-1.8584053473689963,2.5146074109355303,-1.3090798316371073,-2.6135873671793908,0.1395135382450769,0.0978450354075128,-0.1541934761382233
195677379,132110875,2020-02-21 00:00:00,22,0.1139896373056994,0,-0.6463086584444246,1.5543828076649295,-1.7100814382137877,1.9042007299957813,1.226674094631481,-3.401197381662155,0.0
195677379,299965828,2020-02-21 00:00:00,21,0.1088082901554404,0,-0.6463086584444246,1.5543828076649295,-1.7100814382137877,-0.5282607081355346,,5.58724865840025,0.0
131009,6173,2020-02-25 00:00:00,40,0.5128205128205128,1,,,0.6931471805599453,-0.6137909647815333,0.171377922353799,-0.0469983701046698,1.078203417036903
131009,5498,2020-02-25 00:00:00,39,0.5,1,,,0.6931471805599453,-0.2538469020537072,-0.1028584997496903,0.0344465744633391,1.31165937973131
131009,1655,2020-02-25 00:00:00,39,0.5,1,,,0.6931471805599453,0.3816830719766834,0.0604862742829021,-0.0806889112501423,-0.2193628284743036
258713743,103858181,2020-02-26 00:00:00,148,0.2305295950155763,0,-2.3807215308474845,2.280955972264902,-1.8802821053839605,-1.529162483012923,1.4184185192393208,-1.0639659662474727,0.0
258713743,290009921,2020-02-26 00:00:00,139,0.2165109034267912,0,-2.3807215308474845,2.280955972264902,-1.8802821053839605,-2.370505383809685,-2.135760892517628,5.95872280005241,0.0
258713743,324984724,2020-02-26 00:00:00,131,0.2040498442367601,0,-2.3807215308474845,2.280955972264902,-1.8802821053839605,-2.3913683796909635,,8.502485562543963,0.0
258713743,445013,2020-02-26 00:00:00,125,0.1947040498442367,0,-2.3807215308474845,2.280955972264902,-1.8802821053839605,-0.2638862800674287,0.2078910145252281,-0.1416505170630273,0.3105283413029509
258713743,218669,2020-02-26 00:00:00,113,0.17601246105919,0,-2.3807215308474845,2.280955972264902,-1.8802821053839605,-2.187324115217198,0.3337680239674347,-0.1831794444632919,1.0431069195612706
476511,163257,2020-02-26 00:00:00,99,0.1843575418994413,0,0.9755358297889722,0.6464065491629798,-1.2237754316221152,-1.4320417693576657,0.0626094625411002,0.1670540846631656,1.2464476693908946
133090,148216,2020-03-01 00:00:00,17,0.4047619047619047,0,-2.7299440330194176,2.8308478471315617,-0.8306769791511632,-2.5778503004277797,-4.456800835838148,6.100318952020064,0.0
133090,93819,2020-03-01 00:00:00,14,0.3333333333333333,0,-2.7299440330194176,2.8308478471315617,-0.8306769791511632,-0.2347444912920565,0.0,0.9103324222905238,0.0
295182630,288704213,2020-03-07 00:00:00,1231,0.5560072267389341,1,-1.3519456215566772,1.827802927076144,-2.3672907124693774,-2.797282230072344,1.6412491231591502,-2.0828777721608542,0.0
295182630,295034294,2020-03-07 00:00:00,1186,0.5356820234869015,1,-1.3519456215566772,1.827802927076144,-2.3672907124693774,-0.2355645580237632,-0.2600372104040856,0.4326776716330496,0.0
295182630,330429810,2020-03-07 00:00:00,1183,0.5343270099367661,1,-1.3519456215566772,1.827802927076144,-2.3672907124693774,-1.398180037282797,-2.1211643248329324,5.265733404887123,0.0
295182630,330358975,2020-03-07 00:00:00,1180,0.5329719963866305,1,-1.3519456215566772,1.827802927076144,-2.3672907124693774,-1.2732376716013272,-0.5296811424798986,1.994239464984756,0.0
295182630,294556791,2020-03-07 00:00:00,1179,0.532520325203252,1,-1.3519456215566772,1.827802927076144,-2.3672907124693774,0.3707992038467473,1.382199991610178,-1.701068235280025,0.0
295182630,329721621,2020-03-07 00:00:00,1178,0.5320686540198736,1,-1.3519456215566772,1.827802927076144,-2.3672907124693774,-1.2660275858038976,-1.327946468904366,2.5787790148226977,0.0
295182630,257552031,2020-03-07 00:00:00,1164,0.5257452574525745,1,-1.3519456215566772,1.827802927076144,-2.3672907124693774,-1.944161209781508,0.9796388827865978,-1.9416557286837293,0.0
295182630,328059628,2020-03-07 00:00:00,1154,0.5212285456187895,1,-1.3519456215566772,1.827802927076144,-2.3672907124693774,-4.00061632257781,-2.0881766857036723,3.132574505825815,0.0
295182630,401930197,2020-03-07 00:00:00,1148,0.5185185185185185,1,-1.3519456215566772,1.827802927076144,-2.3672907124693774,-0.973024565600038,,4.875197323201151,0.0
295182630,330722008,2020-03-07 00:00:00,1140,0.5149051490514905,1,-1.3519456215566772,1.827802927076144,-2.3672907124693774,-1.0147375766841606,-1.513412203604465,3.780204430807298,0.0
455807,126849,2020-03-09 00:00:00,89,0.126241134751773,0,-0.0513924329272547,1.0310423505217627,-1.53044950111547,-2.5086728568865024,0.0560256962172935,-0.3340253440645799,0.0947230334981608
194910861,21477,2020-03-15 00:00:00,3,0.12,0,-4.219160262724011,0.9678452802431954,-1.2866627651461933,-2.0114112720613324,-0.1426938063749088,0.0753568631038366,3.404667835283141
330429810,288704213,2020-03-15 00:00:00,1308,0.4415935178933153,0,-1.051109767308746,0.1454151139254801,-1.102367456430433,-2.0459252401112917,1.9071621171067603,-3.131762040543501,0.0
330429810,330358975,2020-03-15 00:00:00,1223,0.412896691424713,0,-1.051109767308746,0.1454151139254801,-1.102367456430433,-0.5253302106823848,0.5981776087233498,-0.2206915680669237,0.0
330429810,294556791,2020-03-15 00:00:00,1222,0.412559081701553,0,-1.051109767308746,0.1454151139254801,-1.102367456430433,0.9220735582180292,1.2406848260124834,-2.6584532599628377,0.0
330429810,295034294,2020-03-15 00:00:00,1214,0.4098582039162728,0,-1.051109767308746,0.1454151139254801,-1.102367456430433,0.1501176109550278,0.4733075499349368,-0.6677303675758228,0.0
330429810,257552031,2020-03-15 00:00:00,1205,0.4068197164078325,0,-1.051109767308746,0.1454151139254801,-1.102367456430433,-1.4639143098029173,0.5908073439831616,-0.953640036915438,0.0
330429810,329721621,2020-03-15 00:00:00,1197,0.4041188386225523,0,-1.051109767308746,0.1454151139254801,-1.102367456430433,-1.8517421382817727,-0.9558996209652896,1.791588338911902,0.0
330429810,295217300,2020-03-15 00:00:00,1186,0.400405131667792,0,-1.051109767308746,0.1454151139254801,-1.102367456430433,0.8375526197893645,1.358583455763568,-2.269832306522238,0.0
330429810,295182630,2020-03-15 00:00:00,1183,0.3993923024983119,0,-1.051109767308746,0.1454151139254801,-1.102367456430433,0.9552341510231476,1.2436085879543248,-2.369015762283655,0.0
154368,1420,2020-03-17 00:00:00,1,0.1111111111111111,0,-1.2040261946387023,1.4204499753427309,-1.2661859888275089,-0.2273116064110649,-0.3702869489295564,0.1953639872071342,0.1244541744734055
329743550,290366137,2020-03-18 00:00:00,1251,0.3825688073394495,0,-2.091492522194783,1.5413112879872566,-1.6193564067994677,0.0946924032117766,1.5662374722803665,-2.681510645867598,0.0
329743550,288704213,2020-03-18 00:00:00,1211,0.3703363914373088,0,-2.091492522194783,1.5413112879872566,-1.6193564067994677,-2.018356465030721,1.415757104014276,-2.75719127975343,0.0
329743550,41873,2020-03-18 00:00:00,1208,0.3694189602446483,0,-2.091492522194783,1.5413112879872566,-1.6193564067994677,-3.5890304503971278,-0.2409581765809698,0.1645997343244989,0.0681254316365294
329743550,224157523,2020-03-18 00:00:00,1202,0.3675840978593272,0,-2.091492522194783,1.5413112879872566,-1.6193564067994677,-1.1301106697186891,-1.8873951390319337,2.069042834458937,0.0
329743550,462262,2020-03-18 00:00:00,1180,0.3608562691131498,0,-2.091492522194783,1.5413112879872566,-1.6193564067994677,-3.2999239568505025,1.591482070630848,-1.8863161677066425,0.3938144908881895
249749,243229,2020-03-18 00:00:00,28,0.3636363636363636,0,,,1.3862943611198906,1.878950535410369,,0.6931471805599453,0.0
249749,249190,2020-03-18 00:00:00,27,0.3506493506493506,0,,,1.3862943611198906,1.878950535410369,0.3341311905501978,-0.4054651081081645,-1.0986122886681098
249749,3378,2020-03-18 00:00:00,27,0.3506493506493506,0,,,1.3862943611198906,-1.0335219401661817,0.0070047364624064,-0.1760085330780825,-0.2954642128938358
249749,164719,2020-03-18 00:00:00,27,0.3506493506493506,0,,,1.3862943611198906,1.878950535410369,0.0,0.0,0.0
249749,166745,2020-03-18 00:00:00,27,0.3506493506493506,0,,,1.3862943611198906,1.878950535410369,,0.6931471805599453,0.6931471805599453
249749,230701,2020-03-18 00:00:00,27,0.3506493506493506,0,,,1.3862943611198906,1.103008571938067,-0.7759419634723022,0.8472978603872034,0.8754687373539001
249749,242918,2020-03-18 00:00:00,27,0.3506493506493506,0,,,1.3862943611198906,1.3627690271005437,0.0550195347284423,0.6931471805599452,-0.6931471805599453
249749,230460,2020-03-18 00:00:00,27,0.3506493506493506,0,,,1.3862943611198906,1.593350013891235,-0.1742234580024011,0.0,0.0
249749,247616,2020-03-18 00:00:00,27,0.3506493506493506,0,,,1.3862943611198906,1.3077494923721014,,1.3862943611198906,0.0
249749,243196,2020-03-18 00:00:00,27,0.3506493506493506,0,,,1.3862943611198906,1.525063523819499,0.1835133362914751,-0.6539264674066638,0.1590646946296874
329762542,41873,2020-03-20 00:00:00,116,0.0972338642078793,0,-2.1220190628480187,1.9388137974808608,-1.411470516012364,-3.576636233563109,-0.1596838953998482,0.0488397145001915,0.0579043795535181
199603,170230,2020-03-25 00:00:00,35,0.4375,0,,,1.0986122886681098,0.1708158054423204,-0.0198484270673864,0.1861022796338609,0.0812629640787658
199603,229066,2020-03-25 00:00:00,35,0.4375,0,,,1.0986122886681098,-1.484675349361581,-0.0486525235011439,0.203791444318079,0.0177414470095964
199603,138291,2020-03-25 00:00:00,34,0.425,0,,,1.0986122886681098,-1.4797887463538515,-0.2428325029544493,0.557859244360646,0.0142351158218723
199603,242859,2020-03-25 00:00:00,34,0.425,0,,,1.0986122886681098,-1.6104993060556745,-0.768499826575794,1.1207818713336923,-0.2274157579952289
199603,142755,2020-03-25 00:00:00,33,0.4125,0,,,1.0986122886681098,-1.6664502613457182,-0.2777934056200355,0.4648297171577695,-0.0110072657857775
199603,125505,2020-03-25 00:00:00,33,0.4125,0,,,1.0986122886681098,0.4277546416094679,0.0816052785673993,-0.1236139559671762,-0.1352540459359694
373939189,329743550,2020-03-26 00:00:00,1033,0.4437285223367697,0,-1.8333758149924115,2.4273373873143065,-3.528668782906804,0.0623443975689847,1.9210097898077485,-2.931193752416421,0.0
373939189,41873,2020-03-26 00:00:00,1022,0.4390034364261168,0,-1.8333758149924115,2.4273373873143065,-3.528668782906804,-3.5819510115798745,-0.1282497867128809,0.2488703333635591,0.1267077233086837
373939189,288704213,2020-03-26 00:00:00,985,0.4231099656357388,0,-1.8333758149924115,2.4273373873143065,-3.528668782906804,-2.1112345034723234,0.1184546304028106,-0.1909730216526988,0.0
373939189,290366137,2020-03-26 00:00:00,977,0.4196735395189003,0,-1.8333758149924115,2.4273373873143065,-3.528668782906804,0.062458332465213,0.1055255135658134,-0.2617335485840781,0.0
373939189,62558686,2020-03-26 00:00:00,970,0.4166666666666667,0,-1.8333758149924115,2.4273373873143065,-3.528668782906804,-5.073030483510013,-0.403703037247773,0.5070282520599427,-0.1150693297847871
308949,3692,2020-04-03 00:00:00,25,0.3472222222222222,0,1.878950535410369,0.0,0.0,-1.0342649422316528,-0.2908927995472786,0.5142449387751507,0.1145067855180874
468416344,41873,2020-04-21 00:00:00,338,0.1136134453781512,0,-2.966974448017752,1.6693242962902863,-1.1963843629941788,-3.498618133962168,-0.0920645754804772,0.0969472396571315,-0.2084208236783169
468416344,398506290,2020-04-21 00:00:00,335,0.1126050420168067,0,-2.966974448017752,1.6693242962902863,-1.1963843629941788,-1.1047235656383612,0.6570083401091897,-1.331398007849777,0.0
307952132,576636763,2020-04-22 00:00:00,4,0.2105263157894736,0,-0.772019845982481,1.9126885353933796,-2.0185998824235902,0.896757972891673,,3.737669618283368,0.0
473618750,62558686,2020-04-28 00:00:00,136,0.1988304093567251,0,-1.3732248381638268,1.2963047113160249,-1.5827372971310547,-2.6394933761342303,0.4151875717547622,-0.6412239601109526,1.2655223122491277
545768427,571046639,2020-04-30 00:00:00,246,0.1556962025316455,0,-2.873127300336415,2.115940358156894,-1.2644649162300876,-2.5175568846988736,-1.0647545600908457,4.447181741998905,0.0
545768427,468416344,2020-04-30 00:00:00,244,0.1544303797468354,0,-2.873127300336415,2.115940358156894,-1.2644649162300876,-0.4482397094358207,1.821042297394432,-2.807959781894823,0.0
545768427,604932255,2020-04-30 00:00:00,234,0.1481012658227848,0,-2.873127300336415,2.115940358156894,-1.2644649162300876,-2.998803224077084,,8.773694146384443,0.0
545768427,398506290,2020-04-30 00:00:00,214,0.1354430379746835,0,-2.873127300336415,2.115940358156894,-1.2644649162300876,-1.1179343153853822,0.1559046542684663,-0.2280097409653825,0.0
43670,106100,2020-05-01 00:00:00,44,0.4631578947368421,0,0.4741206295634495,1.2377643105718206,-1.01160091167848,-0.5755487695305158,-1.5179460343762718,3.683181432999298,-5.476463551931511
43670,3337,2020-05-01 00:00:00,31,0.3263157894736842,0,0.4741206295634495,1.2377643105718206,-1.01160091167848,1.635546092128919,-0.2195379296707209,2.154664962917424,-2.813410716760036
43670,92480,2020-05-01 00:00:00,30,0.3157894736842105,0,0.4741206295634495,1.2377643105718206,-1.01160091167848,1.2158066605806093,2.7244994783721603,-2.406125771934886,-4.808927023502111
43670,91605,2020-05-01 00:00:00,29,0.3052631578947368,0,0.4741206295634495,1.2377643105718206,-1.01160091167848,-0.6100877147209751,1.96314022260186,-2.3822524957279168,0.0
554149874,41873,2020-05-01 00:00:00,61,0.2186379928315412,0,-1.3757322929302376,2.1946650513288324,-1.9291414634528623,-3.5319980651458502,-0.0154795539534373,0.0316432558250756,0.0365706869120678
554149874,224157523,2020-05-01 00:00:00,43,0.1541218637992831,0,-1.3757322929302376,2.1946650513288324,-1.9291414634528623,-4.793673028865199,0.3400102768919097,-0.3234683793026907,1.763588592261359
554149874,576421101,2020-05-01 00:00:00,43,0.1541218637992831,0,-1.3757322929302376,2.1946650513288324,-1.9291414634528623,-0.6434152621106873,-2.5223657975210565,6.75518668033753,0.0
554149874,361588,2020-05-01 00:00:00,41,0.1469534050179211,0,-1.3757322929302376,2.1946650513288324,-1.9291414634528623,-3.027977225538056,-0.1412890048827262,0.2436082509208308,0.2279981769772927
554149874,462262,2020-05-01 00:00:00,38,0.1362007168458781,0,-1.3757322929302376,2.1946650513288324,-1.9291414634528623,-2.4522328428597366,-0.0044098606886993,0.0103346959642927,0.4605122983627172
493993822,443250658,2020-05-02 00:00:00,48,0.1266490765171504,0,-1.9303488708873395,2.469070648533428,-2.648471455302196,1.717651998058217,0.2407687723904432,-0.2984929885559966,0.0
493993822,579581857,2020-05-02 00:00:00,46,0.1213720316622691,0,-1.9303488708873395,2.469070648533428,-2.648471455302196,-2.2175438476521268,-2.6009175484475024,5.900627680436205,0.0
493993822,379399457,2020-05-02 00:00:00,33,0.0870712401055409,0,-1.9303488708873395,2.469070648533428,-2.648471455302196,-3.264318759535961,-2.546849913510515,4.405261245547971,1.3862943611198906
493993822,289754060,2020-05-02 00:00:00,32,0.0844327176781002,0,-1.9303488708873395,2.469070648533428,-2.648471455302196,1.1238638287891176,0.0,0.0,1.1884161835294131
88100,3709,2020-05-06 00:00:00,13,0.40625,0,1.3077494923721014,0.2370698524880699,0.5596157879354227,0.551046945507654,0.0056211908735205,-0.0070671672230924,0.0735625671770172
88100,3340,2020-05-06 00:00:00,13,0.40625,0,1.3077494923721014,0.2370698524880699,0.5596157879354227,0.7230788279077126,-0.0022315710485302,0.0,0.064538521137571
88100,2701,2020-05-06 00:00:00,13,0.40625,0,1.3077494923721014,0.2370698524880699,0.5596157879354227,0.8387275852580839,0.0147928862513581,-0.0229895182246995,0.0482021018178775
88100,579,2020-05-06 00:00:00,13,0.40625,0,1.3077494923721014,0.2370698524880699,0.5596157879354227,-1.0406648336752076,-0.1215340513826651,0.3512704577201626,0.0813075521960398
88100,1110,2020-05-06 00:00:00,13,0.40625,0,1.3077494923721014,0.2370698524880699,0.5596157879354227,-0.1811971448731125,-0.4377089094156092,0.5609255458174864,0.2376716518771191
88100,3632,2020-05-06 00:00:00,13,0.40625,0,1.3077494923721014,0.2370698524880699,0.5596157879354227,-1.870766835684144,-0.0489761685649381,0.0206038380574593,-0.3026556142419432
468410363,604811667,2020-05-07 00:00:00,105,0.103244837758112,0,-0.4781277832879898,0.3184902961610186,-0.5812292643559598,-4.031818971379154,-5.339568463751256,9.292634389702265,0.0
468410363,224157523,2020-05-07 00:00:00,96,0.0943952802359882,0,-0.4781277832879898,0.3184902961610186,-0.5812292643559598,-3.950225750355215,1.167754727034855,-0.9448152223880316,4.896346147694128
468410363,496549942,2020-05-07 00:00:00,96,0.0943952802359882,0,-0.4781277832879898,0.3184902961610186,-0.5812292643559598,-0.4167426528052181,-1.6587295398151771,2.4020189899822326,0.0
468410363,62558686,2020-05-07 00:00:00,94,0.0924287118977384,0,-0.4781277832879898,0.3184902961610186,-0.5812292643559598,-2.5523720742304987,0.1560095015555651,-0.1989090461031839,5.023578820547315
496434177,575203514,2020-05-07 00:00:00,271,0.1276495525200188,0,-2.6073091902539467,1.8933081021661733,-2.4977602971913813,-2.560526161495151,-0.5759280381585437,1.0759321887966795,0.0
496434177,439276564,2020-05-07 00:00:00,255,0.1201130475741874,0,-2.6073091902539467,1.8933081021661733,-2.4977602971913813,1.1825932623218625,0.542974421006567,-0.8448317678920105,0.0
496434177,41873,2020-05-07 00:00:00,219,0.1031559114460668,0,-2.6073091902539467,1.8933081021661733,-2.4977602971913813,-3.59005593871904,-0.1136858139794774,0.1579827947080794,0.1302890757728665
496434177,224157523,2020-05-07 00:00:00,215,0.101271785209609,0,-2.6073091902539467,1.8933081021661733,-2.4977602971913813,-3.950225750355215,1.167754727034855,-0.9448152223880316,4.896346147694128
187717190,49239,2020-05-09 00:00:00,12,0.48,0,1.878950535410369,0.0,0.0,1.6561964083769036,,1.791759469228055,0.0
187717190,92459,2020-05-09 00:00:00,12,0.48,0,1.878950535410369,0.0,0.0,2.648213694852414,,0.6931471805599453,4.390325437488577
187717190,86167,2020-05-09 00:00:00,12,0.48,0,1.878950535410369,0.0,0.0,-2.049387614265837,-1.34627124064945,-1.585525586058545,0.0
187717190,105976,2020-05-09 00:00:00,12,0.48,0,1.878950535410369,0.0,0.0,0.2675265422198162,0.1618042942759824,-0.817515094843813,0.7722157040356388
187717190,127336,2020-05-09 00:00:00,12,0.48,0,1.878950535410369,0.0,0.0,1.71188494013527,1.2377643105718206,-1.01160091167848,-4.051784947803305
187717190,178242,2020-05-09 00:00:00,11,0.44,0,1.878950535410369,0.0,0.0,0.7365484493338337,,2.079441541679836,1.0986122886681098
187717190,66573,2020-05-09 00:00:00,11,0.44,0,1.878950535410369,0.0,0.0,1.5448193448601713,1.9726115561813944,-3.120895416507997,1.0986122886681098
187717190,84534,2020-05-09 00:00:00,11,0.44,0,1.878950535410369,0.0,0.0,1.71188494013527,1.4364984643828191,-1.2527629684953678,-5.468060141135132
490832481,224157523,2020-05-11 00:00:00,50,0.1285347043701799,0,-1.4489031929560012,2.0978402116755674,-1.9073442186617404,-3.3749680676015816,1.6762730828978492,-1.5914942307058784,3.6041382256588457
566865170,71097797,2020-05-12 00:00:00,1,0.0714285714285714,0,0.3087878127480959,0.7965134706104948,-1.1610653033146594,1.0950780887920162,-0.0546659799401805,0.0813456394539517,-1.5433992528445808
579581857,493993822,2020-05-16 00:00:00,46,0.1197916666666666,0,-2.2175438476521268,3.1265284930622714,-3.197031829683376,0.7316980207358602,0.1929762430897721,-0.6616839111041601,0.0
579581857,664928351,2020-05-16 00:00:00,41,0.1067708333333333,0,-2.2175438476521268,3.1265284930622714,-3.197031829683376,-1.0593551019562448,,7.461065514354283,0.0
579581857,224157523,2020-05-16 00:00:00,35,0.0911458333333333,0,-2.2175438476521268,3.1265284930622714,-3.197031829683376,-2.873648664996653,1.7900116938226054,-2.235898980514317,2.1645794199746025
44078,32716,2020-05-16 00:00:00,516,0.3394736842105263,0,0.6599032790877193,0.7324475911163195,-1.902369340772025,1.3943463855475604,0.8277233370428898,-1.9760631872260008,-1.2704625455947696
44078,40461,2020-05-16 00:00:00,489,0.3217105263157894,0,0.6599032790877193,0.7324475911163195,-1.902369340772025,1.6763461666316528,0.8464369481732721,-2.1613586641477225,-1.4458084886522982
44078,2532,2020-05-16 00:00:00,484,0.3184210526315789,0,0.6599032790877193,0.7324475911163195,-1.902369340772025,-2.7464774065751603,0.0244566675153388,-0.0362381524257919,-0.1330106270874314
44078,4816,2020-05-16 00:00:00,480,0.3157894736842105,0,0.6599032790877193,0.7324475911163195,-1.902369340772025,-1.312009218352532,0.1362185290825053,-0.2325235054440249,-0.2855171008332657
44078,40839,2020-05-16 00:00:00,478,0.3144736842105263,0,0.6599032790877193,0.7324475911163195,-1.902369340772025,1.6976781097683058,0.9274248877709388,-2.1710450717544485,-1.212136114965097
44078,6002,2020-05-16 00:00:00,474,0.3118421052631579,0,0.6599032790877193,0.7324475911163195,-1.902369340772025,-2.4081715279818825,0.0474158758092371,-0.0560259658519708,-0.1950287847362357
44078,379,2020-05-16 00:00:00,474,0.3118421052631579,0,0.6599032790877193,0.7324475911163195,-1.902369340772025,-1.091725626703115,0.1469022428819915,-0.2703405974152932,-0.1495515608820312
639248915,666355503,2020-05-21 00:00:00,244,0.2444889779559118,0,-2.623400945130077,2.059604613608113,-0.4944249197327144,-2.608540490897115,,9.268326221174837,0.0
639248915,575203514,2020-05-21 00:00:00,222,0.2224448897795591,0,-2.623400945130077,2.059604613608113,-0.4944249197327144,0.0434747294583773,2.6040008909535284,-3.7495881060131904,0.0
639248915,496434177,2020-05-21 00:00:00,139,0.1392785571142284,0,-2.623400945130077,2.059604613608113,-0.4944249197327144,-0.2803238333756556,0.4336772547121175,-0.7313851943142762,0.0
671377379,477404,2020-06-05 00:00:00,9,0.36,0,-1.5102413978448184,0.8517106048048259,-0.892995169270633,-0.3284063108312144,0.0,0.0,-0.2081557603487178
519228954,687449525,2020-06-05 00:00:00,28,0.1044776119402985,0,-0.4383545668382256,0.850174256094919,-0.9300209246860563,-0.3374505529793182,-1.2888432047009395,3.710240581113304,0.0
743477950,41873,2020-06-18 00:00:00,369,0.2451827242524916,0,-2.423643705941418,2.056985360089794,-2.1095730557273606,-3.169429515514018,0.2352210324150809,-0.3027879024348401,0.087346693162388
743477950,734194786,2020-06-18 00:00:00,293,0.1946843853820598,0,-2.423643705941418,2.056985360089794,-2.1095730557273606,-3.504010669132552,1.2985910910058878,-1.6831529502563818,0.0
743477950,496549942,2020-06-18 00:00:00,269,0.1787375415282392,0,-2.423643705941418,2.056985360089794,-2.1095730557273606,-5.110649152731161,-0.3525740880997601,0.2913184650447391,1.5869650565820417
742566248,689017671,2020-06-19 00:00:00,8,0.0909090909090909,0,0.2873825758048874,0.5686671408895998,-1.2299482907291963,1.6089452384260268,0.9847639103625409,-1.6789639750827106,0.0
736059360,833368640,2020-06-19 00:00:00,210,0.1070336391437308,0,-2.637799208508063,1.7132262888572027,-1.9557462939320256,-2.301719402129743,,8.20166019080868,0.0
736059360,662457437,2020-06-19 00:00:00,200,0.1019367991845056,0,-2.637799208508063,1.7132262888572027,-1.9557462939320256,0.0145370050094099,1.592049679891637,-2.8359039286390058,0.0
739567923,496549942,2020-06-22 00:00:00,88,0.3247232472324723,0,-0.7213725881131443,1.164599358090491,-2.216988066455059,-5.024922660828547,0.0659336326226709,-0.0612338595271619,0.7884573603642702
739567923,379399457,2020-06-22 00:00:00,85,0.3136531365313653,0,-0.7213725881131443,1.164599358090491,-2.216988066455059,-3.091971397952637,0.5542216544461067,-0.8746684075512494,0.2266258531500842
739567923,878445230,2020-06-22 00:00:00,81,0.2988929889298893,0,-0.7213725881131443,1.164599358090491,-2.216988066455059,1.498149840051524,,2.302585092994046,0.0
739567923,462262,2020-06-22 00:00:00,81,0.2988929889298893,0,-0.7213725881131443,1.164599358090491,-2.216988066455059,-2.4141198323870934,0.0261956531343332,-0.0294420708574936,-0.0266322836210335
739567923,62558686,2020-06-22 00:00:00,79,0.2915129151291513,0,-0.7213725881131443,1.164599358090491,-2.216988066455059,-2.4351014989566684,0.0156869381326507,-0.0180352569035147,-1.3751908927683942
739567923,793432116,2020-06-22 00:00:00,78,0.2878228782287823,0,-0.7213725881131443,1.164599358090491,-2.216988066455059,-3.5900451985021857,0.590499520116142,0.2965190456765647,0.0
739567923,393106372,2020-06-22 00:00:00,77,0.2841328413284132,0,-0.7213725881131443,1.164599358090491,-2.216988066455059,-2.750990126926824,0.0728708208598805,0.1457834837971443,0.0191699161077201
798508092,828630435,2020-06-24 00:00:00,259,0.199537750385208,0,-2.848987094394696,2.209087240363809,-1.0208263948997462,-2.7232659120441345,-3.5698534308348533,7.111279043426695,0.0
808646832,41873,2020-06-25 00:00:00,263,0.2145187601957585,0,-2.5538566300878918,1.7398101285090737,-0.5369738008633798,-3.1282099045035685,0.1282287410392029,-0.1653861809903674,0.0518435107720645
808646832,496549942,2020-06-25 00:00:00,207,0.1688417618270799,0,-2.5538566300878918,1.7398101285090737,-0.5369738008633798,-4.762254447762726,0.3944972068395831,-0.3678935280163689,1.7047480922384253
808646832,379399457,2020-06-25 00:00:00,186,0.1517128874388254,0,-2.5538566300878918,1.7398101285090737,-0.5369738008633798,-3.110916337823012,0.1948490813173915,-0.1742337694206259,2.5721581239701257
798516577,833368640,2020-06-26 00:00:00,186,0.1704857928505957,0,-2.7198009564227204,2.211626617308137,-2.115293943245925,-2.7485161476975484,-1.3923170403877867,3.441666372707544,0.0
798516577,736059360,2020-06-26 00:00:00,166,0.152153987167736,0,-2.7198009564227204,2.211626617308137,-2.115293943245925,-0.3759793362954448,1.80768203527346,-2.709289742630612,0.0
775432582,666355503,2020-06-26 00:00:00,231,0.2931472081218274,0,-1.8255765215550777,2.390405832863413,-3.460738775353172,-0.2183787186152765,1.540488834004595,-2.6048998434574075,0.0
775432582,808858210,2020-06-26 00:00:00,230,0.2918781725888325,0,-1.8255765215550777,2.390405832863413,-3.460738775353172,-2.783890241537654,-1.224056675845851,1.3751515511154189,0.0
775432582,496434177,2020-06-26 00:00:00,103,0.1307106598984771,0,-1.8255765215550777,2.390405832863413,-3.460738775353172,-0.2457395597395809,0.0432408610063882,-0.0404913613547375,-0.7536173979909897
775432582,575203514,2020-06-26 00:00:00,103,0.1307106598984771,0,-1.8255765215550777,2.390405832863413,-3.460738775353172,0.2780009859735176,0.0045220222412912,0.0300022503037986,9.050406334059858
775432582,639248915,2020-06-26 00:00:00,100,0.1269035532994923,0,-1.8255765215550777,2.390405832863413,-3.460738775353172,0.98599801171544,0.0305372740689723,-0.0413852161628547,0.0
775432582,379399457,2020-06-26 00:00:00,88,0.1116751269035533,0,-1.8255765215550777,2.390405832863413,-3.460738775353172,-3.117692072277201,0.1267419088410375,-0.0791703764728062,2.838611467825773
162471,106650,2020-07-01 00:00:00,121,0.545045045045045,1,0.0533013457489093,-4.292751900727708,3.933402032104937,-2.076509589493692,,5.493061443340548,0.0213227694688216
162471,264,2020-07-01 00:00:00,120,0.5405405405405406,1,0.0533013457489093,-4.292751900727708,3.933402032104937,1.5440709311768956,-0.2781534439575988,1.056052674249314,-1.0986122886681098
162471,105969,2020-07-01 00:00:00,118,0.5315315315315315,1,0.0533013457489093,-4.292751900727708,3.933402032104937,-1.2198684840013063,0.836038309581836,0.2652811357626143,-1.6094379124341005
104096305,104785006,2020-07-08 00:00:00,19,0.5428571428571428,1,0.1586435142872203,0.5087347522398911,-1.138956081218624,0.8015263234856747,0.0648875506733522,0.0294138852062939,-0.8131064956389245
104096305,195995266,2020-07-08 00:00:00,10,0.2857142857142857,0,0.1586435142872203,0.5087347522398911,-1.138956081218624,0.7105064696995335,1.2593796570183935,-1.40609698841607,-0.9610567457438616
104096305,467829,2020-07-08 00:00:00,7,0.2,0,0.1586435142872203,0.5087347522398911,-1.138956081218624,-1.793811617445341,-0.0414029232511443,0.0481661391881838,0.0375718359858181
104096305,61416813,2020-07-08 00:00:00,7,0.2,0,0.1586435142872203,0.5087347522398911,-1.138956081218624,-2.3677538499131887,-0.0098197823773409,0.0109380927494004,-0.0419390534287664
871141050,41873,2020-07-09 00:00:00,295,0.2231467473524962,0,-2.335277553120388,1.8060868235523293,-1.2391273932524092,-3.069783331784698,0.0584265727188704,-0.0686515745553109,0.114271116619502
799043138,496549942,2020-07-10 00:00:00,151,0.2005312084993359,0,-0.947067215057902,0.4059159174700738,-0.6008260565820862,-3.386967294529338,1.2755301780416808,-1.637001698203541,1.263396224796737
836613097,496549942,2020-07-15 00:00:00,91,0.0962962962962963,0,-1.143893652938381,0.6855899894236719,-1.7012158763260563,-3.35296097495427,0.7439766983434937,-1.2374542067925844,0.4546243440662483
836613097,379399457,2020-07-15 00:00:00,91,0.0962962962962963,0,-1.143893652938381,0.6855899894236719,-1.7012158763260563,-2.790061142248416,0.1538054959501624,-0.3057236836439134,1.0385282904503246
836613097,224157523,2020-07-15 00:00:00,85,0.0899470899470899,0,-1.143893652938381,0.6855899894236719,-1.7012158763260563,-2.6215538507888225,-0.0408337303969745,0.0544520522422065,-2.235898980514317
836613097,62558686,2020-07-15 00:00:00,84,0.0888888888888888,0,-1.143893652938381,0.6855899894236719,-1.7012158763260563,-2.431047142732175,0.0388398575417778,-0.0726764873517549,-0.1216136265332732
836613097,431475,2020-07-15 00:00:00,84,0.0888888888888888,0,-1.143893652938381,0.6855899894236719,-1.7012158763260563,-2.4732129739149573,-0.0472577926887223,0.0634368037842598,-0.0263316268620368
128160,16758,2020-07-19 00:00:00,24,0.5,1,,,2.772588722239781,1.361874514386419,-0.1479427018672667,1.3437347467010947,-0.8145080375642131
128160,47814,2020-07-19 00:00:00,24,0.5,1,,,2.772588722239781,2.3917926417050657,,1.3862943611198906,-0.916290731874155
128160,95770,2020-07-19 00:00:00,23,0.4791666666666667,0,,,2.772588722239781,2.07126632527088,,1.6094379124341005,-1.3862943611198906
128160,216295132,2020-07-19 00:00:00,23,0.4791666666666667,0,,,2.772588722239781,1.71188494013527,,2.5649493574615367,-1.0986122886681098
128160,69963305,2020-07-19 00:00:00,23,0.4791666666666667,0,,,2.772588722239781,1.878950535410369,,1.6094379124341005,-1.0986122886681098
128160,55820,2020-07-19 00:00:00,23,0.4791666666666667,0,,,2.772588722239781,1.3077494923721014,-0.1580465683253797,0.8109302162163288,-0.8362480242006187
268863364,231957583,2020-07-19 00:00:00,39,0.609375,1,1.51230718261437,-0.1198898857822439,-1.4805468993660802,1.2952795906696055,-0.2987352117750612,0.503905180921417,1.6094379124341005
268863364,2532,2020-07-19 00:00:00,39,0.609375,1,1.51230718261437,-0.1198898857822439,-1.4805468993660802,-2.7928552439172107,-0.0773385501470587,0.0775503809221742,-0.039625130566284
268863364,3693,2020-07-19 00:00:00,37,0.578125,1,1.51230718261437,-0.1198898857822439,-1.4805468993660802,-0.4230427763058369,-0.0102020974506527,0.0651393021709614,-0.1447744841987033
268863364,62416,2020-07-19 00:00:00,36,0.5625,1,1.51230718261437,-0.1198898857822439,-1.4805468993660802,1.6407639843888489,0.0270709989103834,0.5465437063680696,1.7917594692280547
268863364,209893,2020-07-19 00:00:00,36,0.5625,1,1.51230718261437,-0.1198898857822439,-1.4805468993660802,1.4861452729273452,0.1298234830659697,-0.1053605156578263,2.995732273553991
268863364,91779,2020-07-19 00:00:00,36,0.5625,1,1.51230718261437,-0.1198898857822439,-1.4805468993660802,1.494749877365676,-0.2186015587840064,0.3646431135879093,2.4849066497880004
268863364,42264,2020-07-19 00:00:00,36,0.5625,1,1.51230718261437,-0.1198898857822439,-1.4805468993660802,1.2268574606348104,-0.3249248372828264,0.3136575588550414,0.4434925036974033
268863364,42340,2020-07-19 00:00:00,36,0.5625,1,1.51230718261437,-0.1198898857822439,-1.4805468993660802,1.5514318533947036,-0.1429520224373239,0.6931471805599454,1.8458266904983305
268863364,45826,2020-07-19 00:00:00,35,0.546875,1,1.51230718261437,-0.1198898857822439,-1.4805468993660802,1.5340050530364489,-0.1964427310182768,0.6567795363890707,1.8718021769015916
268863364,46841,2020-07-19 00:00:00,35,0.546875,1,1.51230718261437,-0.1198898857822439,-1.4805468993660802,1.5405246272237896,-0.1001152795502318,0.3022808718729335,1.5404450409471486
910841767,5366,2020-07-19 00:00:00,1,0.0588235294117647,0,-4.583318790611256,0.5654336162799165,-1.178221025063733,0.7629800616727469,-0.409506539662628,1.7107904066943878,-1.3010297094652024
829647656,41873,2020-07-20 00:00:00,132,0.1251184834123222,0,-1.8400898647972677,1.7142739009414971,-1.887987501322609,-3.1063313873399947,-0.0153418485073331,0.0145193113244541,-0.1130637279886901
935439957,998385173,2020-07-21 00:00:00,20,0.1111111111111111,0,-1.052018532233697,0.6536169403615715,-0.9852011257331164,0.3575825041889451,,4.8283137373023015,0.0
935439957,836613097,2020-07-21 00:00:00,19,0.1055555555555555,0,-1.052018532233697,0.6536169403615715,-0.9852011257331164,-0.1045924720290039,0.8635872397430422,-1.8142323250801136,0.0
469009,322654723,2020-07-21 00:00:00,20,0.7407407407407407,1,1.5448193448601713,0.1093319598803603,1.466337068793427,1.8264872037618824,,2.19722457733622,0.0
469009,241397,2020-07-21 00:00:00,20,0.7407407407407407,1,1.5448193448601713,0.1093319598803603,1.466337068793427,1.753651338954045,,2.4849066497880004,0.0
469009,470004,2020-07-21 00:00:00,20,0.7407407407407407,1,1.5448193448601713,0.1093319598803603,1.466337068793427,1.668018608589225,0.1231992637290537,1.9459101490553128,0.0
469009,470337,2020-07-21 00:00:00,19,0.7037037037037037,1,1.5448193448601713,0.1093319598803603,1.466337068793427,1.74529805919029,0.2004787143301187,0.980829253011726,0.0
469009,470016,2020-07-21 00:00:00,19,0.7037037037037037,1,1.5448193448601713,0.1093319598803603,1.466337068793427,1.7834844809674553,-0.0954660544429137,1.6094379124341005,0.0
469009,469935,2020-07-21 00:00:00,19,0.7037037037037037,1,1.5448193448601713,0.1093319598803603,1.466337068793427,1.6166847662955588,-0.2622657691148102,1.791759469228055,-0.6931471805599453
469009,34560,2020-07-21 00:00:00,18,0.6666666666666666,1,1.5448193448601713,0.1093319598803603,1.466337068793427,0.5243811813634643,-0.0282816043873849,0.127155175485246,0.0
469009,229034,2020-07-21 00:00:00,18,0.6666666666666666,1,1.5448193448601713,0.1093319598803603,1.466337068793427,1.5130656668762008,-0.0317536779839704,2.3978952727983707,-0.6931471805599453
469009,469590,2020-07-21 00:00:00,18,0.6666666666666666,1,1.5448193448601713,0.1093319598803603,1.466337068793427,1.7734838727941733,0.228664527934002,1.897119984885881,0.0
469009,53815011,2020-07-21 00:00:00,18,0.6666666666666666,1,1.5448193448601713,0.1093319598803603,1.466337068793427,1.878950535410369,0.0,0.4054651081081645,0.0
147530,55287,2020-07-22 00:00:00,16,0.5333333333333333,1,,,6.115892125483034,-0.3796905214606841,0.167779569558878,-0.2035989552412394,0.9028677115420144
147530,41852,2020-07-22 00:00:00,15,0.5,1,,,6.115892125483034,1.033012549080742,,3.4657359027997265,-4.4953553199808844
147530,116275,2020-07-22 00:00:00,14,0.4666666666666667,0,,,6.115892125483034,1.5014071820997432,-0.0627633634197064,0.4054651081081644,1.0986122886681098
147530,86176,2020-07-22 00:00:00,14,0.4666666666666667,0,,,6.115892125483034,0.2605935895010928,0.0484552702110295,-0.1159989138628816,0.0269558099885278
147530,95569,2020-07-22 00:00:00,14,0.4666666666666667,0,,,6.115892125483034,-0.4329688110869424,-0.0017572070619264,0.0022246950221109,0.0
147530,78476,2020-07-22 00:00:00,14,0.4666666666666667,0,,,6.115892125483034,1.878950535410369,,0.6931471805599453,1.8971199848858813
352246901,469590,2020-07-25 00:00:00,21,0.65625,1,1.878950535410369,-2.220446049250313e-16,1.0986122886681096,1.7770910434492324,-0.0350332538510971,1.0986122886681098,0.6931471805599453
352246901,470150,2020-07-25 00:00:00,21,0.65625,1,1.878950535410369,-2.220446049250313e-16,1.0986122886681096,1.71188494013527,-0.167065595275099,1.252762968495368,0.0
352246901,30216,2020-07-25 00:00:00,20,0.625,1,1.878950535410369,-2.220446049250313e-16,1.0986122886681096,0.2120817169842784,-0.1786796811071097,0.2357223335210694,-0.0689928714869507
352246901,417264,2020-07-25 00:00:00,20,0.625,1,1.878950535410369,-2.220446049250313e-16,1.0986122886681096,1.7770910434492324,-0.0183266943235871,1.252762968495368,-0.6931471805599453
352246901,468949,2020-07-25 00:00:00,20,0.625,1,1.878950535410369,-2.220446049250313e-16,1.0986122886681096,1.7443480236746365,-0.0510697140981832,1.3862943611198908,0.0
352246901,470495,2020-07-25 00:00:00,20,0.625,1,1.878950535410369,-2.220446049250313e-16,1.0986122886681096,1.878950535410369,,1.6094379124341005,-0.6931471805599453
352246901,251214405,2020-07-25 00:00:00,20,0.625,1,1.878950535410369,-2.220446049250313e-16,1.0986122886681096,1.7401577185668289,-0.1387928168435404,1.3862943611198906,0.0
352246901,315763009,2020-07-25 00:00:00,20,0.625,1,1.878950535410369,-2.220446049250313e-16,1.0986122886681096,1.6566999558973712,-0.6068821592340203,1.8458266904983305,0.0
352246901,510402547,2020-07-25 00:00:00,20,0.625,1,1.878950535410369,-2.220446049250313e-16,1.0986122886681096,2.1605999735170056,0.2816494381066365,2.602689685444384,0.0
352246901,204299,2020-07-25 00:00:00,20,0.625,1,1.878950535410369,-2.220446049250313e-16,1.0986122886681096,1.6561964083769036,-0.2227541270334654,1.0986122886681096,0.0
352246901,30979992,2020-07-25 00:00:00,20,0.625,1,1.878950535410369,-2.220446049250313e-16,1.0986122886681096,1.7862489382044953,0.1551910876218589,0.7419373447293771,0.0
127305,314801,2020-07-27 00:00:00,20,0.6666666666666666,1,1.7675734718936364,0.0166821944504911,1.33500106673234,1.8562723563859655,0.3114530115257945,1.203972804325936,0.0
127305,468949,2020-07-27 00:00:00,18,0.6,1,1.7675734718936364,0.0166821944504911,1.33500106673234,1.733993984310349,-0.0892680193416539,1.056052674249314,0.0
127305,197775202,2020-07-27 00:00:00,18,0.6,1,1.7675734718936364,0.0166821944504911,1.33500106673234,2.07126632527088,,1.6094379124341005,0.0
127305,1018017824,2020-07-27 00:00:00,18,0.6,1,1.7675734718936364,0.0166821944504911,1.33500106673234,1.878950535410369,,0.6931471805599453,0.0
127305,83896,2020-07-27 00:00:00,18,0.6,1,1.7675734718936364,0.0166821944504911,1.33500106673234,2.07126632527088,0.192315789860511,0.916290731874155,0.0
127305,469059,2020-07-27 00:00:00,18,0.6,1,1.7675734718936364,0.0166821944504911,1.33500106673234,1.8915756327030755,0.1796906925678052,0.4054651081081644,0.0
127305,76031367,2020-07-27 00:00:00,18,0.6,1,1.7675734718936364,0.0166821944504911,1.33500106673234,1.9514725302256768,0.0725219948153077,0.980829253011726,0.0
127305,88459552,2020-07-27 00:00:00,18,0.6,1,1.7675734718936364,0.0166821944504911,1.33500106673234,1.8789505354103688,-4.440892098500626e-16,1.3862943611198904,0.0
127305,518078710,2020-07-27 00:00:00,18,0.6,1,1.7675734718936364,0.0166821944504911,1.33500106673234,1.71188494013527,-0.167065595275099,0.2876820724517808,0.0
127305,468943,2020-07-27 00:00:00,18,0.6,1,1.7675734718936364,0.0166821944504911,1.33500106673234,2.0408279880979263,0.1618774526875572,1.0986122886681096,0.0
127305,30979992,2020-07-27 00:00:00,18,0.6,1,1.7675734718936364,0.0166821944504911,1.33500106673234,1.7791180461117355,0.0772337141497472,0.5108256237659905,0.0
127305,510870918,2020-07-27 00:00:00,18,0.6,1,1.7675734718936364,0.0166821944504911,1.33500106673234,1.7806462983112374,-0.0983042370991316,2.0149030205422647,0.0
939605254,809086648,2020-07-28 00:00:00,24,0.1889763779527559,0,-1.1913830091903874,1.7127353815127604,-1.6094379124341005,1.5532419309162926,2.8224167474478103,-3.872724240448412,0.0
939605254,808858210,2020-07-28 00:00:00,21,0.1653543307086614,0,-1.1913830091903874,1.7127353815127604,-1.6094379124341005,-0.4091050211386427,1.77531969245736,-2.3116544706419058,0.0
939605254,666355503,2020-07-28 00:00:00,17,0.1338582677165354,0,-1.1913830091903874,1.7127353815127604,-1.6094379124341005,-0.1496018437835992,0.0540209161108724,-0.2279103291518636,1.247797221872636
939605254,664928351,2020-07-28 00:00:00,17,0.1338582677165354,0,-1.1913830091903874,1.7127353815127604,-1.6094379124341005,0.4741206295634495,0.0730986434189842,-0.2731136566234902,1.063897852732861
469704,212178,2020-07-29 00:00:00,17,0.7727272727272727,1,2.2635821151313915,-0.5271035537906292,1.2992829841302609,1.770862986776929,-0.0338361729556184,0.3483066942682158,0.6931471805599453
469704,36005798,2020-07-29 00:00:00,17,0.7727272727272727,1,2.2635821151313915,-0.5271035537906292,1.2992829841302609,1.7687976174829274,-0.1101529179274416,1.2809338454620642,0.0
469704,200051585,2020-07-29 00:00:00,17,0.7727272727272727,1,2.2635821151313915,-0.5271035537906292,1.2992829841302609,1.6447697911976915,-0.167354506102638,0.4307829160924541,0.0
469704,321286,2020-07-29 00:00:00,16,0.7272727272727273,1,2.2635821151313915,-0.5271035537906292,1.2992829841302609,1.878950535410369,-0.2564210531473483,0.0,0.0
469704,469761,2020-07-29 00:00:00,16,0.7272727272727273,1,2.2635821151313915,-0.5271035537906292,1.2992829841302609,1.6123432700073463,-0.2666072654030227,2.03688192726104,0.0
469704,470023,2020-07-29 00:00:00,16,0.7272727272727273,1,2.2635821151313915,-0.5271035537906292,1.2992829841302609,1.6541513047405318,-0.6094308103908597,1.466337068793427,0.0
469704,470836,2020-07-29 00:00:00,16,0.7272727272727273,1,2.2635821151313915,-0.5271035537906292,1.2992829841302609,1.577173124214214,-0.3017774111961551,1.252762968495368,-0.6931471805599453
469704,470413,2020-07-29 00:00:00,16,0.7272727272727273,1,2.2635821151313915,-0.5271035537906292,1.2992829841302609,1.7072801168122071,-0.4280914717455102,1.5581446180465497,0.0
469704,483912685,2020-07-29 00:00:00,16,0.7272727272727273,1,2.2635821151313915,-0.5271035537906292,1.2992829841302609,1.814059417366257,-0.064891118044112,1.945910149055313,0.0
469704,469330,2020-07-29 00:00:00,16,0.7272727272727273,1,2.2635821151313915,-0.5271035537906292,1.2992829841302609,1.754146108269385,-0.124804427140984,1.7917594692280547,-0.6931471805599453
469704,469588,2020-07-29 00:00:00,16,0.7272727272727273,1,2.2635821151313915,-0.5271035537906292,1.2992829841302609,2.152205051614659,0.2732545162042901,0.916290731874155,0.0
469704,469780,2020-07-29 00:00:00,16,0.7272727272727273,1,2.2635821151313915,-0.5271035537906292,1.2992829841302609,1.6932279938035453,,2.8903717578961645,0.0
93853,3475,2020-07-29 00:00:00,75,0.3826530612244898,0,1.878950535410369,-1.5173621427993291,3.3141860046725258,-0.2454902367754107,0.2625618271589814,-1.1428569904658676,0.0741079721537216
93853,3692,2020-07-29 00:00:00,71,0.3622448979591837,0,1.878950535410369,-1.5173621427993291,3.3141860046725258,-1.5750703309251657,-0.2459679353006054,-0.0249934909259295,0.0247677227072031
93853,26356,2020-07-29 00:00:00,71,0.3622448979591837,0,1.878950535410369,-1.5173621427993291,3.3141860046725258,-1.4818420873885625,-0.2130119167856237,-0.0017143840989648,0.0796013689389001
93853,703850880,2020-07-29 00:00:00,69,0.3520408163265306,0,1.878950535410369,-1.5173621427993291,3.3141860046725258,-0.9493758050840934,0.2891646461494453,-0.3148804017090896,5.594711379601839
93853,2810,2020-07-29 00:00:00,68,0.3469387755102041,0,1.878950535410369,-1.5173621427993291,3.3141860046725258,-1.2815098528653794,0.1203535119728238,-0.383735697942285,-0.4785093018142952
199470,2965,2020-07-30 00:00:00,18,0.75,1,1.878950535410369,-0.167065595275099,0.2876820724517808,1.766272042306854,-0.1126784931035149,1.6739764335716714,0.0
199470,198672,2020-07-30 00:00:00,18,0.75,1,1.878950535410369,-0.167065595275099,0.2876820724517808,2.1800493174938422,0.635229972633671,0.6931471805599452,0.6931471805599453
199470,34560,2020-07-30 00:00:00,17,0.7083333333333334,1,1.878950535410369,-0.167065595275099,0.2876820724517808,0.4815669620726499,-0.0597600984911998,-0.149035579160488,0.0153849188394792
199470,198401,2020-07-30 00:00:00,17,0.7083333333333334,1,1.878950535410369,-0.167065595275099,0.2876820724517808,1.800452509951615,,2.19722457733622,0.0
199470,61415840,2020-07-30 00:00:00,17,0.7083333333333334,1,1.878950535410369,-0.167065595275099,0.2876820724517808,1.878950535410369,-0.0505003891708246,0.2876820724517808,0.0
199470,470023,2020-07-30 00:00:00,17,0.7083333333333334,1,1.878950535410369,-0.167065595275099,0.2876820724517808,1.6064182775190747,-0.5289533110386426,1.2527629684953678,0.0
199470,197775202,2020-07-30 00:00:00,16,0.6666666666666666,1,1.878950535410369,-0.167065595275099,0.2876820724517808,1.878950535410369,-0.3846315797210224,0.0,0.0
199470,212821,2020-07-30 00:00:00,16,0.6666666666666666,1,1.878950535410369,-0.167065595275099,0.2876820724517808,1.878950535410369,-0.2272415847755629,0.0,0.0
199470,499387443,2020-07-30 00:00:00,16,0.6666666666666666,1,1.878950535410369,-0.167065595275099,0.2876820724517808,1.58401866564311,-0.2949318697672589,2.3978952727983707,1.0986122886681098
199470,69963305,2020-07-30 00:00:00,16,0.6666666666666666,1,1.878950535410369,-0.167065595275099,0.2876820724517808,1.9042007299957813,0.0252501945854122,0.5596157879354227,0.0
199470,641535150,2020-07-30 00:00:00,16,0.6666666666666666,1,1.878950535410369,-0.167065595275099,0.2876820724517808,1.8957839984673104,0.0168334630569415,0.916290731874155,0.6931471805599453
123952,80049,2020-07-31 00:00:00,27,0.3033707865168539,0,,,0.6931471805599453,1.878950535410369,,0.6931471805599453,0.0
123952,274730341,2020-07-31 00:00:00,26,0.2921348314606741,0,,,0.6931471805599453,1.5448193448601713,,1.0986122886681098,1.3862943611198906
123952,71,2020-07-31 00:00:00,26,0.2921348314606741,0,,,0.6931471805599453,1.3349823179303923,-0.1129512035710424,-0.0273989741881144,0.1201443118420635
123952,467022,2020-07-31 00:00:00,26,0.2921348314606741,0,,,0.6931471805599453,1.8103062893538917,-0.0686442460564773,0.0,1.6739764335716714
123952,274730318,2020-07-31 00:00:00,26,0.2921348314606741,0,,,0.6931471805599453,1.5448193448601713,,1.0986122886681098,0.0
123952,218977,2020-07-31 00:00:00,25,0.2808988764044944,0,,,0.6931471805599453,1.3077494923721014,,1.3862943611198906,0.0
123952,207532,2020-07-31 00:00:00,25,0.2808988764044944,0,,,0.6931471805599453,1.878950535410369,,0.6931471805599453,-0.6931471805599453
254978,53725,2020-07-31 00:00:00,29,0.4202898550724637,0,,,1.0986122886681098,0.1731641556837494,1.416401241870557,-0.8140997909776075,0.771215553929764
254978,170230,2020-07-31 00:00:00,26,0.3768115942028985,0,,,1.0986122886681098,0.2081135207463439,-0.0398624717084888,-0.1471576443362874,0.1159989138628816
254978,142755,2020-07-31 00:00:00,26,0.3768115942028985,0,,,1.0986122886681098,-0.9297793284147526,0.067422330714756,-0.3885805934061563,-0.083719579989415
254978,239887,2020-07-31 00:00:00,25,0.3623188405797101,0,,,1.0986122886681098,1.5641705455194497,,1.3862943611198906,0.0
941000763,1002085156,2020-08-01 00:00:00,27,0.0407239819004524,0,-0.7925123989119722,1.2390102245532733,-2.085499543763751,-0.917218343005914,-1.2445601740365488,3.212186836717404,0.0
941000763,833372409,2020-08-01 00:00:00,27,0.0407239819004524,0,-0.7925123989119722,1.2390102245532733,-2.085499543763751,-0.3670567171695084,1.2111936604813762,-2.081753681438216,0.0
96094,197679,2020-08-01 00:00:00,32,0.5079365079365079,1,,,5.82600010738045,-0.0970804134748183,-1.3877787807814457e-17,-0.2402379846735103,-0.2191085761020303
96094,134596,2020-08-01 00:00:00,31,0.492063492063492,0,,,5.82600010738045,1.5448193448601713,1.2694328691077204,-1.5404450409471486,-1.6650077635889111
96094,91574,2020-08-01 00:00:00,31,0.492063492063492,0,,,5.82600010738045,-0.1687837842546322,0.0024028669011263,-0.2434092487737924,-0.101684040928518
96094,128049,2020-08-01 00:00:00,29,0.4603174603174603,0,,,5.82600010738045,-0.1087847834116433,-0.955372302202362,3.667217957332757,-3.2708355637989115
96094,206639,2020-08-01 00:00:00,29,0.4603174603174603,0,,,5.82600010738045,1.5448193448601713,,1.0986122886681098,-0.5108256237659905
210808,469565,2020-08-03 00:00:00,15,0.0604838709677419,0,,,2.19722457733622,1.8181994098557877,-0.0040249652787069,-0.0689928714869516,0.0
210808,228752,2020-08-03 00:00:00,15,0.0604838709677419,0,,,2.19722457733622,1.249103017473021,-0.4652416572848994,0.7731898882334818,0.0
210808,202671119,2020-08-03 00:00:00,15,0.0604838709677419,0,,,2.19722457733622,2.07126632527088,0.192315789860511,0.2231435513142097,0.6931471805599453
210808,394239785,2020-08-03 00:00:00,14,0.0564516129032258,0,,,2.19722457733622,1.7878238470784966,0.0556214505326704,-0.2876820724517808,0.0
210808,488776048,2020-08-03 00:00:00,14,0.0564516129032258,0,,,2.19722457733622,1.7837612171623924,-0.8644524776900215,1.6094379124341005,0.0
210808,279584449,2020-08-03 00:00:00,14,0.0564516129032258,0,,,2.19722457733622,1.7662720423068543,-0.0611092564890831,0.0,0.0
210808,65933539,2020-08-03 00:00:00,14,0.0564516129032258,0,,,2.19722457733622,1.7675734718936364,-0.496008643237755,0.5108256237659905,0.6931471805599453
210808,492366870,2020-08-03 00:00:00,14,0.0564516129032258,0,,,2.19722457733622,1.936162598620501,0.0857349582019975,-0.1177830356563838,0.0
210808,469761,2020-08-03 00:00:00,14,0.0564516129032258,0,,,2.19722457733622,1.4269650988249898,-0.3952592763095046,1.4170660197866445,0.0
210808,205898,2020-08-03 00:00:00,14,0.0564516129032258,0,,,2.19722457733622,1.831217508188912,-0.0477330272214568,1.0986122886681098,0.6931471805599453
210808,470337,2020-08-03 00:00:00,14,0.0564516129032258,0,,,2.19722457733622,1.848574972633078,0.1701031515528275,0.3677247801253172,0.0
210808,470354,2020-08-03 00:00:00,14,0.0564516129032258,0,,,2.19722457733622,1.878950535410369,0.1049266632969729,-0.6931471805599452,-0.6931471805599453
944436731,944050169,2020-08-12 00:00:00,54,0.4615384615384615,0,,,3.9889840465642745,1.4249659983061191,-0.4539845371042499,2.9444389791664403,0.0
944436731,946420719,2020-08-12 00:00:00,53,0.452991452991453,0,,,3.9889840465642745,1.2071849823043062,-0.8893315375519864,2.3978952727983707,0.0
944436731,944686085,2020-08-12 00:00:00,47,0.4017094017094017,0,,,3.9889840465642745,1.3992932371153923,-0.4796572982949767,2.5902671654458267,0.0
944436731,944740273,2020-08-12 00:00:00,47,0.4017094017094017,0,,,3.9889840465642745,1.645700428701443,-0.2585003012943383,1.1451323043030028,0.0
944436731,944082005,2020-08-12 00:00:00,46,0.3931623931623931,0,,,3.9889840465642745,1.380824853347454,-0.7156916665088384,2.079441541679836,0.0
998300734,929358148,2020-08-12 00:00:00,238,0.1279569892473118,0,-2.234020896675384,0.9155258275778096,-0.8347408649100467,-2.6958049471446506,0.5400389859074806,-1.3888100013349869,0.0
93295,46619,2020-08-17 00:00:00,29,0.6041666666666666,1,1.2076027838894257,0.5760044112025846,-0.9162907318741552,1.5938670716550154,0.4223937673655704,-0.9873866535578856,0.6931471805599452
93295,150138,2020-08-17 00:00:00,28,0.5833333333333334,1,1.2076027838894257,0.5760044112025846,-0.9162907318741552,1.555549179920511,0.7150113405144407,-0.8823891801984733,1.2992829841302609
134575,46561,2020-08-18 00:00:00,33,0.6111111111111112,1,1.054024716468776,0.4738264537238315,-0.6757554378480761,1.4262844186161363,0.3573185659285371,-0.5559460590464607,0.5260930958967793
134575,3073,2020-08-18 00:00:00,33,0.6111111111111112,1,1.054024716468776,0.4738264537238315,-0.6757554378480761,-0.1765459709535409,0.1596691237529675,0.0843873922775477,-0.1377837023630537
1055947188,1097529901,2020-08-20 00:00:00,128,0.1446327683615819,0,-2.3773157585420144,1.7791791648362418,-1.184554718468834,-2.0668765274982985,,8.335431477880796,0.0
1055947188,998300734,2020-08-20 00:00:00,122,0.1378531073446327,0,-2.3773157585420144,1.7791791648362418,-1.184554718468834,-0.4459069503689548,1.423574214858344,-2.116685714852207,0.0
1055947188,833368640,2020-08-20 00:00:00,112,0.1265536723163841,0,-2.3773157585420144,1.7791791648362418,-1.184554718468834,-0.9238349626994538,0.1649751858217032,-0.0708450668673661,8.612321536507814
1056991267,224157523,2020-08-20 00:00:00,66,0.1132075471698113,0,-1.0595131758649416,1.3596768776805397,-0.5669239812421472,-2.543354118271439,-0.3462961933735551,0.2477115041217423,-0.1304471339059105
1056991267,379399457,2020-08-20 00:00:00,66,0.1132075471698113,0,-1.0595131758649416,1.3596768776805397,-0.5669239812421472,-2.6984957615924587,-0.0124834547592156,0.2559562681721594,-0.8755589025817407
944050169,944082005,2020-08-21 00:00:00,55,0.4230769230769231,0,1.1975342563173224,0.5690166637581275,-0.4054651081081646,1.539606472856001,0.3722374840271329,0.3746934494414105,0.0
944050169,946420719,2020-08-21 00:00:00,54,0.4153846153846154,0,1.1975342563173224,0.5690166637581275,-0.4054651081081646,1.2708325559013376,-0.0703818781471299,0.4489502200479029,0.0
944050169,944082033,2020-08-21 00:00:00,54,0.4153846153846154,0,1.1975342563173224,0.5690166637581275,-0.4054651081081646,1.76655092007545,0.2717011573946202,-0.3715635564324833,0.0
944050169,944436731,2020-08-21 00:00:00,54,0.4153846153846154,0,1.1975342563173224,0.5690166637581275,-0.4054651081081646,1.0372645710450137,-0.2751033401919498,0.8574502318512214,0.0
81697,462262,2020-08-21 00:00:00,8,0.32,0,0.4741206295634495,1.4048299058469196,-1.7047480922384253,-2.338156196168729,-0.2999841354557797,0.2147953763617955,-0.0294420708574936
81697,1479,2020-08-21 00:00:00,7,0.28,0,0.4741206295634495,1.4048299058469196,-1.7047480922384253,1.0263259170296524,0.0368356645751225,0.127155175485246,0.5139457511022343
81697,51717,2020-08-21 00:00:00,7,0.28,0,0.4741206295634495,1.4048299058469196,-1.7047480922384253,0.6227127576916424,0.0700499719407929,0.1988508587451649,0.1037967936816439
81697,99477,2020-08-21 00:00:00,7,0.28,0,0.4741206295634495,1.4048299058469196,-1.7047480922384253,1.878950535410369,,0.6931471805599453,0.0
81697,293235,2020-08-21 00:00:00,7,0.28,0,0.4741206295634495,1.4048299058469196,-1.7047480922384253,1.6541513047405314,0.3887799321036358,-0.3364722366212129,0.6190392084062235
81697,49920,2020-08-21 00:00:00,7,0.28,0,0.4741206295634495,1.4048299058469196,-1.7047480922384253,1.6171501008738756,0.2602822789312304,-0.2006706954621511,-0.3677247801253172
1055898277,828590350,2020-08-25 00:00:00,470,0.1781652767247915,0,-2.587106748330659,1.6785818988055912,-2.1023671201254173,-0.980062993565012,0.0060390748411209,0.0870113769896292,3.0641111841504305
1055898277,998271166,2020-08-25 00:00:00,456,0.1728582259287339,0,-2.587106748330659,1.6785818988055912,-2.1023671201254173,-0.903703146782913,1.0054449340814742,-2.122669729901835,0.0
1055898277,1097478214,2020-08-25 00:00:00,453,0.1717210007581501,0,-2.587106748330659,1.6785818988055912,-2.1023671201254173,-3.1890559516799035,-1.283526284167972,1.902022879866672,0.0
254071,50696,2020-08-27 00:00:00,31,0.4189189189189189,0,,,0.6931471805599453,1.8789505354103688,0.0,0.0,-0.3364722366212129
254071,125505,2020-08-27 00:00:00,31,0.4189189189189189,0,,,0.6931471805599453,0.6696889467715942,0.2006899865495599,-0.1355454919962238,0.0
254071,168324,2020-08-27 00:00:00,31,0.4189189189189189,0,,,0.6931471805599453,1.8825577060654275,0.0036071706550588,0.064538521137571,0.0
254071,163819,2020-08-27 00:00:00,30,0.4054054054054054,0,,,0.6931471805599453,1.878950535410369,0.3017774111961551,-1.3217558399823195,0.4248831939652659
254071,266985,2020-08-27 00:00:00,30,0.4054054054054054,0,,,0.6931471805599453,1.878950535410369,-0.7692631594420449,0.0,0.0
254071,135808,2020-08-27 00:00:00,30,0.4054054054054054,0,,,0.6931471805599453,1.831217508188912,0.7073536793997945,0.5877866649021193,0.0
254071,169707,2020-08-27 00:00:00,30,0.4054054054054054,0,,,0.6931471805599453,1.8789505354103688,0.0,0.0,0.0
1100553711,379399457,2020-08-31 00:00:00,71,0.2828685258964143,0,-0.431316601006013,0.7580515836010847,-2.0236130921268947,-2.728218800647737,-0.0293828693231428,0.0810453198258063,-0.3017777038390328
1100553711,496549942,2020-08-31 00:00:00,69,0.2749003984063745,0,-0.431316601006013,0.7580515836010847,-2.0236130921268947,-2.9246432372064297,-0.0613187226575187,0.123966564378751,-1.004619163412876
1100553711,462262,2020-08-31 00:00:00,68,0.2709163346613545,0,-0.431316601006013,0.7580515836010847,-2.0236130921268947,-2.347527767264487,0.0162814417059382,-0.0149468301508068,-0.0084464515095028
1100553711,878445230,2020-08-31 00:00:00,68,0.2709163346613545,0,-0.431316601006013,0.7580515836010847,-2.0236130921268947,-5.024471442755503,-3.612048673538226,2.232738824900121,3.871201010907891
1097544509,1096169339,2020-09-01 00:00:00,236,0.1122740247383444,0,-2.231057860017044,0.9305368339890696,-0.6455802463513196,-3.755546750515544,0.4765251641399177,-0.6131494461988432,0.0
1097529901,1096169339,2020-09-02 00:00:00,261,0.1457286432160804,0,-2.0603874620304143,1.1559267872850176,-1.1330175585903677,-3.590059076153316,0.6888020232065819,-0.9021735834913596,0.0
1097529901,1130915637,2020-09-02 00:00:00,227,0.1267448352875488,0,-2.0603874620304143,1.1559267872850176,-1.1330175585903677,-4.489532266307309,-1.5572160634580112,2.0865705601940103,0.0
43024,3612,2020-09-05 00:00:00,548,0.4458909682668836,0,1.2983870847496986,0.3218970982068228,-0.9490805546971464,0.973618301821904,0.0,0.1518060128680041,-0.0139862419747398
43024,48405,2020-09-05 00:00:00,508,0.4133441822620016,0,1.2983870847496986,0.3218970982068228,-0.9490805546971464,0.9566847409298987,-0.0784176407044144,-0.0402738991379401,-0.0548082364949946
43024,42756,2020-09-05 00:00:00,507,0.4125305126118795,0,1.2983870847496986,0.3218970982068228,-0.9490805546971464,0.8465875187907185,0.0066462397058989,-0.0116960397631906,0.0674412807955331
43024,2805,2020-09-05 00:00:00,494,0.4019528071602929,0,1.2983870847496986,0.3218970982068228,-0.9490805546971464,0.1634674876114091,-0.0975679569693677,0.0833816089390513,-0.0316053394153312
43024,50504,2020-09-05 00:00:00,483,0.3930024410089504,0,1.2983870847496986,0.3218970982068228,-0.9490805546971464,1.2122834379291876,-0.0085911487141543,0.0190481949706944,-0.307484699747961
43024,48293,2020-09-05 00:00:00,461,0.3751017087062652,0,1.2983870847496986,0.3218970982068228,-0.9490805546971464,-1.7544107963394808,-0.0247356509595164,0.0278569545029663,0.0288644826677195
1061630842,878445230,2020-09-09 00:00:00,121,0.1173617846750727,0,-2.143208434328648,2.5132213602894,-2.310760538009287,-5.209809361444262,-0.7347421694539831,0.6015002580411881,0.8754687373538999
1167784048,1215949374,2020-09-10 00:00:00,2086,0.9173262972735268,1,-3.679082277537758,0.8695277149784579,-0.3894629657403641,-3.961103202423648,,11.74282216237707,0.0
1167784048,1254351146,2020-09-10 00:00:00,2003,0.8808267370272648,1,-3.679082277537758,0.8695277149784579,-0.3894629657403641,-1.995055406178696,,9.516868732224324,0.0
1167784048,1243255859,2020-09-10 00:00:00,1962,0.862796833773087,1,-3.679082277537758,0.8695277149784579,-0.3894629657403641,-4.006627789871628,,10.487489285835276,0.0
105711,9692,2020-09-10 00:00:00,1463,0.8909866017052375,1,-0.0785856248756623,0.1241270492666208,0.0212773984472853,-0.125785784171102,-0.7945613283676204,0.021891421481853,-0.0327898228229908
105711,379399457,2020-09-10 00:00:00,27,0.0164433617539585,0,-0.0785856248756623,0.1241270492666208,0.0212773984472853,-2.7335541919132296,-0.0247230124647663,0.0745338005900109,-0.4323445761442297
1143892343,379399457,2020-09-11 00:00:00,67,0.1040372670807453,0,0.1584906124777572,0.4114653437989046,0.0633925768360192,-2.728449133219929,-0.0142809213783845,0.061985790732379,-0.390608183107485
1143892343,496549942,2020-09-11 00:00:00,65,0.1009316770186335,0,0.1584906124777572,0.4114653437989046,0.0633925768360192,-2.7646569684091515,0.181090122886375,-0.2697019482948697,-1.4295002105475056
1143892343,431475,2020-09-11 00:00:00,64,0.0993788819875776,0,0.1584906124777572,0.4114653437989046,0.0633925768360192,-3.655343534352302,0.0178413479089782,-0.0897453614516212,0.0732124764370318
1143892343,462262,2020-09-11 00:00:00,64,0.0993788819875776,0,0.1584906124777572,0.4114653437989046,0.0633925768360192,-2.385947088022124,-0.0373815124725598,0.0435904360748615,-0.029599706510444
1137311868,41873,2020-09-11 00:00:00,205,0.1804577464788732,0,-2.0168671409251067,1.5270385367602983,-1.6739764335716716,-2.985482167505911,-0.019100751513041,0.0143168431477569,-0.0554049536521699
1168384101,1205734087,2020-09-13 00:00:00,18,0.2093023255813953,0,-0.472549615727513,1.9167691471734143,-2.0459476422242258,-1.2777355718156909,-0.9655980067088324,1.904237452654745,0.0
1168384101,1061238653,2020-09-13 00:00:00,13,0.1511627906976744,0,-0.472549615727513,1.9167691471734143,-2.0459476422242258,1.1732194716500146,1.9959695697290465,-2.2718354411273936,0.0
1168384101,808858210,2020-09-13 00:00:00,12,0.1395348837209302,0,-0.472549615727513,1.9167691471734143,-2.0459476422242258,-0.0542386074122317,-0.0045013453222924,0.0030349036951538,-0.7099464557083142
1168384101,1243962988,2020-09-13 00:00:00,10,0.1162790697674418,0,-0.472549615727513,1.9167691471734143,-2.0459476422242258,-1.0718256108035351,,7.018401799069201,0.0
1168384101,809086648,2020-09-13 00:00:00,9,0.1046511627906976,0,-0.472549615727513,1.9167691471734143,-2.0459476422242258,1.8550840217996405,0.0238665136107285,-0.060624621816435,-0.3899265046803855
1168384101,666355503,2020-09-13 00:00:00,9,0.1046511627906976,0,-0.472549615727513,1.9167691471734143,-2.0459476422242258,-0.1934583363228418,-0.0586014789102182,0.0798144232301298,-0.0399520510117143
43167,429648,2020-09-14 00:00:00,82,0.47953216374269,0,0.4652921481965236,-0.2583625106777859,-0.771876345420158,1.3077494923721014,,1.3862943611198906,0.0
43167,51453,2020-09-14 00:00:00,77,0.4502923976608187,0,0.4652921481965236,-0.2583625106777859,-0.771876345420158,1.3077494923721014,,1.3862943611198906,0.0
43167,78818,2020-09-14 00:00:00,77,0.4502923976608187,0,0.4652921481965236,-0.2583625106777859,-0.771876345420158,2.648213694852414,0.7692631594420449,0.0,0.6931471805599453
43167,283019,2020-09-14 00:00:00,76,0.4444444444444444,0,0.4652921481965236,-0.2583625106777859,-0.771876345420158,1.3077494923721014,,1.3862943611198906,1.3862943611198906
43167,209192,2020-09-14 00:00:00,75,0.4385964912280701,0,0.4652921481965236,-0.2583625106777859,-0.771876345420158,1.3077494923721014,0.0,-0.5596157879354227,0.0
43167,105223,2020-09-14 00:00:00,75,0.4385964912280701,0,0.4652921481965236,-0.2583625106777859,-0.771876345420158,1.825015770651708,-0.0300682511479324,0.1177830356563833,-0.1251631429540061
1132369661,224157523,2020-09-15 00:00:00,109,0.077304964539007,0,-1.360374955706283,1.0717057740418838,-1.4044766802030813,-2.51854741679108,0.0233828444726134,-0.0299388111129914,0.050122972654373
1132369661,379399457,2020-09-15 00:00:00,108,0.076595744680851,0,-1.360374955706283,1.0717057740418838,-1.4044766802030813,-2.6890489486841487,0.0444994733357417,-0.0992560521639038,-0.2827490216671808
1132369661,496549942,2020-09-15 00:00:00,104,0.0737588652482269,0,-1.360374955706283,1.0717057740418838,-1.4044766802030813,-2.7616000187686778,0.1748056330891159,-0.2652702256468142,-1.1023531229571295
220211,22416,2020-09-17 00:00:00,4,0.3076923076923077,0,,,1.0986122886681098,-2.725382962307831,-0.0569136243549577,0.0613254069840216,0.1232250684236895
220211,138320,2020-09-17 00:00:00,2,0.1538461538461538,0,,,1.0986122886681098,-0.7550443025386355,-2.190220500025766,3.285876102128558,-1.250748869123667
220211,7962,2020-09-17 00:00:00,2,0.1538461538461538,0,,,1.0986122886681098,-0.2554194408325994,-0.0033583695379134,0.0029498546464212,-0.2662030407746565
220211,496,2020-09-17 00:00:00,2,0.1538461538461538,0,,,1.0986122886681098,-0.0051989683885487,-0.0079781849551316,0.0348467313301679,0.3844116989103314
220211,510,2020-09-17 00:00:00,1,0.0769230769230769,0,,,1.0986122886681098,-0.626097797164625,0.1199951043487783,-0.1570918584180738,0.4785410884262298
220211,1568,2020-09-17 00:00:00,1,0.0769230769230769,0,,,1.0986122886681098,-0.0669595073714053,0.205794525166799,-0.7226376090706506,0.0859033436352687
220211,3379,2020-09-17 00:00:00,1,0.0769230769230769,0,,,1.0986122886681098,-2.0635224105964105,0.1548429040926735,-0.2240190803355553,0.9444616088408512
1103598224,878445230,2020-09-19 00:00:00,43,0.1498257839721254,0,-1.1336378340350035,0.543512762404309,-0.9656245220422974,-4.410169278985895,0.758970358010771,-0.6258214355428606,0.8945169323245947
193018,93283,2020-09-25 00:00:00,292,0.2862745098039215,0,0.6408442995180528,0.4096348441351525,-0.9011770940641072,1.0118090205804056,0.6108628580270474,-0.8522118751896333,1.0986122886681098
193018,91007,2020-09-25 00:00:00,269,0.2637254901960784,0,0.6408442995180528,0.4096348441351525,-0.9011770940641072,1.1238638287891176,0.2690841891277957,-1.757857917552374,0.6931471805599453
193018,86230660,2020-09-25 00:00:00,257,0.2519607843137255,0,0.6408442995180528,0.4096348441351525,-0.9011770940641072,1.359429625085415,-0.035097097772925,-0.6190392084062235,0.0
193018,20282,2020-09-25 00:00:00,251,0.246078431372549,0,0.6408442995180528,0.4096348441351525,-0.9011770940641072,1.5448193448601713,0.7275482414967853,-2.456735772821304,0.0
862458490,1304475230,2020-09-25 00:00:00,2,1.0,0,-2.565315246942724,0.7700409422481511,-0.79543378014636,-1.9951704668983987,,7.649692623711514,0.0
862458490,334918505,2020-09-25 00:00:00,1,0.5,0,-2.565315246942724,0.7700409422481511,-0.79543378014636,1.8361661929225712,,2.079441541679836,-2.4849066497880004
862458490,983419071,2020-09-25 00:00:00,1,0.5,0,-2.565315246942724,0.7700409422481511,-0.79543378014636,-1.8540125962907408,0.0880623843774708,-0.0013157896635203,5.902633333401366
862458490,1058604783,2020-09-25 00:00:00,1,0.5,0,-2.565315246942724,0.7700409422481511,-0.79543378014636,1.878950535410369,0.747688855934161,-2.501435951739211,0.0
1254351146,1292551458,2020-09-28 00:00:00,3103,0.8689442733127976,1,-3.269023894325509,-0.0707038673379836,-0.6785766781698026,-4.64691053689276,-2.986198647407554,6.009624916034252,0.0
1254351146,1215949374,2020-09-28 00:00:00,2960,0.8288994679361523,1,-3.269023894325509,-0.0707038673379836,-0.6785766781698026,-2.9512520144288428,1.2818257044406782,-2.560809601734313,0.0
1254351146,1319005705,2020-09-28 00:00:00,2945,0.8246989638756651,1,-3.269023894325509,-0.0707038673379836,-0.6785766781698026,-5.08663452214717,,12.335463603372418,0.0
1254351146,1243255859,2020-09-28 00:00:00,2666,0.746569588350602,1,-3.269023894325509,-0.0707038673379836,-0.6785766781698026,-2.412238467768632,1.615313731070818,-1.2736596424828883,0.0
1254351146,1324553664,2020-09-28 00:00:00,2073,0.5805096611593391,1,-3.269023894325509,-0.0707038673379836,-0.6785766781698026,-2.8055853112997977,,10.379535378766176,0.0
1254351146,1167784048,2020-09-28 00:00:00,2003,0.5609073088770653,1,-3.269023894325509,-0.0707038673379836,-0.6785766781698026,-1.6337914336722883,0.5824774787882012,-1.7081026435540894,0.0
1254351146,1308167667,2020-09-28 00:00:00,1921,0.5379445533464016,1,-3.269023894325509,-0.0707038673379836,-0.6785766781698026,-2.2762758553684423,,10.352937647625682,0.0
202272,202645,2020-10-04 00:00:00,15,0.7894736842105263,1,,,2.5649493574615367,1.6614740251407505,-0.2174765102696181,0.382992252256106,-0.2231435513142097
202272,16810,2020-10-04 00:00:00,13,0.6842105263157895,1,,,2.5649493574615367,1.5877011538553831,-0.2912493815549855,0.8183103235139515,-0.2231435513142097
202272,17427,2020-10-04 00:00:00,13,0.6842105263157895,1,,,2.5649493574615367,1.7185941294445772,-0.1603564059657913,0.4274440148269396,-0.2231435513142097
202272,137225,2020-10-04 00:00:00,13,0.6842105263157895,1,,,2.5649493574615367,1.3161796186496288,,1.6094379124341005,0.0
202272,6389,2020-10-04 00:00:00,12,0.631578947368421,1,,,2.5649493574615367,0.9793889704129624,-0.1444748583761552,-0.0176995770994006,-0.2363887780642306
202272,20921,2020-10-04 00:00:00,12,0.631578947368421,1,,,2.5649493574615367,1.7300033782658872,-0.1489471571444813,0.2876820724517808,-0.2231435513142097
202272,23779,2020-10-04 00:00:00,12,0.631578947368421,1,,,2.5649493574615367,1.3335895587287585,,2.302585092994046,0.0
202272,21088,2020-10-04 00:00:00,11,0.5789473684210527,1,,,2.5649493574615367,1.4351761974871304,,1.791759469228055,0.0
202272,136756,2020-10-04 00:00:00,11,0.5789473684210527,1,,,2.5649493574615367,1.3806293690266724,-0.164189975833499,0.0984400728132524,-0.2318016140573244
202272,137242,2020-10-04 00:00:00,11,0.5789473684210527,1,,,2.5649493574615367,1.2104305996289213,-0.0643787517730813,-0.1150693297847871,-0.2348395910774008
202272,20711,2020-10-04 00:00:00,10,0.5263157894736842,1,,,2.5649493574615367,1.4749817290138525,-0.0698376158463192,-0.109199291964992,-0.2318016140573244
1292551458,1319005705,2020-10-05 00:00:00,3450,0.8751902587519026,1,-3.6863304910517063,-0.8350780827667519,-0.983792999072783,-5.932069670119398,-1.8337154513589304,2.256032442584642,0.0
1292551458,1254351146,2020-10-05 00:00:00,3103,0.7871638762049721,1,-3.6863304910517063,-0.8350780827667519,-0.983792999072783,-3.0323342518334178,0.8428831562070385,-2.475800611742754,0.0
1292551458,1215949374,2020-10-05 00:00:00,3097,0.7856418061897514,1,-3.6863304910517063,-0.8350780827667519,-0.983792999072783,-2.931112369056497,0.3949119444952318,-1.7663476729037786,0.0
1292551458,1243255859,2020-10-05 00:00:00,2701,0.6851851851851852,1,-3.6863304910517063,-0.8350780827667519,-0.983792999072783,-1.9370829254479165,1.6504390479029991,-3.102360160232734,0.0
1292551458,1324553664,2020-10-05 00:00:00,2490,0.6316590563165906,1,-3.6863304910517063,-0.8350780827667519,-0.983792999072783,-2.246368932024825,0.95740190989752,0.0738143807024638,0.0
1239385378,1208561003,2020-10-06 00:00:00,149,0.12778730703259,0,-2.449193360315095,1.7097410047451886,-2.0643150690411964,0.9125888281590792,0.3363546214185902,-1.0575508018703363,0.0
1239385378,808858210,2020-10-06 00:00:00,127,0.1089193825042881,0,-2.449193360315095,1.7097410047451886,-2.0643150690411964,-0.0490611440829508,0.0024917437570313,-0.5596157879354227,-1.299604166082596
1392110676,1392110640,2021-01-18 00:00:00,764,0.8822170900692841,1,-3.337700264466026,2.497473733067888,-0.8759592253993294,-0.4853070031686843,2.853495310442335,-0.9707369453213212,0.0
1392110676,1392112125,2021-01-18 00:00:00,763,0.8810623556581986,1,-3.337700264466026,2.497473733067888,-0.8759592253993294,-0.4966863982209318,2.8381274280501487,-0.9890698536903866,0.0
1392110676,1392110641,2021-01-18 00:00:00,761,0.8787528868360277,1,-3.337700264466026,2.497473733067888,-0.8759592253993294,-0.3001805916458918,3.0493768517773048,-1.0549328050708136,0.0
1392110676,1392110596,2021-01-18 00:00:00,759,0.8764434180138568,1,-3.337700264466026,2.497473733067888,-0.8759592253993294,-0.5087379329191295,2.801539422421026,-0.9358400892737252,0.0
1392110676,1392109964,2021-01-18 00:00:00,757,0.874133949191686,1,-3.337700264466026,2.497473733067888,-0.8759592253993294,-0.4863562477460781,2.8423978096804654,-0.9507893021299738,0.0
1392110676,1392110536,2021-01-18 00:00:00,757,0.874133949191686,1,-3.337700264466026,2.497473733067888,-0.8759592253993294,-0.5791241116741069,2.786097729447834,-0.9908920887871036,0.0
1392110676,1392109700,2021-01-18 00:00:00,756,0.8729792147806005,1,-3.337700264466026,2.497473733067888,-0.8759592253993294,-0.3084606331933878,3.026691636225992,-0.9597074279824432,0.0
1392110676,1392112139,2021-01-18 00:00:00,756,0.8729792147806005,1,-3.337700264466026,2.497473733067888,-0.8759592253993294,-0.4917632884300851,2.8507615619909674,-0.9807711117866748,0.0
1392110676,1392110766,2021-01-18 00:00:00,753,0.8695150115473441,1,-3.337700264466026,2.497473733067888,-0.8759592253993294,-0.3874977257002281,2.934274888673191,-0.9353800923783266,0.0
1392110676,1392110758,2021-01-18 00:00:00,752,0.8683602771362586,1,-3.337700264466026,2.497473733067888,-0.8759592253993294,-0.4034016430359467,2.806266344188044,-0.9333992600634716,0.0
1392110676,1392111650,2021-01-18 00:00:00,752,0.8683602771362586,1,-3.337700264466026,2.497473733067888,-0.8759592253993294,-0.5715904613394863,2.7446092938741584,-0.93403196475899,0.0
1392110676,1392110550,2021-01-18 00:00:00,752,0.8683602771362586,1,-3.337700264466026,2.497473733067888,-0.8759592253993294,-3.254842940966144,0.4068449541753836,0.6363395279428925,0.0
1392112139,1392112125,2021-01-18 00:00:00,766,0.8906976744186047,1,-3.3425248504210527,2.8507615619909674,-0.9807711117866748,-0.4966863982209318,2.8381274280501487,-0.9890698536903866,0.0
1392112139,1392110536,2021-01-18 00:00:00,759,0.8825581395348837,1,-3.3425248504210527,2.8507615619909674,-0.9807711117866748,-0.5791241116741069,2.786097729447834,-0.9908920887871036,0.0
1392112139,1392110596,2021-01-18 00:00:00,759,0.8825581395348837,1,-3.3425248504210527,2.8507615619909674,-0.9807711117866748,-0.5087379329191295,2.801539422421026,-0.9358400892737252,0.0
1392112139,1392110641,2021-01-18 00:00:00,758,0.8813953488372093,1,-3.3425248504210527,2.8507615619909674,-0.9807711117866748,-0.3001805916458918,3.0493768517773048,-1.0549328050708136,0.0
1392112139,1392110640,2021-01-18 00:00:00,756,0.8790697674418605,1,-3.3425248504210527,2.8507615619909674,-0.9807711117866748,-0.4853070031686843,2.853495310442335,-0.9707369453213212,0.0
1392112139,1392110676,2021-01-18 00:00:00,756,0.8790697674418605,1,-3.3425248504210527,2.8507615619909674,-0.9807711117866748,-0.8402265313981382,2.497473733067888,-0.8759592253993294,0.0
1392112139,1392110550,2021-01-18 00:00:00,754,0.8767441860465116,1,-3.3425248504210527,2.8507615619909674,-0.9807711117866748,-3.254842940966144,0.4068449541753836,0.6363395279428925,0.0
1392112139,1392110766,2021-01-18 00:00:00,754,0.8767441860465116,1,-3.3425248504210527,2.8507615619909674,-0.9807711117866748,-0.3874977257002281,2.934274888673191,-0.9353800923783266,0.0
1392112139,1392109700,2021-01-18 00:00:00,753,0.8755813953488372,1,-3.3425248504210527,2.8507615619909674,-0.9807711117866748,-0.3084606331933878,3.026691636225992,-0.9597074279824432,0.0
1392112139,1392109964,2021-01-18 00:00:00,753,0.8755813953488372,1,-3.3425248504210527,2.8507615619909674,-0.9807711117866748,-0.4863562477460781,2.8423978096804654,-0.9507893021299738,0.0
1392112139,1392111650,2021-01-18 00:00:00,746,0.8674418604651163,1,-3.3425248504210527,2.8507615619909674,-0.9807711117866748,-0.5715904613394863,2.7446092938741584,-0.93403196475899,0.0
1392112139,1392110758,2021-01-18 00:00:00,744,0.8651162790697674,1,-3.3425248504210527,2.8507615619909674,-0.9807711117866748,-0.4034016430359467,2.806266344188044,-0.9333992600634716,0.0
1392111650,1392110596,2021-01-18 00:00:00,758,0.8886283704572099,1,-3.3161997552136446,2.7446092938741584,-0.93403196475899,-0.5087379329191295,2.801539422421026,-0.9358400892737252,0.0
1392111650,1392110536,2021-01-18 00:00:00,757,0.8874560375146542,1,-3.3161997552136446,2.7446092938741584,-0.93403196475899,-0.5791241116741069,2.786097729447834,-0.9908920887871036,0.0
1392111650,1392112125,2021-01-18 00:00:00,754,0.8839390386869871,1,-3.3161997552136446,2.7446092938741584,-0.93403196475899,-0.4966863982209318,2.8381274280501487,-0.9890698536903866,0.0
1392111650,1392110640,2021-01-18 00:00:00,752,0.8815943728018757,1,-3.3161997552136446,2.7446092938741584,-0.93403196475899,-0.4853070031686843,2.853495310442335,-0.9707369453213212,0.0
1392111650,1392110676,2021-01-18 00:00:00,752,0.8815943728018757,1,-3.3161997552136446,2.7446092938741584,-0.93403196475899,-0.8402265313981382,2.497473733067888,-0.8759592253993294,0.0
1392111650,1392110641,2021-01-18 00:00:00,751,0.88042203985932,1,-3.3161997552136446,2.7446092938741584,-0.93403196475899,-0.3001805916458918,3.0493768517773048,-1.0549328050708136,0.0
1392111650,1392110766,2021-01-18 00:00:00,751,0.88042203985932,1,-3.3161997552136446,2.7446092938741584,-0.93403196475899,-0.3874977257002281,2.934274888673191,-0.9353800923783266,0.0
1392111650,1392109700,2021-01-18 00:00:00,750,0.8792497069167644,1,-3.3161997552136446,2.7446092938741584,-0.93403196475899,-0.3084606331933878,3.026691636225992,-0.9597074279824432,0.0
1392111650,1392110550,2021-01-18 00:00:00,750,0.8792497069167644,1,-3.3161997552136446,2.7446092938741584,-0.93403196475899,-3.254842940966144,0.4068449541753836,0.6363395279428925,0.0
1392111650,1392109964,2021-01-18 00:00:00,749,0.8780773739742087,1,-3.3161997552136446,2.7446092938741584,-0.93403196475899,-0.4863562477460781,2.8423978096804654,-0.9507893021299738,0.0
1392111650,1392112139,2021-01-18 00:00:00,746,0.8745603751465416,1,-3.3161997552136446,2.7446092938741584,-0.93403196475899,-0.4917632884300851,2.8507615619909674,-0.9807711117866748,0.0
1392111650,1392110758,2021-01-18 00:00:00,740,0.8675263774912075,1,-3.3161997552136446,2.7446092938741584,-0.93403196475899,-0.4034016430359467,2.806266344188044,-0.9333992600634716,0.0
1392110641,1392112125,2021-01-18 00:00:00,774,0.8765571913929785,1,-3.3495574434231967,3.0493768517773048,-1.0549328050708136,-0.4966863982209318,2.8381274280501487,-0.9890698536903866,0.0
1392110641,1392110640,2021-01-18 00:00:00,770,0.8720271800679502,1,-3.3495574434231967,3.0493768517773048,-1.0549328050708136,-0.4853070031686843,2.853495310442335,-0.9707369453213212,0.0
1392110641,1392109964,2021-01-18 00:00:00,766,0.8674971687429218,1,-3.3495574434231967,3.0493768517773048,-1.0549328050708136,-0.4863562477460781,2.8423978096804654,-0.9507893021299738,0.0
1392110641,1392110536,2021-01-18 00:00:00,763,0.8640996602491506,1,-3.3495574434231967,3.0493768517773048,-1.0549328050708136,-0.5791241116741069,2.786097729447834,-0.9908920887871036,0.0
1392110641,1392109700,2021-01-18 00:00:00,762,0.8629671574178935,1,-3.3495574434231967,3.0493768517773048,-1.0549328050708136,-0.3084606331933878,3.026691636225992,-0.9597074279824432,0.0
1392110641,1392110596,2021-01-18 00:00:00,762,0.8629671574178935,1,-3.3495574434231967,3.0493768517773048,-1.0549328050708136,-0.5087379329191295,2.801539422421026,-0.9358400892737252,0.0
1392110641,1392110550,2021-01-18 00:00:00,761,0.8618346545866364,1,-3.3495574434231967,3.0493768517773048,-1.0549328050708136,-3.254842940966144,0.4068449541753836,0.6363395279428925,0.0
1392110641,1392110676,2021-01-18 00:00:00,761,0.8618346545866364,1,-3.3495574434231967,3.0493768517773048,-1.0549328050708136,-0.8402265313981382,2.497473733067888,-0.8759592253993294,0.0
1392110641,1392110758,2021-01-18 00:00:00,759,0.8595696489241224,1,-3.3495574434231967,3.0493768517773048,-1.0549328050708136,-0.4034016430359467,2.806266344188044,-0.9333992600634716,0.0
1392110641,1392112139,2021-01-18 00:00:00,758,0.8584371460928653,1,-3.3495574434231967,3.0493768517773048,-1.0549328050708136,-0.4917632884300851,2.8507615619909674,-0.9807711117866748,0.0
1392110641,1392110766,2021-01-18 00:00:00,755,0.855039637599094,1,-3.3495574434231967,3.0493768517773048,-1.0549328050708136,-0.3874977257002281,2.934274888673191,-0.9353800923783266,0.0
1392110641,1392111650,2021-01-18 00:00:00,751,0.8505096262740657,1,-3.3495574434231967,3.0493768517773048,-1.0549328050708136,-0.5715904613394863,2.7446092938741584,-0.93403196475899,0.0
1392110536,1392112125,2021-01-18 00:00:00,777,0.8890160183066361,1,-3.365221841121941,2.786097729447834,-0.9908920887871036,-0.4966863982209318,2.8381274280501487,-0.9890698536903866,0.0
1392110536,1392110766,2021-01-18 00:00:00,771,0.8821510297482837,1,-3.365221841121941,2.786097729447834,-0.9908920887871036,-0.3874977257002281,2.934274888673191,-0.9353800923783266,0.0
1392110536,1392110640,2021-01-18 00:00:00,767,0.8775743707093822,1,-3.365221841121941,2.786097729447834,-0.9908920887871036,-0.4853070031686843,2.853495310442335,-0.9707369453213212,0.0
1392110536,1392110550,2021-01-18 00:00:00,763,0.8729977116704806,1,-3.365221841121941,2.786097729447834,-0.9908920887871036,-3.254842940966144,0.4068449541753836,0.6363395279428925,0.0
1392110536,1392110641,2021-01-18 00:00:00,763,0.8729977116704806,1,-3.365221841121941,2.786097729447834,-0.9908920887871036,-0.3001805916458918,3.0493768517773048,-1.0549328050708136,0.0
1392110536,1392109964,2021-01-18 00:00:00,762,0.8718535469107551,1,-3.365221841121941,2.786097729447834,-0.9908920887871036,-0.4863562477460781,2.8423978096804654,-0.9507893021299738,0.0
1392110536,1392112139,2021-01-18 00:00:00,759,0.868421052631579,1,-3.365221841121941,2.786097729447834,-0.9908920887871036,-0.4917632884300851,2.8507615619909674,-0.9807711117866748,0.0
1392110536,1392110596,2021-01-18 00:00:00,758,0.8672768878718535,1,-3.365221841121941,2.786097729447834,-0.9908920887871036,-0.5087379329191295,2.801539422421026,-0.9358400892737252,0.0
1392110536,1392111650,2021-01-18 00:00:00,757,0.8661327231121282,1,-3.365221841121941,2.786097729447834,-0.9908920887871036,-0.5715904613394863,2.7446092938741584,-0.93403196475899,0.0
1392110536,1392110676,2021-01-18 00:00:00,757,0.8661327231121282,1,-3.365221841121941,2.786097729447834,-0.9908920887871036,-0.8402265313981382,2.497473733067888,-0.8759592253993294,0.0
1392110536,1392109700,2021-01-18 00:00:00,756,0.8649885583524027,1,-3.365221841121941,2.786097729447834,-0.9908920887871036,-0.3084606331933878,3.026691636225992,-0.9597074279824432,0.0
1392110536,1392110758,2021-01-18 00:00:00,750,0.8581235697940504,1,-3.365221841121941,2.786097729447834,-0.9908920887871036,-0.4034016430359467,2.806266344188044,-0.9333992600634716,0.0
1392110574,1425619204,2021-01-19 00:00:00,177,0.2070175438596491,0,-2.7598595323475537,2.003970813834066,-1.0638122031756954,-2.6338085245563603,-3.203291378615095,5.412827076859451,0.0
1392110574,1392108713,2021-01-19 00:00:00,134,0.1567251461988304,0,-2.7598595323475537,2.003970813834066,-1.0638122031756954,-5.207124678793197,-0.0080408831534324,0.7240312934240656,0.0
1392110574,1392134357,2021-01-19 00:00:00,105,0.1228070175438596,0,-2.7598595323475537,2.003970813834066,-1.0638122031756954,-1.595341897428488,-1.3233052830545549,4.471371735009732,0.0
1392110758,1392110641,2021-01-19 00:00:00,759,0.8846153846153846,1,-3.1523933906925983,2.99938514189289,-1.452630434933832,-0.0367231342063421,3.246550727782965,-1.6017926152561488,0.0
1392110758,1392110640,2021-01-19 00:00:00,755,0.87995337995338,1,-3.1523933906925983,2.99938514189289,-1.452630434933832,-0.2259226916399703,3.0550614447242603,-1.5125405087438422,0.0
1392110758,1392110596,2021-01-19 00:00:00,755,0.87995337995338,1,-3.1523933906925983,2.99938514189289,-1.452630434933832,-0.2606034829243105,2.997921258253155,-1.4866458712784114,0.0
1392110758,1392110550,2021-01-19 00:00:00,754,0.8787878787878788,1,-3.1523933906925983,2.99938514189289,-1.452630434933832,-3.215034993225133,0.4236252630960484,0.4343344165275997,0.0
1392110758,1392110676,2021-01-19 00:00:00,752,0.8764568764568764,1,-3.1523933906925983,2.99938514189289,-1.452630434933832,-0.6143620356854544,2.6748405846747825,-1.4047516512799714,0.0
1392110758,1392110766,2021-01-19 00:00:00,752,0.8764568764568764,1,-3.1523933906925983,2.99938514189289,-1.452630434933832,-0.1089642610922191,3.167993081839198,-1.5182219041624396,0.0
1392110758,1392112125,2021-01-19 00:00:00,752,0.8764568764568764,1,-3.1523933906925983,2.99938514189289,-1.452630434933832,-0.2386737955640239,3.035785947316044,-1.524725713661863,0.0
1392110758,1392109964,2021-01-19 00:00:00,751,0.8752913752913752,1,-3.1523933906925983,2.99938514189289,-1.452630434933832,-0.2269907238891475,3.04557602775386,-1.4859836533335755,0.0
1392110758,1392110536,2021-01-19 00:00:00,750,0.8741258741258742,1,-3.1523933906925983,2.99938514189289,-1.452630434933832,-0.3325852072631318,2.9799542275001545,-1.564256286470331,0.0
1392110758,1392112139,2021-01-19 00:00:00,744,0.8671328671328671,1,-3.1523933906925983,2.99938514189289,-1.452630434933832,-0.2325755898445889,3.051051896993829,-1.5192521947955084,0.0
1392110758,1392109700,2021-01-19 00:00:00,743,0.865967365967366,1,-3.1523933906925983,2.99938514189289,-1.452630434933832,-0.033340292221719,3.246802808096538,-1.5103821462070135,0.0
1392110758,1392111650,2021-01-19 00:00:00,740,0.8624708624708625,1,-3.1523933906925983,2.99938514189289,-1.452630434933832,-0.3295649139276783,2.9315916162473044,-1.4634898666169258,0.0
1392110596,1392112125,2021-01-19 00:00:00,774,0.8845714285714286,1,-3.2585247411774656,2.997921258253155,-1.4866458712784114,-0.2386737955640239,3.035785947316044,-1.524725713661863,0.0
1392110596,1392110640,2021-01-19 00:00:00,772,0.8822857142857143,1,-3.2585247411774656,2.997921258253155,-1.4866458712784114,-0.2259226916399703,3.0550614447242603,-1.5125405087438422,0.0
1392110596,1392109964,2021-01-19 00:00:00,767,0.8765714285714286,1,-3.2585247411774656,2.997921258253155,-1.4866458712784114,-0.2269907238891475,3.04557602775386,-1.4859836533335755,0.0
1392110596,1392110550,2021-01-19 00:00:00,764,0.8731428571428571,1,-3.2585247411774656,2.997921258253155,-1.4866458712784114,-3.215034993225133,0.4236252630960484,0.4343344165275997,0.0
1392110596,1392110641,2021-01-19 00:00:00,762,0.8708571428571429,1,-3.2585247411774656,2.997921258253155,-1.4866458712784114,-0.0367231342063421,3.246550727782965,-1.6017926152561488,0.0
1392110596,1392110766,2021-01-19 00:00:00,761,0.8697142857142857,1,-3.2585247411774656,2.997921258253155,-1.4866458712784114,-0.1089642610922191,3.167993081839198,-1.5182219041624396,0.0
1392110596,1392109700,2021-01-19 00:00:00,760,0.8685714285714285,1,-3.2585247411774656,2.997921258253155,-1.4866458712784114,-0.033340292221719,3.246802808096538,-1.5103821462070135,0.0
1392110596,1392110676,2021-01-19 00:00:00,759,0.8674285714285714,1,-3.2585247411774656,2.997921258253155,-1.4866458712784114,-0.6143620356854544,2.6748405846747825,-1.4047516512799714,0.0
1392110596,1392112139,2021-01-19 00:00:00,759,0.8674285714285714,1,-3.2585247411774656,2.997921258253155,-1.4866458712784114,-0.2325755898445889,3.051051896993829,-1.5192521947955084,0.0
1392110596,1392111650,2021-01-19 00:00:00,758,0.8662857142857143,1,-3.2585247411774656,2.997921258253155,-1.4866458712784114,-0.3295649139276783,2.9315916162473044,-1.4634898666169258,0.0
1392110596,1392110536,2021-01-19 00:00:00,758,0.8662857142857143,1,-3.2585247411774656,2.997921258253155,-1.4866458712784114,-0.3325852072631318,2.9799542275001545,-1.564256286470331,0.0
1392110596,1392110758,2021-01-19 00:00:00,755,0.8628571428571429,1,-3.2585247411774656,2.997921258253155,-1.4866458712784114,-0.153008248799708,2.99938514189289,-1.452630434933832,0.0
1392112125,1392109964,2021-01-20 00:00:00,777,0.8633333333333333,1,-3.2344116938287706,3.2552815061785103,-2.386449240093132,0.0356575494376853,3.274656010175113,-2.380546634463757,0.0
1392112125,1392110536,2021-01-20 00:00:00,777,0.8633333333333333,1,-3.2344116938287706,3.2552815061785103,-2.386449240093132,-0.0879721885212291,3.1830851846477315,-2.450445329468736,0.0
1392112125,1392110596,2021-01-20 00:00:00,774,0.86,1,-3.2344116938287706,3.2552815061785103,-2.386449240093132,-0.0078133124965135,3.223056716573558,-2.4568765088710744,0.0
1392112125,1392110641,2021-01-20 00:00:00,774,0.86,1,-3.2344116938287706,3.2552815061785103,-2.386449240093132,0.2282974858803978,3.4673522578541647,-2.5116159212106552,0.0
1392112125,1392110640,2021-01-20 00:00:00,771,0.8566666666666667,1,-3.2344116938287706,3.2552815061785103,-2.386449240093132,0.0352498735003571,3.278511819054396,-2.388541697038753,0.0
1392112125,1392110766,2021-01-20 00:00:00,770,0.8555555555555555,1,-3.2344116938287706,3.2552815061785103,-2.386449240093132,0.1686215941268167,3.4116728101074285,-2.4571061603434794,0.0
1392112125,1392112139,2021-01-20 00:00:00,766,0.8511111111111112,1,-3.2344116938287706,3.2552815061785103,-2.386449240093132,0.0273581015911254,3.270408028713812,-2.378578280615285,0.0
1392112125,1392110550,2021-01-20 00:00:00,766,0.8511111111111112,1,-3.2344116938287706,3.2552815061785103,-2.386449240093132,-3.1848204636645145,0.4424978989841133,0.2644139671949883,0.0
1392112125,1392109700,2021-01-20 00:00:00,766,0.8511111111111112,1,-3.2344116938287706,3.2552815061785103,-2.386449240093132,0.2461215019551444,3.495655245040132,-2.482432421721648,0.0
1392112125,1392110676,2021-01-20 00:00:00,763,0.8477777777777777,1,-3.2344116938287706,3.2552815061785103,-2.386449240093132,-0.3889294575229005,2.864768153375798,-2.1876825202030155,0.0
1392112125,1392111650,2021-01-20 00:00:00,754,0.8377777777777777,1,-3.2344116938287706,3.2552815061785103,-2.386449240093132,-0.0847101540149318,3.142788211848599,-2.3225287739613814,0.0
1392112125,1392110758,2021-01-20 00:00:00,752,0.8355555555555556,1,-3.2344116938287706,3.2552815061785103,-2.386449240093132,0.1043033446080384,3.229622707549801,-2.3684048442876646,0.0
253187,93852,2021-01-20 00:00:00,11,0.4074074074074074,0,,,1.0986122886681098,-1.9201371278924704,0.0,0.6927902289231023,0.0
253187,64386,2021-01-20 00:00:00,11,0.4074074074074074,0,,,1.0986122886681098,0.6394871112717054,0.126311757332609,0.1122673018710811,0.0
253187,54531,2021-01-20 00:00:00,11,0.4074074074074074,0,,,1.0986122886681098,-0.4558125028919865,0.0,0.6909896824199242,0.0
253187,134591,2021-01-20 00:00:00,11,0.4074074074074074,0,,,1.0986122886681098,0.1153885401462813,0.0,0.6887125834920793,0.0
253187,179745,2021-01-20 00:00:00,11,0.4074074074074074,0,,,1.0986122886681098,-0.5688756818422541,0.0,0.6912727657655946,0.0
253187,56077,2021-01-20 00:00:00,10,0.3703703703703703,0,,,1.0986122886681098,0.0682860682334378,0.0,0.6889718091494652,0.0
253187,78463,2021-01-20 00:00:00,10,0.3703703703703703,0,,,1.0986122886681098,-0.7226353672783637,-1.1102230246251563e-16,0.691597993573116,0.0
253187,131229,2021-01-20 00:00:00,10,0.3703703703703703,0,,,1.0986122886681098,-2.027866281894397,-0.0002564799925193,0.6931471805599454,0.0
1449880779,1449887314,2021-01-25 00:00:00,741,0.6108821104699094,1,-2.342161456830675,2.044512965085087,-0.2309055566496987,-0.4331369126124907,1.8787723631319064,-0.1325165207625618,0.0
1449880779,1449719953,2021-01-25 00:00:00,731,0.6026380873866447,1,-2.342161456830675,2.044512965085087,-0.2309055566496987,-0.1298903035879706,1.4914808438246432,-0.2744368457017598,0.0
1449880779,1449710900,2021-01-25 00:00:00,730,0.6018136850783182,1,-2.342161456830675,2.044512965085087,-0.2309055566496987,-0.2939281687784475,1.4134359735494506,-0.2695773934818595,0.0
1449880779,1449891244,2021-01-25 00:00:00,730,0.6018136850783182,1,-2.342161456830675,2.044512965085087,-0.2309055566496987,-0.3075322769840549,1.9877868701745327,-0.1061876718784349,0.0
1449880779,1449733727,2021-01-25 00:00:00,729,0.6009892827699918,1,-2.342161456830675,2.044512965085087,-0.2309055566496987,-0.0403098997726212,2.258327791604245,-0.1599110081789021,0.0
1449880779,1449751719,2021-01-25 00:00:00,729,0.6009892827699918,1,-2.342161456830675,2.044512965085087,-0.2309055566496987,-0.3599291112781876,1.9758853999887789,-0.2014624852528861,0.0
1449880779,1449741142,2021-01-25 00:00:00,727,0.5993404781533388,1,-2.342161456830675,2.044512965085087,-0.2309055566496987,-0.1262180805515556,2.167480058522194,-0.2405009333915817,0.0
1449880779,1449710918,2021-01-25 00:00:00,726,0.5985160758450123,1,-2.342161456830675,2.044512965085087,-0.2309055566496987,-0.5739463810830184,1.1215260465262626,-0.2392152052334122,0.0
1449880779,1449730189,2021-01-25 00:00:00,724,0.5968672712283595,1,-2.342161456830675,2.044512965085087,-0.2309055566496987,-0.2248784231148099,2.1006061630454216,-0.2091044438406148,0.0
1449814364,1449729914,2021-01-26 00:00:00,730,0.6093489148580968,1,-2.2900140792585515,2.21745227352389,-0.6098219376998024,0.0037926040799601,2.2981653705591927,-0.6345042894695787,0.0
1449814364,1449758577,2021-01-26 00:00:00,729,0.6085141903171953,1,-2.2900140792585515,2.21745227352389,-0.6098219376998024,-0.200706278278116,2.076822186240708,-0.6001618823297727,0.0
1449814364,1449879875,2021-01-26 00:00:00,727,0.6068447412353923,1,-2.2900140792585515,2.21745227352389,-0.6098219376998024,-0.0018135325453801,2.271084274531887,-0.5695108849633819,0.0
1449814364,1449727643,2021-01-26 00:00:00,724,0.6043405676126878,1,-2.2900140792585515,2.21745227352389,-0.6098219376998024,-0.1303333559780626,2.218707445284024,-0.6998933271253032,0.0
1449814364,1449733727,2021-01-26 00:00:00,721,0.6018363939899833,1,-2.2900140792585515,2.21745227352389,-0.6098219376998024,0.19783341680101,2.481721926822018,-0.5399940070498133,0.0
1449814364,1449783150,2021-01-26 00:00:00,720,0.6010016694490818,1,-2.2900140792585515,2.21745227352389,-0.6098219376998024,0.3367729009349868,2.622400985135102,-0.6584507794663725,0.0
1449814364,1449751719,2021-01-26 00:00:00,720,0.6010016694490818,1,-2.2900140792585515,2.21745227352389,-0.6098219376998024,-0.1524995819087295,2.171433560797194,-0.5818968708460552,0.0
1449814364,1449747475,2021-01-26 00:00:00,719,0.6001669449081803,1,-2.2900140792585515,2.21745227352389,-0.6098219376998024,-0.0837063072981,2.242152357115881,-0.6103622249558969,0.0
1449814364,1449814752,2021-01-26 00:00:00,719,0.6001669449081803,1,-2.2900140792585515,2.21745227352389,-0.6098219376998024,-0.0628814580915762,2.239740879456988,-0.6537131113145378,0.0
1449759604,1449815476,2021-01-26 00:00:00,731,0.6112040133779264,1,-2.312161869996741,2.124409361208999,-0.6233776100048214,0.2126243683924404,2.49790805095911,-0.6587795370557377,0.0
1449759604,1449815684,2021-01-26 00:00:00,730,0.6103678929765887,1,-2.312161869996741,2.124409361208999,-0.6233776100048214,0.0077266754179015,2.273495445557204,-0.5902203482644159,0.0
1449759604,1449709188,2021-01-26 00:00:00,725,0.6061872909698997,1,-2.312161869996741,2.124409361208999,-0.6233776100048214,-0.1508641492055221,1.6467325162505182,-0.584141630724786,0.0
1449759604,1449758747,2021-01-26 00:00:00,725,0.6061872909698997,1,-2.312161869996741,2.124409361208999,-0.6233776100048214,-0.3107277910750987,2.0303828710047545,-0.5918934468547725,0.0
1449759604,1449733727,2021-01-26 00:00:00,725,0.6061872909698997,1,-2.312161869996741,2.124409361208999,-0.6233776100048214,0.19783341680101,2.481721926822018,-0.5399940070498133,0.0
1449759604,1449751546,2021-01-26 00:00:00,724,0.6053511705685619,1,-2.312161869996741,2.124409361208999,-0.6233776100048214,-0.0651283886944297,2.2362467191728697,-0.6482472889204427,0.0
1449759604,1449740560,2021-01-26 00:00:00,723,0.6045150501672241,1,-2.312161869996741,2.124409361208999,-0.6233776100048214,-0.2024663871106492,2.1470439616376065,-0.6438675349118705,0.0
1449759604,1449751719,2021-01-26 00:00:00,723,0.6045150501672241,1,-2.312161869996741,2.124409361208999,-0.6233776100048214,-0.1524995819087295,2.171433560797194,-0.5818968708460552,0.0
1449759604,1449741142,2021-01-26 00:00:00,721,0.6028428093645485,1,-2.312161869996741,2.124409361208999,-0.6233776100048214,0.1007080968881778,2.379347909838697,-0.614848346582157,0.0
1449814274,1449747475,2021-01-26 00:00:00,733,0.6052848885218828,1,-2.2536769352369013,2.2445268074783704,-0.5285680246668676,-0.0837063072981,2.242152357115881,-0.6103622249558969,0.0
1449814274,1449710900,2021-01-26 00:00:00,732,0.6044591246903386,1,-2.2536769352369013,2.2445268074783704,-0.5285680246668676,-0.0763621305251524,1.7170037180719453,-0.6686704341333911,0.0
1449814274,1449887314,2021-01-26 00:00:00,731,0.6036333608587944,1,-2.2536769352369013,2.2445268074783704,-0.5285680246668676,-0.2287055646151233,2.0827815128739235,-0.5170320052085273,0.0
1449814274,1449746136,2021-01-26 00:00:00,729,0.601981833195706,1,-2.2536769352369013,2.2445268074783704,-0.5285680246668676,-0.1480938933264295,2.124311699080976,-0.5601015785692169,0.0
1449814274,1449891244,2021-01-26 00:00:00,723,0.597027250206441,1,-2.2536769352369013,2.2445268074783704,-0.5285680246668676,-0.0920098077651478,2.2008838348221524,-0.4901865422264144,0.0
1449814274,1449727643,2021-01-26 00:00:00,722,0.5962014863748968,1,-2.2536769352369013,2.2445268074783704,-0.5285680246668676,-0.1303333559780626,2.218707445284024,-0.6998933271253032,0.0
1449814274,1449710918,2021-01-26 00:00:00,721,0.5953757225433526,1,-2.2536769352369013,2.2445268074783704,-0.5285680246668676,-0.4060690074802351,1.3436068954257927,-0.5383209619648497,0.0
1449814274,1449950362,2021-01-26 00:00:00,720,0.5945499587118084,1,-2.2536769352369013,2.2445268074783704,-0.5285680246668676,-0.147153273368832,2.151308697161328,-0.5684826663871512,0.0
1449814274,1449879875,2021-01-26 00:00:00,718,0.5928984310487201,1,-2.2536769352369013,2.2445268074783704,-0.5285680246668676,-0.0018135325453801,2.271084274531887,-0.5695108849633819,0.0
1449814274,1449880254,2021-01-26 00:00:00,718,0.5928984310487201,1,-2.2536769352369013,2.2445268074783704,-0.5285680246668676,-0.0840251193224058,2.2203401411321217,-0.579378093463891,0.0
1449814274,1449815476,2021-01-26 00:00:00,718,0.5928984310487201,1,-2.2536769352369013,2.2445268074783704,-0.5285680246668676,0.2126243683924404,2.49790805095911,-0.6587795370557377,0.0
1449783045,1449710900,2021-01-26 00:00:00,750,0.6198347107438017,1,-2.3070431173051005,1.949636556330068,-0.5989390226532727,-0.0763621305251524,1.7170037180719453,-0.6686704341333911,0.0
1449783045,1449747475,2021-01-26 00:00:00,740,0.6115702479338843,1,-2.3070431173051005,1.949636556330068,-0.5989390226532727,-0.0837063072981,2.242152357115881,-0.6103622249558969,0.0
1449783045,1449879505,2021-01-26 00:00:00,736,0.6082644628099173,1,-2.3070431173051005,1.949636556330068,-0.5989390226532727,0.2092805718205632,2.5293217145229594,-0.7055582798836548,0.0
1449783045,1449887314,2021-01-26 00:00:00,735,0.6074380165289256,1,-2.3070431173051005,1.949636556330068,-0.5989390226532727,-0.2287055646151233,2.0827815128739235,-0.5170320052085273,0.0
1449783045,1449746136,2021-01-26 00:00:00,733,0.6057851239669422,1,-2.3070431173051005,1.949636556330068,-0.5989390226532727,-0.1480938933264295,2.124311699080976,-0.5601015785692169,0.0
1449783045,1449891244,2021-01-26 00:00:00,733,0.6057851239669422,1,-2.3070431173051005,1.949636556330068,-0.5989390226532727,-0.0920098077651478,2.2008838348221524,-0.4901865422264144,0.0
1449783045,1449709188,2021-01-26 00:00:00,733,0.6057851239669422,1,-2.3070431173051005,1.949636556330068,-0.5989390226532727,-0.1508641492055221,1.6467325162505182,-0.584141630724786,0.0
1449783045,1449710918,2021-01-26 00:00:00,730,0.6033057851239669,1,-2.3070431173051005,1.949636556330068,-0.5989390226532727,-0.4060690074802351,1.3436068954257927,-0.5383209619648497,0.0
1449783045,1449727643,2021-01-26 00:00:00,728,0.6016528925619835,1,-2.3070431173051005,1.949636556330068,-0.5989390226532727,-0.1303333559780626,2.218707445284024,-0.6998933271253032,0.0
1449759754,1449710900,2021-01-26 00:00:00,726,0.634061135371179,1,-2.313289235653103,2.258054416566731,-0.6670991962409678,-0.0763621305251524,1.7170037180719453,-0.6686704341333911,0.0
1449759754,1449747475,2021-01-26 00:00:00,713,0.622707423580786,1,-2.313289235653103,2.258054416566731,-0.6670991962409678,-0.0837063072981,2.242152357115881,-0.6103622249558969,0.0
1449759754,1449733727,2021-01-26 00:00:00,713,0.622707423580786,1,-2.313289235653103,2.258054416566731,-0.6670991962409678,0.19783341680101,2.481721926822018,-0.5399940070498133,0.0
1449759754,1449727643,2021-01-26 00:00:00,706,0.616593886462882,1,-2.313289235653103,2.258054416566731,-0.6670991962409678,-0.1303333559780626,2.218707445284024,-0.6998933271253032,0.0
1449759754,1449740560,2021-01-26 00:00:00,705,0.6157205240174672,1,-2.313289235653103,2.258054416566731,-0.6670991962409678,-0.2024663871106492,2.1470439616376065,-0.6438675349118705,0.0
1449759754,1449880254,2021-01-26 00:00:00,704,0.6148471615720524,1,-2.313289235653103,2.258054416566731,-0.6670991962409678,-0.0840251193224058,2.2203401411321217,-0.579378093463891,0.0
1449759754,1449730189,2021-01-26 00:00:00,701,0.6122270742358079,1,-2.313289235653103,2.258054416566731,-0.6670991962409678,4.189804046104774e-05,2.321661882737833,-0.6137086702996326,0.0
1449759754,1449727511,2021-01-26 00:00:00,701,0.6122270742358079,1,-2.313289235653103,2.258054416566731,-0.6670991962409678,0.1093624064010326,2.4131053062705883,-0.692225096584977,0.0
1449759754,1449751719,2021-01-26 00:00:00,699,0.6104803493449782,1,-2.313289235653103,2.258054416566731,-0.6670991962409678,-0.1524995819087295,2.171433560797194,-0.5818968708460552,0.0
1449887314,1449815476,2021-01-26 00:00:00,752,0.6064516129032258,1,-2.311487077489047,2.0827815128739235,-0.5170320052085273,0.2126243683924404,2.49790805095911,-0.6587795370557377,0.0
1449887314,1449815684,2021-01-26 00:00:00,744,0.6,1,-2.311487077489047,2.0827815128739235,-0.5170320052085273,0.0077266754179015,2.273495445557204,-0.5902203482644159,0.0
1449887314,1449739750,2021-01-26 00:00:00,743,0.5991935483870968,1,-2.311487077489047,2.0827815128739235,-0.5170320052085273,-0.0737692492832164,2.2103132113342463,-0.6086157056452146,0.0
1449887314,1449880779,2021-01-26 00:00:00,741,0.5975806451612903,1,-2.311487077489047,2.0827815128739235,-0.5170320052085273,-0.081978672123459,2.250294046131432,-0.6224242048352107,0.0
1449887314,1449751719,2021-01-26 00:00:00,741,0.5975806451612903,1,-2.311487077489047,2.0827815128739235,-0.5170320052085273,-0.1524995819087295,2.171433560797194,-0.5818968708460552,0.0
1449887314,1449727633,2021-01-26 00:00:00,741,0.5975806451612903,1,-2.311487077489047,2.0827815128739235,-0.5170320052085273,0.5123984972207453,2.800368812093758,-0.6457184869888346,0.0
1449887314,1449710888,2021-01-26 00:00:00,740,0.5967741935483871,1,-2.311487077489047,2.0827815128739235,-0.5170320052085273,0.0014294029279627,1.698397167486449,-0.5728481509637113,0.0
1449887314,1449741142,2021-01-26 00:00:00,740,0.5967741935483871,1,-2.311487077489047,2.0827815128739235,-0.5170320052085273,0.1007080968881778,2.379347909838697,-0.614848346582157,0.0
1449887314,1449747475,2021-01-26 00:00:00,739,0.5959677419354839,1,-2.311487077489047,2.0827815128739235,-0.5170320052085273,-0.0837063072981,2.242152357115881,-0.6103622249558969,0.0
1449887314,1449730189,2021-01-26 00:00:00,739,0.5959677419354839,1,-2.311487077489047,2.0827815128739235,-0.5170320052085273,4.189804046104774e-05,2.321661882737833,-0.6137086702996326,0.0
1449879875,1449747475,2021-01-26 00:00:00,741,0.6216442953020134,1,-2.272897807077267,2.271084274531887,-0.5695108849633819,-0.0837063072981,2.242152357115881,-0.6103622249558969,0.0
1449879875,1449727643,2021-01-26 00:00:00,732,0.6140939597315436,1,-2.272897807077267,2.271084274531887,-0.5695108849633819,-0.1303333559780626,2.218707445284024,-0.6998933271253032,0.0
1449879875,1449727652,2021-01-26 00:00:00,731,0.613255033557047,1,-2.272897807077267,2.271084274531887,-0.5695108849633819,-0.3106915808469534,1.9767524230831124,-0.5321379058328031,0.0
1449879875,1449815684,2021-01-26 00:00:00,728,0.610738255033557,1,-2.272897807077267,2.271084274531887,-0.5695108849633819,0.0077266754179015,2.273495445557204,-0.5902203482644159,0.0
1449879875,1449814364,2021-01-26 00:00:00,727,0.6098993288590604,1,-2.272897807077267,2.271084274531887,-0.5695108849633819,-0.0725618057346615,2.21745227352389,-0.6098219376998024,0.0
1449879875,1449710900,2021-01-26 00:00:00,724,0.6073825503355704,1,-2.272897807077267,2.271084274531887,-0.5695108849633819,-0.0763621305251524,1.7170037180719453,-0.6686704341333911,0.0
1449879875,1449741142,2021-01-26 00:00:00,724,0.6073825503355704,1,-2.272897807077267,2.271084274531887,-0.5695108849633819,0.1007080968881778,2.379347909838697,-0.614848346582157,0.0
1449879875,1449891244,2021-01-26 00:00:00,723,0.6065436241610739,1,-2.272897807077267,2.271084274531887,-0.5695108849633819,-0.0920098077651478,2.2008838348221524,-0.4901865422264144,0.0
1449879875,1449887314,2021-01-26 00:00:00,722,0.6057046979865772,1,-2.272897807077267,2.271084274531887,-0.5695108849633819,-0.2287055646151233,2.0827815128739235,-0.5170320052085273,0.0
1449879875,1449733727,2021-01-26 00:00:00,721,0.6048657718120806,1,-2.272897807077267,2.271084274531887,-0.5695108849633819,0.19783341680101,2.481721926822018,-0.5399940070498133,0.0
1449950362,1449710900,2021-01-26 00:00:00,748,0.6217788861180382,1,-2.2984619705301594,2.151308697161328,-0.5684826663871512,-0.0763621305251524,1.7170037180719453,-0.6686704341333911,0.0
1449950362,1449751546,2021-01-26 00:00:00,740,0.6151288445552785,1,-2.2984619705301594,2.151308697161328,-0.5684826663871512,-0.0651283886944297,2.2362467191728697,-0.6482472889204427,0.0
1449950362,1449879505,2021-01-26 00:00:00,736,0.6118038237738986,1,-2.2984619705301594,2.151308697161328,-0.5684826663871512,0.2092805718205632,2.5293217145229594,-0.7055582798836548,0.0
1449950362,1449740560,2021-01-26 00:00:00,735,0.6109725685785536,1,-2.2984619705301594,2.151308697161328,-0.5684826663871512,-0.2024663871106492,2.1470439616376065,-0.6438675349118705,0.0
1449950362,1449746136,2021-01-26 00:00:00,735,0.6109725685785536,1,-2.2984619705301594,2.151308697161328,-0.5684826663871512,-0.1480938933264295,2.124311699080976,-0.5601015785692169,0.0
1449950362,1449747475,2021-01-26 00:00:00,735,0.6109725685785536,1,-2.2984619705301594,2.151308697161328,-0.5684826663871512,-0.0837063072981,2.242152357115881,-0.6103622249558969,0.0
1449950362,1449814752,2021-01-26 00:00:00,730,0.6068162926018288,1,-2.2984619705301594,2.151308697161328,-0.5684826663871512,-0.0628814580915762,2.239740879456988,-0.6537131113145378,0.0
1449950362,1449739750,2021-01-26 00:00:00,730,0.6068162926018288,1,-2.2984619705301594,2.151308697161328,-0.5684826663871512,-0.0737692492832164,2.2103132113342463,-0.6086157056452146,0.0
1449950362,1449727511,2021-01-26 00:00:00,729,0.6059850374064838,1,-2.2984619705301594,2.151308697161328,-0.5684826663871512,0.1093624064010326,2.4131053062705883,-0.692225096584977,0.0
1449950362,1449730189,2021-01-26 00:00:00,727,0.6043225270157938,1,-2.2984619705301594,2.151308697161328,-0.5684826663871512,4.189804046104774e-05,2.321661882737833,-0.6137086702996326,0.0
1449815684,1449887314,2021-01-26 00:00:00,744,0.6093366093366094,1,-2.2657687701393026,2.273495445557204,-0.5902203482644159,-0.2287055646151233,2.0827815128739235,-0.5170320052085273,0.0
1449815684,1449938569,2021-01-26 00:00:00,732,0.5995085995085995,1,-2.2657687701393026,2.273495445557204,-0.5902203482644159,-0.1987228175520348,2.074093676867827,-0.5713599752226362,0.0
1449815684,1449710900,2021-01-26 00:00:00,731,0.5986895986895987,1,-2.2657687701393026,2.273495445557204,-0.5902203482644159,-0.0763621305251524,1.7170037180719453,-0.6686704341333911,0.0
1449815684,1449759604,2021-01-26 00:00:00,730,0.5978705978705978,1,-2.2657687701393026,2.273495445557204,-0.5902203482644159,-0.1877525087877413,2.124409361208999,-0.6233776100048214,0.0
1449815684,1449879875,2021-01-26 00:00:00,728,0.5962325962325963,1,-2.2657687701393026,2.273495445557204,-0.5902203482644159,-0.0018135325453801,2.271084274531887,-0.5695108849633819,0.0
1449815684,1449746136,2021-01-26 00:00:00,723,0.5921375921375921,1,-2.2657687701393026,2.273495445557204,-0.5902203482644159,-0.1480938933264295,2.124311699080976,-0.5601015785692169,0.0
1449815684,1449747475,2021-01-26 00:00:00,723,0.5921375921375921,1,-2.2657687701393026,2.273495445557204,-0.5902203482644159,-0.0837063072981,2.242152357115881,-0.6103622249558969,0.0
1449815684,1449783150,2021-01-26 00:00:00,721,0.5904995904995906,1,-2.2657687701393026,2.273495445557204,-0.5902203482644159,0.3367729009349868,2.622400985135102,-0.6584507794663725,0.0
1449815684,1449880779,2021-01-26 00:00:00,721,0.5904995904995906,1,-2.2657687701393026,2.273495445557204,-0.5902203482644159,-0.081978672123459,2.250294046131432,-0.6224242048352107,0.0
1449815684,1449733727,2021-01-26 00:00:00,718,0.588042588042588,1,-2.2657687701393026,2.273495445557204,-0.5902203482644159,0.19783341680101,2.481721926822018,-0.5399940070498133,0.0
1449729868,1449747475,2021-01-26 00:00:00,734,0.5967479674796748,1,-2.265239508564996,2.193707489515956,-0.5738866760310044,-0.0837063072981,2.242152357115881,-0.6103622249558969,0.0
1449729868,1449733727,2021-01-26 00:00:00,733,0.5959349593495935,1,-2.265239508564996,2.193707489515956,-0.5738866760310044,0.19783341680101,2.481721926822018,-0.5399940070498133,0.0
1449729868,1449727643,2021-01-26 00:00:00,730,0.5934959349593496,1,-2.265239508564996,2.193707489515956,-0.5738866760310044,-0.1303333559780626,2.218707445284024,-0.6998933271253032,0.0
1449729868,1449938569,2021-01-26 00:00:00,729,0.5926829268292683,1,-2.265239508564996,2.193707489515956,-0.5738866760310044,-0.1987228175520348,2.074093676867827,-0.5713599752226362,0.0
1449729868,1449891244,2021-01-26 00:00:00,728,0.591869918699187,1,-2.265239508564996,2.193707489515956,-0.5738866760310044,-0.0920098077651478,2.2008838348221524,-0.4901865422264144,0.0
1449729868,1449751546,2021-01-26 00:00:00,727,0.5910569105691057,1,-2.265239508564996,2.193707489515956,-0.5738866760310044,-0.0651283886944297,2.2362467191728697,-0.6482472889204427,0.0
1449729868,1449887314,2021-01-26 00:00:00,727,0.5910569105691057,1,-2.265239508564996,2.193707489515956,-0.5738866760310044,-0.2287055646151233,2.0827815128739235,-0.5170320052085273,0.0
1449729868,1449710900,2021-01-26 00:00:00,726,0.5902439024390244,1,-2.265239508564996,2.193707489515956,-0.5738866760310044,-0.0763621305251524,1.7170037180719453,-0.6686704341333911,0.0
1449729868,1449879505,2021-01-26 00:00:00,725,0.5894308943089431,1,-2.265239508564996,2.193707489515956,-0.5738866760310044,0.2092805718205632,2.5293217145229594,-0.7055582798836548,0.0
1449729868,1449814752,2021-01-26 00:00:00,723,0.5878048780487805,1,-2.265239508564996,2.193707489515956,-0.5738866760310044,-0.0628814580915762,2.239740879456988,-0.6537131113145378,0.0
1449727643,1449733727,2021-01-26 00:00:00,754,0.6032,1,-2.3490408012620865,2.218707445284024,-0.6998933271253032,0.19783341680101,2.481721926822018,-0.5399940070498133,0.0
1449727643,1449880254,2021-01-26 00:00:00,741,0.5928,1,-2.3490408012620865,2.218707445284024,-0.6998933271253032,-0.0840251193224058,2.2203401411321217,-0.579378093463891,0.0
1449727643,1449710900,2021-01-26 00:00:00,739,0.5912,1,-2.3490408012620865,2.218707445284024,-0.6998933271253032,-0.0763621305251524,1.7170037180719453,-0.6686704341333911,0.0
1449727643,1449719953,2021-01-26 00:00:00,738,0.5904,1,-2.3490408012620865,2.218707445284024,-0.6998933271253032,0.0914123825754535,1.7846761238528417,-0.6114320493008121,0.0
1449727643,1449739750,2021-01-26 00:00:00,737,0.5896,1,-2.3490408012620865,2.218707445284024,-0.6998933271253032,-0.0737692492832164,2.2103132113342463,-0.6086157056452146,0.0
1449727643,1449938569,2021-01-26 00:00:00,736,0.5888,1,-2.3490408012620865,2.218707445284024,-0.6998933271253032,-0.1987228175520348,2.074093676867827,-0.5713599752226362,0.0
1449727643,1449740560,2021-01-26 00:00:00,734,0.5872,1,-2.3490408012620865,2.218707445284024,-0.6998933271253032,-0.2024663871106492,2.1470439616376065,-0.6438675349118705,0.0
1449727643,1449879505,2021-01-26 00:00:00,733,0.5864,1,-2.3490408012620865,2.218707445284024,-0.6998933271253032,0.2092805718205632,2.5293217145229594,-0.7055582798836548,0.0
1449727643,1449891244,2021-01-26 00:00:00,733,0.5864,1,-2.3490408012620865,2.218707445284024,-0.6998933271253032,-0.0920098077651478,2.2008838348221524,-0.4901865422264144,0.0
1449727643,1449879875,2021-01-26 00:00:00,732,0.5856,1,-2.3490408012620865,2.218707445284024,-0.6998933271253032,-0.0018135325453801,2.271084274531887,-0.5695108849633819,0.0
1449727643,1449747475,2021-01-26 00:00:00,732,0.5856,1,-2.3490408012620865,2.218707445284024,-0.6998933271253032,-0.0837063072981,2.242152357115881,-0.6103622249558969,0.0
1449746136,1449758747,2021-01-26 00:00:00,746,0.6165289256198347,1,-2.2724055924074054,2.124311699080976,-0.5601015785692169,-0.3107277910750987,2.0303828710047545,-0.5918934468547725,0.0
1449746136,1449747475,2021-01-26 00:00:00,744,0.6148760330578512,1,-2.2724055924074054,2.124311699080976,-0.5601015785692169,-0.0837063072981,2.242152357115881,-0.6103622249558969,0.0
1449746136,1449733727,2021-01-26 00:00:00,741,0.6123966942148761,1,-2.2724055924074054,2.124311699080976,-0.5601015785692169,0.19783341680101,2.481721926822018,-0.5399940070498133,0.0
1449746136,1449719968,2021-01-26 00:00:00,735,0.6074380165289256,1,-2.2724055924074054,2.124311699080976,-0.5601015785692169,-0.2091772089065844,1.462637886275477,-0.5479126924283273,0.0
1449746136,1449950362,2021-01-26 00:00:00,735,0.6074380165289256,1,-2.2724055924074054,2.124311699080976,-0.5601015785692169,-0.147153273368832,2.151308697161328,-0.5684826663871512,0.0
1449746136,1449879505,2021-01-26 00:00:00,734,0.6066115702479339,1,-2.2724055924074054,2.124311699080976,-0.5601015785692169,0.2092805718205632,2.5293217145229594,-0.7055582798836548,0.0
1449746136,1449727511,2021-01-26 00:00:00,733,0.6057851239669422,1,-2.2724055924074054,2.124311699080976,-0.5601015785692169,0.1093624064010326,2.4131053062705883,-0.692225096584977,0.0
1449746136,1449783045,2021-01-26 00:00:00,733,0.6057851239669422,1,-2.2724055924074054,2.124311699080976,-0.5601015785692169,-0.3574065609750322,1.949636556330068,-0.5989390226532727,0.0
1449746136,1449891244,2021-01-26 00:00:00,731,0.6041322314049586,1,-2.2724055924074054,2.124311699080976,-0.5601015785692169,-0.0920098077651478,2.2008838348221524,-0.4901865422264144,0.0
1449746136,1449814274,2021-01-26 00:00:00,729,0.6024793388429752,1,-2.2724055924074054,2.124311699080976,-0.5601015785692169,-0.0091501277585307,2.2445268074783704,-0.5285680246668676,0.0
1449719953,1449727643,2021-01-26 00:00:00,738,0.6074074074074074,1,-1.693263741277388,1.7846761238528417,-0.6114320493008121,-0.1303333559780626,2.218707445284024,-0.6998933271253032,0.0
1449719953,1449891244,2021-01-26 00:00:00,736,0.605761316872428,1,-1.693263741277388,1.7846761238528417,-0.6114320493008121,-0.0920098077651478,2.2008838348221524,-0.4901865422264144,0.0
1449719953,1449880779,2021-01-26 00:00:00,731,0.6016460905349794,1,-1.693263741277388,1.7846761238528417,-0.6114320493008121,-0.081978672123459,2.250294046131432,-0.6224242048352107,0.0
1449719953,1449880254,2021-01-26 00:00:00,727,0.5983539094650205,1,-1.693263741277388,1.7846761238528417,-0.6114320493008121,-0.0840251193224058,2.2203401411321217,-0.579378093463891,0.0
1449719953,1449741142,2021-01-26 00:00:00,726,0.5975308641975309,1,-1.693263741277388,1.7846761238528417,-0.6114320493008121,0.1007080968881778,2.379347909838697,-0.614848346582157,0.0
1449719953,1449710900,2021-01-26 00:00:00,726,0.5975308641975309,1,-1.693263741277388,1.7846761238528417,-0.6114320493008121,-0.0763621305251524,1.7170037180719453,-0.6686704341333911,0.0
1449719953,1449740560,2021-01-26 00:00:00,725,0.5967078189300411,1,-1.693263741277388,1.7846761238528417,-0.6114320493008121,-0.2024663871106492,2.1470439616376065,-0.6438675349118705,0.0
1449719953,1449747475,2021-01-26 00:00:00,725,0.5967078189300411,1,-1.693263741277388,1.7846761238528417,-0.6114320493008121,-0.0837063072981,2.242152357115881,-0.6103622249558969,0.0
1449719953,1449814752,2021-01-26 00:00:00,725,0.5967078189300411,1,-1.693263741277388,1.7846761238528417,-0.6114320493008121,-0.0628814580915762,2.239740879456988,-0.6537131113145378,0.0
1449719953,1449709188,2021-01-26 00:00:00,723,0.5950617283950618,1,-1.693263741277388,1.7846761238528417,-0.6114320493008121,-0.1508641492055221,1.6467325162505182,-0.584141630724786,0.0
1449719953,1449710918,2021-01-26 00:00:00,721,0.5934156378600823,1,-1.693263741277388,1.7846761238528417,-0.6114320493008121,-0.4060690074802351,1.3436068954257927,-0.5383209619648497,0.0
1449711005,1449727643,2021-01-26 00:00:00,723,0.6184773310521814,1,-1.7422525256111112,1.5291311436729993,-0.565746436705477,-0.1303333559780626,2.218707445284024,-0.6998933271253032,0.0
1449711005,1449729868,2021-01-26 00:00:00,718,0.6142001710863987,1,-1.7422525256111112,1.5291311436729993,-0.565746436705477,-0.0715320190490405,2.193707489515956,-0.5738866760310044,0.0
1449711005,1449878775,2021-01-26 00:00:00,717,0.613344739093242,1,-1.7422525256111112,1.5291311436729993,-0.565746436705477,0.1049560497505686,2.3299206358723663,-0.5953830117940537,0.0
1449711005,1449727511,2021-01-26 00:00:00,716,0.6124893071000855,1,-1.7422525256111112,1.5291311436729993,-0.565746436705477,0.1093624064010326,2.4131053062705883,-0.692225096584977,0.0
1449711005,1449814274,2021-01-26 00:00:00,715,0.611633875106929,1,-1.7422525256111112,1.5291311436729993,-0.565746436705477,-0.0091501277585307,2.2445268074783704,-0.5285680246668676,0.0
1449711005,1449891244,2021-01-26 00:00:00,715,0.611633875106929,1,-1.7422525256111112,1.5291311436729993,-0.565746436705477,-0.0920098077651478,2.2008838348221524,-0.4901865422264144,0.0
1449711005,1449740560,2021-01-26 00:00:00,714,0.6107784431137725,1,-1.7422525256111112,1.5291311436729993,-0.565746436705477,-0.2024663871106492,2.1470439616376065,-0.6438675349118705,0.0
1449711005,1449783045,2021-01-26 00:00:00,712,0.6090675791274593,1,-1.7422525256111112,1.5291311436729993,-0.565746436705477,-0.3574065609750322,1.949636556330068,-0.5989390226532727,0.0
1449711005,1449758747,2021-01-26 00:00:00,712,0.6090675791274593,1,-1.7422525256111112,1.5291311436729993,-0.565746436705477,-0.3107277910750987,2.0303828710047545,-0.5918934468547725,0.0
1449711005,1449710900,2021-01-26 00:00:00,711,0.6082121471343028,1,-1.7422525256111112,1.5291311436729993,-0.565746436705477,-0.0763621305251524,1.7170037180719453,-0.6686704341333911,0.0
1449711005,1449887314,2021-01-26 00:00:00,711,0.6082121471343028,1,-1.7422525256111112,1.5291311436729993,-0.565746436705477,-0.2287055646151233,2.0827815128739235,-0.5170320052085273,0.0
1449711005,1449710918,2021-01-26 00:00:00,711,0.6082121471343028,1,-1.7422525256111112,1.5291311436729993,-0.565746436705477,-0.4060690074802351,1.3436068954257927,-0.5383209619648497,0.0
1449710885,1449747475,2021-01-26 00:00:00,738,0.6155129274395329,1,-1.7221025906821283,1.814328721498564,-0.6259290981988919,-0.0837063072981,2.242152357115881,-0.6103622249558969,0.0
1449710885,1449710900,2021-01-26 00:00:00,735,0.6130108423686406,1,-1.7221025906821283,1.814328721498564,-0.6259290981988919,-0.0763621305251524,1.7170037180719453,-0.6686704341333911,0.0
1449710885,1449710918,2021-01-26 00:00:00,730,0.6088407005838199,1,-1.7221025906821283,1.814328721498564,-0.6259290981988919,-0.4060690074802351,1.3436068954257927,-0.5383209619648497,0.0
1449710885,1449727643,2021-01-26 00:00:00,730,0.6088407005838199,1,-1.7221025906821283,1.814328721498564,-0.6259290981988919,-0.1303333559780626,2.218707445284024,-0.6998933271253032,0.0
1449710885,1449891244,2021-01-26 00:00:00,726,0.6055045871559633,1,-1.7221025906821283,1.814328721498564,-0.6259290981988919,-0.0920098077651478,2.2008838348221524,-0.4901865422264144,0.0
1449710885,1449887314,2021-01-26 00:00:00,724,0.603836530442035,1,-1.7221025906821283,1.814328721498564,-0.6259290981988919,-0.2287055646151233,2.0827815128739235,-0.5170320052085273,0.0
1449710885,1449880254,2021-01-26 00:00:00,724,0.603836530442035,1,-1.7221025906821283,1.814328721498564,-0.6259290981988919,-0.0840251193224058,2.2203401411321217,-0.579378093463891,0.0
1449710885,1449751546,2021-01-26 00:00:00,721,0.6013344453711427,1,-1.7221025906821283,1.814328721498564,-0.6259290981988919,-0.0651283886944297,2.2362467191728697,-0.6482472889204427,0.0
1449710885,1449783045,2021-01-26 00:00:00,721,0.6013344453711427,1,-1.7221025906821283,1.814328721498564,-0.6259290981988919,-0.3574065609750322,1.949636556330068,-0.5989390226532727,0.0
1449710885,1449730189,2021-01-26 00:00:00,720,0.6005004170141784,1,-1.7221025906821283,1.814328721498564,-0.6259290981988919,4.189804046104774e-05,2.321661882737833,-0.6137086702996326,0.0
1449710885,1449814752,2021-01-26 00:00:00,720,0.6005004170141784,1,-1.7221025906821283,1.814328721498564,-0.6259290981988919,-0.0628814580915762,2.239740879456988,-0.6537131113145378,0.0
1449710843,1449887314,2021-01-26 00:00:00,709,0.6122625215889465,1,-1.6673119143659882,1.6931571405134247,-0.6444502086928967,-0.2287055646151233,2.0827815128739235,-0.5170320052085273,0.0
1449710843,1449727652,2021-01-26 00:00:00,708,0.6113989637305699,1,-1.6673119143659882,1.6931571405134247,-0.6444502086928967,-0.3106915808469534,1.9767524230831124,-0.5321379058328031,0.0
1449710843,1449751546,2021-01-26 00:00:00,707,0.6105354058721935,1,-1.6673119143659882,1.6931571405134247,-0.6444502086928967,-0.0651283886944297,2.2362467191728697,-0.6482472889204427,0.0
1449710843,1449815684,2021-01-26 00:00:00,707,0.6105354058721935,1,-1.6673119143659882,1.6931571405134247,-0.6444502086928967,0.0077266754179015,2.273495445557204,-0.5902203482644159,0.0
1449710843,1449710900,2021-01-26 00:00:00,706,0.6096718480138169,1,-1.6673119143659882,1.6931571405134247,-0.6444502086928967,-0.0763621305251524,1.7170037180719453,-0.6686704341333911,0.0
1449710843,1449950362,2021-01-26 00:00:00,706,0.6096718480138169,1,-1.6673119143659882,1.6931571405134247,-0.6444502086928967,-0.147153273368832,2.151308697161328,-0.5684826663871512,0.0
1449710843,1449759604,2021-01-26 00:00:00,705,0.6088082901554405,1,-1.6673119143659882,1.6931571405134247,-0.6444502086928967,-0.1877525087877413,2.124409361208999,-0.6233776100048214,0.0
1449710843,1449747475,2021-01-26 00:00:00,704,0.6079447322970639,1,-1.6673119143659882,1.6931571405134247,-0.6444502086928967,-0.0837063072981,2.242152357115881,-0.6103622249558969,0.0
1449710843,1449709188,2021-01-26 00:00:00,704,0.6079447322970639,1,-1.6673119143659882,1.6931571405134247,-0.6444502086928967,-0.1508641492055221,1.6467325162505182,-0.584141630724786,0.0
1449735396,1449747475,2021-01-26 00:00:00,721,0.6162393162393163,1,-2.281724543276755,2.3012919350497523,-0.6330676351394198,-0.0837063072981,2.242152357115881,-0.6103622249558969,0.0
1449735396,1449727643,2021-01-26 00:00:00,720,0.6153846153846154,1,-2.281724543276755,2.3012919350497523,-0.6330676351394198,-0.1303333559780626,2.218707445284024,-0.6998933271253032,0.0
1449735396,1449710829,2021-01-26 00:00:00,716,0.611965811965812,1,-2.281724543276755,2.3012919350497523,-0.6330676351394198,-0.0115238197380884,1.6944105268090857,-0.5651448885455252,0.0
1449735396,1449739750,2021-01-26 00:00:00,715,0.6111111111111112,1,-2.281724543276755,2.3012919350497523,-0.6330676351394198,-0.0737692492832164,2.2103132113342463,-0.6086157056452146,0.0
1449735396,1449815476,2021-01-26 00:00:00,715,0.6111111111111112,1,-2.281724543276755,2.3012919350497523,-0.6330676351394198,0.2126243683924404,2.49790805095911,-0.6587795370557377,0.0
1449735396,1449751546,2021-01-26 00:00:00,713,0.6094017094017095,1,-2.281724543276755,2.3012919350497523,-0.6330676351394198,-0.0651283886944297,2.2362467191728697,-0.6482472889204427,0.0
1449735396,1449709188,2021-01-26 00:00:00,711,0.6076923076923076,1,-2.281724543276755,2.3012919350497523,-0.6330676351394198,-0.1508641492055221,1.6467325162505182,-0.584141630724786,0.0
1449735396,1449730189,2021-01-26 00:00:00,710,0.6068376068376068,1,-2.281724543276755,2.3012919350497523,-0.6330676351394198,4.189804046104774e-05,2.321661882737833,-0.6137086702996326,0.0
1449735396,1449710900,2021-01-26 00:00:00,709,0.6059829059829059,1,-2.281724543276755,2.3012919350497523,-0.6330676351394198,-0.0763621305251524,1.7170037180719453,-0.6686704341333911,0.0
1449735396,1449814752,2021-01-26 00:00:00,708,0.6051282051282051,1,-2.281724543276755,2.3012919350497523,-0.6330676351394198,-0.0628814580915762,2.239740879456988,-0.6537131113145378,0.0
1449735396,1449733727,2021-01-26 00:00:00,707,0.6042735042735042,1,-2.281724543276755,2.3012919350497523,-0.6330676351394198,0.19783341680101,2.481721926822018,-0.5399940070498133,0.0
1449710829,1449733727,2021-01-26 00:00:00,729,0.6029776674937966,1,-1.705934346547174,1.6944105268090857,-0.5651448885455252,0.19783341680101,2.481721926822018,-0.5399940070498133,0.0
1449710829,1449751546,2021-01-26 00:00:00,728,0.6021505376344086,1,-1.705934346547174,1.6944105268090857,-0.5651448885455252,-0.0651283886944297,2.2362467191728697,-0.6482472889204427,0.0
1449710829,1449730189,2021-01-26 00:00:00,726,0.6004962779156328,1,-1.705934346547174,1.6944105268090857,-0.5651448885455252,4.189804046104774e-05,2.321661882737833,-0.6137086702996326,0.0
1449710829,1449815476,2021-01-26 00:00:00,725,0.5996691480562448,1,-1.705934346547174,1.6944105268090857,-0.5651448885455252,0.2126243683924404,2.49790805095911,-0.6587795370557377,0.0
1449710829,1449880779,2021-01-26 00:00:00,723,0.598014888337469,1,-1.705934346547174,1.6944105268090857,-0.5651448885455252,-0.081978672123459,2.250294046131432,-0.6224242048352107,0.0
1449710829,1449747475,2021-01-26 00:00:00,722,0.597187758478081,1,-1.705934346547174,1.6944105268090857,-0.5651448885455252,-0.0837063072981,2.242152357115881,-0.6103622249558969,0.0
1449710829,1449887314,2021-01-26 00:00:00,722,0.597187758478081,1,-1.705934346547174,1.6944105268090857,-0.5651448885455252,-0.2287055646151233,2.0827815128739235,-0.5170320052085273,0.0
1449710829,1449727643,2021-01-26 00:00:00,721,0.5963606286186931,1,-1.705934346547174,1.6944105268090857,-0.5651448885455252,-0.1303333559780626,2.218707445284024,-0.6998933271253032,0.0
1449710829,1449783150,2021-01-26 00:00:00,721,0.5963606286186931,1,-1.705934346547174,1.6944105268090857,-0.5651448885455252,0.3367729009349868,2.622400985135102,-0.6584507794663725,0.0
1449710829,1449710885,2021-01-26 00:00:00,720,0.5955334987593052,1,-1.705934346547174,1.6944105268090857,-0.5651448885455252,0.0922261308164352,1.814328721498564,-0.6259290981988919,0.0
1449710829,1449710900,2021-01-26 00:00:00,720,0.5955334987593052,1,-1.705934346547174,1.6944105268090857,-0.5651448885455252,-0.0763621305251524,1.7170037180719453,-0.6686704341333911,0.0
1449710839,1449887314,2021-01-26 00:00:00,711,0.626431718061674,1,-1.6753987235358434,1.782151841419575,-0.659889958803463,-0.2287055646151233,2.0827815128739235,-0.5170320052085273,0.0
1449710839,1449747475,2021-01-26 00:00:00,701,0.6176211453744493,1,-1.6753987235358434,1.782151841419575,-0.659889958803463,-0.0837063072981,2.242152357115881,-0.6103622249558969,0.0
1449710839,1449739750,2021-01-26 00:00:00,699,0.6158590308370044,1,-1.6753987235358434,1.782151841419575,-0.659889958803463,-0.0737692492832164,2.2103132113342463,-0.6086157056452146,0.0
1449710839,1449815476,2021-01-26 00:00:00,697,0.6140969162995594,1,-1.6753987235358434,1.782151841419575,-0.659889958803463,0.2126243683924404,2.49790805095911,-0.6587795370557377,0.0
1449710839,1449710900,2021-01-26 00:00:00,696,0.613215859030837,1,-1.6753987235358434,1.782151841419575,-0.659889958803463,-0.0763621305251524,1.7170037180719453,-0.6686704341333911,0.0
1449710839,1449727643,2021-01-26 00:00:00,694,0.6114537444933921,1,-1.6753987235358434,1.782151841419575,-0.659889958803463,-0.1303333559780626,2.218707445284024,-0.6998933271253032,0.0
1449710839,1449950362,2021-01-26 00:00:00,693,0.6105726872246696,1,-1.6753987235358434,1.782151841419575,-0.659889958803463,-0.147153273368832,2.151308697161328,-0.5684826663871512,0.0
1449710839,1449729868,2021-01-26 00:00:00,693,0.6105726872246696,1,-1.6753987235358434,1.782151841419575,-0.659889958803463,-0.0715320190490405,2.193707489515956,-0.5738866760310044,0.0
1449710839,1449709188,2021-01-26 00:00:00,692,0.6096916299559472,1,-1.6753987235358434,1.782151841419575,-0.659889958803463,-0.1508641492055221,1.6467325162505182,-0.584141630724786,0.0
1449709188,1449751546,2021-01-26 00:00:00,747,0.6209476309226932,1,-1.7975966654560405,1.6467325162505182,-0.584141630724786,-0.0651283886944297,2.2362467191728697,-0.6482472889204427,0.0
1449709188,1449710900,2021-01-26 00:00:00,746,0.6201163757273483,1,-1.7975966654560405,1.6467325162505182,-0.584141630724786,-0.0763621305251524,1.7170037180719453,-0.6686704341333911,0.0
1449709188,1449879505,2021-01-26 00:00:00,743,0.6176226101413134,1,-1.7975966654560405,1.6467325162505182,-0.584141630724786,0.2092805718205632,2.5293217145229594,-0.7055582798836548,0.0
1449709188,1449741142,2021-01-26 00:00:00,734,0.6101413133832086,1,-1.7975966654560405,1.6467325162505182,-0.584141630724786,0.1007080968881778,2.379347909838697,-0.614848346582157,0.0
1449709188,1449783045,2021-01-26 00:00:00,733,0.6093100581878637,1,-1.7975966654560405,1.6467325162505182,-0.584141630724786,-0.3574065609750322,1.949636556330068,-0.5989390226532727,0.0
1449709188,1449814752,2021-01-26 00:00:00,732,0.6084788029925187,1,-1.7975966654560405,1.6467325162505182,-0.584141630724786,-0.0628814580915762,2.239740879456988,-0.6537131113145378,0.0
1449709188,1449758577,2021-01-26 00:00:00,730,0.6068162926018288,1,-1.7975966654560405,1.6467325162505182,-0.584141630724786,-0.200706278278116,2.076822186240708,-0.6001618823297727,0.0
1449709188,1449740560,2021-01-26 00:00:00,728,0.6051537822111388,1,-1.7975966654560405,1.6467325162505182,-0.584141630724786,-0.2024663871106492,2.1470439616376065,-0.6438675349118705,0.0
1449709188,1449730189,2021-01-26 00:00:00,727,0.6043225270157938,1,-1.7975966654560405,1.6467325162505182,-0.584141630724786,4.189804046104774e-05,2.321661882737833,-0.6137086702996326,0.0
1392142847,1392108713,2021-01-26 00:00:00,256,0.2191780821917808,0,-1.4032953066663614,1.3618218705253216,-1.2674789531278812,-4.542580474242205,0.6186973861106813,-0.3877170347190155,0.0
1392142847,1462671498,2021-01-26 00:00:00,255,0.2183219178082192,0,-1.4032953066663614,1.3618218705253216,-1.2674789531278812,-1.620149124803254,-1.4248185995810911,2.6648652135711317,0.0
1392142847,1392108840,2021-01-26 00:00:00,238,0.2037671232876712,0,-1.4032953066663614,1.3618218705253216,-1.2674789531278812,-3.056232855406287,-0.0913195417325796,0.2667597396383616,0.0
1392142847,1392134357,2021-01-26 00:00:00,230,0.1969178082191781,0,-1.4032953066663614,1.3618218705253216,-1.2674789531278812,-3.894369377798357,-3.702360642757516,4.812330569166488,0.0
1392142847,1594960231,2021-01-26 00:00:00,224,0.1917808219178082,0,-1.4032953066663614,1.3618218705253216,-1.2674789531278812,-2.3256630664341973,,8.602453035367061,0.0
1392142847,1469695839,2021-01-26 00:00:00,224,0.1917808219178082,0,-1.4032953066663614,1.3618218705253216,-1.2674789531278812,-4.8052475648126665,-2.635821987274188,4.337294007167841,0.0
1392142847,1392108711,2021-01-26 00:00:00,219,0.1875,0,-1.4032953066663614,1.3618218705253216,-1.2674789531278812,-3.893705677577404,1.1807094952048691,-0.9732565965790964,0.0
1392142847,1392123240,2021-01-26 00:00:00,209,0.1789383561643835,0,-1.4032953066663614,1.3618218705253216,-1.2674789531278812,-1.2411861664546442,0.1908993234218146,-0.1098031871068911,0.0
1392142847,1392108845,2021-01-26 00:00:00,208,0.1780821917808219,0,-1.4032953066663614,1.3618218705253216,-1.2674789531278812,-2.9627435801469377,0.4136949289967395,-0.459169842715994,0.0
1449751719,1449887314,2021-01-26 00:00:00,741,0.6200836820083682,1,-2.3239331427059238,2.171433560797194,-0.5818968708460552,-0.2287055646151233,2.0827815128739235,-0.5170320052085273,0.0
1449751719,1449815476,2021-01-26 00:00:00,731,0.6117154811715482,1,-2.3239331427059238,2.171433560797194,-0.5818968708460552,0.2126243683924404,2.49790805095911,-0.6587795370557377,0.0
1449751719,1449880254,2021-01-26 00:00:00,730,0.6108786610878661,1,-2.3239331427059238,2.171433560797194,-0.5818968708460552,-0.0840251193224058,2.2203401411321217,-0.579378093463891,0.0
1449751719,1449710888,2021-01-26 00:00:00,730,0.6108786610878661,1,-2.3239331427059238,2.171433560797194,-0.5818968708460552,0.0014294029279627,1.698397167486449,-0.5728481509637113,0.0
1449751719,1449751546,2021-01-26 00:00:00,730,0.6108786610878661,1,-2.3239331427059238,2.171433560797194,-0.5818968708460552,-0.0651283886944297,2.2362467191728697,-0.6482472889204427,0.0
1449751719,1449891041,2021-01-26 00:00:00,730,0.6108786610878661,1,-2.3239331427059238,2.171433560797194,-0.5818968708460552,0.3319629875295379,2.616926742246096,-0.6021964167175362,0.0
1449751719,1449880779,2021-01-26 00:00:00,729,0.6100418410041841,1,-2.3239331427059238,2.171433560797194,-0.5818968708460552,-0.081978672123459,2.250294046131432,-0.6224242048352107,0.0
1449751719,1449758577,2021-01-26 00:00:00,729,0.6100418410041841,1,-2.3239331427059238,2.171433560797194,-0.5818968708460552,-0.200706278278116,2.076822186240708,-0.6001618823297727,0.0
1449751719,1449950362,2021-01-26 00:00:00,726,0.6075313807531381,1,-2.3239331427059238,2.171433560797194,-0.5818968708460552,-0.147153273368832,2.151308697161328,-0.5684826663871512,0.0
1449751719,1449729914,2021-01-26 00:00:00,725,0.606694560669456,1,-2.3239331427059238,2.171433560797194,-0.5818968708460552,0.0037926040799601,2.2981653705591927,-0.6345042894695787,0.0
1449751719,1449759604,2021-01-26 00:00:00,723,0.605020920502092,1,-2.3239331427059238,2.171433560797194,-0.5818968708460552,-0.1877525087877413,2.124409361208999,-0.6233776100048214,0.0
1449938569,1449710900,2021-01-26 00:00:00,737,0.608085808580858,1,-2.272816494419862,2.074093676867827,-0.5713599752226362,-0.0763621305251524,1.7170037180719453,-0.6686704341333911,0.0
1449938569,1449727643,2021-01-26 00:00:00,736,0.6072607260726073,1,-2.272816494419862,2.074093676867827,-0.5713599752226362,-0.1303333559780626,2.218707445284024,-0.6998933271253032,0.0
1449938569,1449730189,2021-01-26 00:00:00,734,0.6056105610561056,1,-2.272816494419862,2.074093676867827,-0.5713599752226362,4.189804046104774e-05,2.321661882737833,-0.6137086702996326,0.0
1449938569,1449815684,2021-01-26 00:00:00,732,0.6039603960396039,1,-2.272816494419862,2.074093676867827,-0.5713599752226362,0.0077266754179015,2.273495445557204,-0.5902203482644159,0.0
1449938569,1449729868,2021-01-26 00:00:00,729,0.6014851485148515,1,-2.272816494419862,2.074093676867827,-0.5713599752226362,-0.0715320190490405,2.193707489515956,-0.5738866760310044,0.0
1449938569,1449887314,2021-01-26 00:00:00,729,0.6014851485148515,1,-2.272816494419862,2.074093676867827,-0.5713599752226362,-0.2287055646151233,2.0827815128739235,-0.5170320052085273,0.0
1449938569,1449739750,2021-01-26 00:00:00,728,0.6006600660066007,1,-2.272816494419862,2.074093676867827,-0.5713599752226362,-0.0737692492832164,2.2103132113342463,-0.6086157056452146,0.0
1449938569,1449747475,2021-01-26 00:00:00,728,0.6006600660066007,1,-2.272816494419862,2.074093676867827,-0.5713599752226362,-0.0837063072981,2.242152357115881,-0.6103622249558969,0.0
1449938569,1449751546,2021-01-26 00:00:00,728,0.6006600660066007,1,-2.272816494419862,2.074093676867827,-0.5713599752226362,-0.0651283886944297,2.2362467191728697,-0.6482472889204427,0.0
1449938569,1449740560,2021-01-26 00:00:00,725,0.5981848184818482,1,-2.272816494419862,2.074093676867827,-0.5713599752226362,-0.2024663871106492,2.1470439616376065,-0.6438675349118705,0.0
1449758577,1449887314,2021-01-26 00:00:00,735,0.6069364161849711,1,-2.277528464518824,2.076822186240708,-0.6001618823297727,-0.2287055646151233,2.0827815128739235,-0.5170320052085273,0.0
1449758577,1449710900,2021-01-26 00:00:00,730,0.6028075970272502,1,-2.277528464518824,2.076822186240708,-0.6001618823297727,-0.0763621305251524,1.7170037180719453,-0.6686704341333911,0.0
1449758577,1449709188,2021-01-26 00:00:00,730,0.6028075970272502,1,-2.277528464518824,2.076822186240708,-0.6001618823297727,-0.1508641492055221,1.6467325162505182,-0.584141630724786,0.0
1449758577,1449733727,2021-01-26 00:00:00,729,0.601981833195706,1,-2.277528464518824,2.076822186240708,-0.6001618823297727,0.19783341680101,2.481721926822018,-0.5399940070498133,0.0
1449758577,1449814364,2021-01-26 00:00:00,729,0.601981833195706,1,-2.277528464518824,2.076822186240708,-0.6001618823297727,-0.0725618057346615,2.21745227352389,-0.6098219376998024,0.0
1449758577,1449751719,2021-01-26 00:00:00,729,0.601981833195706,1,-2.277528464518824,2.076822186240708,-0.6001618823297727,-0.1524995819087295,2.171433560797194,-0.5818968708460552,0.0
1449758577,1449747475,2021-01-26 00:00:00,728,0.6011560693641619,1,-2.277528464518824,2.076822186240708,-0.6001618823297727,-0.0837063072981,2.242152357115881,-0.6103622249558969,0.0
1449758577,1449879505,2021-01-26 00:00:00,725,0.5986787778695293,1,-2.277528464518824,2.076822186240708,-0.6001618823297727,0.2092805718205632,2.5293217145229594,-0.7055582798836548,0.0
1449709315,1449727511,2021-01-26 00:00:00,717,0.620242214532872,1,-1.6865474910235765,1.7890760940359065,-0.6358814187514534,0.1093624064010326,2.4131053062705883,-0.692225096584977,0.0
1449709315,1449758747,2021-01-26 00:00:00,710,0.6141868512110726,1,-1.6865474910235765,1.7890760940359065,-0.6358814187514534,-0.3107277910750987,2.0303828710047545,-0.5918934468547725,0.0
1449709315,1449709188,2021-01-26 00:00:00,709,0.6133217993079585,1,-1.6865474910235765,1.7890760940359065,-0.6358814187514534,-0.1508641492055221,1.6467325162505182,-0.584141630724786,0.0
1449709315,1449730189,2021-01-26 00:00:00,708,0.6124567474048442,1,-1.6865474910235765,1.7890760940359065,-0.6358814187514534,4.189804046104774e-05,2.321661882737833,-0.6137086702996326,0.0
1449709315,1449746136,2021-01-26 00:00:00,707,0.6115916955017301,1,-1.6865474910235765,1.7890760940359065,-0.6358814187514534,-0.1480938933264295,2.124311699080976,-0.5601015785692169,0.0
1449709315,1449751546,2021-01-26 00:00:00,707,0.6115916955017301,1,-1.6865474910235765,1.7890760940359065,-0.6358814187514534,-0.0651283886944297,2.2362467191728697,-0.6482472889204427,0.0
1449709315,1449863490,2021-01-26 00:00:00,705,0.6098615916955017,1,-1.6865474910235765,1.7890760940359065,-0.6358814187514534,0.0264672767232156,2.313366555409495,-0.6558070509416263,0.0
1449709315,1449879875,2021-01-26 00:00:00,703,0.6081314878892734,1,-1.6865474910235765,1.7890760940359065,-0.6358814187514534,-0.0018135325453801,2.271084274531887,-0.5695108849633819,0.0
1449747344,1449815476,2021-01-27 00:00:00,725,0.6133671742808798,1,-2.293684033521292,2.2935097370794084,-1.0571617130281084,0.4665129916299849,2.772552847620917,-1.2319738299121807,0.0
1449747344,1449887314,2021-01-27 00:00:00,722,0.61082910321489,1,-2.293684033521292,2.2935097370794084,-1.0571617130281084,-0.0107183259468842,2.327578962701512,-1.0728762802040883,0.0
1449747344,1449938569,2021-01-27 00:00:00,721,0.6099830795262268,1,-2.293684033521292,2.2935097370794084,-1.0571617130281084,0.0130787235950959,2.305858403141975,-1.1014782066993076,0.0
1449747344,1449747475,2021-01-27 00:00:00,718,0.6074450084602369,1,-2.293684033521292,2.2935097370794084,-1.0571617130281084,0.1410685988540876,2.478990345037041,-1.121340539745666,0.0
1449747344,1449729868,2021-01-27 00:00:00,716,0.6057529610829103,1,-2.293684033521292,2.2935097370794084,-1.0571617130281084,0.1557843220983669,2.4468296618297734,-1.1491645678309412,0.0
1449747344,1449710888,2021-01-27 00:00:00,714,0.6040609137055838,1,-2.293684033521292,2.2935097370794084,-1.0571617130281084,0.2346950041777159,2.02193316050462,-1.111792051112519,0.0
1449747344,1449814752,2021-01-27 00:00:00,713,0.6032148900169205,1,-2.293684033521292,2.2935097370794084,-1.0571617130281084,0.1637669492426132,2.485518846190643,-1.2132016107635577,0.0
1449747344,1449815684,2021-01-27 00:00:00,710,0.6006768189509306,1,-2.293684033521292,2.2935097370794084,-1.0571617130281084,0.2358432664474261,2.513222891655775,-1.0932079936607284,0.0
1449747344,1449950362,2021-01-27 00:00:00,709,0.5998307952622673,1,-2.293684033521292,2.2935097370794084,-1.0571617130281084,0.0746556003749465,2.397028306706683,-1.1320764069770544,0.0
1449747344,1449746136,2021-01-27 00:00:00,709,0.5998307952622673,1,-2.293684033521292,2.2935097370794084,-1.0571617130281084,0.0712088186948213,2.36623516319057,-1.108091032622653,0.0
1449747344,1449863490,2021-01-27 00:00:00,708,0.5989847715736041,1,-2.293684033521292,2.2935097370794084,-1.0571617130281084,0.2582765571726958,2.5611534256897928,-1.2017005317449616,0.0
1449747357,1449727643,2021-01-27 00:00:00,723,0.6195372750642674,1,-2.2654871530455014,2.713109007112029,-1.1254933696342286,0.0834116453122978,2.4330098902217063,-1.2130578765484072,0.0
1449747357,1449710900,2021-01-27 00:00:00,712,0.6101113967437874,1,-2.2654871530455014,2.713109007112029,-1.1254933696342286,0.1494667554118773,2.0217938671574105,-1.214503891946725,0.0
1449747357,1449751546,2021-01-27 00:00:00,712,0.6101113967437874,1,-2.2654871530455014,2.713109007112029,-1.1254933696342286,0.1588458043650018,2.4741802187510027,-1.1912439132898929,0.0
1449747357,1449709188,2021-01-27 00:00:00,711,0.609254498714653,1,-2.2654871530455014,2.713109007112029,-1.1254933696342286,0.0655056298797884,1.9371139366441543,-1.08864211634826,0.0
1449747357,1449710885,2021-01-27 00:00:00,711,0.609254498714653,1,-2.2654871530455014,2.713109007112029,-1.1254933696342286,0.3397739296832454,2.158120056819288,-1.2300721859965558,0.0
1449747357,1449733727,2021-01-27 00:00:00,711,0.609254498714653,1,-2.2654871530455014,2.713109007112029,-1.1254933696342286,0.4472665182882802,2.743199468596668,-1.048487901485541,0.0
1449747357,1449783150,2021-01-27 00:00:00,710,0.6083976006855184,1,-2.2654871530455014,2.713109007112029,-1.1254933696342286,0.6048774884162383,2.913375093782825,-1.259235483000985,0.0
1449747357,1449815476,2021-01-27 00:00:00,708,0.6066838046272494,1,-2.2654871530455014,2.713109007112029,-1.1254933696342286,0.4665129916299849,2.772552847620917,-1.2319738299121807,0.0
1449747357,1449729868,2021-01-27 00:00:00,707,0.6058269065981148,1,-2.2654871530455014,2.713109007112029,-1.1254933696342286,0.1557843220983669,2.4468296618297734,-1.1491645678309412,0.0
1449879505,1449747475,2021-01-27 00:00:00,744,0.6143682906688687,1,-2.3276488848633194,2.7867265400137384,-1.2431672814335126,0.1410685988540876,2.478990345037041,-1.121340539745666,0.0
1449879505,1449709188,2021-01-27 00:00:00,743,0.6135425268373246,1,-2.3276488848633194,2.7867265400137384,-1.2431672814335126,0.0655056298797884,1.9371139366441543,-1.08864211634826,0.0
1449879505,1449950362,2021-01-27 00:00:00,736,0.6077621800165153,1,-2.3276488848633194,2.7867265400137384,-1.2431672814335126,0.0746556003749465,2.397028306706683,-1.1320764069770544,0.0
1449879505,1449783045,2021-01-27 00:00:00,736,0.6077621800165153,1,-2.3276488848633194,2.7867265400137384,-1.2431672814335126,-0.1609110205047859,2.161480367876334,-1.116674188473123,0.0
1449879505,1449746136,2021-01-27 00:00:00,734,0.6061106523534269,1,-2.3276488848633194,2.7867265400137384,-1.2431672814335126,0.0712088186948213,2.36623516319057,-1.108091032622653,0.0
1449879505,1449758747,2021-01-27 00:00:00,733,0.6052848885218828,1,-2.3276488848633194,2.7867265400137384,-1.2431672814335126,-0.1069925226629312,2.249656116117902,-1.121340539745666,0.0
1449879505,1449727643,2021-01-27 00:00:00,733,0.6052848885218828,1,-2.3276488848633194,2.7867265400137384,-1.2431672814335126,0.0834116453122978,2.4330098902217063,-1.2130578765484072,0.0
1449879505,1449729914,2021-01-27 00:00:00,730,0.6028075970272502,1,-2.3276488848633194,2.7867265400137384,-1.2431672814335126,0.2364657808711519,2.5474762887513465,-1.1742356422301743,0.0
1449879505,1449887314,2021-01-27 00:00:00,729,0.601981833195706,1,-2.3276488848633194,2.7867265400137384,-1.2431672814335126,-0.0107183259468842,2.327578962701512,-1.0728762802040883,0.0
1449879505,1449815476,2021-01-27 00:00:00,726,0.5995045417010735,1,-2.3276488848633194,2.7867265400137384,-1.2431672814335126,0.4665129916299849,2.772552847620917,-1.2319738299121807,0.0
1449878775,1449733727,2021-01-27 00:00:00,735,0.6104651162790697,1,-2.2577318707722034,2.607541769129668,-1.1874637998683246,0.4472665182882802,2.743199468596668,-1.048487901485541,0.0
1449878775,1449751546,2021-01-27 00:00:00,726,0.6029900332225914,1,-2.2577318707722034,2.607541769129668,-1.1874637998683246,0.1588458043650018,2.4741802187510027,-1.1912439132898929,0.0
1449878775,1449709188,2021-01-27 00:00:00,725,0.6021594684385382,1,-2.2577318707722034,2.607541769129668,-1.1874637998683246,0.0655056298797884,1.9371139366441543,-1.08864211634826,0.0
1449878775,1449747475,2021-01-27 00:00:00,725,0.6021594684385382,1,-2.2577318707722034,2.607541769129668,-1.1874637998683246,0.1410685988540876,2.478990345037041,-1.121340539745666,0.0
1449878775,1449730189,2021-01-27 00:00:00,721,0.5988372093023255,1,-2.2577318707722034,2.607541769129668,-1.1874637998683246,0.2378028608282382,2.5823436991742943,-1.1980196354565047,0.0
1449878775,1449710918,2021-01-27 00:00:00,721,0.5988372093023255,1,-2.2577318707722034,2.607541769129668,-1.1874637998683246,-0.2168509219345962,1.61082383334399,-1.0165768041487802,0.0
1449878775,1449727511,2021-01-27 00:00:00,720,0.5980066445182725,1,-2.2577318707722034,2.607541769129668,-1.1874637998683246,0.3454828099067154,2.6532720594031423,-1.1985275421827497,0.0
1449878775,1449887314,2021-01-27 00:00:00,720,0.5980066445182725,1,-2.2577318707722034,2.607541769129668,-1.1874637998683246,-0.0107183259468842,2.327578962701512,-1.0728762802040883,0.0
1449878775,1449950362,2021-01-27 00:00:00,719,0.5971760797342193,1,-2.2577318707722034,2.607541769129668,-1.1874637998683246,0.0746556003749465,2.397028306706683,-1.1320764069770544,0.0
1449878775,1449711005,2021-01-27 00:00:00,717,0.595514950166113,1,-2.2577318707722034,2.607541769129668,-1.1874637998683246,-0.0001906608124394,1.8278262128483536,-1.09224284038263,0.0
1449863490,1449747475,2021-01-27 00:00:00,746,0.6109746109746109,1,-2.302876868517097,2.5611534256897928,-1.2017005317449616,0.1410685988540876,2.478990345037041,-1.121340539745666,0.0
1449863490,1449751546,2021-01-27 00:00:00,740,0.6060606060606061,1,-2.302876868517097,2.5611534256897928,-1.2017005317449616,0.1588458043650018,2.4741802187510027,-1.1912439132898929,0.0
1449863490,1449710918,2021-01-27 00:00:00,734,0.6011466011466011,1,-2.302876868517097,2.5611534256897928,-1.2017005317449616,-0.2168509219345962,1.61082383334399,-1.0165768041487802,0.0
1449863490,1449741142,2021-01-27 00:00:00,733,0.6003276003276004,1,-2.302876868517097,2.5611534256897928,-1.2017005317449616,0.3382600202183005,2.6273953777187184,-1.1296680786054203,0.0
1449863490,1449733727,2021-01-27 00:00:00,733,0.6003276003276004,1,-2.302876868517097,2.5611534256897928,-1.2017005317449616,0.4472665182882802,2.743199468596668,-1.048487901485541,0.0
1449863490,1449880254,2021-01-27 00:00:00,730,0.5978705978705978,1,-2.302876868517097,2.5611534256897928,-1.2017005317449616,0.1356047264341528,2.444813434146317,-1.0649147561709382,0.0
1449863490,1449746136,2021-01-27 00:00:00,727,0.5954135954135954,1,-2.302876868517097,2.5611534256897928,-1.2017005317449616,0.0712088186948213,2.36623516319057,-1.108091032622653,0.0
1449863490,1449814752,2021-01-27 00:00:00,726,0.5945945945945946,1,-2.302876868517097,2.5611534256897928,-1.2017005317449616,0.1637669492426132,2.485518846190643,-1.2132016107635577,0.0
1449863490,1449727511,2021-01-27 00:00:00,726,0.5945945945945946,1,-2.302876868517097,2.5611534256897928,-1.2017005317449616,0.3454828099067154,2.6532720594031423,-1.1985275421827497,0.0
1449863490,1449815476,2021-01-27 00:00:00,722,0.5913185913185913,1,-2.302876868517097,2.5611534256897928,-1.2017005317449616,0.4665129916299849,2.772552847620917,-1.2319738299121807,0.0
1449863490,1449887314,2021-01-27 00:00:00,722,0.5913185913185913,1,-2.302876868517097,2.5611534256897928,-1.2017005317449616,-0.0107183259468842,2.327578962701512,-1.0728762802040883,0.0
1449736642,1449741142,2021-01-27 00:00:00,708,0.6156521739130435,1,-2.2260868345230054,2.473309587261851,-1.1145231811912586,0.3382600202183005,2.6273953777187184,-1.1296680786054203,0.0
1449736642,1449879505,2021-01-27 00:00:00,708,0.6156521739130435,1,-2.2260868345230054,2.473309587261851,-1.1145231811912586,0.459077655150419,2.7867265400137384,-1.2431672814335126,0.0
1449736642,1449887314,2021-01-27 00:00:00,702,0.6104347826086957,1,-2.2260868345230054,2.473309587261851,-1.1145231811912586,-0.0107183259468842,2.327578962701512,-1.0728762802040883,0.0
1449736642,1449710900,2021-01-27 00:00:00,701,0.6095652173913043,1,-2.2260868345230054,2.473309587261851,-1.1145231811912586,0.1494667554118773,2.0217938671574105,-1.214503891946725,0.0
1449736642,1449751546,2021-01-27 00:00:00,699,0.6078260869565217,1,-2.2260868345230054,2.473309587261851,-1.1145231811912586,0.1588458043650018,2.4741802187510027,-1.1912439132898929,0.0
1449736642,1449729914,2021-01-27 00:00:00,697,0.6060869565217392,1,-2.2260868345230054,2.473309587261851,-1.1145231811912586,0.2364657808711519,2.5474762887513465,-1.1742356422301743,0.0
1449736642,1449747475,2021-01-27 00:00:00,696,0.6052173913043478,1,-2.2260868345230054,2.473309587261851,-1.1145231811912586,0.1410685988540876,2.478990345037041,-1.121340539745666,0.0
1449736642,1449815476,2021-01-27 00:00:00,696,0.6052173913043478,1,-2.2260868345230054,2.473309587261851,-1.1145231811912586,0.4665129916299849,2.772552847620917,-1.2319738299121807,0.0
1449736642,1449758577,2021-01-27 00:00:00,695,0.6043478260869565,1,-2.2260868345230054,2.473309587261851,-1.1145231811912586,0.0154417035788148,2.3209530960586897,-1.179451809132809,0.0
1449736642,1449814364,2021-01-27 00:00:00,693,0.6026086956521739,1,-2.2260868345230054,2.473309587261851,-1.1145231811912586,0.1546118149750015,2.466607060139681,-1.1716193432794446,0.0
1449800511,1449751546,2021-01-27 00:00:00,722,0.611864406779661,1,-2.275588200028396,2.606995683044841,-1.1306555023063094,0.1588458043650018,2.4741802187510027,-1.1912439132898929,0.0
1449800511,1449730189,2021-01-27 00:00:00,720,0.6101694915254238,1,-2.275588200028396,2.606995683044841,-1.1306555023063094,0.2378028608282382,2.5823436991742943,-1.1980196354565047,0.0
1449800511,1449740560,2021-01-27 00:00:00,719,0.6093220338983051,1,-2.275588200028396,2.606995683044841,-1.1306555023063094,0.0123192103483143,2.3768045919431966,-1.193236989181341,0.0
1449800511,1449710900,2021-01-27 00:00:00,718,0.6084745762711864,1,-2.275588200028396,2.606995683044841,-1.1306555023063094,0.1494667554118773,2.0217938671574105,-1.214503891946725,0.0
1449800511,1449950362,2021-01-27 00:00:00,716,0.6067796610169491,1,-2.275588200028396,2.606995683044841,-1.1306555023063094,0.0746556003749465,2.397028306706683,-1.1320764069770544,0.0
1449800511,1449863490,2021-01-27 00:00:00,714,0.6050847457627119,1,-2.275588200028396,2.606995683044841,-1.1306555023063094,0.2582765571726958,2.5611534256897928,-1.2017005317449616,0.0
1449800511,1449880254,2021-01-27 00:00:00,712,0.6033898305084746,1,-2.275588200028396,2.606995683044841,-1.1306555023063094,0.1356047264341528,2.444813434146317,-1.0649147561709382,0.0
1449800511,1449887314,2021-01-27 00:00:00,712,0.6033898305084746,1,-2.275588200028396,2.606995683044841,-1.1306555023063094,-0.0107183259468842,2.327578962701512,-1.0728762802040883,0.0
1449800511,1449733727,2021-01-27 00:00:00,712,0.6033898305084746,1,-2.275588200028396,2.606995683044841,-1.1306555023063094,0.4472665182882802,2.743199468596668,-1.048487901485541,0.0
1449800511,1449727511,2021-01-27 00:00:00,712,0.6033898305084746,1,-2.275588200028396,2.606995683044841,-1.1306555023063094,0.3454828099067154,2.6532720594031423,-1.1985275421827497,0.0
1449800511,1449710829,2021-01-27 00:00:00,709,0.6008474576271187,1,-2.275588200028396,2.606995683044841,-1.1306555023063094,0.2279655834615426,2.033941152440835,-1.1518936552810466,0.0
1449800511,1449746136,2021-01-27 00:00:00,709,0.6008474576271187,1,-2.275588200028396,2.606995683044841,-1.1306555023063094,0.0712088186948213,2.36623516319057,-1.108091032622653,0.0
1449730189,1449815476,2021-01-27 00:00:00,747,0.6143092105263158,1,-2.344540838346056,2.5823436991742943,-1.1980196354565047,0.4665129916299849,2.772552847620917,-1.2319738299121807,0.0
1449730189,1449887314,2021-01-27 00:00:00,739,0.6077302631578947,1,-2.344540838346056,2.5823436991742943,-1.1980196354565047,-0.0107183259468842,2.327578962701512,-1.0728762802040883,0.0
1449730189,1449710934,2021-01-27 00:00:00,737,0.6060855263157895,1,-2.344540838346056,2.5823436991742943,-1.1980196354565047,0.0015890002642433,1.8077668405086127,-1.0839788458144817,0.0
1449730189,1449710900,2021-01-27 00:00:00,737,0.6060855263157895,1,-2.344540838346056,2.5823436991742943,-1.1980196354565047,0.1494667554118773,2.0217938671574105,-1.214503891946725,0.0
1449730189,1449751546,2021-01-27 00:00:00,736,0.6052631578947368,1,-2.344540838346056,2.5823436991742943,-1.1980196354565047,0.1588458043650018,2.4741802187510027,-1.1912439132898929,0.0
1449730189,1449938569,2021-01-27 00:00:00,734,0.6036184210526315,1,-2.344540838346056,2.5823436991742943,-1.1980196354565047,0.0130787235950959,2.305858403141975,-1.1014782066993076,0.0
1449730189,1449783150,2021-01-27 00:00:00,733,0.602796052631579,1,-2.344540838346056,2.5823436991742943,-1.1980196354565047,0.6048774884162383,2.913375093782825,-1.259235483000985,0.0
1449730189,1449719968,2021-01-27 00:00:00,731,0.6011513157894737,1,-2.344540838346056,2.5823436991742943,-1.1980196354565047,0.0045149279862023,1.7722315276140268,-1.0904489780289488,0.0
1449758747,1449746136,2021-01-27 00:00:00,746,0.622185154295246,1,-2.356648638780833,2.249656116117902,-1.121340539745666,0.0712088186948213,2.36623516319057,-1.108091032622653,0.0
1449758747,1449887314,2021-01-27 00:00:00,737,0.6146788990825688,1,-2.356648638780833,2.249656116117902,-1.121340539745666,-0.0107183259468842,2.327578962701512,-1.0728762802040883,0.0
1449758747,1449879505,2021-01-27 00:00:00,733,0.6113427856547122,1,-2.356648638780833,2.249656116117902,-1.121340539745666,0.459077655150419,2.7867265400137384,-1.2431672814335126,0.0
1449758747,1449739750,2021-01-27 00:00:00,728,0.6071726438698916,1,-2.356648638780833,2.249656116117902,-1.121340539745666,0.1480235453344053,2.444172893765498,-1.123551237015362,0.0
1449758747,1450174776,2021-01-27 00:00:00,728,0.6071726438698916,1,-2.356648638780833,2.249656116117902,-1.121340539745666,0.2206808719500686,2.5214473618315014,-1.0818253237188529,0.0
1449758747,1449759604,2021-01-27 00:00:00,725,0.6046705587989991,1,-2.356648638780833,2.249656116117902,-1.121340539745666,0.0257721301735109,2.355722612985957,-1.1726287988013713,0.0
1449758747,1449727643,2021-01-27 00:00:00,725,0.6046705587989991,1,-2.356648638780833,2.249656116117902,-1.121340539745666,0.0834116453122978,2.4330098902217063,-1.2130578765484072,0.0
1449758747,1449729914,2021-01-27 00:00:00,725,0.6046705587989991,1,-2.356648638780833,2.249656116117902,-1.121340539745666,0.2364657808711519,2.5474762887513465,-1.1742356422301743,0.0
1449758747,1449740560,2021-01-27 00:00:00,724,0.603836530442035,1,-2.356648638780833,2.249656116117902,-1.121340539745666,0.0123192103483143,2.3768045919431966,-1.193236989181341,0.0
1449758747,1449727511,2021-01-27 00:00:00,723,0.6030025020850709,1,-2.356648638780833,2.249656116117902,-1.121340539745666,0.3454828099067154,2.6532720594031423,-1.1985275421827497,0.0
1449751546,1449709188,2021-01-27 00:00:00,747,0.6063311688311688,1,-2.3153344143860006,2.4741802187510027,-1.1912439132898929,0.0655056298797884,1.9371139366441543,-1.08864211634826,0.0
1449751546,1449710900,2021-01-27 00:00:00,741,0.601461038961039,1,-2.3153344143860006,2.4741802187510027,-1.1912439132898929,0.1494667554118773,2.0217938671574105,-1.214503891946725,0.0
1449751546,1449863490,2021-01-27 00:00:00,740,0.6006493506493507,1,-2.3153344143860006,2.4741802187510027,-1.1912439132898929,0.2582765571726958,2.5611534256897928,-1.2017005317449616,0.0
1449751546,1449950362,2021-01-27 00:00:00,740,0.6006493506493507,1,-2.3153344143860006,2.4741802187510027,-1.1912439132898929,0.0746556003749465,2.397028306706683,-1.1320764069770544,0.0
1449751546,1449727511,2021-01-27 00:00:00,738,0.599025974025974,1,-2.3153344143860006,2.4741802187510027,-1.1912439132898929,0.3454828099067154,2.6532720594031423,-1.1985275421827497,0.0
1449751546,1449730189,2021-01-27 00:00:00,736,0.5974025974025974,1,-2.3153344143860006,2.4741802187510027,-1.1912439132898929,0.2378028608282382,2.5823436991742943,-1.1980196354565047,0.0
1449751546,1449880254,2021-01-27 00:00:00,735,0.5965909090909091,1,-2.3153344143860006,2.4741802187510027,-1.1912439132898929,0.1356047264341528,2.444813434146317,-1.0649147561709382,0.0
1449751546,1449733727,2021-01-27 00:00:00,735,0.5965909090909091,1,-2.3153344143860006,2.4741802187510027,-1.1912439132898929,0.4472665182882802,2.743199468596668,-1.048487901485541,0.0
1449751546,1449887314,2021-01-27 00:00:00,734,0.5957792207792207,1,-2.3153344143860006,2.4741802187510027,-1.1912439132898929,-0.0107183259468842,2.327578962701512,-1.0728762802040883,0.0
1449751546,1449727633,2021-01-27 00:00:00,734,0.5957792207792207,1,-2.3153344143860006,2.4741802187510027,-1.1912439132898929,0.7977453381192209,3.1088679548273017,-1.243354431471036,0.0
1449719968,1449887314,2021-01-27 00:00:00,737,0.6219409282700422,1,-1.7677165996278243,1.7722315276140268,-1.0904489780289488,-0.0107183259468842,2.327578962701512,-1.0728762802040883,0.0
1449719968,1449746136,2021-01-27 00:00:00,735,0.620253164556962,1,-1.7677165996278243,1.7722315276140268,-1.0904489780289488,0.0712088186948213,2.36623516319057,-1.108091032622653,0.0
1449719968,1449730189,2021-01-27 00:00:00,731,0.6168776371308017,1,-1.7677165996278243,1.7722315276140268,-1.0904489780289488,0.2378028608282382,2.5823436991742943,-1.1980196354565047,0.0
1449719968,1449747475,2021-01-27 00:00:00,727,0.6135021097046414,1,-1.7677165996278243,1.7722315276140268,-1.0904489780289488,0.1410685988540876,2.478990345037041,-1.121340539745666,0.0
1449719968,1449710900,2021-01-27 00:00:00,723,0.610126582278481,1,-1.7677165996278243,1.7722315276140268,-1.0904489780289488,0.1494667554118773,2.0217938671574105,-1.214503891946725,0.0
1449719968,1449733727,2021-01-27 00:00:00,723,0.610126582278481,1,-1.7677165996278243,1.7722315276140268,-1.0904489780289488,0.4472665182882802,2.743199468596668,-1.048487901485541,0.0
1449719968,1449727643,2021-01-27 00:00:00,721,0.6084388185654008,1,-1.7677165996278243,1.7722315276140268,-1.0904489780289488,0.0834116453122978,2.4330098902217063,-1.2130578765484072,0.0
1449719968,1449739750,2021-01-27 00:00:00,721,0.6084388185654008,1,-1.7677165996278243,1.7722315276140268,-1.0904489780289488,0.1480235453344053,2.444172893765498,-1.123551237015362,0.0
1449719968,1449815476,2021-01-27 00:00:00,719,0.6067510548523207,1,-1.7677165996278243,1.7722315276140268,-1.0904489780289488,0.4665129916299849,2.772552847620917,-1.2319738299121807,0.0
1449880254,1449727643,2021-01-27 00:00:00,741,0.6226890756302521,1,-2.309208707712164,2.444813434146317,-1.0649147561709382,0.0834116453122978,2.4330098902217063,-1.2130578765484072,0.0
1449880254,1449710900,2021-01-27 00:00:00,741,0.6226890756302521,1,-2.309208707712164,2.444813434146317,-1.0649147561709382,0.1494667554118773,2.0217938671574105,-1.214503891946725,0.0
1449880254,1449751546,2021-01-27 00:00:00,735,0.6176470588235294,1,-2.309208707712164,2.444813434146317,-1.0649147561709382,0.1588458043650018,2.4741802187510027,-1.1912439132898929,0.0
1449880254,1449887314,2021-01-27 00:00:00,732,0.6151260504201681,1,-2.309208707712164,2.444813434146317,-1.0649147561709382,-0.0107183259468842,2.327578962701512,-1.0728762802040883,0.0
1449880254,1449733727,2021-01-27 00:00:00,731,0.6142857142857143,1,-2.309208707712164,2.444813434146317,-1.0649147561709382,0.4472665182882802,2.743199468596668,-1.048487901485541,0.0
1449880254,1449863490,2021-01-27 00:00:00,730,0.6134453781512605,1,-2.309208707712164,2.444813434146317,-1.0649147561709382,0.2582765571726958,2.5611534256897928,-1.2017005317449616,0.0
1449880254,1449751719,2021-01-27 00:00:00,730,0.6134453781512605,1,-2.309208707712164,2.444813434146317,-1.0649147561709382,0.0643907041228259,2.3987586683236275,-1.094216677195072,0.0
1449880254,1449747475,2021-01-27 00:00:00,729,0.6126050420168068,1,-2.309208707712164,2.444813434146317,-1.0649147561709382,0.1410685988540876,2.478990345037041,-1.121340539745666,0.0
1449880254,1449719953,2021-01-27 00:00:00,727,0.6109243697478992,1,-2.309208707712164,2.444813434146317,-1.0649147561709382,0.3319667117036595,2.1128402735679965,-1.139030161138007,0.0
1449880254,1449730189,2021-01-27 00:00:00,726,0.6100840336134454,1,-2.309208707712164,2.444813434146317,-1.0649147561709382,0.2378028608282382,2.5823436991742943,-1.1980196354565047,0.0
1449710888,1449887314,2021-01-27 00:00:00,740,0.6171809841534612,1,-1.7872381563269035,2.02193316050462,-1.111792051112519,-0.0107183259468842,2.327578962701512,-1.0728762802040883,0.0
1449710888,1449710900,2021-01-27 00:00:00,735,0.6130108423686406,1,-1.7872381563269035,2.02193316050462,-1.111792051112519,0.1494667554118773,2.0217938671574105,-1.214503891946725,0.0
1449710888,1449815476,2021-01-27 00:00:00,734,0.6121768140116765,1,-1.7872381563269035,2.02193316050462,-1.111792051112519,0.4665129916299849,2.772552847620917,-1.2319738299121807,0.0
1449710888,1449751719,2021-01-27 00:00:00,730,0.6088407005838199,1,-1.7872381563269035,2.02193316050462,-1.111792051112519,0.0643907041228259,2.3987586683236275,-1.094216677195072,0.0
1449710888,1449730189,2021-01-27 00:00:00,725,0.6046705587989991,1,-1.7872381563269035,2.02193316050462,-1.111792051112519,0.2378028608282382,2.5823436991742943,-1.1980196354565047,0.0
1449710888,1449733727,2021-01-27 00:00:00,721,0.6013344453711427,1,-1.7872381563269035,2.02193316050462,-1.111792051112519,0.4472665182882802,2.743199468596668,-1.048487901485541,0.0
1449710888,1449741142,2021-01-27 00:00:00,721,0.6013344453711427,1,-1.7872381563269035,2.02193316050462,-1.111792051112519,0.3382600202183005,2.6273953777187184,-1.1296680786054203,0.0
1449710888,1449727643,2021-01-27 00:00:00,721,0.6013344453711427,1,-1.7872381563269035,2.02193316050462,-1.111792051112519,0.0834116453122978,2.4330098902217063,-1.2130578765484072,0.0
1443536413,1449879505,2021-01-27 00:00:00,724,0.6177474402730375,1,-1.742926658220554,1.9017159016246263,-1.0964510602496045,0.459077655150419,2.7867265400137384,-1.2431672814335126,0.0
1443536413,1449729994,2021-01-27 00:00:00,723,0.6168941979522184,1,-1.742926658220554,1.9017159016246263,-1.0964510602496045,0.4725550706477053,2.775183722244056,-1.257506712566924,0.0
1443536413,1449887314,2021-01-27 00:00:00,715,0.6100682593856656,1,-1.742926658220554,1.9017159016246263,-1.0964510602496045,-0.0107183259468842,2.327578962701512,-1.0728762802040883,0.0
1443536413,1449751546,2021-01-27 00:00:00,711,0.606655290102389,1,-1.742926658220554,1.9017159016246263,-1.0964510602496045,0.1588458043650018,2.4741802187510027,-1.1912439132898929,0.0
1443536413,1449751719,2021-01-27 00:00:00,711,0.606655290102389,1,-1.742926658220554,1.9017159016246263,-1.0964510602496045,0.0643907041228259,2.3987586683236275,-1.094216677195072,0.0
1443536413,1449938569,2021-01-27 00:00:00,711,0.606655290102389,1,-1.742926658220554,1.9017159016246263,-1.0964510602496045,0.0130787235950959,2.305858403141975,-1.1014782066993076,0.0
1443536413,1449815476,2021-01-27 00:00:00,710,0.60580204778157,1,-1.742926658220554,1.9017159016246263,-1.0964510602496045,0.4665129916299849,2.772552847620917,-1.2319738299121807,0.0
1443536413,1449747475,2021-01-27 00:00:00,709,0.6049488054607508,1,-1.742926658220554,1.9017159016246263,-1.0964510602496045,0.1410685988540876,2.478990345037041,-1.121340539745666,0.0
1443536413,1449740560,2021-01-27 00:00:00,709,0.6049488054607508,1,-1.742926658220554,1.9017159016246263,-1.0964510602496045,0.0123192103483143,2.3768045919431966,-1.193236989181341,0.0
1443536413,1449783045,2021-01-27 00:00:00,709,0.6049488054607508,1,-1.742926658220554,1.9017159016246263,-1.0964510602496045,-0.1609110205047859,2.161480367876334,-1.116674188473123,0.0
1449751589,1449887314,2021-01-27 00:00:00,720,0.6196213425129088,1,-2.307478454451639,2.4574847803689863,-1.1162610127074162,-0.0107183259468842,2.327578962701512,-1.0728762802040883,0.0
1449751589,1449783045,2021-01-27 00:00:00,717,0.617039586919105,1,-2.307478454451639,2.4574847803689863,-1.1162610127074162,-0.1609110205047859,2.161480367876334,-1.116674188473123,0.0
1449751589,1449814274,2021-01-27 00:00:00,715,0.6153184165232358,1,-2.307478454451639,2.4574847803689863,-1.1162610127074162,0.2308023341868217,2.5214892713104824,-1.1212303772558825,0.0
1449751589,1449710900,2021-01-27 00:00:00,714,0.6144578313253012,1,-2.307478454451639,2.4574847803689863,-1.1162610127074162,0.1494667554118773,2.0217938671574105,-1.214503891946725,0.0
1449751589,1449880779,2021-01-27 00:00:00,712,0.612736660929432,1,-2.307478454451639,2.4574847803689863,-1.1162610127074162,0.1413240596805751,2.481799217602288,-1.139185805115276,0.0
1449751589,1449758577,2021-01-27 00:00:00,711,0.6118760757314974,1,-2.307478454451639,2.4574847803689863,-1.1162610127074162,0.0154417035788148,2.3209530960586897,-1.179451809132809,0.0
1449751589,1449727643,2021-01-27 00:00:00,711,0.6118760757314974,1,-2.307478454451639,2.4574847803689863,-1.1162610127074162,0.0834116453122978,2.4330098902217063,-1.2130578765484072,0.0
1449751589,1449710885,2021-01-27 00:00:00,711,0.6118760757314974,1,-2.307478454451639,2.4574847803689863,-1.1162610127074162,0.3397739296832454,2.158120056819288,-1.2300721859965558,0.0
1449751589,1449729914,2021-01-27 00:00:00,708,0.6092943201376936,1,-2.307478454451639,2.4574847803689863,-1.1162610127074162,0.2364657808711519,2.5474762887513465,-1.1742356422301743,0.0
1449751589,1449751546,2021-01-27 00:00:00,707,0.608433734939759,1,-2.307478454451639,2.4574847803689863,-1.1162610127074162,0.1588458043650018,2.4741802187510027,-1.1912439132898929,0.0
1449751589,1449863490,2021-01-27 00:00:00,706,0.6075731497418244,1,-2.307478454451639,2.4574847803689863,-1.1162610127074162,0.2582765571726958,2.5611534256897928,-1.2017005317449616,0.0
1449751589,1449880254,2021-01-27 00:00:00,706,0.6075731497418244,1,-2.307478454451639,2.4574847803689863,-1.1162610127074162,0.1356047264341528,2.444813434146317,-1.0649147561709382,0.0
1449747475,1449710918,2021-01-27 00:00:00,747,0.5971223021582733,1,-2.337921746182954,2.478990345037041,-1.121340539745666,-0.2168509219345962,1.61082383334399,-1.0165768041487802,0.0
1449747475,1449863490,2021-01-27 00:00:00,746,0.5963229416466826,1,-2.337921746182954,2.478990345037041,-1.121340539745666,0.2582765571726958,2.5611534256897928,-1.2017005317449616,0.0
1449747475,1449815476,2021-01-27 00:00:00,746,0.5963229416466826,1,-2.337921746182954,2.478990345037041,-1.121340539745666,0.4665129916299849,2.772552847620917,-1.2319738299121807,0.0
1449747475,1449879505,2021-01-27 00:00:00,744,0.5947242206235012,1,-2.337921746182954,2.478990345037041,-1.121340539745666,0.459077655150419,2.7867265400137384,-1.2431672814335126,0.0
1449747475,1449746136,2021-01-27 00:00:00,744,0.5947242206235012,1,-2.337921746182954,2.478990345037041,-1.121340539745666,0.0712088186948213,2.36623516319057,-1.108091032622653,0.0
1449747475,1449879875,2021-01-27 00:00:00,741,0.592326139088729,1,-2.337921746182954,2.478990345037041,-1.121340539745666,0.2383904637790546,2.546055502666908,-1.1828638411157009,0.0
1449747475,1449783045,2021-01-27 00:00:00,740,0.5915267785771383,1,-2.337921746182954,2.478990345037041,-1.121340539745666,-0.1609110205047859,2.161480367876334,-1.116674188473123,0.0
1449747475,1449887314,2021-01-27 00:00:00,739,0.5907274180655475,1,-2.337921746182954,2.478990345037041,-1.121340539745666,-0.0107183259468842,2.327578962701512,-1.0728762802040883,0.0
1449729994,1449747475,2021-01-27 00:00:00,735,0.6099585062240664,1,-2.3026286515963506,2.775183722244056,-1.257506712566924,0.1410685988540876,2.478990345037041,-1.121340539745666,0.0
1449729994,1449730189,2021-01-27 00:00:00,730,0.6058091286307054,1,-2.3026286515963506,2.775183722244056,-1.257506712566924,0.2378028608282382,2.5823436991742943,-1.1980196354565047,0.0
1449729994,1449891244,2021-01-27 00:00:00,729,0.6049792531120332,1,-2.3026286515963506,2.775183722244056,-1.257506712566924,0.136227590060179,2.452818586595114,-1.0262821465733127,0.0
1449729994,1443536413,2021-01-27 00:00:00,723,0.6,1,-2.3026286515963506,2.775183722244056,-1.257506712566924,0.1587892434040722,1.9017159016246263,-1.0964510602496045,0.0
1449729994,1449710918,2021-01-27 00:00:00,722,0.5991701244813278,1,-2.3026286515963506,2.775183722244056,-1.257506712566924,-0.2168509219345962,1.61082383334399,-1.0165768041487802,0.0
1449729994,1449889807,2021-01-27 00:00:00,722,0.5991701244813278,1,-2.3026286515963506,2.775183722244056,-1.257506712566924,0.2330872045899505,2.513519688591596,-1.104414211284217,0.0
1449729994,1449740560,2021-01-27 00:00:00,720,0.5975103734439834,1,-2.3026286515963506,2.775183722244056,-1.257506712566924,0.0123192103483143,2.3768045919431966,-1.193236989181341,0.0
1449729994,1449783150,2021-01-27 00:00:00,720,0.5975103734439834,1,-2.3026286515963506,2.775183722244056,-1.257506712566924,0.6048774884162383,2.913375093782825,-1.259235483000985,0.0
1449729994,1449815476,2021-01-27 00:00:00,719,0.5966804979253112,1,-2.3026286515963506,2.775183722244056,-1.257506712566924,0.4665129916299849,2.772552847620917,-1.2319738299121807,0.0
1449729994,1449879875,2021-01-27 00:00:00,719,0.5966804979253112,1,-2.3026286515963506,2.775183722244056,-1.257506712566924,0.2383904637790546,2.546055502666908,-1.1828638411157009,0.0
1449727511,1449751546,2021-01-27 00:00:00,738,0.6109271523178808,1,-2.3077892494964267,2.6532720594031423,-1.1985275421827497,0.1588458043650018,2.4741802187510027,-1.1912439132898929,0.0
1449727511,1449710900,2021-01-27 00:00:00,735,0.6084437086092715,1,-2.3077892494964267,2.6532720594031423,-1.1985275421827497,0.1494667554118773,2.0217938671574105,-1.214503891946725,0.0
1449727511,1449747475,2021-01-27 00:00:00,734,0.6076158940397351,1,-2.3077892494964267,2.6532720594031423,-1.1985275421827497,0.1410685988540876,2.478990345037041,-1.121340539745666,0.0
1449727511,1449741142,2021-01-27 00:00:00,733,0.6067880794701986,1,-2.3077892494964267,2.6532720594031423,-1.1985275421827497,0.3382600202183005,2.6273953777187184,-1.1296680786054203,0.0
1449727511,1449746136,2021-01-27 00:00:00,733,0.6067880794701986,1,-2.3077892494964267,2.6532720594031423,-1.1985275421827497,0.0712088186948213,2.36623516319057,-1.108091032622653,0.0
1449727511,1449783150,2021-01-27 00:00:00,731,0.6051324503311258,1,-2.3077892494964267,2.6532720594031423,-1.1985275421827497,0.6048774884162383,2.913375093782825,-1.259235483000985,0.0
1449727511,1449740560,2021-01-27 00:00:00,729,0.6034768211920529,1,-2.3077892494964267,2.6532720594031423,-1.1985275421827497,0.0123192103483143,2.3768045919431966,-1.193236989181341,0.0
1449727511,1449950362,2021-01-27 00:00:00,729,0.6034768211920529,1,-2.3077892494964267,2.6532720594031423,-1.1985275421827497,0.0746556003749465,2.397028306706683,-1.1320764069770544,0.0
1449727511,1449733727,2021-01-27 00:00:00,728,0.6026490066225165,1,-2.3077892494964267,2.6532720594031423,-1.1985275421827497,0.4472665182882802,2.743199468596668,-1.048487901485541,0.0
1449727511,1449887314,2021-01-27 00:00:00,727,0.6018211920529801,1,-2.3077892494964267,2.6532720594031423,-1.1985275421827497,-0.0107183259468842,2.327578962701512,-1.0728762802040883,0.0
1449889807,1449741142,2021-01-28 00:00:00,731,0.6179205409974641,1,-2.297749592305898,2.764090858983448,-1.851577964438965,0.5832338387010757,2.8932291711310603,-1.945553833355837,0.0
1449889807,1449887314,2021-01-28 00:00:00,728,0.6153846153846154,1,-2.297749592305898,2.764090858983448,-1.851577964438965,0.1991175050809977,2.543257488728282,-1.7069712654499467,0.0
1449889807,1449733727,2021-01-28 00:00:00,726,0.6136939983093829,1,-2.297749592305898,2.764090858983448,-1.851577964438965,0.7068590831649842,3.029604424620416,-1.9031550062203515,0.0
1449889807,1449751546,2021-01-28 00:00:00,724,0.6120033812341504,1,-2.297749592305898,2.764090858983448,-1.851577964438965,0.3765941514749305,2.691502815338327,-1.8617642305053692,0.0
1449889807,1449729994,2021-01-28 00:00:00,722,0.610312764158918,1,-2.297749592305898,2.764090858983448,-1.851577964438965,0.7175897635276661,3.020717567615765,-2.004607616681165,0.0
1449889807,1449730189,2021-01-28 00:00:00,722,0.610312764158918,1,-2.297749592305898,2.764090858983448,-1.851577964438965,0.4682866765421324,2.817283147745407,-1.9232395790820205,0.0
1449889807,1449950362,2021-01-28 00:00:00,721,0.6094674556213018,1,-2.297749592305898,2.764090858983448,-1.851577964438965,0.2933246024241339,2.628135585141517,-1.8711120457492865,0.0
1449889807,1449747475,2021-01-28 00:00:00,720,0.6086221470836856,1,-2.297749592305898,2.764090858983448,-1.851577964438965,0.3679312249792114,2.7185537924415333,-1.8522575808286212,0.0
1449889807,1449727511,2021-01-28 00:00:00,720,0.6086221470836856,1,-2.297749592305898,2.764090858983448,-1.851577964438965,0.5878462061410706,2.909595455132828,-2.005731025811155,0.0
1449889807,1449783045,2021-01-28 00:00:00,720,0.6086221470836856,1,-2.297749592305898,2.764090858983448,-1.851577964438965,0.0289829753917859,2.35133286407599,-1.7307420784890626,0.0
1449889807,1449710900,2021-01-28 00:00:00,719,0.6077768385460693,1,-2.297749592305898,2.764090858983448,-1.851577964438965,0.3677318934646369,2.2897074909500885,-1.858253420677526,0.0
1449814248,1449730189,2021-01-28 00:00:00,717,0.6138698630136986,1,-2.311951302018429,2.4775876588361774,-1.8702020343253016,0.4682866765421324,2.817283147745407,-1.9232395790820205,0.0
1449814248,1449815476,2021-01-28 00:00:00,717,0.6138698630136986,1,-2.311951302018429,2.4775876588361774,-1.8702020343253016,0.7183035232453753,3.036238848965734,-2.0383840362730403,0.0
1449814248,1449733727,2021-01-28 00:00:00,715,0.6121575342465754,1,-2.311951302018429,2.4775876588361774,-1.8702020343253016,0.7068590831649842,3.029604424620416,-1.9031550062203515,0.0
1449814248,1449729868,2021-01-28 00:00:00,712,0.6095890410958904,1,-2.311951302018429,2.4775876588361774,-1.8702020343253016,0.3754884111937197,2.6725666832088386,-1.8443737298358904,0.0
1449814248,1449879505,2021-01-28 00:00:00,711,0.6087328767123288,1,-2.311951302018429,2.4775876588361774,-1.8702020343253016,0.7071603617143827,3.0375148938580843,-1.9877009327372803,0.0
1449814248,1449783045,2021-01-28 00:00:00,711,0.6087328767123288,1,-2.311951302018429,2.4775876588361774,-1.8702020343253016,0.0289829753917859,2.35133286407599,-1.7307420784890626,0.0
1449814248,1449747475,2021-01-28 00:00:00,711,0.6087328767123288,1,-2.311951302018429,2.4775876588361774,-1.8702020343253016,0.3679312249792114,2.7185537924415333,-1.8522575808286212,0.0
1449814248,1449751546,2021-01-28 00:00:00,711,0.6087328767123288,1,-2.311951302018429,2.4775876588361774,-1.8702020343253016,0.3765941514749305,2.691502815338327,-1.8617642305053692,0.0
1449814248,1449710829,2021-01-28 00:00:00,708,0.6061643835616438,1,-2.311951302018429,2.4775876588361774,-1.8702020343253016,0.456256344799301,2.322621643885105,-1.8216439219940372,0.0
1449814248,1449758577,2021-01-28 00:00:00,708,0.6061643835616438,1,-2.311951302018429,2.4775876588361774,-1.8702020343253016,0.222200133367534,2.532267005698827,-1.863764391184998,0.0
1449737409,1449751546,2021-01-28 00:00:00,725,0.6260794473229706,1,-2.267443129955753,2.7354674108624524,-1.8154467351176544,0.3765941514749305,2.691502815338327,-1.8617642305053692,0.0
1449737409,1449747475,2021-01-28 00:00:00,722,0.6234887737478411,1,-2.267443129955753,2.7354674108624524,-1.8154467351176544,0.3679312249792114,2.7185537924415333,-1.8522575808286212,0.0
1449737409,1449730189,2021-01-28 00:00:00,722,0.6234887737478411,1,-2.267443129955753,2.7354674108624524,-1.8154467351176544,0.4682866765421324,2.817283147745407,-1.9232395790820205,0.0
1449737409,1449887314,2021-01-28 00:00:00,718,0.6200345423143351,1,-2.267443129955753,2.7354674108624524,-1.8154467351176544,0.1991175050809977,2.543257488728282,-1.7069712654499467,0.0
1449737409,1449709188,2021-01-28 00:00:00,717,0.6191709844559585,1,-2.267443129955753,2.7354674108624524,-1.8154467351176544,0.2860091661429155,2.221612371757027,-1.8228134818599573,0.0
1449737409,1449729868,2021-01-28 00:00:00,713,0.6157167530224525,1,-2.267443129955753,2.7354674108624524,-1.8154467351176544,0.3754884111937197,2.6725666832088386,-1.8443737298358904,0.0
1449737409,1449950362,2021-01-28 00:00:00,712,0.614853195164076,1,-2.267443129955753,2.7354674108624524,-1.8154467351176544,0.2933246024241339,2.628135585141517,-1.8711120457492865,0.0
1449737409,1449814274,2021-01-28 00:00:00,710,0.613126079447323,1,-2.267443129955753,2.7354674108624524,-1.8154467351176544,0.4670759250373946,2.7790823391602606,-1.912652927298831,0.0
1449737409,1449814752,2021-01-28 00:00:00,710,0.613126079447323,1,-2.267443129955753,2.7354674108624524,-1.8154467351176544,0.3857560551629944,2.713701344186458,-1.9563341489333328,0.0
1449737409,1449733727,2021-01-28 00:00:00,707,0.6105354058721935,1,-2.267443129955753,2.7354674108624524,-1.8154467351176544,0.7068590831649842,3.029604424620416,-1.9031550062203515,0.0
1449739750,1449887314,2021-01-28 00:00:00,743,0.6196830692243537,1,-2.3063822850561264,2.676874494016617,-1.8357225926491711,0.1991175050809977,2.543257488728282,-1.7069712654499467,0.0
1449739750,1449710900,2021-01-28 00:00:00,738,0.6155129274395329,1,-2.3063822850561264,2.676874494016617,-1.8357225926491711,0.3677318934646369,2.2897074909500885,-1.858253420677526,0.0
1449739750,1449727643,2021-01-28 00:00:00,737,0.6146788990825688,1,-2.3063822850561264,2.676874494016617,-1.8357225926491711,0.294227039703503,2.6391165552748816,-1.8700836681438904,0.0
1449739750,1449814752,2021-01-28 00:00:00,734,0.6121768140116765,1,-2.3063822850561264,2.676874494016617,-1.8357225926491711,0.3857560551629944,2.713701344186458,-1.9563341489333328,0.0
1449739750,1449751546,2021-01-28 00:00:00,731,0.609674728940784,1,-2.3063822850561264,2.676874494016617,-1.8357225926491711,0.3765941514749305,2.691502815338327,-1.8617642305053692,0.0
1449739750,1449950362,2021-01-28 00:00:00,730,0.6088407005838199,1,-2.3063822850561264,2.676874494016617,-1.8357225926491711,0.2933246024241339,2.628135585141517,-1.8711120457492865,0.0
1449739750,1449758747,2021-01-28 00:00:00,728,0.6071726438698916,1,-2.3063822850561264,2.676874494016617,-1.8357225926491711,0.0963023845993075,2.4638338738935,-1.8461640155141783,0.0
1449739750,1449938569,2021-01-28 00:00:00,728,0.6071726438698916,1,-2.3063822850561264,2.676874494016617,-1.8357225926491711,0.2250534888270062,2.5331086993675123,-1.8319604283736943,0.0
1449739750,1449741224,2021-01-28 00:00:00,727,0.6063386155129274,1,-2.3063822850561264,2.676874494016617,-1.8357225926491711,0.4806523376327239,2.765434812307757,-1.9437322897553004,0.0
1449739750,1449729914,2021-01-28 00:00:00,726,0.6055045871559633,1,-2.3063822850561264,2.676874494016617,-1.8357225926491711,0.4678065836877586,2.788963743163151,-1.9090255754337964,0.0
1449747111,1449710900,2021-01-28 00:00:00,734,0.6142259414225941,1,-2.3357714033506363,2.823060940437585,-2.0285658710193823,0.3677318934646369,2.2897074909500885,-1.858253420677526,0.0
1449747111,1449733727,2021-01-28 00:00:00,723,0.605020920502092,1,-2.3357714033506363,2.823060940437585,-2.0285658710193823,0.7068590831649842,3.029604424620416,-1.9031550062203515,0.0
1449747111,1449880254,2021-01-28 00:00:00,723,0.605020920502092,1,-2.3357714033506363,2.823060940437585,-2.0285658710193823,0.3610471821398511,2.6840605427062383,-1.7766529110890843,0.0
1449747111,1449751546,2021-01-28 00:00:00,721,0.6033472803347281,1,-2.3357714033506363,2.823060940437585,-2.0285658710193823,0.3765941514749305,2.691502815338327,-1.8617642305053692,0.0
1449747111,1449730189,2021-01-28 00:00:00,719,0.601673640167364,1,-2.3357714033506363,2.823060940437585,-2.0285658710193823,0.4682866765421324,2.817283147745407,-1.9232395790820205,0.0
1449747111,1449890798,2021-01-28 00:00:00,714,0.597489539748954,1,-2.3357714033506363,2.823060940437585,-2.0285658710193823,0.8697045916242724,3.1522474259774342,-1.9699353286423031,0.0
1449747111,1449747475,2021-01-28 00:00:00,712,0.59581589958159,1,-2.3357714033506363,2.823060940437585,-2.0285658710193823,0.3679312249792114,2.7185537924415333,-1.8522575808286212,0.0
1449747111,1449815684,2021-01-28 00:00:00,711,0.594979079497908,1,-2.3357714033506363,2.823060940437585,-2.0285658710193823,0.470721528747477,2.7686422199810314,-1.87684541525652,0.0
1449814752,1449739750,2021-01-28 00:00:00,734,0.597233523189585,1,-2.3279452890234635,2.713701344186458,-1.9563341489333328,0.3704922089604909,2.676874494016617,-1.8357225926491711,0.0
1449814752,1449709188,2021-01-28 00:00:00,732,0.595606183889341,1,-2.3279452890234635,2.713701344186458,-1.9563341489333328,0.2860091661429155,2.221612371757027,-1.8228134818599573,0.0
1449814752,1449887314,2021-01-28 00:00:00,731,0.5947925142392189,1,-2.3279452890234635,2.713701344186458,-1.9563341489333328,0.1991175050809977,2.543257488728282,-1.7069712654499467,0.0
1449814752,1449733727,2021-01-28 00:00:00,731,0.5947925142392189,1,-2.3279452890234635,2.713701344186458,-1.9563341489333328,0.7068590831649842,3.029604424620416,-1.9031550062203515,0.0
1449814752,1449950362,2021-01-28 00:00:00,730,0.5939788445890968,1,-2.3279452890234635,2.713701344186458,-1.9563341489333328,0.2933246024241339,2.628135585141517,-1.8711120457492865,0.0
1449814752,1449751546,2021-01-28 00:00:00,727,0.5915378356387306,1,-2.3279452890234635,2.713701344186458,-1.9563341489333328,0.3765941514749305,2.691502815338327,-1.8617642305053692,0.0
1449814752,1449863490,2021-01-28 00:00:00,726,0.5907241659886087,1,-2.3279452890234635,2.713701344186458,-1.9563341489333328,0.4936194718244201,2.814663392568558,-2.056767949278382,0.0
1449814752,1449710900,2021-01-28 00:00:00,726,0.5907241659886087,1,-2.3279452890234635,2.713701344186458,-1.9563341489333328,0.3677318934646369,2.2897074909500885,-1.858253420677526,0.0
1449814752,1449783150,2021-01-28 00:00:00,725,0.5899104963384866,1,-2.3279452890234635,2.713701344186458,-1.9563341489333328,0.8618977765001844,3.168149998796341,-1.9643255457987372,0.0
1449814752,1449719953,2021-01-28 00:00:00,725,0.5899104963384866,1,-2.3279452890234635,2.713701344186458,-1.9563341489333328,0.5756944289180014,2.429645343817288,-1.915170377635258,0.0
1450174776,1449887314,2021-01-29 00:00:00,736,0.6102819237147595,1,-2.271194679940089,2.9224871038810303,-2.4130420885583552,0.3916333096550825,2.7133753482622613,-2.4555880863267108,0.0
1450174776,1449747475,2021-01-29 00:00:00,733,0.6077943615257048,1,-2.271194679940089,2.9224871038810303,-2.4130420885583552,0.5659542084559555,2.8815935261269736,-2.5980102197224246,0.0
1450174776,1449758747,2021-01-29 00:00:00,728,0.603648424543947,1,-2.271194679940089,2.9224871038810303,-2.4130420885583552,0.2625968145386743,2.581036445063234,-2.452330479353388,0.0
1450174776,1449891244,2021-01-29 00:00:00,727,0.6028192371475953,1,-2.271194679940089,2.9224871038810303,-2.4130420885583552,0.5613038574038326,2.860649170724725,-2.520736283508496,0.0
1450174776,1449751719,2021-01-29 00:00:00,721,0.5978441127694859,1,-2.271194679940089,2.9224871038810303,-2.4130420885583552,0.4704051748048515,2.775494521072692,-2.454252908696999,0.0
1450174776,1449814752,2021-01-29 00:00:00,721,0.5978441127694859,1,-2.271194679940089,2.9224871038810303,-2.4130420885583552,0.570088024043087,2.8442726270625505,-2.5942808390013044,0.0
1450174776,1449710900,2021-01-29 00:00:00,719,0.5961857379767828,1,-2.271194679940089,2.9224871038810303,-2.4130420885583552,0.5659542084559555,2.499588642247325,-2.598947866298388,0.0
1450174776,1449727511,2021-01-29 00:00:00,719,0.5961857379767828,1,-2.271194679940089,2.9224871038810303,-2.4130420885583552,0.7869072965389086,3.0521551805035614,-2.678408855771539,0.0
1450174776,1449880779,2021-01-29 00:00:00,718,0.5953565505804311,1,-2.271194679940089,2.9224871038810303,-2.4130420885583552,0.556992240455973,2.8602793224159613,-2.470053293083013,0.0
1450174776,1449751546,2021-01-29 00:00:00,717,0.5945273631840796,1,-2.271194679940089,2.9224871038810303,-2.4130420885583552,0.5701235724491186,2.847027211917115,-2.586548469264998,0.0
1450174776,1449815476,2021-01-29 00:00:00,716,0.593698175787728,1,-2.271194679940089,2.9224871038810303,-2.4130420885583552,0.9352041730598596,3.208118381323919,-2.8478931053039123,0.0
1449740560,1449710900,2021-01-29 00:00:00,738,0.6039279869067103,1,-2.314285311994988,2.7110685015070466,-2.49534813050842,0.5659542084559555,2.499588642247325,-2.598947866298388,0.0
1449740560,1449950362,2021-01-29 00:00:00,735,0.6014729950900164,1,-2.314285311994988,2.7110685015070466,-2.49534813050842,0.4762610406513028,2.765162250167717,-2.522349447271777,0.0
1449740560,1449727643,2021-01-29 00:00:00,734,0.6006546644844517,1,-2.314285311994988,2.7110685015070466,-2.49534813050842,0.4813495983035127,2.7857212464923413,-2.5749188884990266,0.0
1449740560,1449891244,2021-01-29 00:00:00,733,0.599836333878887,1,-2.314285311994988,2.7110685015070466,-2.49534813050842,0.5613038574038326,2.860649170724725,-2.520736283508496,0.0
1449740560,1449733727,2021-01-29 00:00:00,732,0.5990180032733224,1,-2.314285311994988,2.7110685015070466,-2.49534813050842,0.9315411169646552,3.2208352698590703,-2.7809541717271653,0.0
1449740560,1449727511,2021-01-29 00:00:00,729,0.5965630114566285,1,-2.314285311994988,2.7110685015070466,-2.49534813050842,0.7869072965389086,3.0521551805035614,-2.678408855771539,0.0
1449740560,1449783150,2021-01-29 00:00:00,729,0.5965630114566285,1,-2.314285311994988,2.7110685015070466,-2.49534813050842,1.089498071851854,3.348239451954134,-2.6888188391743237,0.0
1449740560,1449709188,2021-01-29 00:00:00,728,0.5957446808510638,1,-2.314285311994988,2.7110685015070466,-2.49534813050842,0.461423248791929,2.3850971384260777,-2.3416095545521536,0.0
1449740560,1449747475,2021-01-29 00:00:00,728,0.5957446808510638,1,-2.314285311994988,2.7110685015070466,-2.49534813050842,0.5659542084559555,2.8815935261269736,-2.5980102197224246,0.0
1449740560,1449887314,2021-01-29 00:00:00,727,0.5949263502454992,1,-2.314285311994988,2.7110685015070466,-2.49534813050842,0.3916333096550825,2.7133753482622613,-2.4555880863267108,0.0
1392124902,1392134357,2021-01-30 00:00:00,220,0.2514285714285714,0,-1.3842307415376067,1.1843372316811565,-1.561907699178727,-4.725681887575665,-4.074291860214878,3.1534689283686426,0.0
1392119250,1392108713,2021-02-03 00:00:00,342,0.1766528925619834,0,-1.9505241228911532,1.0849226493315234,-1.4993558215555751,-3.117823683945652,2.104331985985615,-1.9837948092197752,0.0
1466098191,1392108713,2021-02-06 00:00:00,53,0.2103174603174603,0,-0.6387011273248895,1.1075244730491396,-2.249529338539972,-2.7918544951762696,2.143391746135893,-2.8081866451008786,0.0
1466098191,1392134357,2021-02-06 00:00:00,49,0.1944444444444444,0,-0.6387011273248895,1.1075244730491396,-2.249529338539972,-4.802840481561778,-1.7947704469522772,0.7615397922590681,0.0
1466098191,1392115005,2021-02-06 00:00:00,47,0.1865079365079365,0,-0.6387011273248895,1.1075244730491396,-2.249529338539972,-1.71002034821317,0.5210372226613034,-1.1725335450959804,0.0
1466098191,793432116,2021-02-06 00:00:00,45,0.1785714285714285,0,-0.6387011273248895,1.1075244730491396,-2.249529338539972,-1.9275733407828888,0.0066195464569767,-0.0055652317550327,0.0
1466098191,1594960231,2021-02-06 00:00:00,43,0.1706349206349206,0,-0.6387011273248895,1.1075244730491396,-2.249529338539972,-5.364337719659941,-7.24328825507031,11.894964990799334,0.0
92600,579,2021-02-13 00:00:00,55,0.6470588235294118,1,1.71188494013527,0.1193325680536421,0.2513144282809063,-1.46902913453822,-0.1282041015177588,0.3559364162607323,0.0
92600,16758,2021-02-13 00:00:00,52,0.611764705882353,1,1.71188494013527,0.1193325680536421,0.2513144282809063,0.3425944757717971,0.0408080244536129,-0.0791373205587238,0.0
92600,4692,2021-02-13 00:00:00,51,0.6,1,1.71188494013527,0.1193325680536421,0.2513144282809063,-1.4071053994232592,0.0672502876589449,-0.046842908760075,0.0
1425619204,1392108713,2021-02-13 00:00:00,346,0.125,0,-2.811619414122067,0.8064759184545287,-0.7508737599109345,-2.6582069333390685,1.2390832823310078,-2.4281974931977626,0.0
1425619204,1392134357,2021-02-13 00:00:00,325,0.1174132947976878,0,-2.811619414122067,0.8064759184545287,-0.7508737599109345,-4.792906937306463,-0.0672250497307977,0.0800396196287458,0.0
375893,703850880,2021-02-15 00:00:00,53,0.6794871794871795,1,,,4.158883083359672,-1.3192655860901987,0.0578133273570666,-0.0444213789779714,0.0
375893,26356,2021-02-15 00:00:00,48,0.6153846153846154,1,,,4.158883083359672,-1.893663867804796,0.1577590168238929,-0.040189105360211,0.0
375893,3692,2021-02-15 00:00:00,48,0.6153846153846154,1,,,4.158883083359672,-1.714300234267947,0.1419319027031564,-0.0775043263533277,0.0
1328840564,25893,2021-02-15 00:00:00,279,0.850609756097561,1,-0.383496955237162,0.3575438231853953,-0.2327231881710236,0.636833807553368,,1.3862943611198906,0.0
1641426302,1607635474,2021-02-19 00:00:00,2709,0.7288135593220338,1,-5.368932768772922,0.5232657351144505,0.2944414971625875,-4.726292668746053,0.7923869339590848,-0.6957611331542299,0.0
1641426302,1549356406,2021-02-19 00:00:00,2276,0.6123217648641377,1,-5.368932768772922,0.5232657351144505,0.2944414971625875,-3.633794111757166,1.140171730456995,-2.251171511768506,0.0
1641426302,1591043430,2021-02-19 00:00:00,2139,0.5754640839386602,1,-5.368932768772922,0.5232657351144505,0.2944414971625875,-1.296808560960342,2.362831333027964,-4.302310122860551,0.0
1703138132,878445230,2021-02-25 00:00:00,165,0.4014598540145985,0,-1.0182304933391004,1.3753285745258077,-0.8983369282575593,-2.639583431466409,0.0563769617504168,-0.0725751293822263,0.0
1703138132,1392134357,2021-02-25 00:00:00,158,0.3844282238442822,0,-1.0182304933391004,1.3753285745258077,-0.8983369282575593,-3.277886193786454,1.546815536623333,-1.538180115531178,0.0
1692572406,1392134357,2021-02-26 00:00:00,242,0.2393669634025717,0,-1.6889121161362666,1.6690472018744151,-1.4510588964973206,-3.12181574426412,1.6967487485415575,-1.8540243476980576,0.0
1644868198,1425619204,2021-03-11 00:00:00,229,0.1867862969004894,0,-1.8995821055936344,2.4771158650819696,-3.691518245861322,-0.5165723938670626,0.1275592203697382,-0.3604677421774287,7.709756864454165
482569097,469378,2021-03-25 00:00:00,19,0.7307692307692307,1,0.973618301821904,-0.4994976722584544,-1.7917594692280543,1.1238638287891176,-0.4209555160710538,-1.6863989535702288,0.2318016140573244
482569097,200513,2021-03-25 00:00:00,19,0.7307692307692307,1,0.973618301821904,-0.4994976722584544,-1.7917594692280543,0.3364565517462114,-0.5101309670445071,-1.8044984950054848,0.2379586370993509
482569097,53740852,2021-03-25 00:00:00,19,0.7307692307692307,1,0.973618301821904,-0.4994976722584544,-1.7917594692280543,1.1238638287891176,-0.4209555160710538,-1.6863989535702288,0.2318016140573244
482569097,202733,2021-03-25 00:00:00,19,0.7307692307692307,1,0.973618301821904,-0.4994976722584544,-1.7917594692280543,1.5448193448601713,-0.3341311905501973,-1.5404450409471486,0.2231435513142097
482569097,217482,2021-03-25 00:00:00,19,0.7307692307692307,1,0.973618301821904,-0.4994976722584544,-1.7917594692280543,0.6394871112717054,-0.4843767175174122,-1.7730673362159024,0.2363887780642306
482569097,75864317,2021-03-25 00:00:00,19,0.7307692307692307,1,0.973618301821904,-0.4994976722584544,-1.7917594692280543,0.6394871112717054,-0.4843767175174122,-1.7730673362159024,0.2363887780642306
482569097,492366880,2021-03-25 00:00:00,19,0.7307692307692307,1,0.973618301821904,-0.4994976722584544,-1.7917594692280543,0.6394871112717054,-0.4843767175174122,-1.7730673362159024,0.2363887780642306
482569097,483089445,2021-03-25 00:00:00,19,0.7307692307692307,1,0.973618301821904,-0.4994976722584544,-1.7917594692280543,1.5448193448601713,-0.3341311905501973,-1.5404450409471486,0.2231435513142097
482569097,242390690,2021-03-25 00:00:00,18,0.6923076923076923,1,0.973618301821904,-0.4994976722584544,-1.7917594692280543,1.1238638287891176,-0.4209555160710538,-1.6863989535702288,0.2318016140573244
482569097,464305335,2021-03-25 00:00:00,18,0.6923076923076923,1,0.973618301821904,-0.4994976722584544,-1.7917594692280543,0.8465875187907186,-0.4611619735813828,-1.742969305058623,0.2348395910774008
482569097,956131510,2021-03-25 00:00:00,18,0.6923076923076923,1,0.973618301821904,-0.4994976722584544,-1.7917594692280543,1.1238638287891176,-0.4209555160710538,-1.6863989535702288,0.2318016140573244
510402547,224079,2021-03-25 00:00:00,23,0.7931034482758621,1,1.1274709337103128,-0.4994976722584543,-1.7917594692280543,1.5448193448601713,-0.3341311905501973,-1.5404450409471486,0.2231435513142097
510402547,470023,2021-03-25 00:00:00,23,0.7931034482758621,1,1.1274709337103128,-0.4994976722584543,-1.7917594692280543,0.8465875187907186,-0.4611619735813828,-1.742969305058623,0.2348395910774008
510402547,200051585,2021-03-25 00:00:00,22,0.7586206896551724,1,1.1274709337103128,-0.4994976722584543,-1.7917594692280543,1.1238638287891176,-0.4209555160710538,-1.6863989535702288,0.2318016140573244
510402547,83983,2021-03-25 00:00:00,22,0.7586206896551724,1,1.1274709337103128,-0.4994976722584543,-1.7917594692280543,1.5448193448601713,-0.3341311905501973,-1.5404450409471486,0.2231435513142097
510402547,53348903,2021-03-25 00:00:00,22,0.7586206896551724,1,1.1274709337103128,-0.4994976722584543,-1.7917594692280543,1.1238638287891176,-0.4209555160710538,-1.6863989535702288,0.2318016140573244
510402547,200513,2021-03-25 00:00:00,22,0.7586206896551724,1,1.1274709337103128,-0.4994976722584543,-1.7917594692280543,0.3364565517462114,-0.5101309670445071,-1.8044984950054848,0.2379586370993509
510402547,30979992,2021-03-25 00:00:00,22,0.7586206896551724,1,1.1274709337103128,-0.4994976722584543,-1.7917594692280543,1.1238638287891176,-0.4209555160710538,-1.6863989535702288,0.2318016140573244
510402547,470150,2021-03-25 00:00:00,21,0.7241379310344828,1,1.1274709337103128,-0.4994976722584543,-1.7917594692280543,1.5448193448601713,-0.3341311905501973,-1.5404450409471486,0.2231435513142097
510402547,218201100,2021-03-25 00:00:00,21,0.7241379310344828,1,1.1274709337103128,-0.4994976722584543,-1.7917594692280543,0.8465875187907186,-0.4611619735813828,-1.742969305058623,0.2578291093020994
510402547,585247096,2021-03-25 00:00:00,21,0.7241379310344828,1,1.1274709337103128,-0.4994976722584543,-1.7917594692280543,0.6394871112717054,-0.4843767175174122,-1.7730673362159024,0.2363887780642306
470014,34560,2021-03-25 00:00:00,21,0.8076923076923077,1,0.973618301821904,-0.4994976722584544,-1.7917594692280543,0.8136409329572012,0.5382544572047503,-1.7018112325651158,0.1769307081590776
470014,95704020,2021-03-25 00:00:00,20,0.7692307692307693,1,0.973618301821904,-0.4994976722584544,-1.7917594692280543,0.4741206295634495,-0.4994976722584544,-1.7917594692280543,0.2373281863061658
470014,469987,2021-03-25 00:00:00,20,0.7692307692307693,1,0.973618301821904,-0.4994976722584544,-1.7917594692280543,1.1238638287891176,-0.4209555160710538,-1.6863989535702288,0.2318016140573244
470014,75391848,2021-03-25 00:00:00,20,0.7692307692307693,1,0.973618301821904,-0.4994976722584544,-1.7917594692280543,1.5448193448601713,-0.3341311905501973,-1.5404450409471486,0.2231435513142097
470014,470177,2021-03-25 00:00:00,19,0.7307692307692307,1,0.973618301821904,-0.4994976722584544,-1.7917594692280543,0.8465875187907186,-0.4611619735813828,-1.742969305058623,0.2578291093020994
470014,161993,2021-03-25 00:00:00,19,0.7307692307692307,1,0.973618301821904,-0.4994976722584544,-1.7917594692280543,0.4741206295634495,-0.4994976722584544,-1.7917594692280543,0.2373281863061658
470014,200513,2021-03-25 00:00:00,19,0.7307692307692307,1,0.973618301821904,-0.4994976722584544,-1.7917594692280543,0.3364565517462114,-0.5101309670445071,-1.8044984950054848,0.2379586370993509
470014,56507988,2021-03-25 00:00:00,19,0.7307692307692307,1,0.973618301821904,-0.4994976722584544,-1.7917594692280543,0.8465875187907186,-0.4611619735813828,-1.742969305058623,0.2348395910774008
470014,225319,2021-03-25 00:00:00,19,0.7307692307692307,1,0.973618301821904,-0.4994976722584544,-1.7917594692280543,0.6394871112717054,-0.4843767175174122,-1.7730673362159024,0.2363887780642306
470014,470344,2021-03-25 00:00:00,19,0.7307692307692307,1,0.973618301821904,-0.4994976722584544,-1.7917594692280543,0.8465875187907186,-0.4611619735813828,-1.742969305058623,0.2348395910774008
470014,85823059,2021-03-25 00:00:00,19,0.7307692307692307,1,0.973618301821904,-0.4994976722584544,-1.7917594692280543,0.6394871112717054,-0.4843767175174122,-1.7730673362159024,0.2363887780642306
398026020,279900070,2021-03-25 00:00:00,52,0.4227642276422764,0,,,3.295836866004329,1.8931269882311623,,2.19722457733622,0.6931471805599453
398026020,190175,2021-03-25 00:00:00,48,0.3902439024390244,0,,,3.295836866004329,1.6158506782327635,,1.9459101490553128,0.0
398026020,274730300,2021-03-25 00:00:00,47,0.3821138211382114,0,,,3.295836866004329,-0.295814567285817,-2.174765102696186,2.6390573296152584,0.0
398026020,4683,2021-03-25 00:00:00,46,0.3739837398373983,0,,,3.295836866004329,0.2637731922511744,1.8545109591136149,-1.6952332725970871,0.2514527313030479
398026020,199441,2021-03-25 00:00:00,46,0.3739837398373983,0,,,3.295836866004329,1.5448193448601713,,1.0986122886681098,-1.0986122886681098
398026020,3378,2021-03-25 00:00:00,45,0.3658536585365853,0,,,3.295836866004329,-1.0422323916587477,1.8477964296928235,-1.2466481527880298,0.5910501295783366
470903,469371,2021-03-25 00:00:00,19,0.7307692307692307,1,0.973618301821904,-0.4994976722584544,-1.7917594692280543,0.8465875187907186,-0.4611619735813828,-1.742969305058623,0.2348395910774008
470903,178265838,2021-03-25 00:00:00,19,0.7307692307692307,1,0.973618301821904,-0.4994976722584544,-1.7917594692280543,0.8465875187907186,-0.4611619735813828,-1.742969305058623,0.2348395910774008
470903,470023,2021-03-25 00:00:00,18,0.6923076923076923,1,0.973618301821904,-0.4994976722584544,-1.7917594692280543,0.8465875187907186,-0.4611619735813828,-1.742969305058623,0.2348395910774008
470903,469181,2021-03-25 00:00:00,18,0.6923076923076923,1,0.973618301821904,-0.4994976722584544,-1.7917594692280543,0.4741206295634495,-0.4994976722584544,-1.7917594692280543,0.2373281863061658
470903,298727621,2021-03-25 00:00:00,18,0.6923076923076923,1,0.973618301821904,-0.4994976722584544,-1.7917594692280543,0.8465875187907186,-0.4611619735813828,-1.742969305058623,0.2348395910774008
470903,199271,2021-03-25 00:00:00,18,0.6923076923076923,1,0.973618301821904,-0.4994976722584544,-1.7917594692280543,1.5448193448601713,-0.3341311905501973,-1.5404450409471486,0.2231435513142097
470903,212178,2021-03-25 00:00:00,18,0.6923076923076923,1,0.973618301821904,-0.4994976722584544,-1.7917594692280543,0.8465875187907186,-0.4611619735813828,-1.742969305058623,0.2348395910774008
470903,211567,2021-03-25 00:00:00,18,0.6923076923076923,1,0.973618301821904,-0.4994976722584544,-1.7917594692280543,1.1238638287891176,-0.4209555160710538,-1.6863989535702288,0.2318016140573244
470903,200785478,2021-03-25 00:00:00,18,0.6923076923076923,1,0.973618301821904,-0.4994976722584544,-1.7917594692280543,1.5448193448601713,-0.3341311905501973,-1.5404450409471486,0.2231435513142097
470903,279584449,2021-03-25 00:00:00,18,0.6923076923076923,1,0.973618301821904,-0.4994976722584544,-1.7917594692280543,1.1238638287891176,-0.4209555160710538,-1.6863989535702288,0.2318016140573244
470903,197682,2021-03-25 00:00:00,18,0.6923076923076923,1,0.973618301821904,-0.4994976722584544,-1.7917594692280543,0.3364565517462114,-0.5101309670445071,-1.8044984950054848,0.2231435513142097
1012778348,305076364,2021-03-25 00:00:00,16,0.8,1,0.973618301821904,-0.4994976722584544,-1.7917594692280543,1.1238638287891176,-0.4209555160710538,-1.6863989535702288,0.2318016140573244
1012778348,469822,2021-03-25 00:00:00,16,0.8,1,0.973618301821904,-0.4994976722584544,-1.7917594692280543,1.5448193448601713,-0.3341311905501973,-1.5404450409471486,0.2231435513142097
1012778348,606447559,2021-03-25 00:00:00,16,0.8,1,0.973618301821904,-0.4994976722584544,-1.7917594692280543,1.1238638287891176,-0.4209555160710538,-1.6863989535702288,0.2318016140573244
1012778348,79027094,2021-03-25 00:00:00,15,0.75,1,0.973618301821904,-0.4994976722584544,-1.7917594692280543,0.8465875187907186,-0.4611619735813828,-1.742969305058623,0.2348395910774008
1012778348,161993,2021-03-25 00:00:00,15,0.75,1,0.973618301821904,-0.4994976722584544,-1.7917594692280543,0.4741206295634495,-0.4994976722584544,-1.7917594692280543,0.2373281863061658
95633867,145464,2021-03-25 00:00:00,19,0.7037037037037037,1,0.973618301821904,-0.4994976722584544,-1.7917594692280543,0.6394871112717054,-0.4843767175174122,-1.7730673362159024,0.2363887780642306
95633867,464578868,2021-03-25 00:00:00,18,0.6666666666666666,1,0.973618301821904,-0.4994976722584544,-1.7917594692280543,1.1238638287891176,-0.4209555160710538,-1.6863989535702288,0.2318016140573244
95633867,198581,2021-03-25 00:00:00,18,0.6666666666666666,1,0.973618301821904,-0.4994976722584544,-1.7917594692280543,0.8465875187907186,-0.4611619735813828,-1.742969305058623,0.2348395910774008
95633867,297949739,2021-03-25 00:00:00,18,0.6666666666666666,1,0.973618301821904,-0.4994976722584544,-1.7917594692280543,0.6394871112717054,-0.4843767175174122,-1.7730673362159024,0.2363887780642306
95633867,63868335,2021-03-25 00:00:00,18,0.6666666666666666,1,0.973618301821904,-0.4994976722584544,-1.7917594692280543,0.8465875187907186,-0.4611619735813828,-1.742969305058623,0.2348395910774008
95633867,97597468,2021-03-25 00:00:00,18,0.6666666666666666,1,0.973618301821904,-0.4994976722584544,-1.7917594692280543,1.1238638287891176,-0.4209555160710538,-1.6863989535702288,0.2318016140573244
95633867,468988,2021-03-25 00:00:00,18,0.6666666666666666,1,0.973618301821904,-0.4994976722584544,-1.7917594692280543,1.5448193448601713,-0.3341311905501973,-1.5404450409471486,0.6061358035703157
95633867,305472158,2021-03-25 00:00:00,18,0.6666666666666666,1,0.973618301821904,-0.4994976722584544,-1.7917594692280543,0.8465875187907186,-0.4611619735813828,-1.742969305058623,0.2348395910774008
95633867,230967,2021-03-25 00:00:00,18,0.6666666666666666,1,0.973618301821904,-0.4994976722584544,-1.7917594692280543,1.5448193448601713,-0.3341311905501973,-1.5404450409471486,0.2231435513142097
95633867,320818605,2021-03-25 00:00:00,18,0.6666666666666666,1,0.973618301821904,-0.4994976722584544,-1.7917594692280543,0.8465875187907186,-0.4611619735813828,-1.742969305058623,0.2348395910774008
95633867,613783842,2021-03-25 00:00:00,18,0.6666666666666666,1,0.973618301821904,-0.4994976722584544,-1.7917594692280543,0.4741206295634495,-0.4994976722584544,-1.7917594692280543,0.2373281863061658
95633867,95704020,2021-03-25 00:00:00,18,0.6666666666666666,1,0.973618301821904,-0.4994976722584544,-1.7917594692280543,0.4741206295634495,-0.4994976722584544,-1.7917594692280543,0.2373281863061658
38314179,97597468,2021-03-25 00:00:00,20,0.7142857142857143,1,0.973618301821904,-0.4994976722584544,-1.7917594692280543,1.1238638287891176,-0.4209555160710538,-1.6863989535702288,0.2318016140573244
38314179,200785613,2021-03-25 00:00:00,19,0.6785714285714286,1,0.973618301821904,-0.4994976722584544,-1.7917594692280543,0.8465875187907186,-0.4611619735813828,-1.742969305058623,0.2578291093020994
38314179,30979992,2021-03-25 00:00:00,19,0.6785714285714286,1,0.973618301821904,-0.4994976722584544,-1.7917594692280543,1.1238638287891176,-0.4209555160710538,-1.6863989535702288,0.2318016140573244
38314179,85823059,2021-03-25 00:00:00,19,0.6785714285714286,1,0.973618301821904,-0.4994976722584544,-1.7917594692280543,0.6394871112717054,-0.4843767175174122,-1.7730673362159024,0.2363887780642306
38314179,305076364,2021-03-25 00:00:00,19,0.6785714285714286,1,0.973618301821904,-0.4994976722584544,-1.7917594692280543,1.1238638287891176,-0.4209555160710538,-1.6863989535702288,0.2318016140573244
38314179,95770,2021-03-25 00:00:00,19,0.6785714285714286,1,0.973618301821904,-0.4994976722584544,-1.7917594692280543,0.8465875187907186,-0.4611619735813828,-1.742969305058623,0.2348395910774008
38314179,469935,2021-03-25 00:00:00,19,0.6785714285714286,1,0.973618301821904,-0.4994976722584544,-1.7917594692280543,1.1238638287891176,-0.4209555160710538,-1.6863989535702288,0.2318016140573244
38314179,300400330,2021-03-25 00:00:00,18,0.6428571428571429,1,0.973618301821904,-0.4994976722584544,-1.7917594692280543,0.8465875187907186,-0.4611619735813828,-1.742969305058623,0.2348395910774008
38314179,613783842,2021-03-25 00:00:00,18,0.6428571428571429,1,0.973618301821904,-0.4994976722584544,-1.7917594692280543,0.4741206295634495,-0.4994976722584544,-1.7917594692280543,0.2373281863061658
38314179,204297,2021-03-25 00:00:00,18,0.6428571428571429,1,0.973618301821904,-0.4994976722584544,-1.7917594692280543,0.4741206295634495,-0.4994976722584544,-1.7917594692280543,0.2373281863061658
469971,199378,2021-03-25 00:00:00,22,0.7333333333333333,1,0.973618301821904,-0.4994976722584544,-1.7917594692280543,1.5448193448601713,-0.3341311905501973,-1.5404450409471486,0.2231435513142097
469971,464305335,2021-03-25 00:00:00,21,0.7,1,0.973618301821904,-0.4994976722584544,-1.7917594692280543,0.8465875187907186,-0.4611619735813828,-1.742969305058623,0.2348395910774008
469971,127377,2021-03-25 00:00:00,21,0.7,1,0.973618301821904,-0.4994976722584544,-1.7917594692280543,1.1238638287891176,-0.4209555160710538,-1.6863989535702288,0.2318016140573244
469971,53348903,2021-03-25 00:00:00,21,0.7,1,0.973618301821904,-0.4994976722584544,-1.7917594692280543,1.1238638287891176,-0.4209555160710538,-1.6863989535702288,0.2318016140573244
469971,294929720,2021-03-25 00:00:00,21,0.7,1,0.973618301821904,-0.4994976722584544,-1.7917594692280543,0.8465875187907186,-0.4611619735813828,-1.742969305058623,0.2348395910774008
469971,197775202,2021-03-25 00:00:00,21,0.7,1,0.973618301821904,-0.4994976722584544,-1.7917594692280543,1.1238638287891176,-0.4209555160710538,-1.6863989535702288,0.2318016140573244
469971,469201,2021-03-25 00:00:00,21,0.7,1,0.973618301821904,-0.4994976722584544,-1.7917594692280543,1.5448193448601713,-0.3341311905501973,-1.5404450409471486,0.2231435513142097
469971,322659349,2021-03-25 00:00:00,20,0.6666666666666666,1,0.973618301821904,-0.4994976722584544,-1.7917594692280543,0.8465875187907186,-0.4611619735813828,-1.742969305058623,0.2348395910774008
469971,197779,2021-03-25 00:00:00,20,0.6666666666666666,1,0.973618301821904,-0.4994976722584544,-1.7917594692280543,0.8465875187907186,-0.4611619735813828,-1.742969305058623,0.2348395910774008
469971,320459561,2021-03-25 00:00:00,20,0.6666666666666666,1,0.973618301821904,-0.4994976722584544,-1.7917594692280543,1.5448193448601713,-0.3341311905501973,-1.5404450409471486,0.2231435513142097
257468,242913,2021-03-31 00:00:00,28,0.3636363636363636,0,2.648213694852414,-0.7692631594420449,0.0,0.1848977721239104,-0.6483268327751659,2.1473922035883444,-0.0116960397631906
257468,229065,2021-03-31 00:00:00,28,0.3636363636363636,0,2.648213694852414,-0.7692631594420449,0.0,1.3125923757834943,-0.179607529567795,-0.7472144018302207,0.0
257468,160759,2021-03-31 00:00:00,27,0.3506493506493506,0,2.648213694852414,-0.7692631594420449,0.0,2.648213694852414,0.7187627702712203,-0.4054651081081645,0.6931471805599453
257468,4202,2021-03-31 00:00:00,27,0.3506493506493506,0,2.648213694852414,-0.7692631594420449,0.0,0.6557892252893012,-0.8001886277560801,0.7133498878774653,0.0270286723879191
1069917978,16122,2021-04-04 00:00:00,7,0.0636363636363636,0,0.8317821587172812,0.8583967000377749,-1.9278916435526356,1.7245100374279765,0.9392378525543422,-3.020424886144363,0.6592456288842641
1069917978,3286,2021-04-04 00:00:00,4,0.0363636363636363,0,0.8317821587172812,0.8583967000377749,-1.9278916435526356,1.878950535410369,2.090341032811848,-4.219507705176107,0.0
242913,126849,2021-04-06 00:00:00,122,0.2121739130434782,0,1.141439427494299,-3.8744469172466873,2.678797658264773,-2.0982493242309763,0.7334888296736928,-0.8251517121937848,0.0054496047675645
48930,49313,2021-04-09 00:00:00,1569,0.2905017589335308,0,-2.21209838384159,0.531421972416585,-0.7254934289371233,-2.0089444308465376,0.4025152690741915,-0.5457235636172673,-0.2680303471926679
48930,10126,2021-04-09 00:00:00,1492,0.2762451397889279,0,-2.21209838384159,0.531421972416585,-0.7254934289371233,-1.7249209190534325,0.4505289578425173,-0.6710633227745086,-0.5512771063054043
48930,45538,2021-04-09 00:00:00,1482,0.2743936308091094,0,-2.21209838384159,0.531421972416585,-0.7254934289371233,-1.3819423341769643,0.6821208690936547,-0.9126029587949702,-0.3291729341396019
48930,47887,2021-04-09 00:00:00,1476,0.2732827254212183,0,-2.21209838384159,0.531421972416585,-0.7254934289371233,-1.631434575606623,0.5576601524545397,-0.7994973054029373,-0.3276526407818183
48930,44903,2021-04-09 00:00:00,1471,0.272356970931309,0,-2.21209838384159,0.531421972416585,-0.7254934289371233,-1.1571612695089748,0.8088867289265209,-1.084249384667748,-0.3778982782755093
48930,4473,2021-04-09 00:00:00,1458,0.2699500092575449,0,-2.21209838384159,0.531421972416585,-0.7254934289371233,-1.1655683777668848,0.4866001489067679,-0.6517619643970907,-0.3796675354883536
48930,46582,2021-04-09 00:00:00,1457,0.269764858359563,0,-2.21209838384159,0.531421972416585,-0.7254934289371233,-1.595142941008525,0.4293394000042796,-0.6255945456183447,-0.3480404890224005
48930,3389,2021-04-09 00:00:00,1452,0.2688391038696537,0,-2.21209838384159,0.531421972416585,-0.7254934289371233,-0.33875064747454,0.998433412956876,-1.298525121267159,-0.6451863184421889
98928,127265,2021-04-10 00:00:00,579,0.6779859484777517,1,-1.0906403853200508,0.9415711239684832,-1.9230467846122408,0.2928796335420395,1.237084394040183,-1.9113046198778385,-0.0881072675102672
98928,32727,2021-04-10 00:00:00,579,0.6779859484777517,1,-1.0906403853200508,0.9415711239684832,-1.9230467846122408,-0.0213640136430368,1.04117208116411,-1.8117057334104345,-0.1119736715495438
98928,97240,2021-04-10 00:00:00,577,0.6756440281030445,1,-1.0906403853200508,0.9415711239684832,-1.9230467846122408,0.2347484862509466,1.192789699382033,-1.7559866206137489,-0.0433504408736133
98928,100575,2021-04-10 00:00:00,577,0.6756440281030445,1,-1.0906403853200508,0.9415711239684832,-1.9230467846122408,-0.1242809468510636,0.8621168093188202,-1.587847279841733,-0.0591305232268224
98928,105843,2021-04-10 00:00:00,573,0.6709601873536299,1,-1.0906403853200508,0.9415711239684832,-1.9230467846122408,-0.1324386889852019,0.7779708694340258,-1.5511885163148855,-0.0452054367680467
98928,19030,2021-04-10 00:00:00,573,0.6709601873536299,1,-1.0906403853200508,0.9415711239684832,-1.9230467846122408,0.1411844782437426,1.0462053923651593,-1.7392815319794384,-0.0120483385161751
1996696125,1394559056,2021-04-12 00:00:00,82,0.4632768361581921,0,-2.1925511872542995,-0.0364178575096731,-0.6155306054594343,-5.18943226824008,0.9838800200621324,-1.5164482585247503,1.139814129626446
2035838865,2122414054,2021-04-12 00:00:00,71,0.6635514018691588,1,-1.589366245008944,0.4007579815923532,0.4252601967972529,-5.796166229972603,,11.516319698038243,0.0
2035838865,1604904707,2021-04-12 00:00:00,70,0.6542056074766355,1,-1.589366245008944,0.4007579815923532,0.4252601967972529,-6.581092783051102,-0.1696410527719685,-0.4980681714356372,-1.0986122886681098
2035838865,1392134357,2021-04-12 00:00:00,69,0.6448598130841121,1,-1.589366245008944,0.4007579815923532,0.4252601967972529,-3.6693979290682974,-0.0484446302883676,-0.5297876689095684,0.2464545243543145
2035838865,2125841992,2021-04-12 00:00:00,68,0.6355140186915887,1,-1.589366245008944,0.4007579815923532,0.4252601967972529,-1.42539506901654,,6.342121418721152,0.0
1995384003,1392108713,2021-04-15 00:00:00,6,0.1333333333333333,0,-0.993651887514963,0.6534503366167672,-1.1417844605333176,-2.822108485831885,0.0167664452819362,-1.0360049789455346,-2.233142786779922
42322,3475,2021-04-15 00:00:00,323,0.19,0,-1.981262913397014,-0.7568658203756877,0.0312469307136771,1.2375127419608234,0.8486881292120749,-3.485078865642858,0.0
42322,3632,2021-04-15 00:00:00,307,0.1805882352941176,0,-1.981262913397014,-0.7568658203756877,0.0312469307136771,-0.9658207003942868,0.1949769807839817,-1.3251802459193245,-0.0085397615481346
42322,2131,2021-04-15 00:00:00,307,0.1805882352941176,0,-1.981262913397014,-0.7568658203756877,0.0312469307136771,-0.1962294395247028,0.9978225116382912,-1.3943635691683376,-0.0966860794691655
90912,72073,2021-04-15 00:00:00,1622,0.2942670537010159,0,-2.6022935053956218,0.468464373550955,-1.6260848074897858,-2.3588950110671862,0.2855660135269828,-1.3880514745002692,0.3316451958728965
90912,48869,2021-04-15 00:00:00,1609,0.2919085631349782,0,-2.6022935053956218,0.468464373550955,-1.6260848074897858,-2.145555768513425,0.3922995702682605,-1.5123533060801346,0.1346451852030012
90912,103282,2021-04-15 00:00:00,1604,0.2910014513788099,0,-2.6022935053956218,0.468464373550955,-1.6260848074897858,-2.173456019611647,0.3373868970493525,-1.437546697919018,0.2770999631212438
90912,968,2021-04-15 00:00:00,1506,0.27322206095791,0,-2.6022935053956218,0.468464373550955,-1.6260848074897858,-2.302197913690736,0.2598127084210619,-1.373298819427517,0.1791207661750178
90912,50125,2021-04-15 00:00:00,1505,0.2730406386066763,0,-2.6022935053956218,0.468464373550955,-1.6260848074897858,-2.3365485526632934,0.2264831733812746,-1.255310740574167,0.2411620568168881
90912,83157,2021-04-15 00:00:00,1475,0.2675979680696662,0,-2.6022935053956218,0.468464373550955,-1.6260848074897858,-2.339212027030542,0.3137117737869275,-1.431483174806487,-0.9837455572075148
90912,47818,2021-04-15 00:00:00,1450,0.2630624092888244,0,-2.6022935053956218,0.468464373550955,-1.6260848074897858,-2.1673998794541527,0.3651689726053022,-1.4641528299954834,0.196506191785911
90912,26347,2021-04-15 00:00:00,1449,0.2628809869375907,0,-2.6022935053956218,0.468464373550955,-1.6260848074897858,-1.996247465641424,0.46094650959088,-1.611107361903641,-0.1512724927899924
90912,47853,2021-04-15 00:00:00,1446,0.2623367198838897,0,-2.6022935053956218,0.468464373550955,-1.6260848074897858,-2.4804430975265164,0.3295608141164678,-1.478945954788717,-1.0546298260667817
90912,67525,2021-04-15 00:00:00,1444,0.2619738751814223,0,-2.6022935053956218,0.468464373550955,-1.6260848074897858,-2.077164526141533,0.3477420681599881,-1.4507153941529962,-0.0616383066472812
2040162124,1392122281,2021-04-16 00:00:00,811,0.9184597961494904,1,-1.065333897868396,-1.0409122730860565,-1.2486463701581867,-1.548478274793147,0.6192658302248277,-1.0847661038057763,-0.0332572217564823
2040162124,379399457,2021-04-16 00:00:00,800,0.9060022650056624,1,-1.065333897868396,-1.0409122730860565,-1.2486463701581867,-1.6226075392714097,-1.3641576412235334,-0.8666802313208208,-0.0758726034926731
2040162124,1130915637,2021-04-16 00:00:00,798,0.9037372593431484,1,-1.065333897868396,-1.0409122730860565,-1.2486463701581867,-3.040371725257919,0.4011600660363661,-1.5420717188170272,0.1354902571098559
2040162124,224157523,2021-04-16 00:00:00,795,0.9003397508493771,1,-1.065333897868396,-1.0409122730860565,-1.2486463701581867,-1.1071812876437597,-0.4352397765793593,-0.5930637220029631,0.0582940064781531
2040162124,1358238076,2021-04-16 00:00:00,791,0.8958097395243488,1,-1.065333897868396,-1.0409122730860565,-1.2486463701581867,-1.968198243935955,-0.0624778771873928,-0.9355701580158424,-0.0131023068971893
2040162124,1692935183,2021-04-16 00:00:00,786,0.8901472253680635,1,-1.065333897868396,-1.0409122730860565,-1.2486463701581867,-3.696761927067037,-0.2973726389674915,-0.8304578115288166,12.35624972677534
2040162124,358241,2021-04-16 00:00:00,769,0.8708946772366931,1,-1.065333897868396,-1.0409122730860565,-1.2486463701581867,0.636833807553368,-0.9079855373068032,-0.5596157879354227,0.0416726964005675
1749648298,141557,2021-04-16 00:00:00,10,0.1724137931034483,0,-1.2651181309818162,0.7135705523991225,-1.8464843689173012,-1.2362406530020391,-0.0846000084889899,-0.9713186918154166,-0.0522994994028485
1990714237,126849,2021-04-16 00:00:00,31,0.2198581560283688,0,-2.1328929554438987,1.3744585521801451,-2.3096700272126824,-1.87980212449867,0.6157816527254816,-2.290734818443519,-0.0002485398297871
1171524128,2178,2021-04-17 00:00:00,49,0.4188034188034188,0,-1.348354264893963,1.7565546770157774,-3.276854415092039,-2.770367034544654,-0.0115073564636731,-1.1338056836680526,0.0865866583593337
1171524128,1096169339,2021-04-17 00:00:00,45,0.3846153846153846,0,-1.348354264893963,1.7565546770157774,-3.276854415092039,-3.612483673998452,0.358360063570887,-1.481894815235476,0.0079705662967466
178916,404794,2021-04-17 00:00:00,15,0.3260869565217391,0,0.9419457968353536,0.3327356657109029,-0.7576857016975165,1.9232919939536848,1.159012235277812,-1.6977305195797787,0.0
178916,102,2021-04-17 00:00:00,15,0.3260869565217391,0,0.9419457968353536,0.3327356657109029,-0.7576857016975165,-1.2578928635899589,-1.5336980591323743,-0.6248759782826729,0.0229097142232834
178916,4219,2021-04-17 00:00:00,14,0.3043478260869565,0,0.9419457968353536,0.3327356657109029,-0.7576857016975165,1.9779815936122576,0.9418245497653556,-1.5260563034950494,-0.0674412807955326
1885109984,1827675970,2021-04-17 00:00:00,188,0.1495624502784407,0,-2.433612695482313,0.98054799097374,-1.4535417545375298,-1.5857751945700804,-0.2736453558264282,-0.7215944151351437,0.0
1885109984,1910141426,2021-04-17 00:00:00,184,0.1463802704852824,0,-2.433612695482313,0.98054799097374,-1.4535417545375298,-1.2517345838780645,1.6265672242392997,-2.0348281629470337,0.0
1885109984,2004392392,2021-04-17 00:00:00,156,0.1241050119331742,0,-2.433612695482313,0.98054799097374,-1.4535417545375298,-2.149785363367721,2.5580374282085114,-4.711080137455275,0.0
1994409585,379,2021-04-17 00:00:00,45,0.3688524590163934,0,-1.6590768222494108,0.8792244918484377,-2.120178244716395,-2.6264801953558434,0.2772426279908573,-1.2365865406251153,0.0888029007350263
2117942131,1988996865,2021-05-01 00:00:00,53,0.2896174863387978,0,-2.5174295572340366,2.383242139329368,-2.108042156513052,-1.0910462440819884,2.201735721276076,-1.0172359622872982,0.0
2117942131,1394559056,2021-05-01 00:00:00,50,0.273224043715847,0,-2.5174295572340366,2.383242139329368,-2.108042156513052,-3.745087593893673,0.4722103033250673,0.4897984769935686,0.1390966725609779
142338,3692,2021-05-06 00:00:00,59,0.2822966507177033,0,0.1697996975975676,0.6530555222762221,-0.8036347174696052,-0.9683233805566912,0.121559109052751,0.3471054929225818,-0.096967099056199
142338,7229,2021-05-06 00:00:00,48,0.2296650717703349,0,0.1697996975975676,0.6530555222762221,-0.8036347174696052,0.2239835035689263,-0.4687703583106467,2.836055600825146,-0.0199342149008172
142338,3379,2021-05-06 00:00:00,44,0.2105263157894736,0,0.1697996975975676,0.6530555222762221,-0.8036347174696052,-0.1573867408631396,-0.5818100468342767,-0.0298935302781426,-0.0135886727657954
142338,207939283,2021-05-06 00:00:00,41,0.1961722488038277,0,0.1697996975975676,0.6530555222762221,-0.8036347174696052,0.553238738125607,-0.3047715259749382,0.8177099032017074,0.0
142338,1424,2021-05-06 00:00:00,38,0.1818181818181818,0,0.1697996975975676,0.6530555222762221,-0.8036347174696052,-3.6431301574730446,-0.7586464969917408,0.8543637693761372,0.1644431171224454
142338,2052310372,2021-05-06 00:00:00,36,0.1722488038277512,0,0.1697996975975676,0.6530555222762221,-0.8036347174696052,1.0749844942609843,0.3083377902535312,0.5753641449035616,0.0
142338,2023657236,2021-05-06 00:00:00,36,0.1722488038277512,0,0.1697996975975676,0.6530555222762221,-0.8036347174696052,0.5268576563185907,-0.3621703618898633,0.6561059088795957,0.0
202048,160760,2021-05-07 00:00:00,102,0.6219512195121951,1,1.7371351347206825,-0.8174625740554801,2.667228206581955,0.865538563759908,-0.6986319817595414,2.3581549441488567,0.0
202048,166706,2021-05-07 00:00:00,101,0.6158536585365854,1,1.7371351347206825,-0.8174625740554801,2.667228206581955,0.4509055887270742,-0.7544734434280098,2.208274413522804,0.0
202048,124972,2021-05-07 00:00:00,101,0.6158536585365854,1,1.7371351347206825,-0.8174625740554801,2.667228206581955,0.5375042080992717,-1.0702977795228232,2.356652314264321,0.0
202048,274730341,2021-05-07 00:00:00,100,0.6097560975609756,1,1.7371351347206825,-0.8174625740554801,2.667228206581955,0.6969483487100027,-0.8133506122607349,2.251291798606495,0.0
202048,124360,2021-05-07 00:00:00,99,0.6036585365853658,1,1.7371351347206825,-0.8174625740554801,2.667228206581955,0.5783126015301481,-0.6465839754339209,1.136352616650957,0.0
202048,187219,2021-05-07 00:00:00,99,0.6036585365853658,1,1.7371351347206825,-0.8174625740554801,2.667228206581955,0.7612938113921989,-1.2804011347775734,2.46080909820894,0.0
202048,125736,2021-05-07 00:00:00,99,0.6036585365853658,1,1.7371351347206825,-0.8174625740554801,2.667228206581955,0.590245055553419,-1.2006122796169183,2.4107986776342782,0.0
202048,299864,2021-05-07 00:00:00,99,0.6036585365853658,1,1.7371351347206825,-0.8174625740554801,2.667228206581955,0.8143923570432519,-0.5085815906922755,1.6204877486206852,-2.6390573296152584
202048,166369,2021-05-07 00:00:00,99,0.6036585365853658,1,1.7371351347206825,-0.8174625740554801,2.667228206581955,0.7075558961748529,-1.1260382811867091,2.2246235515243344,0.0
202048,273002007,2021-05-07 00:00:00,99,0.6036585365853658,1,1.7371351347206825,-0.8174625740554801,2.667228206581955,0.7534701916641283,-0.719121406302697,2.2216160304603787,0.0
2145531550,1055903707,2021-05-09 00:00:00,55,0.2669902912621359,0,-2.4358492963455154,1.6218841128719266,-0.9750514202525276,-0.8126752549020683,0.4650141257024295,-0.3819190028909451,0.0278763695282542
2124263416,1392141981,2021-05-09 00:00:00,76,0.5428571428571428,1,-1.605076299755841,1.5851680164993347,-3.166625134524323,-2.6550554656780725,-0.8268030342967001,0.7535641334592214,-1.3382434274690338
2124263416,2129632899,2021-05-09 00:00:00,76,0.5428571428571428,1,-1.605076299755841,1.5851680164993347,-3.166625134524323,0.2045850605210445,0.408225655969049,-1.4201631038584148,0.0
2124263416,1604904707,2021-05-09 00:00:00,76,0.5428571428571428,1,-1.605076299755841,1.5851680164993347,-3.166625134524323,-3.272065695406386,0.7380661782110827,-0.6406158960365609,0.5343235950332943
2124263416,2122414054,2021-05-09 00:00:00,75,0.5357142857142857,1,-1.605076299755841,1.5851680164993347,-3.166625134524323,-2.659917293880123,1.0230900117031,-0.6219029182774509,0.0
2124263416,2134494631,2021-05-09 00:00:00,75,0.5357142857142857,1,-1.605076299755841,1.5851680164993347,-3.166625134524323,1.5448193448601713,,1.0986122886681098,0.0
2124263416,96495,2021-05-09 00:00:00,75,0.5357142857142857,1,-1.605076299755841,1.5851680164993347,-3.166625134524323,1.3077494923721014,,1.9459101490553128,1.5581446180465497
2124263416,116181,2021-05-09 00:00:00,74,0.5285714285714286,1,-1.605076299755841,1.5851680164993347,-3.166625134524323,1.3077494923721014,,1.9459101490553128,1.1631508098056809
1599384941,1594960231,2021-05-14 00:00:00,148,0.2135642135642135,0,-0.4707736263369168,0.8096375568404954,-2.282650878093228,-3.7087350662225353,-0.1291447189313315,0.0951371318680962,-0.6013282318528574
833464110,1130915637,2021-05-17 00:00:00,113,0.1043397968605724,0,0.5726774782414741,0.6046717162789557,-3.465735902799727,-1.1858712874209962,0.2346351738848018,-0.6664068972291117,0.7688033316692522
833464110,224157523,2021-05-17 00:00:00,107,0.0987996306555863,0,0.5726774782414741,0.6046717162789557,-3.465735902799727,-0.5112366998406258,0.2806616266507054,-0.5870011189072848,0.087469363297302
833464110,379399457,2021-05-17 00:00:00,102,0.0941828254847645,0,0.5726774782414741,0.6046717162789557,-3.465735902799727,-0.96580720924856,0.52581079627025,0.1822416558710564,-0.3084728421208549
833464110,496549942,2021-05-17 00:00:00,96,0.0886426592797784,0,0.5726774782414741,0.6046717162789557,-3.465735902799727,-1.273834549537438,-0.0530682657383989,-0.2531594472544753,-0.4719217561273066
171266,230117,2021-05-17 00:00:00,106,0.488479262672811,0,0.6377104528007057,-0.3176126932535183,-1.455928052878691,0.2359180346974843,-0.5255817286232817,-0.6466271649250523,1.791759469228055
171266,274730318,2021-05-17 00:00:00,105,0.4838709677419355,0,0.6377104528007057,-0.3176126932535183,-1.455928052878691,0.3164541229832698,-0.8993617607857691,-1.024504316514388,0.0
171266,140581,2021-05-17 00:00:00,105,0.4838709677419355,0,0.6377104528007057,-0.3176126932535183,-1.455928052878691,0.166422513880833,-0.8245829012345443,-0.412532275331257,-1.1526795099383853
171266,274730300,2021-05-17 00:00:00,104,0.4792626728110599,0,0.6377104528007057,-0.3176126932535183,-1.455928052878691,-0.0115573662340087,-0.8104170129139524,0.026317308317374,-0.6931471805599453
171266,178923,2021-05-17 00:00:00,104,0.4792626728110599,0,0.6377104528007057,-0.3176126932535183,-1.455928052878691,0.2771963019862869,-0.5258749818577697,-0.2200618847768023,0.6931471805599453
171266,199441,2021-05-17 00:00:00,104,0.4792626728110599,0,0.6377104528007057,-0.3176126932535183,-1.455928052878691,0.6373318056258784,-0.3664439588979201,-0.5978370007556202,1.0986122886681098
171266,24174,2021-05-17 00:00:00,104,0.4792626728110599,0,0.6377104528007057,-0.3176126932535183,-1.455928052878691,0.5009701072480852,-0.6826367266632611,-0.432864082296279,1.0986122886681096
171266,141342,2021-05-17 00:00:00,103,0.4746543778801843,0,0.6377104528007057,-0.3176126932535183,-1.455928052878691,0.278793530367944,-1.0358935520048485,-0.7637647477738989,0.0
171266,202450,2021-05-17 00:00:00,103,0.4746543778801843,0,0.6377104528007057,-0.3176126932535183,-1.455928052878691,0.7397928821825228,-0.2040722435959648,-0.8167611365271217,0.0
171266,187189,2021-05-17 00:00:00,103,0.4746543778801843,0,0.6377104528007057,-0.3176126932535183,-1.455928052878691,0.3574079972579815,-0.9253135815836973,-0.4480247225269602,3.068052935133617
687449525,496549942,2021-05-17 00:00:00,27,0.096085409252669,0,0.9137296275639264,-0.1088655962753788,-1.40798718573115,-1.273834549537438,-0.0530682657383989,-0.2531594472544753,-0.4719217561273066
687449525,41873,2021-05-17 00:00:00,25,0.0889679715302491,0,0.9137296275639264,-0.1088655962753788,-1.40798718573115,-2.185422921651932,-0.0853634595202352,0.0864195859591276,-0.2414870170121243
794211546,836613097,2021-05-17 00:00:00,69,0.3039647577092511,0,1.878950535410369,-0.3621328934353862,1.9924301646902065,1.364934222493536,0.1507175130874696,-2.781805377344705,-0.590337686693724
794211546,379399457,2021-05-17 00:00:00,69,0.3039647577092511,0,1.878950535410369,-0.3621328934353862,1.9924301646902065,-0.96580720924856,0.52581079627025,0.1822416558710564,-0.3084728421208549
794211546,492498141,2021-05-17 00:00:00,69,0.3039647577092511,0,1.878950535410369,-0.3621328934353862,1.9924301646902065,-1.3111204343849396,0.7134715208617968,-0.7906399954550762,0.6575878785234588
794211546,2122414054,2021-05-17 00:00:00,68,0.2995594713656387,0,1.878950535410369,-0.3621328934353862,1.9924301646902065,-2.0488419735121464,0.8641660481162381,-1.0167596163626411,0.0
794211546,496549942,2021-05-17 00:00:00,68,0.2995594713656387,0,1.878950535410369,-0.3621328934353862,1.9924301646902065,-1.273834549537438,-0.0530682657383989,-0.2531594472544753,-0.4719217561273066
794211546,462262,2021-05-17 00:00:00,67,0.2951541850220264,0,1.878950535410369,-0.3621328934353862,1.9924301646902065,-1.2820803108648302,0.3863406809690879,-0.1143503337726787,-0.4468397284971441
56085,671804639,2021-05-19 00:00:00,128,0.2857142857142857,0,-0.668211417250108,1.3176569066973165,-2.071390349716477,-3.321656330360796,-0.0705958187230155,0.2348734283294504,1.6148408972122317
227008635,216318678,2021-05-21 00:00:00,18,0.8181818181818182,1,,,1.0986122886681098,1.878950535410369,,0.6931471805599453,-1.1962507582320256
227008635,469935,2021-05-21 00:00:00,18,0.8181818181818182,1,,,1.0986122886681098,1.878950535410369,,0.6931471805599453,-1.1700712526502546
227008635,133412,2021-05-21 00:00:00,18,0.8181818181818182,1,,,1.0986122886681098,0.8465875187907186,,1.9459101490553128,-1.209837923778334
956167276,470023,2021-05-22 00:00:00,20,0.7692307692307693,1,,,0.6931471805599453,1.878950535410369,,0.6931471805599453,-1.4586150226995165
956167276,83000231,2021-05-22 00:00:00,20,0.7692307692307693,1,,,0.6931471805599453,1.5014071820997432,,1.791759469228055,-1.4586150226995165
245201,3286,2021-05-22 00:00:00,27,0.3552631578947368,0,1.5641705455194497,0.3147799898909194,-0.6931471805599453,0.3389018672680433,-0.0232568864690655,-1.0296194171811588,-1.2778426528923914
245201,140375,2021-05-22 00:00:00,27,0.3552631578947368,0,1.5641705455194497,0.3147799898909194,-0.6931471805599453,0.6720961176589029,-0.2124123955952893,-0.4144337780909253,0.0
245201,273001945,2021-05-22 00:00:00,26,0.3421052631578947,0,1.5641705455194497,0.3147799898909194,-0.6931471805599453,1.878950535410369,0.6589288116909957,-1.5040773967762742,2.079441541679836
245201,229308,2021-05-22 00:00:00,25,0.3289473684210526,0,1.5641705455194497,0.3147799898909194,-0.6931471805599453,1.5448193448601713,-0.117827463736492,-0.8472978603872034,0.0
245201,139108,2021-05-22 00:00:00,25,0.3289473684210526,0,1.5641705455194497,0.3147799898909194,-0.6931471805599453,0.7520660308885976,-0.2389755614553622,0.5705448584676134,0.1191080656634175
43613,4635,2021-05-23 00:00:00,102,0.6257668711656442,1,1.1175296523665257,0.7614208830438436,-1.9924301646902065,1.7971897943754187,0.3983884500978731,-0.6931471805599454,-1.422226370345954
43613,2630,2021-05-23 00:00:00,98,0.6012269938650306,1,1.1175296523665257,0.7614208830438436,-1.9924301646902065,1.8003649668342925,0.7887321000576304,-1.2443240998495035,-1.2068258733083428
43613,22814,2021-05-23 00:00:00,97,0.5950920245398773,1,1.1175296523665257,0.7614208830438436,-1.9924301646902065,0.9973340714680352,-0.0502454752648037,0.0859424298007249,-0.7958013346200286
2116133763,1987123418,2021-05-25 00:00:00,62,0.2594142259414226,0,-2.1111017752017185,1.1825121966901606,-2.7675472999668544,-1.740165787611699,0.0047376801092955,0.0502716813225365,6.2943614111939885
201314,226138,2021-05-28 00:00:00,19,0.7037037037037037,1,,,0.6931471805599453,1.71188494013527,,1.3862943611198906,-2.4849066497880004
201314,214473,2021-05-28 00:00:00,19,0.7037037037037037,1,,,0.6931471805599453,1.878950535410369,,0.6931471805599453,-3.80666248977032
201314,470023,2021-05-28 00:00:00,18,0.6666666666666666,1,,,0.6931471805599453,1.878950535410369,,0.6931471805599453,-3.5263605246161616
201314,224681,2021-05-28 00:00:00,18,0.6666666666666666,1,,,0.6931471805599453,1.71188494013527,,1.3862943611198906,-3.80666248977032
1732354310,770279182,2021-05-30 00:00:00,6,0.1875,0,,,4.143134726391533,-3.270299845943243,0.1373536607356968,-0.2030969805171043,0.8400960327967919
438106,423603,2021-05-30 00:00:00,17,0.53125,1,,,0.6931471805599453,1.878950535410369,,0.6931471805599453,-2.302585092994046
2142911791,2146054343,2021-05-30 00:00:00,59,0.472,0,-0.1522812960329126,1.3327391001552222,-2.889649996767755,-0.4023069751870112,0.7053966822509448,-0.447632559744215,0.0
2007665242,664868651,2021-05-30 00:00:00,11,0.22,0,-1.551405271647374,0.2425647694105055,0.6635153829535749,-3.3131284031179,0.0444258933836936,-0.0302254922103522,1.3526114125711055
2055476662,126849,2021-05-31 00:00:00,35,0.2482269503546099,0,-0.8102419380633471,0.0188303379314735,-0.825175943299933,-2.0190008331231124,-0.0290907540496165,-0.0277445286336561,0.8039968051374444
1393558662,1392108845,2021-06-03 00:00:00,35,0.0769230769230769,0,0.7609960556345613,0.3723118815857326,-0.8335990160290416,-2.782797260029963,0.1649649425075838,-0.3624285762605854,0.6162984159519205
1393558662,1392108840,2021-06-03 00:00:00,33,0.0725274725274725,0,0.7609960556345613,0.3723118815857326,-0.8335990160290416,-3.7631438076912977,0.3858669923176214,-0.4563792793091821,0.6348757907969969
1393558662,1392960707,2021-06-03 00:00:00,33,0.0725274725274725,0,0.7609960556345613,0.3723118815857326,-0.8335990160290416,1.3779569382553711,0.2676742955729785,-0.3457458734065417,-0.4953214372300252
1393558662,1392108711,2021-06-03 00:00:00,33,0.0725274725274725,0,0.7609960556345613,0.3723118815857326,-0.8335990160290416,-2.6956426252000094,0.2771743855331863,-0.225482386304586,0.3725615937088467
1393558662,1337207901,2021-06-03 00:00:00,32,0.0703296703296703,0,0.7609960556345613,0.3723118815857326,-0.8335990160290416,1.136298580890318,0.1451325310788339,-1.0386488239005525,0.4489502200479034
1393558662,671804639,2021-06-03 00:00:00,32,0.0703296703296703,0,0.7609960556345613,0.3723118815857326,-0.8335990160290416,-3.370712542607623,-0.105801166522903,0.0070455020245265,0.5674684995337138
1393558662,1392166028,2021-06-03 00:00:00,32,0.0703296703296703,0,0.7609960556345613,0.3723118815857326,-0.8335990160290416,-1.9648005341315715,-0.2142486942494028,0.4201691894696662,-0.1398296536420318
79284,7545,2021-06-03 00:00:00,13,0.1645569620253164,0,,,2.772588722239781,1.4575569574872775,-0.0511725693251765,0.6632942174102641,-2.427748235948052
79284,15941,2021-06-03 00:00:00,13,0.1645569620253164,0,,,2.772588722239781,-0.0840156912814303,0.3124580682516865,0.1468431003761763,-0.5299192825815702
79284,9670,2021-06-03 00:00:00,13,0.1645569620253164,0,,,2.772588722239781,-2.100983075322812,0.0594199843678029,-0.0696374090535769,-0.0263944941229423
79284,6696,2021-06-03 00:00:00,12,0.1518987341772152,0,,,2.772588722239781,0.5258349938654348,-0.2576928045985212,0.0289875368732515,-0.4771436833792126
2098723298,4969218,2021-06-05 00:00:00,1,0.0333333333333333,0,-1.1684048242532066,-0.4418401814728832,-0.271243346108621,0.673599963591099,0.1090209354173454,1.1895840668738362,1.5175365501502789
2098723298,224157523,2021-06-05 00:00:00,1,0.0333333333333333,0,-1.1684048242532066,-0.4418401814728832,-0.271243346108621,-0.7135704949013153,-0.355826313704754,0.4537431083739554,-1.3814242216238473
2098723298,379399457,2021-06-05 00:00:00,1,0.0333333333333333,0,-1.1684048242532066,-0.4418401814728832,-0.271243346108621,-1.7830783969314568,-0.8292777382726617,1.1096426233140717,-0.4222866329478201
2098723298,492498141,2021-06-05 00:00:00,1,0.0333333333333333,0,-1.1684048242532066,-0.4418401814728832,-0.271243346108621,-0.0966672681465383,0.7767574753896246,-0.2830714598940975,0.4091385939169019
2098723298,808858210,2021-06-05 00:00:00,1,0.0333333333333333,0,-1.1684048242532066,-0.4418401814728832,-0.271243346108621,1.7496173591834452,0.4962085485111946,-0.3746934494414105,-1.858898772065684
2138692838,109519,2021-06-06 00:00:00,18,0.4736842105263157,0,-1.0606679938253345,0.262405998277066,-1.2347444629926896,-1.261899796840616,0.0587532548716647,-0.3195339688758638,0.0537944815986008
2138692838,2035020217,2021-06-06 00:00:00,13,0.3421052631578947,0,-1.0606679938253345,0.262405998277066,-1.2347444629926896,-0.0757181353899786,-0.0531000615485899,0.2784483965048361,2.318458442150336
2000850249,1392134357,2021-06-07 00:00:00,36,0.4931506849315068,0,,,4.74493212836325,-2.8570809893924127,0.030882334574529,0.132960708963596,0.0379613050179177
141739,121017,2021-06-08 00:00:00,105,0.5555555555555556,1,0.7989187781134287,-0.184960771168251,0.3215836241274621,0.8332997964648855,0.4943979291968422,0.0769610411361285,-1.0986122886681098
141739,164719,2021-06-08 00:00:00,104,0.5502645502645502,1,0.7989187781134287,-0.184960771168251,0.3215836241274621,0.7683662487375701,0.4929797729851192,0.1381503384808171,-2.079441541679836
141739,43293,2021-06-08 00:00:00,103,0.544973544973545,1,0.7989187781134287,-0.184960771168251,0.3215836241274621,0.5694828540587347,0.5324178228014443,-1.015920572822996,0.0
141739,264,2021-06-08 00:00:00,102,0.5396825396825397,1,0.7989187781134287,-0.184960771168251,0.3215836241274621,0.6195861581858066,-0.0713016676018806,1.9571252198754532,0.980829253011726
141739,230117,2021-06-08 00:00:00,101,0.5343915343915344,1,0.7989187781134287,-0.184960771168251,0.3215836241274621,0.5133917076571495,-0.2408848046450461,-0.1823215567939549,-1.0647107369924282
141739,4683,2021-06-08 00:00:00,101,0.5343915343915344,1,0.7989187781134287,-0.184960771168251,0.3215836241274621,0.245897586562045,-0.0024268361197783,1.0896836579238087,-0.9035517060967252
141739,187264,2021-06-08 00:00:00,101,0.5343915343915344,1,0.7989187781134287,-0.184960771168251,0.3215836241274621,0.1434088317170448,-0.1154940677479136,0.1335313926245227,-2.3978952727983707
141739,234120,2021-06-08 00:00:00,101,0.5343915343915344,1,0.7989187781134287,-0.184960771168251,0.3215836241274621,0.6280477433805521,-0.2807917228395662,-0.176930708159078,-0.5389965007326871
79928,80327,2021-06-13 00:00:00,47,0.2513368983957219,0,0.6755755843519717,0.9706533942790778,-3.58351893845611,1.878950535410369,0.0,0.2876820724517808,-0.6931471805599453
79928,3685,2021-06-13 00:00:00,46,0.2459893048128342,0,0.6755755843519717,0.9706533942790778,-3.58351893845611,-0.5298979634279454,-0.3334447909025122,0.7348989752401671,-2.1080603469854884
2145328883,126849,2021-06-15 00:00:00,7,0.125,0,-0.904306365193462,0.6661481221389607,-1.128983386544408,-1.5786876848011966,0.2965645195971862,-0.5258624191891608,-2.290734818443519
1420773307,195,2021-06-18 00:00:00,16,0.1666666666666666,0,-1.1365451967380114,1.6242298883733028,-1.4605365884929862,-2.55981237705546,0.1268409559489978,-0.53934042568401,-1.2960806165702774
1420773307,1392108711,2021-06-18 00:00:00,14,0.1458333333333333,0,-1.1365451967380114,1.6242298883733028,-1.4605365884929862,-2.2422803939648017,0.3908824474637673,-0.7789896503445917,-1.3764041341407651
1420773307,2026261587,2021-06-18 00:00:00,13,0.1354166666666666,0,-1.1365451967380114,1.6242298883733028,-1.4605365884929862,-3.182390818198394,-0.0152661440078376,0.0202265892135837,5.2574953720277815
214058,463597124,2021-06-19 00:00:00,156,0.3723150357995227,0,,,1.6094379124341005,1.6445122869031634,-0.2173245115120865,0.4054651081081641,0.0
214058,463272781,2021-06-19 00:00:00,153,0.3651551312649164,0,,,1.6094379124341005,1.5448193448601713,,1.0986122886681098,0.0
214058,113205,2021-06-19 00:00:00,150,0.3579952267303102,0,,,1.6094379124341005,1.878950535410369,0.0,0.0,-1.6094379124341005
207034,563601296,2021-06-20 00:00:00,33,0.308411214953271,0,1.878950535410369,0.0,0.4054651081081645,1.878950535410369,0.167065595275099,-0.5596157879354227,-0.6931471805599453
207034,62906,2021-06-20 00:00:00,31,0.2897196261682243,0,1.878950535410369,0.0,0.4054651081081645,1.5448193448601713,-0.1670655952750988,-0.2876820724517808,-1.0986122886681098
207034,563281869,2021-06-20 00:00:00,31,0.2897196261682243,0,1.878950535410369,0.0,0.4054651081081645,1.5448193448601713,-0.2505983929126483,-0.6931471805599452,-0.6931471805599453
207034,170922,2021-06-20 00:00:00,31,0.2897196261682243,0,1.878950535410369,0.0,0.4054651081081645,1.878950535410369,-0.192315789860511,-0.916290731874155,0.4054651081081645
207034,669018707,2021-06-20 00:00:00,31,0.2897196261682243,0,1.878950535410369,0.0,0.4054651081081645,1.878950535410369,0.0340172685366051,-1.0986122886681098,-1.0986122886681098
207034,3693,2021-06-20 00:00:00,31,0.2897196261682243,0,1.878950535410369,0.0,0.4054651081081645,0.3042300071699795,0.5452729475401856,-1.0941178990802705,-1.6094379124341005
207034,655024217,2021-06-20 00:00:00,30,0.2803738317757009,0,1.878950535410369,0.0,0.4054651081081645,1.71188494013527,0.1670655952750988,0.2876820724517808,-0.6931471805599453
125473,6002,2021-06-20 00:00:00,36,0.2769230769230769,0,1.6272549665366185,-0.2009705479204822,0.0,1.0064607571128166,-0.4668619041254449,0.665748206371831,0.4054651081081646
125473,3693,2021-06-20 00:00:00,35,0.2692307692307692,0,1.6272549665366185,-0.2009705479204822,0.0,0.3042300071699795,0.5452729475401856,-1.0941178990802705,-1.6094379124341005
125473,42444,2021-06-20 00:00:00,35,0.2692307692307692,0,1.6272549665366185,-0.2009705479204822,0.0,1.878950535410369,0.0,-0.4054651081081645,0.6931471805599453
125473,587,2021-06-20 00:00:00,34,0.2615384615384615,0,1.6272549665366185,-0.2009705479204822,0.0,1.4706597327351285,-0.2273994881822745,0.4198538455602638,1.3239040685206085
125473,563281869,2021-06-20 00:00:00,34,0.2615384615384615,0,1.6272549665366185,-0.2009705479204822,0.0,1.5448193448601713,-0.2505983929126483,-0.6931471805599452,-0.6931471805599453
125473,651148678,2021-06-20 00:00:00,34,0.2615384615384615,0,1.6272549665366185,-0.2009705479204822,0.0,1.375763771796319,-0.3361211683389511,-0.2876820724517808,0.0
125473,661689797,2021-06-20 00:00:00,34,0.2615384615384615,0,1.6272549665366185,-0.2009705479204822,0.0,1.878950535410369,0.0,-0.6931471805599453,-1.3862943611198906
125473,662062307,2021-06-20 00:00:00,34,0.2615384615384615,0,1.6272549665366185,-0.2009705479204822,0.0,1.6561964083769036,-0.0491872424109844,-0.1541506798272582,-0.916290731874155
299616781,126849,2021-06-27 00:00:00,6,0.1363636363636363,0,,,3.367295829986474,-1.417677381516474,0.3815590904672363,-0.2742325026247423,1.1626937312329488
1835511740,1396153049,2021-06-29 00:00:00,77,0.5238095238095238,1,-1.1657278127458508,0.7050937838716842,1.8119936225920237,-0.5351323761839042,-0.5502695033920035,2.73073012432358,1.1631508098056809
1835511740,124233,2021-06-29 00:00:00,24,0.1632653061224489,0,-1.1657278127458508,0.7050937838716842,1.8119936225920237,1.076556723640291,-0.4682626212198801,2.302585092994046,-2.1282317058492684
205899310,470023,2021-06-30 00:00:00,20,0.6896551724137931,1,,,1.791759469228055,1.878950535410369,,0.6931471805599453,2.6390573296152584
205899310,470406,2021-06-30 00:00:00,19,0.6551724137931034,1,,,1.791759469228055,1.878950535410369,,0.6931471805599453,0.0
205899310,197775202,2021-06-30 00:00:00,19,0.6551724137931034,1,,,1.791759469228055,1.878950535410369,,0.6931471805599453,0.0
1864435479,62558686,2021-07-01 00:00:00,5,0.1388888888888889,0,,,2.302585092994046,-1.3139788437303002,0.21285800138982,-0.3476911960029545,1.392416829224275
1398524084,275257,2021-07-03 00:00:00,2,0.4,0,-0.50291497480483,0.5822450223899669,0.5596157879354227,0.3345993181728372,0.1537111912302187,0.0765400771223348,1.5169145435369544
306495,671804639,2021-07-06 00:00:00,125,0.6127450980392157,1,0.5358393116866051,-0.6194484899911712,0.0074349784875185,-3.315144410061307,0.1587726641135303,0.0262418117702569,0.0394127315876406
306495,240552,2021-07-06 00:00:00,121,0.5931372549019608,1,0.5358393116866051,-0.6194484899911712,0.0074349784875185,-0.2525506414618708,-0.3423342227377109,0.9097578108325326,3.391345085219144
306495,211383,2021-07-06 00:00:00,116,0.5686274509803921,1,0.5358393116866051,-0.6194484899911712,0.0074349784875185,0.1382324699195349,-0.4096812588544681,0.7705338441753655,2.446198625700037
306495,1944201069,2021-07-06 00:00:00,107,0.5245098039215687,1,0.5358393116866051,-0.6194484899911712,0.0074349784875185,0.3349742383889312,0.2469238242590967,0.1443177589110194,3.074534693613674
230724,188450,2021-07-06 00:00:00,47,0.2993630573248407,0,1.878950535410369,-1.765413693092105,2.197224577336219,-0.2905667687391673,1.3209298198280892,-1.5326738962222626,2.290608901947329
230724,244326,2021-07-06 00:00:00,45,0.286624203821656,0,1.878950535410369,-1.765413693092105,2.197224577336219,-0.570014603929736,-2.448965139340105,2.995732273553991,-0.9162907318741552
230724,243196,2021-07-06 00:00:00,44,0.2802547770700637,0,1.878950535410369,-1.765413693092105,2.197224577336219,1.878950535410369,0.167065595275099,-0.6931471805599453,0.3101549283038394
230724,243160,2021-07-06 00:00:00,43,0.2738853503184713,0,1.878950535410369,-1.765413693092105,2.197224577336219,-0.7685368196130135,-2.6474873550233826,4.3694478524670215,3.6635616461296463
230724,243330,2021-07-06 00:00:00,42,0.267515923566879,0,1.878950535410369,-1.765413693092105,2.197224577336219,1.878950535410369,,0.6931471805599453,2.498699971920336
230724,87526,2021-07-06 00:00:00,42,0.267515923566879,0,1.878950535410369,-1.765413693092105,2.197224577336219,0.0370771147581178,0.7820391228337066,-0.233614851181505,1.2218963205148403
446018,445200,2021-07-07 00:00:00,82,0.2186666666666666,0,0.2610530156292256,0.6041791927608313,-0.6884851674541341,0.5148648723337605,-0.1764823760085097,0.3089475632311229,2.833213344056216
446018,188867,2021-07-07 00:00:00,68,0.1813333333333333,0,0.2610530156292256,0.6041791927608313,-0.6884851674541341,1.1238638287891176,,1.6094379124341005,0.0
446018,1728603512,2021-07-07 00:00:00,67,0.1786666666666666,0,0.2610530156292256,0.6041791927608313,-0.6884851674541341,-2.524100801667852,-0.4378125196702305,0.3266065331958447,2.424320702966252
446018,126845,2021-07-07 00:00:00,65,0.1733333333333333,0,0.2610530156292256,0.6041791927608313,-0.6884851674541341,-0.6506713952534462,-0.1553419396733597,-1.0021520224805478,-1.3862943611198904
158525,1474,2021-07-07 00:00:00,88,0.5641025641025641,1,-1.3251664906217988,0.7982716118831352,-1.6469477611837524,-0.3707750380788517,1.2354151635935675,-0.7707831482029164,0.5679840376059397
158525,67607,2021-07-07 00:00:00,87,0.5576923076923077,1,-1.3251664906217988,0.7982716118831352,-1.6469477611837524,-0.522458693535333,0.7253902356079067,-1.473056703118818,0.2585281656045977
158525,101980,2021-07-07 00:00:00,86,0.5512820512820513,1,-1.3251664906217988,0.7982716118831352,-1.6469477611837524,-0.5053900163861476,0.8276070997846379,-1.7178922289002427,0.436311428265089
158525,37309,2021-07-07 00:00:00,78,0.5,1,-1.3251664906217988,0.7982716118831352,-1.6469477611837524,0.0595690920544629,1.4249899421636876,-0.9311608943536064,0.246005220457472
158525,37770,2021-07-07 00:00:00,73,0.4679487179487179,0,-1.3251664906217988,0.7982716118831352,-1.6469477611837524,0.5242673091851914,1.985345287279076,-1.2048515390046246,0.4693623980599293
158525,6002,2021-07-07 00:00:00,65,0.4166666666666667,0,-1.3251664906217988,0.7982716118831352,-1.6469477611837524,1.1136201859844703,0.0324859226458948,1.4619317753255103,-0.075120630468108
95837,47426,2021-07-08 00:00:00,9,0.225,0,1.878950535410369,0.0,0.0,1.878950535410369,,0.6931471805599453,-2.995732273553991
95837,3683,2021-07-08 00:00:00,9,0.225,0,1.878950535410369,0.0,0.0,1.1238638287891176,0.5480936400941034,-3.966511190712216,-0.9650808960435868
1061257707,41873,2021-07-15 00:00:00,480,0.32719836400818,0,1.214308175512549,0.0505043679475292,-2.051716993664981,-2.6513354186763496,-0.1198953490537082,0.3278555441155273,0.0692010119715735
1518405184,770279182,2021-07-16 00:00:00,11,0.2340425531914893,0,,,3.1780538303479458,-2.786581189490394,-0.0230187757177446,-0.0518191097205473,0.0924329429934971
1518405184,60254,2021-07-16 00:00:00,10,0.2127659574468085,0,,,3.1780538303479458,1.878950535410369,0.0,0.4054651081081645,-0.5108256237659905
1392266742,671804639,2021-07-16 00:00:00,99,0.1601941747572815,0,1.0545637643633556,0.2055284574158957,-0.6773988235918065,-3.447739066962652,-0.0802546691014081,0.5406088120469406,0.1493613366488375
1392266742,1392108711,2021-07-16 00:00:00,95,0.1537216828478964,0,1.0545637643633556,0.2055284574158957,-0.6773988235918065,-1.8581484721640045,0.6172281666463655,-0.3719371757346632,0.0309269650686765
1392266742,1141222395,2021-07-16 00:00:00,94,0.1521035598705501,0,1.0545637643633556,0.2055284574158957,-0.6773988235918065,-1.3941828238878256,0.8433559424324109,-1.2307491754189002,-0.1568424714929683
1392266742,1392866464,2021-07-16 00:00:00,94,0.1521035598705501,0,1.0545637643633556,0.2055284574158957,-0.6773988235918065,-0.488509844237994,0.1744510541130768,0.154584801822355,0.2937122414783726
1392266742,1303204549,2021-07-16 00:00:00,93,0.1504854368932038,0,1.0545637643633556,0.2055284574158957,-0.6773988235918065,-0.0170520922710738,0.6868547268574708,-1.5063321891633628,-0.913000300181876
1392266742,1287033460,2021-07-16 00:00:00,92,0.1488673139158576,0,1.0545637643633556,0.2055284574158957,-0.6773988235918065,-2.054675165973645,-0.1584702821817656,0.0454580857190052,0.6528229175429683
1392266742,1296685797,2021-07-16 00:00:00,91,0.1472491909385113,0,1.0545637643633556,0.2055284574158957,-0.6773988235918065,0.3664898838988075,0.6363996850395103,-1.1444218246994042,0.0093023926623132
1392266742,1392117675,2021-07-16 00:00:00,91,0.1472491909385113,0,1.0545637643633556,0.2055284574158957,-0.6773988235918065,-2.515577432988497,-0.2027741069956086,0.2407625824357531,0.3532898863417149
1392266742,1392122281,2021-07-16 00:00:00,90,0.145631067961165,0,1.0545637643633556,0.2055284574158957,-0.6773988235918065,-0.331615727429105,-0.0255427327663178,0.1685044112408125,0.164699955444135
1392266742,1392550608,2021-07-16 00:00:00,88,0.1423948220064725,0,1.0545637643633556,0.2055284574158957,-0.6773988235918065,1.257197262564837,0.2752380936383983,-1.4607269559026603,-0.8005674291807825
1599374485,41873,2021-07-18 00:00:00,308,0.2427107959022852,0,0.006313436985858,0.64734955234489,-1.058120927313373,-2.5420377263914085,0.168386659800328,0.1814038206894146,-0.0073512491843068
1358305797,2113,2021-07-18 00:00:00,131,0.7485714285714286,1,-2.5970096006991894,4.001908508460121,-2.7234860092320496,-1.761898449938236,-0.0405377190201965,-0.1092208031239074,0.030242705145417
1358305797,2142890311,2021-07-18 00:00:00,116,0.6628571428571428,1,-2.5970096006991894,4.001908508460121,-2.7234860092320496,-2.656043707674591,-0.2544072593387914,0.2463216134214576,-3.3877605327891995
1358305797,2142911275,2021-07-18 00:00:00,113,0.6457142857142857,1,-2.5970096006991894,4.001908508460121,-2.7234860092320496,-2.600055493699435,-0.2941055362023439,0.2485904077184049,-3.8406537544679065
1358305797,2142865418,2021-07-18 00:00:00,113,0.6457142857142857,1,-2.5970096006991894,4.001908508460121,-2.7234860092320496,-2.810709844384832,-0.1779713123607278,0.2195910548233186,-2.834877953465547
1359301299,2129632899,2021-07-19 00:00:00,192,0.7441860465116279,1,0.9736183018219036,0.5584364908750035,0.9162907318741552,-2.58415886464359,-0.2229411746133798,0.1907543038684735,-0.4827426550231655
1359301299,2116182225,2021-07-19 00:00:00,191,0.7403100775193798,1,0.9736183018219036,0.5584364908750035,0.9162907318741552,-3.568747493659145,0.0652176380105404,-0.0401747329849691,-0.8999951532802317
1359301299,2122450336,2021-07-19 00:00:00,187,0.7248062015503876,1,0.9736183018219036,0.5584364908750035,0.9162907318741552,-2.5583080109266243,-0.1725251904001257,0.1723848325245587,-0.7747174248094941
1359301299,2123295900,2021-07-19 00:00:00,179,0.6937984496124031,1,0.9736183018219036,0.5584364908750035,0.9162907318741552,-2.5126262038462897,-0.096139335377309,0.057600071792649,1.7095213709910828
1359301299,1392108845,2021-07-19 00:00:00,154,0.5968992248062015,1,0.9736183018219036,0.5584364908750035,0.9162907318741552,-2.6451268152240117,-0.0413084692760707,0.3054321422760324,-0.0468215090018908
1393190925,2129632899,2021-07-22 00:00:00,188,0.5356125356125356,1,-0.149002331740789,0.7092082211402315,-0.3003748992501993,-2.60434445419984,-0.1029488171440915,0.1055234484484106,-0.0019704439872985
1393190925,2122450336,2021-07-22 00:00:00,179,0.50997150997151,1,-0.149002331740789,0.7092082211402315,-0.3003748992501993,-2.5835367832072835,-0.0781361175650241,0.1031842362352311,-1.0884194239968226
1393190925,2116182225,2021-07-22 00:00:00,178,0.5071225071225072,1,-0.149002331740789,0.7092082211402315,-0.3003748992501993,-3.460555642942178,0.2741520931686008,-0.2193394000345208,-0.7851447341421576
1393190925,2123295900,2021-07-22 00:00:00,173,0.4928774928774929,0,-0.149002331740789,0.7092082211402315,-0.3003748992501993,-2.5082120896093185,0.0587375551210325,-0.0663735627359027,1.7095213709910828
1393190925,1392134357,2021-07-22 00:00:00,157,0.4472934472934473,0,-0.149002331740789,0.7092082211402315,-0.3003748992501993,-2.487242680570887,0.2868846419749151,0.1353094109406321,-1.0041866981931449
1393190925,878445230,2021-07-22 00:00:00,152,0.433048433048433,0,-0.149002331740789,0.7092082211402315,-0.3003748992501993,-1.2847944221876173,0.5206783208682924,-0.1640029762702699,0.2059786945931048
187568,8296,2021-07-23 00:00:00,1,0.2,0,1.71188494013527,-1.6359384335685316,3.8607297110405954,-0.2940923772303334,0.165457288899725,-1.0463870277638954,-0.711496319228142
187568,103147,2021-07-23 00:00:00,1,0.2,0,1.71188494013527,-1.6359384335685316,3.8607297110405954,-2.609479971722297,0.0413222776707575,-0.0525415571289418,0.0109204218910203
433420,445200,2021-07-26 00:00:00,31,0.1409090909090909,0,-1.5631591006867498,1.5359684859668197,-1.6350074872836045,0.749683438943529,0.0707377349871124,-0.0800427076735363,1.4258251998765257
1515874322,2142869226,2021-07-28 00:00:00,176,0.5365853658536586,1,1.4657960606974811,-0.1269335651196148,1.2878542883066384,-2.5775903312070483,0.1080448899024157,-0.1936825468282226,-2.2969953832282237
1515874322,2116182225,2021-07-28 00:00:00,174,0.5304878048780488,1,1.4657960606974811,-0.1269335651196148,1.2878542883066384,-3.422953003839321,0.226686746474193,-0.3611894229396046,-0.4084160550646416
1515874322,2142890311,2021-07-28 00:00:00,172,0.524390243902439,1,1.4657960606974811,-0.1269335651196148,1.2878542883066384,-2.518113059027278,0.100922656085407,-0.1635602274655347,-1.7526181180048963
1393130562,2122725237,2021-07-28 00:00:00,142,0.8606060606060606,1,1.71188494013527,-0.1596109404869801,1.6582280766035324,-2.548732200658608,-0.0007716898069314,-0.0455198684710698,2.251291798606495
1393130562,2122450336,2021-07-28 00:00:00,139,0.8424242424242424,1,1.71188494013527,-0.1596109404869801,1.6582280766035324,-2.5857504905048474,-0.005746974034932,-0.0347204687037372,-1.8043198797200064
1393130562,2142869398,2021-07-28 00:00:00,138,0.8363636363636363,1,1.71188494013527,-0.1596109404869801,1.6582280766035324,-2.735190407354999,-0.126499851760987,0.2223264147485775,-0.5529800635200228
1393130562,2142878670,2021-07-28 00:00:00,138,0.8363636363636363,1,1.71188494013527,-0.1596109404869801,1.6582280766035324,-2.580328385129995,0.0576715585898801,-0.1414030768892633,-1.1639317547887522
1393130562,2142865418,2021-07-28 00:00:00,138,0.8363636363636363,1,1.71188494013527,-0.1596109404869801,1.6582280766035324,-2.8206642568058897,-0.040537401102958,0.0105856467889804,-0.9550747482759192
1393130562,2122399466,2021-07-28 00:00:00,137,0.8303030303030303,1,1.71188494013527,-0.1596109404869801,1.6582280766035324,-2.897028798231571,0.087822983157749,-0.1149873950321165,0.3547049611485029
1393130562,2122437132,2021-07-28 00:00:00,137,0.8303030303030303,1,1.71188494013527,-0.1596109404869801,1.6582280766035324,-2.4945697416397405,0.0753465661980281,-0.1178979319625934,-3.0389044454192
1393130562,2142877002,2021-07-28 00:00:00,137,0.8303030303030303,1,1.71188494013527,-0.1596109404869801,1.6582280766035324,-2.705152152309008,-0.0473204156843811,-0.012861069661552,-0.0265559646831743
2143533766,2142869226,2021-07-29 00:00:00,178,0.3647540983606557,0,0.3475222810770796,1.4757397225749231,-1.749199854809259,-2.5700508385825533,0.1116405476589088,-0.2718456911888793,-2.097682329386563
2143533766,2142865418,2021-07-29 00:00:00,171,0.3504098360655737,0,0.3475222810770796,1.4757397225749231,-1.749199854809259,-2.818395140291812,-0.0189701020769561,-0.0800701896384978,-1.2203790919793749
2143533766,2142890311,2021-07-29 00:00:00,163,0.3340163934426229,0,0.3475222810770796,1.4757397225749231,-1.749199854809259,-2.504286438982253,0.1318383261596358,-0.2731067667240818,-1.4989780496497571
1830646420,2142865506,2021-07-30 00:00:00,130,0.9285714285714286,1,1.4045008395031535,0.2678724585507717,0.2006706954621511,-2.5954515373507103,0.0313152314859173,-0.12231369610355,-1.7701713292544206
1830646420,2129632899,2021-07-30 00:00:00,129,0.9214285714285714,1,1.4045008395031535,0.2678724585507717,0.2006706954621511,-2.5464963782288814,0.0416868788376834,-0.174939296052706,-0.9352404806538166
1830646420,2142869398,2021-07-30 00:00:00,129,0.9214285714285714,1,1.4045008395031535,0.2678724585507717,0.2006706954621511,-2.7887348628416366,-0.2260983295210605,0.2619134880568161,-0.9139185283078533
1830646420,2142869226,2021-07-30 00:00:00,128,0.9142857142857144,1,1.4045008395031535,0.2678724585507717,0.2006706954621511,-2.5825538015071268,0.0727527252379762,-0.227903576168563,-1.9984756937068424
1830646420,2142878670,2021-07-30 00:00:00,127,0.9071428571428573,1,1.4045008395031535,0.2678724585507717,0.2006706954621511,-2.597566067896857,0.0401561505078316,-0.1906040265448112,-0.4145223952206747
1830646420,2142884713,2021-07-30 00:00:00,127,0.9071428571428573,1,1.4045008395031535,0.2678724585507717,0.2006706954621511,-2.4865104313860806,0.1034650078830861,-0.2279751118658168,2.2686835413183646
1830646420,2142890311,2021-07-30 00:00:00,127,0.9071428571428573,1,1.4045008395031535,0.2678724585507717,0.2006706954621511,-2.587299832150836,0.069718750098521,-0.0749149266779412,-1.1262647368826268
1830646420,2143002309,2021-07-30 00:00:00,126,0.9,1,1.4045008395031535,0.2678724585507717,0.2006706954621511,-2.6069192869524085,-0.0202920649036797,-0.0785415505083353,-0.179563670610185
1582829548,2142911275,2021-07-30 00:00:00,145,0.4588607594936709,0,1.577173124214214,0.1113770635167326,0.4519851237430574,-2.5859538207703374,0.0431715574421884,-0.155895922127744,-2.071695569565181
1582829548,2116182225,2021-07-30 00:00:00,139,0.439873417721519,0,1.577173124214214,0.1113770635167326,0.4519851237430574,-3.4405998734027103,0.1946537969965445,-0.3162220612744164,-0.3204614724052401
1582829548,2142869226,2021-07-30 00:00:00,138,0.4367088607594936,0,1.577173124214214,0.1113770635167326,0.4519851237430574,-2.5825538015071268,0.0727527252379762,-0.227903576168563,-1.9984756937068424
1582829548,2142865418,2021-07-30 00:00:00,135,0.4272151898734177,0,1.577173124214214,0.1113770635167326,0.4519851237430574,-2.837136014929474,-0.0637593872093029,-0.0315185970507485,-1.2226483447119492
1582829548,2143015613,2021-07-30 00:00:00,135,0.4272151898734177,0,1.577173124214214,0.1113770635167326,0.4519851237430574,-2.518051685342622,0.0949232672644875,-0.2150939048897697,-1.940372014169342
1484263527,2143015613,2021-07-31 00:00:00,145,0.4865771812080537,0,-1.226400941910345,2.8330470030278514,-3.006782109740576,-2.552346151513566,0.0607084302818008,-0.1686584020786625,-1.7794077682515166
1484263527,2142865418,2021-07-31 00:00:00,136,0.4563758389261745,0,-1.226400941910345,2.8330470030278514,-3.006782109740576,-2.8383864755498505,-0.040471928764334,-0.058927207731303,-1.1809597526551665
1484263527,2142890311,2021-07-31 00:00:00,133,0.4463087248322148,0,-1.226400941910345,2.8330470030278514,-3.006782109740576,-2.62703456842134,0.0561956220667005,-0.0319962769540769,-1.043148744154907
1484263527,2142869226,2021-07-31 00:00:00,128,0.4295302013422818,0,-1.226400941910345,2.8330470030278514,-3.006782109740576,-2.598209205910209,0.0394673200599293,-0.1961282694819317,-1.6596468323754363
1599852704,2142911275,2021-07-31 00:00:00,187,0.3315602836879432,0,-1.5287116705299215,2.2152799573775743,-0.0080321716972644,-2.5698549809524263,0.0678156442105217,-0.1829946175630947,-1.27411444101676
1599852704,2142890311,2021-07-31 00:00:00,152,0.2695035460992908,0,-1.5287116705299215,2.2152799573775743,-0.0080321716972644,-2.62703456842134,0.0561956220667005,-0.0319962769540769,-1.043148744154907
1599852704,2116182225,2021-07-31 00:00:00,150,0.2659574468085106,0,-1.5287116705299215,2.2152799573775743,-0.0080321716972644,-3.4577883356179555,0.1783513979684268,-0.2959692288882696,-0.2903197933683614
1396809281,2116182225,2021-07-31 00:00:00,140,0.3713527851458886,0,-0.5984957607506608,0.673375121114407,-2.024154960839761,-3.4577883356179555,0.1783513979684268,-0.2959692288882696,-0.2903197933683614
1396809281,2142865418,2021-07-31 00:00:00,137,0.363395225464191,0,-0.5984957607506608,0.673375121114407,-2.024154960839761,-2.8383864755498505,-0.040471928764334,-0.058927207731303,-1.1809597526551665
1396809281,2142877002,2021-07-31 00:00:00,133,0.3527851458885941,0,-0.5984957607506608,0.673375121114407,-2.024154960839761,-2.714661509418382,-0.0232759469128085,-0.1081016876431064,-0.0023290644366369
1396809281,2142890311,2021-07-31 00:00:00,133,0.3527851458885941,0,-0.5984957607506608,0.673375121114407,-2.024154960839761,-2.62703456842134,0.0561956220667005,-0.0319962769540769,-1.043148744154907
2044083091,1583814353,2021-08-01 00:00:00,40,0.4166666666666667,0,-0.9885614451177752,0.0166919902416751,0.555277386336825,-3.3114590476899157,0.317258350303979,-0.2469570257939786,-0.4617862297862221
1392197125,2142869226,2021-08-01 00:00:00,150,0.4424778761061947,0,1.878950535410369,-0.8159116269618107,2.961830721878309,-2.626253109580559,-0.0530622023375344,-0.0611624406957123,-1.5950199552937736
1392197125,2142911275,2021-08-01 00:00:00,145,0.4277286135693215,0,1.878950535410369,-0.8159116269618107,2.961830721878309,-2.562302743232214,0.037752750467221,-0.1370052364060026,-0.9550767569093112
1392197125,2142890311,2021-08-01 00:00:00,144,0.4247787610619469,0,1.878950535410369,-0.8159116269618107,2.961830721878309,-2.597084356980605,0.0589593506939856,-0.0191433228384756,-0.8523279854945525
1392197125,2142865418,2021-08-01 00:00:00,144,0.4247787610619469,0,1.878950535410369,-0.8159116269618107,2.961830721878309,-2.754698250600419,0.056011593784413,-0.2031950773173427,-1.2331894418413256
1459247515,2142869226,2021-08-01 00:00:00,130,0.4727272727272727,0,0.7365484493338337,0.534423910321671,0.9162907318741552,-2.626253109580559,-0.0530622023375344,-0.0611624406957123,-1.5950199552937736
1459247515,1469695839,2021-08-01 00:00:00,127,0.4618181818181818,0,0.7365484493338337,0.534423910321671,0.9162907318741552,-1.3409237385516777,-0.0715378967948858,0.0962123279111164,-0.326110679076983
1459247515,2142890311,2021-08-01 00:00:00,122,0.4436363636363636,0,0.7365484493338337,0.534423910321671,0.9162907318741552,-2.597084356980605,0.0589593506939856,-0.0191433228384756,-0.8523279854945525
1459247515,2116182225,2021-08-01 00:00:00,121,0.44,0,0.7365484493338337,0.534423910321671,0.9162907318741552,-3.484564255329309,0.1072960004849896,-0.2238808680818671,-0.0692040555470665
443820783,80049,2021-08-01 00:00:00,33,0.4714285714285714,0,,,0.6931471805599453,0.9736183018219036,0.6982318260694527,0.0,0.3136575588550419
443820783,243229,2021-08-01 00:00:00,30,0.4285714285714285,0,,,0.6931471805599453,1.878950535410369,,1.0986122886681098,-4.727387818712341
443820783,205902,2021-08-01 00:00:00,30,0.4285714285714285,0,,,0.6931471805599453,1.878950535410369,,0.6931471805599453,0.0
443820783,195,2021-08-01 00:00:00,28,0.4,0,,,0.6931471805599453,-3.052961849382268,-0.2874718887517491,0.3929397578416971,0.0127998863109421
443820783,521418939,2021-08-01 00:00:00,28,0.4,0,,,0.6931471805599453,0.2753864757524508,-0.4611619735813828,0.5596157879354227,-0.2876820724517808
443820783,42756,2021-08-01 00:00:00,28,0.4,0,,,0.6931471805599453,-0.7226353672783636,,3.8501476017100575,-5.730099782973574
443820783,256353,2021-08-01 00:00:00,28,0.4,0,,,0.6931471805599453,1.878950535410369,0.3341311905501978,-0.4054651081081645,-0.6931471805599453
2124978826,2116182225,2021-08-02 00:00:00,123,0.7987012987012987,1,0.6346318315209987,1.1607859062518209,-2.302585092994045,-3.53218024773956,0.0365672459195853,-0.1964968394798667,-0.0364816038349182
2124978826,2122399466,2021-08-02 00:00:00,123,0.7987012987012987,1,0.6346318315209987,1.1607859062518209,-2.302585092994045,-2.91034837018419,0.0856743215096127,-0.1647704688179985,0.1887836148220447
2124978826,2122397525,2021-08-02 00:00:00,120,0.7792207792207793,1,0.6346318315209987,1.1607859062518209,-2.302585092994045,-2.6191195188006,0.0661971743343494,-0.1770735647019403,0.2123637128263427
2124978826,2142865418,2021-08-02 00:00:00,119,0.7727272727272727,1,0.6346318315209987,1.1607859062518209,-2.302585092994045,-2.7572717663952138,0.0513928441494289,-0.1980637838884611,-1.2039506605909498
2124978826,2142890311,2021-08-02 00:00:00,117,0.7597402597402597,1,0.6346318315209987,1.1607859062518209,-2.302585092994045,-2.6953840839314416,-0.0526336551156885,0.1598376359961957,-0.7058787493270398
2124978826,2122725237,2021-08-02 00:00:00,117,0.7597402597402597,1,0.6346318315209987,1.1607859062518209,-2.302585092994045,-2.5867007557796096,-0.0146086916073677,-0.0664706923798572,1.1631508098056809
2124978826,2142879863,2021-08-02 00:00:00,117,0.7597402597402597,1,0.6346318315209987,1.1607859062518209,-2.302585092994045,-2.616228557477169,-0.0562663949223747,-0.0208967553242445,0.0688232218131199
2124978826,2144040670,2021-08-02 00:00:00,116,0.7532467532467533,1,0.6346318315209987,1.1607859062518209,-2.302585092994045,-2.548438260420416,-0.0131509228191037,-0.0730520648760677,-5.092727182814728
2124978826,2142869398,2021-08-02 00:00:00,116,0.7532467532467533,1,0.6346318315209987,1.1607859062518209,-2.302585092994045,-2.778293642196294,-0.1968811759970061,0.2431523669507207,-0.6406281627365313
1359558016,2142911275,2021-08-02 00:00:00,142,0.2103703703703703,0,1.02504517764697,0.5541341517670308,-2.668185602538282,-2.604002851016571,-0.0304472532567414,-0.0564147695006056,-0.6136702437643011
1359558016,2142890311,2021-08-02 00:00:00,132,0.1955555555555555,0,1.02504517764697,0.5541341517670308,-2.668185602538282,-2.6953840839314416,-0.0526336551156885,0.1598376359961957,-0.7058787493270398
1359558016,2142877002,2021-08-02 00:00:00,132,0.1955555555555555,0,1.02504517764697,0.5541341517670308,-2.668185602538282,-2.75009495820884,-0.0622671426098229,-0.036486557870587,-0.5047873632189086
1359558016,2142878670,2021-08-02 00:00:00,132,0.1955555555555555,0,1.02504517764697,0.5541341517670308,-2.668185602538282,-2.627353548548939,-0.0598143604468326,-0.0172834197142499,-0.1080863257955719
1359558016,2142879863,2021-08-02 00:00:00,132,0.1955555555555555,0,1.02504517764697,0.5541341517670308,-2.668185602538282,-2.616228557477169,-0.0562663949223747,-0.0208967553242445,0.0688232218131199
127265,19030,2021-08-03 00:00:00,590,0.6719817767653758,1,-0.6510042495736197,0.5200600153979098,-0.703278979490352,-0.4348283813263912,0.2988650661056252,-0.5703949221902498,-0.7205461547480594
127265,32727,2021-08-03 00:00:00,589,0.6708428246013668,1,-0.6510042495736197,0.5200600153979098,-0.703278979490352,-0.2793554218595372,0.4888704999036082,-0.6282156548977644,-0.6877271130906069
127265,55820,2021-08-03 00:00:00,588,0.6697038724373576,1,-0.6510042495736197,0.5200600153979098,-0.703278979490352,-0.4460460948075687,0.5353548853313714,-0.644705792770262,-0.4772795012747863
127265,32720,2021-08-03 00:00:00,587,0.6685649202733486,1,-0.6510042495736197,0.5200600153979098,-0.703278979490352,-0.5053983061940981,0.3538927814324087,-0.5827315900464649,-0.4681078940808367
127265,105843,2021-08-03 00:00:00,586,0.6674259681093394,1,-0.6510042495736197,0.5200600153979098,-0.703278979490352,-0.2969580328826933,0.4265934538634533,-0.6756540231124282,-0.9063650920741856
1457691200,2142911275,2021-08-04 00:00:00,131,0.8451612903225807,1,0.7365484493338337,0.8276831631387631,0.3184537311185349,-2.6985610550626493,-0.1211327397583272,0.0881749619740741,-0.6474589963885169
1457691200,2142879863,2021-08-04 00:00:00,130,0.8387096774193549,1,0.7365484493338337,0.8276831631387631,0.3184537311185349,-2.704376287471061,-0.1374824698643855,0.1117973764047022,0.2790511832525055
1457691200,2143015613,2021-08-04 00:00:00,129,0.832258064516129,1,0.7365484493338337,0.8276831631387631,0.3184537311185349,-2.6338238205767297,-0.0764709900739046,0.0656650813942771,-1.5948459848969776
1457691200,2142869226,2021-08-04 00:00:00,128,0.8258064516129032,1,0.7365484493338337,0.8276831631387631,0.3184537311185349,-2.738275183842878,-0.1516348044842672,0.0686530244148606,-0.8629085426803815
1421368948,510348278,2021-08-04 00:00:00,86,0.245014245014245,0,-2.0686067608984438,1.9483799963065704,-1.8499039236319,-0.5385658993332462,-0.0183979159912195,-0.0696799206379896,0.0849567224759653
1881222885,109519,2021-08-05 00:00:00,12,0.3428571428571428,0,-0.1107584333882482,1.5076012922543516,-0.6931471805599454,-1.1761821163830812,-0.1249073313352437,0.0103704633116317,-0.3195339688758638
1944201069,671804639,2021-08-09 00:00:00,393,0.4937185929648241,0,0.4086148944656891,-0.4118356387828994,-1.0823517677963297,-3.6161205053215535,-0.318403504628276,0.6463679838521799,-0.1827085644007198
1855153651,2143015613,2021-08-09 00:00:00,134,0.7127659574468085,1,1.3077494923721014,0.1580465683253797,0.6931471805599452,-2.6768523047458173,-0.1460068017055587,0.1598299797841793,-1.0810062000930607
1855153651,2142926031,2021-08-09 00:00:00,132,0.7021276595744681,1,1.3077494923721014,0.1580465683253797,0.6931471805599452,-2.7417732780640853,-0.2092169745900403,0.2268755096836514,-2.583997552432231
1855153651,2122450336,2021-08-09 00:00:00,132,0.7021276595744681,1,1.3077494923721014,0.1580465683253797,0.6931471805599452,-2.8887929558630927,-0.3378991594129448,0.382582799746876,-0.812255246223363
1855153651,2123493281,2021-08-09 00:00:00,132,0.7021276595744681,1,1.3077494923721014,0.1580465683253797,0.6931471805599452,-2.8322277868731898,-0.207469457277643,0.2372512188248894,-0.5641169208162138
1855153651,2142911275,2021-08-09 00:00:00,132,0.7021276595744681,1,1.3077494923721014,0.1580465683253797,0.6931471805599452,-2.7039853026007634,-0.0967796834410563,0.0758664285554004,-0.522505004497904
1855153651,2116182225,2021-08-09 00:00:00,131,0.6968085106382979,1,1.3077494923721014,0.1580465683253797,0.6931471805599452,-3.471696463257876,-0.0644647632014616,-0.0554770371090693,-0.1098529484302694
1855153651,2142890311,2021-08-09 00:00:00,131,0.6968085106382979,1,1.3077494923721014,0.1580465683253797,0.6931471805599452,-3.0039580261648178,-0.4810513666214788,0.6651745000065414,-1.3611034808504376
1611330704,2142890311,2021-08-13 00:00:00,128,0.6274509803921569,1,0.707071027543242,0.4928803326757779,-1.640528499504132,-2.912887124351259,-0.325587292200423,0.4956516336999232,-1.9483336582693689
1611330704,2142865418,2021-08-13 00:00:00,123,0.6029411764705882,1,0.707071027543242,0.4928803326757779,-1.640528499504132,-2.870479511923133,-0.0333434969936585,0.1432566493512688,-1.0930061072015107
1611330704,2142869226,2021-08-13 00:00:00,123,0.6029411764705882,1,0.707071027543242,0.4928803326757779,-1.640528499504132,-2.7463900195718858,-0.163836218064759,0.3111374364278507,-0.9922064284314188
1611330704,2142911275,2021-08-13 00:00:00,120,0.5882352941176471,1,0.707071027543242,0.4928803326757779,-1.640528499504132,-2.723701899490373,-0.137748078720036,0.2939413582474781,-0.8765274987021421
468214,469734,2021-08-15 00:00:00,20,0.6896551724137931,1,,,0.6931471805599453,1.878950535410369,,0.6931471805599453,0.0
468214,469059,2021-08-15 00:00:00,20,0.6896551724137931,1,,,0.6931471805599453,1.878950535410369,,0.6931471805599453,0.0
468214,63840499,2021-08-15 00:00:00,20,0.6896551724137931,1,,,0.6931471805599453,1.878950535410369,0.0,-0.4054651081081645,0.0
626327313,469343,2021-08-16 00:00:00,20,0.7142857142857143,1,1.878950535410369,0.0,0.0,1.878950535410369,,0.6931471805599453,0.6931471805599453
626327313,518078710,2021-08-16 00:00:00,20,0.7142857142857143,1,1.878950535410369,0.0,0.0,1.5448193448601713,-0.3341311905501978,0.4054651081081645,0.0
626327313,39494,2021-08-16 00:00:00,20,0.7142857142857143,1,1.878950535410369,0.0,0.0,0.3946932843466038,0.7469993150915778,-1.1217921344471034,1.952239284106961
626327313,90542309,2021-08-16 00:00:00,20,0.7142857142857143,1,1.878950535410369,0.0,0.0,1.878950535410369,0.0,0.0,1.0986122886681098
1478241308,1392134357,2021-08-16 00:00:00,239,0.2239925023430178,0,1.104274037656788,-0.2054170309110503,0.218088780652585,-1.71266360693223,0.4890936289895549,-0.7636351320425483,-0.5286741342991927
427209,218669,2021-08-22 00:00:00,28,0.0478632478632478,0,0.561082770971161,0.5083058821001445,-0.8947845266531917,-0.839108132047725,0.2177769620530444,-0.2720542627684601,0.2479663314066735
427209,41873,2021-08-22 00:00:00,26,0.0444444444444444,0,0.561082770971161,0.5083058821001445,-0.8947845266531917,-1.865732378667209,0.1233618653332411,0.0500028412283786,0.5683297883791472
94196,1734,2021-08-28 00:00:00,3,0.125,0,-1.7042896953034643,1.403131771576522,-1.1255197415880345,-0.0324420013557331,0.0861317047036314,-0.0568164750436608,-0.0829662977958207
94196,48,2021-08-28 00:00:00,3,0.125,0,-1.7042896953034643,1.403131771576522,-1.1255197415880345,0.384164831339542,-0.1677856592205583,0.0616441631112065,0.3694327224704734
152720,80049,2021-08-31 00:00:00,31,0.2198581560283688,0,,,0.6931471805599453,0.4140246307516502,-0.1554582233070844,0.1910552367627094,-0.4274440148269396
152720,39339,2021-08-31 00:00:00,30,0.2127659574468085,0,,,0.6931471805599453,0.5209521850276706,0.3290126842795617,-0.4054651081081646,-0.3305198380939176
152720,162882,2021-08-31 00:00:00,30,0.2127659574468085,0,,,0.6931471805599453,0.6053345394486416,0.4029632294588169,-0.5108256237659909,-0.0870113769896296
152720,985,2021-08-31 00:00:00,29,0.2056737588652482,0,,,0.6931471805599453,0.7300696853790477,0.2426511056536847,0.0685812641545302,1.3240520522426693
152720,127580,2021-08-31 00:00:00,29,0.2056737588652482,0,,,0.6931471805599453,1.878950535410369,0.0,0.0,-0.1335313926245225
152720,1204,2021-08-31 00:00:00,29,0.2056737588652482,0,,,0.6931471805599453,1.1568460583773257,0.5378205209776359,-1.882928856366348,-3.1484533605716547
1396885913,2129632899,2021-08-31 00:00:00,191,0.6541095890410958,1,0.7918941191671132,0.6005515508110433,-1.945910149055313,-2.799789713306155,-0.0757426864538683,0.0579854799752812,2.8514752649484576
1396885913,2116182225,2021-08-31 00:00:00,179,0.613013698630137,1,0.7918941191671132,0.6005515508110433,-1.945910149055313,-3.2080553017583004,0.0020750445969208,-0.0446612524637135,0.9285593290483032
1396885913,2122450336,2021-08-31 00:00:00,176,0.6027397260273972,1,0.7918941191671132,0.6005515508110433,-1.945910149055313,-2.827909923789367,-0.0371900090231411,-0.0073394824880459,1.9578610821552465
1396885913,2123295900,2021-08-31 00:00:00,172,0.589041095890411,1,0.7918941191671132,0.6005515508110433,-1.945910149055313,-2.711239550877589,0.0150108926995908,-0.0611408962042663,3.698269194463776
1396885913,1392108845,2021-08-31 00:00:00,151,0.5171232876712328,1,0.7918941191671132,0.6005515508110433,-1.945910149055313,-1.8062228256883892,0.285927456218032,-0.2343857728877942,0.4107616654186365
1396885913,1392134357,2021-08-31 00:00:00,148,0.5068493150684932,1,0.7918941191671132,0.6005515508110433,-1.945910149055313,-1.9145740651258087,-0.1613636644265725,0.3613411779861613,1.594871909766706
1396885913,878445230,2021-08-31 00:00:00,144,0.4931506849315068,0,0.7918941191671132,0.6005515508110433,-1.945910149055313,-0.9148848608089094,0.4093060764044548,-0.3657474604929964,-0.6139513803135932
1397026801,671804639,2021-09-01 00:00:00,36,0.4137931034482758,0,0.6293698939025172,0.5785457103215725,-3.0396680592586245,-3.940480936067348,-0.3572756457649007,0.1112884268301108,0.0632245614082407
1397026801,1392117675,2021-09-01 00:00:00,35,0.4022988505747126,0,0.6293698939025172,0.5785457103215725,-3.0396680592586245,-2.395776525999479,-0.01965115382988,0.0798403645393595,0.6316190198215033
1397026801,1392108845,2021-09-01 00:00:00,34,0.3908045977011494,0,0.6293698939025172,0.5785457103215725,-3.0396680592586245,-1.7467516419474214,0.3076292623712329,-0.2270945639608896,0.4272570945712495
1397026801,1392108840,2021-09-01 00:00:00,33,0.3793103448275862,0,0.6293698939025172,0.5785457103215725,-3.0396680592586245,-3.388532909541909,-0.4361122792780363,0.4491088734391972,-0.2755790502805375
1397026801,1392866464,2021-09-01 00:00:00,33,0.3793103448275862,0,0.6293698939025172,0.5785457103215725,-3.0396680592586245,-0.7231592491715061,-0.6841199674993448,0.3404602777991687,0.8567362011175641
1352540267,328059628,2021-09-01 00:00:00,408,0.1127694859038142,0,-1.7850432023329517,2.202398586059616,-2.1404505571200696,-0.1927516170605291,-0.0035365237158448,-0.2735157054697996,0.0875980593179859
1352540267,2116182225,2021-09-01 00:00:00,238,0.0657822001105583,0,-1.7850432023329517,2.202398586059616,-2.1404505571200696,-3.179713517212704,0.0140751820772524,-0.0559874131895199,1.2189336672396731
204615,295098981,2021-09-02 00:00:00,17,0.7727272727272727,1,,,1.791759469228055,1.71188494013527,,1.3862943611198906,0.0
204615,55829,2021-09-02 00:00:00,17,0.7727272727272727,1,,,1.791759469228055,1.577173124214214,-0.3017774111961551,1.252762968495368,0.6931471805599453
204615,58871843,2021-09-02 00:00:00,17,0.7727272727272727,1,,,1.791759469228055,1.5448193448601713,,1.0986122886681098,0.0
204615,294929952,2021-09-02 00:00:00,17,0.7727272727272727,1,,,1.791759469228055,1.878950535410369,0.0,-0.4054651081081645,0.0
204615,469330,2021-09-02 00:00:00,17,0.7727272727272727,1,,,1.791759469228055,2.0965165198562925,0.2175659844459234,0.6931471805599453,0.6931471805599453
204615,206589,2021-09-02 00:00:00,17,0.7727272727272727,1,,,1.791759469228055,1.71188494013527,,1.3862943611198906,0.0
204615,310204595,2021-09-02 00:00:00,17,0.7727272727272727,1,,,1.791759469228055,1.7675734718936364,,1.6094379124341005,0.0
204615,53740852,2021-09-02 00:00:00,17,0.7727272727272727,1,,,1.791759469228055,1.656196408376904,,1.791759469228055,0.0
204615,95704020,2021-09-02 00:00:00,17,0.7727272727272727,1,,,1.791759469228055,1.878950535410369,,1.3862943611198906,0.0
204615,223746593,2021-09-02 00:00:00,17,0.7727272727272727,1,,,1.791759469228055,1.878950535410369,0.0,0.0,1.0986122886681098
204615,83644974,2021-09-02 00:00:00,16,0.7272727272727273,1,,,1.791759469228055,1.878950535410369,-0.0505003891708246,-0.4054651081081645,0.6931471805599453
204615,556135388,2021-09-02 00:00:00,16,0.7272727272727273,1,,,1.791759469228055,1.878950535410369,,1.6094379124341005,-0.6931471805599453
241017,208512,2021-09-03 00:00:00,17,0.7083333333333334,1,0.6394871112717054,1.2562968871956053,-0.5877866649021193,1.878950535410369,0.3341311905501978,0.2876820724517808,0.0
241017,200785478,2021-09-03 00:00:00,16,0.6666666666666666,1,0.6394871112717054,1.2562968871956053,-0.5877866649021193,1.9042007299957813,,1.9459101490553128,0.0
241017,470495,2021-09-03 00:00:00,16,0.6666666666666666,1,0.6394871112717054,1.2562968871956053,-0.5877866649021193,1.71188494013527,,1.3862943611198906,0.0
241017,78980,2021-09-03 00:00:00,16,0.6666666666666666,1,0.6394871112717054,1.2562968871956053,-0.5877866649021193,1.4657960606974811,-0.4131544747128879,1.3862943611198904,0.0
241017,294929788,2021-09-03 00:00:00,16,0.6666666666666666,1,0.6394871112717054,1.2562968871956053,-0.5877866649021193,1.656196408376904,-0.2227541270334649,1.0986122886681096,0.0
241017,202733,2021-09-03 00:00:00,16,0.6666666666666666,1,0.6394871112717054,1.2562968871956053,-0.5877866649021193,1.878950535410369,0.0,0.6931471805599453,0.0
241017,311133281,2021-09-03 00:00:00,16,0.6666666666666666,1,0.6394871112717054,1.2562968871956053,-0.5877866649021193,1.6561964083769036,-0.0556885317583664,0.4054651081081644,0.0
241017,199077,2021-09-03 00:00:00,15,0.625,1,0.6394871112717054,1.2562968871956053,-0.5877866649021193,1.878950535410369,0.167065595275099,-0.2876820724517808,0.0
241017,190671,2021-09-03 00:00:00,15,0.625,1,0.6394871112717054,1.2562968871956053,-0.5877866649021193,1.6272549665366185,,1.9459101490553128,0.0
241017,468949,2021-09-03 00:00:00,15,0.625,1,0.6394871112717054,1.2562968871956053,-0.5877866649021193,1.878950535410369,,1.0986122886681098,0.0
241017,279584449,2021-09-03 00:00:00,15,0.625,1,0.6394871112717054,1.2562968871956053,-0.5877866649021193,1.878950535410369,0.0,-0.4054651081081645,0.6931471805599453
443783,283019,2021-09-04 00:00:00,70,0.5833333333333334,1,1.3077494923721014,0.3108507161045462,-0.1541506798272582,1.3077494923721014,0.0,0.0,-1.3862943611198906
443783,429648,2021-09-04 00:00:00,69,0.575,1,1.3077494923721014,0.3108507161045462,-0.1541506798272582,1.593350013891235,0.2856005215191339,-0.6931471805599456,0.0
443783,94283,2021-09-04 00:00:00,69,0.575,1,1.3077494923721014,0.3108507161045462,-0.1541506798272582,1.3077494923721014,0.0,-0.5596157879354227,0.5596157879354227
443783,317098,2021-09-04 00:00:00,68,0.5666666666666667,1,1.3077494923721014,0.3108507161045462,-0.1541506798272582,1.1540288345116403,-0.1537206578604608,1.1786549963416462,-0.5596157879354227
443783,135038,2021-09-04 00:00:00,68,0.5666666666666667,1,1.3077494923721014,0.3108507161045462,-0.1541506798272582,1.3077494923721014,-0.5712010430382677,0.6931471805599453,6.152732694704104
443783,149392211,2021-09-04 00:00:00,68,0.5666666666666667,1,1.3077494923721014,0.3108507161045462,-0.1541506798272582,1.3077494923721014,,1.9459101490553128,0.5596157879354227
443783,387293,2021-09-04 00:00:00,67,0.5583333333333333,1,1.3077494923721014,0.3108507161045462,-0.1541506798272582,1.3077494923721014,,1.3862943611198906,-1.3862943611198906
443783,311767,2021-09-04 00:00:00,67,0.5583333333333333,1,1.3077494923721014,0.3108507161045462,-0.1541506798272582,1.3077494923721014,-0.0790232841626901,0.1053605156578263,0.0
94792,88772,2021-09-05 00:00:00,47,0.3405797101449275,0,,,0.6931471805599453,1.7675734718936364,-0.1618774526875572,0.5108256237659905,-1.3862943611198906
94792,125161,2021-09-05 00:00:00,45,0.3260869565217391,0,,,0.6931471805599453,1.878950535410369,,0.6931471805599453,0.6931471805599453
94792,123696,2021-09-05 00:00:00,44,0.3188405797101449,0,,,0.6931471805599453,1.878950535410369,0.0,-0.4054651081081645,0.0
94792,141336,2021-09-05 00:00:00,43,0.3115942028985507,0,,,0.6931471805599453,1.878950535410369,,1.0986122886681098,0.0
94792,274730300,2021-09-05 00:00:00,43,0.3115942028985507,0,,,0.6931471805599453,0.2589028994649585,-0.2470645630781838,0.2876820724517808,3.1354942159291497
94792,433166,2021-09-05 00:00:00,43,0.3115942028985507,0,,,0.6931471805599453,0.4574367935120781,0.0879998882471545,-0.0870113769896296,3.1354942159291497
94792,195828,2021-09-05 00:00:00,43,0.3115942028985507,0,,,0.6931471805599453,0.5356223067144193,-0.0148517054049106,0.0289875368732519,1.0414538748281612
94792,165933,2021-09-05 00:00:00,43,0.3115942028985507,0,,,0.6931471805599453,1.878950535410369,,0.6931471805599453,0.0
94792,22762,2021-09-05 00:00:00,43,0.3115942028985507,0,,,0.6931471805599453,1.4395723079009692,0.0968370761631149,-0.154150679827258,2.3353749158170363
94792,140581,2021-09-05 00:00:00,43,0.3115942028985507,0,,,0.6931471805599453,0.8572406437504569,0.1574472454694764,0.0246926125903717,2.2686835413183646
469200,161993,2021-09-06 00:00:00,22,0.8148148148148148,1,,,1.3862943611198906,1.593350013891235,,1.6094379124341005,0.6931471805599453
469200,83983,2021-09-06 00:00:00,22,0.8148148148148148,1,,,1.3862943611198906,1.5448193448601713,,1.0986122886681098,0.0
469200,133412,2021-09-06 00:00:00,21,0.7777777777777778,1,,,1.3862943611198906,1.878950535410369,3.368093235903997,-4.394449154672438,0.0
469200,206589,2021-09-06 00:00:00,21,0.7777777777777778,1,,,1.3862943611198906,1.71188494013527,,1.3862943611198906,0.0
469200,468949,2021-09-06 00:00:00,21,0.7777777777777778,1,,,1.3862943611198906,1.878950535410369,,1.0986122886681098,0.0
469200,469818,2021-09-06 00:00:00,21,0.7777777777777778,1,,,1.3862943611198906,1.878950535410369,0.0,-0.4054651081081645,0.0
469200,470406,2021-09-06 00:00:00,21,0.7777777777777778,1,,,1.3862943611198906,1.878950535410369,,1.3862943611198906,-0.6931471805599453
469200,470137,2021-09-06 00:00:00,21,0.7777777777777778,1,,,1.3862943611198906,1.878950535410369,0.0,0.6931471805599453,0.0
469200,469725,2021-09-06 00:00:00,21,0.7777777777777778,1,,,1.3862943611198906,1.593350013891235,-0.7207324904109806,0.5108256237659905,0.0
150194,150459,2021-09-09 00:00:00,19,0.3653846153846153,0,0.5440695723274368,0.6877326033030976,-0.6044190649512609,-2.8048115081162828,0.0705805198918798,0.3067442332202361,0.0
150194,52918,2021-09-09 00:00:00,18,0.3461538461538461,0,0.5440695723274368,0.6877326033030976,-0.6044190649512609,-3.796358033315256,-0.1324287260312586,1.546720274448547,0.0
150194,85262,2021-09-09 00:00:00,17,0.3269230769230769,0,0.5440695723274368,0.6877326033030976,-0.6044190649512609,1.3077494923721014,-0.5712010430382677,1.252762968495368,0.0
75863760,294929720,2021-09-09 00:00:00,20,0.8,1,1.3077494923721014,0.5712010430382677,-0.6931471805599453,1.3077494923721014,-0.5712010430382677,0.6931471805599453,0.0
75863760,778893755,2021-09-09 00:00:00,19,0.76,1,1.3077494923721014,0.5712010430382677,-0.6931471805599453,1.878950535410369,,0.6931471805599453,0.6931471805599453
75863760,199378,2021-09-09 00:00:00,19,0.76,1,1.3077494923721014,0.5712010430382677,-0.6931471805599453,1.878950535410369,0.0,0.0,0.0
75863760,513294614,2021-09-09 00:00:00,19,0.76,1,1.3077494923721014,0.5712010430382677,-0.6931471805599453,1.878950535410369,,0.6931471805599453,0.6931471805599453
75863760,956169525,2021-09-09 00:00:00,19,0.76,1,1.3077494923721014,0.5712010430382677,-0.6931471805599453,1.5014071820997432,,1.791759469228055,1.3862943611198906
75863760,470279,2021-09-09 00:00:00,19,0.76,1,1.3077494923721014,0.5712010430382677,-0.6931471805599453,1.878950535410369,0.3341311905501978,-0.4054651081081645,0.0
75863760,220753,2021-09-09 00:00:00,19,0.76,1,1.3077494923721014,0.5712010430382677,-0.6931471805599453,1.5448193448601713,-0.1670655952750988,-0.2876820724517808,0.0
75863760,269577492,2021-09-09 00:00:00,19,0.76,1,1.3077494923721014,0.5712010430382677,-0.6931471805599453,1.878950535410369,0.167065595275099,-0.6931471805599453,0.0
75863760,199271,2021-09-09 00:00:00,19,0.76,1,1.3077494923721014,0.5712010430382677,-0.6931471805599453,1.878950535410369,0.3341311905501978,-0.4054651081081645,0.0
484787442,469201,2021-09-09 00:00:00,19,0.76,1,,,1.0986122886681098,1.878950535410369,0.0145897341858927,-1.252762968495368,0.0
484787442,268343257,2021-09-09 00:00:00,18,0.72,1,,,1.0986122886681098,1.878950535410369,,0.6931471805599453,0.0
484787442,320593058,2021-09-09 00:00:00,17,0.68,1,,,1.0986122886681098,1.4262844186161363,-0.4526661167942327,1.0986122886681096,0.0
484787442,469943,2021-09-09 00:00:00,17,0.68,1,,,1.0986122886681098,1.878950535410369,0.4526661167942327,-1.0986122886681096,0.0
484787442,40950922,2021-09-09 00:00:00,17,0.68,1,,,1.0986122886681098,1.878950535410369,,0.6931471805599453,0.0
484787442,542937402,2021-09-09 00:00:00,17,0.68,1,,,1.0986122886681098,1.5448193448601713,-0.3341311905501978,0.4054651081081645,0.0
484787442,613783842,2021-09-09 00:00:00,17,0.68,1,,,1.0986122886681098,1.5448193448601713,-0.3341311905501978,0.4054651081081645,0.0
484787442,634957928,2021-09-09 00:00:00,17,0.68,1,,,1.0986122886681098,1.878950535410369,,0.6931471805599453,0.0
484787442,169567,2021-09-09 00:00:00,17,0.68,1,,,1.0986122886681098,1.878950535410369,0.0,0.0,1.0986122886681098
484787442,470137,2021-09-09 00:00:00,17,0.68,1,,,1.0986122886681098,1.878950535410369,0.0,0.0,0.0
484787442,34560,2021-09-09 00:00:00,17,0.68,1,,,1.0986122886681098,1.878950535410369,0.1113770635167326,-0.916290731874155,1.7047480922384253
83976,778893755,2021-09-10 00:00:00,20,0.7142857142857143,1,,,1.0986122886681098,1.878950535410369,,0.6931471805599453,0.6931471805599453
83976,322654723,2021-09-10 00:00:00,20,0.7142857142857143,1,,,1.0986122886681098,1.878950535410369,0.167065595275099,-0.6931471805599453,0.0
83976,407636919,2021-09-10 00:00:00,19,0.6785714285714286,1,,,1.0986122886681098,1.878950535410369,0.0,0.0,0.6931471805599453
83976,470769,2021-09-10 00:00:00,19,0.6785714285714286,1,,,1.0986122886681098,1.5448193448601713,,1.0986122886681098,0.0
83976,226132,2021-09-10 00:00:00,19,0.6785714285714286,1,,,1.0986122886681098,1.878950535410369,0.167065595275099,-0.6931471805599453,1.0986122886681098
83976,585247096,2021-09-10 00:00:00,19,0.6785714285714286,1,,,1.0986122886681098,1.878950535410369,0.4526661167942327,-1.0986122886681096,0.0
83976,470174,2021-09-10 00:00:00,19,0.6785714285714286,1,,,1.0986122886681098,1.878950535410369,0.2856005215191337,-0.916290731874155,0.0
83976,69963305,2021-09-10 00:00:00,19,0.6785714285714286,1,,,1.0986122886681098,1.878950535410369,0.133652476220079,-1.3862943611198904,1.0986122886681098
83976,242390690,2021-09-10 00:00:00,19,0.6785714285714286,1,,,1.0986122886681098,1.878950535410369,0.167065595275099,-0.6931471805599453,0.6931471805599453
83976,161993,2021-09-10 00:00:00,19,0.6785714285714286,1,,,1.0986122886681098,1.878950535410369,0.5712010430382677,-0.6931471805599453,0.6931471805599453
161686,178923,2021-09-14 00:00:00,103,0.5508021390374331,1,0.0580756990885542,0.8207146617381211,-1.7547181975477055,1.126683045654408,0.4871959343827027,0.9954280524328788,-0.9444616088408512
161686,22762,2021-09-14 00:00:00,103,0.5508021390374331,1,0.0580756990885542,0.8207146617381211,-1.7547181975477055,1.1255934456776526,-0.33645757055902,0.2231435513142101,-0.4519851237430576
161686,124360,2021-09-14 00:00:00,103,0.5508021390374331,1,0.0580756990885542,0.8207146617381211,-1.7547181975477055,1.0700364639436644,0.8780969631955555,0.3123746850421525,-0.6359887667199966
161686,165943,2021-09-14 00:00:00,102,0.5454545454545454,1,0.0580756990885542,0.8207146617381211,-1.7547181975477055,0.9993193022730328,-0.1691740425447,0.2513144282809061,-1.6094379124341005
161686,279900070,2021-09-14 00:00:00,102,0.5454545454545454,1,0.0580756990885542,0.8207146617381211,-1.7547181975477055,0.1139652763612674,-0.0355934375243108,0.1718502569266591,-0.5753641449035616
161686,189226,2021-09-14 00:00:00,102,0.5454545454545454,1,0.0580756990885542,0.8207146617381211,-1.7547181975477055,1.1266840346823543,0.8363128364453752,0.3939042857070882,-0.5108256237659905
314576171,236802857,2021-09-14 00:00:00,19,0.7916666666666666,1,1.878950535410369,0.0,0.0,1.878950535410369,0.0,-0.4054651081081645,0.6931471805599453
314576171,240470,2021-09-14 00:00:00,18,0.75,1,1.878950535410369,0.0,0.0,1.878950535410369,,1.0986122886681098,0.4054651081081645
41411,20845,2021-09-16 00:00:00,1147,0.2566569702394272,0,0.2936100401951195,0.6058094936871636,-1.515911854423276,1.0029608422412344,0.4232135548557917,-1.2514514928975575,-2.430685095621361
41411,985,2021-09-16 00:00:00,1121,0.2508391138957261,0,0.2936100401951195,0.6058094936871636,-1.515911854423276,-0.076119463483059,-0.543858685916915,0.5352767196301542,1.3064579028025562
41411,6030,2021-09-16 00:00:00,1087,0.2432311479078093,0,0.2936100401951195,0.6058094936871636,-1.515911854423276,0.6797050468996825,0.5083984436494369,-0.945489886566417,1.958584589952041
41411,41410,2021-09-16 00:00:00,1081,0.2418885656746475,0,0.2936100401951195,0.6058094936871636,-1.515911854423276,1.1128419663935656,0.1304856643835867,-1.405056637575414,-1.776491997097266
41411,16122,2021-09-16 00:00:00,1079,0.2414410382635936,0,0.2936100401951195,0.6058094936871636,-1.515911854423276,1.296059383978364,0.9061949307666616,-0.971860583028966,-1.5804503755608486
41411,2587,2021-09-16 00:00:00,1073,0.2400984560304318,0,0.2936100401951195,0.6058094936871636,-1.515911854423276,1.0066584109621457,0.3577939447493254,-0.8198988861990895,0.4328640822962786
2125841992,2129632899,2021-09-17 00:00:00,107,0.7697841726618705,1,0.6718408906257483,-0.1626216271888562,1.8115620965242347,-2.805715478522339,-0.0333025059551324,0.0343593560213726,0.1907543038684735
2125841992,465723,2021-09-17 00:00:00,107,0.7697841726618705,1,0.6718408906257483,-0.1626216271888562,1.8115620965242347,-0.1383462979737092,-0.2617813886201027,0.6611273693251736,0.233614851181505
2125841992,465053,2021-09-17 00:00:00,106,0.762589928057554,1,0.6718408906257483,-0.1626216271888562,1.8115620965242347,0.4970870198184784,-0.4256029378173315,1.8751410781671056,0.0
2125841992,216236901,2021-09-17 00:00:00,106,0.762589928057554,1,0.6718408906257483,-0.1626216271888562,1.8115620965242347,0.5099811453921138,-0.5750142199465224,2.12690807891876,0.0
2125841992,1019913114,2021-09-17 00:00:00,106,0.762589928057554,1,0.6718408906257483,-0.1626216271888562,1.8115620965242347,0.5184563770299081,-0.4501216065449812,1.945910149055313,0.0
2125841992,349516,2021-09-17 00:00:00,106,0.762589928057554,1,0.6718408906257483,-0.1626216271888562,1.8115620965242347,0.7295643016918671,-0.2764077794840789,1.8971199848858813,0.0
2125841992,349521,2021-09-17 00:00:00,105,0.7553956834532374,1,0.6718408906257483,-0.1626216271888562,1.8115620965242347,0.7229374513550805,-0.3793357632391155,1.998095902225884,0.0
2125841992,349533,2021-09-17 00:00:00,105,0.7553956834532374,1,0.6718408906257483,-0.1626216271888562,1.8115620965242347,0.7846520419153032,0.1793175024666616,1.8458266904983311,0.0
2125841992,445105,2021-09-17 00:00:00,105,0.7553956834532374,1,0.6718408906257483,-0.1626216271888562,1.8115620965242347,0.6618757959691323,-0.3233498778207858,2.3978952727983707,0.0
2125841992,445372,2021-09-17 00:00:00,105,0.7553956834532374,1,0.6718408906257483,-0.1626216271888562,1.8115620965242347,0.758634007505062,-0.2149842943168413,2.19722457733622,0.0
2125841992,349525,2021-09-17 00:00:00,104,0.7482014388489209,1,0.6718408906257483,-0.1626216271888562,1.8115620965242347,0.5719522240613207,-1.0842093661571304,2.4779379804719066,0.0
2125841992,349527,2021-09-17 00:00:00,104,0.7482014388489209,1,0.6718408906257483,-0.1626216271888562,1.8115620965242347,0.645338390116347,-0.3609068023019803,1.3237740041385568,1.9459101490553128
2043846719,465723,2021-09-17 00:00:00,71,0.8452380952380952,1,1.71188494013527,-0.0732490693795406,1.7047480922384255,-0.1383462979737092,-0.2617813886201027,0.6611273693251736,0.233614851181505
2043846719,216236901,2021-09-17 00:00:00,71,0.8452380952380952,1,1.71188494013527,-0.0732490693795406,1.7047480922384255,0.5099811453921138,-0.5750142199465224,2.12690807891876,0.0
2043846719,349533,2021-09-17 00:00:00,71,0.8452380952380952,1,1.71188494013527,-0.0732490693795406,1.7047480922384255,0.7846520419153032,0.1793175024666616,1.8458266904983311,0.0
2043846719,349514,2021-09-17 00:00:00,70,0.8333333333333334,1,1.71188494013527,-0.0732490693795406,1.7047480922384255,0.718987497128509,-0.4989886863064253,1.665007763588911,0.0
2043846719,349516,2021-09-17 00:00:00,70,0.8333333333333334,1,1.71188494013527,-0.0732490693795406,1.7047480922384255,0.7295643016918671,-0.2764077794840789,1.8971199848858813,0.0
2043846719,349525,2021-09-17 00:00:00,70,0.8333333333333334,1,1.71188494013527,-0.0732490693795406,1.7047480922384255,0.5719522240613207,-1.0842093661571304,2.4779379804719066,0.0
2043846719,1032568812,2021-09-17 00:00:00,70,0.8333333333333334,1,1.71188494013527,-0.0732490693795406,1.7047480922384255,0.6666140910742915,-0.1159772235068038,1.5081841787289276,0.0
2043846719,445372,2021-09-17 00:00:00,70,0.8333333333333334,1,1.71188494013527,-0.0732490693795406,1.7047480922384255,0.758634007505062,-0.2149842943168413,2.19722457733622,0.0
2043846719,349513,2021-09-17 00:00:00,69,0.8214285714285714,1,1.71188494013527,-0.0732490693795406,1.7047480922384255,0.6695466132987946,-0.6953280207922896,1.3196029866212182,-0.5596157879354227
2043846719,1019913114,2021-09-17 00:00:00,69,0.8214285714285714,1,1.71188494013527,-0.0732490693795406,1.7047480922384255,0.5184563770299081,-0.4501216065449812,1.945910149055313,0.0
2043846719,2125841992,2021-09-17 00:00:00,69,0.8214285714285714,1,1.71188494013527,-0.0732490693795406,1.7047480922384255,0.5092192634368921,-0.1626216271888562,1.8115620965242347,0.0
2043846719,2129632899,2021-09-17 00:00:00,69,0.8214285714285714,1,1.71188494013527,-0.0732490693795406,1.7047480922384255,-2.805715478522339,-0.0333025059551324,0.0343593560213726,0.1907543038684735
1949257220,465053,2021-09-17 00:00:00,68,0.5666666666666667,1,1.878950535410369,-0.328445346188758,2.159484249353373,0.4970870198184784,-0.4256029378173315,1.8751410781671056,0.0
1949257220,1019913114,2021-09-17 00:00:00,68,0.5666666666666667,1,1.878950535410369,-0.328445346188758,2.159484249353373,0.5184563770299081,-0.4501216065449812,1.945910149055313,0.0
1949257220,445532,2021-09-17 00:00:00,68,0.5666666666666667,1,1.878950535410369,-0.328445346188758,2.159484249353373,0.7259980038270323,-0.5357766492460664,1.7346010553881066,0.0
1949257220,349516,2021-09-17 00:00:00,68,0.5666666666666667,1,1.878950535410369,-0.328445346188758,2.159484249353373,0.7295643016918671,-0.2764077794840789,1.8971199848858813,0.0
1949257220,2129632899,2021-09-17 00:00:00,68,0.5666666666666667,1,1.878950535410369,-0.328445346188758,2.159484249353373,-2.805715478522339,-0.0333025059551324,0.0343593560213726,0.1907543038684735
1949257220,349525,2021-09-17 00:00:00,68,0.5666666666666667,1,1.878950535410369,-0.328445346188758,2.159484249353373,0.5719522240613207,-1.0842093661571304,2.4779379804719066,0.0
1949257220,349533,2021-09-17 00:00:00,68,0.5666666666666667,1,1.878950535410369,-0.328445346188758,2.159484249353373,0.7846520419153032,0.1793175024666616,1.8458266904983311,0.0
1949257220,445105,2021-09-17 00:00:00,67,0.5583333333333333,1,1.878950535410369,-0.328445346188758,2.159484249353373,0.6618757959691323,-0.3233498778207858,2.3978952727983707,0.0
1949257220,349512,2021-09-17 00:00:00,67,0.5583333333333333,1,1.878950535410369,-0.328445346188758,2.159484249353373,0.7479027208524316,0.1373570514210113,1.349926716949016,0.0
1949257220,465723,2021-09-17 00:00:00,67,0.5583333333333333,1,1.878950535410369,-0.328445346188758,2.159484249353373,-0.1383462979737092,-0.2617813886201027,0.6611273693251736,0.233614851181505
1949257220,349515,2021-09-17 00:00:00,67,0.5583333333333333,1,1.878950535410369,-0.328445346188758,2.159484249353373,0.665716962308361,-0.6805787718754241,1.7320402345264323,0.0
1949257220,2125841992,2021-09-17 00:00:00,67,0.5583333333333333,1,1.878950535410369,-0.328445346188758,2.159484249353373,0.5092192634368921,-0.1626216271888562,1.8115620965242347,0.0
1719390088,2129632899,2021-09-18 00:00:00,68,0.8292682926829268,1,1.7371351347206825,-0.0432916345959255,1.5260563034950494,-2.802244300534736,-0.0300043545002788,0.0298349322338733,0.1435471725925143
1719390088,445532,2021-09-18 00:00:00,67,0.8170731707317073,1,1.7371351347206825,-0.0432916345959255,1.5260563034950494,0.7259980038270323,-0.4319798656754713,1.4832866271072005,0.0
1719390088,1019913114,2021-09-18 00:00:00,67,0.8170731707317073,1,1.7371351347206825,-0.0432916345959255,1.5260563034950494,0.4979543256986686,-0.3290834766784073,1.55814461804655,0.0
1719390088,352857,2021-09-18 00:00:00,67,0.8170731707317073,1,1.7371351347206825,-0.0432916345959255,1.5260563034950494,0.6835782827729014,-0.2090664745467706,1.4201959127955717,0.0
1719390088,349514,2021-09-18 00:00:00,66,0.8048780487804879,1,1.7371351347206825,-0.0432916345959255,1.5260563034950494,0.6633945363744174,-0.4803039141316738,1.5081841787289276,0.0
1719390088,465053,2021-09-18 00:00:00,66,0.8048780487804879,1,1.7371351347206825,-0.0432916345959255,1.5260563034950494,0.4527184548765105,-0.4234361256838054,1.667706820558076,0.0
1719390088,465723,2021-09-18 00:00:00,66,0.8048780487804879,1,1.7371351347206825,-0.0432916345959255,1.5260563034950494,-0.1715851136772632,-0.2345666263289144,0.6483331647701531,0.2542341383842412
1719390088,139070,2021-09-18 00:00:00,66,0.8048780487804879,1,1.7371351347206825,-0.0432916345959255,1.5260563034950494,0.6591630207106395,-0.343749222071393,1.1375277049177828,0.0
1719390088,445104,2021-09-18 00:00:00,66,0.8048780487804879,1,1.7371351347206825,-0.0432916345959255,1.5260563034950494,0.5842611838992183,-0.717548169205633,1.7083778602890043,0.0
1719390088,349521,2021-09-18 00:00:00,66,0.8048780487804879,1,1.7371351347206825,-0.0432916345959255,1.5260563034950494,0.7447179189501808,-0.1656271332305413,1.360091988725867,0.0
1719390088,445105,2021-09-18 00:00:00,66,0.8048780487804879,1,1.7371351347206825,-0.0432916345959255,1.5260563034950494,0.6495194342452179,-0.1194498655301313,1.6928195213731518,0.0
1719390088,445372,2021-09-18 00:00:00,66,0.8048780487804879,1,1.7371351347206825,-0.0432916345959255,1.5260563034950494,0.7346349621978632,-0.1599600554613502,1.7829488395459006,0.0
95631,143923,2021-09-20 00:00:00,36,0.4864864864864865,0,,,7.264730177929867,2.648213694852414,,0.6931471805599453,0.6931471805599453
604973255,379399457,2021-09-20 00:00:00,115,0.2327935222672064,0,1.577173124214214,-0.1212854934378007,1.488077055429833,-0.5254661111357937,0.1006871026089768,-0.4911490630216564,-1.7031377859323218
604973255,496549942,2021-09-20 00:00:00,113,0.228744939271255,0,1.577173124214214,-0.1212854934378007,1.488077055429833,-1.008813609540273,-0.5446636695283257,0.4427846800044221,-0.65757925417837
604973255,62558686,2021-09-20 00:00:00,112,0.2267206477732793,0,1.577173124214214,-0.1212854934378007,1.488077055429833,-0.8801651287738855,-0.0771839977290281,-0.1517800742129225,-0.6179736782041854
604973255,878445230,2021-09-20 00:00:00,107,0.2165991902834008,0,1.577173124214214,-0.1212854934378007,1.488077055429833,-1.0348271548043833,0.2863076004353517,-0.3000138112782906,-0.1640029762702699
604973255,224157523,2021-09-20 00:00:00,106,0.2145748987854251,0,1.577173124214214,-0.1212854934378007,1.488077055429833,-0.9336351937384472,0.0585813499144594,0.1723249607021655,0.576344258984756
96256,53725,2021-09-21 00:00:00,32,0.3440860215053763,0,,,1.0986122886681098,0.5991425661518631,-0.0827371664147013,-0.947181218893494,-0.3026917351023463
96256,772,2021-09-21 00:00:00,32,0.3440860215053763,0,,,1.0986122886681098,1.0461987640756836,0.6913419645580607,-1.2365354318736117,-0.8668106746107855
96256,195,2021-09-21 00:00:00,31,0.3333333333333333,0,,,1.0986122886681098,-2.758374407234324,-0.0129660197682857,-0.0261740477368004,-0.0167356054619158
96256,141051,2021-09-21 00:00:00,31,0.3333333333333333,0,,,1.0986122886681098,-0.2024239208704017,-1.2265946668111425,-0.1133286853070032,-0.8109302162163288
96256,467022,2021-09-21 00:00:00,30,0.3225806451612903,0,,,1.0986122886681098,1.878950535410369,,0.6931471805599453,0.0
96256,266985,2021-09-21 00:00:00,30,0.3225806451612903,0,,,1.0986122886681098,1.878950535410369,0.0835327976375495,-0.6931471805599452,0.6931471805599453
2049258386,2129632899,2021-09-22 00:00:00,103,0.8879310344827587,1,1.4638458003579398,0.1258477844368752,0.8602012652231115,-2.83253620588865,-0.0452302860000295,0.056359555024283,-0.1278008347840522
2049258386,2122414054,2021-09-22 00:00:00,100,0.8620689655172413,1,1.4638458003579398,0.1258477844368752,0.8602012652231115,-0.8216392291248117,-0.2092645972824197,0.2137644858293343,2.143359250994741
2049258386,1604904707,2021-09-22 00:00:00,100,0.8620689655172413,1,1.4638458003579398,0.1258477844368752,0.8602012652231115,-0.5448533305770609,0.2703760790634449,0.5211593701591557,-0.4189121112383294
2049258386,1392141981,2021-09-22 00:00:00,99,0.853448275862069,1,1.4638458003579398,0.1258477844368752,0.8602012652231115,-0.8377308335457617,0.2437229383628157,-0.396449426954601,0.0433248837744901
2049258386,1287033460,2021-09-22 00:00:00,98,0.8448275862068966,1,1.4638458003579398,0.1258477844368752,0.8602012652231115,-1.7270417766917925,-0.3686384349943954,0.7324903751880569,-0.4186821364542119
2049258386,935065722,2021-09-22 00:00:00,97,0.8362068965517241,1,1.4638458003579398,0.1258477844368752,0.8602012652231115,-1.433629757348808,-0.1732369834324785,0.449317817165606,-0.3956090283220783
2049258386,671804639,2021-09-22 00:00:00,97,0.8362068965517241,1,1.4638458003579398,0.1258477844368752,0.8602012652231115,-3.758590105311114,0.1769600490440241,-0.3175715706659936,0.508246860629102
2049258386,1392134357,2021-09-22 00:00:00,96,0.8275862068965517,1,1.4638458003579398,0.1258477844368752,0.8602012652231115,-1.2814238281026984,0.929185940858311,-0.9113293908932424,-0.476945615503519
2049258386,1400711529,2021-09-22 00:00:00,96,0.8275862068965517,1,1.4638458003579398,0.1258477844368752,0.8602012652231115,-1.0496797636598294,-0.8050305968798918,0.4935103636209144,0.2097309379464098
2049258386,1392866464,2021-09-22 00:00:00,95,0.8189655172413793,1,1.4638458003579398,0.1258477844368752,0.8602012652231115,-0.5069328298147211,0.3083976984264738,-0.1540340549510404,0.1410230488764892
148242,126849,2021-09-23 00:00:00,54,0.1875,0,,,0.6931471805599453,-1.7493423697325727,-0.3850410388635119,0.0108448551466135,0.1456636465810525
161590,138283,2021-09-23 00:00:00,92,0.2076749435665914,0,1.878950535410369,0.0,0.0,1.458631986145177,-0.2858778933746613,0.3856624808119844,-2.689701062434013
161590,277561,2021-09-23 00:00:00,56,0.1264108352144469,0,1.878950535410369,0.0,0.0,-0.1544944040339424,-0.7883780508630955,0.5562879978427477,0.0
161590,184224,2021-09-23 00:00:00,55,0.1241534988713318,0,1.878950535410369,0.0,0.0,-1.102219576404287,-1.1719257792755098,1.9759731741740476,-0.6876375247489763
2074287762,2026261587,2021-09-23 00:00:00,6,0.0821917808219178,0,-0.1949424771736283,1.1971873868624008,-3.6132653315625296,-0.8040087191219827,-0.4738120755586484,1.824710368038991,-1.8086862168545643
2074287762,2142877002,2021-09-23 00:00:00,3,0.0410958904109589,0,-0.1949424771736283,1.1971873868624008,-3.6132653315625296,-2.823852378093144,-0.0671158266994815,0.0920037108777052,-0.0854422888270036
2074287762,2116182225,2021-09-23 00:00:00,3,0.0410958904109589,0,-0.1949424771736283,1.1971873868624008,-3.6132653315625296,-3.049225911708446,0.0327832258099247,-0.0593606484241622,-0.4141940502295504
2074287762,42187,2021-09-23 00:00:00,3,0.0410958904109589,0,-0.1949424771736283,1.1971873868624008,-3.6132653315625296,-0.9215218915315024,0.5556106166949036,-0.5896663647036968,0.3001217629274206
2074287762,2122397525,2021-09-23 00:00:00,3,0.0410958904109589,0,-0.1949424771736283,1.1971873868624008,-3.6132653315625296,-2.80328550783684,0.0052253807106437,0.0029441227177802,-0.23795863709935
230749,126976,2021-09-23 00:00:00,31,0.2348484848484848,0,1.878950535410369,0.0,0.0,1.878950535410369,0.0,-0.4054651081081645,0.0
230749,188450,2021-09-23 00:00:00,30,0.2272727272727272,0,1.878950535410369,0.0,0.0,0.8058135981260175,-1.1068038633982344,1.5755363607584192,0.200154033089511
230749,126849,2021-09-23 00:00:00,30,0.2272727272727272,0,1.878950535410369,0.0,0.0,-1.7493423697325727,-0.3850410388635119,0.0108448551466135,0.1456636465810525
230749,77,2021-09-23 00:00:00,30,0.2272727272727272,0,1.878950535410369,0.0,0.0,-0.2226180216599169,-0.5890866312357873,0.8916301700522036,-1.079920155655957
230749,230724,2021-09-23 00:00:00,29,0.2196969696969697,0,1.878950535410369,0.0,0.0,2.1353715885577174,0.0641052632868373,-0.2231435513142097,0.6931471805599453
140451,141024,2021-09-25 00:00:00,47,0.3983050847457627,0,1.878950535410369,0.0,-0.916290731874155,0.0682860682334378,-0.5264457594770836,-0.9382696385929306,-1.09861228866811
140451,141342,2021-09-25 00:00:00,47,0.3983050847457627,0,1.878950535410369,0.0,-0.916290731874155,0.9736183018219036,0.0089110232429465,-2.2857779746776647,-0.8472978603872034
140451,166745,2021-09-25 00:00:00,46,0.3898305084745763,0,1.878950535410369,0.0,-0.916290731874155,1.5448193448601713,-0.7187627702712203,0.0,0.0
140451,279900070,2021-09-25 00:00:00,46,0.3898305084745763,0,1.878950535410369,0.0,-0.916290731874155,0.0682860682334378,-0.0456792081278295,-0.7472144018302211,-0.6931471805599454
140451,88772,2021-09-25 00:00:00,46,0.3898305084745763,0,1.878950535410369,0.0,-0.916290731874155,1.878950535410369,0.0,-0.916290731874155,-0.6931471805599453
140451,3378,2021-09-25 00:00:00,45,0.3813559322033898,0,1.878950535410369,0.0,-0.916290731874155,-0.325981575115028,-0.2189855406496201,3.0706257597857807,-3.9373168405223495
140451,140581,2021-09-25 00:00:00,44,0.3728813559322034,0,1.878950535410369,0.0,-0.916290731874155,1.005972081175946,-0.1316464824322705,-0.9444616088408516,-0.4054651081081646
123802,138391,2021-09-28 00:00:00,510,0.4336734693877551,0,1.878950535410369,0.0,-0.6931471805599453,1.6158506782327635,-0.196273619067566,0.0,1.694595720774407
123802,138291,2021-09-28 00:00:00,490,0.4166666666666667,0,1.878950535410369,0.0,-0.6931471805599453,-0.8397479915408473,-0.5989740506768367,0.3831178094161682,0.679799807559978
123802,138284,2021-09-28 00:00:00,430,0.3656462585034014,0,1.878950535410369,0.0,-0.6931471805599453,1.3380023229366729,0.1610692332654602,-1.190046494627742,-4.158883083359672
123802,83287,2021-09-28 00:00:00,426,0.3622448979591837,0,1.878950535410369,0.0,-0.6931471805599453,0.7436366757442301,-0.6191323513563136,1.6817585740137266,-4.130354999745133
123802,137370,2021-09-28 00:00:00,425,0.3613945578231292,0,1.878950535410369,0.0,-0.6931471805599453,-0.9049880468253088,0.5114459821167677,-0.3042315445380801,0.1187835359899667
123802,48293,2021-09-28 00:00:00,418,0.3554421768707483,0,1.878950535410369,0.0,-0.6931471805599453,-0.0384611371654895,0.2295802228531829,-0.0543471372972961,-0.7820005179156366
1359479988,379399457,2021-10-03 00:00:00,84,0.2608695652173913,0,1.414209522052452,-0.1546160103994174,-1.3452863373925128,-0.6303794572035291,-0.1864102832051013,-0.0890375416258955,2.644598500286472
1359479988,878445230,2021-10-03 00:00:00,82,0.2546583850931677,0,1.414209522052452,-0.1546160103994174,-1.3452863373925128,-1.3053749563196309,-0.299665861183356,0.2334352373507568,-0.3318121985333997
1359479988,935065722,2021-10-03 00:00:00,79,0.2453416149068323,0,1.414209522052452,-0.1546160103994174,-1.3452863373925128,-1.3747146864591933,0.0596260992376245,0.0913398949678576,-1.1196778490509862
1359479988,496549942,2021-10-03 00:00:00,79,0.2453416149068323,0,1.414209522052452,-0.1546160103994174,-1.3452863373925128,-1.3508389945346209,-0.4218011750695447,-0.3543696572270463,1.603200885978552
1359479988,1604904707,2021-10-03 00:00:00,78,0.2422360248447205,0,1.414209522052452,-0.1546160103994174,-1.3452863373925128,-0.2712256726416235,0.5499707572466805,-0.6254521677885938,-0.684792040571585
1359479988,1400711529,2021-10-03 00:00:00,78,0.2422360248447205,0,1.414209522052452,-0.1546160103994174,-1.3452863373925128,-0.4358871375020216,0.1318437878000273,-0.8615041970035282,-0.2154781790341777
151828,2113,2021-10-07 00:00:00,25,0.4716981132075472,0,-0.4208767607765379,2.299827296186907,-4.400603020246817,-1.3884215208683386,0.4666828862704208,-1.0271871849986347,-1.0038431913602368
151828,150457,2021-10-07 00:00:00,24,0.4528301886792453,0,-0.4208767607765379,2.299827296186907,-4.400603020246817,1.71188494013527,-0.167065595275099,0.6931471805599453,-1.3862943611198906
151828,156876,2021-10-07 00:00:00,22,0.4150943396226415,0,-0.4208767607765379,2.299827296186907,-4.400603020246817,-3.762526246052688,-0.0007068374710628,-0.6920827845041586,1.0986122886681098
151828,4361,2021-10-07 00:00:00,21,0.3962264150943396,0,-0.4208767607765379,2.299827296186907,-4.400603020246817,0.334708909449897,-0.120239965019237,0.9596484309322788,0.4807481685287129
96370,161071,2021-10-12 00:00:00,158,0.4984227129337539,0,-0.0872052292247589,1.1732618487313844,-1.517322623526295,0.76143084743448,-0.4129546790750806,0.2513144282809061,0.6286086594223743
96370,234120,2021-10-12 00:00:00,156,0.4921135646687697,0,-0.0872052292247589,1.1732618487313844,-1.517322623526295,0.7945992576124647,-0.6316851610036716,1.1895840668738369,0.8023464725249374
96370,124971,2021-10-12 00:00:00,155,0.4889589905362776,0,-0.0872052292247589,1.1732618487313844,-1.517322623526295,0.7182847144698858,0.5529373081743201,1.119231575870845,0.4228568508200339
96370,138771,2021-10-12 00:00:00,155,0.4889589905362776,0,-0.0872052292247589,1.1732618487313844,-1.517322623526295,1.2531719522892577,-0.2314140378382361,0.2231435513142097,0.5389965007326869
96370,165650,2021-10-12 00:00:00,155,0.4889589905362776,0,-0.0872052292247589,1.1732618487313844,-1.517322623526295,0.7715645632500772,-0.5539129920903862,1.2636920390275583,0.7576857016975165
96370,42924,2021-10-12 00:00:00,154,0.4858044164037854,0,-0.0872052292247589,1.1732618487313844,-1.517322623526295,1.212661996808125,-0.3064771195604605,0.5045560107523954,0.0273989741881144
96370,195828,2021-10-12 00:00:00,154,0.4858044164037854,0,-0.0872052292247589,1.1732618487313844,-1.517322623526295,1.061148789105928,0.0257037710266891,0.7731898882334818,0.4418327522790393
96370,203633,2021-10-12 00:00:00,154,0.4858044164037854,0,-0.0872052292247589,1.1732618487313844,-1.517322623526295,0.8639474070620494,-0.0383858585758404,0.8842024173226548,0.4274440148269396
1157978452,695379616,2021-10-14 00:00:00,21,0.5,1,-0.0641360123351909,0.626057558261693,-0.6726686492164049,0.7047984576583673,0.1888560754253452,-0.5190392223033795,-0.9076935706769432
1157978452,195539,2021-10-14 00:00:00,19,0.4523809523809524,0,-0.0641360123351909,0.626057558261693,-0.6726686492164049,0.5467645963705272,0.0036299876804481,-0.3282162557741941,-0.5531599875925517
1157978452,1156252557,2021-10-14 00:00:00,19,0.4523809523809524,0,-0.0641360123351909,0.626057558261693,-0.6726686492164049,0.2714547090776623,-0.2826341001397141,-0.3053816495511823,-0.5166907432183896
1157978452,430745201,2021-10-14 00:00:00,19,0.4523809523809524,0,-0.0641360123351909,0.626057558261693,-0.6726686492164049,0.3228071371753713,0.2992037320819567,-0.2536883166360679,-0.6773988235918065
1157978452,1119808303,2021-10-14 00:00:00,19,0.4523809523809524,0,-0.0641360123351909,0.626057558261693,-0.6726686492164049,0.1771597996000802,-0.0806339264772841,-0.5064683183970349,-0.4022854551907846
1157978452,1157017979,2021-10-14 00:00:00,19,0.4523809523809524,0,-0.0641360123351909,0.626057558261693,-0.6726686492164049,0.482753957001835,0.3209543243434251,-0.3695330988821004,-0.4799539600989035
589399650,1392117675,2021-10-16 00:00:00,154,0.1273779983457403,0,1.878950535410369,-1.3262877496595196,1.6094379124341005,-2.557796552682881,0.0431240222314674,-0.0103471248095221,0.5615622300154346
589399650,1952870776,2021-10-16 00:00:00,31,0.0256410256410256,0,1.878950535410369,-1.3262877496595196,1.6094379124341005,-2.0069615054836007,0.2557649804198143,-0.2461146200352004,0.0882915858626507
589399650,798527868,2021-10-16 00:00:00,28,0.0231596360628618,0,1.878950535410369,-1.3262877496595196,1.6094379124341005,1.041289646546851,0.2195729276262318,-0.1899179036858891,0.0689928714869516
446117,314583,2021-10-17 00:00:00,607,0.1065473055994383,0,-0.0954758638225653,0.5571109797040042,-0.7517097097680239,0.7212568029329132,-0.515240692484541,1.791759469228055,2.3187797789140263
446117,468250,2021-10-17 00:00:00,588,0.1032122169562927,0,-0.0954758638225653,0.5571109797040042,-0.7517097097680239,-0.0405448114076482,-0.6346657975900482,0.4872951263557965,0.1658638444909117
446117,1184775,2021-10-17 00:00:00,552,0.0968931016324381,0,-0.0954758638225653,0.5571109797040042,-0.7517097097680239,-0.0950617193869814,-0.2201393426770113,0.3838556237753092,-0.7693194584964873
446117,415632239,2021-10-17 00:00:00,504,0.0884676145339652,0,-0.0954758638225653,0.5571109797040042,-0.7517097097680239,-1.484636467404469,,4.7535901911063645,6.297109319933935
446117,229096,2021-10-17 00:00:00,488,0.0856591188344742,0,-0.0954758638225653,0.5571109797040042,-0.7517097097680239,-0.2387237199117715,1.3148211797473948,-0.4287306978371354,3.562465529258278
398507134,41873,2021-10-21 00:00:00,25,0.1497005988023952,0,,,6.790097235513905,-1.8989691163778173,0.4483585764203199,-0.3074367967037119,0.0500028412283786
151836215,186950,2021-10-24 00:00:00,11,0.4583333333333333,0,,,1.9459101490553128,2.648213694852414,0.0,0.0,0.0
151836215,94957,2021-10-24 00:00:00,10,0.4166666666666667,0,,,1.9459101490553128,2.2078935833730253,-0.0556885317583661,0.980829253011726,-1.1631508098056809
151836215,253314009,2021-10-24 00:00:00,10,0.4166666666666667,0,,,1.9459101490553128,2.280415578188333,-0.3677981166640811,0.916290731874155,1.0986122886681098
151836215,2532,2021-10-24 00:00:00,10,0.4166666666666667,0,,,1.9459101490553128,-1.0570221442237715,0.5670126196083793,-0.6364837159978007,0.3818174598074897
151836215,195759829,2021-10-24 00:00:00,10,0.4166666666666667,0,,,1.9459101490553128,2.1800493174938422,0.1796906925678052,-0.1541506798272582,1.0986122886681098
151836215,59036,2021-10-24 00:00:00,10,0.4166666666666667,0,,,1.9459101490553128,1.9779815936122576,-0.6702321012401562,0.5108256237659905,0.1466034741918758
151836215,211679,2021-10-24 00:00:00,9,0.375,0,,,1.9459101490553128,0.8051859524384012,-0.2427244061063947,1.090644119018933,2.65675690671466
151836215,1735,2021-10-24 00:00:00,9,0.375,0,,,1.9459101490553128,0.5461614033537617,-0.1279349039346674,0.2750122197107298,-0.1484200051182727
151836215,268863364,2021-10-24 00:00:00,9,0.375,0,,,1.9459101490553128,2.2635821151313915,0.3846315797210224,0.4054651081081645,-0.4054651081081645
417796,156247,2021-10-25 00:00:00,199,0.2177242888402625,0,0.1171853295890515,0.2712985190247003,-0.6865464965285932,0.1341064661398558,-0.1246900605587793,-0.1129868633928907,-0.6511520595233424
417796,159887,2021-10-25 00:00:00,185,0.2024070021881838,0,0.1171853295890515,0.2712985190247003,-0.6865464965285932,0.1449487570744924,0.1414932937506454,0.0222231367847101,-0.0805388624840119
459738069,1015496214,2021-10-30 00:00:00,98,0.6163522012578616,1,1.141934964970511,-0.0825003721789758,-0.5699145401359971,1.38219745100607,0.0561985957515316,-0.2542341383842408,-0.6931471805599453
459738069,671804639,2021-10-30 00:00:00,98,0.6163522012578616,1,1.141934964970511,-0.0825003721789758,-0.5699145401359971,-3.251174184588272,0.3199089421708332,-0.4387262160731318,0.090252870913801
459738069,753847237,2021-10-30 00:00:00,95,0.5974842767295597,1,1.141934964970511,-0.0825003721789758,-0.5699145401359971,1.0841794029389065,0.0198839282919107,0.1251631429540065,1.0986122886681098
459738069,71097797,2021-10-30 00:00:00,95,0.5974842767295597,1,1.141934964970511,-0.0825003721789758,-0.5699145401359971,0.2877936318213666,-0.0267502577618498,-0.0051948168771041,0.0909717782057262
459738069,1048106411,2021-10-30 00:00:00,95,0.5974842767295597,1,1.141934964970511,-0.0825003721789758,-0.5699145401359971,1.2242822017143866,0.082202300882433,-0.0689928714869507,0.0
459738069,1019298931,2021-10-30 00:00:00,95,0.5974842767295597,1,1.141934964970511,-0.0825003721789758,-0.5699145401359971,1.0846591205233107,-0.0374728105657422,0.0909717782057271,0.0
459738069,1020823153,2021-10-30 00:00:00,94,0.5911949685534591,1,1.141934964970511,-0.0825003721789758,-0.5699145401359971,1.1553107338809934,-0.0362000364883594,0.0741079721537221,0.6931471805599453
459738069,1020823157,2021-10-30 00:00:00,94,0.5911949685534591,1,1.141934964970511,-0.0825003721789758,-0.5699145401359971,1.0258480007108297,-0.1618197107929682,0.2513144282809056,0.0
459738069,2129632899,2021-10-30 00:00:00,94,0.5911949685534591,1,1.141934964970511,-0.0825003721789758,-0.5699145401359971,-2.7585569201740534,-0.0322796996642855,0.0383364359921909,0.0579854799752812
459738069,745889399,2021-10-30 00:00:00,94,0.5911949685534591,1,1.141934964970511,-0.0825003721789758,-0.5699145401359971,1.164732720615946,-0.2166673954116653,0.308735481649613,0.0
459738069,1019913114,2021-10-30 00:00:00,94,0.5911949685534591,1,1.141934964970511,-0.0825003721789758,-0.5699145401359971,0.2774011416706291,-0.0291782774814776,0.0312525435041042,0.6931471805599453
459738069,420215701,2021-10-30 00:00:00,94,0.5911949685534591,1,1.141934964970511,-0.0825003721789758,-0.5699145401359971,1.0756454197521432,-0.0960202535825263,0.1941560144409573,3.1780538303479458
311811,798533880,2021-11-06 00:00:00,85,0.9042553191489362,1,-0.5293032638364019,-0.0849397076221186,-1.3715644378888268,-3.698140909484053,-0.2305277495506912,0.1731082790380664,0.3463706619997939
54013,126849,2021-11-09 00:00:00,14,0.1842105263157894,0,-2.5469277964078665,-0.5691798773578429,-0.4413331269876064,-1.323208636343125,0.6261423705653919,-1.0474998424590076,-0.1014760423816856
1002101978,496549942,2021-11-10 00:00:00,74,0.130281690140845,0,1.2248609254229916,0.2174023661730382,-0.3001045924503382,-0.5445000086526235,0.0840044752120107,-1.1958932360671009,0.2823598037710111
1002101978,1604904707,2021-11-10 00:00:00,74,0.130281690140845,0,1.2248609254229916,0.2174023661730382,-0.3001045924503382,-0.5659963364988123,-1.2276528946485623,1.047020149101483,1.3841321981153951
1002101978,1019913114,2021-11-10 00:00:00,73,0.1285211267605633,0,1.2248609254229916,0.2174023661730382,-0.3001045924503382,0.292851338334135,0.0434413852429804,-0.0253178079842895,3.188416617383492
1002101978,878445230,2021-11-10 00:00:00,73,0.1285211267605633,0,1.2248609254229916,0.2174023661730382,-0.3001045924503382,-1.565573616933135,-0.7035369994012077,1.178112713316879,0.0217581805287165
1002101978,445712,2021-11-10 00:00:00,72,0.1267605633802817,0,1.2248609254229916,0.2174023661730382,-0.3001045924503382,0.5463167407635464,0.051685715630286,-0.0555698511548108,2.9311937524164198
1002101978,218233455,2021-11-10 00:00:00,72,0.1267605633802817,0,1.2248609254229916,0.2174023661730382,-0.3001045924503382,0.3247031039883233,0.0327826368246465,0.0315815720502987,3.5457786104732625
341264879,10138839,2021-11-13 00:00:00,1089,0.5698587127158555,1,0.493829168026199,0.1756328405573322,-0.2267733193647885,-1.601582091108381,0.2068680701915286,-0.4245391471343094,0.6556656450528573
341264879,257552031,2021-11-13 00:00:00,1079,0.564625850340136,1,0.493829168026199,0.1756328405573322,-0.2267733193647885,-0.1787248004944181,0.1157625041692952,0.0372053540500667,0.5073713888979032
341264879,158754939,2021-11-13 00:00:00,1077,0.5635792778649922,1,0.493829168026199,0.1756328405573322,-0.2267733193647885,0.2750699149472387,0.1021482452812112,-0.7290791897860087,0.6746149324310178
341264879,41873,2021-11-13 00:00:00,1068,0.5588697017268446,1,0.493829168026199,0.1756328405573322,-0.2267733193647885,-2.1482494908951817,-0.3563947207583711,0.477099452227204,-0.5174268144546943
341264879,505211,2021-11-13 00:00:00,1062,0.5557299843014128,1,0.493829168026199,0.1756328405573322,-0.2267733193647885,0.7096291187643337,0.0241878044702682,-0.0905968953522267,1.1001332015088163
341264879,295182630,2021-11-13 00:00:00,1060,0.554683411826269,1,0.493829168026199,0.1756328405573322,-0.2267733193647885,0.5257573848339581,0.1135213073497478,-0.1416505170630264,-0.1019400383429944
341264879,330429810,2021-11-13 00:00:00,1060,0.554683411826269,1,0.493829168026199,0.1756328405573322,-0.2267733193647885,0.3171814531896748,0.336566962270795,-1.880706955244551,-0.1792958358774177
341264879,329354127,2021-11-13 00:00:00,1058,0.5536368393511251,1,0.493829168026199,0.1756328405573322,-0.2267733193647885,0.480263766415353,0.1260540584715643,-0.3823693933135148,-0.0139213385186085
341264879,401930197,2021-11-13 00:00:00,1058,0.5536368393511251,1,0.493829168026199,0.1756328405573322,-0.2267733193647885,0.0062876220885554,-0.1246000684098912,1.3966143701518805,-0.1285188508009787
647782974,207,2021-11-15 00:00:00,36,0.1764705882352941,0,0.2010108704102498,0.0660513938214658,-1.9557141491519343,0.6486224351794021,-0.0217425943595817,0.2452613565678287,-0.6657482063718314
647782974,4692,2021-11-15 00:00:00,34,0.1666666666666666,0,0.2010108704102498,0.0660513938214658,-1.9557141491519343,-0.0822787122598901,-1.035423292792902,2.741858181148741,-0.7870246953627742
647782974,1615,2021-11-15 00:00:00,30,0.1470588235294117,0,0.2010108704102498,0.0660513938214658,-1.9557141491519343,-2.581790985486433,0.284421440425417,-0.1607894183953799,0.4158644422311237
647782974,50687,2021-11-15 00:00:00,29,0.142156862745098,0,0.2010108704102498,0.0660513938214658,-1.9557141491519343,1.050140908964183,-0.8253027968657087,1.4615177823574783,0.6007738604289301
647782974,5100,2021-11-15 00:00:00,24,0.1176470588235294,0,0.2010108704102498,0.0660513938214658,-1.9557141491519343,0.2219115674802926,-0.2986857694126744,0.509364703126316,-0.204794412646013
647782974,4300,2021-11-15 00:00:00,24,0.1176470588235294,0,0.2010108704102498,0.0660513938214658,-1.9557141491519343,0.6215423503044792,-0.3505921402587293,0.366244394954883,-0.4612614657498692
1393684927,1287033460,2021-11-15 00:00:00,151,0.5551470588235294,1,0.6928496879328225,-0.0250592973584281,-0.2468600779315251,-0.952856878711415,-0.544582617384088,1.178093356338115,0.5587289304225767
1393684927,1392128508,2021-11-15 00:00:00,139,0.5110294117647058,1,0.6928496879328225,-0.0250592973584281,-0.2468600779315251,-2.57983223892708,0.0623239493658602,-0.1312383312869922,0.0873404712781127
1393684927,1392108845,2021-11-15 00:00:00,136,0.5,1,0.6928496879328225,-0.0250592973584281,-0.2468600779315251,-2.238394608298924,-0.0713295980813959,-0.139333070729867,0.3493720672904814
1393684927,1392109441,2021-11-15 00:00:00,108,0.3970588235294117,0,0.6928496879328225,-0.0250592973584281,-0.2468600779315251,1.250184449644686,-0.1307129422957655,0.1431008436406733,3.3129731482473166
1393684927,671804639,2021-11-15 00:00:00,94,0.3455882352941176,0,0.6928496879328225,-0.0250592973584281,-0.2468600779315251,-3.22262542880857,0.0300450565919718,-0.127021199064897,-0.2458309435386692
1393684927,1392866464,2021-11-15 00:00:00,93,0.3419117647058823,0,0.6928496879328225,-0.0250592973584281,-0.2468600779315251,-0.4780335315881889,-0.2333974187271203,0.0517675652050719,-0.2707530103513322
1393684927,1296685797,2021-11-15 00:00:00,92,0.3382352941176471,0,0.6928496879328225,-0.0250592973584281,-0.2468600779315251,-1.1000618323132334,-0.2383894741845796,0.2836909883889271,0.222164735602977
1393684927,1392108711,2021-11-15 00:00:00,92,0.3382352941176471,0,0.6928496879328225,-0.0250592973584281,-0.2468600779315251,-2.3870758678040573,-0.2497718811021019,-0.1645621656398876,-0.5455959160024921
1393684927,1160152991,2021-11-15 00:00:00,91,0.3345588235294117,0,0.6928496879328225,-0.0250592973584281,-0.2468600779315251,0.5933300485460258,0.1450348118228798,-0.0915671935254902,-0.3364722366212129
1393684927,1141222395,2021-11-15 00:00:00,91,0.3345588235294117,0,0.6928496879328225,-0.0250592973584281,-0.2468600779315251,-1.55117997288928,-0.0841092019111005,-0.4422934756228267,-0.3466436305221965
1393684927,1303204549,2021-11-15 00:00:00,91,0.3345588235294117,0,0.6928496879328225,-0.0250592973584281,-0.2468600779315251,-0.4832281127888725,0.2239614226721581,-0.1475272617864398,0.6129425426779749
1855388931,2143015613,2021-11-19 00:00:00,148,0.5121107266435986,1,1.6561964083769036,-0.2898553722402215,1.5404450409471488,-2.653341709628827,0.0687960251128587,-0.088044434932744,0.0666522303464134
1855388931,2142869398,2021-11-19 00:00:00,142,0.4913494809688581,0,1.6561964083769036,-0.2898553722402215,1.5404450409471488,-2.7489719518204465,-0.0437358032488131,0.0505819537439578,0.3987255072322391
1855388931,2122399466,2021-11-19 00:00:00,141,0.4878892733564013,0,1.6561964083769036,-0.2898553722402215,1.5404450409471488,-2.888808013562264,0.208982602172624,-0.3328869325117392,0.0554086678208189
1855388931,2122450336,2021-11-19 00:00:00,141,0.4878892733564013,0,1.6561964083769036,-0.2898553722402215,1.5404450409471488,-2.716079868003702,0.0030565791192014,-0.0041721051391423,0.2085153921247471
1855388931,2116182225,2021-11-19 00:00:00,141,0.4878892733564013,0,1.6561964083769036,-0.2898553722402215,1.5404450409471488,-2.799674550292573,0.0091036112764002,0.0193442992278765,-0.0270962256617011
1855388931,2143002309,2021-11-19 00:00:00,141,0.4878892733564013,0,1.6561964083769036,-0.2898553722402215,1.5404450409471488,-2.704436411350195,-0.0163831758457146,0.0267538696294842,0.057929625644661
1855388931,2142915897,2021-11-19 00:00:00,139,0.4809688581314879,0,1.6561964083769036,-0.2898553722402215,1.5404450409471488,-2.618494556838084,0.0952532968408257,-0.103809152049596,-0.0513246418585975
1559612279,1397758338,2021-11-20 00:00:00,114,0.3486238532110092,0,0.4274267271068908,0.6704545754574278,-2.0074680420547466,-0.8379736622883746,-0.4828559360083839,0.1387334157999307,0.3388130159988094
1559612279,671804639,2021-11-20 00:00:00,69,0.2110091743119266,0,0.4274267271068908,0.6704545754574278,-2.0074680420547466,-3.240824530514618,-0.0328366214954769,-0.0658553128970727,-0.3384567484051342
1559612279,445712,2021-11-20 00:00:00,69,0.2110091743119266,0,0.4274267271068908,0.6704545754574278,-2.0074680420547466,0.5286869961089096,0.0572755438927768,-0.6344984534784377,1.0060195018402849
1559612279,2122414054,2021-11-20 00:00:00,69,0.2110091743119266,0,0.4274267271068908,0.6704545754574278,-2.0074680420547466,0.4756012689310624,0.2751456076768788,-0.8088315795594081,0.534886165037677
1559612279,465053,2021-11-20 00:00:00,69,0.2110091743119266,0,0.4274267271068908,0.6704545754574278,-2.0074680420547466,0.3798487279211289,0.0254089473973979,-0.5455111817538807,0.7985076962177713
1559612279,1287033460,2021-11-20 00:00:00,68,0.2079510703363914,0,0.4274267271068908,0.6704545754574278,-2.0074680420547466,-0.9945794910007671,-0.2658083023072586,0.6711879741987321,0.8805247795174163
1559612279,445372,2021-11-20 00:00:00,68,0.2079510703363914,0,0.4274267271068908,0.6704545754574278,-2.0074680420547466,0.4870289738636784,0.1568923957458606,-0.7820946665764419,0.8593825996022755
1559612279,352857,2021-11-20 00:00:00,68,0.2079510703363914,0,0.4274267271068908,0.6704545754574278,-2.0074680420547466,0.4826603307308311,-0.1493426252216826,-0.4205029854727042,0.5618111784988589
1584392317,1392134357,2021-11-20 00:00:00,158,0.3940149625935162,0,0.9084209781420236,0.7017624988061534,-3.996364153861897,-1.5392297472295984,0.1156435585236526,0.2042974879908605,-0.1201934885421529
1584392317,1392108711,2021-11-20 00:00:00,151,0.3765586034912718,0,0.9084209781420236,0.7017624988061534,-3.996364153861897,-2.0260469884301533,0.2910672657361379,-0.5672949368551148,-0.0702467901465446
1584392317,1392108713,2021-11-20 00:00:00,148,0.3690773067331671,0,0.9084209781420236,0.7017624988061534,-3.996364153861897,-2.109975354744705,0.3014562766418414,-0.2618885019168875,-0.1375518183040434
1584392317,2129632899,2021-11-20 00:00:00,146,0.3640897755610973,0,0.9084209781420236,0.7017624988061534,-3.996364153861897,-2.753836904856349,-0.0146298686577557,0.0110609473594252,0.0753227789609578
1584392317,878445230,2021-11-20 00:00:00,141,0.3516209476309227,0,0.9084209781420236,0.7017624988061534,-3.996364153861897,-1.3566181410198297,-0.0379166698408437,-0.5114159176651558,0.0351125658940247
1584392317,2116182225,2021-11-20 00:00:00,141,0.3516209476309227,0,0.9084209781420236,0.7017624988061534,-3.996364153861897,-2.8224426015979325,-0.0348102911160506,0.0667067207484333,0.0491356829401592
1584392317,1392108845,2021-11-20 00:00:00,140,0.3491271820448878,0,0.9084209781420236,0.7017624988061534,-3.996364153861897,-2.173738858982195,0.1506716156450736,-0.2741006547421314,0.0522489942773116
124449,169529,2021-11-20 00:00:00,105,0.5932203389830508,1,-2.268452400336968,2.857034987605981,-4.613596126302163,0.1874013797288467,-1.1773844944601364,1.1837700970084164,0.3483066942682158
124449,162470,2021-11-20 00:00:00,101,0.5706214689265536,1,-2.268452400336968,2.857034987605981,-4.613596126302163,0.2929544165143661,0.0175679407619153,1.1451323043030026,0.0
124449,141342,2021-11-20 00:00:00,101,0.5706214689265536,1,-2.268452400336968,2.857034987605981,-4.613596126302163,0.1548216113555741,-0.9858622857414282,1.2851982442485217,0.2170645052378277
124449,153184,2021-11-20 00:00:00,101,0.5706214689265536,1,-2.268452400336968,2.857034987605981,-4.613596126302163,0.56628872452565,-0.7414607678464513,1.365240951922058,0.0689928714869516
124449,120171,2021-11-20 00:00:00,99,0.559322033898305,1,-2.268452400336968,2.857034987605981,-4.613596126302163,0.2987784432455794,-1.008971049126522,0.959775843813894,-0.0350913198112703
124449,432338,2021-11-20 00:00:00,99,0.559322033898305,1,-2.268452400336968,2.857034987605981,-4.613596126302163,0.0716984057471951,-0.2036880700052557,1.403993938219292,-0.154150679827258
124449,188443,2021-11-20 00:00:00,99,0.559322033898305,1,-2.268452400336968,2.857034987605981,-4.613596126302163,0.5057376608148695,-0.5164113100380979,1.0788096613719298,-0.3101549283038394
124449,96370,2021-11-20 00:00:00,99,0.559322033898305,1,-2.268452400336968,2.857034987605981,-4.613596126302163,0.5760551842851238,-0.6174540994793241,0.8527773261518292,1.8158570208071156
452075,126849,2021-11-21 00:00:00,468,0.1348314606741573,0,1.0343516299105622,0.257789462095551,-1.9668533229005565,-1.54428749729458,-0.1553083209184358,0.2285844777485355,0.2486995794730102
903434589,71097797,2021-11-21 00:00:00,99,0.6305732484076433,1,0.7564922274084689,0.320391864220346,-1.621860432432657,0.6116869923906799,0.193938904861905,-0.2326222952687535,0.0382212128201979
903434589,60820005,2021-11-21 00:00:00,96,0.6114649681528662,1,0.7564922274084689,0.320391864220346,-1.621860432432657,-1.1915145510651948,0.0514001755972728,0.2001032390701329,0.1103143650140801
903434589,610410263,2021-11-21 00:00:00,96,0.6114649681528662,1,0.7564922274084689,0.320391864220346,-1.621860432432657,0.7796371700304077,-0.365279790414672,0.3291818033585336,0.7563260821814768
903434589,745889399,2021-11-21 00:00:00,95,0.6050955414012739,1,0.7564922274084689,0.320391864220346,-1.621860432432657,1.2356010462666125,0.0579529660462037,-0.76460614454209,1.6094379124341
903434589,1025814721,2021-11-21 00:00:00,94,0.5987261146496815,1,0.7564922274084689,0.320391864220346,-1.621860432432657,1.2542239158461943,0.3055205507942083,-1.1994169877900749,0.6190392084062237
903434589,234857685,2021-11-21 00:00:00,94,0.5987261146496815,1,0.7564922274084689,0.320391864220346,-1.621860432432657,0.5367443763471269,-0.5923858382101761,1.6533571463689354,3.347613135528049
903434589,1015786033,2021-11-21 00:00:00,93,0.5923566878980892,1,0.7564922274084689,0.320391864220346,-1.621860432432657,1.5560013270423496,0.4690698847957928,-1.511457504073897,0.9473813189441862
903434589,1019913114,2021-11-21 00:00:00,93,0.5923566878980892,1,0.7564922274084689,0.320391864220346,-1.621860432432657,0.4834837845841391,0.2124255189143583,-0.9214058325409252,0.7058862063373752
903434589,753847237,2021-11-21 00:00:00,93,0.5923566878980892,1,0.7564922274084689,0.320391864220346,-1.621860432432657,1.4132142711483466,0.2500554791319389,-1.4190841839428816,0.4480247225269602
903434589,420215701,2021-11-21 00:00:00,93,0.5923566878980892,1,0.7564922274084689,0.320391864220346,-1.621860432432657,0.9826784734570976,-0.0480103355466376,-0.5349231753450514,-0.1031842362352306
903434589,734048756,2021-11-21 00:00:00,92,0.5859872611464968,1,0.7564922274084689,0.320391864220346,-1.621860432432657,1.2099294057736645,0.5094576527599993,-1.422515624554209,0.5223068061399472
903434589,671804639,2021-11-21 00:00:00,92,0.5859872611464968,1,0.7564922274084689,0.320391864220346,-1.621860432432657,-3.210473102283513,-0.0858074796273298,0.1079928007402912,-0.3175715706659936
134723,126826,2021-11-21 00:00:00,16,0.2539682539682539,0,,,5.204006687076795,-0.85216712009607,,4.007333185232471,3.610917912644224
134723,126874,2021-11-21 00:00:00,14,0.2222222222222222,0,,,5.204006687076795,1.5448193448601713,0.0,0.3364722366212129,1.0986122886681098
134723,188269,2021-11-21 00:00:00,14,0.2222222222222222,0,,,5.204006687076795,-0.50291497480483,,3.58351893845611,-3.708682081410116
134723,126801,2021-11-21 00:00:00,14,0.2222222222222222,0,,,5.204006687076795,0.0364812774410243,-0.618556149343033,0.0953101798043247,0.0
563281993,156653,2021-11-21 00:00:00,33,0.66,1,1.878950535410369,0.0,0.0,1.878950535410369,,1.0986122886681098,-0.4054651081081645
563281993,5853,2021-11-21 00:00:00,32,0.64,1,1.878950535410369,0.0,0.0,1.878950535410369,0.0,-0.4054651081081645,-3.5263605246161616
1364166370,2129632899,2021-11-22 00:00:00,72,0.4067796610169492,0,1.4171728121055327,0.1377694330399879,-0.9555114450274362,-2.7321509512594555,0.0350534688762103,-0.0507277998217912,0.0904975124428215
1364166370,462262,2021-11-22 00:00:00,72,0.4067796610169492,0,1.4171728121055327,0.1377694330399879,-0.9555114450274362,-0.6146844588130431,0.0929164462707888,-0.0602746519491566,0.2225703211466072
1364166370,1287033460,2021-11-22 00:00:00,69,0.3898305084745763,0,1.4171728121055327,0.1377694330399879,-0.9555114450274362,-1.2140806619430045,-0.5085592251929566,0.7853120696548253,0.2750952736023713
1364166370,1392134357,2021-11-22 00:00:00,69,0.3898305084745763,0,1.4171728121055327,0.1377694330399879,-0.9555114450274362,-1.5445969809239806,0.2371267569873836,0.1707669475218409,-0.7160513077648805
1364166370,349515,2021-11-22 00:00:00,68,0.384180790960452,0,1.4171728121055327,0.1377694330399879,-0.9555114450274362,0.8497401301901941,0.3929468871607555,-1.0050862306572856,0.1892419996385284
1364166370,349521,2021-11-22 00:00:00,68,0.384180790960452,0,1.4171728121055327,0.1377694330399879,-0.9555114450274362,0.5543420551272263,0.045901454701019,-0.6539264674066638,0.6246793812824842
1364166370,349525,2021-11-22 00:00:00,68,0.384180790960452,0,1.4171728121055327,0.1377694330399879,-0.9555114450274362,0.6786717831517427,0.2218718024105642,-0.9829821063728276,0.7913392067391589
209367,63471236,2021-11-23 00:00:00,18,0.72,1,,,1.9459101490553128,1.5448193448601713,-0.3483076433709913,-0.5108256237659905,0.0
209367,77767,2021-11-23 00:00:00,17,0.68,1,,,1.9459101490553128,1.1341893226651594,-0.205050322700188,1.1108823812599242,0.167054084663166
209367,357314665,2021-11-23 00:00:00,17,0.68,1,,,1.9459101490553128,2.314082504302216,0.3846315797210224,0.0,0.0
209367,46734,2021-11-23 00:00:00,17,0.68,1,,,1.9459101490553128,1.6120927073042637,0.4355571248173542,0.5108256237659905,-3.367295829986474
209367,1288342636,2021-11-23 00:00:00,16,0.64,1,,,1.9459101490553128,1.50849540851014,-0.5880211113461524,0.2231435513142097,0.0
1392958972,1392866464,2021-11-23 00:00:00,88,0.5986394557823129,1,0.6573779304227186,0.493740767559565,-0.7960045659996533,-0.4048759030338869,-0.1927719286540141,0.5449713790001178,-0.0916913580021931
1392958972,1287033460,2021-11-23 00:00:00,87,0.5918367346938775,1,0.6573779304227186,0.493740767559565,-0.7960045659996533,-1.3024154573520923,-0.6479951951769533,0.8351907021475826,0.307259584375382
1392958972,671804639,2021-11-23 00:00:00,87,0.5918367346938775,1,0.6573779304227186,0.493740767559565,-0.7960045659996533,-3.1624992099618283,0.0324118600442395,-0.004108527419893,-0.1818350856634545
1392958972,1303204549,2021-11-23 00:00:00,86,0.5850340136054422,1,0.6573779304227186,0.493740767559565,-0.7960045659996533,-0.942472333405284,-0.2669512270063657,0.6342408499191672,1.7658947333814297
1392958972,1141222395,2021-11-23 00:00:00,85,0.5782312925170068,1,0.6573779304227186,0.493740767559565,-0.7960045659996533,-0.9239817979919278,0.6192822118095846,-0.7248958788745252,-0.6854539382796627
1392958972,1392108711,2021-11-23 00:00:00,85,0.5782312925170068,1,0.6573779304227186,0.493740767559565,-0.7960045659996533,-2.0418499088407,0.5021407756482938,-0.4352998622917496,0.1241093465553131
1392958972,1296685797,2021-11-23 00:00:00,84,0.5714285714285714,1,0.6573779304227186,0.493740767559565,-0.7960045659996533,-0.9349263056488796,0.1267664484643292,-0.0111153423032419,1.036300699954758
1392958972,1392122281,2021-11-23 00:00:00,83,0.564625850340136,1,0.6573779304227186,0.493740767559565,-0.7960045659996533,0.510638431477776,0.1204615969699402,0.8193548658755807,0.611111337468528
1392958972,1160152991,2021-11-23 00:00:00,82,0.5578231292517006,1,0.6573779304227186,0.493740767559565,-0.7960045659996533,0.930507271898034,0.5081825438327052,-0.8754687373539003,0.1359556362360292
1392958972,1392117675,2021-11-23 00:00:00,81,0.5510204081632653,1,0.6573779304227186,0.493740767559565,-0.7960045659996533,-1.161105794954741,0.8488347642830789,-0.6437569990838776,0.5753641449035616
1393066677,2116182225,2021-11-23 00:00:00,205,0.2348224513172966,0,0.2964812890451463,0.3684288845364767,-1.076139432816051,-2.801302681498765,0.0179366125473077,0.0080101126304352,-0.0127983131433104
1393066677,1392108845,2021-11-23 00:00:00,202,0.2313860252004582,0,0.2964812890451463,0.3684288845364767,-1.076139432816051,-2.182088887334205,0.1898865707397523,-0.3468280248010735,0.1230772644136912
1393066677,2129632899,2021-11-23 00:00:00,197,0.2256586483390607,0,0.2964812890451463,0.3684288845364767,-1.076139432816051,-2.721564559284137,0.0597710232450148,-0.0792815964144093,0.1333462817117059
1393066677,2122450336,2021-11-23 00:00:00,189,0.2164948453608247,0,0.2964812890451463,0.3684288845364767,-1.076139432816051,-2.701175959318419,0.050333405406858,-0.0656311940825222,0.0673917061343125
1393066677,1392108711,2021-11-23 00:00:00,184,0.2107674684994272,0,0.2964812890451463,0.3684288845364767,-1.076139432816051,-2.0418499088407,0.5021407756482938,-0.4352998622917496,0.1241093465553131
46797,3769,2021-11-23 00:00:00,23,0.0833333333333333,0,,,1.6094379124341005,1.2333228790479238,0.7389232804088857,-1.1069110914828055,-0.3677247801253172
46797,20845,2021-11-23 00:00:00,22,0.0797101449275362,0,,,1.6094379124341005,1.5758318056958611,0.126660809246947,-1.3676022281077378,-0.5176985030537526
46797,46734,2021-11-23 00:00:00,21,0.0760869565217391,0,,,1.6094379124341005,1.6120927073042637,0.4355571248173542,0.5108256237659905,-3.367295829986474
46797,2683,2021-11-23 00:00:00,21,0.0760869565217391,0,,,1.6094379124341005,1.3286532666112425,-0.1714267284327419,0.2702903297399115,0.2666286632539485
249654,126849,2021-11-24 00:00:00,59,0.2269230769230769,0,2.2635821151313915,-0.3846315797210224,-0.4054651081081645,-1.043376701958458,0.359718939211648,-0.7001158498760391,-0.2338980742620329
249654,242933,2021-11-24 00:00:00,53,0.2038461538461538,0,2.2635821151313915,-0.3846315797210224,-0.4054651081081645,0.5055430479867512,0.2767500950276501,-0.4054651081081646,-0.6931471805599453
249654,188450,2021-11-24 00:00:00,48,0.1846153846153846,0,2.2635821151313915,-0.3846315797210224,-0.4054651081081645,1.1365326945703198,1.348217246856834,-1.4617340687214666,1.5755363607584192
249654,188808,2021-11-24 00:00:00,47,0.1807692307692307,0,2.2635821151313915,-0.3846315797210224,-0.4054651081081645,2.648213694852414,0.863806759901836,-1.0986122886681096,-1.0986122886681098
249654,243330,2021-11-24 00:00:00,47,0.1807692307692307,0,2.2635821151313915,-0.3846315797210224,-0.4054651081081645,-0.938280693032689,-0.9007144489436729,-1.284511666809948,0.1224549490171265
249654,126976,2021-11-24 00:00:00,45,0.173076923076923,0,2.2635821151313915,-0.3846315797210224,-0.4054651081081645,1.878950535410369,0.0,0.0,-1.3862943611198906
249654,188876,2021-11-24 00:00:00,42,0.1615384615384615,0,2.2635821151313915,-0.3846315797210224,-0.4054651081081645,1.878950535410369,0.0,0.0,-0.6931471805599453
1396798779,2142911275,2021-11-27 00:00:00,106,0.8412698412698413,1,1.164832985013381,0.42412931396215,-0.9628107475090482,-2.735254395451924,0.062536361987858,-0.1924962630225923,0.2296049702472586
1396798779,2142879863,2021-11-27 00:00:00,105,0.8333333333333334,1,1.164832985013381,0.42412931396215,-0.9628107475090482,-2.6775228769143467,-0.00119284667154,-0.0060323736534417,0.2319683177696454
1396798779,2122399466,2021-11-27 00:00:00,105,0.8333333333333334,1,1.164832985013381,0.42412931396215,-0.9628107475090482,-2.83222110803376,0.1858720718572395,-0.2295140674104807,0.0529496394392072
1396798779,2123493281,2021-11-27 00:00:00,105,0.8333333333333334,1,1.164832985013381,0.42412931396215,-0.9628107475090482,-2.703766877520939,-0.0400039786286332,0.0517403716275879,0.1851207338265368
1396798779,2116182225,2021-11-27 00:00:00,105,0.8333333333333334,1,1.164832985013381,0.42412931396215,-0.9628107475090482,-2.812509630422848,-0.0001400496790449,-0.0230262082594272,0.3361653715127026
1396798779,2142870385,2021-11-27 00:00:00,104,0.8253968253968254,1,1.164832985013381,0.42412931396215,-0.9628107475090482,-2.7204471002117905,-0.0381137690397763,0.0427851495017339,0.1496591626498205
1396798779,2122514680,2021-11-27 00:00:00,104,0.8253968253968254,1,1.164832985013381,0.42412931396215,-0.9628107475090482,-2.669022485910021,0.0043723928019332,0.0048332621880202,0.2045309427459258
197702,449145714,2021-12-01 00:00:00,104,0.697986577181208,1,-3.2637856458535133,0.0166466907995337,-1.8624302916676896,-1.839508993666995,0.0153501549608012,-0.0046189458562944,-0.0137760475441188
50838,31492,2021-12-02 00:00:00,105,0.4585152838427948,0,-0.4767772053936385,0.6469816556256854,-1.5141277326297753,1.1041077336481109,0.4808978079841652,-0.5978370007556202,0.1872115420881464
50838,80049,2021-12-02 00:00:00,101,0.4410480349344978,0,-0.4767772053936385,0.6469816556256854,-1.5141277326297753,0.2469590354765513,0.1185349262440349,-0.1643030512912764,0.3158529494184776
50838,42924,2021-12-02 00:00:00,101,0.4410480349344978,0,-0.4767772053936385,0.6469816556256854,-1.5141277326297753,1.2500704407837877,0.0766485188000178,-0.2926696139628197,0.0784716154414955
50838,44186,2021-12-02 00:00:00,100,0.4366812227074236,0,-0.4767772053936385,0.6469816556256854,-1.5141277326297753,0.4140246307516502,-0.2681831368823325,-0.502091943797236,0.3462762367178338
50838,125736,2021-12-02 00:00:00,100,0.4366812227074236,0,-0.4767772053936385,0.6469816556256854,-1.5141277326297753,0.8761525469087564,0.0152654853468806,-0.6729444732424259,0.3946541920039488
50838,160525,2021-12-02 00:00:00,100,0.4366812227074236,0,-0.4767772053936385,0.6469816556256854,-1.5141277326297753,0.4024172587836356,-0.7372827180811126,-0.5108256237659905,0.1823215567939544
50838,142295,2021-12-02 00:00:00,100,0.4366812227074236,0,-0.4767772053936385,0.6469816556256854,-1.5141277326297753,0.8302645209696772,0.2217460905356711,-0.4177352006999788,0.575364144903562
50838,165932,2021-12-02 00:00:00,100,0.4366812227074236,0,-0.4767772053936385,0.6469816556256854,-1.5141277326297753,0.1653474062955658,-0.4274702001674924,-0.3272129112084161,0.1000834585569827
571462085,605783228,2021-12-09 00:00:00,104,0.2390804597701149,0,1.2160210258266186,0.5052007647056169,-2.2129729343043585,-0.0744385913431095,0.4276919293287802,-0.1886368558984275,-0.217692383031582
571462085,62558686,2021-12-09 00:00:00,96,0.2206896551724138,0,1.2160210258266186,0.5052007647056169,-2.2129729343043585,-0.5795142746964732,-0.3518239919920772,0.2458015752067934,-0.5258414708168182
571462085,496549942,2021-12-09 00:00:00,95,0.2183908045977011,0,1.2160210258266186,0.5052007647056169,-2.2129729343043585,-1.001963959083482,0.7206959795010295,-1.2443363906750171,-0.4821186049178614
571462085,379399457,2021-12-09 00:00:00,95,0.2183908045977011,0,1.2160210258266186,0.5052007647056169,-2.2129729343043585,-0.8395663702190588,-0.8183860746612034,0.6209289727481462,-0.3766768687119679
571462085,431475,2021-12-09 00:00:00,94,0.2160919540229885,0,1.2160210258266186,0.5052007647056169,-2.2129729343043585,-0.7886612854689176,-0.2006940044471415,0.2909235663759517,0.6293666464909418
571462085,546243830,2021-12-09 00:00:00,94,0.2160919540229885,0,1.2160210258266186,0.5052007647056169,-2.2129729343043585,1.5047361228881753,0.073921618454442,0.3483066942682158,0.2513144282809061
571462085,224157523,2021-12-09 00:00:00,94,0.2160919540229885,0,1.2160210258266186,0.5052007647056169,-2.2129729343043585,-0.5266977691421727,-0.211002478678268,0.1999517881702246,0.0400425934789847
46949,26356,2021-12-09 00:00:00,448,0.5011185682326622,1,0.4434197765152222,0.7799884514950219,-1.937301774518713,0.5395939168261311,0.080076013440013,-0.4543059835025369,-0.2220440459807928
46949,3692,2021-12-09 00:00:00,445,0.4977628635346756,0,0.4434197765152222,0.7799884514950219,-1.937301774518713,0.1743829248794637,-0.1783814684740477,-0.0907839495049493,0.0492936466001392
2034359004,1592771804,2021-12-14 00:00:00,5,0.3846153846153846,0,-1.3962729200419828,0.5952531291343817,-0.7212149168942981,-2.7098851416562675,0.4282752563047087,-0.1511013599163018,-0.5450675783657815
1474312655,1469695839,2021-12-16 00:00:00,212,0.3636363636363636,0,0.8257686863562368,0.5398322930066906,-1.2947271675944,-0.8913275482373537,-0.1079002422313226,0.3308542443169902,-0.0948100964466789
1474312655,2142911275,2021-12-16 00:00:00,152,0.2607204116638079,0,0.8257686863562368,0.5398322930066906,-1.2947271675944,-2.7961584498125207,-0.0488444797647895,0.062742613266737,-0.1942388292407635
1474312655,2116182225,2021-12-16 00:00:00,130,0.2229845626072041,0,0.8257686863562368,0.5398322930066906,-1.2947271675944,-2.96593843718718,-0.1752898319570275,0.2215339311210176,-0.1277576168035885
1112326236,445712,2021-12-16 00:00:00,64,0.6464646464646465,1,1.2197387200961984,0.4619043938646365,-0.7672551527136675,0.4684173331488782,-0.0639543029679808,0.2809023854664021,-0.1743533871447784
1112326236,204851911,2021-12-16 00:00:00,64,0.6464646464646465,1,1.2197387200961984,0.4619043938646365,-0.7672551527136675,0.3187625307185332,0.0952457479368508,0.1646770928142462,-0.1743533871447775
1112326236,465053,2021-12-16 00:00:00,64,0.6464646464646465,1,1.2197387200961984,0.4619043938646365,-0.7672551527136675,0.309646521799006,0.0538515723946386,0.0963918456750656,-0.0659579677917978
1112326236,216236901,2021-12-16 00:00:00,64,0.6464646464646465,1,1.2197387200961984,0.4619043938646365,-0.7672551527136675,0.3251504169274873,-0.0171687454655364,0.2313291359006495,-0.1293791375237551
1112326236,445372,2021-12-16 00:00:00,64,0.6464646464646465,1,1.2197387200961984,0.4619043938646365,-0.7672551527136675,0.3204218426485302,-0.0539694652188331,0.2288415724288475,-0.0892311337279432
1112326236,2129632899,2021-12-16 00:00:00,64,0.6464646464646465,1,1.2197387200961984,0.4619043938646365,-0.7672551527136675,-2.81837926176456,-0.0796893922862382,0.098213107320987,-0.2291025327643581
1112326236,1019913114,2021-12-16 00:00:00,64,0.6464646464646465,1,1.2197387200961984,0.4619043938646365,-0.7672551527136675,0.3012047821352318,-0.1289278056640191,0.3091882776727441,-0.1420476576560148
1112326236,2122414054,2021-12-16 00:00:00,63,0.6363636363636364,1,1.2197387200961984,0.4619043938646365,-0.7672551527136675,0.0153390919674894,-0.2858942189243424,0.6777227102343142,-1.3479101181115754
1112326236,465723,2021-12-16 00:00:00,63,0.6363636363636364,1,1.2197387200961984,0.4619043938646365,-0.7672551527136675,-0.0810011445822115,-0.1087425350764823,-0.019293202934679,0.0831775064789086
1112326236,352857,2021-12-16 00:00:00,63,0.6363636363636364,1,1.2197387200961984,0.4619043938646365,-0.7672551527136675,0.3932442570325483,-0.028551207003624,0.1653924946935072,-0.3044891907681615
1112326236,445105,2021-12-16 00:00:00,63,0.6363636363636364,1,1.2197387200961984,0.4619043938646365,-0.7672551527136675,0.4187281503108645,-0.2312919725783712,0.4737843520856417,0.0125787822068597
1112326236,349516,2021-12-16 00:00:00,63,0.6363636363636364,1,1.2197387200961984,0.4619043938646365,-0.7672551527136675,0.5648945081389424,-0.0213346673861375,0.1141923675256544,-0.231801614057324
243032,242933,2021-12-17 00:00:00,91,0.2973856209150327,0,1.878950535410369,0.0,0.0,1.5014071820997432,2.36927162153661,-2.2512917986064958,-4.795790545596741
243032,188450,2021-12-17 00:00:00,87,0.284313725490196,0,1.878950535410369,0.0,0.0,2.2635821151313915,3.3602767758274936,-3.20545280453606,2.421333845770388
243032,126976,2021-12-17 00:00:00,86,0.2810457516339869,0,1.878950535410369,0.0,0.0,1.3077494923721014,,1.3862943611198906,0.0
243032,126845,2021-12-17 00:00:00,73,0.238562091503268,0,1.878950535410369,0.0,0.0,0.2511135899359584,,3.80666248977032,3.8501476017100575
243032,188808,2021-12-17 00:00:00,73,0.238562091503268,0,1.878950535410369,0.0,0.0,1.8915756327030755,0.0126250972927062,1.0986122886681096,1.0986122886681098
429744542,2026261587,2021-12-20 00:00:00,364,0.7567567567567568,1,1.878950535410369,0.2175659844459234,0.6931471805599453,-0.0831678169569959,0.1186391171413145,-0.7140247655814997,-1.81866692214798
429744542,443820658,2021-12-20 00:00:00,33,0.0686070686070686,0,1.878950535410369,0.2175659844459234,0.6931471805599453,2.0239945250409845,0.1450439896306155,0.5108256237659905,0.0
429744542,354001977,2021-12-20 00:00:00,31,0.0644490644490644,0,1.878950535410369,0.2175659844459234,0.6931471805599453,1.878950535410369,0.5712010430382677,-0.2876820724517808,0.6931471805599453
429744542,218977,2021-12-20 00:00:00,30,0.0623700623700623,0,1.878950535410369,0.2175659844459234,0.6931471805599453,1.174917194399833,0.5663987639658271,-0.5780778507751583,-0.9614111671546248
429744542,169044,2021-12-20 00:00:00,29,0.0602910602910602,0,1.878950535410369,0.2175659844459234,0.6931471805599453,0.2881968688847776,-0.6634345305913177,0.3364722366212129,-0.9509762898620449
429744542,74657915,2021-12-20 00:00:00,29,0.0602910602910602,0,1.878950535410369,0.2175659844459234,0.6931471805599453,1.878950535410369,0.3341311905501978,-0.4054651081081645,1.3862943611198906
429744542,53725,2021-12-20 00:00:00,29,0.0602910602910602,0,1.878950535410369,0.2175659844459234,0.6931471805599453,0.5966037292510573,-0.259578553287435,0.0377403279828474,0.9162907318741556
1163614869,1125191265,2021-12-21 00:00:00,19,0.6129032258064516,1,0.0080581891721041,0.6544305989887125,-0.7635279773217452,0.3357737980574524,0.2603701461197124,-0.4054651081081646,-1.231635422069492
1163614869,1235499378,2021-12-21 00:00:00,18,0.5806451612903226,1,0.0080581891721041,0.6544305989887125,-0.7635279773217452,0.3542388440205454,-0.0271292692278814,-0.2456164071662687,-1.1182207600564862
1163614869,695379616,2021-12-21 00:00:00,18,0.5806451612903226,1,0.0080581891721041,0.6544305989887125,-0.7635279773217452,0.0853537348775583,-0.1306176392886111,0.0307716586667536,-0.7041970167465301
1163614869,45022,2021-12-21 00:00:00,18,0.5806451612903226,1,0.0080581891721041,0.6544305989887125,-0.7635279773217452,0.3813919315564392,0.0218016214832895,-0.3275035666384527,-0.7058862063373752
1163614869,707247011,2021-12-21 00:00:00,18,0.5806451612903226,1,0.0080581891721041,0.6544305989887125,-0.7635279773217452,0.5731046994225266,0.3969328867200221,-0.5557473111575026,-0.7738360918100877
1163614869,665872424,2021-12-21 00:00:00,17,0.5483870967741935,1,0.0080581891721041,0.6544305989887125,-0.7635279773217452,-0.0526185358109635,-0.1450925551502599,1.403873492570245,-3.2260787371622577
1163614869,402,2021-12-21 00:00:00,17,0.5483870967741935,1,0.0080581891721041,0.6544305989887125,-0.7635279773217452,-2.098862510059799,-0.5472514606293131,0.5506391804682904,-0.4968672715152831
1163614869,1125371915,2021-12-21 00:00:00,17,0.5483870967741935,1,0.0080581891721041,0.6544305989887125,-0.7635279773217452,0.4642142973693337,0.3335401563932009,-0.5713118276986133,-0.7835312420282143
1163614869,1126605735,2021-12-21 00:00:00,17,0.5483870967741935,1,0.0080581891721041,0.6544305989887125,-0.7635279773217452,0.6045285685001406,0.5940553211284588,-0.8642115828292658,-0.6787584431078457
1163614869,1127790622,2021-12-21 00:00:00,17,0.5483870967741935,1,0.0080581891721041,0.6544305989887125,-0.7635279773217452,0.4527951429986411,0.1199041315289334,-0.3750940102318658,-0.7591051483517424
186797,140573,2021-12-22 00:00:00,100,0.6211180124223602,1,-0.267491114407675,1.1811278545484507,-3.878696001312079,1.2673927320149176,0.0839315485552538,0.2657031657330058,-0.6701576623352463
186797,198211,2021-12-22 00:00:00,99,0.6149068322981367,1,-0.267491114407675,1.1811278545484507,-3.878696001312079,1.0533262170487772,0.2442169067140572,0.0560894666510436,-0.3022808718729335
186797,390780,2021-12-22 00:00:00,99,0.6149068322981367,1,-0.267491114407675,1.1811278545484507,-3.878696001312079,0.9002151018442316,-0.1524264841403618,0.3677247801253176,-1.163150809805681
186797,162173,2021-12-22 00:00:00,98,0.6086956521739131,1,-0.267491114407675,1.1811278545484507,-3.878696001312079,1.4823390398756924,0.500945580297613,-0.4187103348581851,-0.9044562742271522
186797,354002029,2021-12-22 00:00:00,98,0.6086956521739131,1,-0.267491114407675,1.1811278545484507,-3.878696001312079,1.0473772552685057,0.2360643611494282,0.0350913198112703,-0.8472978603872034
186797,141051,2021-12-22 00:00:00,98,0.6086956521739131,1,-0.267491114407675,1.1811278545484507,-3.878696001312079,0.4574367935120781,-0.4944754269296113,-0.4054651081081641,-1.060871960685263
186797,273002007,2021-12-22 00:00:00,97,0.6024844720496895,1,-0.267491114407675,1.1811278545484507,-3.878696001312079,1.0500058842980635,-0.0124720231403403,-0.0666913744986721,-0.8056251639866354
186797,125736,2021-12-22 00:00:00,97,0.6024844720496895,1,-0.267491114407675,1.1811278545484507,-3.878696001312079,1.4714841398536398,0.2930382227755117,-0.0666913744986721,-1.1394342831883648
186797,43998,2021-12-22 00:00:00,97,0.6024844720496895,1,-0.267491114407675,1.1811278545484507,-3.878696001312079,1.4091165603064335,0.7505162875500228,-0.2436220826577502,-1.727220948090484
243968,80049,2021-12-27 00:00:00,26,0.2203389830508474,0,1.3077494923721014,0.5712010430382677,-0.2876820724517808,0.2838823325396007,-0.5950643925910702,-0.3677247801253172,-0.9808292530117262
243968,184224,2021-12-27 00:00:00,25,0.211864406779661,0,1.3077494923721014,0.5712010430382677,-0.2876820724517808,-1.610141444994851,-0.0540961572436544,0.3267065340098884,-0.3271193597129267
243968,142296,2021-12-27 00:00:00,24,0.2033898305084746,0,1.3077494923721014,0.5712010430382677,-0.2876820724517808,-0.0346985424982453,-1.1051456891839695,0.4554755286828258,-0.1910552367627094
243968,273001945,2021-12-27 00:00:00,24,0.2033898305084746,0,1.3077494923721014,0.5712010430382677,-0.2876820724517808,1.878950535410369,0.3341311905501978,-0.4054651081081645,0.0
243968,250510,2021-12-27 00:00:00,24,0.2033898305084746,0,1.3077494923721014,0.5712010430382677,-0.2876820724517808,1.878950535410369,,0.6931471805599453,0.6931471805599453
243968,243860,2021-12-27 00:00:00,24,0.2033898305084746,0,1.3077494923721014,0.5712010430382677,-0.2876820724517808,1.878950535410369,-0.1450439896306155,-0.916290731874155,0.0
1392132703,2142890311,2021-12-28 00:00:00,169,0.6145454545454545,1,0.7562434909166414,0.7868061465585664,-1.972343406123469,-2.6692327970887857,0.1530384399374598,-0.1904373020987222,-0.2171941595727275
1392132703,2142911275,2021-12-28 00:00:00,164,0.5963636363636363,1,0.7562434909166414,0.7868061465585664,-1.972343406123469,-2.689537815870868,0.0639019962372313,-0.0764902690612441,-0.1166675865725181
1392132703,2142869226,2021-12-28 00:00:00,163,0.5927272727272728,1,0.7562434909166414,0.7868061465585664,-1.972343406123469,-2.7498390617052464,0.076137060427619,-0.095038231291566,-0.027845245312422
1392132703,2142869398,2021-12-28 00:00:00,162,0.5890909090909091,1,0.7562434909166414,0.7868061465585664,-1.972343406123469,-2.6976577256795786,0.1264809359615175,-0.1503379559771556,-0.0874804358651175
1392132703,2142865418,2021-12-28 00:00:00,162,0.5890909090909091,1,0.7562434909166414,0.7868061465585664,-1.972343406123469,-2.7623954015733823,0.0626076771529087,-0.0920541279746292,-0.0393232606029307
202512,141740,2021-12-28 00:00:00,51,0.4180327868852459,0,0.6598573972026852,1.219093138207684,-3.2708355637989115,2.2635821151313915,0.3846315797210224,0.0,2.3978952727983707
202512,190175,2021-12-28 00:00:00,48,0.3934426229508196,0,0.6598573972026852,1.219093138207684,-3.2708355637989115,1.878950535410369,0.4252624534962315,-1.6094379124341005,0.0
202512,123696,2021-12-28 00:00:00,47,0.3852459016393442,0,0.6598573972026852,1.219093138207684,-3.2708355637989115,1.878950535410369,0.1573899949454595,-0.916290731874155,0.0
202512,230117,2021-12-28 00:00:00,47,0.3852459016393442,0,0.6598573972026852,1.219093138207684,-3.2708355637989115,0.9967508458007176,-0.041782780670951,0.0,0.0273989741881144
202512,127089,2021-12-28 00:00:00,47,0.3852459016393442,0,0.6598573972026852,1.219093138207684,-3.2708355637989115,1.71188494013527,0.0,0.0,-1.0986122886681098
202512,125162,2021-12-28 00:00:00,47,0.3852459016393442,0,0.6598573972026852,1.219093138207684,-3.2708355637989115,1.878950535410369,0.3341311905501978,-0.4054651081081645,0.4054651081081645
202512,187264,2021-12-28 00:00:00,46,0.3770491803278688,0,0.6598573972026852,1.219093138207684,-3.2708355637989115,0.2753864757524508,-0.3914140966262833,-0.0363676441708746,2.217225244042889
141220,193662,2021-12-28 00:00:00,53,0.4416666666666666,0,0.6782006934313443,0.000657904154691,-2.4107986776342782,0.7408743597987525,-0.2227541270334654,0.204794412646013,-0.7576857016975165
141220,127089,2021-12-28 00:00:00,53,0.4416666666666666,0,0.6782006934313443,0.000657904154691,-2.4107986776342782,1.71188494013527,0.0,0.0,-1.0986122886681098
141220,157465,2021-12-28 00:00:00,52,0.4333333333333333,0,0.6782006934313443,0.000657904154691,-2.4107986776342782,0.8720623335035216,-0.2503854363240101,-0.1910552367627094,0.0
141220,190175,2021-12-28 00:00:00,51,0.425,0,0.6782006934313443,0.000657904154691,-2.4107986776342782,1.878950535410369,0.4252624534962315,-1.6094379124341005,0.0
141220,185606,2021-12-28 00:00:00,50,0.4166666666666667,0,0.6782006934313443,0.000657904154691,-2.4107986776342782,1.878950535410369,0.5712010430382677,-0.6931471805599453,0.0
141220,141740,2021-12-28 00:00:00,49,0.4083333333333333,0,0.6782006934313443,0.000657904154691,-2.4107986776342782,2.2635821151313915,0.3846315797210224,0.0,2.3978952727983707
1162527278,41873,2021-12-29 00:00:00,662,0.2603224537947306,0,1.0342879040484536,0.3163503889303638,-0.8068064990324668,-0.9953331057955302,-0.024266790723423,0.3638786215378387,-0.5422296543476595
94831,105623,2021-12-30 00:00:00,16,0.2352941176470588,0,2.314082504302216,-0.6021975641669459,0.2876820724517808,1.9294509245811933,-0.167065595275099,0.2231435513142097,2.079441541679836
94831,1655,2021-12-30 00:00:00,15,0.2205882352941176,0,2.314082504302216,-0.6021975641669459,0.2876820724517808,1.5872670587050854,-0.3775015715204823,0.998528830111127,0.2835752904991269
94831,133411,2021-12-30 00:00:00,15,0.2205882352941176,0,2.314082504302216,-0.6021975641669459,0.2876820724517808,1.7371351347206825,-0.0519972845034932,-0.5877866649021193,0.9542699799393716
94831,206912,2021-12-30 00:00:00,15,0.2205882352941176,0,2.314082504302216,-0.6021975641669459,0.2876820724517808,1.9294509245811933,-0.4960086432377553,-0.1823215567939546,1.3862943611198906
1392109441,1392128508,2021-12-30 00:00:00,321,0.722972972972973,1,-1.4469561018107635,1.014286385002682,-0.6891815441665985,-2.913098083940622,0.0033929797189098,-0.0663805922962215,-0.1336891420661548
1392109441,1392108711,2021-12-30 00:00:00,187,0.4211711711711711,0,-1.4469561018107635,1.014286385002682,-0.6891815441665985,-1.993582158547344,0.2643957105181878,-0.3020363859034631,0.0542328458824723
1392109441,1392109453,2021-12-30 00:00:00,186,0.4189189189189189,0,-1.4469561018107635,1.014286385002682,-0.6891815441665985,-0.8857444248586032,0.8518374863009858,-0.4788544312909648,-0.1397619423751588
1392109441,1392388552,2021-12-30 00:00:00,181,0.4076576576576576,0,-1.4469561018107635,1.014286385002682,-0.6891815441665985,-0.4612455084556104,1.0788106117735512,-0.584818381909562,0.7318616927406358
1392109441,1392262607,2021-12-30 00:00:00,181,0.4076576576576576,0,-1.4469561018107635,1.014286385002682,-0.6891815441665985,-0.0750060886055603,1.6667857731010878,-0.6304041099714803,0.2976821557863642
1392109441,1392133256,2021-12-30 00:00:00,136,0.3063063063063063,0,-1.4469561018107635,1.014286385002682,-0.6891815441665985,-2.944925252709854,-0.420299649878276,-0.670954868965584,0.0
1392109441,1392109385,2021-12-30 00:00:00,131,0.295045045045045,0,-1.4469561018107635,1.014286385002682,-0.6891815441665985,-2.035576636610975,-0.3274049744076766,-0.664290667639067,0.0
1392109441,6406,2021-12-30 00:00:00,129,0.2905405405405405,0,-1.4469561018107635,1.014286385002682,-0.6891815441665985,0.2060335949952968,1.0220085171825033,-0.5311778526148894,1.264687229025104
1392109441,1134559216,2021-12-30 00:00:00,129,0.2905405405405405,0,-1.4469561018107635,1.014286385002682,-0.6891815441665985,0.9864645259986368,0.9771987144731176,-0.8861101147241639,0.4489502200479029
130255,5036,2022-01-01 00:00:00,16,0.32,0,0.3031225964895305,0.5301771999753548,-1.988469763474109,0.8043524723980031,0.8235532672335865,-1.046787220803524,2.344549292093078
130255,53709,2022-01-01 00:00:00,15,0.3,0,0.3031225964895305,0.5301771999753548,-1.988469763474109,1.0221825063967038,-1.6260311884557102,2.917770732084279,-2.431417964837014
1392109385,1392133256,2022-01-03 00:00:00,138,0.7931034482758621,1,-2.121135826350822,0.2775415674635386,-2.224082864839088,-2.769691296240828,0.2577948058976838,-2.2138484783563745,0.6931471805599453
1392109385,1392108711,2022-01-03 00:00:00,136,0.7816091954022989,1,-2.121135826350822,0.2775415674635386,-2.224082864839088,-1.7144695864645807,0.6115547540816526,-0.4942011999794911,0.1426060095279737
1392109385,1392128508,2022-01-03 00:00:00,135,0.7758620689655172,1,-2.121135826350822,0.2775415674635386,-2.224082864839088,-2.7709206969835063,0.2446053467678259,-0.2458851141533475,0.0094136301319416
1392109385,1392388552,2022-01-03 00:00:00,132,0.7586206896551724,1,-2.121135826350822,0.2775415674635386,-2.224082864839088,0.5455205852495525,2.686592023384108,-1.9927831473977191,0.8023464725249374
1392109385,6406,2022-01-03 00:00:00,131,0.7528735632183908,1,-2.121135826350822,0.2775415674635386,-2.224082864839088,0.8866877138961923,1.9551707918858816,-1.789473753947199,2.363828718234764
1392109385,1392109441,2022-01-03 00:00:00,131,0.7528735632183908,1,-2.121135826350822,0.2775415674635386,-2.224082864839088,0.6596496658525887,2.82618706873402,-2.1834312552038826,-0.0253178079842899
1392109385,1443,2022-01-03 00:00:00,131,0.7528735632183908,1,-2.121135826350822,0.2775415674635386,-2.224082864839088,-0.0555078261537307,1.1377136666612184,-0.9486196189895156,-0.3710636813908312
1392109385,1392109453,2022-01-03 00:00:00,130,0.7471264367816092,1,-2.121135826350822,0.2775415674635386,-2.224082864839088,0.2551037375354325,2.412634782526576,-1.5578853155687584,1.729239112246721
1392109385,1392391222,2022-01-03 00:00:00,130,0.7471264367816092,1,-2.121135826350822,0.2775415674635386,-2.224082864839088,-1.8967511283402196,0.2400456982427861,-2.2342154686447504,0.0
1048106411,459738069,2022-01-03 00:00:00,95,0.7142857142857143,1,1.119595615839745,0.2633389851675305,-0.7259370033829362,1.3047476149718804,0.3664393364739419,-0.9227216222044454,-0.6306268235786119
1048106411,420215701,2022-01-03 00:00:00,91,0.6842105263157895,1,1.119595615839745,0.2633389851675305,-0.7259370033829362,1.2189757306189577,-0.0074845097028533,-0.4054651081081646,0.0938187552176543
1048106411,71097797,2022-01-03 00:00:00,91,0.6842105263157895,1,1.119595615839745,0.2633389851675305,-0.7259370033829362,0.5399347168045175,0.1231826813769546,-0.1785550739984778,-0.0932181288321007
1048106411,1019298949,2022-01-03 00:00:00,91,0.6842105263157895,1,1.119595615839745,0.2633389851675305,-0.7259370033829362,1.4244983016215749,0.4348225664758129,-1.1657515915057384,-0.1431008436406728
1048106411,671804639,2022-01-03 00:00:00,90,0.6766917293233082,1,1.119595615839745,0.2633389851675305,-0.7259370033829362,-2.72344453715636,-0.1312612869508083,0.3849326226936007,-0.3695108987777598
1048106411,1025814721,2022-01-03 00:00:00,89,0.6691729323308271,1,1.119595615839745,0.2633389851675305,-0.7259370033829362,1.160518353752595,0.0099603065588735,-0.616774201775371,0.114410351177745
1048106411,610410263,2022-01-03 00:00:00,89,0.6691729323308271,1,1.119595615839745,0.2633389851675305,-0.7259370033829362,1.2496454092185894,-0.0116550851729144,-0.6241543090729942,-0.1991286751103356
1048106411,745889399,2022-01-03 00:00:00,87,0.6541353383458647,1,1.119595615839745,0.2633389851675305,-0.7259370033829362,1.2145083464511433,0.1120032490927542,-0.5273549257172014,0.308735481649613
1048106411,234857685,2022-01-03 00:00:00,87,0.6541353383458647,1,1.119595615839745,0.2633389851675305,-0.7259370033829362,0.8094630399359812,-0.3975362511971101,1.285552791318359,-1.848040305126645
1048106411,2122414054,2022-01-03 00:00:00,87,0.6541353383458647,1,1.119595615839745,0.2633389851675305,-0.7259370033829362,0.6399738755092177,0.4441056578380872,-0.8143607513131181,-0.3068090447976539
1048106411,492498141,2022-01-03 00:00:00,87,0.6541353383458647,1,1.119595615839745,0.2633389851675305,-0.7259370033829362,0.1892362551769813,0.2273483727012908,-0.333611004340181,0.3124183160114215
1048106411,1392109151,2022-01-03 00:00:00,86,0.6466165413533834,1,1.119595615839745,0.2633389851675305,-0.7259370033829362,-2.445025080156978,-2.095168176613863,1.968363138607568,0.3130845907034771
13947458,432467,2022-01-06 00:00:00,287,0.7247474747474747,1,0.4422246517176521,0.4397835249866787,-0.5465437063680705,0.8173317528376247,0.2336664876521333,-0.280713403135687,-0.0162605208717803
13947458,447225,2022-01-06 00:00:00,286,0.7222222222222222,1,0.4422246517176521,0.4397835249866787,-0.5465437063680705,0.7858217390869174,0.2189854840285496,-0.0870113769896292,-0.2020266278732876
13947458,439988,2022-01-06 00:00:00,284,0.7171717171717171,1,0.4422246517176521,0.4397835249866787,-0.5465437063680705,0.9851660007003176,0.4605154272142425,-0.5330263337461831,-0.7096764825111559
13947458,432481,2022-01-06 00:00:00,283,0.7146464646464646,1,0.4422246517176521,0.4397835249866787,-0.5465437063680705,-0.0108511567868598,0.2122014792151682,-0.1807479923465242,-0.4860948425082743
13947458,58905118,2022-01-06 00:00:00,281,0.7095959595959596,1,0.4422246517176521,0.4397835249866787,-0.5465437063680705,0.8224735425228192,0.3393821988959172,-0.3377469340532135,-0.370859578930689
13947458,327677,2022-01-06 00:00:00,280,0.7070707070707071,1,0.4422246517176521,0.4397835249866787,-0.5465437063680705,0.8785288615783478,0.4886634813065623,-0.5877866649021186,-0.1381503384808171
13947458,58750132,2022-01-06 00:00:00,278,0.702020202020202,1,0.4422246517176521,0.4397835249866787,-0.5465437063680705,0.8994194321017617,0.4714017540830356,-0.6140098600012216,-0.4403118394383325
13947458,18592956,2022-01-06 00:00:00,278,0.702020202020202,1,0.4422246517176521,0.4397835249866787,-0.5465437063680705,0.8350863404930545,0.3196426542975898,-0.2643016238077171,0.0719734996250895
13947458,13947484,2022-01-06 00:00:00,276,0.696969696969697,1,0.4422246517176521,0.4397835249866787,-0.5465437063680705,0.8927502846496669,0.3513615502042715,-0.4446858212614453,-0.1686227124357926
13947458,1392108845,2022-01-06 00:00:00,97,0.2449494949494949,0,0.4422246517176521,0.4397835249866787,-0.5465437063680705,-2.0352180190491804,-0.0753703688054159,-0.066881736834917,-0.4070640057609918
399495291,224157523,2022-01-08 00:00:00,257,0.2390697674418604,0,0.831115267479433,0.233531761086375,-1.5906580177825047,-0.2140028707516215,-0.1562409477812771,-0.5162604197519478,0.3326102960259653
399495291,462262,2022-01-08 00:00:00,250,0.2325581395348837,0,0.831115267479433,0.233531761086375,-1.5906580177825047,-0.1565787725488663,0.2607336394008952,-1.874019906595365,-0.0633079681124648
399495291,62558686,2022-01-08 00:00:00,248,0.2306976744186046,0,0.831115267479433,0.233531761086375,-1.5906580177825047,-0.5660163049381681,-0.0840616444901309,0.1730691403929274,0.2093365031937741
399495291,60820005,2022-01-08 00:00:00,245,0.227906976744186,0,0.831115267479433,0.233531761086375,-1.5906580177825047,-1.114647595238774,-0.4590637107681413,0.4846803436616689,0.0337110573423116
399495291,288704213,2022-01-08 00:00:00,241,0.2241860465116279,0,0.831115267479433,0.233531761086375,-1.5906580177825047,-0.123813384523186,0.0605556194896464,0.1916082423621592,0.1476948794843871
399495291,397995320,2022-01-08 00:00:00,241,0.2241860465116279,0,0.831115267479433,0.233531761086375,-1.5906580177825047,0.2778965404096372,0.2660223689521119,-0.3377760177706959,-0.2133773467312663
399495291,1392108711,2022-01-08 00:00:00,240,0.2232558139534883,0,0.831115267479433,0.233531761086375,-1.5906580177825047,-1.842175550000376,0.3780740377618654,-0.2795519463685316,0.3884351803642705
399495291,1392134357,2022-01-08 00:00:00,238,0.2213953488372093,0,0.831115267479433,0.233531761086375,-1.5906580177825047,-1.3896187543047485,0.0635920423871483,0.2355360813593998,0.1811904263509802
218233455,1019913114,2022-01-10 00:00:00,109,0.956140350877193,1,0.3584156859302825,0.4966676896475859,-2.451005098112319,0.8382633072699837,0.5000227639923753,-1.9348603128687285,-0.0414567136783459
218233455,96495,2022-01-10 00:00:00,105,0.9210526315789472,1,0.3584156859302825,0.4966676896475859,-2.451005098112319,1.1807300093370474,0.9297455087296388,-1.9021075263969205,-0.1096197250172226
218233455,465053,2022-01-10 00:00:00,105,0.9210526315789472,1,0.3584156859302825,0.4966676896475859,-2.451005098112319,1.0446613829221318,0.7665487136622655,-2.009761621041846,-0.063851471986533
218233455,465723,2022-01-10 00:00:00,105,0.9210526315789472,1,0.3584156859302825,0.4966676896475859,-2.451005098112319,0.6931619210407989,0.6980649026621635,-0.6511829814609129,0.1011960119815862
218233455,349516,2022-01-10 00:00:00,105,0.9210526315789472,1,0.3584156859302825,0.4966676896475859,-2.451005098112319,1.2464542711777733,0.8480249466347526,-2.4849066497880004,-0.0680534632450156
218233455,1032568812,2022-01-10 00:00:00,105,0.9210526315789472,1,0.3584156859302825,0.4966676896475859,-2.451005098112319,0.7197325618421392,0.469494857528079,-2.348865845558052,-0.0102565001671885
218233455,2129632899,2022-01-10 00:00:00,105,0.9210526315789472,1,0.3584156859302825,0.4966676896475859,-2.451005098112319,-2.865827752457485,-0.1513910285581441,0.197795246072129,0.0824595010803488
218233455,445372,2022-01-10 00:00:00,105,0.9210526315789472,1,0.3584156859302825,0.4966676896475859,-2.451005098112319,1.158978331254312,0.7009762408393987,-2.2643638801738484,-0.2686338774810863
218233455,445712,2022-01-10 00:00:00,105,0.9210526315789472,1,0.3584156859302825,0.4966676896475859,-2.451005098112319,1.5641705455194497,0.9836560869699637,-2.390290673413151,-0.0887954987831314
218233455,352857,2022-01-10 00:00:00,104,0.912280701754386,1,0.3584156859302825,0.4966676896475859,-2.451005098112319,1.0728873865552924,0.5741365006098536,-2.039167642541896,-0.2952866718370002
218233455,116181,2022-01-10 00:00:00,104,0.912280701754386,1,0.3584156859302825,0.4966676896475859,-2.451005098112319,1.061660612934313,0.635826276736749,-1.597242639340282,-0.0251585596361554
218233455,349514,2022-01-10 00:00:00,104,0.912280701754386,1,0.3584156859302825,0.4966676896475859,-2.451005098112319,1.3880192216859562,1.002960279858574,-2.967561396587295,-0.0190481949706944
1910737169,798533880,2022-01-12 00:00:00,40,0.071301247771836,0,-1.5121390399258547,0.6465187045009141,-0.9731956281566552,-3.292796168018437,0.0542070390077773,-0.1764754862305295,0.6773639882757596
1163220980,695379616,2022-01-14 00:00:00,19,0.475,0,0.1954732555921159,0.2622665331020284,-0.586537445501687,0.4140323864480116,0.2698531505058241,-0.6863674935745667,-0.9947126936499576
1163220980,1265867873,2022-01-14 00:00:00,18,0.45,0,0.1954732555921159,0.2622665331020284,-0.586537445501687,0.2681605874397044,-0.1056762948980105,-0.2961209410976462,-0.8518588717147662
1163220980,379,2022-01-14 00:00:00,18,0.45,0,0.1954732555921159,0.2622665331020284,-0.586537445501687,-2.097331285829965,-0.4635161444282123,0.4192162797209882,0.1938608986058501
1163220980,490249906,2022-01-14 00:00:00,17,0.425,0,0.1954732555921159,0.2622665331020284,-0.586537445501687,0.1131207396931271,-0.3267583585944186,-0.0399166074054431,-1.0423725703452336
669507591,798533880,2022-01-17 00:00:00,25,0.219298245614035,0,,,4.0943445622221,-3.507493799476891,-0.0890418968685717,-0.0067316954996226,0.6550417130691653
669507591,1583814353,2022-01-17 00:00:00,25,0.219298245614035,0,,,4.0943445622221,-1.3708632716310676,0.4492594275378927,-0.4512335265637448,0.1141711453399825
92667,3692,2022-01-23 00:00:00,132,0.6407766990291263,1,1.878950535410369,0.0,0.0,-0.3322207158080839,-1.0428211238162972,1.219146357696383,-0.7545454968056902
92667,1615,2022-01-23 00:00:00,131,0.6359223300970874,1,1.878950535410369,0.0,0.0,-2.7064813971284662,-0.061496244615586,-0.0661794645836355,-0.231602227553596
92667,26356,2022-01-23 00:00:00,127,0.616504854368932,1,1.878950535410369,0.0,0.0,-0.1256298052371641,-0.6113156510165051,0.8605870925058863,-0.7162986926986559
92667,1734,2022-01-23 00:00:00,126,0.6116504854368932,1,1.878950535410369,0.0,0.0,-0.1775899644246692,0.003305606156327,0.022039459566292,0.0940289496482762
242899,242943,2022-01-26 00:00:00,75,0.0457038391224862,0,-1.402335746686581,0.5861775710861915,0.4226417585087541,-1.0456450135884516,-2.042814551366777,3.6592789843376456,2.302585092994046
242899,184224,2022-01-26 00:00:00,73,0.0444850700792199,0,-1.402335746686581,0.5861775710861915,0.4226417585087541,-2.034922184517195,-0.3762334249377186,0.6132184877573295,1.7843007239403796
242899,242875,2022-01-26 00:00:00,72,0.0438756855575868,0,-1.402335746686581,0.5861775710861915,0.4226417585087541,-1.046951483480958,-1.8240606346719848,3.1555809744958867,1.3862943611198906
242899,184281,2022-01-26 00:00:00,71,0.0432663010359536,0,-1.402335746686581,0.5861775710861915,0.4226417585087541,-0.5221003933565942,-0.179547815356856,1.331087167411204,-0.2845124976905016
242899,242999,2022-01-26 00:00:00,69,0.0420475319926873,0,-1.402335746686581,0.5861775710861915,0.4226417585087541,-0.6330536701110856,-0.1075600524532517,2.9724913095145404,4.02535169073515
242899,242856,2022-01-26 00:00:00,69,0.0420475319926873,0,-1.402335746686581,0.5861775710861915,0.4226417585087541,-0.6101479607731805,-1.9262237833929132,1.1144856378244006,-0.2231435513142097
108481,97160,2022-01-29 00:00:00,212,0.8185328185328186,1,-0.0816915082961328,0.794710127060909,-0.8786687400845707,0.5512328054389855,0.2380527998662364,0.0307716586667536,0.487986131796168
108481,217798,2022-01-29 00:00:00,210,0.8108108108108109,1,-0.0816915082961328,0.794710127060909,-0.8786687400845707,0.7147634841995978,0.2354154277742573,-0.5055485666651469,-0.2155196262035508
242915,188450,2022-01-29 00:00:00,65,0.1692708333333333,0,,,1.3862943611198906,1.878950535410369,0.0,0.0,-0.6176396280517995
242915,126976,2022-01-29 00:00:00,60,0.15625,0,,,1.3862943611198906,1.878950535410369,,0.6931471805599453,-0.6931471805599453
242915,243032,2022-01-29 00:00:00,58,0.1510416666666666,0,,,1.3862943611198906,1.878950535410369,,1.0986122886681098,0.6931471805599453
229778,88535,2022-01-31 00:00:00,63,0.0371243370654095,0,-0.985667476436924,-0.0749675588593573,-0.1936531228035054,-1.3973433503629198,-0.2976830794785641,0.0350913198112703,-0.4712783266777354
229778,41873,2022-01-31 00:00:00,56,0.0329994107248084,0,-0.985667476436924,-0.0749675588593573,-0.1936531228035054,-1.9014360372606267,0.2641122031419745,-0.4327557826775425,-0.7407836342171521
229778,92040,2022-01-31 00:00:00,56,0.0329994107248084,0,-0.985667476436924,-0.0749675588593573,-0.1936531228035054,-0.6556801659258142,-0.0062111775637899,-0.3918329593181067,1.9984156464332443
229778,184224,2022-01-31 00:00:00,54,0.0318208603417796,0,-0.985667476436924,-0.0749675588593573,-0.1936531228035054,-1.8034446845703969,0.0985753965307287,-0.1831766231136864,-0.1442244392644998
229778,242943,2022-01-31 00:00:00,53,0.0312315851502651,0,-0.985667476436924,-0.0749675588593573,-0.1936531228035054,-1.0129877080290497,-0.5276773480029611,-0.1200883223680699,2.8903717578961645
229778,229105,2022-01-31 00:00:00,51,0.0300530347672362,0,-0.985667476436924,-0.0749675588593573,-0.1936531228035054,-1.0206204807690318,-0.6531458973321344,-0.1703453657472389,2.995732273553991
230701,10,2022-02-01 00:00:00,76,0.0447585394581861,0,-0.704727240052298,0.2487157260089813,-0.6562426236244949,-3.7828483392449392,-2.2589723591459103,1.3250199511649647,-0.701281619754984
230701,229069,2022-02-01 00:00:00,75,0.0441696113074204,0,-0.704727240052298,0.2487157260089813,-0.6562426236244949,0.2746442368304825,0.7263232040710035,-0.1876266090236473,-2.959603549465485
230701,28498,2022-02-01 00:00:00,74,0.0435806831566548,0,-0.704727240052298,0.2487157260089813,-0.6562426236244949,-0.4244662830339699,-0.0869516941911777,-0.3439977258775171,-0.0844038135825488
230701,184224,2022-02-01 00:00:00,70,0.0412249705535924,0,-0.704727240052298,0.2487157260089813,-0.6562426236244949,-1.777425958898238,0.199895791764177,-0.2620482159739907,-0.1380056730194434
230701,184281,2022-02-01 00:00:00,68,0.0400471142520612,0,-0.704727240052298,0.2487157260089813,-0.6562426236244949,0.3615313032104327,1.5058131850593028,-1.15160481880862,0.3327057538257358
230701,229680,2022-02-01 00:00:00,66,0.03886925795053,0,-0.704727240052298,0.2487157260089813,-0.6562426236244949,-0.4598108264020064,0.5496376321615211,-0.5474698896333141,3.295836866004329
230701,184845,2022-02-01 00:00:00,66,0.03886925795053,0,-0.704727240052298,0.2487157260089813,-0.6562426236244949,-1.7641440052275483,0.0860117415202204,-0.114883587371831,0.0131580845775109
162410,142755,2022-02-02 00:00:00,77,0.0422380691168403,0,-0.9920806015174456,-0.0348945030653184,-1.003139494016691,-0.0692925755270663,0.7850532782652061,-1.0220237043545757,-1.3570796008127282
162410,152211,2022-02-02 00:00:00,76,0.0416895227646736,0,-0.9920806015174456,-0.0348945030653184,-1.003139494016691,-2.494266660521074,0.6647099456679713,0.1528345270484781,-1.345317275912521
162410,2819,2022-02-02 00:00:00,75,0.0411409764125068,0,-0.9920806015174456,-0.0348945030653184,-1.003139494016691,0.3462648987352077,0.8766218916976427,-0.9585608089302688,3.419718495713729
162410,184281,2022-02-02 00:00:00,73,0.0400438837081733,0,-0.9920806015174456,-0.0348945030653184,-1.003139494016691,0.583361145690039,1.7319153650205403,-1.5630975751753988,0.3553407209255956
162410,229066,2022-02-02 00:00:00,73,0.0400438837081733,0,-0.9920806015174456,-0.0348945030653184,-1.003139494016691,0.7008151458576016,1.3005942049664314,-0.8422246787747447,0.2034523384240278
162410,184845,2022-02-02 00:00:00,73,0.0400438837081733,0,-0.9920806015174456,-0.0348945030653184,-1.003139494016691,-1.7429174885645935,0.12846477484613,-0.1683043593795679,0.0131457292125025
242909,229069,2022-02-04 00:00:00,92,0.0407982261640798,0,-1.0640957656635166,1.9186433354048136,-2.4355303763901066,0.8102572120489873,1.5434105866559542,-0.8870967753490184,-2.4619171315633017
229072,138284,2022-02-04 00:00:00,465,0.1130012150668286,0,-0.9870463167066555,2.268227058800633,-2.443083683652977,1.749993854374119,0.5408928394486254,-0.7801585575495751,0.7683706017975331
229072,242856,2022-02-04 00:00:00,444,0.1078979343863912,0,-0.9870463167066555,2.268227058800633,-2.443083683652977,1.3933722611536823,1.509734905282894,-2.547854924102237,0.6466271649250523
229072,184224,2022-02-04 00:00:00,400,0.0972053462940461,0,-0.9870463167066555,2.268227058800633,-2.443083683652977,-1.745858757678427,0.240345187419136,-0.2811644631343153,-0.1058300585844822
242860,184224,2022-02-04 00:00:00,365,0.0826539855072463,0,-1.0780650322468444,2.1888057022917344,-2.5966106393680013,-1.745858757678427,0.240345187419136,-0.2811644631343153,-0.1058300585844822
243221,186772,2022-02-04 00:00:00,76,0.0457555689343768,0,-1.074776367814154,2.1926839836371537,-2.640404131165637,1.2077265179751957,2.222088071377661,-2.539452225528053,1.7917594692280547
243221,245295,2022-02-04 00:00:00,69,0.0415412402167369,0,-1.074776367814154,2.1926839836371537,-2.640404131165637,0.6045082915148171,1.63219511440119,-2.600591048787462,2.9444389791664403
243221,240934,2022-02-04 00:00:00,68,0.040939193257074,0,-1.074776367814154,2.1926839836371537,-2.640404131165637,0.9269691298309,2.00374523152304,-2.600040677272806,3.4339872044851463
243221,44737,2022-02-04 00:00:00,67,0.0403371462974112,0,-1.074776367814154,2.1926839836371537,-2.640404131165637,0.8699407489992125,2.2104349230590694,-2.220907061979779,-1.6991168468575113
243221,229426,2022-02-04 00:00:00,66,0.0397350993377483,0,-1.074776367814154,2.1926839836371537,-2.640404131165637,1.2386869513697576,1.810839363572326,-2.4540109754951187,2.772588722239781
243221,229066,2022-02-04 00:00:00,65,0.0391330523780854,0,-1.074776367814154,2.1926839836371537,-2.640404131165637,1.049824324208238,1.9573730940481824,-1.597603454787098,0.152796583479529
243221,185438,2022-02-04 00:00:00,65,0.0391330523780854,0,-1.074776367814154,2.1926839836371537,-2.640404131165637,0.7072042976292532,1.9618564376584668,-1.4461412771291426,0.5357550068085155
243221,229105,2022-02-04 00:00:00,64,0.0385310054184226,0,-1.074776367814154,2.1926839836371537,-2.640404131165637,0.6146455908771092,1.2392646725705072,-2.760285081044424,3.044522437723423
243221,184224,2022-02-04 00:00:00,61,0.036724864539434,0,-1.074776367814154,2.1926839836371537,-2.640404131165637,-1.745858757678427,0.240345187419136,-0.2811644631343153,-0.1058300585844822
242875,41873,2022-02-04 00:00:00,254,0.0716502115655853,0,-1.0037270526970692,1.6409625969577657,-2.520624732390079,-1.6625832502114428,0.6305211918590259,-0.5972954528711458,-0.3359466738189605
202056,77,2022-02-04 00:00:00,65,0.0407523510971786,0,-1.0156508866021323,1.7930051505264588,-2.453340183820165,0.143228724041739,1.3439307123140825,-1.2970632273919485,0.4136618753123438
202056,186772,2022-02-04 00:00:00,64,0.0401253918495297,0,-1.0156508866021323,1.7930051505264588,-2.453340183820165,1.2077265179751957,2.222088071377661,-2.539452225528053,1.7917594692280547
202056,240934,2022-02-04 00:00:00,64,0.0401253918495297,0,-1.0156508866021323,1.7930051505264588,-2.453340183820165,0.9269691298309,2.00374523152304,-2.600040677272806,3.4339872044851463
202056,10,2022-02-04 00:00:00,61,0.038244514106583,0,-1.0156508866021323,1.7930051505264588,-2.453340183820165,-3.670785327571824,-1.8447533783552912,0.9497975174132094,-1.2884510155052684
202056,242912,2022-02-04 00:00:00,60,0.0376175548589341,0,-1.0156508866021323,1.7930051505264588,-2.453340183820165,1.2567522692875643,1.853836429797946,-2.3171838924151977,0.8602012652231115
202056,242885,2022-02-04 00:00:00,59,0.0369905956112852,0,-1.0156508866021323,1.7930051505264588,-2.453340183820165,0.9977563732742876,1.786989579080075,-1.9272644876838507,1.3464484525726903
202056,242999,2022-02-04 00:00:00,59,0.0369905956112852,0,-1.0156508866021323,1.7930051505264588,-2.453340183820165,0.9537651286507502,1.9908997198527552,-2.253452404416401,-0.9267620317414508
202056,245295,2022-02-04 00:00:00,59,0.0369905956112852,0,-1.0156508866021323,1.7930051505264588,-2.453340183820165,0.6045082915148171,1.63219511440119,-2.600591048787462,2.9444389791664403
202056,152211,2022-02-04 00:00:00,58,0.0363636363636363,0,-1.0156508866021323,1.7930051505264588,-2.453340183820165,-2.5958030783092303,0.4571552841045347,0.4711837693135816,-1.3055187772553456
242999,184224,2022-02-04 00:00:00,360,0.150375939849624,0,-1.037134591202005,1.9908997198527552,-2.253452404416401,-1.745858757678427,0.240345187419136,-0.2811644631343153,-0.1058300585844822
242999,229066,2022-02-04 00:00:00,358,0.1495405179615705,0,-1.037134591202005,1.9908997198527552,-2.253452404416401,1.049824324208238,1.9573730940481824,-1.597603454787098,0.152796583479529
242999,48293,2022-02-04 00:00:00,342,0.1428571428571428,0,-1.037134591202005,1.9908997198527552,-2.253452404416401,0.1307259294678837,1.0387975043123925,-1.1024957886945073,-0.3173727334069047
161579,184281,2022-02-05 00:00:00,429,0.2530973451327433,0,,,3.1780538303479458,1.1609278439531143,2.2863579808714523,-2.2550441482250463,0.557709209664841
161579,138291,2022-02-05 00:00:00,412,0.2430678466076696,0,,,3.1780538303479458,-1.5878898307375249,-0.6323525957796529,1.0684091425442483,-0.0949390534315366
161579,242859,2022-02-05 00:00:00,303,0.1787610619469026,0,,,3.1780538303479458,0.824906267650052,1.85102502623013,-1.7307573607135431,2.2335922215070942
161579,275871,2022-02-05 00:00:00,299,0.1764011799410029,0,,,3.1780538303479458,1.7280618298122914,0.3091110990520775,-1.6486586255873816,-3.688879454113936
161579,83068,2022-02-05 00:00:00,276,0.1628318584070796,0,,,3.1780538303479458,1.656196408376904,-0.3315371192564267,0.0,0.6931471805599453
161579,125505,2022-02-05 00:00:00,271,0.159882005899705,0,,,3.1780538303479458,1.2084610625497767,0.5361339088792259,-2.313884648247979,-2.904885800780419
161579,311408,2022-02-05 00:00:00,271,0.159882005899705,0,,,3.1780538303479458,1.3077494923721014,1.5648901023667638,-4.3694478524670215,4.256925218209818
145864,2144040670,2022-02-07 00:00:00,371,0.8833333333333333,1,1.38438116963557,0.4285104582059067,-0.94204322797657,-3.0260441643609552,-0.1643722340317062,0.1894011032039202,0.0852756251134412
145864,2142890311,2022-02-07 00:00:00,368,0.8761904761904762,1,1.38438116963557,0.4285104582059067,-0.94204322797657,-3.0212863203341227,-0.1122205879741811,0.1312944297980962,0.146174744234738
145864,2122437132,2022-02-07 00:00:00,368,0.8761904761904762,1,1.38438116963557,0.4285104582059067,-0.94204322797657,-3.037190852052555,-0.1460525101334955,0.1743830382989504,0.0633303157007585
145864,2122450336,2022-02-07 00:00:00,365,0.8690476190476191,1,1.38438116963557,0.4285104582059067,-0.94204322797657,-3.059191008629375,-0.1966901801455507,0.2265557773819004,0.1359727795339989
145864,2122725237,2022-02-07 00:00:00,364,0.8666666666666667,1,1.38438116963557,0.4285104582059067,-0.94204322797657,-3.021567077261892,-0.160039610744783,0.1856595445167013,0.1295844290820955
145864,2142869398,2022-02-07 00:00:00,364,0.8666666666666667,1,1.38438116963557,0.4285104582059067,-0.94204322797657,-3.0061716774498195,-0.0471679355964576,0.0469990703095142,0.1316076214408585
145864,2123295900,2022-02-07 00:00:00,364,0.8666666666666667,1,1.38438116963557,0.4285104582059067,-0.94204322797657,-3.031367940483733,-0.1302257026450703,0.1434419160731455,0.1478989523852014
145864,2142870385,2022-02-07 00:00:00,364,0.8666666666666667,1,1.38438116963557,0.4285104582059067,-0.94204322797657,-3.0596057129981618,-0.1597354156579791,0.1815892242822805,0.1096000132686914
200715,579,2022-02-07 00:00:00,366,0.7577639751552795,1,1.0583396502364857,0.1754088695539883,-0.9461436950238364,-2.350152077542216,-0.0903512553237848,0.2504690222435428,-0.0708584025697476
200715,2142879863,2022-02-07 00:00:00,352,0.7287784679089027,1,1.0583396502364857,0.1754088695539883,-0.9461436950238364,-3.027756912609537,-0.1343578274439139,0.1612182757893254,0.0403023790240215
200715,2142865418,2022-02-07 00:00:00,351,0.7267080745341615,1,1.0583396502364857,0.1754088695539883,-0.9461436950238364,-3.0644223318530552,-0.0578572946938731,0.0697047113775877,0.1817527907820775
200715,2142870385,2022-02-07 00:00:00,350,0.7246376811594203,1,1.0583396502364857,0.1754088695539883,-0.9461436950238364,-3.0596057129981618,-0.1597354156579791,0.1815892242822805,0.1096000132686914
200715,2122399466,2022-02-07 00:00:00,350,0.7246376811594203,1,1.0583396502364857,0.1754088695539883,-0.9461436950238364,-3.355320312013053,-0.1913347194347809,0.2055650322622906,0.0071838619142976
200715,2142878670,2022-02-07 00:00:00,350,0.7246376811594203,1,1.0583396502364857,0.1754088695539883,-0.9461436950238364,-2.992831797218482,-0.1143629363462781,0.135927154492137,-0.0138724380215151
47116,2122437132,2022-02-07 00:00:00,352,0.8822055137844611,1,1.223405165406693,0.9041922093704458,-1.8191584434161696,-3.037190852052555,-0.1460525101334955,0.1743830382989504,0.0633303157007585
47116,2123493281,2022-02-07 00:00:00,351,0.8796992481203008,1,1.223405165406693,0.9041922093704458,-1.8191584434161696,-3.0856793480113667,-0.2173563168168963,0.2596048065312573,0.0940237196184909
47116,2142862748,2022-02-07 00:00:00,351,0.8796992481203008,1,1.223405165406693,0.9041922093704458,-1.8191584434161696,-3.065767921827044,-0.1955185003074597,0.2323586039179499,0.0114475938505975
47116,2129632899,2022-02-07 00:00:00,351,0.8796992481203008,1,1.223405165406693,0.9041922093704458,-1.8191584434161696,-3.0130577372416902,-0.1337816279939665,0.1478879958842327,0.095250799144587
47116,2116182225,2022-02-07 00:00:00,350,0.8771929824561403,1,1.223405165406693,0.9041922093704458,-1.8191584434161696,-3.200622835343867,-0.1172876359976862,0.1352740593449546,0.0521336005720556
47116,2142879863,2022-02-07 00:00:00,349,0.87468671679198,1,1.223405165406693,0.9041922093704458,-1.8191584434161696,-3.027756912609537,-0.1343578274439139,0.1612182757893254,0.0403023790240215
47116,2142877002,2022-02-07 00:00:00,348,0.8721804511278195,1,1.223405165406693,0.9041922093704458,-1.8191584434161696,-3.070997977137718,-0.1692081391928281,0.1963975499119961,0.1287517355745606
1658620208,41873,2022-02-07 00:00:00,729,0.2766603415559772,0,1.0066527948649313,0.8661455220413161,-1.9242486522741344,-1.732701118821805,0.3275667892600828,-0.1804406331402326,-0.2927856866733389
1658620208,361588,2022-02-07 00:00:00,674,0.2557874762808349,0,1.0066527948649313,0.8661455220413161,-1.9242486522741344,-1.51397392415254,0.1873169343781073,0.0934627532125862,-0.6434637604132982
1658620208,1392110762,2022-02-07 00:00:00,674,0.2557874762808349,0,1.0066527948649313,0.8661455220413161,-1.9242486522741344,-2.3430326228418505,0.3461668891787455,-0.2621628748786513,0.1023095762786194
153640,2122514680,2022-02-07 00:00:00,360,0.8633093525179856,1,1.1131739343867932,0.9223633697556156,-1.623622547426057,-3.0166943807511,-0.1102841427194762,0.1301040885959619,0.1479483264928589
153640,2142869398,2022-02-07 00:00:00,360,0.8633093525179856,1,1.1131739343867932,0.9223633697556156,-1.623622547426057,-3.0061716774498195,-0.0471679355964576,0.0469990703095142,0.1316076214408585
153640,2142878670,2022-02-07 00:00:00,360,0.8633093525179856,1,1.1131739343867932,0.9223633697556156,-1.623622547426057,-2.992831797218482,-0.1143629363462781,0.135927154492137,-0.0138724380215151
153640,2143015613,2022-02-07 00:00:00,357,0.8561151079136691,1,1.1131739343867932,0.9223633697556156,-1.623622547426057,-3.042824288700868,-0.1785238101844486,0.2036537242529466,0.1013782035969566
153640,2142870385,2022-02-07 00:00:00,357,0.8561151079136691,1,1.1131739343867932,0.9223633697556156,-1.623622547426057,-3.0596057129981618,-0.1597354156579791,0.1815892242822805,0.1096000132686914
47921,113273,2022-02-09 00:00:00,97,0.563953488372093,1,0.4797023620797515,-0.3449716359137903,-0.0784716154414955,0.2026618802604975,-0.1596031649487931,0.2858818919476329,0.2876820724517808
47921,313907,2022-02-09 00:00:00,97,0.563953488372093,1,0.4797023620797515,-0.3449716359137903,-0.0784716154414955,0.7954606693914616,0.0349906892269189,-0.1833692258263983,-0.4567584024957152
47921,143134,2022-02-09 00:00:00,96,0.5581395348837209,1,0.4797023620797515,-0.3449716359137903,-0.0784716154414955,-0.0449133712087504,-0.7091540780926705,0.2876820724517808,-0.2231435513142097
47921,458857,2022-02-09 00:00:00,95,0.5523255813953488,1,0.4797023620797515,-0.3449716359137903,-0.0784716154414955,0.3877299349174258,-0.4040792538594142,0.2019413436636075,-0.980829253011726
47921,168201,2022-02-09 00:00:00,95,0.5523255813953488,1,0.4797023620797515,-0.3449716359137903,-0.0784716154414955,0.3766181073102917,0.2757032882785051,-0.038221212820197,-0.5108256237659905
47921,77335,2022-02-09 00:00:00,93,0.5406976744186046,1,0.4797023620797515,-0.3449716359137903,-0.0784716154414955,0.3584049798301604,-0.0707546557452029,0.5005162541071293,-1.3862943611198906
47921,79132,2022-02-09 00:00:00,93,0.5406976744186046,1,0.4797023620797515,-0.3449716359137903,-0.0784716154414955,0.3679068734500669,-0.2004774680759919,0.2581403933513062,-1.6094379124341005
47921,169658,2022-02-09 00:00:00,92,0.5348837209302325,1,0.4797023620797515,-0.3449716359137903,-0.0784716154414955,0.42331731098779,0.5143045200087425,0.2201540124658443,0.0
47921,318701,2022-02-09 00:00:00,91,0.5290697674418605,1,0.4797023620797515,-0.3449716359137903,-0.0784716154414955,0.1122464596840333,-0.5742518592790642,-0.0491326885776448,0.2231435513142097
47921,400168,2022-02-09 00:00:00,91,0.5290697674418605,1,0.4797023620797515,-0.3449716359137903,-0.0784716154414955,-0.0497760423567728,-0.5768219394599742,0.1743533871447784,-0.2231435513142097
47921,212087,2022-02-09 00:00:00,91,0.5290697674418605,1,0.4797023620797515,-0.3449716359137903,-0.0784716154414955,-0.1685805543312668,-1.1322520478919846,0.4027514022365688,0.2876820724517808
47921,93414,2022-02-09 00:00:00,91,0.5290697674418605,1,0.4797023620797515,-0.3449716359137903,-0.0784716154414955,0.1017510818767388,-0.1917386276920746,0.3756121449584828,0.0
130841,333737,2022-02-09 00:00:00,91,0.5986842105263158,1,0.4116540242519484,0.193796809192891,0.0974553361507126,-0.1519919098256997,-0.8532369568766116,0.3374777671232314,0.0
130841,95540,2022-02-09 00:00:00,89,0.5855263157894737,1,0.4116540242519484,0.193796809192891,0.0974553361507126,0.3174366185242414,-0.181414171240457,0.2550611542825152,-0.4054651081081645
130841,113273,2022-02-09 00:00:00,89,0.5855263157894737,1,0.4116540242519484,0.193796809192891,0.0974553361507126,0.2026618802604975,-0.1596031649487931,0.2858818919476329,0.2876820724517808
130841,313907,2022-02-09 00:00:00,88,0.5789473684210527,1,0.4116540242519484,0.193796809192891,0.0974553361507126,0.7954606693914616,0.0349906892269189,-0.1833692258263983,-0.4567584024957152
130841,59451,2022-02-09 00:00:00,88,0.5789473684210527,1,0.4116540242519484,0.193796809192891,0.0974553361507126,0.0479223076050353,0.0832004983430979,0.5140989491109593,-0.6931471805599453
130841,445379,2022-02-09 00:00:00,87,0.5723684210526315,1,0.4116540242519484,0.193796809192891,0.0974553361507126,-0.0515637154506066,-0.3823649748356938,0.0330062964681703,0.5108256237659905
130841,174734,2022-02-09 00:00:00,85,0.5592105263157895,1,0.4116540242519484,0.193796809192891,0.0974553361507126,0.3571411346401971,-0.5610586749003994,0.5571063763299966,-0.2876820724517808
130841,108440,2022-02-09 00:00:00,85,0.5592105263157895,1,0.4116540242519484,0.193796809192891,0.0974553361507126,0.086531597284074,-0.3114797115878165,-0.1053605156578258,0.980829253011726
130841,77335,2022-02-09 00:00:00,85,0.5592105263157895,1,0.4116540242519484,0.193796809192891,0.0974553361507126,0.3584049798301604,-0.0707546557452029,0.5005162541071293,-1.3862943611198906
130841,175932,2022-02-09 00:00:00,85,0.5592105263157895,1,0.4116540242519484,0.193796809192891,0.0974553361507126,0.3940549405938388,-0.2969967690765007,0.2375322887663093,-0.4054651081081644
130841,94165,2022-02-09 00:00:00,85,0.5592105263157895,1,0.4116540242519484,0.193796809192891,0.0974553361507126,-0.1339780631995194,-0.8070769615860417,0.3086152821182466,-1.3862943611198906
76011,445379,2022-02-09 00:00:00,98,0.5868263473053892,1,0.2896033248363516,0.1174675138518464,-0.1934948573920802,-0.0515637154506066,-0.3823649748356938,0.0330062964681703,0.5108256237659905
76011,168867,2022-02-09 00:00:00,94,0.562874251497006,1,0.2896033248363516,0.1174675138518464,-0.1934948573920802,-0.1296813864172554,-0.7062595316843971,0.1294110736515028,-0.4054651081081645
76011,176133,2022-02-09 00:00:00,93,0.5568862275449101,1,0.2896033248363516,0.1174675138518464,-0.1934948573920802,0.1929227445459376,0.3337443368636147,0.177681177237452,0.4054651081081645
76011,41731,2022-02-09 00:00:00,93,0.5568862275449101,1,0.2896033248363516,0.1174675138518464,-0.1934948573920802,0.5492122099806709,0.10984163696164,-0.0447358938413913,-0.4054651081081645
76011,59451,2022-02-09 00:00:00,92,0.5508982035928144,1,0.2896033248363516,0.1174675138518464,-0.1934948573920802,0.0479223076050353,0.0832004983430979,0.5140989491109593,-0.6931471805599453
76011,176239,2022-02-09 00:00:00,92,0.5508982035928144,1,0.2896033248363516,0.1174675138518464,-0.1934948573920802,-0.0813274721518593,-0.8355709607739942,0.388370674748864,1.0986122886681098
76011,130112,2022-02-09 00:00:00,91,0.5449101796407185,1,0.2896033248363516,0.1174675138518464,-0.1934948573920802,0.356578837490714,0.1546077905919053,0.1359019982388591,-0.4054651081081645
76011,79132,2022-02-09 00:00:00,91,0.5449101796407185,1,0.2896033248363516,0.1174675138518464,-0.1934948573920802,0.3679068734500669,-0.2004774680759919,0.2581403933513062,-1.6094379124341005
76011,51530,2022-02-09 00:00:00,91,0.5449101796407185,1,0.2896033248363516,0.1174675138518464,-0.1934948573920802,0.4311752615652149,-0.1041837304800828,-0.011628037995119,0.2876820724517808
76011,403779,2022-02-09 00:00:00,91,0.5449101796407185,1,0.2896033248363516,0.1174675138518464,-0.1934948573920802,0.0845583003853889,-0.1196776254538142,0.1247517049724766,-1.0986122886681098
305230,143134,2022-02-09 00:00:00,97,0.5705882352941176,1,0.3421879069656036,-0.211794935233452,-0.0408219945202548,-0.0449133712087504,-0.7091540780926705,0.2876820724517808,-0.2231435513142097
305230,95540,2022-02-09 00:00:00,93,0.5470588235294118,1,0.3421879069656036,-0.211794935233452,-0.0408219945202548,0.3174366185242414,-0.181414171240457,0.2550611542825152,-0.4054651081081645
305230,59451,2022-02-09 00:00:00,93,0.5470588235294118,1,0.3421879069656036,-0.211794935233452,-0.0408219945202548,0.0479223076050353,0.0832004983430979,0.5140989491109593,-0.6931471805599453
305230,400168,2022-02-09 00:00:00,93,0.5470588235294118,1,0.3421879069656036,-0.211794935233452,-0.0408219945202548,-0.0497760423567728,-0.5768219394599742,0.1743533871447784,-0.2231435513142097
305230,457851,2022-02-09 00:00:00,92,0.5411764705882353,1,0.3421879069656036,-0.211794935233452,-0.0408219945202548,0.2553261745627474,-0.4122184254469402,0.3096171493180364,0.2231435513142097
305230,141177,2022-02-09 00:00:00,91,0.5352941176470588,1,0.3421879069656036,-0.211794935233452,-0.0408219945202548,0.5695059233419348,0.4161389181455599,0.2202407916562476,-0.6931471805599452
305230,113273,2022-02-09 00:00:00,91,0.5352941176470588,1,0.3421879069656036,-0.211794935233452,-0.0408219945202548,0.2026618802604975,-0.1596031649487931,0.2858818919476329,0.2876820724517808
305230,55653,2022-02-09 00:00:00,90,0.5294117647058824,1,0.3421879069656036,-0.211794935233452,-0.0408219945202548,0.4352703933511493,0.2194702089907574,0.0411580724935074,-0.2876820724517808
305230,86200,2022-02-09 00:00:00,90,0.5294117647058824,1,0.3421879069656036,-0.211794935233452,-0.0408219945202548,0.386475729752907,-0.5135578559007148,0.1655144384775733,-0.6931471805599453
305230,168867,2022-02-09 00:00:00,90,0.5294117647058824,1,0.3421879069656036,-0.211794935233452,-0.0408219945202548,-0.1296813864172554,-0.7062595316843971,0.1294110736515028,-0.4054651081081645
305230,43575,2022-02-09 00:00:00,90,0.5294117647058824,1,0.3421879069656036,-0.211794935233452,-0.0408219945202548,0.3161729069675315,-0.2943449054944978,0.368907512374367,0.1752040890250903
466000,445379,2022-02-09 00:00:00,93,0.5849056603773585,1,0.6414792179067429,0.0560402491032252,-0.0981920261792135,-0.0515637154506066,-0.3823649748356938,0.0330062964681703,0.5108256237659905
466000,321957,2022-02-09 00:00:00,92,0.5786163522012578,1,0.6414792179067429,0.0560402491032252,-0.0981920261792135,-0.0361354428076331,-0.8023269608268354,0.0516243654053072,-0.2876820724517808
466000,79132,2022-02-09 00:00:00,91,0.5723270440251572,1,0.6414792179067429,0.0560402491032252,-0.0981920261792135,0.3679068734500669,-0.2004774680759919,0.2581403933513062,-1.6094379124341005
466000,113273,2022-02-09 00:00:00,90,0.5660377358490566,1,0.6414792179067429,0.0560402491032252,-0.0981920261792135,0.2026618802604975,-0.1596031649487931,0.2858818919476329,0.2876820724517808
466000,426345,2022-02-09 00:00:00,89,0.559748427672956,1,0.6414792179067429,0.0560402491032252,-0.0981920261792135,0.4292147576364406,-0.2803163486471088,-0.20806444448709,-0.4054651081081645
466000,59451,2022-02-09 00:00:00,89,0.559748427672956,1,0.6414792179067429,0.0560402491032252,-0.0981920261792135,0.0479223076050353,0.0832004983430979,0.5140989491109593,-0.6931471805599453
466000,194379,2022-02-09 00:00:00,89,0.559748427672956,1,0.6414792179067429,0.0560402491032252,-0.0981920261792135,0.0749617455538453,-0.4569193604514459,0.0694285064317634,-0.916290731874155
466000,313907,2022-02-09 00:00:00,88,0.5534591194968553,1,0.6414792179067429,0.0560402491032252,-0.0981920261792135,0.7954606693914616,0.0349906892269189,-0.1833692258263983,-0.4567584024957152
466000,403779,2022-02-09 00:00:00,87,0.5471698113207547,1,0.6414792179067429,0.0560402491032252,-0.0981920261792135,0.0845583003853889,-0.1196776254538142,0.1247517049724766,-1.0986122886681098
466000,253186,2022-02-09 00:00:00,87,0.5471698113207547,1,0.6414792179067429,0.0560402491032252,-0.0981920261792135,0.4553366827490164,-0.215103684429741,0.2201540124658443,-0.6931471805599452
74354,465958,2022-02-09 00:00:00,91,0.5947712418300654,1,0.541364469463994,0.0403971946259321,-0.0887954987831314,0.4285187303511423,0.2020228865780157,0.0061162270174364,0.6931471805599453
74354,94165,2022-02-09 00:00:00,91,0.5947712418300654,1,0.541364469463994,0.0403971946259321,-0.0887954987831314,-0.1339780631995194,-0.8070769615860417,0.3086152821182466,-1.3862943611198906
74354,108440,2022-02-09 00:00:00,91,0.5947712418300654,1,0.541364469463994,0.0403971946259321,-0.0887954987831314,0.086531597284074,-0.3114797115878165,-0.1053605156578258,0.980829253011726
74354,194379,2022-02-09 00:00:00,90,0.5882352941176471,1,0.541364469463994,0.0403971946259321,-0.0887954987831314,0.0749617455538453,-0.4569193604514459,0.0694285064317634,-0.916290731874155
74354,143134,2022-02-09 00:00:00,90,0.5882352941176471,1,0.541364469463994,0.0403971946259321,-0.0887954987831314,-0.0449133712087504,-0.7091540780926705,0.2876820724517808,-0.2231435513142097
74354,206215,2022-02-09 00:00:00,89,0.5816993464052288,1,0.541364469463994,0.0403971946259321,-0.0887954987831314,0.5875127287042742,0.1966545046959936,0.1560793207336646,-0.4054651081081645
74354,59451,2022-02-09 00:00:00,89,0.5816993464052288,1,0.541364469463994,0.0403971946259321,-0.0887954987831314,0.0479223076050353,0.0832004983430979,0.5140989491109593,-0.6931471805599453
74354,49403,2022-02-09 00:00:00,88,0.5751633986928104,1,0.541364469463994,0.0403971946259321,-0.0887954987831314,-0.0596867637379858,-0.6503519869561505,0.1078889620111844,-0.6931471805599453
74354,445379,2022-02-09 00:00:00,88,0.5751633986928104,1,0.541364469463994,0.0403971946259321,-0.0887954987831314,-0.0515637154506066,-0.3823649748356938,0.0330062964681703,0.5108256237659905
74354,176133,2022-02-09 00:00:00,88,0.5751633986928104,1,0.541364469463994,0.0403971946259321,-0.0887954987831314,0.1929227445459376,0.3337443368636147,0.177681177237452,0.4054651081081645
74354,212087,2022-02-09 00:00:00,88,0.5751633986928104,1,0.541364469463994,0.0403971946259321,-0.0887954987831314,-0.1685805543312668,-1.1322520478919846,0.4027514022365688,0.2876820724517808
322725,301836,2022-02-09 00:00:00,142,0.568,1,0.327126993845368,0.1582656592346118,-0.0425596144187956,0.2034495996347532,-0.103246835444764,0.2623642644674904,-0.5179430915348551
322725,50278,2022-02-09 00:00:00,136,0.544,1,0.327126993845368,0.1582656592346118,-0.0425596144187956,0.3177609513209239,-0.3254034038514454,0.5214640219710462,-1.056052674249314
322725,43575,2022-02-09 00:00:00,135,0.54,1,0.327126993845368,0.1582656592346118,-0.0425596144187956,0.3161729069675315,-0.2943449054944978,0.368907512374367,0.1752040890250903
322725,195828,2022-02-09 00:00:00,135,0.54,1,0.327126993845368,0.1582656592346118,-0.0425596144187956,0.4633201382955957,-0.2083095589107528,0.2478361639045809,0.2076393647782448
322725,153492,2022-02-09 00:00:00,134,0.536,1,0.327126993845368,0.1582656592346118,-0.0425596144187956,0.7742629616180008,0.2173221629734422,-0.2921364228011613,-0.3031862589877456
322725,313907,2022-02-09 00:00:00,133,0.532,1,0.327126993845368,0.1582656592346118,-0.0425596144187956,0.7954606693914616,0.0349906892269189,-0.1833692258263983,-0.4567584024957152
322725,132524,2022-02-09 00:00:00,130,0.52,1,0.327126993845368,0.1582656592346118,-0.0425596144187956,0.5759634847298412,0.0340012693047908,-0.1959736459622822,-0.1310282624064043
322725,247178,2022-02-09 00:00:00,130,0.52,1,0.327126993845368,0.1582656592346118,-0.0425596144187956,0.3665259143605823,-0.0473145407714375,0.0408219945202548,-0.5400247784582524
322725,306249,2022-02-09 00:00:00,93,0.372,0,0.327126993845368,0.1582656592346118,-0.0425596144187956,0.9064452924998389,0.0864905514501803,-0.166126870873974,0.2321122212969699
322725,331373,2022-02-09 00:00:00,93,0.372,0,0.327126993845368,0.1582656592346118,-0.0425596144187956,1.1815980099459589,-0.0581551849800929,0.3364722366212129,-0.2076393647782444
207701,108440,2022-02-09 00:00:00,96,0.5748502994011976,1,0.2327753672710326,0.3280701041869246,-0.1046706225638889,0.086531597284074,-0.3114797115878165,-0.1053605156578258,0.980829253011726
207701,301836,2022-02-09 00:00:00,95,0.5688622754491018,1,0.2327753672710326,0.3280701041869246,-0.1046706225638889,0.2034495996347532,-0.103246835444764,0.2623642644674904,-0.5179430915348551
207701,113273,2022-02-09 00:00:00,95,0.5688622754491018,1,0.2327753672710326,0.3280701041869246,-0.1046706225638889,0.2026618802604975,-0.1596031649487931,0.2858818919476329,0.2876820724517808
207701,77335,2022-02-09 00:00:00,94,0.562874251497006,1,0.2327753672710326,0.3280701041869246,-0.1046706225638889,0.3584049798301604,-0.0707546557452029,0.5005162541071293,-1.3862943611198906
207701,206215,2022-02-09 00:00:00,93,0.5568862275449101,1,0.2327753672710326,0.3280701041869246,-0.1046706225638889,0.5875127287042742,0.1966545046959936,0.1560793207336646,-0.4054651081081645
207701,445379,2022-02-09 00:00:00,93,0.5568862275449101,1,0.2327753672710326,0.3280701041869246,-0.1046706225638889,-0.0515637154506066,-0.3823649748356938,0.0330062964681703,0.5108256237659905
207701,426345,2022-02-09 00:00:00,93,0.5568862275449101,1,0.2327753672710326,0.3280701041869246,-0.1046706225638889,0.4292147576364406,-0.2803163486471088,-0.20806444448709,-0.4054651081081645
207701,321957,2022-02-09 00:00:00,92,0.5508982035928144,1,0.2327753672710326,0.3280701041869246,-0.1046706225638889,-0.0361354428076331,-0.8023269608268354,0.0516243654053072,-0.2876820724517808
207701,318701,2022-02-09 00:00:00,92,0.5508982035928144,1,0.2327753672710326,0.3280701041869246,-0.1046706225638889,0.1122464596840333,-0.5742518592790642,-0.0491326885776448,0.2231435513142097
207701,93414,2022-02-09 00:00:00,91,0.5449101796407185,1,0.2327753672710326,0.3280701041869246,-0.1046706225638889,0.1017510818767388,-0.1917386276920746,0.3756121449584828,0.0
207701,194379,2022-02-09 00:00:00,91,0.5449101796407185,1,0.2327753672710326,0.3280701041869246,-0.1046706225638889,0.0749617455538453,-0.4569193604514459,0.0694285064317634,-0.916290731874155
77331,113273,2022-02-09 00:00:00,92,0.609271523178808,1,0.5467640884088137,-0.0289112421867768,0.0436750635026621,0.2026618802604975,-0.1596031649487931,0.2858818919476329,0.2876820724517808
77331,183308,2022-02-09 00:00:00,91,0.6026490066225165,1,0.5467640884088137,-0.0289112421867768,0.0436750635026621,0.204944034930531,-0.7403311185215996,0.5619549702885944,-0.5108256237659905
77331,400168,2022-02-09 00:00:00,89,0.5894039735099338,1,0.5467640884088137,-0.0289112421867768,0.0436750635026621,-0.0497760423567728,-0.5768219394599742,0.1743533871447784,-0.2231435513142097
77331,176727,2022-02-09 00:00:00,89,0.5894039735099338,1,0.5467640884088137,-0.0289112421867768,0.0436750635026621,0.2950216147636278,-0.6336409993862178,0.3995999886557664,-0.6931471805599452
77331,206215,2022-02-09 00:00:00,88,0.5827814569536424,1,0.5467640884088137,-0.0289112421867768,0.0436750635026621,0.5875127287042742,0.1966545046959936,0.1560793207336646,-0.4054651081081645
77331,79132,2022-02-09 00:00:00,88,0.5827814569536424,1,0.5467640884088137,-0.0289112421867768,0.0436750635026621,0.3679068734500669,-0.2004774680759919,0.2581403933513062,-1.6094379124341005
77331,169658,2022-02-09 00:00:00,88,0.5827814569536424,1,0.5467640884088137,-0.0289112421867768,0.0436750635026621,0.42331731098779,0.5143045200087425,0.2201540124658443,0.0
77331,457851,2022-02-09 00:00:00,87,0.5761589403973509,1,0.5467640884088137,-0.0289112421867768,0.0436750635026621,0.2553261745627474,-0.4122184254469402,0.3096171493180364,0.2231435513142097
77331,212087,2022-02-09 00:00:00,87,0.5761589403973509,1,0.5467640884088137,-0.0289112421867768,0.0436750635026621,-0.1685805543312668,-1.1322520478919846,0.4027514022365688,0.2876820724517808
77331,445379,2022-02-09 00:00:00,86,0.5695364238410596,1,0.5467640884088137,-0.0289112421867768,0.0436750635026621,-0.0515637154506066,-0.3823649748356938,0.0330062964681703,0.5108256237659905
77331,458857,2022-02-09 00:00:00,86,0.5695364238410596,1,0.5467640884088137,-0.0289112421867768,0.0436750635026621,0.3877299349174258,-0.4040792538594142,0.2019413436636075,-0.980829253011726
998430030,224157523,2022-02-10 00:00:00,264,0.2758620689655172,0,0.0975431859230981,-0.637166067878902,0.2450737689855771,-0.9717263989107436,-0.3765062856622053,0.3207153227345909,-0.0313278631418523
998430030,462262,2022-02-10 00:00:00,263,0.2748171368861024,0,0.0975431859230981,-0.637166067878902,0.2450737689855771,-0.9551818710343064,-0.5378613390482363,0.2137938563697048,-0.2574838253025824
998430030,496549942,2022-02-10 00:00:00,262,0.2737722048066875,0,0.0975431859230981,-0.637166067878902,0.2450737689855771,-1.2261933012813249,-0.460165389751725,0.4204714968479681,-1.5105580501102691
998430030,379399457,2022-02-10 00:00:00,258,0.2695924764890282,0,0.0975431859230981,-0.637166067878902,0.2450737689855771,-1.0217494455224398,0.0101146532567724,-0.9769409845296168,1.02857612026858
998430030,62558686,2022-02-10 00:00:00,258,0.2695924764890282,0,0.0975431859230981,-0.637166067878902,0.2450737689855771,-1.0761605748627223,-0.1588338458414708,-0.1896666690783632,0.5790117182830015
998430030,734194786,2022-02-10 00:00:00,239,0.2497387669801463,0,0.0975431859230981,-0.637166067878902,0.2450737689855771,-1.9017033786951785,-0.2136537734224599,0.1790229247956123,-0.132716433553746
998430030,571016844,2022-02-10 00:00:00,238,0.2486938349007314,0,0.0975431859230981,-0.637166067878902,0.2450737689855771,-0.3979875436529491,-0.0637740374510442,0.0049982253287943,1.09861228866811
111114,426345,2022-02-10 00:00:00,98,0.5568181818181818,1,0.0682932525889536,0.3063379856429136,-0.6685759198294399,0.5681850390296762,-0.0274271292175315,-0.8241754429663493,-1.3862943611198906
111114,194379,2022-02-10 00:00:00,95,0.5397727272727273,1,0.0682932525889536,0.3063379856429136,-0.6685759198294399,0.2448380292007398,0.0470412400811739,-0.8051863750370769,-0.916290731874155
111114,168867,2022-02-10 00:00:00,95,0.5397727272727273,1,0.0682932525889536,0.3063379856429136,-0.6685759198294399,0.0215698624416895,-0.3925065299388831,-0.8109302162163283,-0.4054651081081645
111114,93414,2022-02-10 00:00:00,93,0.5284090909090909,1,0.0682932525889536,0.3063379856429136,-0.6685759198294399,0.3006170670468627,0.2049751487227374,-0.711165686062623,0.0
111114,176239,2022-02-10 00:00:00,93,0.5284090909090909,1,0.0682932525889536,0.3063379856429136,-0.6685759198294399,0.0350276970545018,-0.5617328130336553,-0.4312176042105786,1.0986122886681098
111114,227935,2022-02-10 00:00:00,92,0.5227272727272727,1,0.0682932525889536,0.3063379856429136,-0.6685759198294399,0.4542769113334301,-0.0460648400432294,-0.8588586827882798,0.4054651081081645
111114,108440,2022-02-10 00:00:00,92,0.5227272727272727,1,0.0682932525889536,0.3063379856429136,-0.6685759198294399,0.2158268194170753,-0.0624400116732123,-0.758007814761986,0.980829253011726
111114,79132,2022-02-10 00:00:00,91,0.5170454545454546,1,0.0682932525889536,0.3063379856429136,-0.6685759198294399,0.5471104584928783,0.1605889373887783,-0.6752895631599385,-1.6094379124341005
111114,313907,2022-02-10 00:00:00,91,0.5170454545454546,1,0.0682932525889536,0.3063379856429136,-0.6685759198294399,0.960127266168184,0.4547698524498709,-0.8964881045779753,-0.3513978868378888
111114,43575,2022-02-10 00:00:00,91,0.5170454545454546,1,0.0682932525889536,0.3063379856429136,-0.6685759198294399,0.4064202147034814,-0.0315448765888001,-0.2027535956111608,-0.1084806429940696
108440,445379,2022-02-10 00:00:00,104,0.5875706214689266,1,0.2782668310902876,-0.0624400116732123,-0.758007814761986,0.3116291958890342,0.1014703593242922,-0.7178397931503167,0.5108256237659905
108440,143134,2022-02-10 00:00:00,102,0.576271186440678,1,0.2782668310902876,-0.0624400116732123,-0.758007814761986,0.1132545116174853,-0.2509957789090123,-0.6680832118967288,-0.2231435513142097
108440,95540,2022-02-10 00:00:00,102,0.576271186440678,1,0.2782668310902876,-0.0624400116732123,-0.758007814761986,0.4894301671490778,0.1637505038361683,-0.6667139234917894,-1.3862943611198906
108440,43575,2022-02-10 00:00:00,101,0.5706214689265536,1,0.2782668310902876,-0.0624400116732123,-0.758007814761986,0.4064202147034814,-0.0315448765888001,-0.2027535956111608,-0.1084806429940696
108440,313907,2022-02-10 00:00:00,101,0.5706214689265536,1,0.2782668310902876,-0.0624400116732123,-0.758007814761986,0.960127266168184,0.4547698524498709,-0.8964881045779753,-0.3513978868378888
108440,195828,2022-02-10 00:00:00,101,0.5706214689265536,1,0.2782668310902876,-0.0624400116732123,-0.758007814761986,0.6331765185713361,0.1204529348373337,-0.7241307260799132,0.2876820724517812
108440,164274,2022-02-10 00:00:00,100,0.5649717514124294,1,0.2782668310902876,-0.0624400116732123,-0.758007814761986,0.5771085824191651,0.0710360005411152,-0.8132914924020085,0.4054651081081644
108440,301836,2022-02-10 00:00:00,100,0.5649717514124294,1,0.2782668310902876,-0.0624400116732123,-0.758007814761986,0.3190473284170961,0.0835601375703701,-0.1579030294458085,-0.4054651081081646
108440,86200,2022-02-10 00:00:00,99,0.559322033898305,1,0.2782668310902876,-0.0624400116732123,-0.758007814761986,0.5780524997238262,0.0783272868364203,-0.7866732385707689,-0.6931471805599453
59451,445379,2022-02-10 00:00:00,102,0.5340314136125655,1,-0.1898744937453642,0.6437691648064341,-0.4929244134367501,0.3116291958890342,0.1014703593242922,-0.7178397931503167,0.5108256237659905
59451,93414,2022-02-10 00:00:00,100,0.5235602094240838,1,-0.1898744937453642,0.6437691648064341,-0.4929244134367501,0.3006170670468627,0.2049751487227374,-0.711165686062623,0.0
59451,194379,2022-02-10 00:00:00,99,0.518324607329843,1,-0.1898744937453642,0.6437691648064341,-0.4929244134367501,0.2448380292007398,0.0470412400811739,-0.8051863750370769,-0.916290731874155
59451,79132,2022-02-10 00:00:00,99,0.518324607329843,1,-0.1898744937453642,0.6437691648064341,-0.4929244134367501,0.5471104584928783,0.1605889373887783,-0.6752895631599385,-1.6094379124341005
59451,333737,2022-02-10 00:00:00,98,0.5130890052356021,1,-0.1898744937453642,0.6437691648064341,-0.4929244134367501,0.0032275155509212,-0.3805130913566575,-0.5250102587579475,0.4054651081081645
59451,212087,2022-02-10 00:00:00,98,0.5130890052356021,1,-0.1898744937453642,0.6437691648064341,-0.4929244134367501,-0.0216383371108516,-0.7986135172721632,-0.4986832369402654,0.2876820724517808
59451,41731,2022-02-10 00:00:00,98,0.5130890052356021,1,-0.1898744937453642,0.6437691648064341,-0.4929244134367501,0.7387498268564031,0.4345927739672041,-0.9387635877262132,-0.4054651081081645
59451,184766,2022-02-10 00:00:00,98,0.5130890052356021,1,-0.1898744937453642,0.6437691648064341,-0.4929244134367501,0.2662998961822624,-0.4533302224025116,-0.6177234187427034,-1.0986122886681098
59451,301836,2022-02-10 00:00:00,98,0.5130890052356021,1,-0.1898744937453642,0.6437691648064341,-0.4929244134367501,0.3190473284170961,0.0835601375703701,-0.1579030294458085,-0.4054651081081646
106861,132701,2022-02-10 00:00:00,99,0.5625,1,0.0567296740227136,0.2729312753420267,-0.6093772974944871,0.6191053252254163,0.7341737230134886,-0.5450940806008058,0.6931471805599452
106861,55653,2022-02-10 00:00:00,97,0.5511363636363636,1,0.0567296740227136,0.2729312753420267,-0.6093772974944871,0.8336947937195825,0.77872610243477,-0.9714571131828632,-0.2876820724517808
106861,79132,2022-02-10 00:00:00,97,0.5511363636363636,1,0.0567296740227136,0.2729312753420267,-0.6093772974944871,0.5471104584928783,0.1605889373887783,-0.6752895631599385,-1.6094379124341005
106861,143134,2022-02-10 00:00:00,95,0.5397727272727273,1,0.0567296740227136,0.2729312753420267,-0.6093772974944871,0.1132545116174853,-0.2509957789090123,-0.6680832118967288,-0.2231435513142097
106861,41731,2022-02-10 00:00:00,94,0.5340909090909091,1,0.0567296740227136,0.2729312753420267,-0.6093772974944871,0.7387498268564031,0.4345927739672041,-0.9387635877262132,-0.4054651081081645
106861,169658,2022-02-10 00:00:00,94,0.5340909090909091,1,0.0567296740227136,0.2729312753420267,-0.6093772974944871,0.5842229745349233,0.7772160376927408,-0.5374938708481523,-1.0986122886681098
106861,212087,2022-02-10 00:00:00,92,0.5227272727272727,1,0.0567296740227136,0.2729312753420267,-0.6093772974944871,-0.0216383371108516,-0.7986135172721632,-0.4986832369402654,0.2876820724517808
106861,108440,2022-02-10 00:00:00,92,0.5227272727272727,1,0.0567296740227136,0.2729312753420267,-0.6093772974944871,0.2158268194170753,-0.0624400116732123,-0.758007814761986,0.980829253011726
106861,183308,2022-02-10 00:00:00,92,0.5227272727272727,1,0.0567296740227136,0.2729312753420267,-0.6093772974944871,0.3547626434513435,-0.3182388339882345,-0.3190982686851598,-0.5108256237659905
106861,113273,2022-02-10 00:00:00,92,0.5227272727272727,1,0.0567296740227136,0.2729312753420267,-0.6093772974944871,0.3844872119101902,0.2008729031076066,-0.7210559686770219,0.2876820724517808
1041544707,1062263904,2022-02-10 00:00:00,163,0.5525423728813559,1,0.8004483632750027,-1.1627745610244016,0.5087616395451384,-0.3701105629155573,-1.3202702806437483,0.4714230758999624,0.5108256237659905
1041544707,62558686,2022-02-10 00:00:00,160,0.5423728813559322,1,0.8004483632750027,-1.1627745610244016,0.5087616395451384,-1.0761605748627223,-0.1588338458414708,-0.1896666690783632,0.5790117182830015
1041544707,1062263846,2022-02-10 00:00:00,159,0.5389830508474577,1,0.8004483632750027,-1.1627745610244016,0.5087616395451384,-0.3995944329666845,-1.440364590025173,0.5645298027378516,0.5108256237659905
130112,831235791,2022-02-10 00:00:00,100,0.5813953488372093,1,0.0468794470148027,0.4868778175873324,-0.7064511461863088,0.5943990961899915,0.1590788567748738,-0.6931471805599454,-1.871802176901592
130112,445379,2022-02-10 00:00:00,99,0.5755813953488372,1,0.0468794470148027,0.4868778175873324,-0.7064511461863088,0.3116291958890342,0.1014703593242922,-0.7178397931503167,0.5108256237659905
130112,400168,2022-02-10 00:00:00,98,0.5697674418604651,1,0.0468794470148027,0.4868778175873324,-0.7064511461863088,0.1378642474981339,-0.1998037260132538,-0.9162907318741552,0.0
130112,321957,2022-02-10 00:00:00,97,0.563953488372093,1,0.0468794470148027,0.4868778175873324,-0.7064511461863088,0.1190718643048519,-0.2145714445615412,-0.7668906548054943,-0.2876820724517808
130112,127058,2022-02-10 00:00:00,97,0.563953488372093,1,0.0468794470148027,0.4868778175873324,-0.7064511461863088,0.3761057467209958,0.0029529386185945,-0.6589140089177032,-0.916290731874155
130112,95540,2022-02-10 00:00:00,97,0.563953488372093,1,0.0468794470148027,0.4868778175873324,-0.7064511461863088,0.4894301671490778,0.1637505038361683,-0.6667139234917894,-1.3862943611198906
130112,113273,2022-02-10 00:00:00,96,0.5581395348837209,1,0.0468794470148027,0.4868778175873324,-0.7064511461863088,0.3844872119101902,0.2008729031076066,-0.7210559686770219,0.2876820724517808
130112,108440,2022-02-10 00:00:00,96,0.5581395348837209,1,0.0468794470148027,0.4868778175873324,-0.7064511461863088,0.2158268194170753,-0.0624400116732123,-0.758007814761986,0.980829253011726
130112,333737,2022-02-10 00:00:00,96,0.5581395348837209,1,0.0468794470148027,0.4868778175873324,-0.7064511461863088,0.0032275155509212,-0.3805130913566575,-0.5250102587579475,0.4054651081081645
130112,183308,2022-02-10 00:00:00,95,0.5523255813953488,1,0.0468794470148027,0.4868778175873324,-0.7064511461863088,0.3547626434513435,-0.3182388339882345,-0.3190982686851598,-0.5108256237659905
86200,79132,2022-02-10 00:00:00,100,0.5780346820809249,1,0.4997252128874059,0.0783272868364203,-0.7866732385707689,0.5471104584928783,0.1605889373887783,-0.6752895631599385,-1.6094379124341005
86200,43575,2022-02-10 00:00:00,99,0.5722543352601156,1,0.4997252128874059,0.0783272868364203,-0.7866732385707689,0.4064202147034814,-0.0315448765888001,-0.2027535956111608,-0.1084806429940696
86200,108440,2022-02-10 00:00:00,99,0.5722543352601156,1,0.4997252128874059,0.0783272868364203,-0.7866732385707689,0.2158268194170753,-0.0624400116732123,-0.758007814761986,0.980829253011726
86200,176239,2022-02-10 00:00:00,98,0.5664739884393064,1,0.4997252128874059,0.0783272868364203,-0.7866732385707689,0.0350276970545018,-0.5617328130336553,-0.4312176042105786,1.0986122886681098
86200,183308,2022-02-10 00:00:00,98,0.5664739884393064,1,0.4997252128874059,0.0783272868364203,-0.7866732385707689,0.3547626434513435,-0.3182388339882345,-0.3190982686851598,-0.5108256237659905
86200,301836,2022-02-10 00:00:00,97,0.5606936416184971,1,0.4997252128874059,0.0783272868364203,-0.7866732385707689,0.3190473284170961,0.0835601375703701,-0.1579030294458085,-0.4054651081081646
86200,458857,2022-02-10 00:00:00,97,0.5606936416184971,1,0.4997252128874059,0.0783272868364203,-0.7866732385707689,0.8118854551617348,0.3555861587050045,-1.0040861151759932,-0.6931471805599452
86200,195828,2022-02-10 00:00:00,96,0.5549132947976878,1,0.4997252128874059,0.0783272868364203,-0.7866732385707689,0.6331765185713361,0.1204529348373337,-0.7241307260799132,0.2876820724517812
86200,333737,2022-02-10 00:00:00,96,0.5549132947976878,1,0.4997252128874059,0.0783272868364203,-0.7866732385707689,0.0032275155509212,-0.3805130913566575,-0.5250102587579475,0.4054651081081645
86200,328464,2022-02-10 00:00:00,96,0.5549132947976878,1,0.4997252128874059,0.0783272868364203,-0.7866732385707689,0.2428245171598546,0.4995959917926453,-0.9628107475090486,-0.6931471805599453
86200,168867,2022-02-10 00:00:00,96,0.5549132947976878,1,0.4997252128874059,0.0783272868364203,-0.7866732385707689,0.0215698624416895,-0.3925065299388831,-0.8109302162163283,-0.4054651081081645
1055924553,224157523,2022-02-10 00:00:00,249,0.3699851411589896,0,1.2901631378885683,-1.5155776365410216,0.5555801741497657,-0.9717263989107436,-0.3765062856622053,0.3207153227345909,-0.0313278631418523
1055924553,462262,2022-02-10 00:00:00,246,0.3655274888558692,0,1.2901631378885683,-1.5155776365410216,0.5555801741497657,-0.9551818710343064,-0.5378613390482363,0.2137938563697048,-0.2574838253025824
1055924553,734194786,2022-02-10 00:00:00,232,0.3447251114413076,0,1.2901631378885683,-1.5155776365410216,0.5555801741497657,-1.9017033786951785,-0.2136537734224599,0.1790229247956123,-0.132716433553746
1055924553,62558686,2022-02-10 00:00:00,232,0.3447251114413076,0,1.2901631378885683,-1.5155776365410216,0.5555801741497657,-1.0761605748627223,-0.1588338458414708,-0.1896666690783632,0.5790117182830015
1055924553,496549942,2022-02-10 00:00:00,231,0.3432392273402674,0,1.2901631378885683,-1.5155776365410216,0.5555801741497657,-1.2261933012813249,-0.460165389751725,0.4204714968479681,-1.5105580501102691
1055924553,379399457,2022-02-10 00:00:00,230,0.3417533432392273,0,1.2901631378885683,-1.5155776365410216,0.5555801741497657,-1.0217494455224398,0.0101146532567724,-0.9769409845296168,1.02857612026858
1055924553,1002085156,2022-02-10 00:00:00,226,0.3358098068350668,0,1.2901631378885683,-1.5155776365410216,0.5555801741497657,-0.7149697869281786,-0.5941173705792141,0.4538521277448231,-2.511995810636172
168201,333737,2022-02-10 00:00:00,101,0.5489130434782609,1,-0.0154126193997289,0.5736966195932066,-0.9118363815247744,0.0032275155509212,-0.3805130913566575,-0.5250102587579475,0.4054651081081645
168201,146457,2022-02-10 00:00:00,100,0.5434782608695652,1,-0.0154126193997289,0.5736966195932066,-0.9118363815247744,0.7996285798349062,0.2856537258507626,-0.4424086232998485,0.0
168201,248585,2022-02-10 00:00:00,99,0.5380434782608695,1,-0.0154126193997289,0.5736966195932066,-0.9118363815247744,0.3169727856133637,0.5321108331368849,-0.6267721116150726,0.6931471805599453
168201,194379,2022-02-10 00:00:00,99,0.5380434782608695,1,-0.0154126193997289,0.5736966195932066,-0.9118363815247744,0.2448380292007398,0.0470412400811739,-0.8051863750370769,-0.916290731874155
168201,458857,2022-02-10 00:00:00,99,0.5380434782608695,1,-0.0154126193997289,0.5736966195932066,-0.9118363815247744,0.8118854551617348,0.3555861587050045,-1.0040861151759932,-0.6931471805599452
168201,95540,2022-02-10 00:00:00,99,0.5380434782608695,1,-0.0154126193997289,0.5736966195932066,-0.9118363815247744,0.4894301671490778,0.1637505038361683,-0.6667139234917894,-1.3862943611198906
168201,143134,2022-02-10 00:00:00,99,0.5380434782608695,1,-0.0154126193997289,0.5736966195932066,-0.9118363815247744,0.1132545116174853,-0.2509957789090123,-0.6680832118967288,-0.2231435513142097
168201,426345,2022-02-10 00:00:00,98,0.532608695652174,1,-0.0154126193997289,0.5736966195932066,-0.9118363815247744,0.5681850390296762,-0.0274271292175315,-0.8241754429663493,-1.3862943611198906
206215,194379,2022-02-13 00:00:00,105,0.5440414507772021,1,-0.0204911472542672,1.290407759960014,-2.162974654293141,0.7649440962469741,0.6570561485123029,-2.860518794746484,-0.916290731874155
206215,183308,2022-02-13 00:00:00,103,0.533678756476684,1,-0.0204911472542672,1.290407759960014,-2.162974654293141,1.168217772378393,0.8001237415246101,-1.7171486054368803,-1.0986122886681096
206215,132524,2022-02-13 00:00:00,101,0.5233160621761658,1,-0.0204911472542672,1.290407759960014,-2.162974654293141,1.1181770621453588,0.8720125591158194,-1.6887477508919844,0.7049816382069483
206215,79132,2022-02-13 00:00:00,100,0.5181347150259067,1,-0.0204911472542672,1.290407759960014,-2.162974654293141,1.0337553836940996,0.9429580528844816,-2.1135745480492947,-0.2876820724517808
206215,445379,2022-02-13 00:00:00,99,0.5129533678756477,1,-0.0204911472542672,1.290407759960014,-2.162974654293141,0.6795791386044246,0.8919637417412771,-2.2046046846338423,0.0
206215,108440,2022-02-13 00:00:00,99,0.5129533678756477,1,-0.0204911472542672,1.290407759960014,-2.162974654293141,0.8465153525938507,0.87318660207289,-3.027369358497174,1.0986122886681098
206215,400168,2022-02-13 00:00:00,98,0.5077720207253886,1,-0.0204911472542672,1.290407759960014,-2.162974654293141,0.2873060315854537,0.2705221048296087,-2.309457972281808,0.0
206215,168201,2022-02-13 00:00:00,97,0.5025906735751295,1,-0.0204911472542672,1.290407759960014,-2.162974654293141,1.2584265945505588,1.2497206122934692,-2.451005098112319,-1.9459101490553128
206215,153492,2022-02-13 00:00:00,97,0.5025906735751295,1,-0.0204911472542672,1.290407759960014,-2.162974654293141,1.1711638836406362,0.9922446986196298,-1.455743749391762,0.0160003413464409
206215,313907,2022-02-13 00:00:00,97,0.5025906735751295,1,-0.0204911472542672,1.290407759960014,-2.162974654293141,1.2066650743927296,0.8788506233647136,-1.815774345431929,0.0833816089390508
242933,126849,2022-02-16 00:00:00,256,0.1872713972201902,0,1.878950535410369,0.2175659844459234,0.6931471805599453,-1.3530105086443018,-0.4111347043319404,0.0254790853009856,0.102157717753303
242933,126826,2022-02-16 00:00:00,191,0.1397220190197513,0,1.878950535410369,0.2175659844459234,0.6931471805599453,1.5641705455194497,,1.3862943611198906,0.0
1029741972,176271432,2022-02-16 00:00:00,18,0.3,0,0.1071321708726801,0.1788049625181788,-0.649796739686332,0.2005914046786012,-0.0726936099529402,-0.2986971326824585,-1.0593008684532217
1029741972,1126605735,2022-02-16 00:00:00,17,0.2833333333333333,0,0.1071321708726801,0.1788049625181788,-0.649796739686332,0.4449153251743212,0.0522791467853496,-0.2402155352128572,-1.0439224023714893
1029741972,47695,2022-02-16 00:00:00,17,0.2833333333333333,0,0.1071321708726801,0.1788049625181788,-0.649796739686332,0.2793691874147941,0.3313506679811171,-0.5329259707666569,-0.7904460915467446
1029741972,734267842,2022-02-16 00:00:00,17,0.2833333333333333,0,0.1071321708726801,0.1788049625181788,-0.649796739686332,0.2140095693330794,-0.2446096212629728,-0.2741683532850576,-0.5135065905192482
1029741972,1119808496,2022-02-16 00:00:00,17,0.2833333333333333,0,0.1071321708726801,0.1788049625181788,-0.649796739686332,0.4845521254623877,0.3997386853716079,-0.5636891133230586,-0.5894074107998524
1029741972,2628,2022-02-16 00:00:00,17,0.2833333333333333,0,0.1071321708726801,0.1788049625181788,-0.649796739686332,0.0048235121834638,0.0470584863485778,-0.3243395632957959,-0.8088315795594072
1029741972,223429,2022-02-16 00:00:00,17,0.2833333333333333,0,0.1071321708726801,0.1788049625181788,-0.649796739686332,0.4348477463895751,0.4702756877867123,-1.2185716037470886,-0.8462695826616375
1029741972,665872424,2022-02-16 00:00:00,16,0.2666666666666666,0,0.1071321708726801,0.1788049625181788,-0.649796739686332,-0.7048393892630107,-0.7223569837072461,3.78205190215287,1.346199903918012
1029741972,490249906,2022-02-16 00:00:00,16,0.2666666666666666,0,0.1071321708726801,0.1788049625181788,-0.649796739686332,0.5388359896770358,0.4685376184368419,-0.6113171623123135,-0.2876820724517808
1029741972,695379616,2022-02-16 00:00:00,16,0.2666666666666666,0,0.1071321708726801,0.1788049625181788,-0.649796739686332,0.5264198298522859,0.4127209936900719,-0.9042785754261518,-0.0481192483441983
48707,197152,2022-02-18 00:00:00,28,0.345679012345679,0,2.314082504302216,-1.0085565016104896,1.203972804325936,-0.7899436934421843,,3.9318256327243257,0.0
48707,23560,2022-02-18 00:00:00,27,0.3333333333333333,0,2.314082504302216,-1.0085565016104896,1.203972804325936,1.5673655660173789,-0.3368351639784026,2.1400661634962708,2.525728644308255
48707,161683,2022-02-18 00:00:00,26,0.3209876543209876,0,2.314082504302216,-1.0085565016104896,1.203972804325936,1.9449712408782944,0.0660207054679256,1.0986122886681096,-0.6931471805599453
48707,92,2022-02-18 00:00:00,26,0.3209876543209876,0,2.314082504302216,-1.0085565016104896,1.203972804325936,0.3053977909505926,1.6520838472763648,-1.835394405124925,3.4657359027997265
104416,47820,2022-02-23 00:00:00,28,0.4444444444444444,0,-0.6959976452286971,-1.1949289187798795,-0.9993423894780342,-1.11867113405783,-3.510463775762896,2.9444389791664403,0.6931471805599453
104416,130092,2022-02-23 00:00:00,27,0.4285714285714285,0,-0.6959976452286971,-1.1949289187798795,-0.9993423894780342,0.7647712803972919,1.858274893573059,-1.9080984613122045,0.0
104416,92824,2022-02-23 00:00:00,27,0.4285714285714285,0,-0.6959976452286971,-1.1949289187798795,-0.9993423894780342,0.4000037472433623,-2.248209947609052,3.676300671907076,-1.0986122886681098
1392245414,2116182225,2022-02-26 00:00:00,385,0.6209677419354839,1,0.8682679750253014,-0.1198547425442303,0.77458751250012,-3.0033814992202648,0.2202135940371188,-0.2765129491681239,0.0118202317829592
1392245414,2142869226,2022-02-26 00:00:00,382,0.6161290322580645,1,0.8682679750253014,-0.1198547425442303,0.77458751250012,-3.074470631919926,0.0457779539283587,-0.0457558776194826,-0.095038231291566
1392245414,2142865506,2022-02-26 00:00:00,380,0.6129032258064516,1,0.8682679750253014,-0.1198547425442303,0.77458751250012,-2.86781787523581,0.175109137360331,-0.2209535514343752,-0.0418526707893143
1392245414,2143002309,2022-02-26 00:00:00,379,0.6112903225806452,1,0.8682679750253014,-0.1198547425442303,0.77458751250012,-2.928579466516396,0.1377423686309593,-0.192415223682552,-0.0710234925079102
46561,579,2022-02-27 00:00:00,116,0.3959044368600682,0,1.23677191829847,-0.2740475605900969,3.688879454113936,-2.1514705317354568,0.1288431574363668,-0.2145964907357509,-0.1091341050414662
46561,2113,2022-02-27 00:00:00,99,0.3378839590443686,0,1.23677191829847,-0.2740475605900969,3.688879454113936,-1.9751927898611756,0.3759707851482057,-0.5471323786487954,-0.176574226863309
46561,3575,2022-02-27 00:00:00,94,0.3208191126279863,0,1.23677191829847,-0.2740475605900969,3.688879454113936,0.5766274391406812,0.9676607565705646,-0.5650013578680158,-2.0858641713363024
238547,287686,2022-03-01 00:00:00,31,0.4133333333333333,0,1.878950535410369,0.0202001556683297,1.3862943611198904,2.0965165198562925,,1.3862943611198906,0.0
238547,188284,2022-03-01 00:00:00,30,0.4,0,1.878950535410369,0.0202001556683297,1.3862943611198904,1.878950535410369,-0.0168334630569415,-0.916290731874155,-1.0986122886681096
238547,274730341,2022-03-01 00:00:00,29,0.3866666666666666,0,1.878950535410369,0.0202001556683297,1.3862943611198904,0.7408743597987527,-0.2152698450315404,-0.6359887667199966,0.1910552367627094
238547,417754956,2022-03-01 00:00:00,29,0.3866666666666666,0,1.878950535410369,0.0202001556683297,1.3862943611198904,1.1459520139028294,0.1555253566034889,-0.6268977950187447,0.3001045924503382
238547,256353,2022-03-01 00:00:00,29,0.3866666666666666,0,1.878950535410369,0.0202001556683297,1.3862943611198904,1.878950535410369,-0.0495155291009441,-1.252762968495368,-1.252762968495368
238547,249091,2022-03-01 00:00:00,29,0.3866666666666666,0,1.878950535410369,0.0202001556683297,1.3862943611198904,2.288832309716804,0.2175659844459239,-0.2231435513142097,-1.252762968495368
238547,710,2022-03-01 00:00:00,29,0.3866666666666666,0,1.878950535410369,0.0202001556683297,1.3862943611198904,-0.8665979603724909,-0.4369565718916209,0.4224554190413174,-0.6782374261936583
1393851705,1392166397,2022-03-02 00:00:00,35,0.3333333333333333,0,0.8243222734394408,0.3202403692847498,-0.7393600237150766,0.8631153095620231,-0.1535750751091232,0.2657031657330053,-0.0472528848505451
1393851705,1392166028,2022-03-02 00:00:00,34,0.3238095238095238,0,0.8243222734394408,0.3202403692847498,-0.7393600237150766,-1.8197554330904284,-0.1281158223697083,-0.294491136208947,0.1544985422164062
1393851705,671804639,2022-03-02 00:00:00,34,0.3238095238095238,0,0.8243222734394408,0.3202403692847498,-0.7393600237150766,-2.041850765284743,0.0106643941394741,-0.0888576125133919,0.3526839396178296
1393851705,1392108845,2022-03-02 00:00:00,33,0.3142857142857143,0,0.8243222734394408,0.3202403692847498,-0.7393600237150766,-1.7324533039649626,0.5217965929580006,-0.3188386075070664,0.3103658765168369
1393851705,1392114070,2022-03-02 00:00:00,33,0.3142857142857143,0,0.8243222734394408,0.3202403692847498,-0.7393600237150766,-0.4458256988408823,0.2916518283557722,-0.4776971909338394,0.3568385966680063
447497,1184775,2022-03-09 00:00:00,44,0.2303664921465968,0,,,6.313548046277095,-2.052648519714112,-2.386392512338089,3.2900330191845297,-0.4516836555908838
447497,178412,2022-03-09 00:00:00,43,0.225130890052356,0,,,6.313548046277095,-0.0587447147977472,0.4490255397577897,-2.929287174145838,-1.0986122886681098
447497,145282,2022-03-09 00:00:00,43,0.225130890052356,0,,,6.313548046277095,-0.3796905214606841,-2.258641056871053,2.3353749158170363,0.0
447497,465514,2022-03-09 00:00:00,42,0.2198952879581152,0,,,6.313548046277095,-1.478296025220135,0.614350656115737,-0.7751603322207803,0.0
447497,105705,2022-03-09 00:00:00,41,0.2146596858638743,0,,,6.313548046277095,1.878950535410369,-0.0505003891708246,-0.4054651081081645,-1.791759469228055
540675,41873,2022-03-10 00:00:00,91,0.1678966789667896,0,1.5448193448601713,0.4064165846534753,2.2686835413183646,-1.453297610073479,-0.3580736232437007,0.6325225587435108,0.835074983000915
66237510,441980,2022-03-17 00:00:00,18,0.1,0,,,4.3694478524670215,1.878950535410369,1.1158099916239923,-2.079441541679836,-1.3682758556172128
66237510,331200,2022-03-17 00:00:00,17,0.0944444444444444,0,,,4.3694478524670215,-0.2258378895722752,-0.7558471936793892,-0.1495317339709636,-0.2814124594381857
66237510,41686,2022-03-17 00:00:00,16,0.0888888888888888,0,,,4.3694478524670215,1.1086996180177096,-0.7702509173926595,1.8458266904983305,-4.8283137373023015
98465,50530,2022-03-17 00:00:00,10,0.1639344262295081,0,,,3.688879454113936,1.1840646631676857,-0.1533388774380371,0.3448404862917296,-0.1590646946296874
1830569691,109519,2022-03-24 00:00:00,10,0.2439024390243902,0,-1.48604514922019,1.0269657404629848,-0.1000834585569823,-1.7604547677354812,-0.6680173462281505,0.7083829323373658,0.0880248049963041
227136,871149057,2022-03-31 00:00:00,14,0.4666666666666667,0,1.153871833956592,0.3971557485871342,-0.1941560144409577,1.421348188324101,0.0783758853753031,-0.0500104205746616,0.4054651081081645
227136,871348393,2022-03-31 00:00:00,14,0.4666666666666667,0,1.153871833956592,0.3971557485871342,-0.1941560144409577,1.42283185093439,-0.0789867194784634,0.167054084663166,0.0
227136,995504294,2022-03-31 00:00:00,14,0.4666666666666667,0,1.153871833956592,0.3971557485871342,-0.1941560144409577,1.4267844640303626,0.0912519067823915,0.1144103511777441,-0.6931471805599453
227136,877589207,2022-03-31 00:00:00,14,0.4666666666666667,0,1.153871833956592,0.3971557485871342,-0.1941560144409577,1.3054633635859632,-0.0805774216105403,0.2666286632539485,0.0
1173623024,1168338034,2022-04-01 00:00:00,12,0.5454545454545454,1,1.142099644590727,0.2616256082667563,-0.3209077200801014,1.4833779714207571,0.1443897885033744,-0.2478361639045814,1.0986122886681098
1173623024,871149057,2022-04-01 00:00:00,11,0.5,1,1.142099644590727,0.2616256082667563,-0.3209077200801014,1.4652867300962753,0.2365546357551311,-0.2947995402206449,0.4054651081081645
1173623024,1392461162,2022-04-01 00:00:00,11,0.5,1,1.142099644590727,0.2616256082667563,-0.3209077200801014,1.2747771700723085,-0.1481432348822509,0.2947995402206449,-1.791759469228055
1173623024,877589207,2022-04-01 00:00:00,11,0.5,1,1.142099644590727,0.2616256082667563,-0.3209077200801014,1.287227221086881,-0.0654004450546028,0.2602830982636668,0.6931471805599453
190345767,131174826,2022-04-05 00:00:00,206,0.132305716120745,0,1.7954177377728195,-0.0835327976375497,0.5108256237659909,1.7361502746508022,,1.9459101490553128,0.0
190345767,3180438,2022-04-05 00:00:00,196,0.125883108542068,0,1.7954177377728195,-0.0835327976375497,0.5108256237659909,0.9281587365532212,-0.640925942822482,2.007468042054746,0.0
190345767,41873,2022-04-05 00:00:00,183,0.117533718689788,0,1.7954177377728195,-0.0835327976375497,0.5108256237659909,-1.5812616234963837,-0.1624657982499331,-0.5426367770564768,-0.5972954528711458
1607635941,41873,2022-04-07 00:00:00,645,0.2071956312238997,0,-0.1066533967325368,1.3337697186877755,-0.5027284135333714,-1.4580093181006368,-0.1227060603618577,-0.0852074620060001,-0.1936243868764098
1607635941,1392110762,2022-04-07 00:00:00,614,0.1972373915836813,0,-0.1066533967325368,1.3337697186877755,-0.5027284135333714,-1.5055510516237056,0.5066845108280658,-0.2900744180904002,-0.2044605944784354
1392117521,1392158625,2022-04-08 00:00:00,222,0.1257078142695356,0,0.6930739506265624,-0.0940842921118301,-1.3217558399823195,-0.592559398217022,0.3184223780125519,-0.2681200361133955,1.442383827770934
1392117521,43398,2022-04-08 00:00:00,193,0.109286523216308,0,0.6930739506265624,-0.0940842921118301,-1.3217558399823195,1.1698352446848634,-0.3283145953666606,1.3545456628053103,-1.6582280766035324
1392117521,136950,2022-04-08 00:00:00,177,0.1002265005662514,0,0.6930739506265624,-0.0940842921118301,-1.3217558399823195,-1.341933581098292,0.1162988543824286,-0.0248459985865308,0.398639143037764
1392117521,48,2022-04-08 00:00:00,167,0.094563986409966,0,0.6930739506265624,-0.0940842921118301,-1.3217558399823195,-0.0603733201251034,-0.1324974940854672,0.1692584628192301,-1.1196656978659425
1392117521,55115,2022-04-08 00:00:00,152,0.0860702151755379,0,0.6930739506265624,-0.0940842921118301,-1.3217558399823195,0.6841775990673955,0.6631406267711427,-1.1909107669025962,2.709331431258259
202185,91605,2022-04-08 00:00:00,15,0.5357142857142857,1,,,4.406719247264253,-0.3753804983111856,-0.6718302194241623,-0.3484910770473872,-2.6390573296152584
202185,93820,2022-04-08 00:00:00,13,0.4642857142857143,0,,,4.406719247264253,0.8945575232806472,-0.984393012129722,1.6094379124341005,-4.787491742782046
202185,320557,2022-04-08 00:00:00,13,0.4642857142857143,0,,,4.406719247264253,0.9101029103063112,1.1724472960715155,-2.9278548511509057,-0.7634240239759125
202185,64386,2022-04-08 00:00:00,13,0.4642857142857143,0,,,4.406719247264253,1.878950535410369,-0.0660207054679258,-1.0986122886681096,-3.5409593240373143
202185,140762,2022-04-08 00:00:00,13,0.4642857142857143,0,,,4.406719247264253,1.5448193448601713,2.545905597955538,-4.158883083359672,-1.2527629684953678
202185,262933,2022-04-08 00:00:00,13,0.4642857142857143,0,,,4.406719247264253,-0.7049127721376236,-0.722270496184968,-0.9335325383086612,-4.02535169073515
1392220276,1392108711,2022-04-14 00:00:00,55,0.1031894934333958,0,0.8012689059075971,0.3926239376162103,-1.8240203314462768,-1.0234961298033076,0.4206356172157459,-0.0482322451926888,0.0878356660869963
1392220276,1392108845,2022-04-14 00:00:00,43,0.0806754221388367,0,0.8012689059075971,0.3926239376162103,-1.8240203314462768,-2.146726730374595,0.0556555752717633,-0.1046427693503222,-0.073991251990181
1392220276,1392108840,2022-04-14 00:00:00,43,0.0806754221388367,0,0.8012689059075971,0.3926239376162103,-1.8240203314462768,-1.7771875288447778,1.014262969160241,-1.2303815662992328,0.1762934564992058
1392220276,1392114070,2022-04-14 00:00:00,41,0.0769230769230769,0,0.8012689059075971,0.3926239376162103,-1.8240203314462768,0.2602488233160596,-0.0760172952847794,0.5748059534293981,1.0815775897890625
1392220276,1392128508,2022-04-14 00:00:00,40,0.075046904315197,0,0.8012689059075971,0.3926239376162103,-1.8240203314462768,-1.9967572232536752,0.6791001249184561,-0.2348753869692306,0.34504421451898
155027,503,2022-04-14 00:00:00,18,0.6,1,0.1460358611354202,0.5607766675283905,-1.7300659002227157,1.1104701875268082,0.568431784246835,-0.9670359308793904,-1.82179175632693
155027,477,2022-04-14 00:00:00,15,0.5,1,0.1460358611354202,0.5607766675283905,-1.7300659002227157,1.2265531831776737,0.6286565906391428,-1.332805676168904,-2.073374788997598
155027,480,2022-04-14 00:00:00,15,0.5,1,0.1460358611354202,0.5607766675283905,-1.7300659002227157,1.7128679840642729,0.870455960193887,-1.669157147135723,-1.7206635475443246
155027,2113,2022-04-14 00:00:00,15,0.5,1,0.1460358611354202,0.5607766675283905,-1.7300659002227157,-1.9108130353267845,0.3347838194178598,-0.8550637727179708,-0.1372748907527992
155027,513,2022-04-14 00:00:00,13,0.4333333333333333,0,0.1460358611354202,0.5607766675283905,-1.7300659002227157,1.4495571141089418,0.2192797326081899,-0.3184537311185345,-1.8412395264914243
1126972417,430745201,2022-04-14 00:00:00,19,0.5757575757575758,1,-0.1807325694403788,0.7622688432280307,-0.7171620567638195,0.4150890537702518,-0.0885677747978505,-0.2294131643278047,0.1513178167429538
1126972417,695379616,2022-04-14 00:00:00,19,0.5757575757575758,1,-0.1807325694403788,0.7622688432280307,-0.7171620567638195,-0.0053570206224055,-0.1592536416430726,-0.4657573383642841,-0.2635232369750451
1126972417,1197383949,2022-04-14 00:00:00,18,0.5454545454545454,1,-0.1807325694403788,0.7622688432280307,-0.7171620567638195,0.3586539584194314,-0.1015842253329238,0.1042037775300022,0.3832419713234545
1126972417,1127790622,2022-04-14 00:00:00,18,0.5454545454545454,1,-0.1807325694403788,0.7622688432280307,-0.7171620567638195,0.5402425984300159,0.2161138490941543,-0.2006706954621515,0.3063742054639338
1126972417,45022,2022-04-14 00:00:00,18,0.5454545454545454,1,-0.1807325694403788,0.7622688432280307,-0.7171620567638195,0.7246232602935149,0.2935133954063024,-0.3819346106979706,0.3156381497183709
1126972417,455,2022-04-14 00:00:00,18,0.5454545454545454,1,-0.1807325694403788,0.7622688432280307,-0.7171620567638195,0.5857750600579427,0.2488878070980902,-0.4222722264245462,-0.5699587263366537
1126972417,47695,2022-04-14 00:00:00,18,0.5454545454545454,1,-0.1807325694403788,0.7622688432280307,-0.7171620567638195,0.3649986099107076,0.1496834553072041,-0.2554212102335595,0.3597629546273087
1126972417,176271432,2022-04-14 00:00:00,18,0.5454545454545454,1,-0.1807325694403788,0.7622688432280307,-0.7171620567638195,0.4139898443455568,0.0551101156861824,-0.1493774010746005,-0.022472855852059
1126972417,707247011,2022-04-14 00:00:00,17,0.5151515151515151,1,-0.1807325694403788,0.7622688432280307,-0.7171620567638195,0.505797226060016,0.1812110406658608,-0.4054651081081637,-0.3101549283038398
1126972417,1156252557,2022-04-14 00:00:00,17,0.5151515151515151,1,-0.1807325694403788,0.7622688432280307,-0.7171620567638195,0.5104509115645144,0.1334266588691202,-0.1162598061158624,0.2698611758816689
151708,150459,2022-04-15 00:00:00,52,0.348993288590604,0,0.3793331492310129,0.1086386822779454,-2.03688192726104,0.2712033488984437,-0.0351074147924379,-1.8772816426662176,0.0
151708,86976,2022-04-15 00:00:00,48,0.3221476510067114,0,0.3793331492310129,0.1086386822779454,-2.03688192726104,1.3077494923721014,,1.3862943611198906,-1.3862943611198906
151708,151158,2022-04-15 00:00:00,45,0.3020134228187919,0,0.3793331492310129,0.1086386822779454,-2.03688192726104,1.5448193448601713,,1.0986122886681098,0.0
81149,119866,2022-04-20 00:00:00,15,0.5172413793103449,1,,,7.069023426578259,-1.6623087744556655,-1.1593937996508354,1.406913648322626,-5.4638318050256105
81149,52137,2022-04-20 00:00:00,14,0.4827586206896552,0,,,7.069023426578259,-0.7583471349162656,-2.6372976703266344,4.740574822994295,-3.3843902633457743
81149,226498,2022-04-20 00:00:00,14,0.4827586206896552,0,,,7.069023426578259,-0.6767078126749433,-2.2215271575351148,3.005682604407159,1.3862943611198906
108478,86976,2022-04-20 00:00:00,42,0.3111111111111111,0,,,1.791759469228055,1.3077494923721014,,1.3862943611198906,-1.0986122886681098
1126605735,695379616,2022-04-21 00:00:00,20,0.5263157894736842,1,-0.0150242834066696,0.5176292219560021,-1.0319209141694374,0.4108666010949784,0.3913940333584382,-1.0912321813704864,-0.7342272063034097
1126605735,2628,2022-04-21 00:00:00,20,0.5263157894736842,1,-0.0150242834066696,0.5176292219560021,-1.0319209141694374,0.0178638199385913,0.8636683110129311,-1.386642005830501,-0.9704276614153456
1126605735,1197383949,2022-04-21 00:00:00,19,0.5,1,-0.0150242834066696,0.5176292219560021,-1.0319209141694374,0.4624697776267394,0.0902144447145696,-0.8261703139613283,-0.6804081547825156
1126605735,402,2022-04-21 00:00:00,19,0.5,1,-0.0150242834066696,0.5176292219560021,-1.0319209141694374,0.0525527507665003,0.2405495931394699,-0.3872827890249741,-0.7995037869853192
1126605735,390795,2022-04-21 00:00:00,19,0.5,1,-0.0150242834066696,0.5176292219560021,-1.0319209141694374,0.3463878809105854,-0.0424733328863092,-0.4823539496846782,-0.8222617822258789
1126605735,176271432,2022-04-21 00:00:00,19,0.5,1,-0.0150242834066696,0.5176292219560021,-1.0319209141694374,0.5501367585448458,0.298220334312112,-0.922935274592824,-0.1100008952143287
1126605735,501213215,2022-04-21 00:00:00,19,0.5,1,-0.0150242834066696,0.5176292219560021,-1.0319209141694374,0.4372940143141126,0.1606677267986769,-0.5083224935478725,-0.5255317711556868
1126605735,707247011,2022-04-21 00:00:00,18,0.4736842105263157,0,-0.0150242834066696,0.5176292219560021,-1.0319209141694374,0.4751856526616587,0.3430372938704253,-0.6184856517909258,-0.881403472873715
1126605735,1156252557,2022-04-21 00:00:00,18,0.4736842105263157,0,-0.0150242834066696,0.5176292219560021,-1.0319209141694374,0.4004555117784746,-0.0143847877875878,-0.2811673914305865,-0.6764523019877755
43494,2142878670,2022-04-28 00:00:00,361,0.4640102827763496,0,1.2537483009853527,0.1442512491704184,-1.3862943611198908,-2.885717236801344,0.0234292034755445,-0.0671393028376279,-0.1450590872012789
43494,3863,2022-04-28 00:00:00,360,0.4627249357326478,0,1.2537483009853527,0.1442512491704184,-1.3862943611198908,-0.0846895534356846,0.8500413853706298,-0.8063535491889171,0.266165105227147
1182223835,1271115223,2022-04-28 00:00:00,66,0.3267326732673267,0,-1.9075535638019183,1.545341454692421,-1.9696731775675893,-0.7928517954128024,0.6464779866995988,-0.9958191685155297,0.1812526096050488
1182223835,1292805034,2022-04-28 00:00:00,61,0.3019801980198019,0,-1.9075535638019183,1.545341454692421,-1.9696731775675893,1.878950535410369,0.3078314005878271,-1.6094379124341005,0.6931471805599453
1182223835,293396,2022-04-28 00:00:00,47,0.2326732673267326,0,-1.9075535638019183,1.545341454692421,-1.9696731775675893,-0.957067391277273,,5.231108616854587,0.0
1182223835,340443083,2022-04-28 00:00:00,42,0.2079207920792079,0,-1.9075535638019183,1.545341454692421,-1.9696731775675893,-1.2532076260320366,0.7887585570463478,-1.169126072995767,0.247288602062043
108541,2142869398,2022-04-30 00:00:00,620,0.8266666666666667,1,0.2405005018795992,0.8021512691153087,-3.4185891243740247,-2.901535623441664,-0.0308512154454478,0.0168124836845393,-0.1396304091675322
108541,2142926031,2022-04-30 00:00:00,617,0.8226666666666667,1,0.2405005018795992,0.8021512691153087,-3.4185891243740247,-2.8872218383420405,0.026051550549754,-0.0637529355841728,-0.1587483890758871
108541,2143015613,2022-04-30 00:00:00,616,0.8213333333333334,1,0.2405005018795992,0.8021512691153087,-3.4185891243740247,-2.905031150527268,-0.0133986674029276,0.0116824988101171,-0.1642607867575538
108541,2122725237,2022-04-30 00:00:00,616,0.8213333333333334,1,0.2405005018795992,0.8021512691153087,-3.4185891243740247,-2.813930183285997,0.0963964364895053,-0.1354974999264904,-0.1530645722256061
108541,2142877002,2022-04-30 00:00:00,615,0.82,1,0.2405005018795992,0.8021512691153087,-3.4185891243740247,-2.866565833839337,0.0183849131173614,-0.0361840966657265,-0.19874870830518
108541,2142911275,2022-04-30 00:00:00,614,0.8186666666666667,1,0.2405005018795992,0.8021512691153087,-3.4185891243740247,-2.848512389540603,0.031111989225625,-0.0527355297665881,-0.1196240183522849
108541,2142890311,2022-04-30 00:00:00,612,0.816,1,0.2405005018795992,0.8021512691153087,-3.4185891243740247,-2.8662952847551257,0.0168021291592808,-0.0430544325832205,-0.1258440256518476
108541,2122437132,2022-04-30 00:00:00,612,0.816,1,0.2405005018795992,0.8021512691153087,-3.4185891243740247,-2.901566653361136,-0.0570380791938118,0.0587575513904212,-0.1557749809380872
41801,3318,2022-04-30 00:00:00,30,0.1714285714285714,0,2.1654595833079493,-0.6481962134155945,1.3217558399823195,0.9942939502088424,1.5122475091098864,-3.2093763014769863,0.2326222952687535
41801,2910,2022-04-30 00:00:00,21,0.12,0,2.1654595833079493,-0.6481962134155945,1.3217558399823195,0.7760941148399673,-0.1015485879153621,0.2359058029280616,-1.853891250335061
41801,3220,2022-04-30 00:00:00,20,0.1142857142857142,0,2.1654595833079493,-0.6481962134155945,1.3217558399823195,1.39452672285834,-0.1997539950076996,0.167054084663166,-1.8971199848858809
41801,47403,2022-04-30 00:00:00,20,0.1142857142857142,0,2.1654595833079493,-0.6481962134155945,1.3217558399823195,1.4087502707137505,-0.4932357109291072,-0.2006706954621511,0.4054651081081646
41801,19485,2022-04-30 00:00:00,19,0.1085714285714285,0,2.1654595833079493,-0.6481962134155945,1.3217558399823195,1.33787565396805,0.3705807692640601,-0.7661723155748357,-0.2876820724517812
58312,106564,2022-04-30 00:00:00,12,0.4615384615384615,0,,,4.343805421853684,2.648213694852414,,0.6931471805599453,5.053056009980208
168578,141592,2022-05-09 00:00:00,40,0.5,1,,,5.017279836814924,2.648213694852414,,0.6931471805599453,0.0
168578,93802,2022-05-09 00:00:00,39,0.4875,0,,,5.017279836814924,2.648213694852414,,0.6931471805599453,0.0
47695,1197383949,2022-05-14 00:00:00,20,0.5,1,0.0634698498079877,0.5803836731437924,-0.979935997034512,0.6799348348690702,0.3971741030139502,-0.483307594872099,-0.3053816495511823
47695,490249906,2022-05-14 00:00:00,20,0.5,1,0.0634698498079877,0.5803836731437924,-0.979935997034512,0.4255402046948439,0.2248931321379057,-0.375432821009289,0.5073713888979032
47695,734267842,2022-05-14 00:00:00,19,0.475,0,0.0634698498079877,0.5803836731437924,-0.979935997034512,0.7034628894388831,0.5083567594744224,-0.7121953755306398,-0.0422003544903768
47695,402,2022-05-14 00:00:00,19,0.475,0,0.0634698498079877,0.5803836731437924,-0.979935997034512,0.4605887500527499,0.7135088280762075,-0.8230836022666095,-0.4658359918172126
47695,1156252557,2022-05-14 00:00:00,19,0.475,0,0.0634698498079877,0.5803836731437924,-0.979935997034512,0.8500353075684616,0.8059249657104367,-1.0919233005173128,-0.4706192032879501
47695,433417,2022-05-14 00:00:00,19,0.475,0,0.0634698498079877,0.5803836731437924,-0.979935997034512,0.6329671947963488,0.4734444288481847,-0.8037359405823015,-0.3039425933235611
47695,1157017979,2022-05-14 00:00:00,19,0.475,0,0.0634698498079877,0.5803836731437924,-0.979935997034512,0.7605229609570227,0.5397112362932038,-0.6564831961883533,-0.0683192439774771
47695,1159961747,2022-05-14 00:00:00,19,0.475,0,0.0634698498079877,0.5803836731437924,-0.979935997034512,0.5866661117035589,0.4925569410853646,-0.6862267377153719,-0.416588693326827
47695,1125371915,2022-05-14 00:00:00,19,0.475,0,0.0634698498079877,0.5803836731437924,-0.979935997034512,0.3433966593981252,0.1116099544012088,-0.2478361639045809,0.1065432479068757
1126605262,695379616,2022-05-14 00:00:00,18,0.6206896551724138,1,0.055292532527964,0.6251506850543406,-0.8919980393051103,0.7303626718235291,0.4654511365249373,-0.5424869056724555,-0.1478095044888103
1126605262,47695,2022-05-14 00:00:00,18,0.6206896551724138,1,0.055292532527964,0.6251506850543406,-0.8919980393051103,0.6438535229517801,0.5803836731437924,-0.979935997034512,-0.0670642305805451
1126605262,1156252557,2022-05-14 00:00:00,18,0.6206896551724138,1,0.055292532527964,0.6251506850543406,-0.8919980393051103,0.8500353075684616,0.8059249657104367,-1.0919233005173128,-0.4706192032879501
1126605262,1159961747,2022-05-14 00:00:00,18,0.6206896551724138,1,0.055292532527964,0.6251506850543406,-0.8919980393051103,0.5866661117035589,0.4925569410853646,-0.6862267377153719,-0.416588693326827
1126605262,2628,2022-05-14 00:00:00,17,0.5862068965517241,1,0.055292532527964,0.6251506850543406,-0.8919980393051103,-0.1137436642275514,-0.0469385119085949,0.3933437475758197,0.3833239822309515
1126605262,1007141174,2022-05-14 00:00:00,17,0.5862068965517241,1,0.055292532527964,0.6251506850543406,-0.8919980393051103,0.3683387992140853,0.2094927376161001,-0.6436671232965754,0.2790240097086665
1126605262,1235499378,2022-05-14 00:00:00,17,0.5862068965517241,1,0.055292532527964,0.6251506850543406,-0.8919980393051103,0.3740388354938861,0.2303951705462357,-0.4669314302087652,-0.308301359654517
1126605262,707247011,2022-05-14 00:00:00,17,0.5862068965517241,1,0.055292532527964,0.6251506850543406,-0.8919980393051103,0.5618231762492419,0.3765471496413318,-0.5854364875571649,-0.204794412646013
1126605262,195539,2022-05-14 00:00:00,17,0.5862068965517241,1,0.055292532527964,0.6251506850543406,-0.8919980393051103,0.6830083114829494,0.5556562249725561,-0.8004589163490339,0.0963311089384317
1126605262,1157017979,2022-05-14 00:00:00,17,0.5862068965517241,1,0.055292532527964,0.6251506850543406,-0.8919980393051103,0.7605229609570227,0.5397112362932038,-0.6564831961883533,-0.0683192439774771
421815,51487,2022-05-15 00:00:00,43,0.5512820512820513,1,1.525672483268407,0.186212456866863,-2.724579503053421,0.8984571386084304,0.1379296069627511,-0.4138333577786808,0.54654370636807
421815,146990,2022-05-15 00:00:00,43,0.5512820512820513,1,1.525672483268407,0.186212456866863,-2.724579503053421,1.2813235655987216,-1.0327589387034943,0.1823215567939546,-0.4519851237430574
421815,5498,2022-05-15 00:00:00,42,0.5384615384615384,1,1.525672483268407,0.186212456866863,-2.724579503053421,0.2199054053764046,-0.3824745609632249,0.3984964387920708,-0.3827567087383521
421815,20845,2022-05-15 00:00:00,41,0.5256410256410257,1,1.525672483268407,0.186212456866863,-2.724579503053421,0.9096864474218987,-0.1198161620621069,-1.3097796489356035,0.9527230151969874
421815,440765,2022-05-15 00:00:00,41,0.5256410256410257,1,1.525672483268407,0.186212456866863,-2.724579503053421,1.2813235655987216,0.0379397765932272,-0.6061358035703157,1.0986122886681098
421815,175944,2022-05-15 00:00:00,40,0.5128205128205128,1,1.525672483268407,0.186212456866863,-2.724579503053421,1.030933322839372,-0.0425734235826782,-0.0636256958802112,-0.5777651064410998
421815,16758,2022-05-15 00:00:00,40,0.5128205128205128,1,1.525672483268407,0.186212456866863,-2.724579503053421,-0.2111984684640784,0.0151643378074795,-0.1151269915982666,0.0384341373392604
421815,656518924,2022-05-15 00:00:00,39,0.5,1,1.525672483268407,0.186212456866863,-2.724579503053421,1.5266573766851557,0.8386395963823862,-1.312186388966169,-0.7884573603642704
357314880,105623,2022-05-15 00:00:00,12,0.8,1,1.072649360023792,0.8568015645574016,-1.648658625587382,1.50849540851014,-0.6652685904350581,-0.5877866649021193,-0.5108256237659905
357314880,169823,2022-05-15 00:00:00,12,0.8,1,1.072649360023792,0.8568015645574016,-1.648658625587382,1.5023649031902877,0.5541849584490213,-0.9382696385929306,0.594707107746693
357314880,258591,2022-05-15 00:00:00,12,0.8,1,1.072649360023792,0.8568015645574016,-1.648658625587382,2.314082504302216,0.4526661167942327,-1.2992829841302609,-1.2992829841302609
357314880,106318,2022-05-15 00:00:00,12,0.8,1,1.072649360023792,0.8568015645574016,-1.648658625587382,2.314082504302216,0.3967395585043662,-0.2513144282809063,-0.4519851237430574
357314880,146989,2022-05-15 00:00:00,12,0.8,1,1.072649360023792,0.8568015645574016,-1.648658625587382,1.811586948270724,-0.0551439270407831,-0.4054651081081641,-0.8873031950009029
183531,429648,2022-05-24 00:00:00,80,0.5194805194805194,1,0.3641764012902648,0.5341530911014089,-1.0116009116784794,1.0706067639309509,0.0301788499795243,0.2231435513142097,-0.3920420877760238
183531,331376,2022-05-24 00:00:00,74,0.4805194805194805,0,0.3641764012902648,0.5341530911014089,-1.0116009116784794,1.1540288345116403,0.0290581063165866,-0.5705448584676129,-0.3566749439387326
183531,1401130001,2022-05-24 00:00:00,72,0.4675324675324675,0,0.3641764012902648,0.5341530911014089,-1.0116009116784794,0.8465875187907186,-0.1815935312840464,-1.488077055429833,0.2744368457017603
183531,317098,2022-05-24 00:00:00,72,0.4675324675324675,0,0.3641764012902648,0.5341530911014089,-1.0116009116784794,1.1540288345116403,-0.1217074977042731,0.0408219945202548,-0.3184537311185349
183531,356399,2022-05-24 00:00:00,72,0.4675324675324675,0,0.3641764012902648,0.5341530911014089,-1.0116009116784794,1.3077494923721014,0.1537206578604608,0.2076393647782444,0.3184537311185349
183531,1533205121,2022-05-24 00:00:00,72,0.4675324675324675,0,0.3641764012902648,0.5341530911014089,-1.0116009116784794,1.1286926280961924,-0.025336206415448,1.0459685551826876,0.2151113796169457
183531,387403,2022-05-24 00:00:00,71,0.461038961038961,0,0.3641764012902648,0.5341530911014089,-1.0116009116784794,1.215517097655825,-0.0922323947162764,0.6418538861723944,-0.1017826943099424
183531,426378,2022-05-24 00:00:00,71,0.461038961038961,0,0.3641764012902648,0.5341530911014089,-1.0116009116784794,1.0560539234983508,-0.2516955688737505,0.489548225318706,-0.1278333715098845
183531,296260,2022-05-24 00:00:00,71,0.461038961038961,0,0.3641764012902648,0.5341530911014089,-1.0116009116784794,1.3077494923721014,-0.0014050210462546,-0.2231435513142097,0.1278333715098845
183531,294132,2022-05-24 00:00:00,71,0.461038961038961,0,0.3641764012902648,0.5341530911014089,-1.0116009116784794,1.2418692104319038,0.1553616402089523,0.0833816089390508,0.5260930958967793
183531,338750,2022-05-24 00:00:00,70,0.4545454545454545,0,0.3641764012902648,0.5341530911014089,-1.0116009116784794,1.3077494923721014,0.1258477844368752,-0.2744368457017603,0.2076393647782444
295238,78463,2022-05-29 00:00:00,12,0.4285714285714285,0,,,4.343805421853684,1.878950535410369,0.0,0.0,4.007333185232471
295238,339394,2022-05-29 00:00:00,12,0.4285714285714285,0,,,4.343805421853684,1.878950535410369,0.0,0.0,0.0
295238,54531,2022-05-29 00:00:00,11,0.3928571428571428,0,,,4.343805421853684,-1.6678957037343694,-3.546846239144738,4.304065093204169,0.0
295238,152049,2022-05-29 00:00:00,11,0.3928571428571428,0,,,4.343805421853684,1.878950535410369,,0.6931471805599453,-0.6931471805599453
43694,41912,2022-05-31 00:00:00,82,0.3402489626556016,0,1.878950535410369,-1.3003815833144423,2.2335922215070942,1.2592188233410373,-0.6197317120693318,0.9162907318741552,-2.020945334998228
43694,16727,2022-05-31 00:00:00,70,0.2904564315352697,0,1.878950535410369,-1.3003815833144423,2.2335922215070942,0.1338766292830912,-0.103886651012813,-0.6551197849707062,0.4658742359037244
43694,72076,2022-05-31 00:00:00,68,0.2821576763485477,0,1.878950535410369,-1.3003815833144423,2.2335922215070942,-0.2910572211655429,,4.007333185232471,-1.466337068793427
43694,16090,2022-05-31 00:00:00,59,0.2448132780082987,0,1.878950535410369,-1.3003815833144423,2.2335922215070942,1.2537483009853527,0.5385975605769564,-1.3694872428035096,0.5175146119167868
43694,5853,2022-05-31 00:00:00,58,0.2406639004149377,0,1.878950535410369,-1.3003815833144423,2.2335922215070942,1.878950535410369,0.5094463983846911,-2.6390573296152584,1.203972804325936
106263,264,2022-06-03 00:00:00,122,0.4919354838709677,0,0.035521433588093,1.2075205000759228,-3.8269677559310655,0.5162142958981732,-0.3873261795751188,-0.5725191927713302,1.1692298558820626
106263,302415,2022-06-03 00:00:00,116,0.4677419354838709,0,0.035521433588093,1.2075205000759228,-3.8269677559310655,0.7915679840622761,-0.3707984468976316,-0.6632942174102641,-0.2277839308707121
106263,106107,2022-06-03 00:00:00,116,0.4677419354838709,0,0.035521433588093,1.2075205000759228,-3.8269677559310655,1.0221489708529674,-0.7781065670846719,0.8873031950009029,-1.5459245067117746
106263,1829,2022-06-03 00:00:00,116,0.4677419354838709,0,0.035521433588093,1.2075205000759228,-3.8269677559310655,1.5611671622079315,-0.4048097669808066,0.5389965007326871,-0.4418327522790393
1896176809,126849,2022-06-05 00:00:00,6,0.2222222222222222,0,,,4.219507705176107,-0.3891393253921036,0.2542415577906327,-1.2791962255635232,-1.0740595916622304
1992411222,1394559056,2022-06-06 00:00:00,55,0.2763819095477386,0,,,4.406719247264253,-0.1429883967501005,-0.2109577055726178,-2.1400661634962708,-0.2475472360313499
902532552,136525569,2022-06-06 00:00:00,15,0.8333333333333334,1,1.878950535410369,-0.3341311905501978,0.4054651081081645,-4.120391291985234,-0.3033181815526364,-1.85570484497946,-0.2362918184925675
902532552,5498,2022-06-06 00:00:00,14,0.7777777777777778,1,1.878950535410369,-0.3341311905501978,0.4054651081081645,0.3249337522017436,0.2750245307871202,-2.2928605431020506,0.9057086225436182
902532552,440765,2022-06-06 00:00:00,14,0.7777777777777778,1,1.878950535410369,-0.3341311905501978,0.4054651081081645,1.5448193448601713,-0.2576866193230451,-1.3862943611198906,-1.0116009116784803
902532552,1288343789,2022-06-06 00:00:00,14,0.7777777777777778,1,1.878950535410369,-0.3341311905501978,0.4054651081081645,1.5266573766851557,-0.5188960956863684,-0.2513144282809063,-1.203972804325936
1288343104,5498,2022-06-06 00:00:00,15,0.5,1,1.0241186909927278,0.5025386856924279,-0.2513144282809063,0.3249337522017436,0.2750245307871202,-2.2928605431020506,0.9057086225436182
1288343104,2820,2022-06-06 00:00:00,15,0.5,1,1.0241186909927278,0.5025386856924279,-0.2513144282809063,1.878950535410369,1.1480505130447685,-3.9702919135521215,0.37469344944141
1288343104,258591,2022-06-06 00:00:00,13,0.4333333333333333,0,1.0241186909927278,0.5025386856924279,-0.2513144282809063,1.50849540851014,-0.5491660426447276,-0.3364722366212129,0.2006706954621511
794494744,5498,2022-06-06 00:00:00,13,0.8125,1,1.307107559849198,-0.0226385419227486,-0.4353180712578455,0.3249337522017436,0.2750245307871202,-2.2928605431020506,0.9057086225436182
794494744,440765,2022-06-06 00:00:00,13,0.8125,1,1.307107559849198,-0.0226385419227486,-0.4353180712578455,1.5448193448601713,-0.2576866193230451,-1.3862943611198906,-1.0116009116784803
152074,440765,2022-06-06 00:00:00,14,0.6363636363636364,1,1.50849540851014,0.0363239363500311,-0.5108256237659905,1.5448193448601713,-0.2576866193230451,-1.3862943611198906,-1.0116009116784803
152074,5498,2022-06-06 00:00:00,14,0.6363636363636364,1,1.50849540851014,0.0363239363500311,-0.5108256237659905,0.3249337522017436,0.2750245307871202,-2.2928605431020506,0.9057086225436182
152074,357314966,2022-06-06 00:00:00,13,0.5909090909090909,1,1.50849540851014,0.0363239363500311,-0.5108256237659905,1.5448193448601713,-0.1741538216854956,-0.8472978603872034,0.4700036292457354
152074,902532552,2022-06-06 00:00:00,13,0.5909090909090909,1,1.50849540851014,0.0363239363500311,-0.5108256237659905,1.5448193448601713,-0.3341311905501978,0.4054651081081645,-0.3364722366212129
152074,1022,2022-06-06 00:00:00,13,0.5909090909090909,1,1.50849540851014,0.0363239363500311,-0.5108256237659905,1.4081224504411207,-0.5940082310875157,-0.6931471805599454,-0.6592456288842641
152074,306277,2022-06-06 00:00:00,13,0.5909090909090909,1,1.50849540851014,0.0363239363500311,-0.5108256237659905,1.50849540851014,-0.0363239363500311,0.5108256237659905,0.3364722366212129
133743,2142865506,2022-06-25 00:00:00,648,0.6764091858037579,1,-0.9705658140835915,1.4758424239124537,-0.8027093830714715,-3.0704248392754456,0.042718141342446,1.882613540829129,-0.053915600973859
133743,2129632899,2022-06-25 00:00:00,647,0.675365344467641,1,-0.9705658140835915,1.4758424239124537,-0.8027093830714715,-3.096632960170228,-0.01381211708531,1.981100837873472,-0.000105335229465
133743,2142911275,2022-06-25 00:00:00,646,0.6743215031315241,1,-0.9705658140835915,1.4758424239124537,-0.8027093830714715,-3.089528155853823,0.0333277267002367,1.9308544908467864,-0.0916828361672923
133743,2142869226,2022-06-25 00:00:00,646,0.6743215031315241,1,-0.9705658140835915,1.4758424239124537,-0.8027093830714715,-3.1394464451442348,0.0781534774330419,1.8353216673115984,-0.0403658041946748
133743,2142890311,2022-06-25 00:00:00,643,0.6711899791231732,1,-0.9705658140835915,1.4758424239124537,-0.8027093830714715,-3.118902922466468,-0.0289691498242561,1.9868942838272408,-0.0328004374637647
133743,2142884713,2022-06-25 00:00:00,642,0.6701461377870563,1,-0.9705658140835915,1.4758424239124537,-0.8027093830714715,-3.063253167658685,0.0065142200092398,1.9221829414730796,-0.0347094626059476
133743,2122725237,2022-06-25 00:00:00,642,0.6701461377870563,1,-0.9705658140835915,1.4758424239124537,-0.8027093830714715,-3.0644699457497606,0.0237292080772983,1.9203572655077088,-0.1473011692233274
1392145021,1325639225,2022-06-28 00:00:00,34,0.2809917355371901,0,0.5504657547140929,0.5836190958954993,-0.4547361571149473,1.073437998097174,0.0181262505780817,1.1631508098056806,-1.3138817835514134
1392145021,761355551,2022-06-28 00:00:00,34,0.2809917355371901,0,0.5504657547140929,0.5836190958954993,-0.4547361571149473,-0.566898435611059,0.5368684558150308,0.9231012008766816,-0.1919309894185712
1392145021,974620977,2022-06-28 00:00:00,33,0.2727272727272727,0,0.5504657547140929,0.5836190958954993,-0.4547361571149473,-1.2421429913797408,-0.0921490026760265,1.7369512327330598,-0.2402038964114208
1392145021,1392117675,2022-06-28 00:00:00,33,0.2727272727272727,0,0.5504657547140929,0.5836190958954993,-0.4547361571149473,-1.929506859355808,-1.0684969056420486,2.374743113278689,0.4615009396389187
1392145021,1392166028,2022-06-28 00:00:00,33,0.2727272727272727,0,0.5504657547140929,0.5836190958954993,-0.4547361571149473,-1.0234734477400422,-0.8786526735593996,1.8214723665465664,0.1803203975606431
1392145021,1392108845,2022-06-28 00:00:00,32,0.2644628099173554,0,0.5504657547140929,0.5836190958954993,-0.4547361571149473,-2.127719476419092,0.9468356762679306,-0.1211456792473004,-0.2934083717410001
1392145021,1392114070,2022-06-28 00:00:00,32,0.2644628099173554,0,0.5504657547140929,0.5836190958954993,-0.4547361571149473,0.3647704078955573,-0.3598983335942535,1.510163842832677,0.0514532815889161
133277,2122725237,2022-06-28 00:00:00,650,0.8678237650200267,1,0.170544825089687,0.5680756764682748,-0.0749013081731178,-3.073485186591552,-0.0011348596163225,1.067566599567451,-0.1516566608067506
133277,2142911275,2022-06-28 00:00:00,648,0.8651535380507344,1,0.170544825089687,0.5680756764682748,-0.0749013081731178,-3.0947050348238325,-0.0073688735338683,1.0851017174469586,-0.0894927678410155
133277,2129632899,2022-06-28 00:00:00,645,0.8611481975967957,1,0.170544825089687,0.5680756764682748,-0.0749013081731178,-3.1180561262979105,-0.0560671289656586,1.1593406503051664,-0.0414257312836827
133277,2122399466,2022-06-28 00:00:00,645,0.8611481975967957,1,0.170544825089687,0.5680756764682748,-0.0749013081731178,-3.57423050529108,-0.4001867373723207,1.648898232632975,-0.1392611815935236
133277,2143015613,2022-06-28 00:00:00,645,0.8611481975967957,1,0.170544825089687,0.5680756764682748,-0.0749013081731178,-3.086330111692832,-0.007935202230477,1.1179986251097382,-0.0143796091584977
133277,2142869226,2022-06-28 00:00:00,645,0.8611481975967957,1,0.170544825089687,0.5680756764682748,-0.0749013081731178,-3.109840985159521,0.0753576038541079,0.9622457958235788,0.0317871472831914
133277,2122450336,2022-06-28 00:00:00,645,0.8611481975967957,1,0.170544825089687,0.5680756764682748,-0.0749013081731178,-3.0885573764951277,-0.0106465010148557,1.091912228133184,-0.0252311866494014
133277,2123295900,2022-06-28 00:00:00,644,0.8598130841121495,1,0.170544825089687,0.5680756764682748,-0.0749013081731178,-3.0860689668419083,0.0104265768821485,1.0531232141040672,-0.0714136505263063
133277,2122397525,2022-06-28 00:00:00,644,0.8598130841121495,1,0.170544825089687,0.5680756764682748,-0.0749013081731178,-3.0833051573486587,0.0369890555140073,1.034972987852898,-0.0562582751578233
42184,126849,2022-07-03 00:00:00,180,0.1328413284132841,0,,,4.574710978503383,-0.6729211938091293,-0.4654819270147324,0.8222770086040567,0.0679506619085072
467870,482617,2022-07-05 00:00:00,196,0.3670411985018726,0,-0.4770387405551131,-0.0681721558189448,-0.3103859819093033,-1.199492164079328,0.4744806076026864,-0.8262527332086931,0.6128364841403329
467870,445016,2022-07-05 00:00:00,192,0.3595505617977528,0,-0.4770387405551131,-0.0681721558189448,-0.3103859819093033,-0.5770477869607645,-0.4465027602053816,0.269621575725262,0.778140393393338
467870,61416813,2022-07-05 00:00:00,177,0.3314606741573033,0,-0.4770387405551131,-0.0681721558189448,-0.3103859819093033,-1.7870001989733566,-1.194658788794999,1.1004202804822532,0.4355631392654437
467870,358263,2022-07-05 00:00:00,167,0.3127340823970037,0,-0.4770387405551131,-0.0681721558189448,-0.3103859819093033,-1.849927231477192,-0.1382417952356478,0.0883230549678995,0.0840878652217185
467870,423811,2022-07-05 00:00:00,167,0.3127340823970037,0,-0.4770387405551131,-0.0681721558189448,-0.3103859819093033,-2.006773336863505,0.1017805827574642,0.1217619354650469,-0.7619898906230844
467870,445013,2022-07-05 00:00:00,167,0.3127340823970037,0,-0.4770387405551131,-0.0681721558189448,-0.3103859819093033,-0.4200332387130343,-0.4115676077681689,0.3636956952318693,1.1786549963416464
467870,466980,2022-07-05 00:00:00,161,0.301498127340824,0,-0.4770387405551131,-0.0681721558189448,-0.3103859819093033,-3.3805432985824453,-0.2545212983719049,0.4482858340268567,0.2226059037536636
299456,2143015613,2022-07-05 00:00:00,646,0.8466579292267365,1,0.1026651684999927,0.5771971556989056,0.0806889112501423,-2.9881786218069,0.0581113804764581,0.19383551421598,-0.0328007244413353
299456,2122397525,2022-07-05 00:00:00,645,0.8453473132372215,1,0.1026651684999927,0.5771971556989056,0.0806889112501423,-3.029618166819849,0.0048743997450313,0.2211292846462367,-0.0227232366925385
299456,2142926031,2022-07-05 00:00:00,645,0.8453473132372215,1,0.1026651684999927,0.5771971556989056,0.0806889112501423,-2.9957529972441708,0.0263528400162176,0.2034147361204485,-0.0771154932176774
299456,2142869226,2022-07-05 00:00:00,645,0.8453473132372215,1,0.1026651684999927,0.5771971556989056,0.0806889112501423,-2.9864631484127373,0.1401636704616145,0.0482491945791263,-0.0319676233933226
299456,2123295900,2022-07-05 00:00:00,645,0.8453473132372215,1,0.1026651684999927,0.5771971556989056,0.0806889112501423,-2.962885779049946,0.0992576449857627,0.1176372540705834,-0.0942718154661061
299456,2142884713,2022-07-05 00:00:00,645,0.8453473132372215,1,0.1026651684999927,0.5771971556989056,0.0806889112501423,-3.0048527034879258,0.0371097270231768,0.1628033914141209,-0.1182685904122209
299456,2122437132,2022-07-05 00:00:00,644,0.8440366972477065,1,0.1026651684999927,0.5771971556989056,0.0806889112501423,-3.019426040258029,0.078347153536896,0.1561374354476559,-0.0257903673315009
299456,2142869398,2022-07-05 00:00:00,644,0.8440366972477065,1,0.1026651684999927,0.5771971556989056,0.0806889112501423,-3.0161240745286024,0.0621993249198626,0.168873768966673,-0.0371781704667277
299456,2142878670,2022-07-05 00:00:00,644,0.8440366972477065,1,0.1026651684999927,0.5771971556989056,0.0806889112501423,-2.995080487591625,0.0618074847105902,0.1550629499224562,-0.106149182439923
1443218673,1392108713,2022-07-08 00:00:00,686,0.3662573411639082,0,-0.4089691984148138,0.8317859953782867,-0.8276670085718525,-2.6631214613987835,-0.3650969352940572,0.3565519519535538,-0.8309927364250598
1443218673,1469695839,2022-07-08 00:00:00,633,0.3379604911906033,0,-0.4089691984148138,0.8317859953782867,-0.8276670085718525,-2.0873296545749773,-0.9418874454831464,0.8475355312142279,-0.3981884764797714
1443218673,1594960231,2022-07-08 00:00:00,540,0.2883075280298985,0,-0.4089691984148138,0.8317859953782867,-0.8276670085718525,-1.4723611257697402,-0.608741614769397,0.3116222799977892,-0.1588076438942804
1443218673,1392134357,2022-07-08 00:00:00,481,0.2568072610784837,0,-0.4089691984148138,0.8317859953782867,-0.8276670085718525,-1.7813559099324348,-1.0007035122570445,0.2764798872332701,0.7503055943998937
1418361337,828590350,2022-07-11 00:00:00,22,0.3666666666666666,0,-1.0242614436312094,0.8841913098190858,-1.7035188357836957,0.1786704906699815,1.2016508151752323,-1.2807088988859272,-0.6931471805599454
1418361337,220288062,2022-07-11 00:00:00,22,0.3666666666666666,0,-1.0242614436312094,0.8841913098190858,-1.7035188357836957,0.1187198035573742,1.0974561307743018,-1.1728202958341694,-1.3862943611198904
1418361337,3803,2022-07-11 00:00:00,21,0.35,0,-1.0242614436312094,0.8841913098190858,-1.7035188357836957,-0.8053130235755633,0.1800343144091372,-1.9328380674879604,0.0
1418361337,26360,2022-07-11 00:00:00,21,0.35,0,-1.0242614436312094,0.8841913098190858,-1.7035188357836957,-1.3764147470974042,0.2585771626776967,0.2052377155203988,-0.8216034110124211
145865,566,2022-07-11 00:00:00,29,0.5686274509803921,1,-1.0406562397966146,-0.0366501364566582,-1.7035667571925934,-0.6539359929229399,1.2357525074601612,-1.4133071603659593,-0.1115319095623679
145865,24398,2022-07-11 00:00:00,28,0.5490196078431373,1,-1.0406562397966146,-0.0366501364566582,-1.7035667571925934,-1.3524108753092647,0.1646234813416183,0.2971695192856733,-0.5089720551166685
145865,184224,2022-07-11 00:00:00,28,0.5490196078431373,1,-1.0406562397966146,-0.0366501364566582,-1.7035667571925934,-0.1764653958573675,1.1904313583129846,-1.0902962324264518,-0.9622520398431096
145865,924,2022-07-11 00:00:00,27,0.5294117647058824,1,-1.0406562397966146,-0.0366501364566582,-1.7035667571925934,-0.8586313912713516,0.535098522929483,0.2189288654357195,-0.3262680664469712
145865,5682,2022-07-11 00:00:00,27,0.5294117647058824,1,-1.0406562397966146,-0.0366501364566582,-1.7035667571925934,-0.9960933160559594,0.4049057278749998,0.2221743455464597,-0.118247827670328
145865,3220,2022-07-11 00:00:00,27,0.5294117647058824,1,-1.0406562397966146,-0.0366501364566582,-1.7035667571925934,0.5086300992621977,0.9749897451110584,-1.4012098918763378,0.9903987040278768
145865,184281,2022-07-11 00:00:00,27,0.5294117647058824,1,-1.0406562397966146,-0.0366501364566582,-1.7035667571925934,0.4938011589670486,1.2901035123477165,-1.130836020335309,2.1400661634962708
95620,189,2022-07-11 00:00:00,25,0.6097560975609756,1,-0.9639329783307548,0.8447647700208327,-1.7021473105383684,0.70305734364097,1.5854526151406672,-1.4031203329538675,-1.5260563034950494
95620,12557,2022-07-11 00:00:00,25,0.6097560975609756,1,-0.9639329783307548,0.8447647700208327,-1.7021473105383684,0.7750750690703464,1.7051287840267264,-1.8426178864615457,1.0216512475319814
95620,184281,2022-07-11 00:00:00,23,0.5609756097560976,1,-0.9639329783307548,0.8447647700208327,-1.7021473105383684,0.4938011589670486,1.2901035123477165,-1.130836020335309,2.1400661634962708
141735,264,2022-07-11 00:00:00,107,0.535,1,1.1406838970970024,-0.1912815528417863,0.9903987040278768,0.4647875875632308,-1.0668330920492617,0.5108256237659905,-2.019653623300863
141735,124360,2022-07-11 00:00:00,106,0.53,1,1.1406838970970024,-0.1912815528417863,0.9903987040278768,0.590446332872078,-0.9339414220706532,1.1676051601550612,-1.0296194171811583
141735,166706,2022-07-11 00:00:00,105,0.525,1,1.1406838970970024,-0.1912815528417863,0.9903987040278768,-0.0143971726206902,-1.787189394995652,0.5725191927713302,-1.3437347467010947
141735,187402,2022-07-11 00:00:00,104,0.52,1,1.1406838970970024,-0.1912815528417863,0.9903987040278768,0.0203209922301971,-0.8697816645489923,0.4855078157817005,-0.8649974374866045
141735,187264,2022-07-11 00:00:00,104,0.52,1,1.1406838970970024,-0.1912815528417863,0.9903987040278768,0.8576941862658846,-0.6346409370334282,1.09861228866811,-0.867500567704723
141735,140375,2022-07-11 00:00:00,104,0.52,1,1.1406838970970024,-0.1912815528417863,0.9903987040278768,1.1124703145444044,-0.1195109411159784,0.8109302162163288,-1.1314021114911008
141735,199441,2022-07-11 00:00:00,104,0.52,1,1.1406838970970024,-0.1912815528417863,0.9903987040278768,1.040444539931943,-0.6157170502865079,0.9985288301111273,-1.365240951922058
346245,3340,2022-07-11 00:00:00,27,0.6,1,-0.9754805314626736,0.2094134658992512,-1.852551665406004,-1.2124312933135806,0.109048500246915,0.2555342889579179,-0.7164945445569364
346245,3709,2022-07-11 00:00:00,26,0.5777777777777777,1,-0.9754805314626736,0.2094134658992512,-1.852551665406004,-0.8461718759254475,0.129053895023293,-1.784154869842836,0.0
346245,5682,2022-07-11 00:00:00,26,0.5777777777777777,1,-0.9754805314626736,0.2094134658992512,-1.852551665406004,-0.9960933160559594,0.4049057278749998,0.2221743455464597,-0.118247827670328
346245,145865,2022-07-11 00:00:00,25,0.5555555555555556,1,-0.9754805314626736,0.2094134658992512,-1.852551665406004,-1.0773063762532729,-0.0366501364566582,-1.7035667571925934,0.0
346245,5704,2022-07-11 00:00:00,25,0.5555555555555556,1,-0.9754805314626736,0.2094134658992512,-1.852551665406004,-1.6291812019000245,-0.620338978087374,0.5247891123533197,1.6426465834307535
346245,4086,2022-07-11 00:00:00,25,0.5555555555555556,1,-0.9754805314626736,0.2094134658992512,-1.852551665406004,-0.9996145933213316,0.3755025185021964,0.2306826284873757,-0.5405013919121071
468250,314583,2022-07-11 00:00:00,892,0.406563354603464,0,-0.9863404121686696,1.3204692558691915,-1.8321690075659316,0.56044683067451,-0.2557011077250978,0.7635804556088663,0.6240179857137758
468250,1184775,2022-07-11 00:00:00,838,0.381950774840474,0,-0.9863404121686696,1.3204692558691915,-1.8321690075659316,0.988943992629437,1.4504257470238024,-2.747270914255491,1.573460055833937
468250,415632239,2022-07-11 00:00:00,836,0.3810391978122151,0,-0.9863404121686696,1.3204692558691915,-1.8321690075659316,-2.074681235648212,-0.5121501996392845,0.8895805815465812,-3.672072335797556
468250,56869,2022-07-11 00:00:00,808,0.3682771194165907,0,-0.9863404121686696,1.3204692558691915,-1.8321690075659316,0.5690508266420673,,4.8283137373023015,-4.454347296253507
468250,289097382,2022-07-11 00:00:00,775,0.353236098450319,0,-0.9863404121686696,1.3204692558691915,-1.8321690075659316,0.6611536459671019,1.5059336588760792,-0.8419531122283228,1.437587655507441
468250,229096,2022-07-11 00:00:00,770,0.3509571558796718,0,-0.9863404121686696,1.3204692558691915,-1.8321690075659316,-0.1917240771498465,0.2617029524131214,0.4622416239102458,-2.374905754573672
468250,521181667,2022-07-11 00:00:00,687,0.313126709206928,0,-0.9863404121686696,1.3204692558691915,-1.8321690075659316,-1.6408371670275763,,5.010635294096256,-4.820281565605037
221657913,103858369,2022-07-11 00:00:00,203,0.1776027996500437,0,-0.720622556319868,1.5402886820972643,-1.6501560054528852,0.4801035310469521,0.9930693855532996,-0.8493601420007666,1.186199205241972
221657913,445014,2022-07-11 00:00:00,171,0.1496062992125984,0,-0.720622556319868,1.5402886820972643,-1.6501560054528852,1.1453850502270877,2.1095151174052384,-1.6542987984636426,1.0379876668516754
221657913,138291,2022-07-11 00:00:00,161,0.1408573928258967,0,-0.720622556319868,1.5402886820972643,-1.6501560054528852,-2.1932948259462988,-0.4624730929874843,0.7378891592228793,-0.3848536192404843
221657913,189592917,2022-07-11 00:00:00,153,0.1338582677165354,0,-0.720622556319868,1.5402886820972643,-1.6501560054528852,-0.8998919333440745,0.0904145184152349,-1.8191584434161692,0.0
221657913,184281,2022-07-11 00:00:00,145,0.1268591426071741,0,-0.720622556319868,1.5402886820972643,-1.6501560054528852,0.4938011589670486,1.2901035123477165,-1.130836020335309,2.1400661634962708
221657913,311408,2022-07-11 00:00:00,144,0.1259842519685039,0,-0.720622556319868,1.5402886820972643,-1.6501560054528852,0.2502979100307808,1.0674993095816252,-1.463726101252706,-2.981343536101892
221657913,357886,2022-07-11 00:00:00,141,0.1233595800524934,0,-0.720622556319868,1.5402886820972643,-1.6501560054528852,0.244451424691811,1.0942023941222527,-2.033615729474419,-0.1838494409720077
62742503,104634312,2022-07-11 00:00:00,243,0.2452068617558022,0,-0.973736016573624,0.9320159153911172,-1.8427772435697796,-1.111864094904153,0.4489859464470223,0.2326666893998572,-0.1503841970317809
62742503,61416813,2022-07-11 00:00:00,241,0.243188698284561,0,-0.973736016573624,0.9320159153911172,-1.8427772435697796,-1.9307728930956376,-0.7822679786297633,0.8357592708307093,0.6410746798102673
158554,2116182225,2022-07-11 00:00:00,389,0.820675105485232,1,-0.9943668774444232,-0.1439349078287141,-1.573873158711816,-2.905156458319695,0.3230799152765535,-0.4362526105426934,-0.4633722676249956
158554,2142865418,2022-07-11 00:00:00,383,0.8080168776371308,1,-0.9943668774444232,-0.1439349078287141,-1.573873158711816,-2.867207321645083,0.274574352434374,-0.360261775730951,-0.3542068108333573
158554,2143002309,2022-07-11 00:00:00,377,0.7953586497890295,1,-0.9943668774444232,-0.1439349078287141,-1.573873158711816,-2.8477543083969,0.2722644382318755,-0.3749936166298067,-0.2448756023559024
158554,2142879863,2022-07-11 00:00:00,374,0.7890295358649789,1,-0.9943668774444232,-0.1439349078287141,-1.573873158711816,-2.8317810698526173,0.2467401451327284,-0.3791223852155312,-0.2008870616564131
458183389,288704213,2022-07-11 00:00:00,486,0.1942446043165467,0,-0.5747520262507385,1.6282621052289654,-1.8974796324351637,-0.7223834022817279,0.2736998156999687,-0.3547142601673299,-0.238462999847723
458183389,1392108713,2022-07-11 00:00:00,460,0.1838529176658673,0,-0.5747520262507385,1.6282621052289654,-1.8974796324351637,-2.704567353236821,-0.2633051977396339,0.4563728519309595,-0.8433271921352503
55456,365,2022-07-11 00:00:00,26,0.1805555555555555,0,-0.8286036096460597,-0.2018110987311919,-1.7674948472284235,-1.190743901345398,0.1984960899387842,0.2836185887428497,0.2468600779315259
55456,189,2022-07-11 00:00:00,26,0.1805555555555555,0,-0.8286036096460597,-0.2018110987311919,-1.7674948472284235,0.70305734364097,1.5854526151406672,-1.4031203329538675,-1.5260563034950494
55456,3340,2022-07-11 00:00:00,26,0.1805555555555555,0,-0.8286036096460597,-0.2018110987311919,-1.7674948472284235,-1.2124312933135806,0.109048500246915,0.2555342889579179,-0.7164945445569364
1982608547,3340,2022-07-11 00:00:00,21,0.8076923076923077,1,-1.021414982834823,0.1998475188973085,-1.8983387540800107,-1.2124312933135806,0.109048500246915,0.2555342889579179,-0.7164945445569364
1982608547,357886,2022-07-11 00:00:00,21,0.8076923076923077,1,-1.021414982834823,0.1998475188973085,-1.8983387540800107,0.244451424691811,1.0942023941222527,-2.033615729474419,-0.1838494409720077
1982608547,57402,2022-07-11 00:00:00,21,0.8076923076923077,1,-1.021414982834823,0.1998475188973085,-1.8983387540800107,-0.7592824770585094,0.2277765101225277,-1.9625027441487333,0.0
1982608547,324984724,2022-07-11 00:00:00,21,0.8076923076923077,1,-1.021414982834823,0.1998475188973085,-1.8983387540800107,-1.1207097879380827,0.3124979637274425,0.23951937096093,-0.4918226766403757
1982608547,664868651,2022-07-11 00:00:00,20,0.7692307692307693,1,-1.021414982834823,0.1998475188973085,-1.8983387540800107,-2.8347105300513284,0.6419226423417288,-0.9851115643632316,0.259007957535621
1982608547,89625,2022-07-11 00:00:00,20,0.7692307692307693,1,-1.021414982834823,0.1998475188973085,-1.8983387540800107,0.4791070008768747,1.3038817038420571,-1.659361221200701,2.6625878270254524
62547345,104169131,2022-07-11 00:00:00,373,0.2053964757709251,0,-1.0015174155604212,0.8091763748052228,-1.5902065505062133,-1.1092556402627909,0.2923828492033795,0.2587438829594264,-0.5848389840647767
62547345,41873,2022-07-11 00:00:00,328,0.1806167400881057,0,-1.0015174155604212,0.8091763748052228,-1.5902065505062133,-0.6140032879039146,-0.0809500709111458,-0.0173314563516404,-0.8765895720619197
62547345,61416813,2022-07-11 00:00:00,295,0.1624449339207048,0,-1.0015174155604212,0.8091763748052228,-1.5902065505062133,-1.9307728930956376,-0.7822679786297633,0.8357592708307093,0.6410746798102673
62547345,445016,2022-07-11 00:00:00,287,0.1580396475770925,0,-1.0015174155604212,0.8091763748052228,-1.5902065505062133,0.5230166786746898,1.3273726435437911,-1.8647846042429448,-1.964372211895049
62547345,218669,2022-07-11 00:00:00,280,0.1541850220264317,0,-1.0015174155604212,0.8091763748052228,-1.5902065505062133,-0.1360994353987371,0.4826956588954257,0.111495504225342,0.4731442066888318
934617024,1096169339,2022-07-12 00:00:00,131,0.1066775244299674,0,-1.000862684931281,2.5345041499398064,-2.831032318109856,-1.8340416047539208,-0.4031280065751252,0.4996151700519089,0.9356336947172864
934617024,833397230,2022-07-12 00:00:00,125,0.1017915309446254,0,-1.000862684931281,2.5345041499398064,-2.831032318109856,-0.7512097454212698,0.2076827750028018,-1.1681100831650315,-3.7727609380946383
295524,32441,2022-07-12 00:00:00,45,0.7258064516129032,1,-1.004383077135296,0.2464573613785047,-2.863343085508246,-0.7926175198100764,0.7828226554049984,0.0127390257774298,-0.3978605087229452
295524,2908,2022-07-12 00:00:00,44,0.7096774193548387,1,-1.004383077135296,0.2464573613785047,-2.863343085508246,0.7713261282916393,1.7569527477614768,-2.10969945772034,5.41164605185504
295524,9670,2022-07-12 00:00:00,44,0.7096774193548387,1,-1.004383077135296,0.2464573613785047,-2.863343085508246,0.8059326176564185,1.7468050533590307,-2.380983432257594,0.7731898882334818
295524,146037,2022-07-12 00:00:00,44,0.7096774193548387,1,-1.004383077135296,0.2464573613785047,-2.863343085508246,-0.5716245567488729,0.4158924553584191,-3.0433603225432453,1.3862943611198906
295524,98989,2022-07-12 00:00:00,44,0.7096774193548387,1,-1.004383077135296,0.2464573613785047,-2.863343085508246,0.5706699092480451,1.4450069409948418,-1.9881105035456903,2.302585092994046
62364860,103858181,2022-07-12 00:00:00,501,0.1931380107941403,0,-1.0083146756786685,1.3038383544515229,-2.606551759210328,1.117547428180502,2.111925816554783,-2.650891787262262,-4.791649752930709
62364860,445013,2022-07-12 00:00:00,358,0.1380107941403238,0,-1.0083146756786685,1.3038383544515229,-2.606551759210328,0.4635500855145331,1.3214612312758756,-1.9791571790538705,0.0363676441708751
62364860,41873,2022-07-12 00:00:00,356,0.1372397841171935,0,-1.0083146756786685,1.3038383544515229,-2.606551759210328,-0.5992104016525567,-0.1329644474138967,-0.0055866067086398,-0.3112955044183643
521136397,468412982,2022-07-12 00:00:00,441,0.1892703862660944,0,-0.7775714716428825,2.1604651515772533,-2.813010636738697,-0.7365647521947565,0.7892253431529468,0.0548918275675172,-0.4349875473744866
521136397,545742922,2022-07-12 00:00:00,403,0.1729613733905579,0,-0.7775714716428825,2.1604651515772533,-2.813010636738697,-0.9063700768796574,0.6805468363043898,-0.0785833859990114,-0.6965427695610842
521136397,604811667,2022-07-12 00:00:00,369,0.1583690987124463,0,-0.7775714716428825,2.1604651515772533,-2.813010636738697,-0.7422264676049127,0.2789464187806824,-2.890371757896165,0.0
521136397,397995320,2022-07-12 00:00:00,368,0.1579399141630901,0,-0.7775714716428825,2.1604651515772533,-2.813010636738697,0.1272413259528627,1.1618291485704668,-1.6492594066207724,0.6931471805599454
521136397,103858369,2022-07-12 00:00:00,317,0.1360515021459227,0,-0.7775714716428825,2.1604651515772533,-2.813010636738697,0.6190138859467209,1.2909531964185224,-1.1547673914978382,1.198196994097546
189895138,103858181,2022-07-12 00:00:00,176,0.1558901682905225,0,-1.0349466371455576,2.1270460475435824,-2.2546456307049265,1.117547428180502,2.111925816554783,-2.650891787262262,-4.791649752930709
189895138,290009921,2022-07-12 00:00:00,132,0.1169176262178919,0,-1.0349466371455576,2.1270460475435824,-2.2546456307049265,0.7935803654394235,1.8758695453763128,-2.991004132358045,-4.77912349311153
189895138,445013,2022-07-12 00:00:00,130,0.1151461470327723,0,-1.0349466371455576,2.1270460475435824,-2.2546456307049265,0.4635500855145331,1.3214612312758756,-1.9791571790538705,0.0363676441708751
397993316,41873,2022-07-12 00:00:00,627,0.2009615384615384,0,-0.7064690395995692,2.0796519532968434,-2.888190731949804,-0.5992104016525567,-0.1329644474138967,-0.0055866067086398,-0.3112955044183643
397993316,62558686,2022-07-12 00:00:00,494,0.1583333333333333,0,-0.7064690395995692,2.0796519532968434,-2.888190731949804,-1.7108846110787834,-0.1959072166182291,0.1516264883313516,0.0403197763796248
58398,2908,2022-07-12 00:00:00,67,0.4213836477987421,0,-1.0161803554559377,0.5836788573955283,-3.263736710897743,0.7713261282916393,1.7569527477614768,-2.10969945772034,5.41164605185504
58398,146037,2022-07-12 00:00:00,58,0.3647798742138364,0,-1.0161803554559377,0.5836788573955283,-3.263736710897743,-0.5716245567488729,0.4158924553584191,-3.0433603225432453,1.3862943611198906
58398,9670,2022-07-12 00:00:00,54,0.3396226415094339,0,-1.0161803554559377,0.5836788573955283,-3.263736710897743,0.8059326176564185,1.7468050533590307,-2.380983432257594,0.7731898882334818
243384,126826,2022-07-13 00:00:00,87,0.1559139784946236,0,,,4.6443908991413725,-0.0587447147977472,,3.044522437723423,0.0
1159688548,1157978452,2022-07-14 00:00:00,17,0.8095238095238095,1,0.1478375865879204,0.2566418301898601,-0.5190755232381328,0.1438239761269863,-0.3837953221582773,0.3461256683218563,-1.342809249180152
1159688548,223429,2022-07-14 00:00:00,17,0.8095238095238095,1,0.1478375865879204,0.2566418301898601,-0.5190755232381328,0.366642061486937,-0.0922751511859518,0.3227733922630511,-0.8518588717147662
1159688548,1159961747,2022-07-14 00:00:00,16,0.7619047619047619,1,0.1478375865879204,0.2566418301898601,-0.5190755232381328,0.1706661608492044,-0.3501861416583279,0.0603197902335228,-0.7111009841765403
1159688548,455,2022-07-14 00:00:00,16,0.7619047619047619,1,0.1478375865879204,0.2566418301898601,-0.5190755232381328,0.2584123033479576,1.259421050231904,-1.6919486759761018,-0.7792217893311886
1159688548,176271432,2022-07-14 00:00:00,16,0.7619047619047619,1,0.1478375865879204,0.2566418301898601,-0.5190755232381328,0.5177524088748918,0.1253890125929756,-0.2964157524205353,-1.2329079151853888
1159688548,195539,2022-07-14 00:00:00,16,0.7619047619047619,1,0.1478375865879204,0.2566418301898601,-0.5190755232381328,0.4887529848816289,0.1349371812582128,-0.1515498981272012,-0.8460864732009066
1159688548,1197383949,2022-07-14 00:00:00,16,0.7619047619047619,1,0.1478375865879204,0.2566418301898601,-0.5190755232381328,0.2457620103936961,0.0106858704998177,-0.1770722009078111,-0.7779437172200216
1159688548,1126972417,2022-07-14 00:00:00,16,0.7619047619047619,1,0.1478375865879204,0.2566418301898601,-0.5190755232381328,0.2189888090204138,-0.2149083702198106,0.2045941924030785,-0.948826521925553
1159688548,707247011,2022-07-14 00:00:00,16,0.7619047619047619,1,0.1478375865879204,0.2566418301898601,-0.5190755232381328,0.2460273564888254,-0.3058729769070536,0.1603426500751794,-1.0643623656250316
1159688548,1156252557,2022-07-14 00:00:00,16,0.7619047619047619,1,0.1478375865879204,0.2566418301898601,-0.5190755232381328,0.2396082537414733,-0.2360341824079224,0.1142680935489393,-1.4223047986429238
666492821,828996747,2022-07-17 00:00:00,27,0.5625,1,0.1710452244171501,0.0978774348445443,-0.7742288493659011,0.0788928334999475,-0.2958551510739471,-0.2494608596315828,-1.3833137329817529
666492821,379,2022-07-17 00:00:00,22,0.4583333333333333,0,0.1710452244171501,0.0978774348445443,-0.7742288493659011,-1.6349451023638124,-0.4216387554293657,0.5973828108459678,-0.1278034085141817
666492821,695379616,2022-07-17 00:00:00,19,0.3958333333333333,0,0.1710452244171501,0.0978774348445443,-0.7742288493659011,0.4751194244375297,0.3756686840184558,-0.725699783597693,-1.5091924974430446
430745201,45022,2022-07-17 00:00:00,21,0.6,1,0.3914056602509751,-0.0103756695490287,-0.0944908434209228,0.5367848183409709,0.2464357846470942,-0.6602374464711476,-1.376875139203399
430745201,695379616,2022-07-17 00:00:00,20,0.5714285714285714,1,0.3914056602509751,-0.0103756695490287,-0.0944908434209228,0.4751194244375297,0.3756686840184558,-0.725699783597693,-1.5091924974430446
430745201,1156252557,2022-07-17 00:00:00,20,0.5714285714285714,1,0.3914056602509751,-0.0103756695490287,-0.0944908434209228,0.3971686465307822,0.1808039500387236,-0.5469016802398006,-1.5212895256573962
430745201,1119808303,2022-07-17 00:00:00,20,0.5714285714285714,1,0.3914056602509751,-0.0103756695490287,-0.0944908434209228,0.519131716839069,0.1136669722592183,-0.4223533261366858,-1.3413818044390675
430745201,1126972417,2022-07-17 00:00:00,19,0.5428571428571428,1,0.3914056602509751,-0.0103756695490287,-0.0944908434209228,0.3787974392310851,0.1336223669726331,-0.4879238594793058,-1.487270278459893
430745201,390795,2022-07-17 00:00:00,19,0.5428571428571428,1,0.3914056602509751,-0.0103756695490287,-0.0944908434209228,0.1757996028148899,-0.007574369663261,-0.3310813879863357,-1.3740242685280757
430745201,707247011,2022-07-17 00:00:00,19,0.5428571428571428,1,0.3914056602509751,-0.0103756695490287,-0.0944908434209228,0.2884397021874403,-0.1043173448759307,-0.360666965208269,-1.5858280467949672
430745201,195539,2022-07-17 00:00:00,19,0.5428571428571428,1,0.3914056602509751,-0.0103756695490287,-0.0944908434209228,0.5555810075480079,0.3091086064017869,-0.7463294460202539,-1.230133630364608
430745201,1157978452,2022-07-17 00:00:00,19,0.5428571428571428,1,0.3914056602509751,-0.0103756695490287,-0.0944908434209228,0.2994050705329243,-0.0492202550082668,-0.481451015086086,-1.4527841023887236
430745201,223429,2022-07-17 00:00:00,19,0.5428571428571428,1,0.3914056602509751,-0.0103756695490287,-0.0944908434209228,0.2946768119483209,-0.1351595620718389,0.3566749439387315,-1.4382541000506022
1159961747,1197383949,2022-07-17 00:00:00,22,0.5238095238095238,1,0.3487308122391969,-0.0920056227829884,-0.557709209664841,0.3204083786968746,0.2224398875394178,-0.7985076962177713,-0.8487112881843508
1159961747,1265867873,2022-07-17 00:00:00,20,0.4761904761904761,0,0.3487308122391969,-0.0920056227829884,-0.557709209664841,0.2707977735705516,0.0243076367647739,-0.4670230011075977,-1.7944440345987245
1159961747,1156252557,2022-07-17 00:00:00,19,0.4523809523809524,0,0.3487308122391969,-0.0920056227829884,-0.557709209664841,0.3971686465307822,0.1808039500387236,-0.5469016802398006,-1.5212895256573962
1159961747,1157017979,2022-07-17 00:00:00,19,0.4523809523809524,0,0.3487308122391969,-0.0920056227829884,-0.557709209664841,0.2773782965264045,0.1088428873546508,-0.6790624406782069,-1.3590022188318835
1159961747,1157978452,2022-07-17 00:00:00,19,0.4523809523809524,0,0.3487308122391969,-0.0920056227829884,-0.557709209664841,0.2994050705329243,-0.0492202550082668,-0.481451015086086,-1.4527841023887236
1159961747,455,2022-07-17 00:00:00,19,0.4523809523809524,0,0.3487308122391969,-0.0920056227829884,-0.557709209664841,0.2550201916406305,0.9830477562043116,-1.6635051337043762,-1.5433862195379655
1159961747,47695,2022-07-17 00:00:00,19,0.4523809523809524,0,0.3487308122391969,-0.0920056227829884,-0.557709209664841,0.4498849528265828,-0.0764288233718456,-0.5423242908253609,-1.678963975082711
1159961747,490249906,2022-07-17 00:00:00,19,0.4523809523809524,0,0.3487308122391969,-0.0920056227829884,-0.557709209664841,0.2371208906340608,-0.0278329173248321,-0.6153694795172617,-1.163150809805681
1159961747,2628,2022-07-17 00:00:00,19,0.4523809523809524,0,0.3487308122391969,-0.0920056227829884,-0.557709209664841,-0.0615662530222268,-0.4984170037022739,0.2003696266656573,-1.2443240998495029
209776,42983,2022-07-18 00:00:00,124,0.2421875,0,1.4923351232993127,-0.379967656019748,1.1451323043030026,-0.0531003189138313,0.4392887689579879,-3.7004402765150126,-2.215573716004416
209776,3286,2022-07-18 00:00:00,104,0.203125,0,1.4923351232993127,-0.379967656019748,1.1451323043030026,0.3907589265195962,-0.5605818171949412,2.812410216426453,-2.639057329615259
209776,141024,2022-07-18 00:00:00,102,0.19921875,0,1.4923351232993127,-0.379967656019748,1.1451323043030026,0.6857521992293338,-0.8276091302295503,0.6678293725756554,-2.024381764496809
209776,140581,2022-07-18 00:00:00,102,0.19921875,0,1.4923351232993127,-0.379967656019748,1.1451323043030026,0.925152736700548,-0.0398849639177778,0.4539174914941117,-2.70805020110221
209776,140375,2022-07-18 00:00:00,101,0.197265625,0,1.4923351232993127,-0.379967656019748,1.1451323043030026,0.5315223852687303,-0.930277700033702,1.163150809805681,-3.7013019741124937
209776,22762,2022-07-18 00:00:00,100,0.1953125,0,1.4923351232993127,-0.379967656019748,1.1451323043030026,1.491108212464481,-0.1097420228739303,1.2163953243244934,-2.602689685444384
209776,202450,2022-07-18 00:00:00,100,0.1953125,0,1.4923351232993127,-0.379967656019748,1.1451323043030026,1.483528094466911,0.0065561492760723,0.6390799592896697,-2.468099531471619
209776,218977,2022-07-18 00:00:00,100,0.1953125,0,1.4923351232993127,-0.379967656019748,1.1451323043030026,0.9845168467204104,-0.2295836451033202,0.635988766719997,-2.833213344056216
165660,162882,2022-07-18 00:00:00,108,0.5595854922279793,1,0.5893182754265299,0.5378919849008973,-0.1365755350057504,1.017798737853172,-0.3625142648672181,1.062894206066031,-2.0583881324820035
165660,160759,2022-07-18 00:00:00,105,0.5440414507772021,1,0.5893182754265299,0.5378919849008973,-0.1365755350057504,0.8492386596104065,-0.5155472145785767,1.0296194171811583,-2.2335922215070947
165660,199441,2022-07-18 00:00:00,104,0.538860103626943,1,0.5893182754265299,0.5378919849008973,-0.1365755350057504,1.1414926071321116,-0.1419915507244575,0.4818380868927385,-2.2512917986064958
165660,432338,2022-07-18 00:00:00,104,0.538860103626943,1,0.5893182754265299,0.5378919849008973,-0.1365755350057504,1.1122895509223163,-0.6789610320955175,1.4663370687934267,-2.3671236141316165
165660,166369,2022-07-18 00:00:00,103,0.533678756476684,1,0.5893182754265299,0.5378919849008973,-0.1365755350057504,0.3855971904757509,-1.146219575689656,0.4054651081081646,-2.1517622032594623
165660,1130,2022-07-18 00:00:00,103,0.533678756476684,1,0.5893182754265299,0.5378919849008973,-0.1365755350057504,1.1789731337346556,0.0427940979636023,0.1372011215134847,-0.7926767759069784
165660,203672,2022-07-18 00:00:00,103,0.533678756476684,1,0.5893182754265299,0.5378919849008973,-0.1365755350057504,0.8484438309134887,-0.3504359001111103,0.737598943130779,-2.302585092994046
234120,138771,2022-07-18 00:00:00,164,0.4281984334203655,0,0.5016854053786929,0.5891092514813038,-0.6143663027068316,1.3546844420453226,0.0303542436038204,0.8602012652231115,-1.0608719606852626
234120,149244,2022-07-18 00:00:00,163,0.4255874673629243,0,0.5016854053786929,0.5891092514813038,-0.6143663027068316,1.2997037794512756,0.0867124809560049,0.2282586519809801,-1.6094379124341
234120,163609,2022-07-18 00:00:00,163,0.4255874673629243,0,0.5016854053786929,0.5891092514813038,-0.6143663027068316,1.0734991684964112,-0.0671847286005911,1.0799201556559574,-0.9873866535578856
234120,299864,2022-07-18 00:00:00,163,0.4255874673629243,0,0.5016854053786929,0.5891092514813038,-0.6143663027068316,1.094582525519994,-0.0841574394192339,0.9249487946172694,-0.7985076962177713
234120,157465,2022-07-18 00:00:00,162,0.422976501305483,0,0.5016854053786929,0.5891092514813038,-0.6143663027068316,0.8018626673212566,-0.1958108509002782,0.6795415285041666,-1.1557707025080584
234120,195828,2022-07-18 00:00:00,162,0.422976501305483,0,0.5016854053786929,0.5891092514813038,-0.6143663027068316,1.1255893749033314,0.0763894731419818,0.3364722366212134,-0.8266785731844677
234120,276,2022-07-18 00:00:00,160,0.4177545691906005,0,0.5016854053786929,0.5891092514813038,-0.6143663027068316,0.9522414762397108,0.1302399076518672,-0.1085401685752067,-0.9162907318741552
234120,302415,2022-07-18 00:00:00,160,0.4177545691906005,0,0.5016854053786929,0.5891092514813038,-0.6143663027068316,0.7255791620445731,-0.4407468403671644,0.5260930958967789,-0.7295148247308205
234120,42924,2022-07-18 00:00:00,159,0.4151436031331593,0,0.5016854053786929,0.5891092514813038,-0.6143663027068316,1.006287443374232,0.0189563648407535,0.2102954088363606,-0.7672551527136671
164720,187402,2022-07-18 00:00:00,103,0.6023391812865497,1,1.4923351232993127,-0.3105457312553086,1.0745147370890495,-0.1659124523834374,-1.2430809579648474,1.1420974006078484,-2.852631429913318
164720,124360,2022-07-18 00:00:00,103,0.6023391812865497,1,1.4923351232993127,-0.3105457312553086,1.0745147370890495,0.8992763362803793,-0.1494647290251312,1.0775588794702773,-1.945910149055314
164720,52221,2022-07-18 00:00:00,102,0.5964912280701754,1,1.4923351232993127,-0.3105457312553086,1.0745147370890495,0.6302249513760887,-0.8315751339263437,1.0296194171811583,-1.403993938219292
164720,80049,2022-07-18 00:00:00,102,0.5964912280701754,1,1.4923351232993127,-0.3105457312553086,1.0745147370890495,1.0601983079258728,-0.3045875662631103,0.7259370033829362,-2.360854001118022
164720,141193,2022-07-18 00:00:00,101,0.5906432748538012,1,1.4923351232993127,-0.3105457312553086,1.0745147370890495,1.7035695877500134,0.1027193524116021,1.056052674249314,-3.449987545831587
164720,141735,2022-07-18 00:00:00,101,0.5906432748538012,1,1.4923351232993127,-0.3105457312553086,1.0745147370890495,1.1560036282804116,0.9374720330797598,0.9295359586241756,2.08865819678476
164720,202207,2022-07-18 00:00:00,101,0.5906432748538012,1,1.4923351232993127,-0.3105457312553086,1.0745147370890495,0.9772668516069044,-0.1905999510916878,0.8174448972375226,-1.0116009116784803
164720,191509,2022-07-18 00:00:00,100,0.5847953216374269,1,1.4923351232993127,-0.3105457312553086,1.0745147370890495,-0.0771981621752292,-1.5389982474776618,1.0986122886681096,-1.299282984130261
162173,214622,2022-07-18 00:00:00,109,0.4801762114537445,0,0.2185315952006518,1.0568641178174067,1.0296194171811583,1.0142546246479736,0.9642973055618108,0.5306282510621707,-2.178532444324067
162173,443691116,2022-07-18 00:00:00,108,0.4757709251101321,0,0.2185315952006518,1.0568641178174067,1.0296194171811583,1.2308401640734554,-0.5540703183975897,2.079441541679836,-2.6741486494265283
162173,140581,2022-07-18 00:00:00,107,0.4713656387665198,0,0.2185315952006518,1.0568641178174067,1.0296194171811583,0.925152736700548,-0.0398849639177778,0.4539174914941117,-2.70805020110221
162173,214928,2022-07-18 00:00:00,106,0.4669603524229075,0,0.2185315952006518,1.0568641178174067,1.0296194171811583,1.3687106040696646,-0.3829379311454768,1.0788096613719298,-2.415913778301049
162173,209775,2022-07-18 00:00:00,106,0.4669603524229075,0,0.2185315952006518,1.0568641178174067,1.0296194171811583,1.095893910237143,0.018725404655733,0.6931471805599454,-2.120263536200091
162173,80049,2022-07-18 00:00:00,106,0.4669603524229075,0,0.2185315952006518,1.0568641178174067,1.0296194171811583,1.0601983079258728,-0.3045875662631103,0.7259370033829362,-2.360854001118022
162173,142296,2022-07-18 00:00:00,106,0.4669603524229075,0,0.2185315952006518,1.0568641178174067,1.0296194171811583,1.495274408274016,0.5650682692125406,0.8266785731844681,-3.218875824868201
162173,199441,2022-07-18 00:00:00,105,0.4625550660792951,0,0.2185315952006518,1.0568641178174067,1.0296194171811583,1.1414926071321116,-0.1419915507244575,0.4818380868927385,-2.2512917986064958
166743,164719,2022-07-18 00:00:00,121,0.5353982300884956,1,1.1077035435782905,-0.4363553918997332,0.971860583028966,1.0740896963373836,0.5214269105865341,1.7917594692280543,-2.261763098473791
166743,120171,2022-07-18 00:00:00,117,0.5176991150442478,1,1.1077035435782905,-0.4363553918997332,0.971860583028966,0.4237381669396018,0.0213209081559661,1.4271163556401456,-2.602689685444384
166743,191512,2022-07-18 00:00:00,109,0.4823008849557522,0,1.1077035435782905,-0.4363553918997332,0.971860583028966,0.8308180410623365,-0.3849886195182728,1.3397743454849975,-3.449987545831587
166743,157464,2022-07-18 00:00:00,102,0.4513274336283185,0,1.1077035435782905,-0.4363553918997332,0.971860583028966,0.856976907589083,-0.3588297529915263,1.3156767939059373,-2.833213344056216
166743,202450,2022-07-18 00:00:00,102,0.4513274336283185,0,1.1077035435782905,-0.4363553918997332,0.971860583028966,1.483528094466911,0.0065561492760723,0.6390799592896697,-2.468099531471619
166743,142296,2022-07-18 00:00:00,101,0.4469026548672566,0,1.1077035435782905,-0.4363553918997332,0.971860583028966,1.495274408274016,0.5650682692125406,0.8266785731844681,-3.218875824868201
166743,140452,2022-07-18 00:00:00,101,0.4469026548672566,0,1.1077035435782905,-0.4363553918997332,0.971860583028966,0.0830795905304001,-1.0246239530478902,0.9985288301111273,-2.833213344056216
166743,140375,2022-07-18 00:00:00,101,0.4469026548672566,0,1.1077035435782905,-0.4363553918997332,0.971860583028966,0.5315223852687303,-0.930277700033702,1.163150809805681,-3.7013019741124937
298810126,218977,2022-07-18 00:00:00,101,0.6644736842105263,1,0.2753864757524508,0.5977533074512271,1.1676051601550612,0.9845168467204104,-0.2295836451033202,0.635988766719997,-2.833213344056216
298810126,190176,2022-07-18 00:00:00,101,0.6644736842105263,1,0.2753864757524508,0.5977533074512271,1.1676051601550612,0.6517415540664059,-0.4254269515150041,1.0296194171811583,-1.9661128563728327
298810126,124360,2022-07-18 00:00:00,101,0.6644736842105263,1,0.2753864757524508,0.5977533074512271,1.1676051601550612,0.8992763362803793,-0.1494647290251312,1.0775588794702773,-1.945910149055314
298810126,274730341,2022-07-18 00:00:00,101,0.6644736842105263,1,0.2753864757524508,0.5977533074512271,1.1676051601550612,1.1331914603796234,-0.3649583796719005,1.4816045409242151,-2.970414465569701
298810126,203711,2022-07-18 00:00:00,100,0.6578947368421053,1,0.2753864757524508,0.5977533074512271,1.1676051601550612,1.4601398757392936,1.3447513355930123,0.9509762898620449,-2.178532444324067
298810126,141728,2022-07-18 00:00:00,100,0.6578947368421053,1,0.2753864757524508,0.5977533074512271,1.1676051601550612,0.4751544645714654,-0.5735866007340451,1.3862943611198908,-0.9162907318741552
298810126,187264,2022-07-18 00:00:00,100,0.6578947368421053,1,0.2753864757524508,0.5977533074512271,1.1676051601550612,0.945170126189346,-0.3303965144994517,0.4480247225269602,-2.639057329615259
298810126,153184,2022-07-18 00:00:00,99,0.6513157894736842,1,0.2753864757524508,0.5977533074512271,1.1676051601550612,0.7183829286426849,-1.1300944514362774,0.664976303593249,-2.639057329615259
49463,89625,2022-07-19 00:00:00,30,0.028169014084507,0,-1.0042976047191847,2.549116949579356,-5.250526702711688,1.1240574867436337,1.3856466796749272,-2.778978520338552,-1.5470675817076427
49463,924,2022-07-19 00:00:00,29,0.0272300469483568,0,-1.0042976047191847,2.549116949579356,-5.250526702711688,-1.2285925498847945,-0.4320040266928018,0.2298887746011271,0.2129219972426712
49463,10265,2022-07-19 00:00:00,28,0.0262910798122065,0,-1.0042976047191847,2.549116949579356,-5.250526702711688,0.6649065323973359,0.835846551087223,-1.1846156736363271,1.1596725454293564
66572,49468,2022-07-21 00:00:00,15,0.5172413793103449,1,1.878950535410369,-3.043388385718879,4.388257184424518,-2.7097490622354345,-3.3698620383441025,0.1930660960769312,-2.8903717578961645
66572,164454,2022-07-21 00:00:00,15,0.5172413793103449,1,1.878950535410369,-3.043388385718879,4.388257184424518,1.878950535410369,1.493353344934618,-3.6375861597263857,-1.0986122886681098
66572,78476,2022-07-21 00:00:00,14,0.4827586206896552,0,1.878950535410369,-3.043388385718879,4.388257184424518,-1.4355191020613844,0.2914556911651726,1.3061206176078652,0.0
66572,43300,2022-07-21 00:00:00,14,0.4827586206896552,0,1.878950535410369,-3.043388385718879,4.388257184424518,-1.5455053677887352,,5.673323267171493,0.2876820724517808
66572,92480,2022-07-21 00:00:00,14,0.4827586206896552,0,1.878950535410369,-3.043388385718879,4.388257184424518,-2.485420862343755,,6.786716950605081,0.0
93282,143879,2022-07-21 00:00:00,16,0.4705882352941176,0,,,0.6931471805599453,0.5890287238082524,,5.3981627015177525,1.6094379124341005
93282,67837,2022-07-21 00:00:00,16,0.4705882352941176,0,,,0.6931471805599453,1.5149642455059866,0.3225052465292308,-0.3894647667617232,-0.0444517625708336
93282,93820,2022-07-21 00:00:00,16,0.4705882352941176,0,,,0.6931471805599453,2.648213694852414,2.970043401577411,-5.539300835990577,0.6931471805599453
93282,49469,2022-07-21 00:00:00,15,0.4411764705882353,0,,,0.6931471805599453,2.648213694852414,0.7692631594420449,-0.4054651081081645,4.356708826689592
93282,93852,2022-07-21 00:00:00,15,0.4411764705882353,0,,,0.6931471805599453,-1.9870434103774652,,5.384495062789089,4.356708826689592
93282,64522,2022-07-21 00:00:00,15,0.4411764705882353,0,,,0.6931471805599453,-1.1084142919319362,,4.330733340286331,-1.0986122886681098
93282,55287,2022-07-21 00:00:00,15,0.4411764705882353,0,,,0.6931471805599453,1.878950535410369,0.0,0.0,0.6931471805599453
290038021,290038015,2022-07-24 00:00:00,51,0.9807692307692308,1,,,0.6931471805599453,1.878950535410369,,0.6931471805599453,0.0
290038021,1171,2022-07-24 00:00:00,49,0.9423076923076924,1,,,0.6931471805599453,0.6286270806123645,-0.3472737615506609,0.6426313904230438,-1.5484305643260765
202207,192234,2022-07-25 00:00:00,157,0.6514522821576764,1,0.948849403393051,0.22363423562759,-0.7213180575266418,0.9070183009229932,-0.1382442501076528,-0.1823215567939549,0.4393666597838455
202207,160179,2022-07-25 00:00:00,154,0.6390041493775933,1,0.948849403393051,0.22363423562759,-0.7213180575266418,1.1589465985412566,0.902885223031242,-0.3794896217049039,0.575364144903562
202207,157465,2022-07-25 00:00:00,153,0.6348547717842323,1,0.948849403393051,0.22363423562759,-0.7213180575266418,1.109979967123897,0.2734577610528406,-0.795801334620029,0.4480247225269602
202207,140581,2022-07-25 00:00:00,151,0.6265560165975104,1,0.948849403393051,0.22363423562759,-0.7213180575266418,1.2438737990643407,0.56211519726944,-0.665748206371831,-0.0870113769896296
202207,138771,2022-07-25 00:00:00,150,0.6224066390041494,1,0.948849403393051,0.22363423562759,-0.7213180575266418,1.5691109959343614,0.2762460627901359,-0.4760826753221172,0.3964152725882468
202207,42924,2022-07-25 00:00:00,150,0.6224066390041494,1,0.948849403393051,0.22363423562759,-0.7213180575266418,1.164875886442295,0.5274004350905754,-0.6190392084062228,0.4480247225269602
140574,521419071,2022-07-25 00:00:00,101,0.5872093023255814,1,0.707071027543242,0.0844969565190341,-0.5679840376059393,1.3647858741889831,0.3237262005711818,-1.0296194171811583,0.0
140574,202450,2022-07-25 00:00:00,100,0.5813953488372093,1,0.707071027543242,0.0844969565190341,-0.5679840376059393,1.9786463821656888,1.0151543014750986,-0.4353180712578455,1.021651247531981
140574,274730318,2022-07-25 00:00:00,99,0.5755813953488372,1,0.707071027543242,0.0844969565190341,-0.5679840376059393,1.70166914517655,1.81543339470274,-1.01160091167848,0.3254224004346278
140574,274730341,2022-07-25 00:00:00,98,0.5697674418604651,1,0.707071027543242,0.0844969565190341,-0.5679840376059393,1.6703753103564007,0.8884706036072465,-0.7777045685880082,0.071458963982145
140574,164719,2022-07-25 00:00:00,97,0.563953488372093,1,0.707071027543242,0.0844969565190341,-0.5679840376059393,0.2274648326561866,-0.9601943882747568,1.4372969155722637,0.1397619423751588
140574,2031,2022-07-25 00:00:00,97,0.563953488372093,1,0.707071027543242,0.0844969565190341,-0.5679840376059393,1.1132316457799376,0.5204541168693181,-0.5717863235556777,-1.285198244248522
140574,199441,2022-07-25 00:00:00,97,0.563953488372093,1,0.707071027543242,0.0844969565190341,-0.5679840376059393,1.3647858741889831,0.32434133425704,-0.9295359586241756,0.6931471805599454
208147,4683,2022-07-25 00:00:00,160,0.4923076923076923,0,1.0646494409988874,0.2928012152626864,-0.7537718023763804,0.2164650910994881,-0.2061923906653221,-0.1421240766614584,5.368444210230038
208147,138771,2022-07-25 00:00:00,159,0.4892307692307692,0,1.0646494409988874,0.2928012152626864,-0.7537718023763804,1.5691109959343614,0.2762460627901359,-0.4760826753221172,0.3964152725882468
208147,195828,2022-07-25 00:00:00,157,0.483076923076923,0,1.0646494409988874,0.2928012152626864,-0.7537718023763804,1.143252418271697,-0.0683396490889618,0.0618754037180875,-0.2702903297399115
208147,140581,2022-07-25 00:00:00,156,0.48,0,1.0646494409988874,0.2928012152626864,-0.7537718023763804,1.2438737990643407,0.56211519726944,-0.665748206371831,-0.0870113769896296
208147,149244,2022-07-25 00:00:00,155,0.4769230769230769,0,1.0646494409988874,0.2928012152626864,-0.7537718023763804,1.1457534981151003,-0.1235528381214658,-0.4149438520627084,0.1643030512912764
208147,165650,2022-07-25 00:00:00,155,0.4769230769230769,0,1.0646494409988874,0.2928012152626864,-0.7537718023763804,1.216060743868643,0.2291517075323151,0.2231435513142097,-0.2954642128938358
220726,106650,2022-07-25 00:00:00,100,0.6329113924050633,1,0.5774367327340305,0.7808131488088955,-0.8397506547518208,0.4629980721958684,-0.4268660136443017,0.6701576623352463,0.0
220726,125736,2022-07-25 00:00:00,100,0.6329113924050633,1,0.5774367327340305,0.7808131488088955,-0.8397506547518208,1.535067410839098,1.2890583645003548,-0.6592456288842641,-0.2076393647782444
220726,187264,2022-07-25 00:00:00,98,0.620253164556962,1,0.5774367327340305,0.7808131488088955,-0.8397506547518208,0.6464091700029392,-0.2112850162629453,-0.6931471805599454,0.0
220726,164719,2022-07-25 00:00:00,98,0.620253164556962,1,0.5774367327340305,0.7808131488088955,-0.8397506547518208,0.2274648326561866,-0.9601943882747568,1.4372969155722637,0.1397619423751588
220726,167390,2022-07-25 00:00:00,98,0.620253164556962,1,0.5774367327340305,0.7808131488088955,-0.8397506547518208,1.5239286317854148,1.561435766702057,-0.5780778507751583,-0.5108256237659905
220726,3286,2022-07-25 00:00:00,97,0.6139240506329114,1,0.5774367327340305,0.7808131488088955,-0.8397506547518208,0.8518251827432044,1.1173163102108692,-0.0090226175996379,-0.3254224004346278
220726,141342,2022-07-25 00:00:00,97,0.6139240506329114,1,0.5774367327340305,0.7808131488088955,-0.8397506547518208,1.6334570152030523,0.8942124801888011,-0.3772942311414677,0.4595323293784399
220726,160759,2022-07-25 00:00:00,97,0.6139240506329114,1,0.5774367327340305,0.7808131488088955,-0.8397506547518208,1.824522905751801,0.8431294461737218,-0.5465437063680696,0.3053816495511818
143879,387540,2022-07-25 00:00:00,19,0.3653846153846153,0,,,5.3981627015177525,1.878950535410369,2.997621669468199,-3.6375861597263857,0.0
143879,93282,2022-07-25 00:00:00,16,0.3076923076923077,0,,,5.3981627015177525,1.878950535410369,0.0,0.0,0.0
143879,214800,2022-07-25 00:00:00,15,0.2884615384615384,0,,,5.3981627015177525,0.3855971904757508,,4.330733340286331,0.0
143879,49469,2022-07-25 00:00:00,15,0.2884615384615384,0,,,5.3981627015177525,2.648213694852414,0.7692631594420449,-0.4054651081081645,3.5457786104732625
143879,148216,2022-07-25 00:00:00,14,0.2692307692307692,0,,,5.3981627015177525,-0.0587447147977472,-2.450537356502813,1.6582280766035324,-0.6931471805599453
143879,127336,2022-07-25 00:00:00,14,0.2692307692307692,0,,,5.3981627015177525,-1.9908148993959809,,5.389071729816501,0.0
156676,16010,2022-07-25 00:00:00,162,0.4939024390243902,0,1.0074077597474624,0.2260903569468171,-0.6641596436866934,1.1365981887603995,0.0307993793525469,-0.3417492937220565,-0.4289956055183586
156676,198560,2022-07-25 00:00:00,160,0.4878048780487805,0,1.0074077597474624,0.2260903569468171,-0.6641596436866934,1.314035097844229,0.2534771575660688,-1.0445450673978345,0.0246926125903717
156676,165650,2022-07-25 00:00:00,159,0.4847560975609756,0,1.0074077597474624,0.2260903569468171,-0.6641596436866934,1.216060743868643,0.2291517075323151,0.2231435513142097,-0.2954642128938358
156676,4683,2022-07-25 00:00:00,157,0.4786585365853658,0,1.0074077597474624,0.2260903569468171,-0.6641596436866934,0.2164650910994881,-0.2061923906653221,-0.1421240766614584,5.368444210230038
156676,42924,2022-07-25 00:00:00,156,0.4756097560975609,0,1.0074077597474624,0.2260903569468171,-0.6641596436866934,1.164875886442295,0.5274004350905754,-0.6190392084062228,0.4480247225269602
156676,138771,2022-07-25 00:00:00,155,0.4725609756097561,0,1.0074077597474624,0.2260903569468171,-0.6641596436866934,1.5691109959343614,0.2762460627901359,-0.4760826753221172,0.3964152725882468
156676,203633,2022-07-25 00:00:00,155,0.4725609756097561,0,1.0074077597474624,0.2260903569468171,-0.6641596436866934,1.115053321890344,0.179141511544307,-0.3101549283038394,-0.0465200156348926
156676,140581,2022-07-25 00:00:00,155,0.4725609756097561,0,1.0074077597474624,0.2260903569468171,-0.6641596436866934,1.2438737990643407,0.56211519726944,-0.665748206371831,-0.0870113769896296
156676,161071,2022-07-25 00:00:00,155,0.4725609756097561,0,1.0074077597474624,0.2260903569468171,-0.6641596436866934,1.2062057344959638,0.4058657626237644,-0.6805683983530852,-0.0259754864032606
134605,145283,2022-07-27 00:00:00,12,0.4,0,,,5.393627546352362,2.648213694852414,,0.6931471805599453,5.849324779946859
134605,145994,2022-07-27 00:00:00,12,0.4,0,,,5.393627546352362,-1.23006446661678,0.5948172959636968,-1.6910708669309713,-0.6931471805599453
134605,139560,2022-07-27 00:00:00,11,0.3666666666666666,0,,,5.393627546352362,0.4580361542250963,,5.081404364984463,-4.330733340286331
134605,263570,2022-07-27 00:00:00,11,0.3666666666666666,0,,,5.393627546352362,-1.11867113405783,-1.8172018995128545,-0.6732129656591281,-4.454347296253507
134605,83666,2022-07-27 00:00:00,11,0.3666666666666666,0,,,5.393627546352362,2.648213694852414,4.146662238695247,-5.4359030295006,-3.871201010907891
270638,3692,2022-07-27 00:00:00,47,0.5875,1,,,4.955827057601261,-0.3322037432541207,-0.2716515509282241,0.1401252044727545,-0.3464667673462083
270638,8270,2022-07-27 00:00:00,46,0.575,1,,,4.955827057601261,-0.4711924005978715,0.5532951229933116,-1.564062962407755,0.4194905834626681
270638,22271,2022-07-27 00:00:00,46,0.575,1,,,4.955827057601261,1.0337165126087888,-0.008935258386119,0.523248143764548,-0.4307829160924541
50223,230109,2022-07-28 00:00:00,159,0.5501730103806228,1,-0.1511746925514737,0.3746367634432782,-0.4739550879576635,0.1461487243969368,0.2157222249567678,-0.1738881626655795,0.2231435513142097
50223,110691,2022-07-28 00:00:00,154,0.532871972318339,1,-0.1511746925514737,0.3746367634432782,-0.4739550879576635,0.0959847531158761,0.0972776310438825,-0.1436155116911495,-1.5314763709643886
50223,138209,2022-07-28 00:00:00,154,0.532871972318339,1,-0.1511746925514737,0.3746367634432782,-0.4739550879576635,0.0198361408379863,0.1362117082068177,-0.2009726734200558,-1.712978591374941
50223,93909,2022-07-28 00:00:00,153,0.5294117647058824,1,-0.1511746925514737,0.3746367634432782,-0.4739550879576635,-0.3295057741145591,0.3058263174454958,-0.3492315803749726,0.5705448584676129
50223,135886,2022-07-28 00:00:00,152,0.5259515570934256,1,-0.1511746925514737,0.3746367634432782,-0.4739550879576635,0.1004650709143268,0.0063759757997518,0.0,-0.2231435513142097
50223,203326,2022-07-28 00:00:00,151,0.5224913494809689,1,-0.1511746925514737,0.3746367634432782,-0.4739550879576635,0.0914206907770966,0.1116814884674586,-0.1804186066478683,0.2578291093020999
50223,306249,2022-07-28 00:00:00,151,0.5224913494809689,1,-0.1511746925514737,0.3746367634432782,-0.4739550879576635,0.152478041901289,0.2141955249070641,-0.1552661289111245,-0.5877866649021193
50223,196032,2022-07-28 00:00:00,150,0.5190311418685121,1,-0.1511746925514737,0.3746367634432782,-0.4739550879576635,0.0487547140175613,-0.0367706560867306,0.0603957102897396,0.3364722366212129
50223,221607,2022-07-28 00:00:00,150,0.5190311418685121,1,-0.1511746925514737,0.3746367634432782,-0.4739550879576635,-0.0212308635532756,0.0925541441773823,-0.1435481708679935,-1.5198257537444133
50223,247178,2022-07-28 00:00:00,149,0.5155709342560554,1,-0.1511746925514737,0.3746367634432782,-0.4739550879576635,0.1342906622787359,0.1742990787065131,-0.1770375286473493,-0.3746934494414105
50223,335236,2022-07-28 00:00:00,148,0.5121107266435986,1,-0.1511746925514737,0.3746367634432782,-0.4739550879576635,0.2423259468183848,0.4209063832536863,-0.5319953052737034,0.1112256351102241
135169,135886,2022-07-29 00:00:00,161,0.7285067873303167,1,0.0049965270116582,0.2286782932592824,-0.3337731796520478,0.1000230018474289,0.034749726267096,-0.0341589188113191,-0.0741079721537216
135169,138209,2022-07-29 00:00:00,160,0.7239819004524887,1,0.0049965270116582,0.2286782932592824,-0.3337731796520478,0.1380096436899116,0.3500744289184597,-0.4029556965027385,-1.85238409104449
135169,306249,2022-07-29 00:00:00,159,0.7194570135746606,1,0.0049965270116582,0.2286782932592824,-0.3337731796520478,0.1787474224131438,0.2278030053767559,-0.1707842723890902,-0.5877866649021193
135169,93909,2022-07-29 00:00:00,158,0.7149321266968326,1,0.0049965270116582,0.2286782932592824,-0.3337731796520478,-0.3063119539048064,0.3002952400394528,-0.3502024294331143,0.5705448584676129
135169,230109,2022-07-29 00:00:00,158,0.7149321266968326,1,0.0049965270116582,0.2286782932592824,-0.3337731796520478,0.1546508451751422,0.2242243457349733,-0.1816703031076345,0.2231435513142097
135169,221607,2022-07-29 00:00:00,157,0.7104072398190046,1,0.0049965270116582,0.2286782932592824,-0.3337731796520478,-0.0303044909126459,0.0478021116566938,-0.1073585183204999,-1.5198257537444133
135169,110691,2022-07-29 00:00:00,155,0.7013574660633484,1,0.0049965270116582,0.2286782932592824,-0.3337731796520478,0.171479638951168,0.1371613232721241,-0.1553504400191618,-1.5314763709643886
135169,48571,2022-07-29 00:00:00,155,0.7013574660633484,1,0.0049965270116582,0.2286782932592824,-0.3337731796520478,0.1252851187556804,0.1165832301569493,-0.1270362411368673,-0.7884573603642702
135169,301836,2022-07-29 00:00:00,154,0.6968325791855203,1,0.0049965270116582,0.2286782932592824,-0.3337731796520478,0.1232909183891197,0.1778103412693206,-0.2149802406750494,-0.485507815781701
135169,64199,2022-07-29 00:00:00,154,0.6968325791855203,1,0.0049965270116582,0.2286782932592824,-0.3337731796520478,0.2642180587293791,0.2524364496796955,-0.2900157957980012,0.2623642644674908
135169,203326,2022-07-29 00:00:00,154,0.6968325791855203,1,0.0049965270116582,0.2286782932592824,-0.3337731796520478,0.1201092478400067,0.1463611851142879,-0.2326222952687535,0.2578291093020999
253641,190432,2022-07-29 00:00:00,19,0.3653846153846153,0,-1.467099810671402,2.125504020778794,-0.9682504708048664,1.1325736000561046,,4.3694478524670215,-1.791759469228055
253641,9129,2022-07-29 00:00:00,17,0.3269230769230769,0,-1.467099810671402,2.125504020778794,-0.9682504708048664,1.6885501877309466,,1.791759469228055,0.0
253641,108131,2022-07-29 00:00:00,15,0.2884615384615384,0,-1.467099810671402,2.125504020778794,-0.9682504708048664,2.0965165198562925,1.716376819180023,-2.9575110607337933,-2.552045952625629
203326,335236,2022-07-30 00:00:00,166,0.680327868852459,1,-0.0195811768160371,0.178181886985802,-0.2719337154836418,0.2665417912179464,0.3630019391941103,-0.4694138327084376,0.3053816495511818
203326,135886,2022-07-30 00:00:00,163,0.6680327868852459,1,-0.0195811768160371,0.178181886985802,-0.2719337154836418,0.1312568765334694,0.0594366303725954,-0.0540672212702757,-0.0741079721537216
203326,81994,2022-07-30 00:00:00,162,0.6639344262295082,1,-0.0195811768160371,0.178181886985802,-0.2719337154836418,-0.3814077044259022,0.1796595000826367,-0.2137377530273339,-1.312186388966169
203326,147575,2022-07-30 00:00:00,162,0.6639344262295082,1,-0.0195811768160371,0.178181886985802,-0.2719337154836418,-0.0035866395293397,0.0905603839220297,-0.1263507915496617,-0.8329091229351038
203326,221607,2022-07-30 00:00:00,162,0.6639344262295082,1,-0.0195811768160371,0.178181886985802,-0.2719337154836418,-0.0203233097988814,0.0577832927704584,-0.1140475064712962,-1.421385680931161
203326,247178,2022-07-30 00:00:00,161,0.6598360655737705,1,-0.0195811768160371,0.178181886985802,-0.2719337154836418,0.1574437389995817,0.1857412168973564,-0.2513144282809056,-0.5212969236332863
203326,110691,2022-07-30 00:00:00,160,0.6557377049180327,1,-0.0195811768160371,0.178181886985802,-0.2719337154836418,0.1935348691845882,0.1714386353234476,-0.1873162157680452,-2.079441541679836
203326,138209,2022-07-30 00:00:00,160,0.6557377049180327,1,-0.0195811768160371,0.178181886985802,-0.2719337154836418,0.0972095691871782,0.2608793555391716,-0.319770387003282,-1.5841201044498106
203326,196032,2022-07-30 00:00:00,159,0.6516393442622951,1,-0.0195811768160371,0.178181886985802,-0.2719337154836418,0.064198016446464,-0.0577652798752927,0.0729690198665915,0.0
52022,2129632899,2022-07-30 00:00:00,735,0.8667452830188679,1,0.5533088103168988,-0.0707344016020481,1.007640510462383,-2.8861470885122027,-0.0486705219333813,0.070102485613642,-0.3759494769410985
52022,2142869398,2022-07-30 00:00:00,734,0.8655660377358491,1,0.5533088103168988,-0.0707344016020481,1.007640510462383,-2.9024121238876184,-0.0299797196200386,0.0831805837097086,-0.3537897136351358
52022,2122514680,2022-07-30 00:00:00,733,0.8643867924528302,1,0.5533088103168988,-0.0707344016020481,1.007640510462383,-2.8752493679826885,0.0155916205408912,0.0129513487607031,-0.3600223259321158
52022,2123493281,2022-07-30 00:00:00,727,0.8573113207547169,1,0.5533088103168988,-0.0707344016020481,1.007640510462383,-2.918230978376823,-0.0920981026572564,0.1370944017239779,-0.3240526497889942
52022,2142879863,2022-07-30 00:00:00,727,0.8573113207547169,1,0.5533088103168988,-0.0707344016020481,1.007640510462383,-2.8907388000485312,-0.0472589499998092,0.1129404111805953,-0.4695614448476384
52022,2142911275,2022-07-30 00:00:00,726,0.8561320754716981,1,0.5533088103168988,-0.0707344016020481,1.007640510462383,-2.890332090758215,-0.0135113895902958,0.0300647180773303,-0.3627121060581348
52022,2143015613,2022-07-30 00:00:00,726,0.8561320754716981,1,0.5533088103168988,-0.0707344016020481,1.007640510462383,-2.885006726155813,-0.0456025517336833,0.0871914487344902,-0.3070676262706318
52022,2122399466,2022-07-30 00:00:00,725,0.8549528301886793,1,0.5533088103168988,-0.0707344016020481,1.007640510462383,-2.941107294063316,1.0830994013074489,-1.4265521542052717,-0.3187257606548463
52022,2142865418,2022-07-30 00:00:00,725,0.8549528301886793,1,0.5533088103168988,-0.0707344016020481,1.007640510462383,-2.856989012548562,0.0173344795779009,0.0070495384400413,-0.3337868919005142
88099,2142884713,2022-07-31 00:00:00,671,0.7269772481040087,1,0.4073417129688994,0.7188007263565126,-1.4680837941283689,-2.885521106921872,0.017384141484888,0.0106239932701459,-0.4792552668157022
88099,2122725237,2022-07-31 00:00:00,669,0.7248104008667389,1,0.4073417129688994,0.7188007263565126,-1.4680837941283689,-2.8704598142392928,-0.0130460882461225,0.0779587571914177,-0.4653172472009093
88099,2142926031,2022-07-31 00:00:00,668,0.723726977248104,1,0.4073417129688994,0.7188007263565126,-1.4680837941283689,-2.846946848438921,0.0261180387201003,-0.0241637237192904,-0.4494471383631548
88099,2142869398,2022-07-31 00:00:00,667,0.7226435536294691,1,0.4073417129688994,0.7188007263565126,-1.4680837941283689,-2.9110754421422085,-0.0382792114804266,0.0934596723766496,-0.4833009503759005
88099,2142870385,2022-07-31 00:00:00,667,0.7226435536294691,1,0.4073417129688994,0.7188007263565126,-1.4680837941283689,-2.885259001774979,0.0063434129100357,0.0179153569897394,-0.5144250858781181
88099,2123493281,2022-07-31 00:00:00,666,0.7215601300108342,1,0.4073417129688994,0.7188007263565126,-1.4680837941283689,-2.920304958953936,-0.0867081328070553,0.1300866768517412,-0.4361700667582191
88099,2142877002,2022-07-31 00:00:00,665,0.7204767063921993,1,0.4073417129688994,0.7188007263565126,-1.4680837941283689,-2.884565712008306,0.014700206098607,0.0088004758656818,-0.4573458171539144
88099,2122399466,2022-07-31 00:00:00,665,0.7204767063921993,1,0.4073417129688994,0.7188007263565126,-1.4680837941283689,-2.9438361961615,0.9873547538209926,-1.3507470956341017,-0.4281755185136262
88099,2129632899,2022-07-31 00:00:00,664,0.7193932827735645,1,0.4073417129688994,0.7188007263565126,-1.4680837941283689,-2.8803564757311277,-0.0140598362073807,0.0273220385920467,-0.4826341877111204
327365187,457296,2022-08-02 00:00:00,10,0.3448275862068966,0,2.648213694852414,-3.0492102876586347,4.852030263919617,0.2753864757524508,1.446563831657677,-1.7553918250571807,0.0
327365187,98032,2022-08-02 00:00:00,10,0.3448275862068966,0,2.648213694852414,-3.0492102876586347,4.852030263919617,0.9736183018219036,0.2195498168359576,-2.5776883832389665,-0.6931471805599453
327365187,133086,2022-08-02 00:00:00,9,0.3103448275862069,0,2.648213694852414,-3.0492102876586347,4.852030263919617,1.3627690271005437,,2.079441541679836,0.0
327365187,144034,2022-08-02 00:00:00,9,0.3103448275862069,0,2.648213694852414,-3.0492102876586347,4.852030263919617,1.4262844186161363,,1.9459101490553128,-3.091042453358316
108214,46666,2022-08-04 00:00:00,35,0.5932203389830508,1,-1.732561031476165,2.0567079231621594,-0.876374124468712,1.405412723931488,1.554494059750484,-2.464703942470481,0.0
108214,78998,2022-08-04 00:00:00,34,0.576271186440678,1,-1.732561031476165,2.0567079231621594,-0.876374124468712,1.142031747155518,,2.833213344056216,0.0
108214,89134,2022-08-04 00:00:00,34,0.576271186440678,1,-1.732561031476165,2.0567079231621594,-0.876374124468712,0.0912309442608265,0.0309513355733636,-1.1872931151272803,0.0
108214,91605,2022-08-04 00:00:00,34,0.576271186440678,1,-1.732561031476165,2.0567079231621594,-0.876374124468712,1.3544189971807483,3.337673578299351,-2.89499070375246,2.6390573296152584
309827,2142911275,2022-08-04 00:00:00,637,0.8315926892950392,1,0.463696251541803,0.3092638976358391,-1.1808503869050817,-2.850424635581978,0.1054525476336252,-0.1460437204688922,-1.5004285785925484
309827,2142869226,2022-08-04 00:00:00,632,0.825065274151436,1,0.463696251541803,0.3092638976358391,-1.1808503869050817,-2.897613896381912,0.0619362715491829,-0.0953965641860818,-1.6144957566396236
309827,2142884713,2022-08-04 00:00:00,628,0.8198433420365535,1,0.463696251541803,0.3092638976358391,-1.1808503869050817,-2.83910337816599,0.1236275652108975,-0.1721899885419535,-1.4975953469733705
309827,2142862748,2022-08-04 00:00:00,628,0.8198433420365535,1,0.463696251541803,0.3092638976358391,-1.1808503869050817,-2.850995040411393,0.0846993081339415,-0.1273296475399625,-1.4980979538330086
309827,2123493281,2022-08-04 00:00:00,628,0.8198433420365535,1,0.463696251541803,0.3092638976358391,-1.1808503869050817,-2.87259905510332,0.02981213264471,-0.0551688462784074,-1.564310331463732
309827,2142865418,2022-08-04 00:00:00,628,0.8198433420365535,1,0.463696251541803,0.3092638976358391,-1.1808503869050817,-2.830561539307712,0.101829743127126,-0.1369137036675507,-1.524302748065712
309827,2122399466,2022-08-04 00:00:00,628,0.8198433420365535,1,0.463696251541803,0.3092638976358391,-1.1808503869050817,-2.951633102528233,0.61321211417948,-1.012329935404038,-1.5725973432130305
309827,2142890311,2022-08-04 00:00:00,627,0.8185378590078329,1,0.463696251541803,0.3092638976358391,-1.1808503869050817,-2.836361731889957,0.110063526021741,-0.1677721609502178,-1.5442337354160278
309827,2143015613,2022-08-04 00:00:00,627,0.8185378590078329,1,0.463696251541803,0.3092638976358391,-1.1808503869050817,-2.868929118230116,0.0363870383133839,-0.0623617070915596,-1.5941689923384628
361774,209317,2022-08-04 00:00:00,14,0.6086956521739131,1,-1.9832545811186029,2.6502091945228923,-1.30235990963474,0.1217027503368307,,5.147494476813453,-0.6931471805599453
361774,328294,2022-08-04 00:00:00,14,0.6086956521739131,1,-1.9832545811186029,2.6502091945228923,-1.30235990963474,0.8148573257144286,0.8670093485685455,-2.339972625065666,-6.386879319362645
361774,83936,2022-08-04 00:00:00,14,0.6086956521739131,1,-1.9832545811186029,2.6502091945228923,-1.30235990963474,0.6075103939362118,1.7152665483950793,-1.021651247531981,-6.51471269087253
361774,128049,2022-08-04 00:00:00,14,0.6086956521739131,1,-1.9832545811186029,2.6502091945228923,-1.30235990963474,0.4989426168954575,1.422679534794287,-2.0990648128639755,0.0
361774,50242,2022-08-04 00:00:00,14,0.6086956521739131,1,-1.9832545811186029,2.6502091945228923,-1.30235990963474,0.8465875187907187,,2.9444389791664403,-3.4339872044851463
80816259,9302,2022-08-05 00:00:00,11,0.34375,0,,,4.060443010546419,-0.3962890879067179,-0.3479683659894502,-0.1535989556753323,-2.0975814534406885
80816259,112434,2022-08-05 00:00:00,10,0.3125,0,,,4.060443010546419,0.8465875187907186,,1.9459101490553128,-4.499809670330265
80816259,100503,2022-08-05 00:00:00,10,0.3125,0,,,4.060443010546419,0.72180575262711,0.3657352725275363,-0.801906170176883,-3.3843902633457743
80816259,110628,2022-08-05 00:00:00,10,0.3125,0,,,4.060443010546419,1.072552431657485,-0.1034364968342214,0.0,-1.749199854809259
80816259,2762,2022-08-05 00:00:00,10,0.3125,0,,,4.060443010546419,0.0554835386226074,0.2722233249412703,0.1059190188837373,-2.9078941085883665
80816259,204863114,2022-08-05 00:00:00,10,0.3125,0,,,4.060443010546419,-0.6984948232599427,,6.883462586413092,0.0
80816259,54361,2022-08-05 00:00:00,10,0.3125,0,,,4.060443010546419,0.5294951462713161,1.7207727404181288,-0.114775514592428,0.0
80816259,455496,2022-08-05 00:00:00,10,0.3125,0,,,4.060443010546419,1.2883372247596758,,2.8903717578961645,-1.0986122886681098
80816259,172694,2022-08-05 00:00:00,10,0.3125,0,,,4.060443010546419,1.593350013891235,0.5667135852961707,-4.060443010546419,-0.6931471805599453
80816259,106070,2022-08-05 00:00:00,10,0.3125,0,,,4.060443010546419,0.809907828971757,-1.838305865880657,2.302585092994045,4.350277936359301
253394,20596,2022-08-05 00:00:00,56,0.4274809160305343,0,0.8382633072699835,0.5578628236256759,0.8574502318512218,-0.4529431614094414,-1.9067153536700865,3.80666248977032,-2.261763098473791
253394,3000,2022-08-05 00:00:00,56,0.4274809160305343,0,0.8382633072699835,0.5578628236256759,0.8574502318512218,1.3693358072960164,0.5310725000260329,1.024504316514388,-0.6931471805599453
253394,1615,2022-08-05 00:00:00,53,0.4045801526717557,0,0.8382633072699835,0.5578628236256759,0.8574502318512218,-1.676953646388143,-0.3385747567661614,0.7789079596744397,-1.306146429055243
253394,1029,2022-08-05 00:00:00,51,0.3893129770992366,0,0.8382633072699835,0.5578628236256759,0.8574502318512218,-1.5009133394996392,-0.6001361634247909,0.7469860391893564,-2.3799977033408286
307501,49239,2022-08-05 00:00:00,13,0.52,1,-1.9832545811186029,1.9198645583123075,0.0317486983145798,1.421989700979755,-1.226223993872659,1.945910149055313,-1.6094379124341005
307501,91605,2022-08-05 00:00:00,13,0.52,1,-1.9832545811186029,1.9198645583123075,0.0317486983145798,1.3544189971807483,3.337673578299351,-2.89499070375246,2.6390573296152584
307501,78463,2022-08-05 00:00:00,12,0.48,0,-1.9832545811186029,1.9198645583123075,0.0317486983145798,0.3781596349258767,,6.3784261836515865,-1.0986122886681098
307501,57516,2022-08-05 00:00:00,12,0.48,0,-1.9832545811186029,1.9198645583123075,0.0317486983145798,-0.7422943703647334,-0.886577003730894,2.637150751344677,0.0
307501,145876,2022-08-05 00:00:00,11,0.44,0,-1.9832545811186029,1.9198645583123075,0.0317486983145798,0.3801397006762694,1.487895855135137,0.026317308317374,0.0
307501,92474,2022-08-05 00:00:00,11,0.44,0,-1.9832545811186029,1.9198645583123075,0.0317486983145798,0.3997881850600936,,6.349138991379798,0.0
307501,144039,2022-08-05 00:00:00,11,0.44,0,-1.9832545811186029,1.9198645583123075,0.0317486983145798,-0.2123809575206244,-2.0913314929309936,5.0238805208462765,0.0
302251,147575,2022-08-05 00:00:00,132,0.7021276595744681,1,-0.1521865035298523,0.4043512766645496,-0.4319670488536706,0.0663791230584464,0.1061360707149719,-0.1615856583147765,-1.7047480922384255
302251,151979,2022-08-05 00:00:00,132,0.7021276595744681,1,-0.1521865035298523,0.4043512766645496,-0.4319670488536706,0.323257237328744,0.2806492298304754,-0.4159364079754599,-1.7047480922384255
302251,282893,2022-08-05 00:00:00,132,0.7021276595744681,1,-0.1521865035298523,0.4043512766645496,-0.4319670488536706,0.1516046912932625,0.1527525896809447,-0.2196893164461224,-1.7047480922384255
302251,221607,2022-08-05 00:00:00,131,0.6968085106382979,1,-0.1521865035298523,0.4043512766645496,-0.4319670488536706,0.1033184370187466,0.2094661237675121,-0.3148682127559379,-1.871802176901592
302251,54542,2022-08-05 00:00:00,130,0.6914893617021277,1,-0.1521865035298523,0.4043512766645496,-0.4319670488536706,0.1764346110914803,0.2819994650335204,-0.3982863263811591,-1.504077396776274
302251,138209,2022-08-05 00:00:00,130,0.6914893617021277,1,-0.1521865035298523,0.4043512766645496,-0.4319670488536706,0.2062338191204602,0.3705117349341814,-0.4161603972249121,-1.8718021769015916
302251,203326,2022-08-05 00:00:00,130,0.6914893617021277,1,-0.1521865035298523,0.4043512766645496,-0.4319670488536706,0.3090391008142795,0.3643598572952865,-0.3741145782240878,-3.4011973816621555
302251,335236,2022-08-05 00:00:00,130,0.6914893617021277,1,-0.1521865035298523,0.4043512766645496,-0.4319670488536706,0.2619776394802449,0.2050189868283688,-0.3413622219154053,-0.998528830111127
302251,93909,2022-08-05 00:00:00,129,0.6861702127659575,1,-0.1521865035298523,0.4043512766645496,-0.4319670488536706,-0.2158948105179297,0.3811960013347011,-0.3989077075620058,-1.312186388966169
302251,135886,2022-08-05 00:00:00,129,0.6861702127659575,1,-0.1521865035298523,0.4043512766645496,-0.4319670488536706,0.2362073313502018,0.1281621900114413,-0.1374300330401805,-0.6931471805599452
187706346,102987,2022-08-06 00:00:00,12,0.4615384615384615,0,,,5.537334267018537,0.5987002927347133,0.078252878317644,-0.2667294951169028,-2.463853240590168
187706346,64145,2022-08-06 00:00:00,11,0.4230769230769231,0,,,5.537334267018537,0.245682085487199,-0.2882101871960983,0.3803591869770875,-4.143134726391533
187706346,110628,2022-08-06 00:00:00,10,0.3846153846153846,0,,,5.537334267018537,0.4651110158494728,-0.7996924029578182,1.309333319983763,-1.6094379124341005
187706346,84747,2022-08-06 00:00:00,10,0.3846153846153846,0,,,5.537334267018537,1.3077494923721014,,2.302585092994046,-4.356708826689592
187706346,579,2022-08-06 00:00:00,9,0.3461538461538461,0,,,5.537334267018537,-2.5425274071477384,-0.0297674363840507,0.0290110289740344,-2.430393619474799
187706346,110379,2022-08-06 00:00:00,9,0.3461538461538461,0,,,5.537334267018537,-0.6523371362407618,-0.504738122665743,0.4413433957730666,0.0
187706346,211625,2022-08-06 00:00:00,9,0.3461538461538461,0,,,5.537334267018537,0.9047697833410606,2.023440917398891,-0.3417492937220565,4.31748811353631
217479,83937,2022-08-06 00:00:00,13,0.4642857142857143,0,,,4.060443010546419,-0.0521520228541169,-2.7003657177065308,4.285882774120979,-1.0986122886681098
217479,179745,2022-08-06 00:00:00,13,0.4642857142857143,0,,,4.060443010546419,-0.4961838071562933,1.4870707739623097,0.6768866596881651,-4.330733340286331
217479,64522,2022-08-06 00:00:00,13,0.4642857142857143,0,,,4.060443010546419,1.71188494013527,,1.3862943611198906,0.0
217479,93819,2022-08-06 00:00:00,12,0.4285714285714285,0,,,4.060443010546419,0.3282322603352917,0.1124389795037881,-0.7945364064406517,0.0
217479,133649,2022-08-06 00:00:00,12,0.4285714285714285,0,,,4.060443010546419,1.4262844186161363,3.094180122350505,-3.20545280453606,-0.6931471805599453
217479,1849,2022-08-06 00:00:00,12,0.4285714285714285,0,,,4.060443010546419,0.4457162963076107,-0.4544988055366211,0.4953214372300252,-0.6931471805599453
217479,110379,2022-08-06 00:00:00,12,0.4285714285714285,0,,,4.060443010546419,-0.6523371362407618,-0.504738122665743,0.4413433957730666,0.0
133115,579,2022-08-07 00:00:00,379,0.3321647677475898,0,-0.0028918811618867,0.482769899656545,-0.576887374444083,-2.556932811248652,-0.0443961810694428,0.0315392191250598,-2.356979165059844
133115,2143015613,2022-08-07 00:00:00,379,0.3321647677475898,0,-0.0028918811618867,0.482769899656545,-0.576887374444083,-2.878650724240959,0.0173454501009806,-0.047026467996174,-2.7774219844278
133115,2142865506,2022-08-07 00:00:00,377,0.3304119193689745,0,-0.0028918811618867,0.482769899656545,-0.576887374444083,-2.915031169466588,0.0305386357312213,-0.0860510737714879,-2.623365885030521
133115,2143002309,2022-08-07 00:00:00,377,0.3304119193689745,0,-0.0028918811618867,0.482769899656545,-0.576887374444083,-2.8372107108968505,0.0675646629056938,-0.0993157249552592,-2.748457667017197
133115,2122514680,2022-08-07 00:00:00,377,0.3304119193689745,0,-0.0028918811618867,0.482769899656545,-0.576887374444083,-2.8643283571243168,0.0478893232404598,-0.0797888039017014,-2.6706544113581803
127746,126845,2022-08-08 00:00:00,76,0.1529175050301811,0,,,4.382026634673881,-0.8816012815697604,-0.3549220867513345,0.4054651081081646,-3.713572066704308
93819,48539,2022-08-08 00:00:00,23,0.4693877551020408,0,0.913399256278126,-0.5851669959428345,0.3993860620317822,-0.8429871804258713,1.2700062667135903,0.7430615719416584,0.0
93819,78463,2022-08-08 00:00:00,23,0.4693877551020408,0,0.913399256278126,-0.5851669959428345,0.3993860620317822,0.1305070033617526,,6.496774990185863,-0.6931471805599453
93819,66575,2022-08-08 00:00:00,22,0.4489795918367347,0,0.913399256278126,-0.5851669959428345,0.3993860620317822,0.3466655309512232,-0.0389316595245275,0.4228568508200334,0.0
93819,81148,2022-08-08 00:00:00,22,0.4489795918367347,0,0.913399256278126,-0.5851669959428345,0.3993860620317822,-0.3489772509338519,-1.485141616335503,2.001133439818508,0.0
93819,83936,2022-08-08 00:00:00,22,0.4489795918367347,0,0.913399256278126,-0.5851669959428345,0.3993860620317822,0.7825701685451842,1.890326323004052,-0.9162907318741548,-6.51471269087253
93819,164454,2022-08-08 00:00:00,22,0.4489795918367347,0,0.913399256278126,-0.5851669959428345,0.3993860620317822,1.1723686794211212,-0.7065818559892478,2.5649493574615367,0.0
93819,144522,2022-08-08 00:00:00,21,0.4285714285714285,0,0.913399256278126,-0.5851669959428345,0.3993860620317822,0.9226899576358102,-0.9562605777745588,2.302585092994045,0.0
93819,52137,2022-08-08 00:00:00,21,0.4285714285714285,0,0.913399256278126,-0.5851669959428345,0.3993860620317822,1.2657663587175976,-0.6131841766927715,2.525728644308255,-4.477336814478207
290366137,329743550,2022-08-09 00:00:00,1251,0.4171390463487829,0,0.498209769971805,-0.0146928840489573,0.5328881390296081,0.7141807779956978,0.007066214789139,0.3997993705724862,-2.4849066497880004
290366137,288704213,2022-08-09 00:00:00,1201,0.4004668222740913,0,0.498209769971805,-0.0146928840489573,0.5328881390296081,-1.0716586057438948,0.605933864564765,0.7997240259776586,-3.5718773634406245
290366137,41873,2022-08-09 00:00:00,1197,0.399133044348116,0,0.498209769971805,-0.0146928840489573,0.5328881390296081,-1.2012172176091145,-0.993455816906903,1.2653863229203717,-2.641435452020226
290366137,462262,2022-08-09 00:00:00,1156,0.3854618206068689,0,0.498209769971805,-0.0146928840489573,0.5328881390296081,-0.2769480493277819,-0.4336994599822624,0.2791088417412926,-2.555934486365321
290366137,257552031,2022-08-09 00:00:00,1150,0.3834611537179059,0,0.498209769971805,-0.0146928840489573,0.5328881390296081,-0.2315949602740938,0.134045324399613,0.1804306012982541,-1.9990199743692612
299143343,288704213,2022-08-09 00:00:00,967,0.5073452256033578,1,0.6868937296037052,0.0970962786741079,0.6331837157923879,-1.0716586057438948,0.605933864564765,0.7997240259776586,-3.5718773634406245
299143343,294556791,2022-08-09 00:00:00,949,0.4979013641133263,0,0.6868937296037052,0.0970962786741079,0.6331837157923879,0.6116692670784198,0.5614347066158636,-0.6909224855378344,-1.988927534139004
299143343,330358975,2022-08-09 00:00:00,942,0.4942287513116474,0,0.6868937296037052,0.0970962786741079,0.6331837157923879,0.6464289956474243,0.0818866866633878,0.1767505117444994,-3.060270794691562
299143343,334458496,2022-08-09 00:00:00,929,0.487408184679958,0,0.6868937296037052,0.0970962786741079,0.6331837157923879,0.4681654972173718,-0.1081500504085747,0.5549098968980095,-2.41789593950504
299143343,3902962,2022-08-09 00:00:00,928,0.4868835257082896,0,0.6868937296037052,0.0970962786741079,0.6331837157923879,-0.7313381801713073,0.4658093747045948,-0.7225461554147268,-2.06610414478366
299143343,257552031,2022-08-09 00:00:00,927,0.4863588667366212,0,0.6868937296037052,0.0970962786741079,0.6331837157923879,-0.2315949602740938,0.134045324399613,0.1804306012982541,-1.9990199743692612
299143343,158754939,2022-08-09 00:00:00,927,0.4863588667366212,0,0.6868937296037052,0.0970962786741079,0.6331837157923879,0.7018694468031194,0.0153216257395393,-0.0418471099355004,1.126011262856224
299143343,328059628,2022-08-09 00:00:00,926,0.4858342077649528,0,0.6868937296037052,0.0970962786741079,0.6331837157923879,-0.1807303005469003,0.1854118380766868,0.4431107077245313,-2.5242460643480324
299143343,295034294,2022-08-09 00:00:00,924,0.4847848898216159,0,0.6868937296037052,0.0970962786741079,0.6331837157923879,-0.1321765533521924,0.0397693352767724,0.0449779952830775,-1.3245687813589342
334458496,288704213,2022-08-09 00:00:00,1159,0.5119257950530035,1,0.5763155476259465,-0.1081500504085747,0.5549098968980095,-1.0716586057438948,0.605933864564765,0.7997240259776586,-3.5718773634406245
334458496,257552031,2022-08-09 00:00:00,1135,0.5013250883392226,1,0.5763155476259465,-0.1081500504085747,0.5549098968980095,-0.2315949602740938,0.134045324399613,0.1804306012982541,-1.9990199743692612
334458496,41873,2022-08-09 00:00:00,1129,0.4986749116607774,0,0.5763155476259465,-0.1081500504085747,0.5549098968980095,-1.2012172176091145,-0.993455816906903,1.2653863229203717,-2.641435452020226
334458496,3902962,2022-08-09 00:00:00,1118,0.4938162544169611,0,0.5763155476259465,-0.1081500504085747,0.5549098968980095,-0.7313381801713073,0.4658093747045948,-0.7225461554147268,-2.06610414478366
334458496,294556791,2022-08-09 00:00:00,1116,0.4929328621908127,0,0.5763155476259465,-0.1081500504085747,0.5549098968980095,0.6116692670784198,0.5614347066158636,-0.6909224855378344,-1.988927534139004
334458496,328059628,2022-08-09 00:00:00,1115,0.4924911660777385,0,0.5763155476259465,-0.1081500504085747,0.5549098968980095,-0.1807303005469003,0.1854118380766868,0.4431107077245313,-2.5242460643480324
1258105118,288704213,2022-08-09 00:00:00,21,0.8076923076923077,1,1.224216694734552,-0.5920578808875782,0.7985076962177713,-1.0716586057438948,0.605933864564765,0.7997240259776586,-3.5718773634406245
1258105118,329721621,2022-08-09 00:00:00,16,0.6153846153846154,1,1.224216694734552,-0.5920578808875782,0.7985076962177713,-0.0962121184024638,-0.0391232838907811,0.0843743440054645,-1.8473965495334517
1258105118,295217300,2022-08-09 00:00:00,16,0.6153846153846154,1,1.224216694734552,-0.5920578808875782,0.7985076962177713,0.4511388735134962,0.3020916975207903,-0.6820728702608516,-2.2900063107871858
1258105118,334458496,2022-08-09 00:00:00,15,0.5769230769230769,1,1.224216694734552,-0.5920578808875782,0.7985076962177713,0.4681654972173718,-0.1081500504085747,0.5549098968980095,-2.41789593950504
1258105118,330358975,2022-08-09 00:00:00,15,0.5769230769230769,1,1.224216694734552,-0.5920578808875782,0.7985076962177713,0.6464289956474243,0.0818866866633878,0.1767505117444994,-3.060270794691562
1258105118,325964428,2022-08-09 00:00:00,15,0.5769230769230769,1,1.224216694734552,-0.5920578808875782,0.7985076962177713,-0.2383508455525346,0.1156019053095488,-0.0476796698854053,-3.279836524657888
1258105118,257552031,2022-08-09 00:00:00,15,0.5769230769230769,1,1.224216694734552,-0.5920578808875782,0.7985076962177713,-0.2315949602740938,0.134045324399613,0.1804306012982541,-1.9990199743692612
1258105118,328059628,2022-08-09 00:00:00,15,0.5769230769230769,1,1.224216694734552,-0.5920578808875782,0.7985076962177713,-0.1807303005469003,0.1854118380766868,0.4431107077245313,-2.5242460643480324
1258105118,330429810,2022-08-09 00:00:00,14,0.5384615384615384,1,1.224216694734552,-0.5920578808875782,0.7985076962177713,0.3970363727924061,-0.0714459452134674,0.126751705639144,-2.882403588246988
1258105118,290366137,2022-08-09 00:00:00,14,0.5384615384615384,1,1.224216694734552,-0.5920578808875782,0.7985076962177713,0.4835168859228477,-0.0146928840489573,0.5328881390296081,-2.472930458741285
294485639,288704213,2022-08-09 00:00:00,101,0.12625,0,1.10981653757488,0.1680410075307501,0.9504820966224344,-1.0716586057438948,0.605933864564765,0.7997240259776586,-3.5718773634406245
294485639,329779259,2022-08-09 00:00:00,96,0.12,0,1.10981653757488,0.1680410075307501,0.9504820966224344,-0.4251417912706124,-0.8969404060647911,1.1329370312091849,-4.852030263919617
294485639,878445230,2022-08-09 00:00:00,94,0.1175,0,1.10981653757488,0.1680410075307501,0.9504820966224344,-0.0766878326224735,0.4107450341160035,-0.4106509451405298,-4.148411783492376
294485639,224157523,2022-08-09 00:00:00,92,0.115,0,1.10981653757488,0.1680410075307501,0.9504820966224344,-1.5361913791793411,-0.2921474057727964,0.3265474460514586,-3.5467396869528134
294485639,104697819,2022-08-09 00:00:00,91,0.11375,0,1.10981653757488,0.1680410075307501,0.9504820966224344,1.878950535410369,0.2856005215191337,-0.916290731874155,-2.6390573296152584
53342,3632,2022-08-10 00:00:00,64,0.25,0,1.032261040760747,0.3613511697525084,-1.2339536365378718,-0.1252646108813442,-1.0673659160501303,1.7917594692280554,0.3822865003490072
53342,1971,2022-08-10 00:00:00,56,0.21875,0,1.032261040760747,0.3613511697525084,-1.2339536365378718,0.7933297105667704,0.3995407349370196,-0.6951215148636631,-0.6931471805599453
53342,2819,2022-08-10 00:00:00,56,0.21875,0,1.032261040760747,0.3613511697525084,-1.2339536365378718,0.6480514842883717,-0.0093884170350788,-0.1640911195325092,-7.346010209913292
53342,2630,2022-08-10 00:00:00,54,0.2109375,0,1.032261040760747,0.3613511697525084,-1.2339536365378718,0.6623091784487957,-0.4386296119936389,1.043804052173115,-2.19722457733622
53342,2810,2022-08-10 00:00:00,54,0.2109375,0,1.032261040760747,0.3613511697525084,-1.2339536365378718,-0.0104154054810288,0.8794614903966157,-1.09051507843549,-4.448906163513426
53342,932,2022-08-10 00:00:00,54,0.2109375,0,1.032261040760747,0.3613511697525084,-1.2339536365378718,-1.562331055273807,0.692280625002845,-0.3824453477955494,-0.7127185123187854
53342,102,2022-08-10 00:00:00,53,0.20703125,0,1.032261040760747,0.3613511697525084,-1.2339536365378718,0.1893900459514136,-0.1729038612471851,0.6545985104427103,-2.5649493574615367
105223,579,2022-08-12 00:00:00,384,0.6295081967213115,1,1.1913179353588348,0.3950245206841705,-2.4012566205010755,-2.5282230578822333,-0.0011652441523342,-0.0471992250612629,-0.942160111852572
105223,2142890311,2022-08-12 00:00:00,357,0.5852459016393443,1,1.1913179353588348,0.3950245206841705,-2.4012566205010755,-2.821178318000786,0.0881694238638894,-0.1479404079706778,-0.6662900255226223
105223,1424,2022-08-12 00:00:00,357,0.5852459016393443,1,1.1913179353588348,0.3950245206841705,-2.4012566205010755,0.51554603369656,0.402423696152714,-0.5040228764432388,-1.766441661243765
263228,81044,2022-08-13 00:00:00,12,0.4615384615384615,0,-0.3719231198093591,-1.7345559146533898,0.1000834585569823,1.1201337754771354,2.2232941661126158,-2.097656981571177,0.0
263228,49934,2022-08-13 00:00:00,11,0.4230769230769231,0,-0.3719231198093591,-1.7345559146533898,0.1000834585569823,0.7217791305086138,1.829535284967481,0.2363887780642306,0.0
263228,134596,2022-08-13 00:00:00,11,0.4230769230769231,0,-0.3719231198093591,-1.7345559146533898,0.1000834585569823,0.9568951163138768,-0.9220554190964922,3.1135153092103742,0.0
263228,116275,2022-08-13 00:00:00,11,0.4230769230769231,0,-0.3719231198093591,-1.7345559146533898,0.1000834585569823,0.4161682553488006,-1.4627822800615684,4.164077900236776,6.587550014824796
98038,288704213,2022-08-13 00:00:00,16,0.4444444444444444,0,1.5448193448601713,-0.5712010430382677,0.6931471805599452,-0.718185535577372,1.0781937670368025,-2.6185950652596706,-1.3385036972835422
98038,295217300,2022-08-13 00:00:00,15,0.4166666666666667,0,1.5448193448601713,-0.5712010430382677,0.6931471805599452,0.4972300451463422,0.0926809391898521,0.141354118305732,-0.088947486016496
98038,328059628,2022-08-13 00:00:00,14,0.3888888888888889,0,1.5448193448601713,-0.5712010430382677,0.6931471805599452,-0.1976166276614948,0.3677436969125624,-1.074025924227982,-0.63047607359717
98038,330358975,2022-08-13 00:00:00,14,0.3888888888888889,0,1.5448193448601713,-0.5712010430382677,0.6931471805599452,0.6122166408200771,-0.064486640774681,0.3866220203066843,-1.1186129553747794
98038,125385917,2022-08-13 00:00:00,13,0.3611111111111111,0,1.5448193448601713,-0.5712010430382677,0.6931471805599452,0.9497289692339924,0.0236508026295799,0.1017826943099429,-1.0414538748281612
98038,294556791,2022-08-13 00:00:00,13,0.3611111111111111,0,1.5448193448601713,-0.5712010430382677,0.6931471805599452,0.7145560062053445,0.3197054631254462,0.0919013622838216,-0.2353140869344652
98038,295034294,2022-08-13 00:00:00,13,0.3611111111111111,0,1.5448193448601713,-0.5712010430382677,0.6931471805599452,-0.16600997502143,-0.2273243931500557,0.3179092170838444,-0.1309055705468553
98038,3902962,2022-08-13 00:00:00,13,0.3611111111111111,0,1.5448193448601713,-0.5712010430382677,0.6931471805599452,-0.7011727374480954,0.1075041656566416,-0.0102145934097181,-0.6840836744065983
98038,329721621,2022-08-13 00:00:00,13,0.3611111111111111,0,1.5448193448601713,-0.5712010430382677,0.6931471805599452,-0.1448164145079715,-0.3110522315859645,0.4835334814779832,-0.0444517625708345
98038,289101751,2022-08-13 00:00:00,13,0.3611111111111111,0,1.5448193448601713,-0.5712010430382677,0.6931471805599452,-0.180658183218071,0.1609758945507326,-1.1515881046458736,0.1124779834266904
298020053,288704213,2022-08-13 00:00:00,32,0.3516483516483517,0,1.0927336133173124,-0.2462904269203295,-1.5314763709643886,-0.718185535577372,1.0781937670368025,-2.6185950652596706,-1.3385036972835422
298020053,294556791,2022-08-13 00:00:00,30,0.3296703296703296,0,1.0927336133173124,-0.2462904269203295,-1.5314763709643886,0.7145560062053445,0.3197054631254462,0.0919013622838216,-0.2353140869344652
298020053,329721621,2022-08-13 00:00:00,29,0.3186813186813186,0,1.0927336133173124,-0.2462904269203295,-1.5314763709643886,-0.1448164145079715,-0.3110522315859645,0.4835334814779832,-0.0444517625708345
298020053,295217300,2022-08-13 00:00:00,29,0.3186813186813186,0,1.0927336133173124,-0.2462904269203295,-1.5314763709643886,0.4972300451463422,0.0926809391898521,0.141354118305732,-0.088947486016496
298020053,330358975,2022-08-13 00:00:00,28,0.3076923076923077,0,1.0927336133173124,-0.2462904269203295,-1.5314763709643886,0.6122166408200771,-0.064486640774681,0.3866220203066843,-1.1186129553747794
298020053,295034294,2022-08-13 00:00:00,28,0.3076923076923077,0,1.0927336133173124,-0.2462904269203295,-1.5314763709643886,-0.16600997502143,-0.2273243931500557,0.3179092170838444,-0.1309055705468553
298020053,330429810,2022-08-13 00:00:00,26,0.2857142857142857,0,1.0927336133173124,-0.2462904269203295,-1.5314763709643886,0.4450179796835266,0.0347408963264933,-0.0462807525640061,0.3953127366441471
298020053,3902962,2022-08-13 00:00:00,25,0.2747252747252747,0,1.0927336133173124,-0.2462904269203295,-1.5314763709643886,-0.7011727374480954,0.1075041656566416,-0.0102145934097181,-0.6840836744065983
298020053,328059628,2022-08-13 00:00:00,22,0.2417582417582417,0,1.0927336133173124,-0.2462904269203295,-1.5314763709643886,-0.1976166276614948,0.3677436969125624,-1.074025924227982,-0.63047607359717
298020053,257552031,2022-08-13 00:00:00,21,0.2307692307692307,0,1.0927336133173124,-0.2462904269203295,-1.5314763709643886,0.0009220606624279,0.3124443183169413,-1.1058325366415964,1.1346522251513065
450265907,139070,2022-08-13 00:00:00,65,0.7558139534883721,1,,,0.6931471805599453,-0.7518785561743345,-0.0406951260668715,-0.6141946288866666,-0.6931471805599453
450265907,349525,2022-08-13 00:00:00,65,0.7558139534883721,1,,,0.6931471805599453,-1.4424914691084785,-0.7855794993525339,-0.616363507285226,-1.0986122886681098
450265907,96495,2022-08-13 00:00:00,65,0.7558139534883721,1,,,0.6931471805599453,-0.906070544729937,-0.1244346700807152,-0.6237777321527087,0.0
450265907,349528,2022-08-13 00:00:00,65,0.7558139534883721,1,,,0.6931471805599453,-2.3665201492450545,-1.4128154286114458,-0.662243097871281,-0.6931471805599453
450265907,349533,2022-08-13 00:00:00,65,0.7558139534883721,1,,,0.6931471805599453,-2.379991556681798,-1.6350763006018094,-0.6610892517115401,0.0
450265907,349534,2022-08-13 00:00:00,65,0.7558139534883721,1,,,0.6931471805599453,-1.3379891047903387,-0.3868565736096384,-0.6269509715168713,-0.4054651081081645
450265907,349514,2022-08-13 00:00:00,65,0.7558139534883721,1,,,0.6931471805599453,-2.3525187294133443,-1.6839903783521373,-0.652948842326829,-0.6931471805599453
450265907,2129632899,2022-08-13 00:00:00,65,0.7558139534883721,1,,,0.6931471805599453,-2.834703357937243,0.0514437305749595,-0.0719167507671443,-0.3444796708449136
450265907,349515,2022-08-13 00:00:00,64,0.7441860465116279,1,,,0.6931471805599453,-2.417194533326596,-1.6951087530704454,-0.6356779526065335,0.0
289392301,329354127,2022-08-13 00:00:00,1200,0.3515968356284793,0,0.3379461041335857,0.496129793253244,-1.634854725418223,0.74531792399263,0.3952731946235817,-1.3093333199837618,-1.5976034547870972
289392301,288704213,2022-08-13 00:00:00,1117,0.3272780544975095,0,0.3379461041335857,0.496129793253244,-1.634854725418223,-0.718185535577372,1.0781937670368025,-2.6185950652596706,-1.3385036972835422
289392301,41873,2022-08-13 00:00:00,1091,0.3196601230588924,0,0.3379461041335857,0.496129793253244,-1.634854725418223,-1.1888901521733062,-0.7602692015401598,1.0719795561025105,-0.7542207361661877
289392301,462262,2022-08-13 00:00:00,1082,0.3170231467916788,0,0.3379461041335857,0.496129793253244,-1.634854725418223,-0.0864128761943904,-0.1742874759905,0.0576656418498089,-1.2678935457440996
104785720,288704213,2022-08-13 00:00:00,107,0.1910714285714285,0,0.4631072030211958,0.6643637306891168,-3.344038967822207,-0.718185535577372,1.0781937670368025,-2.6185950652596706,-1.3385036972835422
104785720,462262,2022-08-13 00:00:00,96,0.1714285714285714,0,0.4631072030211958,0.6643637306891168,-3.344038967822207,-0.0864128761943904,-0.1742874759905,0.0576656418498089,-1.2678935457440996
104785720,496549942,2022-08-13 00:00:00,89,0.1589285714285714,0,0.4631072030211958,0.6643637306891168,-3.344038967822207,0.1301199799748066,0.2488811408026462,-0.7184649885442349,-1.6561294399466109
120920177,2129632899,2022-08-13 00:00:00,101,0.4879227053140096,0,0.2094755283257467,0.7468623951343853,-2.6741486494265287,-2.834703357937243,0.0514437305749595,-0.0719167507671443,-0.3444796708449136
120920177,288704213,2022-08-13 00:00:00,93,0.4492753623188406,0,0.2094755283257467,0.7468623951343853,-2.6741486494265287,-0.718185535577372,1.0781937670368025,-2.6185950652596706,-1.3385036972835422
120920177,878445230,2022-08-13 00:00:00,92,0.4444444444444444,0,0.2094755283257467,0.7468623951343853,-2.6741486494265287,-0.2823727321420937,-0.0722505464197337,0.154150679827258,-2.2306467112773376
120920177,1392134357,2022-08-13 00:00:00,91,0.4396135265700483,0,0.2094755283257467,0.7468623951343853,-2.6741486494265287,-1.6754313091466184,-0.6672773961905563,0.5532588966835421,-0.5257884964427024
120920177,190732457,2022-08-13 00:00:00,87,0.4202898550724637,0,0.2094755283257467,0.7468623951343853,-2.6741486494265287,-0.3635892295832805,-0.6100404478071374,0.8441874379728107,-0.0546584125378641
120920177,257552031,2022-08-13 00:00:00,86,0.4154589371980676,0,0.2094755283257467,0.7468623951343853,-2.6741486494265287,0.0009220606624279,0.3124443183169413,-1.1058325366415964,1.1346522251513065
343517,128026,2022-08-14 00:00:00,17,0.5,1,1.878950535410369,-0.167065595275099,0.6931471805599453,1.577173124214214,-0.1282105265736741,0.0,0.6931471805599453
343517,343499,2022-08-14 00:00:00,15,0.4411764705882353,0,1.878950535410369,-0.167065595275099,0.6931471805599453,1.6561964083769036,-0.0653641320880058,0.1823215567939546,0.0
343517,190432,2022-08-14 00:00:00,15,0.4411764705882353,0,1.878950535410369,-0.167065595275099,0.6931471805599453,2.2635821151313915,1.8888285624734416,-3.2580965380214817,-0.6931471805599453
343535,9129,2022-08-14 00:00:00,18,0.4736842105263157,0,1.878950535410369,-0.0835327976375495,1.0986122886681096,0.2897714187045566,-1.39877876902639,3.610917912644224,1.0986122886681098
343535,128026,2022-08-14 00:00:00,16,0.4210526315789473,0,1.878950535410369,-0.0835327976375495,1.0986122886681096,1.577173124214214,-0.1282105265736741,0.0,0.6931471805599453
343535,186564,2022-08-14 00:00:00,16,0.4210526315789473,0,1.878950535410369,-0.0835327976375495,1.0986122886681096,-0.3148057093019765,-0.0206682888030766,-0.0931433317192347,1.5702171992808194
342455,2122450336,2022-08-14 00:00:00,651,0.8588390501319261,1,0.8358670430842652,0.1550629567746796,-0.8769296579935748,-2.813660163848962,0.0555991234332293,-0.0854839238904592,-0.0216033539071052
342455,2142869398,2022-08-14 00:00:00,650,0.8575197889182058,1,0.8358670430842652,0.1550629567746796,-0.8769296579935748,-2.814389151971397,0.0966862901708109,-0.1603772878077958,-0.011186011035301
342455,2142911275,2022-08-14 00:00:00,650,0.8575197889182058,1,0.8358670430842652,0.1550629567746796,-0.8769296579935748,-2.8309888431395307,0.0507880860054577,-0.0833816089390495,-0.0097428674033146
342455,2142877002,2022-08-14 00:00:00,649,0.8562005277044855,1,0.8358670430842652,0.1550629567746796,-0.8769296579935748,-2.838787025619039,0.045778686389267,-0.0906688344342434,-0.0485331277973717
342455,2122437132,2022-08-14 00:00:00,649,0.8562005277044855,1,0.8358670430842652,0.1550629567746796,-0.8769296579935748,-2.8145435483952617,0.0707037486845245,-0.1114768136596726,-0.0030447216670683
342455,2142862748,2022-08-14 00:00:00,649,0.8562005277044855,1,0.8358670430842652,0.1550629567746796,-0.8769296579935748,-2.8727924753211664,0.0102061247200895,-0.0405243572328597,-0.0875442840099669
342455,2122725237,2022-08-14 00:00:00,649,0.8562005277044855,1,0.8358670430842652,0.1550629567746796,-0.8769296579935748,-2.8520543955633717,0.0184054186759214,-0.0782929259497482,-0.1075407563478449
342455,2142869226,2022-08-14 00:00:00,648,0.8548812664907651,1,0.8358670430842652,0.1550629567746796,-0.8769296579935748,-2.8500850586106745,0.0700921222847501,-0.1034021742806672,-0.0479790493438585
342455,2142870385,2022-08-14 00:00:00,648,0.8548812664907651,1,0.8358670430842652,0.1550629567746796,-0.8769296579935748,-2.7929162823716047,0.0923427194033741,-0.1309232038361543,-0.0796710295425153
342455,2142884713,2022-08-14 00:00:00,647,0.8535620052770448,1,0.8358670430842652,0.1550629567746796,-0.8769296579935748,-2.8170410187653983,0.0684800881564733,-0.1109940732242762,-0.0422529511202594
61112,2122437132,2022-08-15 00:00:00,616,0.8369565217391305,1,0.5687046232493873,0.4918150363141507,-0.6190392084062237,-2.791065515938223,0.0973054026588067,-0.1418805872354447,0.3188253939007861
61112,2142911275,2022-08-15 00:00:00,615,0.8355978260869565,1,0.5687046232493873,0.4918150363141507,-0.6190392084062237,-2.805363236856504,0.0757851713524142,-0.1091830378811522,0.308212482200096
61112,2143015613,2022-08-15 00:00:00,614,0.8342391304347826,1,0.5687046232493873,0.4918150363141507,-0.6190392084062237,-2.807678286927588,0.0772594298189255,-0.1186690291996832,0.2221853213528284
61112,2116182225,2022-08-15 00:00:00,614,0.8342391304347826,1,0.5687046232493873,0.4918150363141507,-0.6190392084062237,-2.819284900515256,0.2929729300631853,-0.5291944908660273,0.3206685714480866
61112,2142869226,2022-08-15 00:00:00,613,0.8328804347826086,1,0.5687046232493873,0.4918150363141507,-0.6190392084062237,-2.83755195915526,0.075345728447794,-0.1103884497851019,0.2573149078591239
61112,2122397525,2022-08-15 00:00:00,612,0.8315217391304348,1,0.5687046232493873,0.4918150363141507,-0.6190392084062237,-2.7997703400326936,0.0606820178688005,-0.0950630845156048,0.2803754972693415
61112,2142869398,2022-08-15 00:00:00,612,0.8315217391304348,1,0.5687046232493873,0.4918150363141507,-0.6190392084062237,-2.79698758098399,0.1080693852921097,-0.1713048006577864,0.303362126818353
61112,2142926031,2022-08-15 00:00:00,610,0.8288043478260869,1,0.5687046232493873,0.4918150363141507,-0.6190392084062237,-2.809568719578277,0.0460462863675905,-0.0659404642692127,0.2238582199170764
314946,2142879863,2022-08-16 00:00:00,669,0.8500635324015248,1,0.744941586375343,0.033837086802965,-0.2076393647782444,-2.8061849896476665,0.1038163515261008,-0.1812735355794164,0.6096387872055473
314946,2142877002,2022-08-16 00:00:00,667,0.8475222363405337,1,0.744941586375343,0.033837086802965,-0.2076393647782444,-2.806182306428942,0.069245450066377,-0.1143368881128648,0.5624725617261142
314946,2142865506,2022-08-16 00:00:00,666,0.8462515883100381,1,0.744941586375343,0.033837086802965,-0.2076393647782444,-2.847327328650739,0.0776758882432506,-0.1242372833707481,0.5609938398863079
314946,2142890311,2022-08-16 00:00:00,666,0.8462515883100381,1,0.744941586375343,0.033837086802965,-0.2076393647782444,-2.762143640461832,0.1231617785258318,-0.1900650151197211,0.5735768343294669
314946,2129632899,2022-08-16 00:00:00,665,0.8449809402795425,1,0.744941586375343,0.033837086802965,-0.2076393647782444,-2.790811871541351,0.082620524309696,-0.1057429888296059,0.5858686015574612
314946,2142869226,2022-08-16 00:00:00,664,0.843710292249047,1,0.744941586375343,0.033837086802965,-0.2076393647782444,-2.818020207861538,0.0985700346230751,-0.1381987784348464,0.5665312799050533
314946,2122399466,2022-08-16 00:00:00,664,0.843710292249047,1,0.744941586375343,0.033837086802965,-0.2076393647782444,-3.161544334817461,-0.198900048132677,0.2115911734157514,0.6303747756881783
314946,2142862748,2022-08-16 00:00:00,664,0.843710292249047,1,0.744941586375343,0.033837086802965,-0.2076393647782444,-2.835514667952656,0.0364789940166465,-0.0667943243805559,0.523350837610943
314946,2142878670,2022-08-16 00:00:00,663,0.8424396442185514,1,0.744941586375343,0.033837086802965,-0.2076393647782444,-2.777105021309,0.0886855941882895,-0.1381935473268534,0.5873161181769717
510693756,112435,2022-08-17 00:00:00,13,0.4193548387096774,0,-1.1077561544588674,1.8552498619626328,0.1251631429540065,1.0649262572156288,1.224389232686388,-2.3642786619993856,0.0
510693756,2762,2022-08-17 00:00:00,12,0.3870967741935484,0,-1.1077561544588674,1.8552498619626328,0.1251631429540065,-0.0905010596785693,-0.055820259664598,-0.1785372571027155,2.0736106213690424
510693756,48014,2022-08-17 00:00:00,11,0.3548387096774194,0,-1.1077561544588674,1.8552498619626328,0.1251631429540065,1.0564584648295088,1.991970516516485,-2.738148232259489,2.277267285009756
92881,2142865418,2022-08-19 00:00:00,623,0.8165137614678899,1,0.6971103767761152,0.1348031174234386,-0.6505875661411498,-2.867541345981052,-0.0130085635375412,0.1462198179431642,1.926857899090792
92881,2123493281,2022-08-19 00:00:00,622,0.8152031454783748,1,0.6971103767761152,0.1348031174234386,-0.6505875661411498,-2.8914402377734705,-0.0332243794019548,0.1877256294456142,2.014584860414136
92881,2116182225,2022-08-19 00:00:00,619,0.8112712975098296,1,0.6971103767761152,0.1348031174234386,-0.6505875661411498,-2.8822074865633787,0.1730146186184629,-0.2485559801056869,1.963574426015275
92881,2142890311,2022-08-19 00:00:00,618,0.8099606815203145,1,0.6971103767761152,0.1348031174234386,-0.6505875661411498,-2.835883307009231,0.001375502943465,0.135622506157242,1.866110024812845
92881,2142926031,2022-08-19 00:00:00,617,0.8086500655307994,1,0.6971103767761152,0.1348031174234386,-0.6505875661411498,-2.8525521611979,-0.0116048252727698,0.1466914301725506,1.83335425025442
92881,2142911275,2022-08-19 00:00:00,615,0.8060288335517694,1,0.6971103767761152,0.1348031174234386,-0.6505875661411498,-2.856294301758151,0.0105581097346503,0.0945511513242909,1.81470800888454
92881,2142869226,2022-08-19 00:00:00,615,0.8060288335517694,1,0.6971103767761152,0.1348031174234386,-0.6505875661411498,-2.879196813304914,0.0245606104303761,0.0892349662542102,1.782400910358687
163745,2123493281,2022-08-19 00:00:00,657,0.847741935483871,1,-0.1405567501964419,1.036717360957656,-0.4265185173059969,-2.8914402377734705,-0.0332243794019548,0.1877256294456142,2.014584860414136
163745,2144040670,2022-08-19 00:00:00,657,0.847741935483871,1,-0.1405567501964419,1.036717360957656,-0.4265185173059969,-2.882412184347351,-0.0599905667748128,0.2426455952030632,1.919082245883855
163745,2116182225,2022-08-19 00:00:00,656,0.8464516129032258,1,-0.1405567501964419,1.036717360957656,-0.4265185173059969,-2.8822074865633787,0.1730146186184629,-0.2485559801056869,1.963574426015275
163745,2122397525,2022-08-19 00:00:00,654,0.8438709677419355,1,-0.1405567501964419,1.036717360957656,-0.4265185173059969,-2.861378994011506,-0.0247430866224802,0.2120355069523967,1.8331102035510805
163745,2129632899,2022-08-19 00:00:00,653,0.8425806451612903,1,-0.1405567501964419,1.036717360957656,-0.4265185173059969,-2.875102337415279,-0.0217822352355141,0.1310557110724985,1.8537125535447467
163745,2142877002,2022-08-19 00:00:00,652,0.8412903225806452,1,-0.1405567501964419,1.036717360957656,-0.4265185173059969,-2.882298373591905,-0.0445809676646873,0.1724160278045516,1.8893813392152603
163745,2122399466,2022-08-19 00:00:00,651,0.84,1,-0.1405567501964419,1.036717360957656,-0.4265185173059969,-3.2970774246609102,-0.336294389739888,0.47408362220132,1.950301738912972
163745,2142865418,2022-08-19 00:00:00,651,0.84,1,-0.1405567501964419,1.036717360957656,-0.4265185173059969,-2.867541345981052,-0.0130085635375412,0.1462198179431642,1.926857899090792
198981,78998,2022-08-19 00:00:00,17,0.53125,1,-1.11867113405783,1.194659005149736,0.7444404749474955,-0.2101520129464834,-1.3521837601020013,5.172487334606326,0.6931471805599453
198981,133570,2022-08-19 00:00:00,16,0.5,1,-1.11867113405783,1.194659005149736,0.7444404749474955,0.1480155064598133,-0.7832592010183619,3.306072369898356,0.0
198981,223030,2022-08-19 00:00:00,16,0.5,1,-1.11867113405783,1.194659005149736,0.7444404749474955,-1.1294434300944691,0.8613714693015115,-1.0452663079628168,1.6094379124341005
198981,48539,2022-08-19 00:00:00,15,0.46875,0,-1.11867113405783,1.194659005149736,0.7444404749474955,0.2038483700952968,1.3957480420653483,-1.1275998255413615,0.0
198981,41852,2022-08-19 00:00:00,15,0.46875,0,-1.11867113405783,1.194659005149736,0.7444404749474955,-0.630912756648348,-0.6260004381357303,2.2697174893684293,1.3862943611198906
198981,55287,2022-08-19 00:00:00,15,0.46875,0,-1.11867113405783,1.194659005149736,0.7444404749474955,0.0250065040297073,-1.519812840830464,4.33510971488613,0.6931471805599453
198981,91605,2022-08-19 00:00:00,15,0.46875,0,-1.11867113405783,1.194659005149736,0.7444404749474955,0.9308472801114952,-0.4235717170692533,0.9162907318741552,-2.2335922215070942
198981,428317,2022-08-19 00:00:00,15,0.46875,0,-1.11867113405783,1.194659005149736,0.7444404749474955,0.1806529470293897,-1.0658013241483837,3.251078965362836,0.0
149321,91605,2022-08-20 00:00:00,17,0.4857142857142857,0,1.878950535410369,-3.8697654348063497,4.695924549256556,0.9308472801114952,-0.4235717170692533,0.9162907318741552,-2.2335922215070942
149321,110379,2022-08-20 00:00:00,16,0.4571428571428571,0,1.878950535410369,-3.8697654348063497,4.695924549256556,-0.2504746919489459,0.4018624442918159,1.019975836002999,0.6931471805599453
149321,144522,2022-08-20 00:00:00,15,0.4285714285714285,0,1.878950535410369,-3.8697654348063497,4.695924549256556,1.333670636891079,0.4109806792552687,-0.1625189294977747,0.6931471805599453
149321,1849,2022-08-20 00:00:00,15,0.4285714285714285,0,1.878950535410369,-3.8697654348063497,4.695924549256556,0.5858538423692727,0.140137546061662,-0.37469344944141,1.0986122886681098
149321,133570,2022-08-20 00:00:00,15,0.4285714285714285,0,1.878950535410369,-3.8697654348063497,4.695924549256556,0.1480155064598133,-0.7832592010183619,3.306072369898356,0.0
149321,48539,2022-08-20 00:00:00,15,0.4285714285714285,0,1.878950535410369,-3.8697654348063497,4.695924549256556,0.2038483700952968,1.3957480420653483,-1.1275998255413615,0.0
149321,41852,2022-08-20 00:00:00,14,0.4,0,1.878950535410369,-3.8697654348063497,4.695924549256556,-0.630912756648348,-0.6260004381357303,2.2697174893684293,1.3862943611198906
194389,2142869398,2022-08-20 00:00:00,636,0.6266009852216748,1,-0.0047119124175047,0.0201354367405501,-0.5035624686935174,-2.8659464913583674,-0.0025520855183724,0.1355891059751339,2.7899769888610706
194389,2142865506,2022-08-20 00:00:00,635,0.625615763546798,1,-0.0047119124175047,0.0201354367405501,-0.5035624686935174,-2.9217052045776093,-0.0289658488499418,0.1431646646016258,2.571734537171801
194389,2122725237,2022-08-20 00:00:00,635,0.625615763546798,1,-0.0047119124175047,0.0201354367405501,-0.5035624686935174,-2.8519796203888217,-0.0100663286021349,0.127190395994992,2.661210795686954
194389,2122399466,2022-08-20 00:00:00,634,0.6246305418719211,1,-0.0047119124175047,0.0201354367405501,-0.5035624686935174,-3.32612740844905,-0.350394460104483,0.4876525490669419,2.839913536626036
194389,2142890311,2022-08-20 00:00:00,633,0.6236453201970443,1,-0.0047119124175047,0.0201354367405501,-0.5035624686935174,-2.8285338111436884,0.0139853375018064,0.122075372530114,2.748610070787133
194389,2123295900,2022-08-20 00:00:00,632,0.6226600985221675,1,-0.0047119124175047,0.0201354367405501,-0.5035624686935174,-2.84775342726765,-0.0121344976383399,0.1263420013395215,2.6013282148460624
194389,2122437132,2022-08-20 00:00:00,632,0.6226600985221675,1,-0.0047119124175047,0.0201354367405501,-0.5035624686935174,-2.8258768610232954,0.0452517952076814,0.0871849349744184,2.7205996143021816
194389,2129632899,2022-08-20 00:00:00,631,0.6216748768472906,1,-0.0047119124175047,0.0201354367405501,-0.5035624686935174,-2.868232136885451,-0.0167154637234241,0.1265783850155557,2.7643632379346297
459064855,164454,2022-08-20 00:00:00,15,0.5172413793103449,1,,,5.003946305945459,-0.3009219186811177,-1.4462144355120428,3.4451449213558,0.0
459064855,67488,2022-08-20 00:00:00,14,0.4827586206896552,0,,,5.003946305945459,0.0404823059188372,-1.1060052771621725,3.755713133477303,1.0986122886681098
459064855,165058,2022-08-20 00:00:00,14,0.4827586206896552,0,,,5.003946305945459,0.221982770703519,0.2749866053549745,1.131786062350108,1.791759469228055
459064855,55287,2022-08-20 00:00:00,14,0.4827586206896552,0,,,5.003946305945459,0.0250065040297073,-1.519812840830464,4.33510971488613,0.6931471805599453
459064855,89132,2022-08-20 00:00:00,14,0.4827586206896552,0,,,5.003946305945459,-0.2042985839618268,-0.2802864550537328,1.0296194171811583,1.6094379124341005
459064855,92471,2022-08-20 00:00:00,14,0.4827586206896552,0,,,5.003946305945459,1.1787399649392278,-0.1510173413242506,0.3022808718729335,1.0986122886681098
50530,579,2022-08-20 00:00:00,192,0.5052631578947369,1,0.8674294124248247,-0.6147664029595472,1.121907851271632,-2.474961812633916,0.0675655945138227,-0.1121281283087718,2.1621086096810176
50530,42924,2022-08-20 00:00:00,154,0.4052631578947368,0,0.8674294124248247,-0.6147664029595472,1.121907851271632,1.085284073209538,0.1751818518155429,1.1024363851065129,1.9771626925594168
449740371,844056785,2022-08-20 00:00:00,23,0.4791666666666667,0,,,6.2422232654551655,0.3416311936894504,-0.9661182986826508,2.327277705584417,3.871201010907891
449740371,461883,2022-08-20 00:00:00,19,0.3958333333333333,0,,,6.2422232654551655,1.878950535410369,0.0,0.0,0.0
449740371,58728,2022-08-20 00:00:00,13,0.2708333333333333,0,,,6.2422232654551655,0.2949564277522237,-0.7822120778291863,4.140625314786107,1.3862943611198906
45538,44903,2022-08-21 00:00:00,1596,0.2833303745783774,0,-1.392249744781478,0.4676584918218585,-0.5756107601111058,-0.7939271838914637,0.6576332774428442,-1.2073005944186113,5.151362953591373
45538,46582,2022-08-21 00:00:00,1580,0.2804899698206994,0,-1.392249744781478,0.4676584918218585,-0.5756107601111058,-1.0597088744246383,0.0022992896516251,0.0412282980345652,5.173887288169859
45538,10126,2022-08-21 00:00:00,1580,0.2804899698206994,0,-1.392249744781478,0.4676584918218585,-0.5756107601111058,-1.1801980540615484,0.4468726250390622,-0.5981317251904095,4.834295808979849
45538,3389,2022-08-21 00:00:00,1569,0.2785371915497958,0,-1.392249744781478,0.4676584918218585,-0.5756107601111058,-0.8885425183703048,0.7806608188440631,-0.849689252519279,4.607833303407576
45538,39446,2022-08-21 00:00:00,1562,0.2772945144683117,0,-1.392249744781478,0.4676584918218585,-0.5756107601111058,-0.7311471808175459,0.8914069026886796,-1.2874987327473368,4.152708758354153
45538,4473,2022-08-21 00:00:00,1549,0.2749866856026984,0,-1.392249744781478,0.4676584918218585,-0.5756107601111058,-0.6490367663239455,0.7686160225214606,-0.9194436509337702,5.455015818454093
45538,2784,2022-08-21 00:00:00,1529,0.2714361796556009,0,-1.392249744781478,0.4676584918218585,-0.5756107601111058,-0.8059434632264725,0.8277002140811162,-1.2152564219279638,4.89871737789227
1336291419,2122450336,2022-08-21 00:00:00,608,0.8673323823109843,1,0.5090825995591186,0.4418803183830397,-1.2745029551317737,-2.846012031119201,-0.0208323730492883,0.1331697211195717,2.8547728932246024
1336291419,2129632899,2022-08-21 00:00:00,606,0.8644793152639088,1,0.5090825995591186,0.4418803183830397,-1.2745029551317737,-2.8455408697972286,0.0132965166555614,0.0971144248041806,2.830926321904421
1336291419,2122514680,2022-08-21 00:00:00,606,0.8644793152639088,1,0.5090825995591186,0.4418803183830397,-1.2745029551317737,-2.8500737424996454,0.0142546146246713,0.0834388130234398,2.710359670950872
1336291419,2123493281,2022-08-21 00:00:00,605,0.8630527817403709,1,0.5090825995591186,0.4418803183830397,-1.2745029551317737,-2.854659338147703,0.0199020521455501,0.1357203061799268,2.930771340437777
1336291419,2142911275,2022-08-21 00:00:00,605,0.8630527817403709,1,0.5090825995591186,0.4418803183830397,-1.2745029551317737,-2.836610443085644,0.0464908551284901,0.0585440911988968,2.7236591598656625
1336291419,2142869398,2022-08-21 00:00:00,603,0.8601997146932953,1,0.5090825995591186,0.4418803183830397,-1.2745029551317737,-2.871964337260858,-0.0080787318604835,0.1410727819562254,2.865513360955008
1336291419,2142879863,2022-08-21 00:00:00,602,0.8587731811697575,1,0.5090825995591186,0.4418803183830397,-1.2745029551317737,-2.858556967162058,0.0063756343047383,0.0930192740959867,2.87692519458042
1336291419,2122437132,2022-08-21 00:00:00,602,0.8587731811697575,1,0.5090825995591186,0.4418803183830397,-1.2745029551317737,-2.818344700690532,0.0445859748209427,0.0865787893263583,2.786261344311621
356360,55287,2022-08-21 00:00:00,14,0.5833333333333334,1,0.3747535526579499,-2.0085449863302385,0.5991182309116692,0.0250065040297073,-1.519812840830464,4.33510971488613,0.6931471805599453
356360,132691,2022-08-21 00:00:00,12,0.5,1,0.3747535526579499,-2.0085449863302385,0.5991182309116692,0.1261978297315976,-0.9587975356070384,4.929382704483853,0.6931471805599453
356360,99585,2022-08-21 00:00:00,12,0.5,1,0.3747535526579499,-2.0085449863302385,0.5991182309116692,0.5660391198552325,-0.7857260002996228,2.643017730831356,1.6094379124341005
356360,102456,2022-08-21 00:00:00,12,0.5,1,0.3747535526579499,-2.0085449863302385,0.5991182309116692,0.6765438631092162,-0.3661079078856917,0.2744368457017603,1.0986122886681098
356360,91620,2022-08-21 00:00:00,11,0.4583333333333333,0,0.3747535526579499,-2.0085449863302385,0.5991182309116692,1.0089032269423006,1.8552520280844769,-5.6458884962373,0.0
44903,45538,2022-08-21 00:00:00,1596,0.2888165038002172,0,-1.4515604613343078,0.6576332774428442,-1.2073005944186113,-0.9245912529596196,0.4676584918218585,-0.5756107601111058,6.501289670540389
44903,10126,2022-08-21 00:00:00,1587,0.2871878393051031,0,-1.4515604613343078,0.6576332774428442,-1.2073005944186113,-1.1801980540615484,0.4468726250390622,-0.5981317251904095,4.834295808979849
44903,46582,2022-08-21 00:00:00,1548,0.2801302931596091,0,-1.4515604613343078,0.6576332774428442,-1.2073005944186113,-1.0597088744246383,0.0022992896516251,0.0412282980345652,5.173887288169859
44903,4473,2022-08-21 00:00:00,1548,0.2801302931596091,0,-1.4515604613343078,0.6576332774428442,-1.2073005944186113,-0.6490367663239455,0.7686160225214606,-0.9194436509337702,5.455015818454093
44903,33820,2022-08-21 00:00:00,1531,0.2770539268910604,0,-1.4515604613343078,0.6576332774428442,-1.2073005944186113,-0.6677579747158864,0.9022238630232776,-1.0822479242884029,6.7645445391932135
44903,41684,2022-08-21 00:00:00,1528,0.2765110387260224,0,-1.4515604613343078,0.6576332774428442,-1.2073005944186113,-0.823792194419367,0.6136293402133542,-0.7372902262878238,7.16703787691222
44903,40801,2022-08-21 00:00:00,1511,0.2734346724574737,0,-1.4515604613343078,0.6576332774428442,-1.2073005944186113,-1.1697391121440557,0.3856410672450643,-0.6526066779486559,7.358830898342354
136269,2142911275,2022-08-22 00:00:00,641,0.8401048492791612,1,0.9201223395206826,0.1510192265434955,-0.6466271649250528,-2.832720111485102,0.0466693310793622,0.0596405521620244,2.233428531274125
136269,2142890311,2022-08-22 00:00:00,637,0.8348623853211009,1,0.9201223395206826,0.1510192265434955,-0.6466271649250528,-2.8022188408510256,0.0523970192339606,0.0808239141191595,2.3642530973399687
136269,2142878670,2022-08-22 00:00:00,636,0.8335517693315858,1,0.9201223395206826,0.1510192265434955,-0.6466271649250528,-2.829808618115296,0.0097374135621213,0.1230767745765462,2.258389620202923
136269,2129632899,2022-08-22 00:00:00,636,0.8335517693315858,1,0.9201223395206826,0.1510192265434955,-0.6466271649250528,-2.8443385673497112,0.0172588989431554,0.0931051738514909,2.3499665667694973
136269,2122437132,2022-08-22 00:00:00,634,0.8309305373525557,1,0.9201223395206826,0.1510192265434955,-0.6466271649250528,-2.807552489069012,0.0556850478317465,0.0757624147083433,2.317147764092952
136269,2142865506,2022-08-22 00:00:00,633,0.8296199213630406,1,0.9201223395206826,0.1510192265434955,-0.6466271649250528,-2.901138611777476,0.0213256729619644,0.0881332838348925,2.1383582211511154
136269,2123493281,2022-08-22 00:00:00,632,0.8283093053735255,1,0.9201223395206826,0.1510192265434955,-0.6466271649250528,-2.8435410073095104,0.0434238884030144,0.1088293956057331,2.570328606581273
136269,2122399466,2022-08-22 00:00:00,632,0.8283093053735255,1,0.9201223395206826,0.1510192265434955,-0.6466271649250528,-3.3571686050851324,-0.3336546603250214,0.4635830065260471,2.3511013220843786
136269,2122450336,2022-08-22 00:00:00,632,0.8283093053735255,1,0.9201223395206826,0.1510192265434955,-0.6466271649250528,-2.831844490041104,0.0091582969526347,0.0971553414186399,2.2558706950084586
152895,2820,2022-08-22 00:00:00,31,0.8857142857142857,1,0.1701524094136412,1.0450352401506997,-2.442347035369204,0.7979115784148392,-0.4036525811095066,0.6580558607486751,1.3862943611198908
152895,1022,2022-08-22 00:00:00,24,0.6857142857142857,1,0.1701524094136412,1.0450352401506997,-2.442347035369204,1.014642592108595,-0.2291620458184751,-0.1823215567939549,4.992131822531696
152895,771,2022-08-22 00:00:00,23,0.6571428571428571,1,0.1701524094136412,1.0450352401506997,-2.442347035369204,1.3840748846542752,1.521355779403423,-2.8522817184217306,2.484906649788
152895,1734,2022-08-22 00:00:00,23,0.6571428571428571,1,0.1701524094136412,1.0450352401506997,-2.442347035369204,0.0868372319324602,0.5540197067629664,-0.8507761247635282,3.3245220140031875
152895,113,2022-08-22 00:00:00,23,0.6571428571428571,1,0.1701524094136412,1.0450352401506997,-2.442347035369204,0.8485507206122311,-0.3937490025144763,0.4657573383642841,1.3862943611198908
78821,148658,2022-08-23 00:00:00,76,0.5891472868217055,1,-0.6364346235333934,1.344388929391442,-0.943371690476826,1.3077494923721014,0.8184338521266479,-2.302585092994046,2.772588722239781
78821,196036,2022-08-23 00:00:00,75,0.5813953488372093,1,-0.6364346235333934,1.344388929391442,-0.943371690476826,1.3077494923721014,0.6066051566074828,-3.056356895370426,3.1354942159291497
78821,209408,2022-08-23 00:00:00,74,0.5736434108527132,1,-0.6364346235333934,1.344388929391442,-0.943371690476826,1.3077494923721014,-0.1142402086076534,-1.2527629684953678,2.0476928433652555
78821,429648,2022-08-23 00:00:00,73,0.5658914728682171,1,-0.6364346235333934,1.344388929391442,-0.943371690476826,0.8465394079928067,-0.221579990981578,-0.5306282510621707,1.6650077635889111
78821,65746,2022-08-23 00:00:00,73,0.5658914728682171,1,-0.6364346235333934,1.344388929391442,-0.943371690476826,-1.1077561544588674,-1.7290171029589132,-0.8358034809614692,3.58351893845611
78821,162201,2022-08-23 00:00:00,72,0.5581395348837209,1,-0.6364346235333934,1.344388929391442,-0.943371690476826,1.4262844186161363,0.941285944616711,-3.6287755300442313,2.525728644308255
78821,67837,2022-08-23 00:00:00,72,0.5581395348837209,1,-0.6364346235333934,1.344388929391442,-0.943371690476826,1.498149840051524,0.1904003476794225,0.1335313926245225,3.1354942159291497
78821,135038,2022-08-23 00:00:00,72,0.5581395348837209,1,-0.6364346235333934,1.344388929391442,-0.943371690476826,-0.5620112484889586,-1.359720858666125,1.5139296932192856,2.5649493574615367
298492,2142911275,2022-08-24 00:00:00,629,0.874826147426982,1,0.4453126548563198,0.5677867499822089,-0.3468709438421111,-2.80186364622542,0.0762973644680693,0.0338072418242223,1.9308544908467864
298492,2122725237,2022-08-24 00:00:00,625,0.8692628650904033,1,0.4453126548563198,0.5677867499822089,-0.3468709438421111,-2.778372017429741,0.09981729692797,0.0200338801679809,1.9203572655077088
298492,2142865506,2022-08-24 00:00:00,625,0.8692628650904033,1,0.4453126548563198,0.5677867499822089,-0.3468709438421111,-2.860956385020432,0.0728804642553382,0.0320489212718833,1.882613540829129
298492,2142878670,2022-08-24 00:00:00,622,0.8650904033379694,1,0.4453126548563198,0.5677867499822089,-0.3468709438421111,-2.7929204935903877,0.0456348145663292,0.0926668609019323,1.918349508596964
298492,2129632899,2022-08-24 00:00:00,621,0.8636995827538247,1,0.4453126548563198,0.5677867499822089,-0.3468709438421111,-2.7912734088285527,0.085553245599085,0.0280953499770912,1.981100837873472
298492,2142890311,2022-08-24 00:00:00,621,0.8636995827538247,1,0.4453126548563198,0.5677867499822089,-0.3468709438421111,-2.770191110051904,0.0724094993158517,0.0633546989554165,1.9868942838272408
298492,2143015613,2022-08-24 00:00:00,620,0.8623087621696801,1,0.4453126548563198,0.5677867499822089,-0.3468709438421111,-2.7782428480918666,0.1085503151869784,0.0150074659541772,1.9821676497567653
298492,2142869398,2022-08-24 00:00:00,620,0.8623087621696801,1,0.4453126548563198,0.5677867499822089,-0.3468709438421111,-2.8258598718240284,0.0386731776470896,0.1092908349215893,1.8929201966761984
134599,93853,2022-08-24 00:00:00,16,0.5517241379310345,1,-0.48627754921509,-2.149477469710276,0.010493275715838,1.4942467759329046,0.2700300811983525,0.2876820724517808,0.0
134599,262933,2022-08-24 00:00:00,15,0.5172413793103449,1,-0.48627754921509,-2.149477469710276,0.010493275715838,-0.6312982946759476,-1.8942293628293865,3.68609781115206,0.6931471805599453
134599,102455,2022-08-24 00:00:00,15,0.5172413793103449,1,-0.48627754921509,-2.149477469710276,0.010493275715838,-1.254200059693249,-0.8999076255248233,1.857770231149158,0.0
112747,93909,2022-08-28 00:00:00,162,0.6303501945525292,1,0.1673043405130186,0.059381371627521,-1.076030683971401,-0.3907815927787011,-0.1389162176057958,0.0896827029385969,1.8890878131886175
112747,135886,2022-08-28 00:00:00,157,0.6108949416342413,1,0.1673043405130186,0.059381371627521,-1.076030683971401,0.1741915484924512,-0.2299600591825061,0.246037371180062,1.769286613375996
112747,138209,2022-08-28 00:00:00,155,0.603112840466926,1,0.1673043405130186,0.059381371627521,-1.076030683971401,0.513331413662106,0.31157552039921,-0.2905848321097428,1.668526828804107
112747,335236,2022-08-28 00:00:00,155,0.603112840466926,1,0.1673043405130186,0.059381371627521,-1.076030683971401,0.3101097232733255,0.0332546511277174,0.0668629452291265,2.421333845770388
112747,147575,2022-08-28 00:00:00,155,0.603112840466926,1,0.1673043405130186,0.059381371627521,-1.076030683971401,0.4242309196785469,0.067860729619938,-0.1451820098444978,1.8780198135124624
112747,230109,2022-08-28 00:00:00,155,0.603112840466926,1,0.1673043405130186,0.059381371627521,-1.076030683971401,0.2510162453329226,0.0176255554401479,0.0,2.4936403297567558
112747,133115,2022-08-28 00:00:00,155,0.603112840466926,1,0.1673043405130186,0.059381371627521,-1.076030683971401,0.2774018982173974,-0.1138008082572527,0.2964157524205353,2.24495598015741
112747,306249,2022-08-28 00:00:00,155,0.603112840466926,1,0.1673043405130186,0.059381371627521,-1.076030683971401,0.3044917248358578,0.0109960862978704,0.1153108465109946,1.7988266364511478
112747,221607,2022-08-28 00:00:00,154,0.5992217898832685,1,0.1673043405130186,0.059381371627521,-1.076030683971401,0.4312065759780633,0.1505740000692323,-0.27668431824224,2.660259537265861
112747,110691,2022-08-28 00:00:00,153,0.5953307392996109,1,0.1673043405130186,0.059381371627521,-1.076030683971401,0.4022412466343185,-0.0442594645007412,0.0447001789179068,1.7917594692280554
2064561863,1467941591,2022-08-30 00:00:00,10,0.1470588235294117,0,-0.8670156103240854,-0.2523059360935147,0.3184537311185345,-0.7467213460778195,-0.0980705194304272,-0.1752438591537517,-4.962844630259907
397155,79928,2022-08-31 00:00:00,16,0.2711864406779661,0,-1.11867113405783,1.855219583391664,-2.2512917986064958,1.8915756327030755,0.1700150922381658,0.1823215567939546,0.4054651081081645
397155,150,2022-08-31 00:00:00,15,0.2542372881355932,0,-1.11867113405783,1.855219583391664,-2.2512917986064958,-1.835257670316884,-0.5660568848034477,0.5649382927106874,-0.1133286853070032
106111,78466,2022-08-31 00:00:00,15,0.5,1,,,2.079441541679836,-1.604251750857505,-0.4964955963986375,0.602492812291815,-0.6931471805599453
106111,48539,2022-08-31 00:00:00,15,0.5,1,,,2.079441541679836,-0.3525913601903611,-0.3360198129268034,0.6890571953084201,0.0
235074,140769,2022-08-31 00:00:00,13,0.4642857142857143,0,2.648213694852414,-1.3404642024803126,1.5040773967762742,1.593350013891235,0.6390085532251567,-4.574710978503383,0.0
235074,165058,2022-08-31 00:00:00,13,0.4642857142857143,0,2.648213694852414,-1.3404642024803126,1.5040773967762742,0.997673518221535,0.8720413131920164,-2.962942450731,5.408665423716902
235074,66575,2022-08-31 00:00:00,12,0.4285714285714285,0,2.648213694852414,-1.3404642024803126,1.5040773967762742,1.1173491446926789,0.7359213849040722,-1.9661128563728332,1.3862943611198906
235074,78463,2022-08-31 00:00:00,12,0.4285714285714285,0,2.648213694852414,-1.3404642024803126,1.5040773967762742,1.3077494923721014,1.1682411813341391,-2.2192034840549946,1.3862943611198906
235074,89301,2022-08-31 00:00:00,12,0.4285714285714285,0,2.648213694852414,-1.3404642024803126,1.5040773967762742,-0.1004647228637229,-1.238316667698342,2.114532861491106,1.5040773967762742
45599,78463,2022-08-31 00:00:00,18,0.5,1,2.2635821151313915,-1.5270336657975578,0.980829253011726,1.3077494923721014,1.1682411813341391,-2.2192034840549946,1.3862943611198906
45599,103311,2022-08-31 00:00:00,17,0.4722222222222222,0,2.2635821151313915,-1.5270336657975578,0.980829253011726,-0.3249451521228991,-1.823094992174423,4.16278172377533,0.916290731874155
45599,1849,2022-08-31 00:00:00,17,0.4722222222222222,0,2.2635821151313915,-1.5270336657975578,0.980829253011726,0.299220940663593,-0.0962481870077106,0.1528020619559651,0.0
45599,50242,2022-08-31 00:00:00,16,0.4444444444444444,0,2.2635821151313915,-1.5270336657975578,0.980829253011726,1.3077494923721014,0.3074413157209219,-0.8266785731844679,0.0
45599,60610,2022-08-31 00:00:00,16,0.4444444444444444,0,2.2635821151313915,-1.5270336657975578,0.980829253011726,0.126082979175314,0.4406555531215555,-0.4813889514708611,0.0
45599,50254,2022-08-31 00:00:00,16,0.4444444444444444,0,2.2635821151313915,-1.5270336657975578,0.980829253011726,0.3515449274879447,0.1285457895131793,-0.343333327001158,5.777652323222656
214800,179745,2022-08-31 00:00:00,17,0.4146341463414634,0,1.5448193448601713,-0.8082708955263376,0.980829253011726,-0.2626636247227548,-0.6841806167166693,2.014903020542264,5.422008838890586
214800,133649,2022-08-31 00:00:00,16,0.3902439024390244,0,1.5448193448601713,-0.8082708955263376,0.980829253011726,1.0766192343526022,0.8774584922934923,-1.0092671883322597,0.6931471805599453
214800,83936,2022-08-31 00:00:00,16,0.3902439024390244,0,1.5448193448601713,-0.8082708955263376,0.980829253011726,-0.2453821318878927,-1.07564665285757,2.529358412358833,0.0
214800,192462,2022-08-31 00:00:00,15,0.3658536585365853,0,1.5448193448601713,-0.8082708955263376,0.980829253011726,-0.1382150503214773,-0.8511684613059054,0.6180493543288659,1.0986122886681098
214800,89301,2022-08-31 00:00:00,15,0.3658536585365853,0,1.5448193448601713,-0.8082708955263376,0.980829253011726,-0.1004647228637229,-1.238316667698342,2.114532861491106,1.5040773967762742
214800,66573,2022-08-31 00:00:00,15,0.3658536585365853,0,1.5448193448601713,-0.8082708955263376,0.980829253011726,-2.652781841841305,-0.9683850678329982,-0.3059196600015612,0.6931471805599453
184893,144034,2022-08-31 00:00:00,15,0.4838709677419355,0,-1.11867113405783,1.855219583391664,-2.2512917986064958,-0.145077614304726,-0.9679840684624648,1.5284688499004329,4.330733340286331
184893,1849,2022-08-31 00:00:00,14,0.4516129032258064,0,-1.11867113405783,1.855219583391664,-2.2512917986064958,0.299220940663593,-0.0962481870077106,0.1528020619559651,0.0
184893,158334,2022-08-31 00:00:00,14,0.4516129032258064,0,-1.11867113405783,1.855219583391664,-2.2512917986064958,-0.4770652383964444,0.7961173256969096,-0.1072634658039124,5.138735296723572
184893,136800,2022-08-31 00:00:00,13,0.4193548387096774,0,-1.11867113405783,1.855219583391664,-2.2512917986064958,0.3828180424526881,0.0536037771155817,-0.0930904230660125,0.0
184893,106829,2022-08-31 00:00:00,13,0.4193548387096774,0,-1.11867113405783,1.855219583391664,-2.2512917986064958,-0.0471613667616629,-0.9778831937720872,3.4584175219920463,0.6931471805599453
184893,41664,2022-08-31 00:00:00,13,0.4193548387096774,0,-1.11867113405783,1.855219583391664,-2.2512917986064958,0.0716984057471951,-0.4858160909971953,0.1405819506211889,0.0
184893,91587,2022-08-31 00:00:00,13,0.4193548387096774,0,-1.11867113405783,1.855219583391664,-2.2512917986064958,1.6008502353384113,0.6905232297952845,-3.7800488412522295,-3.232121051618221
184893,110380,2022-08-31 00:00:00,13,0.4193548387096774,0,-1.11867113405783,1.855219583391664,-2.2512917986064958,-0.2097569519278619,-0.5572441125931142,0.5382245979541045,1.3862943611198904
91618,48539,2022-08-31 00:00:00,16,0.4848484848484848,0,2.648213694852414,-1.9116652455185803,1.3862943611198904,-0.3525913601903611,-0.3360198129268034,0.6890571953084201,0.0
91618,55287,2022-08-31 00:00:00,16,0.4848484848484848,0,2.648213694852414,-1.9116652455185803,1.3862943611198904,1.3077494923721014,1.282742988342394,-3.4878118544989265,0.0
91618,133570,2022-08-31 00:00:00,15,0.4545454545454545,0,2.648213694852414,-1.9116652455185803,1.3862943611198904,-0.0040300164016163,-0.2503398438238081,0.6406929974345594,0.0
91618,140762,2022-08-31 00:00:00,15,0.4545454545454545,0,2.648213694852414,-1.9116652455185803,1.3862943611198904,-0.1733559395947507,-0.2011250737059175,-0.8674538376409284,-0.4054651081081645
91618,144522,2022-08-31 00:00:00,15,0.4545454545454545,0,2.648213694852414,-1.9116652455185803,1.3862943611198904,0.5960749485112775,-0.6956343267594092,-0.1541506798272585,-0.6931471805599453
91618,98964,2022-08-31 00:00:00,15,0.4545454545454545,0,2.648213694852414,-1.9116652455185803,1.3862943611198904,1.6798735195011012,1.2182809946414674,-3.523415014386404,-1.3862943611198906
91618,123482,2022-08-31 00:00:00,15,0.4545454545454545,0,2.648213694852414,-1.9116652455185803,1.3862943611198904,0.9023332656378898,0.2969987261892483,-0.2744368457017603,0.6931471805599453
91618,148216,2022-08-31 00:00:00,15,0.4545454545454545,0,2.648213694852414,-1.9116652455185803,1.3862943611198904,1.2464542711777733,0.4252042508867258,-0.8873031950009032,-0.4054651081081645
208878,148216,2022-08-31 00:00:00,22,0.4,0,-1.3213401916738852,2.057888641007719,-4.902493135476552,1.2464542711777733,0.4252042508867258,-0.8873031950009032,-0.4054651081081645
208878,798533880,2022-08-31 00:00:00,18,0.3272727272727272,0,-1.3213401916738852,2.057888641007719,-4.902493135476552,-2.6864715840843574,-0.1865939719318126,0.1719953096403887,0.3633866870581848
361776,133570,2022-09-01 00:00:00,12,0.4615384615384615,0,,,2.302585092994046,-0.0040300164016163,-0.1520455228614297,0.6568549653915579,0.0
361776,133649,2022-09-01 00:00:00,11,0.4230769230769231,0,,,2.302585092994046,1.1096378426411022,0.9104771005819924,-0.9351592161785374,0.6931471805599453
361776,86167,2022-09-01 00:00:00,11,0.4230769230769231,0,,,2.302585092994046,0.3150023113170576,0.1265975753761612,-1.834556697999876,4.350277936359301
361776,89303,2022-09-01 00:00:00,11,0.4230769230769231,0,,,2.302585092994046,0.9302061390614754,0.2426086776528283,-1.956839219587504,4.343805421853684
361776,91587,2022-09-01 00:00:00,11,0.4230769230769231,0,,,2.302585092994046,1.6008502353384113,0.7567603109334469,-3.773805324612544,0.013072081567353
156250,110691,2022-09-01 00:00:00,158,0.7085201793721974,1,0.2115115644624702,0.4411614091384507,-0.5949874160877018,0.5094516373722661,0.1806254602132458,-0.2268633324167419,1.1814999484738768
156250,230109,2022-09-01 00:00:00,158,0.7085201793721974,1,0.2115115644624702,0.4411614091384507,-0.5949874160877018,0.3983144774723713,0.2453299779891382,-0.4054651081081646,1.3394389438383856
156250,138209,2022-09-01 00:00:00,156,0.6995515695067265,1,0.2115115644624702,0.4411614091384507,-0.5949874160877018,0.6189586170610786,0.38255116138977,-0.3651912089702245,0.9585234954974284
156250,221607,2022-09-01 00:00:00,156,0.6995515695067265,1,0.2115115644624702,0.4411614091384507,-0.5949874160877018,0.6596067477015116,0.3429290502458912,-0.4390166422793973,1.1201184938890725
156250,335236,2022-09-01 00:00:00,154,0.6905829596412556,1,0.2115115644624702,0.4411614091384507,-0.5949874160877018,0.4285865547498605,0.0696016011225884,0.0850370426859123,1.1910996013897304
156250,124078,2022-09-01 00:00:00,154,0.6905829596412556,1,0.2115115644624702,0.4411614091384507,-0.5949874160877018,0.0693735448639691,0.1711823921887384,-0.1945916493857691,1.0965900432873426
156250,93909,2022-09-01 00:00:00,154,0.6905829596412556,1,0.2115115644624702,0.4411614091384507,-0.5949874160877018,-0.2239279620662831,0.07541974627823,-0.1042875541814982,1.0062958594487863
156250,301836,2022-09-01 00:00:00,153,0.6860986547085202,1,0.2115115644624702,0.4411614091384507,-0.5949874160877018,0.2653789363856349,-0.164193908418595,0.2641515750415868,1.1884686177899706
156250,18879,2022-09-01 00:00:00,152,0.6816143497757847,1,0.2115115644624702,0.4411614091384507,-0.5949874160877018,-0.0451635859767378,0.11412734200017,-0.1460315553887543,0.4077933978677555
156250,87831,2022-09-01 00:00:00,152,0.6816143497757847,1,0.2115115644624702,0.4411614091384507,-0.5949874160877018,0.2903023615661665,0.024783916485829,-0.038282186571017,1.1797378334804778
109547,844056785,2022-09-01 00:00:00,23,0.4509803921568627,0,-1.6566837088457826,2.3932321581796163,-2.9041650800285006,-1.0426040621131714,-1.603591059384756,4.755743044467465,0.3629054936893685
109547,104994,2022-09-01 00:00:00,14,0.2745098039215686,0,-1.6566837088457826,2.3932321581796163,-2.9041650800285006,1.1238638287891176,1.3430814469183334,-3.779633817382401,1.0986122886681098
109547,144036,2022-09-01 00:00:00,14,0.2745098039215686,0,-1.6566837088457826,2.3932321581796163,-2.9041650800285006,0.2951030180697239,0.3145567112437549,1.025408884644814,0.6931471805599453
109547,159179,2022-09-01 00:00:00,14,0.2745098039215686,0,-1.6566837088457826,2.3932321581796163,-2.9041650800285006,-1.4787803897733358,-0.9865960742072264,-0.1075631597201685,0.0
260851,140762,2022-09-01 00:00:00,15,0.4838709677419355,0,-2.4026896744112256,3.1392381237450597,-3.8094364166530448,0.1969204183969622,0.2566335595590758,-0.8515975197315573,-0.4054651081081645
260851,150701,2022-09-01 00:00:00,15,0.4838709677419355,0,-2.4026896744112256,3.1392381237450597,-3.8094364166530448,1.1540288345116403,0.3074413157209219,0.0,-0.6931471805599453
260851,136800,2022-09-01 00:00:00,15,0.4838709677419355,0,-2.4026896744112256,3.1392381237450597,-3.8094364166530448,0.3828180424526881,0.0825850499608503,-0.0553500950831651,0.0
260851,161619,2022-09-01 00:00:00,15,0.4838709677419355,0,-2.4026896744112256,3.1392381237450597,-3.8094364166530448,-0.5977711661172375,0.0779011597105594,0.0029600416284765,0.0
260851,66575,2022-09-01 00:00:00,14,0.4516129032258064,0,-2.4026896744112256,3.1392381237450597,-3.8094364166530448,1.1173491446926789,0.8909746379047763,-1.9042374526547452,-0.4054651081081645
260851,94612,2022-09-01 00:00:00,14,0.4516129032258064,0,-2.4026896744112256,3.1392381237450597,-3.8094364166530448,0.0197144043465104,-0.0114983787763638,0.53358620800444,1.3862943611198904
280813,3692,2022-09-01 00:00:00,56,0.6153846153846154,1,,,3.49650756146648,-0.3501815789372972,-0.0209228377314202,-0.1372011215134856,0.5399185847076549
280813,26356,2022-09-01 00:00:00,55,0.6043956043956044,1,,,3.49650756146648,0.3789344063559206,0.4189401924555015,-0.1943080016743223,0.6311117896404923
90633043,146949,2022-09-01 00:00:00,52,0.6190476190476191,1,,,2.19722457733622,-0.6298896750612742,-0.492656091906331,1.7310935105784289,6.230481447578482
90633043,3692,2022-09-01 00:00:00,50,0.5952380952380952,1,,,2.19722457733622,-0.3501815789372972,-0.0209228377314202,-0.1372011215134856,0.5399185847076549
90633043,26356,2022-09-01 00:00:00,49,0.5833333333333334,1,,,2.19722457733622,0.3789344063559206,0.4189401924555015,-0.1943080016743223,0.6311117896404923
229082,64386,2022-09-01 00:00:00,16,0.4102564102564102,0,-1.6734450103083784,2.4099934596422123,-2.9245047642656234,1.3077494923721014,1.88039865690945,-4.551769409260976,-0.6931471805599453
229082,110371,2022-09-01 00:00:00,16,0.4102564102564102,0,-1.6734450103083784,2.4099934596422123,-2.9245047642656234,-1.227281001973564,-1.6443910482303532,2.2537367875995624,-0.6931471805599453
229082,165058,2022-09-01 00:00:00,15,0.3846153846153846,0,-1.6734450103083784,2.4099934596422123,-2.9245047642656234,0.997673518221535,1.041638532550493,-2.954574201060484,5.850284933645202
229082,91605,2022-09-01 00:00:00,15,0.3846153846153846,0,-1.6734450103083784,2.4099934596422123,-2.9245047642656234,-0.2386460283321654,-1.1694933084436605,2.7767467323884447,3.245193133185574
229082,60377,2022-09-01 00:00:00,15,0.3846153846153846,0,-1.6734450103083784,2.4099934596422123,-2.9245047642656234,-0.307862865369011,0.0840662549190352,0.8171769037034959,0.3364722366212125
229082,133649,2022-09-01 00:00:00,15,0.3846153846153846,0,-1.6734450103083784,2.4099934596422123,-2.9245047642656234,1.1096378426411022,0.9104771005819924,-0.9351592161785374,0.6931471805599453
49469,91574,2022-09-01 00:00:00,23,0.3833333333333333,0,-1.1818963361048362,1.91844478543867,-2.3393990661167625,0.9802120620358684,0.6859845497560761,-1.964444799272136,-0.1518060128680041
49469,141199,2022-09-01 00:00:00,20,0.3333333333333333,0,-1.1818963361048362,1.91844478543867,-2.3393990661167625,0.983532041608272,0.4710298509593092,-0.2902828541518385,2.0656100625313742
49469,135038,2022-09-01 00:00:00,20,0.3333333333333333,0,-1.1818963361048362,1.91844478543867,-2.3393990661167625,1.3077494923721014,1.402320555645795,-4.189654742026425,0.5260930958967793
49469,59767,2022-09-01 00:00:00,20,0.3333333333333333,0,-1.1818963361048362,1.91844478543867,-2.3393990661167625,0.407874242659896,0.0914113422150661,-1.1576264601051651,-0.5784842722398054
49469,1734,2022-09-01 00:00:00,19,0.3166666666666666,0,-1.1818963361048362,1.91844478543867,-2.3393990661167625,0.2909400934362832,0.3147258023814206,-0.3663623820944215,1.178076460022356
49469,124339,2022-09-01 00:00:00,19,0.3166666666666666,0,-1.1818963361048362,1.91844478543867,-2.3393990661167625,1.878950535410369,1.1831575973514237,-3.7727609380946383,2.8233610476132047
49469,140769,2022-09-01 00:00:00,19,0.3166666666666666,0,-1.1818963361048362,1.91844478543867,-2.3393990661167625,1.6885501877309466,0.716249736752308,-4.37994112818286,0.0
293696,2142911275,2022-09-02 00:00:00,656,0.8677248677248677,1,0.5266315040191797,0.4080220995087201,-0.9223330463301184,-2.743835045516022,0.1124592562421291,-0.2450114529932427,0.2713881502855617
293696,2122437132,2022-09-02 00:00:00,651,0.8611111111111112,1,0.5266315040191797,0.4080220995087201,-0.9223330463301184,-2.713182379953468,0.1277725636226114,-0.2816230444316865,0.2636826347623682
293696,2142884713,2022-09-02 00:00:00,651,0.8611111111111112,1,0.5266315040191797,0.4080220995087201,-0.9223330463301184,-2.735688983475439,0.1177964546444316,-0.2794762759961653,0.245458536006236
293696,2142869226,2022-09-02 00:00:00,650,0.8597883597883598,1,0.5266315040191797,0.4080220995087201,-0.9223330463301184,-2.728507133811523,0.1506896794933907,-0.2956019535284397,0.1439160674849677
293696,2123493281,2022-09-02 00:00:00,650,0.8597883597883598,1,0.5266315040191797,0.4080220995087201,-0.9223330463301184,-2.739567560773185,0.1518726770002856,-0.3206865171578297,0.0817546838864249
293696,2143015613,2022-09-02 00:00:00,648,0.8571428571428571,1,0.5266315040191797,0.4080220995087201,-0.9223330463301184,-2.7271824478847413,0.1228282324978771,-0.2596692189427099,0.2864536396656625
293696,2142870385,2022-09-02 00:00:00,648,0.8571428571428571,1,0.5266315040191797,0.4080220995087201,-0.9223330463301184,-2.691358065131786,0.1300339041640774,-0.2787820791950484,0.2820920043350163
293696,2142878670,2022-09-02 00:00:00,646,0.8544973544973545,1,0.5266315040191797,0.4080220995087201,-0.9223330463301184,-2.7018952718842804,0.1763392575199005,-0.3292578985423127,0.2396170978195826
293696,2122514680,2022-09-02 00:00:00,646,0.8544973544973545,1,0.5266315040191797,0.4080220995087201,-0.9223330463301184,-2.737624677058262,0.1186374203713049,-0.2356383391562779,0.2305632429760145
132051,43547,2022-09-03 00:00:00,15,0.46875,0,-1.11867113405783,1.855219583391664,-2.2512917986064958,-0.9378238374625152,-1.0068063679976018,1.1029041407496507,-1.0986122886681098
132051,92480,2022-09-03 00:00:00,14,0.4375,0,-1.11867113405783,1.855219583391664,-2.2512917986064958,0.4522669571564041,-0.377997563813273,3.2170559881512144,0.0
132051,138610,2022-09-03 00:00:00,14,0.4375,0,-1.11867113405783,1.855219583391664,-2.2512917986064958,1.3388033729415207,1.2209907078550883,-3.623006709963229,-5.402677381872279
132051,105640,2022-09-03 00:00:00,14,0.4375,0,-1.11867113405783,1.855219583391664,-2.2512917986064958,1.2834841578565692,1.927669587487435,-3.820455811902656,-0.6931471805599453
132051,1849,2022-09-03 00:00:00,14,0.4375,0,-1.11867113405783,1.855219583391664,-2.2512917986064958,0.694153339350287,0.1082994969810142,1.0360919316867756,-1.0986122886681098
478566254,81044,2022-09-03 00:00:00,9,0.2727272727272727,0,,,2.079441541679836,1.3297573062634782,0.1478555983282521,-0.3513978868378888,-0.6931471805599453
478566254,108109,2022-09-03 00:00:00,9,0.2727272727272727,0,,,2.079441541679836,0.9023332656378898,-0.7997997404763072,0.6418538861723944,-1.6094379124341005
478566254,84747,2022-09-03 00:00:00,9,0.2727272727272727,0,,,2.079441541679836,-0.887644058342299,-1.99232233128793,3.1717842173343507,5.996452088619021
478566254,145986,2022-09-03 00:00:00,9,0.2727272727272727,0,,,2.079441541679836,-0.3687299887082914,-0.3125011977877087,-0.2490404079717967,-0.6931471805599453
234605,110379,2022-09-03 00:00:00,13,0.4814814814814814,0,-1.4480831041985684,2.75583259657067,-3.2538138762294806,1.1540288345116403,1.4045035264605863,-4.57312367658281,3.6243409329763647
234605,108219,2022-09-03 00:00:00,13,0.4814814814814814,0,-1.4480831041985684,2.75583259657067,-3.2538138762294806,1.3077494923721014,0.9351256761738368,-4.193974403170942,4.628235458919087
234605,202183,2022-09-03 00:00:00,13,0.4814814814814814,0,-1.4480831041985684,2.75583259657067,-3.2538138762294806,0.2240121857268179,0.400674684883116,-0.2817823503245931,0.0
234605,253398,2022-09-03 00:00:00,12,0.4444444444444444,0,-1.4480831041985684,2.75583259657067,-3.2538138762294806,-1.0832798012812568,-1.993382711587568,4.005057871395335,0.0
234605,124339,2022-09-03 00:00:00,12,0.4444444444444444,0,-1.4480831041985684,2.75583259657067,-3.2538138762294806,1.878950535410369,1.7951141516645794,-3.295836866004329,2.3877429013343527
220061,49935,2022-09-03 00:00:00,14,0.3783783783783784,0,-1.11867113405783,2.4264206264299317,-2.1335087629501115,0.9661259405796392,0.4240340539082159,-2.132192107065365,-0.6931471805599453
220061,50149,2022-09-03 00:00:00,14,0.3783783783783784,0,-1.11867113405783,2.4264206264299317,-2.1335087629501115,1.0003081766511794,1.2610400913921092,-4.06044301054642,2.2380465718564744
220061,93852,2022-09-03 00:00:00,13,0.3513513513513513,0,-1.11867113405783,2.4264206264299317,-2.1335087629501115,1.3352592597363226,0.4050531206748472,0.0741079721537216,0.0
297402,2143015613,2022-09-04 00:00:00,645,0.8728010825439784,1,0.7226320347575402,0.7569091956398689,-2.9106329430359867,-2.754256331842059,0.0707207188259402,-0.2056577293591051,0.1220311304051442
297402,2142926031,2022-09-04 00:00:00,644,0.871447902571042,1,0.7226320347575402,0.7569091956398689,-2.9106329430359867,-2.762237836089919,0.0703162531571663,-0.1986563719440912,0.1371884691953901
297402,2129632899,2022-09-04 00:00:00,642,0.8687415426251691,1,0.7226320347575402,0.7569091956398689,-2.9106329430359867,-2.7233390651224703,0.1222018046747583,-0.2495464624897643,0.1468462852513781
297402,2122437132,2022-09-04 00:00:00,642,0.8687415426251691,1,0.7226320347575402,0.7569091956398689,-2.9106329430359867,-2.7439188201021065,0.0744258805884254,-0.2164570948121884,0.0907237725829936
297402,2122725237,2022-09-04 00:00:00,642,0.8687415426251691,1,0.7226320347575402,0.7569091956398689,-2.9106329430359867,-2.7276234444808583,0.1073343201873928,-0.2511850370663886,0.0880609094031523
297402,2142865506,2022-09-04 00:00:00,642,0.8687415426251691,1,0.7226320347575402,0.7569091956398689,-2.9106329430359867,-2.770633537842732,0.1366897897931478,-0.2656137417453674,0.0995405924822794
297402,2142869226,2022-09-04 00:00:00,642,0.8687415426251691,1,0.7226320347575402,0.7569091956398689,-2.9106329430359867,-2.7621282098150792,0.0966559239727429,-0.2370130586986416,-0.0449633258800776
297402,2122399466,2022-09-04 00:00:00,641,0.8673883626522327,1,0.7226320347575402,0.7569091956398689,-2.9106329430359867,-3.358011961640705,-0.0129997161598884,-0.047140786652406,1.2849647876095671
297402,2142870385,2022-09-04 00:00:00,640,0.8660351826792964,1,0.7226320347575402,0.7569091956398689,-2.9106329430359867,-2.7114921592715406,0.100511867344756,-0.2470110327208523,0.1181281391124127
124745,283283,2022-09-04 00:00:00,8,0.3076923076923077,0,,,2.079441541679836,0.5138539467070743,-0.1489654954477846,0.8918178753554296,-0.4054651081081645
124745,96706,2022-09-04 00:00:00,8,0.3076923076923077,0,,,2.079441541679836,1.7856658037517463,1.7890968049568332,-4.401284451278295,0.8690378470236095
124745,2571,2022-09-04 00:00:00,7,0.2692307692307692,0,,,2.079441541679836,0.1679891554534897,0.0227066526915036,0.8305772136001259,0.6931471805599453
124745,66575,2022-09-04 00:00:00,7,0.2692307692307692,0,,,2.079441541679836,1.1173491446926789,0.8909746379047763,-1.9042374526547452,-0.4054651081081645
124745,265079,2022-09-04 00:00:00,7,0.2692307692307692,0,,,2.079441541679836,-0.1597356654219358,-0.964094020046536,2.5822808138131768,-0.6931471805599453
124745,108106,2022-09-04 00:00:00,7,0.2692307692307692,0,,,2.079441541679836,0.4079784917598387,-0.1633919929528384,0.2654364635044617,0.0
124745,108107,2022-09-04 00:00:00,7,0.2692307692307692,0,,,2.079441541679836,-0.0011259220036191,-0.8199549975483621,1.648658625587382,0.0
124745,209411,2022-09-04 00:00:00,7,0.2692307692307692,0,,,2.079441541679836,-0.5715301093820342,-1.320142717159463,3.1531244473054203,-1.2992829841302609
83671,81044,2022-09-04 00:00:00,11,0.4583333333333333,0,-1.1077561544588674,1.844304603792701,-2.2380465718564744,1.3297573062634782,0.1478555983282521,-0.3513978868378888,3.6243409329763647
83671,165058,2022-09-04 00:00:00,11,0.4583333333333333,0,-1.1077561544588674,1.844304603792701,-2.2380465718564744,0.997673518221535,0.775690747518016,-2.8217628372682206,5.285738584341177
83671,90204,2022-09-04 00:00:00,11,0.4583333333333333,0,-1.1077561544588674,1.844304603792701,-2.2380465718564744,0.9736183018219032,-0.0824356216764474,-0.2876820724517808,-0.2876820724517808
83671,108219,2022-09-04 00:00:00,10,0.4166666666666667,0,-1.1077561544588674,1.844304603792701,-2.2380465718564744,1.3077494923721014,0.9351256761738368,-4.193974403170942,4.628235458919087
83671,146007,2022-09-04 00:00:00,10,0.4166666666666667,0,-1.1077561544588674,1.844304603792701,-2.2380465718564744,1.0003081766511794,0.2394440894862092,-0.6613984822453651,5.675040005790547
42547,168623,2022-09-05 00:00:00,147,0.5464684014869888,1,-0.1834495624820575,0.8912084271802966,-1.066492739245997,1.0172990544377305,0.8267123710431097,-1.2402628057311365,-0.2673147696273474
42547,6967,2022-09-05 00:00:00,144,0.5353159851301115,1,-0.1834495624820575,0.8912084271802966,-1.066492739245997,0.5158039813524351,0.1948325039930812,-0.9055667685111796,-0.0408219945202548
42547,7576,2022-09-05 00:00:00,142,0.5278810408921933,1,-0.1834495624820575,0.8912084271802966,-1.066492739245997,0.7348352053945769,0.8663961095233841,-1.1509802741854251,-0.077961541469711
42547,41884,2022-09-05 00:00:00,142,0.5278810408921933,1,-0.1834495624820575,0.8912084271802966,-1.066492739245997,0.5437459184135048,0.7649946645808903,-1.138054020719407,0.0217399866364065
42547,9003,2022-09-05 00:00:00,142,0.5278810408921933,1,-0.1834495624820575,0.8912084271802966,-1.066492739245997,0.3706516676471438,0.6525012577582173,-0.9403239313183116,0.1105418743998232
42547,22814,2022-09-05 00:00:00,142,0.5278810408921933,1,-0.1834495624820575,0.8912084271802966,-1.066492739245997,0.4940452152559665,0.3852854245880205,-0.8249505616952071,0.0392207131532806
42547,267860,2022-09-05 00:00:00,139,0.516728624535316,1,-0.1834495624820575,0.8912084271802966,-1.066492739245997,0.2909677844171423,0.5598796025113921,-1.1793477570205466,-0.0434851119397388
42547,920,2022-09-05 00:00:00,139,0.516728624535316,1,-0.1834495624820575,0.8912084271802966,-1.066492739245997,0.7669998658766465,0.8105542293881336,-1.1995042364050592,0.3373273029409462
42547,510,2022-09-05 00:00:00,138,0.5130111524163569,1,-0.1834495624820575,0.8912084271802966,-1.066492739245997,-2.153136348795529,-0.7103155979144509,0.6962628211869433,0.9658575951117596
194949,42623,2022-09-05 00:00:00,155,0.6512605042016807,1,0.0948279140436468,0.4800199861671523,-1.1895840668738362,0.6058960005286066,0.3730885747798627,-1.0453037352136023,-0.0870113769896292
194949,7576,2022-09-05 00:00:00,146,0.6134453781512605,1,0.0948279140436468,0.4800199861671523,-1.1895840668738362,0.7348352053945769,0.8663961095233841,-1.1509802741854251,-0.077961541469711
194949,2931,2022-09-05 00:00:00,145,0.6092436974789915,1,0.0948279140436468,0.4800199861671523,-1.1895840668738362,-0.3756745897293249,0.2508353260221468,-0.3913005653395132,-0.1368832070298022
194949,16090,2022-09-05 00:00:00,145,0.6092436974789915,1,0.0948279140436468,0.4800199861671523,-1.1895840668738362,1.0277981299758367,0.7906590351288323,-1.2819343457956478,0.0277795641070754
194949,41884,2022-09-05 00:00:00,144,0.6050420168067226,1,0.0948279140436468,0.4800199861671523,-1.1895840668738362,0.5437459184135048,0.7649946645808903,-1.138054020719407,0.0217399866364065
194949,42986,2022-09-05 00:00:00,144,0.6050420168067226,1,0.0948279140436468,0.4800199861671523,-1.1895840668738362,0.6084736198721622,0.0126834209096379,-1.3557109377478105,-0.026317308317374
194949,349531,2022-09-05 00:00:00,139,0.5840336134453782,1,0.0948279140436468,0.4800199861671523,-1.1895840668738362,0.5389561639727166,0.7349550116067809,-1.1157067220274095,0.3764775712349113
194949,1576,2022-09-05 00:00:00,138,0.5798319327731093,1,0.0948279140436468,0.4800199861671523,-1.1895840668738362,-0.2811722123101452,0.3414352976789542,-0.3100267149566544,0.3910951678252115
168623,42547,2022-09-05 00:00:00,147,0.506896551724138,1,0.1905866833946206,0.8267123710431097,-1.2402628057311365,0.707758864698239,0.8912084271802966,-1.066492739245997,-0.0129034048359075
168623,9003,2022-09-05 00:00:00,135,0.4655172413793103,0,0.1905866833946206,0.8267123710431097,-1.2402628057311365,0.3706516676471438,0.6525012577582173,-0.9403239313183116,0.1105418743998232
168623,1479,2022-09-05 00:00:00,132,0.4551724137931034,0,0.1905866833946206,0.8267123710431097,-1.2402628057311365,0.2852397043387613,0.2298306359006846,-0.4760826753221172,2.688527534613346
168623,7576,2022-09-05 00:00:00,131,0.4517241379310345,0,0.1905866833946206,0.8267123710431097,-1.2402628057311365,0.7348352053945769,0.8663961095233841,-1.1509802741854251,-0.077961541469711
168623,267860,2022-09-05 00:00:00,131,0.4517241379310345,0,0.1905866833946206,0.8267123710431097,-1.2402628057311365,0.2909677844171423,0.5598796025113921,-1.1793477570205466,-0.0434851119397388
168623,510,2022-09-05 00:00:00,127,0.4379310344827586,0,0.1905866833946206,0.8267123710431097,-1.2402628057311365,-2.153136348795529,-0.7103155979144509,0.6962628211869433,0.9658575951117596
168623,6967,2022-09-05 00:00:00,127,0.4379310344827586,0,0.1905866833946206,0.8267123710431097,-1.2402628057311365,0.5158039813524351,0.1948325039930812,-0.9055667685111796,-0.0408219945202548
349532,349531,2022-09-05 00:00:00,133,0.8109756097560976,1,-0.0909997752186917,0.6916456587878236,-1.0426536350200646,0.5389561639727166,0.7349550116067809,-1.1157067220274095,0.3764775712349113
349532,6967,2022-09-05 00:00:00,131,0.7987804878048781,1,-0.0909997752186917,0.6916456587878236,-1.0426536350200646,0.5158039813524351,0.1948325039930812,-0.9055667685111796,-0.0408219945202548
349532,22814,2022-09-05 00:00:00,130,0.7926829268292683,1,-0.0909997752186917,0.6916456587878236,-1.0426536350200646,0.4940452152559665,0.3852854245880205,-0.8249505616952071,0.0392207131532806
349532,7576,2022-09-05 00:00:00,128,0.7804878048780488,1,-0.0909997752186917,0.6916456587878236,-1.0426536350200646,0.7348352053945769,0.8663961095233841,-1.1509802741854251,-0.077961541469711
349532,510,2022-09-05 00:00:00,127,0.774390243902439,1,-0.0909997752186917,0.6916456587878236,-1.0426536350200646,-2.153136348795529,-0.7103155979144509,0.6962628211869433,0.9658575951117596
349532,17746,2022-09-05 00:00:00,126,0.7682926829268293,1,-0.0909997752186917,0.6916456587878236,-1.0426536350200646,0.6530626476671212,0.7539363930573746,-1.145600798104029,-0.0699585886069105
349532,7997,2022-09-05 00:00:00,125,0.7621951219512195,1,-0.0909997752186917,0.6916456587878236,-1.0426536350200646,0.4390409959312036,0.5692253448539718,-1.393996581481983,-0.7667589979031915
349532,478,2022-09-05 00:00:00,125,0.7621951219512195,1,-0.0909997752186917,0.6916456587878236,-1.0426536350200646,1.0510334834623776,1.200042102443749,-1.2454725352326887,-0.4187103348581855
349532,507,2022-09-05 00:00:00,124,0.7560975609756098,1,-0.0909997752186917,0.6916456587878236,-1.0426536350200646,0.6359178650126277,0.7726926190997925,-1.2629153399593864,-0.231801614057324
42623,41884,2022-09-05 00:00:00,158,0.6899563318777293,1,0.2328074257487438,0.3730885747798627,-1.0453037352136023,0.5437459184135048,0.7649946645808903,-1.138054020719407,0.0217399866364065
42623,194949,2022-09-05 00:00:00,155,0.6768558951965066,1,0.2328074257487438,0.3730885747798627,-1.0453037352136023,0.5748479002107992,0.4800199861671523,-1.1895840668738362,-0.1419702612703872
42623,7576,2022-09-05 00:00:00,146,0.6375545851528385,1,0.2328074257487438,0.3730885747798627,-1.0453037352136023,0.7348352053945769,0.8663961095233841,-1.1509802741854251,-0.077961541469711
42623,42986,2022-09-05 00:00:00,145,0.6331877729257642,1,0.2328074257487438,0.3730885747798627,-1.0453037352136023,0.6084736198721622,0.0126834209096379,-1.3557109377478105,-0.026317308317374
42623,39923,2022-09-05 00:00:00,143,0.6244541484716157,1,0.2328074257487438,0.3730885747798627,-1.0453037352136023,0.6146981432215718,0.8559224881911173,-1.1075809586508705,0.0870113769896292
42623,16090,2022-09-05 00:00:00,143,0.6244541484716157,1,0.2328074257487438,0.3730885747798627,-1.0453037352136023,1.0277981299758367,0.7906590351288323,-1.2819343457956478,0.0277795641070754
42623,6967,2022-09-05 00:00:00,143,0.6244541484716157,1,0.2328074257487438,0.3730885747798627,-1.0453037352136023,0.5158039813524351,0.1948325039930812,-0.9055667685111796,-0.0408219945202548
42623,2931,2022-09-05 00:00:00,141,0.6157205240174672,1,0.2328074257487438,0.3730885747798627,-1.0453037352136023,-0.3756745897293249,0.2508353260221468,-0.3913005653395132,-0.1368832070298022
42986,41884,2022-09-05 00:00:00,147,0.6774193548387096,1,0.5957901989625243,0.0126834209096379,-1.3557109377478105,0.5437459184135048,0.7649946645808903,-1.138054020719407,0.0217399866364065
42986,42623,2022-09-05 00:00:00,145,0.6682027649769585,1,0.5957901989625243,0.0126834209096379,-1.3557109377478105,0.6058960005286066,0.3730885747798627,-1.0453037352136023,-0.0870113769896292
42986,194949,2022-09-05 00:00:00,144,0.663594470046083,1,0.5957901989625243,0.0126834209096379,-1.3557109377478105,0.5748479002107992,0.4800199861671523,-1.1895840668738362,-0.1419702612703872
42986,16090,2022-09-05 00:00:00,144,0.663594470046083,1,0.5957901989625243,0.0126834209096379,-1.3557109377478105,1.0277981299758367,0.7906590351288323,-1.2819343457956478,0.0277795641070754
42986,2931,2022-09-05 00:00:00,135,0.6221198156682027,1,0.5957901989625243,0.0126834209096379,-1.3557109377478105,-0.3756745897293249,0.2508353260221468,-0.3913005653395132,-0.1368832070298022
42986,7576,2022-09-05 00:00:00,131,0.6036866359447005,1,0.5957901989625243,0.0126834209096379,-1.3557109377478105,0.7348352053945769,0.8663961095233841,-1.1509802741854251,-0.077961541469711
42986,6967,2022-09-05 00:00:00,131,0.6036866359447005,1,0.5957901989625243,0.0126834209096379,-1.3557109377478105,0.5158039813524351,0.1948325039930812,-0.9055667685111796,-0.0408219945202548
398506229,397995320,2022-09-05 00:00:00,164,0.131621187800963,0,-0.2921532353900308,0.8425318889803131,-1.529132703118421,0.2639214455845827,0.2687624147485455,-0.8849402019900792,1.0145373963931057
398506229,358263,2022-09-05 00:00:00,144,0.1155698234349919,0,-0.2921532353900308,0.8425318889803131,-1.529132703118421,-1.511344217051467,0.0196901428114926,0.0810007063508626,-0.1578712390645158
41558,7576,2022-09-05 00:00:00,142,0.7717391304347826,1,-0.1862860148872634,0.6460910767623376,-1.1311114560610642,0.7348352053945769,0.8663961095233841,-1.1509802741854251,-0.077961541469711
41558,349531,2022-09-05 00:00:00,140,0.7608695652173914,1,-0.1862860148872634,0.6460910767623376,-1.1311114560610642,0.5389561639727166,0.7349550116067809,-1.1157067220274095,0.3764775712349113
41558,22814,2022-09-05 00:00:00,138,0.75,1,-0.1862860148872634,0.6460910767623376,-1.1311114560610642,0.4940452152559665,0.3852854245880205,-0.8249505616952071,0.0392207131532806
41558,6967,2022-09-05 00:00:00,136,0.7391304347826086,1,-0.1862860148872634,0.6460910767623376,-1.1311114560610642,0.5158039813524351,0.1948325039930812,-0.9055667685111796,-0.0408219945202548
41558,39923,2022-09-05 00:00:00,136,0.7391304347826086,1,-0.1862860148872634,0.6460910767623376,-1.1311114560610642,0.6146981432215718,0.8559224881911173,-1.1075809586508705,0.0870113769896292
41558,17746,2022-09-05 00:00:00,135,0.7336956521739131,1,-0.1862860148872634,0.6460910767623376,-1.1311114560610642,0.6530626476671212,0.7539363930573746,-1.145600798104029,-0.0699585886069105
41558,1479,2022-09-05 00:00:00,135,0.7336956521739131,1,-0.1862860148872634,0.6460910767623376,-1.1311114560610642,0.2852397043387613,0.2298306359006846,-0.4760826753221172,2.688527534613346
41558,510,2022-09-05 00:00:00,135,0.7336956521739131,1,-0.1862860148872634,0.6460910767623376,-1.1311114560610642,-2.153136348795529,-0.7103155979144509,0.6962628211869433,0.9658575951117596
41558,9007,2022-09-05 00:00:00,135,0.7336956521739131,1,-0.1862860148872634,0.6460910767623376,-1.1311114560610642,0.8083015374064774,0.999198749357558,-1.3516088031320006,-0.0118344576470033
267861,7576,2022-09-05 00:00:00,140,0.8,1,-0.0336751160212995,0.7808808282213487,-1.2289741065313535,0.7348352053945769,0.8663961095233841,-1.1509802741854251,-0.077961541469711
267861,1479,2022-09-05 00:00:00,138,0.7885714285714286,1,-0.0336751160212995,0.7808808282213487,-1.2289741065313535,0.2852397043387613,0.2298306359006846,-0.4760826753221172,2.688527534613346
267861,1576,2022-09-05 00:00:00,137,0.7828571428571428,1,-0.0336751160212995,0.7808808282213487,-1.2289741065313535,-0.2811722123101452,0.3414352976789542,-0.3100267149566544,0.3910951678252115
267861,6967,2022-09-05 00:00:00,137,0.7828571428571428,1,-0.0336751160212995,0.7808808282213487,-1.2289741065313535,0.5158039813524351,0.1948325039930812,-0.9055667685111796,-0.0408219945202548
267861,39923,2022-09-05 00:00:00,136,0.7771428571428571,1,-0.0336751160212995,0.7808808282213487,-1.2289741065313535,0.6146981432215718,0.8559224881911173,-1.1075809586508705,0.0870113769896292
267861,349531,2022-09-05 00:00:00,135,0.7714285714285715,1,-0.0336751160212995,0.7808808282213487,-1.2289741065313535,0.5389561639727166,0.7349550116067809,-1.1157067220274095,0.3764775712349113
267861,507,2022-09-05 00:00:00,134,0.7657142857142857,1,-0.0336751160212995,0.7808808282213487,-1.2289741065313535,0.6359178650126277,0.7726926190997925,-1.2629153399593864,-0.231801614057324
267861,267859,2022-09-05 00:00:00,133,0.76,1,-0.0336751160212995,0.7808808282213487,-1.2289741065313535,0.2315563846918648,0.4044820563108258,-1.1241455906732742,0.0487901641694321
41884,42623,2022-09-05 00:00:00,158,0.2925925925925925,0,-0.2212487461673854,0.7649946645808903,-1.138054020719407,0.6058960005286066,0.3730885747798627,-1.0453037352136023,-0.0870113769896292
41884,2931,2022-09-05 00:00:00,148,0.2740740740740741,0,-0.2212487461673854,0.7649946645808903,-1.138054020719407,-0.3756745897293249,0.2508353260221468,-0.3913005653395132,-0.1368832070298022
41884,42986,2022-09-05 00:00:00,147,0.2722222222222222,0,-0.2212487461673854,0.7649946645808903,-1.138054020719407,0.6084736198721622,0.0126834209096379,-1.3557109377478105,-0.026317308317374
41884,194949,2022-09-05 00:00:00,144,0.2666666666666666,0,-0.2212487461673854,0.7649946645808903,-1.138054020719407,0.5748479002107992,0.4800199861671523,-1.1895840668738362,-0.1419702612703872
41884,7576,2022-09-05 00:00:00,143,0.2648148148148148,0,-0.2212487461673854,0.7649946645808903,-1.138054020719407,0.7348352053945769,0.8663961095233841,-1.1509802741854251,-0.077961541469711
41884,42547,2022-09-05 00:00:00,142,0.2629629629629629,0,-0.2212487461673854,0.7649946645808903,-1.138054020719407,0.707758864698239,0.8912084271802966,-1.066492739245997,-0.0129034048359075
41884,267860,2022-09-05 00:00:00,142,0.2629629629629629,0,-0.2212487461673854,0.7649946645808903,-1.138054020719407,0.2909677844171423,0.5598796025113921,-1.1793477570205466,-0.0434851119397388
41884,22814,2022-09-05 00:00:00,141,0.2611111111111111,0,-0.2212487461673854,0.7649946645808903,-1.138054020719407,0.4940452152559665,0.3852854245880205,-0.8249505616952071,0.0392207131532806
42370,55287,2022-09-06 00:00:00,17,0.293103448275862,0,,,2.302585092994046,0.4672705155075982,0.4422640114778908,0.7400641003476967,0.0
42370,148216,2022-09-06 00:00:00,16,0.2758620689655172,0,,,2.302585092994046,1.5028753243251216,0.4751527007101439,-0.7282385003712157,0.2876820724517808
42370,89303,2022-09-06 00:00:00,16,0.2758620689655172,0,,,2.302585092994046,-0.3356461587792312,-0.8137162344408845,1.3095605668885009,5.0238805208462765
42370,138781,2022-09-06 00:00:00,15,0.2586206896551724,0,,,2.302585092994046,-0.0141076832139244,-0.1859439552068686,1.2110902720948,-1.0986122886681098
42370,138610,2022-09-06 00:00:00,15,0.2586206896551724,0,,,2.302585092994046,1.3491546664646603,0.1566956674879047,0.060624621816435,-0.3920420877760238
42370,89301,2022-09-06 00:00:00,15,0.2586206896551724,0,,,2.302585092994046,0.2240790635810119,-0.5707333533299532,2.1679949390212814,-1.5040773967762742
589778473,163124,2022-09-06 00:00:00,12,0.4615384615384615,0,,,2.19722457733622,-0.382680934993952,-1.5233648320909543,2.610886452648563,4.50534985070588
589778473,2575,2022-09-06 00:00:00,12,0.4615384615384615,0,,,2.19722457733622,0.81298464475388,1.121786449768155,-2.544597128612638,0.5108256237659905
589778473,157193,2022-09-06 00:00:00,12,0.4615384615384615,0,,,2.19722457733622,1.07716850558141,0.7389661881469293,-3.2188758248682,4.285882774120979
589778473,2762,2022-09-06 00:00:00,12,0.4615384615384615,0,,,2.19722457733622,-0.5273027332940963,0.0299996630479528,-1.033817126954255,-0.2317272950056015
589778473,50232,2022-09-06 00:00:00,12,0.4615384615384615,0,,,2.19722457733622,-0.6839445066401866,0.3367290307346322,-1.439631335534289,7.053585727193677
589778473,387540,2022-09-06 00:00:00,11,0.4230769230769231,0,,,2.19722457733622,-2.049195330130656,-1.4622653431930384,1.6080057603812232,3.232121051618221
589778473,310511,2022-09-06 00:00:00,11,0.4230769230769231,0,,,2.19722457733622,0.9519122204416895,-0.2268277444975385,0.0,-0.4054651081081645
589778473,253399,2022-09-06 00:00:00,11,0.4230769230769231,0,,,2.19722457733622,1.1540288345116403,1.6408965835349882,-3.281489417596188,6.61338421837956
187715939,105972,2022-09-06 00:00:00,13,0.3513513513513513,0,,,2.19722457733622,-0.1299153208041507,-1.4625079176317877,2.3978952727983707,0.0
187715939,99544,2022-09-06 00:00:00,13,0.3513513513513513,0,,,2.19722457733622,1.500959882144033,1.386492015548498,-3.984860329380413,-0.4054651081081645
187715939,106825,2022-09-06 00:00:00,13,0.3513513513513513,0,,,2.19722457733622,0.1905022525921769,0.6735000722374229,-2.523586433717255,2.2643638801738484
187715939,2571,2022-09-06 00:00:00,13,0.3513513513513513,0,,,2.19722457733622,0.1679891554534897,-0.4325666989882448,2.253239218890891,0.6931471805599453
187715939,124479,2022-09-06 00:00:00,13,0.3513513513513513,0,,,2.19722457733622,-0.0640033583740828,-0.2652316300359016,-1.5632250692789684,-0.4054651081081645
187715939,106106,2022-09-06 00:00:00,12,0.3243243243243243,0,,,2.19722457733622,1.0560539234983508,0.544653340962071,-3.0738500528179435,5.231108616854587
64465,206631,2022-09-06 00:00:00,266,0.5635593220338984,1,1.0100896185424932,0.1868385721378562,-0.2231435513142097,-1.5738585176101492,0.2417847948328102,-0.2133474667326584,-0.0828926199140971
64465,780,2022-09-06 00:00:00,124,0.2627118644067797,0,1.0100896185424932,0.1868385721378562,-0.2231435513142097,1.784406934950578,0.8100094951778226,-2.1000608288825715,0.502091943797236
64465,816,2022-09-06 00:00:00,123,0.2605932203389831,0,1.0100896185424932,0.1868385721378562,-0.2231435513142097,0.8870688033748789,1.351458679928118,-1.5439233053234735,-0.9013650816574792
64465,902,2022-09-06 00:00:00,122,0.2584745762711864,0,1.0100896185424932,0.1868385721378562,-0.2231435513142097,1.1095480353626666,1.0865270005245653,-1.436938093938645,0.0237888619640145
64465,865,2022-09-06 00:00:00,120,0.2542372881355932,0,1.0100896185424932,0.1868385721378562,-0.2231435513142097,1.878950535410369,0.4543652881516626,-1.6094379124341005,0.4259037757854385
64465,825,2022-09-06 00:00:00,119,0.2521186440677966,0,1.0100896185424932,0.1868385721378562,-0.2231435513142097,1.71188494013527,1.416121526185932,-2.724579503053421,0.693147180559945
64465,833,2022-09-06 00:00:00,118,0.25,0,1.0100896185424932,0.1868385721378562,-0.2231435513142097,2.2632818216262014,0.1105049234498087,-0.4660897299245992,2.0255983096590127
64465,777,2022-09-06 00:00:00,118,0.25,0,1.0100896185424932,0.1868385721378562,-0.2231435513142097,0.985225673789918,-0.6586247292721417,0.3184537311185349,1.7266201670570935
64465,802,2022-09-06 00:00:00,118,0.25,0,1.0100896185424932,0.1868385721378562,-0.2231435513142097,1.656196408376904,0.7957003339577023,-2.751535313041949,1.3862943611198904
64465,808,2022-09-06 00:00:00,117,0.2478813559322034,0,1.0100896185424932,0.1868385721378562,-0.2231435513142097,1.4045008395031535,0.2327439420231509,-0.3677247801253172,0.4424536774775047
48928,2142870385,2022-09-06 00:00:00,693,0.84,1,0.809334416244982,0.22557664347207,-2.5389738710582765,-2.737892723108984,0.0360593219841622,-0.1874847152443752,0.0441351516341672
48928,2142911275,2022-09-06 00:00:00,691,0.8375757575757575,1,0.809334416244982,0.22557664347207,-2.5389738710582765,-2.79293577195782,0.0132745554250468,-0.1421992101740734,0.0721473033193653
48928,2142865418,2022-09-06 00:00:00,691,0.8375757575757575,1,0.809334416244982,0.22557664347207,-2.5389738710582765,-2.7818149140581334,0.0110021760658427,-0.1729759798107242,-0.0344135082538965
48928,2122397525,2022-09-06 00:00:00,691,0.8375757575757575,1,0.809334416244982,0.22557664347207,-2.5389738710582765,-2.745457253826584,0.0426080344016943,-0.2640556134261587,0.0757985673023302
48928,2142869398,2022-09-06 00:00:00,691,0.8375757575757575,1,0.809334416244982,0.22557664347207,-2.5389738710582765,-2.761622913876088,0.070515928931325,-0.2335266254273111,0.0441578679358212
48928,2142865506,2022-09-06 00:00:00,690,0.8363636363636363,1,0.809334416244982,0.22557664347207,-2.5389738710582765,-2.7807246865864186,0.084660903354627,-0.2158402639300654,0.0646491241862534
48928,2142869226,2022-09-06 00:00:00,690,0.8363636363636363,1,0.809334416244982,0.22557664347207,-2.5389738710582765,-2.8026035752326286,0.0076912588351358,-0.1475501077970591,-0.0765506775855744
48928,2122450336,2022-09-06 00:00:00,690,0.8363636363636363,1,0.809334416244982,0.22557664347207,-2.5389738710582765,-2.753018209661032,0.0408142720939355,-0.1675290450516744,0.0688716079204407
170045,140793,2022-09-07 00:00:00,17,0.4594594594594595,0,,,2.079441541679836,1.6504701181950618,2.295267581435988,-4.551769409260976,0.0
170045,91620,2022-09-07 00:00:00,16,0.4324324324324324,0,,,2.079441541679836,1.3077494923721014,1.463470699501468,-4.477336814478206,3.6635616461296463
170045,91574,2022-09-07 00:00:00,16,0.4324324324324324,0,,,2.079441541679836,0.7596666351341388,0.0063539510383835,0.7677158760574541,0.9985288301111268
170045,92480,2022-09-07 00:00:00,15,0.4054054054054054,0,,,2.079441541679836,0.3229337809294805,-1.2704162329617548,4.705920089088234,0.0
170045,43163,2022-09-07 00:00:00,15,0.4054054054054054,0,,,2.079441541679836,-0.5892933056643392,-1.684300722751218,3.1580130794645,4.700480365792417
170045,164454,2022-09-07 00:00:00,15,0.4054054054054054,0,,,2.079441541679836,0.1315591224058616,1.675562965339095,-1.529637893755809,4.330733340286331
170045,108229,2022-09-07 00:00:00,15,0.4054054054054054,0,,,2.079441541679836,1.1464875830810095,0.5793087156988068,-3.36901848329792,3.562465529258277
170045,94612,2022-09-07 00:00:00,14,0.3783783783783784,0,,,2.079441541679836,0.3567999393369601,1.059759769300473,0.3841070795733516,-0.4054651081081646
426331,138781,2022-09-07 00:00:00,16,0.5,1,1.5448193448601713,-0.8082708955263376,0.980829253011726,-0.0141076832139244,-0.1859439552068686,1.2110902720948,-1.0986122886681098
426331,43163,2022-09-07 00:00:00,16,0.5,1,1.5448193448601713,-0.8082708955263376,0.980829253011726,-0.5892933056643392,-1.684300722751218,3.1580130794645,4.700480365792417
426331,55287,2022-09-07 00:00:00,16,0.5,1,1.5448193448601713,-0.8082708955263376,0.980829253011726,0.4672705155075982,0.4422640114778908,0.7400641003476967,0.0
426331,52181,2022-09-07 00:00:00,16,0.5,1,1.5448193448601713,-0.8082708955263376,0.980829253011726,-0.4880249278549094,-1.4720101066850475,3.6094944248593706,-0.6931471805599453
426331,78998,2022-09-07 00:00:00,15,0.46875,0,1.5448193448601713,-0.8082708955263376,0.980829253011726,1.178968394866558,2.091108950935704,-4.449017503490161,0.4054651081081645
426331,102287,2022-09-07 00:00:00,15,0.46875,0,1.5448193448601713,-0.8082708955263376,0.980829253011726,-1.877339514444654,-3.0737119433000237,5.343927877800089,-0.6931471805599453
426331,145283,2022-09-07 00:00:00,15,0.46875,0,1.5448193448601713,-0.8082708955263376,0.980829253011726,0.5526627857508495,-1.0477754545507822,-0.0953101798043247,-2.4849066497880004
426331,144522,2022-09-07 00:00:00,15,0.46875,0,1.5448193448601713,-0.8082708955263376,0.980829253011726,-0.7342170647301483,-1.997504798964863,3.49650756146648,-0.6931471805599453
426331,89303,2022-09-07 00:00:00,15,0.46875,0,1.5448193448601713,-0.8082708955263376,0.980829253011726,-0.3356461587792312,-0.8137162344408845,1.3095605668885009,5.0238805208462765
327364865,49468,2022-09-09 00:00:00,12,0.375,0,,,2.079441541679836,0.934368244821843,1.3080349138056713,-3.4339872044851463,5.76309905181262
327364865,43731,2022-09-09 00:00:00,11,0.34375,0,,,2.079441541679836,1.878950535410369,,0.6931471805599453,0.0
327364865,844056785,2022-09-09 00:00:00,10,0.3125,0,,,2.079441541679836,-0.5646699261139004,-0.444597282225696,2.509473206661577,1.1136501660326497
327364865,9302,2022-09-09 00:00:00,10,0.3125,0,,,2.079441541679836,0.0301593582572929,-0.8091750812548903,1.3277727895002345,0.7100576527082616
327364865,461883,2022-09-09 00:00:00,10,0.3125,0,,,2.079441541679836,1.878950535410369,,0.6931471805599453,4.31748811353631
241137,41852,2022-09-09 00:00:00,17,0.5151515151515151,1,1.5448193448601713,-0.2370698524880699,1.0986122886681098,1.2330521186743304,2.103424493345863,-5.459230841326113,-1.0986122886681098
241137,64386,2022-09-09 00:00:00,17,0.5151515151515151,1,1.5448193448601713,-0.2370698524880699,1.0986122886681098,0.3240351601237234,0.9518341869443032,-1.0452115119409946,-0.6931471805599453
241137,165058,2022-09-09 00:00:00,17,0.5151515151515151,1,1.5448193448601713,-0.2370698524880699,1.0986122886681098,0.1448056547618187,-1.333253865734071,4.113602378826515,-0.2534489008095386
241137,49239,2022-09-09 00:00:00,16,0.4848484848484848,0,1.5448193448601713,-0.2370698524880699,1.0986122886681098,0.0802223802718181,-0.4101844588160814,1.167700529951519,1.0986122886681098
241137,176910,2022-09-09 00:00:00,16,0.4848484848484848,0,1.5448193448601713,-0.2370698524880699,1.0986122886681098,-0.5261835598186356,-1.3177515438809118,3.772084576891985,3.2685314153140617
241137,428317,2022-09-09 00:00:00,16,0.4848484848484848,0,1.5448193448601713,-0.2370698524880699,1.0986122886681098,-3.63731983594317,-2.50265003918511,-0.3898641676656851,0.6931471805599453
241137,133570,2022-09-09 00:00:00,16,0.4848484848484848,0,1.5448193448601713,-0.2370698524880699,1.0986122886681098,-0.2124372321037793,0.2165256044199259,0.666258280343615,0.0
241137,144522,2022-09-09 00:00:00,16,0.4848484848484848,0,1.5448193448601713,-0.2370698524880699,1.0986122886681098,-0.9152885312119136,-2.156345386377935,3.971863005784163,-0.6931471805599453
241137,92118,2022-09-09 00:00:00,16,0.4848484848484848,0,1.5448193448601713,-0.2370698524880699,1.0986122886681098,-0.0027081371797547,0.9991365780829704,-0.5904930264998622,5.402677381872279
241137,55287,2022-09-09 00:00:00,16,0.4848484848484848,0,1.5448193448601713,-0.2370698524880699,1.0986122886681098,-0.0366680582429612,-1.3444175506150626,5.185988181574117,0.0
133079,2142869226,2022-09-11 00:00:00,334,0.8246913580246914,1,1.6568349487635343,0.606747166367857,-2.302585092994046,-2.7968666347241955,0.0213719538436412,-0.1614049489278688,-0.3440834681637721
133079,2142926031,2022-09-11 00:00:00,333,0.8222222222222222,1,1.6568349487635343,0.606747166367857,-2.302585092994046,-2.801638235778326,-0.0189343058664941,-0.1156240977998948,-0.3198581902538144
133079,3692,2022-09-11 00:00:00,333,0.8222222222222222,1,1.6568349487635343,0.606747166367857,-2.302585092994046,0.2551352050741909,0.7301013330995757,-1.145569271755881,-0.3069930173648689
133079,2142865418,2022-09-11 00:00:00,332,0.8197530864197531,1,1.6568349487635343,0.606747166367857,-2.302585092994046,-2.806702401658423,0.0046290537306585,-0.1561237156531163,-0.356952159586557
133079,2122399466,2022-09-11 00:00:00,331,0.817283950617284,1,1.6568349487635343,0.606747166367857,-2.302585092994046,-3.190613854207404,0.257476244601007,-0.3347414108148019,0.6135828187215129
108222,55287,2022-09-13 00:00:00,15,0.5,1,,,2.079441541679836,-1.213686517385538,-2.52143600975764,4.90527477843843,0.0
108222,49469,2022-09-13 00:00:00,14,0.4666666666666667,0,,,2.079441541679836,1.878950535410369,1.1424020860765354,-1.3862943611198904,-0.4054651081081645
108222,46666,2022-09-13 00:00:00,14,0.4666666666666667,0,,,2.079441541679836,-2.611310504708669,-2.7322744454059222,0.6007738604289301,4.695924549256556
108222,140769,2022-09-13 00:00:00,14,0.4666666666666667,0,,,2.079441541679836,0.4571158423417803,-1.2314343453891663,3.684704082703456,4.343805421853684
108222,157967,2022-09-13 00:00:00,14,0.4666666666666667,0,,,2.079441541679836,1.878950535410369,,0.6931471805599453,4.31748811353631
108222,54531,2022-09-13 00:00:00,14,0.4666666666666667,0,,,2.079441541679836,-0.730089526357027,-2.2329648506821487,3.498669724470976,6.133398042996649
273751,158334,2022-09-13 00:00:00,11,0.3793103448275862,0,,,2.079441541679836,0.6345136113264387,1.486806558852035,-2.8109075865419184,-1.4880770554298328
273751,119922,2022-09-13 00:00:00,10,0.3448275862068966,0,,,2.079441541679836,0.747674360391355,-0.4722944059496218,2.663954881236986,-5.003946305945459
273751,103073,2022-09-13 00:00:00,10,0.3448275862068966,0,,,2.079441541679836,-1.2413945038345071,-0.944002268818772,0.0180376243165474,4.691347882229144
273751,54531,2022-09-13 00:00:00,9,0.3103448275862069,0,,,2.079441541679836,-0.730089526357027,-2.2329648506821487,3.498669724470976,6.133398042996649
273751,89376,2022-09-13 00:00:00,9,0.3103448275862069,0,,,2.079441541679836,0.8761525469087564,-0.0995131574214013,-0.5007752879124894,-4.990432586778736
273751,124337,2022-09-13 00:00:00,9,0.3103448275862069,0,,,2.079441541679836,-2.0827079001923305,-0.9886433881337626,2.8544903837577547,3.232121051618221
273751,110626,2022-09-13 00:00:00,9,0.3103448275862069,0,,,2.079441541679836,1.5448193448601713,1.931143072898268,-5.472270673671474,2.028148247292285
273751,172694,2022-09-13 00:00:00,9,0.3103448275862069,0,,,2.079441541679836,-1.9562335074955344,-2.802821026286253,3.401197381662155,4.973279507552487
273751,97860412,2022-09-13 00:00:00,9,0.3103448275862069,0,,,2.079441541679836,-2.502148430094,-4.002213712326612,3.7970930387541686,-3.2188758248682
439642,275871,2022-09-13 00:00:00,69,0.4451612903225806,0,1.5448193448601713,-0.6982318260694527,0.8472978603872034,0.8027724678615439,-0.0594687704436268,0.2719337154836418,-2.0682908939603264
439642,102,2022-09-13 00:00:00,7,0.0451612903225806,0,1.5448193448601713,-0.6982318260694527,0.8472978603872034,1.2541858048152104,0.9213793769036762,-0.5623075796011339,2.5649493574615367
49758,3612,2022-09-15 00:00:00,535,0.3659370725034199,0,2.648213694852414,-0.7692631594420449,-0.4054651081081645,1.878950535410369,,0.6931471805599453,0.0
49758,42756,2022-09-15 00:00:00,528,0.3611491108071135,0,2.648213694852414,-0.7692631594420449,-0.4054651081081645,1.71188494013527,-0.5516971749961215,0.2876820724517808,1.8458266904983305
49758,52403,2022-09-15 00:00:00,511,0.3495212038303693,0,2.648213694852414,-0.7692631594420449,-0.4054651081081645,1.2992968366113298,-0.392063393212126,0.6931471805599452,-1.0986122886681096
49758,48405,2022-09-15 00:00:00,502,0.3433652530779754,0,2.648213694852414,-0.7692631594420449,-0.4054651081081645,0.5677833089578429,,4.290459441148391,-5.426417369175352
49758,48293,2022-09-15 00:00:00,498,0.3406292749658002,0,2.648213694852414,-0.7692631594420449,-0.4054651081081645,-0.2286001589995005,-1.1279253062663896,2.3741787461810544,-0.7682678110280534
49758,2805,2022-09-15 00:00:00,491,0.3358413132694938,0,2.648213694852414,-0.7692631594420449,-0.4054651081081645,0.3646453210029059,0.2492567808566245,1.6885752329928243,-5.399669860808324
49758,48496,2022-09-15 00:00:00,483,0.3303693570451436,0,2.648213694852414,-0.7692631594420449,-0.4054651081081645,1.878950535410369,,0.6931471805599453,-4.189654742026425
49758,50504,2022-09-15 00:00:00,473,0.3235294117647059,0,2.648213694852414,-0.7692631594420449,-0.4054651081081645,0.4972626220536743,0.0003104262042126,-0.0953101798043247,1.0033021088637848
49758,49913,2022-09-15 00:00:00,471,0.3221614227086183,0,2.648213694852414,-0.7692631594420449,-0.4054651081081645,1.5448193448601713,0.1820503177596275,-0.980829253011726,0.0
140770,110371,2022-09-16 00:00:00,16,0.4705882352941176,0,,,2.302585092994046,-0.8487477273922768,0.3785332745812872,-1.143563676530376,4.686750172980514
140770,60616,2022-09-16 00:00:00,15,0.4411764705882353,0,,,2.302585092994046,0.3364565517462114,0.9710931325901836,-5.023090735363601,4.28128506487235
140770,157193,2022-09-16 00:00:00,15,0.4411764705882353,0,,,2.302585092994046,-1.447730183872006,-2.524898689453416,4.768139014266231,4.290459441148391
140770,48539,2022-09-16 00:00:00,15,0.4411764705882353,0,,,2.302585092994046,0.7204492947194479,0.7777496171139132,-0.6611444494737713,0.6931471805599453
140770,146007,2022-09-16 00:00:00,15,0.4411764705882353,0,,,2.302585092994046,0.4445596687485305,-0.555748507902649,0.3184537311185349,-0.7017604982380599
140770,89301,2022-09-16 00:00:00,14,0.4117647058823529,0,,,2.302585092994046,0.8196792620086535,0.5680904310634203,-1.9042374526547452,2.1202635362000906
140770,78476,2022-09-16 00:00:00,14,0.4117647058823529,0,,,2.302585092994046,-0.8623577115751684,-0.5283843561244517,0.2583979195560202,1.3061206176078652
140770,106564,2022-09-16 00:00:00,14,0.4117647058823529,0,,,2.302585092994046,0.596992621422956,-0.9963573924682791,1.7730673362159024,-2.9444389791664403
140770,43547,2022-09-16 00:00:00,14,0.4117647058823529,0,,,2.302585092994046,0.9302061390614754,2.225227929503359,-4.48863636973214,1.0986122886681098
193858,48539,2022-09-16 00:00:00,13,0.40625,0,,,2.079441541679836,0.7204492947194479,0.7777496171139132,-0.6611444494737713,0.6931471805599453
193858,89641,2022-09-16 00:00:00,13,0.40625,0,,,2.079441541679836,-0.7364719680504903,-2.227883453419236,3.567518597109669,0.1351747783682526
193858,91605,2022-09-16 00:00:00,13,0.40625,0,,,2.079441541679836,-1.2695383967093534,-1.030892368377188,-0.5503230003599633,1.0360919316867756
193858,119912,2022-09-16 00:00:00,13,0.40625,0,,,2.079441541679836,-1.0466752424394896,-2.354424734811591,4.816241156068032,-0.0870113769896292
193858,1322,2022-09-16 00:00:00,13,0.40625,0,,,2.079441541679836,0.8506212129675973,0.8172640762454151,-3.4572868483131987,3.6506582412937383
193858,57978,2022-09-16 00:00:00,13,0.40625,0,,,2.079441541679836,-0.0165948781507919,-1.1847885426120155,4.067517319988957,-6.124683390894205
193858,134591,2022-09-16 00:00:00,12,0.375,0,,,2.079441541679836,-0.6744506847449261,-2.17260052479645,5.997384489618971,-4.060443010546419
193858,147529,2022-09-16 00:00:00,12,0.375,0,,,2.079441541679836,0.704194669979791,-0.279790508850347,0.3136575588550419,0.0
193858,106564,2022-09-16 00:00:00,12,0.375,0,,,2.079441541679836,0.596992621422956,-0.9963573924682791,1.7730673362159024,-2.9444389791664403
193858,67499,2022-09-16 00:00:00,12,0.375,0,,,2.079441541679836,-0.4912620417290944,-1.2573227380744598,1.3259797110985048,6.796823718274855
510702985,3692,2022-09-16 00:00:00,42,0.6,1,,,2.079441541679836,0.5873305791698024,0.9207350535892048,-1.340925756090039,-0.3262793719499255
510702985,57429,2022-09-16 00:00:00,42,0.6,1,,,2.079441541679836,1.5756616442417894,-1.0725520506106243,1.7346010553881064,0.0
510702985,26356,2022-09-16 00:00:00,41,0.5857142857142857,1,,,2.079441541679836,-0.986845329601589,-1.3916700613206432,-0.4851831931526531,-1.3419365084894928
828996747,2129632899,2022-09-16 00:00:00,73,0.5615384615384615,1,0.3574954348753248,-0.1030214869327948,-0.2801914007226234,-2.728662199223329,-0.0306369564862687,0.0269948579703385,-0.2922310635848575
449742980,197679,2022-09-16 00:00:00,11,0.3333333333333333,0,,,2.079441541679836,-0.8423124726212721,-1.6279167211287993,0.5579724021916928,-6.447305862541213
449742980,108109,2022-09-16 00:00:00,11,0.3333333333333333,0,,,2.079441541679836,0.7612310517966727,-0.1411022138412171,0.2336148511815055,2.80672172860924
449742980,110617,2022-09-16 00:00:00,10,0.303030303030303,0,,,2.079441541679836,-0.5755223611433995,-1.4698911220637,4.055675421062947,4.330733340286331
126586,180873,2022-09-17 00:00:00,16,0.3809523809523809,0,,,2.302585092994046,0.6498539882799402,-0.2803521507815352,0.9007865453381898,3.775057150354988
126586,93820,2022-09-17 00:00:00,16,0.3809523809523809,0,,,2.302585092994046,0.0744540299238019,-0.3472810851482282,0.6625637571878649,-5.539300835990577
126586,1849,2022-09-17 00:00:00,16,0.3809523809523809,0,,,2.302585092994046,0.1995853943717884,-0.4945679449784985,-0.0666913744986725,4.356708826689592
126586,55287,2022-09-17 00:00:00,15,0.3571428571428571,0,,,2.302585092994046,-0.4274723182331658,-0.424182827106507,0.058780850167567,0.0
126586,161619,2022-09-17 00:00:00,15,0.3571428571428571,0,,,2.302585092994046,-0.2783034361822675,0.3194677299349699,0.7317993349942249,0.4054651081081645
126586,123474,2022-09-17 00:00:00,15,0.3571428571428571,0,,,2.302585092994046,0.5982411024644557,1.1599739602320855,-0.3958562490015271,1.5328978353117657
126586,91620,2022-09-17 00:00:00,14,0.3333333333333333,0,,,2.302585092994046,0.1919395007481088,0.7122845135592993,-2.430685095621361,2.9575110607337933
164234,264,2022-09-17 00:00:00,119,0.4473684210526316,0,0.5842737041181617,0.1455084967978628,0.0439631234211157,-0.9227398656582372,-1.4913437648279748,1.5977881031248646,-0.6729444732424259
164234,110621,2022-09-17 00:00:00,116,0.4360902255639097,0,0.5842737041181617,0.1455084967978628,0.0439631234211157,0.6963635616871057,-0.2652876920979156,-0.5302168130806413,-1.0531499145913523
164234,162471,2022-09-17 00:00:00,114,0.4285714285714285,0,0.5842737041181617,0.1455084967978628,0.0439631234211157,0.9756242284649188,0.1496521298079736,-2.4107986776342782,-0.3566749439387324
1124739981,1121168564,2022-09-18 00:00:00,18,0.5,1,-0.0315694777518322,0.2969011122664228,-0.8472978603872034,0.5260228658930818,0.4368422018304806,-0.7248958788745252,-1.2261256089670691
1124739981,176271432,2022-09-18 00:00:00,18,0.5,1,-0.0315694777518322,0.2969011122664228,-0.8472978603872034,0.2854077225614967,0.2021138088297134,-0.6766178786087345,-1.3926035303131554
1124739981,490249906,2022-09-18 00:00:00,18,0.5,1,-0.0315694777518322,0.2969011122664228,-0.8472978603872034,0.1422337226949832,-0.0649298236183008,-0.2977661915184075,-0.99619728324004
1124739981,1007141174,2022-09-18 00:00:00,18,0.5,1,-0.0315694777518322,0.2969011122664228,-0.8472978603872034,0.3944529333103709,0.21054004118653,-0.7850846758856305,-0.9848534033114512
1124739981,2628,2022-09-18 00:00:00,17,0.4722222222222222,0,-0.0315694777518322,0.2969011122664228,-0.8472978603872034,0.2514781988223365,0.3677023639762437,0.3487809650857372,0.0909717782057271
1124739981,695379616,2022-09-18 00:00:00,17,0.4722222222222222,0,-0.0315694777518322,0.2969011122664228,-0.8472978603872034,0.5019401603123343,0.5396025040324942,-1.2433338782065162,-1.1553888044701912
1124739981,1126605735,2022-09-18 00:00:00,17,0.4722222222222222,0,-0.0315694777518322,0.2969011122664228,-0.8472978603872034,0.2370195887418024,0.0406680966829972,-0.6061358035703153,-0.9798287526781424
1160071308,455,2022-09-18 00:00:00,18,0.36,0,-0.0502303373976489,0.4000871563740106,-0.932115773018552,-0.0087673864855151,0.0298431955117622,-0.1939680621802786,-1.571980349899199
1160071308,1197383949,2022-09-18 00:00:00,18,0.36,0,-0.0502303373976489,0.4000871563740106,-0.932115773018552,0.4144071232350017,0.2458068581676813,-0.5800700359409747,-1.1113513144455398
1160071308,1007141174,2022-09-18 00:00:00,17,0.34,0,-0.0502303373976489,0.4000871563740106,-0.932115773018552,0.3944529333103709,0.21054004118653,-0.7850846758856305,-0.9848534033114512
1160071308,695379616,2022-09-18 00:00:00,17,0.34,0,-0.0502303373976489,0.4000871563740106,-0.932115773018552,0.5019401603123343,0.5396025040324942,-1.2433338782065162,-1.1553888044701912
1160071308,47695,2022-09-18 00:00:00,17,0.34,0,-0.0502303373976489,0.4000871563740106,-0.932115773018552,0.2661259568834949,0.1642086082470568,-0.4606515236754553,-0.6291594718846616
1160071308,707247011,2022-09-18 00:00:00,17,0.34,0,-0.0502303373976489,0.4000871563740106,-0.932115773018552,0.4816524169682877,0.3059952100776354,-1.1015066466944743,-0.843970070294529
1160071308,45022,2022-09-18 00:00:00,16,0.32,0,-0.0502303373976489,0.4000871563740106,-0.932115773018552,0.3568582989683869,0.3577442637589206,-0.8610799999017997,-0.917969993393875
1160071308,1126972417,2022-09-18 00:00:00,16,0.32,0,-0.0502303373976489,0.4000871563740106,-0.932115773018552,0.3973847993567543,0.3369117554583648,-0.9271900223321908,-0.9293202321644892
1160071308,1127790622,2022-09-18 00:00:00,16,0.32,0,-0.0502303373976489,0.4000871563740106,-0.932115773018552,0.485056908313708,0.3562362596308593,-1.1674152085921383,-1.09861228866811
1160071308,1156252557,2022-09-18 00:00:00,16,0.32,0,-0.0502303373976489,0.4000871563740106,-0.932115773018552,0.3461614280441795,0.216620683897504,-0.5254244231871441,-0.9808292530117262
129415,26356,2022-09-19 00:00:00,100,0.7299270072992701,1,,,2.079441541679836,-0.629945757836015,-0.7020877052710294,-1.7777732272533155,-1.242080374325396
129415,3692,2022-09-19 00:00:00,99,0.7226277372262774,1,,,2.079441541679836,0.7738523944221671,0.9164203031496652,-1.2026296207794689,-0.3394617754695783
144535,78463,2022-09-19 00:00:00,16,0.4848484848484848,0,,,2.19722457733622,-0.4025133774687141,-1.7102628698408155,4.973773700792098,0.6799019538099245
144535,89301,2022-09-19 00:00:00,15,0.4545454545454545,0,,,2.19722457733622,0.4261661114945799,0.2020870479135679,0.0968498259899171,3.6243409329763647
144535,55287,2022-09-19 00:00:00,14,0.4242424242424242,0,,,2.19722457733622,-1.2791704551190766,-1.7464409706266748,0.5796518146958434,0.0
144535,148660,2022-09-19 00:00:00,14,0.4242424242424242,0,,,2.19722457733622,0.1789118799155576,-1.1702427865491032,2.719746240865401,0.6931471805599453
144535,92480,2022-09-19 00:00:00,14,0.4242424242424242,0,,,2.19722457733622,-0.1093241501409222,-0.6267600253805138,-0.7798304197287473,6.786716950605081
144535,83933,2022-09-19 00:00:00,13,0.3939393939393939,0,,,2.19722457733622,-0.2362226582414104,1.2110670591870203,-0.1805374350004527,7.223295679562314
144535,83936,2022-09-19 00:00:00,13,0.3939393939393939,0,,,2.19722457733622,0.2459587862193461,-0.5026538215580828,3.127557666333413,4.31748811353631
327361964,2142869398,2022-09-19 00:00:00,107,0.7535211267605634,1,,,2.079441541679836,-2.7275907347307067,-0.0051028059708113,-0.0040059496616091,-0.1236027070822221
327361964,2122725237,2022-09-19 00:00:00,106,0.7464788732394366,1,,,2.079441541679836,-2.7591638409793218,-0.0179152621373894,0.0231398654692895,-0.1022530203745191
327361964,2123295900,2022-09-19 00:00:00,106,0.7464788732394366,1,,,2.079441541679836,-2.7709472322143247,-0.0293594482560091,0.0289441362931253,-0.0576352173582552
327361964,2142865506,2022-09-19 00:00:00,106,0.7464788732394366,1,,,2.079441541679836,-2.7670133936242283,-0.0019568969679077,-0.003813277269753,-0.0848479042059953
327361964,2142870385,2022-09-19 00:00:00,106,0.7464788732394366,1,,,2.079441541679836,-2.7655329537038846,-0.0564401399458014,0.0629969559799654,-0.1364586123270026
327361964,2122514680,2022-09-19 00:00:00,106,0.7464788732394366,1,,,2.079441541679836,-2.764692066486279,-0.0189410061753356,0.0182413853589764,-0.120386619297065
327361964,2142884713,2022-09-19 00:00:00,106,0.7464788732394366,1,,,2.079441541679836,-2.715331954389948,0.0469695003995362,-0.0653111472003509,-0.0672878846247471
327361964,2142890311,2022-09-19 00:00:00,105,0.7394366197183099,1,,,2.079441541679836,-2.776868605293024,-0.0482619056358117,0.0564200757837909,-0.106063205641643
88583,99395,2022-09-19 00:00:00,12,0.3529411764705882,0,,,2.079441541679836,0.5556967437311168,-0.7520527486409846,3.23867845216438,-3.232121051618221
88583,106070,2022-09-19 00:00:00,11,0.3235294117647059,0,,,2.079441541679836,0.956558930377818,1.5200978825760303,-4.597774484026962,-3.676300671907076
88583,139561,2022-09-19 00:00:00,11,0.3235294117647059,0,,,2.079441541679836,0.8431617608585567,0.4519578809468443,0.1026541540600836,-0.8750864012758344
88583,91605,2022-09-19 00:00:00,11,0.3235294117647059,0,,,2.079441541679836,-0.4104424336822018,0.1899481103575914,-0.527063184897675,1.0360919316867756
88583,106106,2022-09-19 00:00:00,11,0.3235294117647059,0,,,2.079441541679836,-0.7249966403533564,-1.7810505638517071,4.351889540253643,-4.132496328186477
88583,262936,2022-09-19 00:00:00,10,0.2941176470588235,0,,,2.079441541679836,-1.084970507930512,-1.757085892837075,3.247923510308432,0.0
88583,844056785,2022-09-19 00:00:00,10,0.2941176470588235,0,,,2.079441541679836,1.8915756327030755,3.335898348836833,-6.339477080468061,-2.4567357728213044
88583,99598,2022-09-19 00:00:00,10,0.2941176470588235,0,,,2.079441541679836,-0.45413003762371,-0.081793607187161,0.8058031949644953,5.389071729816501
478570303,125358,2022-09-19 00:00:00,10,0.4,0,,,2.079441541679836,-0.1913766592791332,-1.032628181794159,3.839850481023815,4.31748811353631
478570303,179745,2022-09-19 00:00:00,10,0.4,0,,,2.079441541679836,0.3411220375893076,-0.2968970054325715,-1.2602536402245257,-1.1407237740182363
478570303,116901,2022-09-19 00:00:00,10,0.4,0,,,2.079441541679836,0.8170327947337557,0.4068772879714437,0.7798304197287473,-0.2468600779315259
478570303,163623,2022-09-19 00:00:00,9,0.36,0,,,2.079441541679836,0.2939396848440139,0.3825404827674095,-0.0816373500143221,4.307437777682809
478570303,48014,2022-09-19 00:00:00,9,0.36,0,,,2.079441541679836,-0.9912826986346354,-0.701456131951383,-0.2632138821906462,0.0
478570303,60306,2022-09-19 00:00:00,9,0.36,0,,,2.079441541679836,-0.2689673386695961,-1.253617048818366,1.981986205529123,-5.068904202220232
478570303,226448,2022-09-19 00:00:00,9,0.36,0,,,2.079441541679836,-0.0100960304264745,-0.4769314513097648,0.1114395617342092,5.730099782973574
232592,106564,2022-09-19 00:00:00,16,0.4571428571428571,0,1.878950535410369,-1.1424020860765354,1.3862943611198904,0.1696733167604848,-1.480796801434577,1.6486586255873816,-3.245193133185574
232592,161619,2022-09-19 00:00:00,16,0.4571428571428571,0,1.878950535410369,-1.1424020860765354,1.3862943611198904,0.1711367221593818,1.2335381483472705,-2.4995054492091526,0.4054651081081645
232592,90204,2022-09-19 00:00:00,15,0.4285714285714285,0,1.878950535410369,-1.1424020860765354,1.3862943611198904,-0.0482254107118506,-1.0218437125337538,3.6064032322896975,-0.4054651081081645
232592,94612,2022-09-19 00:00:00,15,0.4285714285714285,0,1.878950535410369,-1.1424020860765354,1.3862943611198904,-0.0415534994081892,-0.3983534387451494,-0.471676336633239,5.700443573390687
232592,98964,2022-09-19 00:00:00,15,0.4285714285714285,0,1.878950535410369,-1.1424020860765354,1.3862943611198904,-0.266632340228388,-1.8674825755667996,4.086739962836881,-4.330733340286331
232592,43163,2022-09-19 00:00:00,14,0.4,0,1.878950535410369,-1.1424020860765354,1.3862943611198904,0.3104744269921436,0.5869494624507365,-2.9187712324178623,-5.393627546352362
232592,89301,2022-09-19 00:00:00,14,0.4,0,1.878950535410369,-1.1424020860765354,1.3862943611198904,0.4261661114945799,0.2020870479135679,0.0968498259899171,3.6243409329763647
232592,221314,2022-09-19 00:00:00,14,0.4,0,1.878950535410369,-1.1424020860765354,1.3862943611198904,0.829445581096843,-0.5058136786394797,1.3121863889661691,4.356708826689592
232592,78472,2022-09-19 00:00:00,14,0.4,0,1.878950535410369,-1.1424020860765354,1.3862943611198904,0.9736183018219036,-0.9053322335884656,1.0986122886681096,0.6931471805599453
144005,92480,2022-09-20 00:00:00,13,0.40625,0,,,2.079441541679836,-0.1093241501409222,-0.4322579310704027,-0.7780237345037984,6.786716950605081
144005,78476,2022-09-20 00:00:00,13,0.40625,0,,,2.079441541679836,-0.2898773491908227,0.9848572469479786,0.2859199574583817,1.3061206176078652
144005,119912,2022-09-20 00:00:00,13,0.40625,0,,,2.079441541679836,-1.0466752424394896,,6.202535517187923,-5.075173815233827
144005,137831,2022-09-20 00:00:00,13,0.40625,0,,,2.079441541679836,0.3590050960232076,-1.2343449178680277,1.6094379124341005,-6.47543271670409
144005,55326,2022-09-20 00:00:00,12,0.375,0,,,2.079441541679836,1.275145083352191,1.3403099218389214,-2.4264104431063918,4.727387818712341
86182,43163,2022-09-20 00:00:00,14,0.3684210526315789,0,1.878950535410369,-1.1424020860765354,1.3862943611198904,0.3104744269921436,0.5869494624507365,-2.9187712324178623,-5.393627546352362
86182,81044,2022-09-20 00:00:00,14,0.3684210526315789,0,1.878950535410369,-1.1424020860765354,1.3862943611198904,0.793839713564696,-0.6567100395669723,3.553147840579812,2.030237384542372
86182,205228,2022-09-20 00:00:00,13,0.3421052631578947,0,1.878950535410369,-1.1424020860765354,1.3862943611198904,0.1733695546989583,0.1760776918787131,-0.0288679840008514,3.6635616461296463
86182,106823,2022-09-20 00:00:00,13,0.3421052631578947,0,1.878950535410369,-1.1424020860765354,1.3862943611198904,0.0820268223819141,0.8104042777067996,0.1286913724205218,1.0986122886681098
86182,83936,2022-09-20 00:00:00,13,0.3421052631578947,0,1.878950535410369,-1.1424020860765354,1.3862943611198904,0.9624795227682204,1.0560511069291865,-2.69993656632804,4.31748811353631
86182,110379,2022-09-20 00:00:00,13,0.3421052631578947,0,1.878950535410369,-1.1424020860765354,1.3862943611198904,0.4764002246993115,0.1177808680970945,-1.81303686767534,-0.2204000653684588
86182,112448,2022-09-20 00:00:00,13,0.3421052631578947,0,1.878950535410369,-1.1424020860765354,1.3862943611198904,0.3348685625297114,0.6030553471110986,-0.0876473070587557,4.119037174812472
108220,148216,2022-09-20 00:00:00,18,0.45,0,,,2.19722457733622,-1.718278883611403,-3.2211542079365243,4.629165691544307,1.6582280766035324
108220,48539,2022-09-20 00:00:00,17,0.425,0,,,2.19722457733622,1.0206648686490996,0.898889924849467,-3.591817741270805,5.541263545158426
108220,72436,2022-09-20 00:00:00,17,0.425,0,,,2.19722457733622,0.2770649212797089,-0.131156023487934,0.5536456209489193,-4.310799125385514
108220,123474,2022-09-20 00:00:00,17,0.425,0,,,2.19722457733622,-0.1880334752666579,-0.282688467159074,0.3896626494179536,1.5328978353117657
108220,136371,2022-09-20 00:00:00,17,0.425,0,,,2.19722457733622,-1.1911894813346058,-1.5418669665808598,2.190535589185423,-1.3862943611198906
108220,221314,2022-09-20 00:00:00,17,0.425,0,,,2.19722457733622,0.829445581096843,-0.5058136786394797,1.3121863889661691,4.356708826689592
79962,2142862748,2022-09-21 00:00:00,641,0.6914778856526429,1,0.9138815542358856,0.300218937587845,-3.27399512408928,-2.762613222169694,-0.0108659515476174,0.0348915760037495,-0.0127540235652556
79962,2142911275,2022-09-21 00:00:00,638,0.6882416396979504,1,0.9138815542358856,0.300218937587845,-3.27399512408928,-2.7885865750418084,0.001503341259049,0.0010904465853034,0.0499526042470623
79962,2142869398,2022-09-21 00:00:00,638,0.6882416396979504,1,0.9138815542358856,0.300218937587845,-3.27399512408928,-2.7408195815499505,0.0086181179727335,-0.0131964863940883,0.029444301276408
79962,2122437132,2022-09-21 00:00:00,636,0.686084142394822,1,0.9138815542358856,0.300218937587845,-3.27399512408928,-2.775621176900513,-0.0257489325150697,0.0243839050485803,-0.0499560978433013
79962,2142890311,2022-09-21 00:00:00,635,0.6850053937432579,1,0.9138815542358856,0.300218937587845,-3.27399512408928,-2.77492840762516,-0.0168886832981658,0.0165293019512109,0.0508726546542064
79962,2122397525,2022-09-21 00:00:00,635,0.6850053937432579,1,0.9138815542358856,0.300218937587845,-3.27399512408928,-2.765419595733297,-0.0156232301643064,0.0277116347083374,-0.0431035642852108
79962,2122514680,2022-09-21 00:00:00,634,0.6839266450916937,1,0.9138815542358856,0.300218937587845,-3.27399512408928,-2.760328748151172,0.008491163624329,-0.0138736277036208,0.0004090816174855
98043,26356,2022-09-21 00:00:00,37,0.5,1,,,2.079441541679836,-0.629945757836015,-0.7339764039229133,-1.7112206067440423,-0.911319719152134
98043,3692,2022-09-21 00:00:00,36,0.4864864864864865,0,,,2.079441541679836,0.8979419746593509,0.975270523776062,-1.2654578879766172,-0.3072266685247511
98043,22274,2022-09-21 00:00:00,35,0.4729729729729729,0,,,2.079441541679836,1.3586069213401764,,2.5649493574615367,0.0
510707339,119912,2022-09-21 00:00:00,12,0.4,0,,,2.079441541679836,-1.0466752424394896,,6.202535517187923,-4.382026634673881
510707339,148216,2022-09-21 00:00:00,12,0.4,0,,,2.079441541679836,-1.4126676463184555,-2.9155429706435774,4.640261505799362,1.6582280766035324
510707339,84764,2022-09-21 00:00:00,12,0.4,0,,,2.079441541679836,0.4900440460532959,0.6883409469380708,-2.4828720610902124,0.026317308317374
510707339,9302,2022-09-21 00:00:00,11,0.3666666666666666,0,,,2.079441541679836,0.1195704431977066,0.1703454925896068,-0.8481914356410147,-0.3031537328448559
510707339,106825,2022-09-21 00:00:00,11,0.3666666666666666,0,,,2.079441541679836,-0.3627635058892375,-0.5532657584814146,1.45006097947888,-0.013072081567353
510707339,170887,2022-09-21 00:00:00,11,0.3666666666666666,0,,,2.079441541679836,0.8173937736296523,2.0306931213896964,-2.78248279588498,-5.605802066295997
343011,48539,2022-09-23 00:00:00,13,0.3823529411764705,0,,,2.079441541679836,0.4096566107032404,-0.0227179469599396,-2.325243116886629,4.844187086458591
343011,55287,2022-09-23 00:00:00,12,0.3529411764705882,0,,,2.079441541679836,-0.339043245499554,-0.3023751872565928,-0.1377360239065543,0.0
343011,124324,2022-09-23 00:00:00,12,0.3529411764705882,0,,,2.079441541679836,0.0270239651160899,-0.1750031309984373,0.0518634740095738,5.442417710521793
343011,78463,2022-09-23 00:00:00,12,0.3529411764705882,0,,,2.079441541679836,0.5376954458936396,0.7402424001641638,-3.3070901816910565,-5.41164605185504
343011,102456,2022-09-23 00:00:00,12,0.3529411764705882,0,,,2.079441541679836,0.0393017242500525,0.2057629184967076,-1.0802760908795044,-0.6931471805599453
343011,159007,2022-09-23 00:00:00,12,0.3529411764705882,0,,,2.079441541679836,0.9736183018219036,-0.9053322335884656,1.0986122886681096,0.1381503384808171
343011,209408,2022-09-23 00:00:00,12,0.3529411764705882,0,,,2.079441541679836,1.878950535410369,0.0,0.0,-3.525183361443147
343011,106103,2022-09-23 00:00:00,12,0.3529411764705882,0,,,2.079441541679836,0.772362694506812,0.3329442761601746,-0.8118959333362872,-1.3022112439093494
137374,176910,2022-09-23 00:00:00,15,0.4838709677419355,0,,,2.079441541679836,-0.3752744289029184,0.1509091309157172,-0.3418996583565779,-4.973279507552487
137374,91610,2022-09-23 00:00:00,14,0.4516129032258064,0,,,2.079441541679836,0.9736183018219036,,1.791759469228055,0.6931471805599453
230298,126849,2022-09-24 00:00:00,66,0.1714285714285714,0,,,3.332204510175204,0.0334826943889888,0.2156876909064544,0.2003249737646717,-0.9389088204619274
230298,188450,2022-09-24 00:00:00,59,0.1532467532467532,0,,,3.332204510175204,1.71188494013527,-0.936328754717144,0.6931471805599453,0.0
131633,140769,2022-09-24 00:00:00,12,0.4137931034482758,0,,,2.079441541679836,0.9759697880636374,1.0627056969810529,-1.661397651364812,-3.6375861597263857
131633,133649,2022-09-24 00:00:00,12,0.4137931034482758,0,,,2.079441541679836,0.203276284992285,-0.9502824447734884,-0.0117418178766834,4.304065093204169
131633,262884,2022-09-24 00:00:00,12,0.4137931034482758,0,,,2.079441541679836,0.8143278643029805,1.8096332173689291,-4.02965277263454,-5.918893854273146
131633,47961,2022-09-24 00:00:00,12,0.4137931034482758,0,,,2.079441541679836,0.3786336561267621,-0.6985348494546478,4.28771595520264,2.970414465569701
131633,137772,2022-09-24 00:00:00,12,0.4137931034482758,0,,,2.079441541679836,0.9026429498338308,2.2879070810265034,-3.518706031255629,0.0
131633,180873,2022-09-24 00:00:00,12,0.4137931034482758,0,,,2.079441541679836,0.6990373709076347,-0.2311687681538407,1.072636802264849,-5.393627546352362
131633,78463,2022-09-24 00:00:00,12,0.4137931034482758,0,,,2.079441541679836,0.5376954458936396,0.7402424001641638,-3.3070901816910565,0.9374929395247582
131633,262933,2022-09-24 00:00:00,12,0.4137931034482758,0,,,2.079441541679836,-0.5326155287429448,-1.4394740062005666,3.7308436532129687,0.0
282893,135886,2022-09-25 00:00:00,139,0.6915422885572139,1,0.4057098155005784,0.4350170028616227,-0.7308875085427928,0.4865605506649257,-0.030188148582646,0.1288328718429685,0.0080645598367299
282893,151979,2022-09-25 00:00:00,138,0.6865671641791045,1,0.4057098155005784,0.4350170028616227,-0.7308875085427928,0.4674334460103602,-0.1925684041792171,0.1497453863593421,-0.3256831906303947
282893,221607,2022-09-25 00:00:00,137,0.681592039800995,1,0.4057098155005784,0.4350170028616227,-0.7308875085427928,0.5433979099906552,0.0904481918202806,-0.1513456288996497,-0.1981769285837487
282893,335236,2022-09-25 00:00:00,136,0.6766169154228856,1,0.4057098155005784,0.4350170028616227,-0.7308875085427928,0.528681441235163,-0.0840600467589085,0.0746108637911744,-0.5482558261454837
282893,298176,2022-09-25 00:00:00,136,0.6766169154228856,1,0.4057098155005784,0.4350170028616227,-0.7308875085427928,0.4420050673667471,-0.3826030530005173,0.4664596208110065,0.1506602748874899
282893,147575,2022-09-25 00:00:00,135,0.6716417910447762,1,0.4057098155005784,0.4350170028616227,-0.7308875085427928,0.5868133633235869,-0.012815914552697,0.0339015516756813,-0.0438941935572252
282893,203326,2022-09-25 00:00:00,135,0.6716417910447762,1,0.4057098155005784,0.4350170028616227,-0.7308875085427928,0.4315440612755432,0.0325121627140819,-0.1302146399985284,-0.1492123981866751
282893,133115,2022-09-25 00:00:00,135,0.6716417910447762,1,0.4057098155005784,0.4350170028616227,-0.7308875085427928,0.4358799645203967,-0.0440498399879912,0.1459539126230797,-0.046687113972653
282893,138209,2022-09-25 00:00:00,134,0.6666666666666666,1,0.4057098155005784,0.4350170028616227,-0.7308875085427928,0.3974933545739106,-0.1155299910042277,0.2464718038051181,-0.1191885172651181
282893,306249,2022-09-25 00:00:00,133,0.6616915422885572,1,0.4057098155005784,0.4350170028616227,-0.7308875085427928,0.5741908113770574,0.0752140800429346,-0.0544352065550173,-0.0252265629456749
426176,445013,2022-09-25 00:00:00,258,0.1831085876508161,0,,,5.147494476813453,0.1598157447514296,-0.8298818108737595,0.7573091247772306,0.899941593872625
426176,360964,2022-09-25 00:00:00,255,0.1809794180269694,0,,,5.147494476813453,-1.0707023431886604,-0.4522726287156812,0.3199781900067826,0.7936884097818231
426176,311396,2022-09-25 00:00:00,218,0.1547196593328602,0,,,5.147494476813453,1.878950535410369,,0.6931471805599453,0.0
426176,138284,2022-09-25 00:00:00,202,0.1433640880056778,0,,,5.147494476813453,0.2831869114009408,-2.3650267834514733,4.276666119016055,1.5040773967762742
426176,218669,2022-09-25 00:00:00,195,0.1383960255500355,0,,,5.147494476813453,-0.054131018442386,0.4346937997907871,-0.6881720459198322,-0.2395734941317506
110378,94652,2022-09-25 00:00:00,32,0.5714285714285714,1,-0.863735080801255,1.1941928608202024,-0.7955215908634834,1.269461371256173,2.859784888557529,-3.259804480366638,-5.631211781821365
110378,138785,2022-09-25 00:00:00,31,0.5535714285714286,1,-0.863735080801255,1.1941928608202024,-0.7955215908634834,-0.0259735880110848,-0.3517546672961231,-0.3149317148991564,4.330733340286331
110378,269205,2022-09-25 00:00:00,31,0.5535714285714286,1,-0.863735080801255,1.1941928608202024,-0.7955215908634834,-0.0394860070052131,-0.4175785651843035,1.59178297719538,4.983606621708336
110378,91599,2022-09-25 00:00:00,31,0.5535714285714286,1,-0.863735080801255,1.1941928608202024,-0.7955215908634834,1.503344184476607,2.092273912191697,-4.309282496343858,-1.102988663267909
110378,267,2022-09-25 00:00:00,30,0.5357142857142857,1,-0.863735080801255,1.1941928608202024,-0.7955215908634834,0.392574860179164,-0.1108058663754659,0.0633328490915383,-0.9650808960435864
60614,138781,2022-09-25 00:00:00,14,0.4827586206896552,0,,,2.079441541679836,0.7102587720690627,0.7243664552829872,-0.854415328156068,0.6931471805599453
60614,67488,2022-09-25 00:00:00,13,0.4482758620689655,0,,,2.079441541679836,-0.0605662033777944,-0.8147480649415335,0.154150679827258,0.0
60614,91613,2022-09-25 00:00:00,13,0.4482758620689655,0,,,2.079441541679836,1.878950535410369,,0.6931471805599453,-8.129174996911793
60614,43163,2022-09-25 00:00:00,12,0.4137931034482758,0,,,2.079441541679836,0.2620987534266177,0.8513920590909569,-2.4648658989045544,-1.0369187196627705
60614,55287,2022-09-25 00:00:00,12,0.4137931034482758,0,,,2.079441541679836,-0.339043245499554,-0.3023751872565928,-0.1377360239065543,-1.0986122886681098
60614,105471,2022-09-25 00:00:00,12,0.4137931034482758,0,,,2.079441541679836,-0.2511406071272993,-0.8891571662188636,0.3749495641822138,0.5034250349478189
60614,48539,2022-09-25 00:00:00,12,0.4137931034482758,0,,,2.079441541679836,0.4311446169899768,-0.4205392239032887,-1.2858238307562555,5.46383180502561
60614,192462,2022-09-25 00:00:00,12,0.4137931034482758,0,,,2.079441541679836,-0.1070410614631481,-1.5333254800792844,3.895215887111765,0.0
313911,335236,2022-09-27 00:00:00,131,0.6517412935323383,1,0.4238125391194114,0.3166385697474966,-0.5064203302980745,0.5589517024491663,0.0278103634605615,-0.2006706954621515,-0.5354015298148278
313911,87831,2022-09-27 00:00:00,131,0.6517412935323383,1,0.4238125391194114,0.3166385697474966,-0.5064203302980745,0.4972270910291645,0.0479547795587472,-0.2896332925830434,-0.2886775926932827
313911,160127,2022-09-27 00:00:00,128,0.6368159203980099,1,0.4238125391194114,0.3166385697474966,-0.5064203302980745,0.6016246370523958,0.1612841182688691,-0.5071491490366826,-0.3854929749212488
313911,203326,2022-09-27 00:00:00,128,0.6368159203980099,1,0.4238125391194114,0.3166385697474966,-0.5064203302980745,0.4989450376992247,0.2038508309809092,-0.476339447694821,-0.2326222952687535
313911,135886,2022-09-27 00:00:00,128,0.6368159203980099,1,0.4238125391194114,0.3166385697474966,-0.5064203302980745,0.6094675312456741,0.1814391290330809,-0.362905493689369,-0.0341589188113191
313911,221607,2022-09-27 00:00:00,128,0.6368159203980099,1,0.4238125391194114,0.3166385697474966,-0.5064203302980745,0.6144947721116808,0.1961433909068357,-0.4299561281164603,-0.1073585183204999
313911,54542,2022-09-27 00:00:00,128,0.6368159203980099,1,0.4238125391194114,0.3166385697474966,-0.5064203302980745,0.3403795526596165,0.0198503723703254,-0.1438941796600694,-0.1947883255590845
313911,443234,2022-09-27 00:00:00,127,0.6318407960199005,1,0.4238125391194114,0.3166385697474966,-0.5064203302980745,-0.2505557539783817,-0.1215670332213083,-0.0178046246335066,-0.3615809227075868
313911,144073,2022-09-27 00:00:00,127,0.6318407960199005,1,0.4238125391194114,0.3166385697474966,-0.5064203302980745,0.3490629999004824,-0.2027320888560433,-0.0567975983931328,-0.0465200156348926
56077,197679,2022-09-28 00:00:00,42,0.5454545454545454,1,-0.6558531826165659,1.590451744229998,-1.9430678922863835,-1.3808979166142237,-0.5424411560572081,0.8580218237501791,-6.4457198193855785
56077,92481,2022-09-28 00:00:00,39,0.5064935064935064,1,-0.6558531826165659,1.590451744229998,-1.9430678922863835,-0.0593444742549164,1.996562319328226,0.1983665469773008,0.0
56077,108213,2022-09-28 00:00:00,39,0.5064935064935064,1,-0.6558531826165659,1.590451744229998,-1.9430678922863835,-0.2230795079445847,-2.102030043354954,6.424869023905388,-1.0794912472213305
56077,86177,2022-09-28 00:00:00,39,0.5064935064935064,1,-0.6558531826165659,1.590451744229998,-1.9430678922863835,0.217698323144318,-0.88501662318845,-0.5159783771616473,-5.666426688112432
56077,128049,2022-09-28 00:00:00,39,0.5064935064935064,1,-0.6558531826165659,1.590451744229998,-1.9430678922863835,0.3885854057207928,0.3557753331942337,-1.5735059032080367,-0.8486607226083729
56077,89301,2022-09-28 00:00:00,39,0.5064935064935064,1,-0.6558531826165659,1.590451744229998,-1.9430678922863835,-0.2835706982499509,-1.5913201906220522,3.976561526565717,-4.31748811353631
106650,264,2022-09-28 00:00:00,130,0.5263157894736842,1,1.3243109386135092,-1.2941185364839451,-1.6713133161521876,-0.7749586981667055,0.6074552738426692,-1.991393800406879,1.6134299337036375
106650,105969,2022-09-28 00:00:00,125,0.5060728744939271,1,1.3243109386135092,-1.2941185364839451,-1.6713133161521876,-0.2565165561485008,-1.276703130997428,-0.3856624808119839,-1.0586069540544103
106650,162471,2022-09-28 00:00:00,121,0.4898785425101215,0,1.3243109386135092,-1.2941185364839451,-1.6713133161521876,0.8524829781308082,-0.3299371489469428,-1.2587810408209306,-1.2286654169163076
106650,1829,2022-09-28 00:00:00,121,0.4898785425101215,0,1.3243109386135092,-1.2941185364839451,-1.6713133161521876,0.6399855240944828,-0.6443421048499184,-1.2833463918674477,0.9162907318741556
106650,110621,2022-09-28 00:00:00,119,0.4817813765182186,0,1.3243109386135092,-1.2941185364839451,-1.6713133161521876,0.2085306411200728,-0.917854850834442,-1.3046957172370115,0.8135108628098204
106650,47368,2022-09-28 00:00:00,118,0.4777327935222672,0,1.3243109386135092,-1.2941185364839451,-1.6713133161521876,0.9889369344992476,-1.402855707205818,4.356708826689592,-0.664976303593249
41410,20845,2022-09-29 00:00:00,1491,0.2790044910179641,0,0.0174449355671262,1.0566484170407309,-1.3714792753347504,-0.1872757287861917,-0.3977680986296008,-0.3909510652239101,0.2719337154836418
41410,2170,2022-09-29 00:00:00,1482,0.2773203592814371,0,0.0174449355671262,1.0566484170407309,-1.3714792753347504,-2.1177142334823684,-0.155765395274755,-0.0687641432151391,-0.3910645301009792
41410,2587,2022-09-29 00:00:00,1438,0.2690868263473054,0,0.0174449355671262,1.0566484170407309,-1.3714792753347504,0.4598073274024032,0.2913289810614044,-0.9279867716373468,0.1010961168713691
41410,16122,2022-09-29 00:00:00,1432,0.2679640718562874,0,0.0174449355671262,1.0566484170407309,-1.3714792753347504,0.8575226390416366,0.9412721215620512,-1.379325691803797,0.0
41410,985,2022-09-29 00:00:00,1395,0.2610404191616766,0,0.0174449355671262,1.0566484170407309,-1.3714792753347504,0.1408958565567252,0.538455019150166,-0.6003239455837921,-0.3555507167264515
41410,6030,2022-09-29 00:00:00,1163,0.217627245508982,0,0.0174449355671262,1.0566484170407309,-1.3714792753347504,0.3208931650415131,0.2756891153970487,-0.67116827384117,-3.446807892914207
193509,2142884713,2022-09-30 00:00:00,642,0.4149967679379444,0,-0.2441419320071112,1.2622353867154577,-2.455492764581707,-2.858118472522291,-0.131987787664729,-0.2816882208252291,-0.0143438692524284
193509,2129632899,2022-09-30 00:00:00,639,0.4130575307045895,0,-0.2441419320071112,1.2622353867154577,-2.455492764581707,-2.8385236364426363,-0.1098614372193074,-0.2987867655700569,0.0131273922039572
193509,2142869398,2022-09-30 00:00:00,639,0.4130575307045895,0,-0.2441419320071112,1.2622353867154577,-2.455492764581707,-2.869484985945036,-0.1265738881301925,-0.2802533703840666,0.0804106929582779
193509,2116182225,2022-09-30 00:00:00,638,0.4124111182934712,0,-0.2441419320071112,1.2622353867154577,-2.455492764581707,-2.8082143899580894,0.1640592286266549,-0.1968358663427771,0.4327620883138348
193509,2142869226,2022-09-30 00:00:00,638,0.4124111182934712,0,-0.2441419320071112,1.2622353867154577,-2.455492764581707,-2.807322400222054,-0.0366109802432998,-0.4042343387220324,0.0361918804865659
193509,2142878670,2022-09-30 00:00:00,638,0.4124111182934712,0,-0.2441419320071112,1.2622353867154577,-2.455492764581707,-2.871034008151468,-0.1206126856515594,-0.2722593306808356,0.009218631047819
193509,2142911275,2022-09-30 00:00:00,637,0.4117647058823529,0,-0.2441419320071112,1.2622353867154577,-2.455492764581707,-2.870173700968641,-0.0853782794348947,-0.333377202042632,-0.0205998814709289
193509,2142926031,2022-09-30 00:00:00,637,0.4117647058823529,0,-0.2441419320071112,1.2622353867154577,-2.455492764581707,-2.890380802212749,-0.119821299319291,-0.2891175873302902,-0.0156108186291099
193509,2122450336,2022-09-30 00:00:00,637,0.4117647058823529,0,-0.2441419320071112,1.2622353867154577,-2.455492764581707,-2.829265728868152,-0.0720130799039178,-0.3446188698202856,-0.0066734001170214
131055,87831,2022-09-30 00:00:00,160,0.6611570247933884,1,0.3805894683397292,0.0982632230339983,-0.7500100424544884,0.4891252646125381,0.0499523567373088,-0.5389965007326865,-0.320047356953812
131055,138209,2022-09-30 00:00:00,160,0.6611570247933884,1,0.3805894683397292,0.0982632230339983,-0.7500100424544884,0.466714021446976,0.0986963175768032,-0.4185031024462944,-0.392660835862177
131055,230109,2022-09-30 00:00:00,160,0.6611570247933884,1,0.3805894683397292,0.0982632230339983,-0.7500100424544884,0.8580271530076443,0.4746382932773847,-1.5863154950132468,-0.0735625671770172
131055,135886,2022-09-30 00:00:00,159,0.6570247933884298,1,0.3805894683397292,0.0982632230339983,-0.7500100424544884,0.5278789813383935,0.0506025118978527,-0.5666630334508254,-0.1462165521518388
131055,335236,2022-09-30 00:00:00,159,0.6570247933884298,1,0.3805894683397292,0.0982632230339983,-0.7500100424544884,0.7082666950669831,0.3598300194147718,-0.9057086225436182,-0.5389965007326873
131055,203326,2022-09-30 00:00:00,156,0.6446280991735537,1,0.3805894683397292,0.0982632230339983,-0.7500100424544884,0.5201512714513928,0.2149416037133016,-0.7884573603642702,-0.2813328447731216
131055,301836,2022-09-30 00:00:00,156,0.6446280991735537,1,0.3805894683397292,0.0982632230339983,-0.7500100424544884,0.662731942988293,0.2212186263195542,-1.4149496168802664,-0.2396728532654206
131055,54542,2022-09-30 00:00:00,156,0.6446280991735537,1,0.3805894683397292,0.0982632230339983,-0.7500100424544884,0.2850060010702507,-0.0687398848255056,-0.3091882776727441,-0.3148682127559379
305858,132011,2022-09-30 00:00:00,150,0.7009345794392523,1,0.5572028092933081,0.2000675896751488,-0.7353475350503222,0.4903358008617348,0.1921946644799488,-0.7227059828014895,-0.4749629026050863
305858,48667,2022-09-30 00:00:00,149,0.6962616822429907,1,0.5572028092933081,0.2000675896751488,-0.7353475350503222,0.3825178019525409,0.0406498254712142,-0.3635741663990046,-0.118247827670328
305858,124078,2022-09-30 00:00:00,149,0.6962616822429907,1,0.5572028092933081,0.2000675896751488,-0.7353475350503222,0.3192279854806795,0.1997130775531941,-0.7221347174331978,-0.3660511395672881
305858,203326,2022-09-30 00:00:00,149,0.6962616822429907,1,0.5572028092933081,0.2000675896751488,-0.7353475350503222,0.5201512714513928,0.2149416037133016,-0.7884573603642702,-0.2813328447731216
305858,135886,2022-09-30 00:00:00,148,0.6915887850467289,1,0.5572028092933081,0.2000675896751488,-0.7353475350503222,0.5278789813383935,0.0506025118978527,-0.5666630334508254,-0.1462165521518388
305858,93909,2022-09-30 00:00:00,148,0.6915887850467289,1,0.5572028092933081,0.2000675896751488,-0.7353475350503222,-0.1804712910246045,-0.192596869401725,-0.2762533766281576,-0.3608717325653456
305858,87831,2022-09-30 00:00:00,147,0.6869158878504673,1,0.5572028092933081,0.2000675896751488,-0.7353475350503222,0.4891252646125381,0.0499523567373088,-0.5389965007326865,-0.320047356953812
305858,230109,2022-09-30 00:00:00,147,0.6869158878504673,1,0.5572028092933081,0.2000675896751488,-0.7353475350503222,0.8580271530076443,0.4746382932773847,-1.5863154950132468,-0.0735625671770172
305858,133115,2022-09-30 00:00:00,146,0.6822429906542056,1,0.5572028092933081,0.2000675896751488,-0.7353475350503222,0.4938500144759832,0.0039381863824298,-0.5108256237659905,-0.2923224520082836
305858,110691,2022-09-30 00:00:00,146,0.6822429906542056,1,0.5572028092933081,0.2000675896751488,-0.7353475350503222,0.5762713679437919,-0.0346947591568159,-0.5710444837590458,-0.0581076308072807
305858,64199,2022-09-30 00:00:00,146,0.6822429906542056,1,0.5572028092933081,0.2000675896751488,-0.7353475350503222,0.8778801390919154,0.2399114936039772,-0.8589394354026894,-0.2888606229712254
299455,2122399466,2022-09-30 00:00:00,704,0.8680641183723797,1,0.8133597996456969,-0.5204053831313307,-0.2755396856260557,-2.3861957980609048,0.5860100219743671,-0.6146649413435039,-1.258228669729812
299455,2142877002,2022-09-30 00:00:00,700,0.8631319358816276,1,0.8133597996456969,-0.5204053831313307,-0.2755396856260557,-2.8704742272666413,-0.112295994971431,-0.3008642633798626,-0.0027242263285547
299455,2142911275,2022-09-30 00:00:00,700,0.8631319358816276,1,0.8133597996456969,-0.5204053831313307,-0.2755396856260557,-2.870173700968641,-0.0853782794348947,-0.333377202042632,-0.0205998814709289
299455,2122450336,2022-09-30 00:00:00,698,0.8606658446362515,1,0.8133597996456969,-0.5204053831313307,-0.2755396856260557,-2.829265728868152,-0.0720130799039178,-0.3446188698202856,-0.0066734001170214
299455,2142926031,2022-09-30 00:00:00,698,0.8606658446362515,1,0.8133597996456969,-0.5204053831313307,-0.2755396856260557,-2.890380802212749,-0.119821299319291,-0.2891175873302902,-0.0156108186291099
299455,2142865506,2022-09-30 00:00:00,697,0.8594327990135635,1,0.8133597996456969,-0.5204053831313307,-0.2755396856260557,-2.827496458414769,-0.0645153987218583,-0.368855970754975,0.080452573980887
299455,2142869226,2022-09-30 00:00:00,697,0.8594327990135635,1,0.8133597996456969,-0.5204053831313307,-0.2755396856260557,-2.807322400222054,-0.0366109802432998,-0.4042343387220324,0.0361918804865659
299455,2143015613,2022-09-30 00:00:00,696,0.8581997533908755,1,0.8133597996456969,-0.5204053831313307,-0.2755396856260557,-2.890913979651781,-0.1386590392761664,-0.2664989836150475,0.0586794945910202
247521,3638,2022-10-02 00:00:00,97,0.6879432624113475,1,0.4297744154177844,0.2727471474275109,-1.2656663733312756,-0.6403123867434337,0.6274162063503785,-1.5719173405228988,0.2523523110933263
247521,81994,2022-10-02 00:00:00,96,0.6808510638297872,1,0.4297744154177844,0.2727471474275109,-1.2656663733312756,0.269958988874702,0.2192155653322949,-1.0212628225902165,-0.1768119009829849
247521,147575,2022-10-02 00:00:00,96,0.6808510638297872,1,0.4297744154177844,0.2727471474275109,-1.2656663733312756,0.7827477557418184,0.2961747674254962,-1.128465251817791,-0.1541506798272589
247521,203326,2022-10-02 00:00:00,96,0.6808510638297872,1,0.4297744154177844,0.2727471474275109,-1.2656663733312756,0.5507670580689231,0.1905561841046461,-0.7847143740854357,-0.4670230011075977
247521,204290,2022-10-02 00:00:00,95,0.6737588652482269,1,0.4297744154177844,0.2727471474275109,-1.2656663733312756,0.6825314188052687,0.1519379631140908,-0.7869659357775998,-0.1785264858254027
247521,31576,2022-10-02 00:00:00,95,0.6737588652482269,1,0.4297744154177844,0.2727471474275109,-1.2656663733312756,0.2802221848790447,-0.2518114792650152,-0.5193002507569631,-0.1711482561958295
247521,112747,2022-10-02 00:00:00,94,0.6666666666666666,1,0.4297744154177844,0.2727471474275109,-1.2656663733312756,0.5390111033827769,0.1143741646903432,-0.8397506547518203,-0.538605187873066
247521,132011,2022-10-02 00:00:00,94,0.6666666666666666,1,0.4297744154177844,0.2727471474275109,-1.2656663733312756,0.3885495957391679,-0.0357718620024429,-0.7100489913625481,-0.4959426930742809
247521,301836,2022-10-02 00:00:00,94,0.6666666666666666,1,0.4297744154177844,0.2727471474275109,-1.2656663733312756,0.6261439690108168,0.1270311756093736,-1.54254367760407,-0.2130932154607085
247521,230109,2022-10-02 00:00:00,94,0.6666666666666666,1,0.4297744154177844,0.2727471474275109,-1.2656663733312756,0.809907828971757,0.3193600567873519,-1.8949437054632856,-0.1720650566267654
103424,159179,2022-10-02 00:00:00,14,0.3255813953488372,0,1.5448193448601713,-3.213450862364796,3.9120230054281455,2.648213694852414,2.9317308461840184,-5.523458920524919,6.51025834052315
133084,78998,2022-10-02 00:00:00,12,0.4285714285714285,0,0.7365484493338337,-2.4051799668384586,2.93119375241642,0.0098335320079278,0.8228732541015839,-1.1636758820151716,2.833213344056216
133084,159007,2022-10-02 00:00:00,12,0.4285714285714285,0,0.7365484493338337,-2.4051799668384586,2.93119375241642,0.9736183018219036,-0.9053322335884656,1.0986122886681096,2.982684558161515
124339,579,2022-10-02 00:00:00,136,0.5690376569037657,1,,,5.010635294096256,-2.3524114287616,-0.0002375051298999,-0.5935875717282801,0.0376129197393613
124339,1424,2022-10-02 00:00:00,130,0.5439330543933054,1,,,5.010635294096256,-0.5766392584895501,-0.6068674321718123,0.018742181809741,-0.2652357667995142
124339,1003,2022-10-02 00:00:00,119,0.497907949790795,0,,,5.010635294096256,0.2627672145462347,0.5345225442375254,-1.602002933946582,0.1131540280713832
124339,143328,2022-10-02 00:00:00,116,0.4853556485355648,0,,,5.010635294096256,1.224216694734552,-0.2745005880589852,-0.2363887780642302,0.4054651081081641
124339,253107,2022-10-02 00:00:00,111,0.4644351464435146,0,,,5.010635294096256,0.4987169063784467,0.1349917660106702,-0.7621400520468962,0.8197798314933111
46467,133649,2022-10-03 00:00:00,15,0.4285714285714285,0,,,5.003946305945459,0.4741206295634495,0.2871654591608684,-3.775890831103566,-3.20545280453606
46467,55287,2022-10-03 00:00:00,14,0.4,0,,,5.003946305945459,2.648213694852414,3.9273841499714894,-6.060290738037835,0.4054651081081645
483410463,579,2022-10-03 00:00:00,18,0.3829787234042553,0,,,5.010635294096256,-2.2743283118095428,0.1055811936945891,-0.8999206022272999,0.0366672749222818
483410463,102987,2022-10-03 00:00:00,17,0.3617021276595745,0,,,5.010635294096256,1.7654982148586196,0.986793001131344,-4.9684234452869465,-0.2764160179231414
483410463,2762,2022-10-03 00:00:00,15,0.3191489361702128,0,,,5.010635294096256,-0.3145846993193595,-0.1217377486266047,-0.6988129180956228,0.1593104451941025
483410463,3475,2022-10-03 00:00:00,13,0.2765957446808511,0,,,5.010635294096256,0.9446983217862857,0.0996740258473968,-0.2207114463455965,1.2051768983907405
153462,148216,2022-10-03 00:00:00,14,0.5833333333333334,1,,,5.003946305945459,-0.968516906549459,0.6662261096534945,-1.5598140675160908,1.519825753744413
153462,48539,2022-10-03 00:00:00,14,0.5833333333333334,1,,,5.003946305945459,0.3509559078507326,-0.1001086225579204,-1.5892352051165817,0.5679840376059397
153462,60613,2022-10-03 00:00:00,13,0.5416666666666666,1,,,5.003946305945459,-1.503606117624187,-2.40681817727039,3.054278612668788,3.044522437723423
153462,91605,2022-10-03 00:00:00,13,0.5416666666666666,1,,,5.003946305945459,0.4741206295634495,0.8845630632456514,-3.2404593965353747,-2.89499070375246
153462,93820,2022-10-03 00:00:00,13,0.5416666666666666,1,,,5.003946305945459,-2.0524223532451997,-1.7723969859741675,-1.1126377640226135,2.251291798606495
153462,55287,2022-10-03 00:00:00,13,0.5416666666666666,1,,,5.003946305945459,2.648213694852414,3.9273841499714894,-6.060290738037835,0.4054651081081645
241135,146951,2022-10-03 00:00:00,14,0.4666666666666667,0,,,5.010635294096256,0.4741206295634495,0.2839990195801442,-3.578455636499563,2.6390573296152584
241135,145283,2022-10-03 00:00:00,13,0.4333333333333333,0,,,5.010635294096256,0.5154622499905135,0.5153920280514454,-0.9998774479824206,4.350277936359301
241135,99587,2022-10-03 00:00:00,13,0.4333333333333333,0,,,5.010635294096256,-0.8757554754277159,-1.65330952504543,3.5291577292372227,3.1072277777793333
241135,78476,2022-10-03 00:00:00,13,0.4333333333333333,0,,,5.010635294096256,0.0682860682334378,0.3581634174242606,-3.9608131695975786,-3.7359674902128384
241135,202183,2022-10-03 00:00:00,13,0.4333333333333333,0,,,5.010635294096256,0.1653474062955658,-0.0027197463412797,-3.2958368660043296,-0.1262937253242926
53344,2122725237,2022-10-04 00:00:00,695,0.8665835411471322,1,0.4747492178905107,1.4042013175198584,-5.2548878086207,-2.147096043735765,0.6134259312694357,-0.8873917540565657,-0.1179321669667778
53344,2129632899,2022-10-04 00:00:00,692,0.8628428927680798,1,0.4747492178905107,1.4042013175198584,-5.2548878086207,-2.879818008238941,-0.1458376518520063,-0.8606913983857645,-0.078838447889618
53344,2142865506,2022-10-04 00:00:00,691,0.8615960099750624,1,0.4747492178905107,1.4042013175198584,-5.2548878086207,-2.881549430294287,-0.1176523363534989,-0.903808631732268,-0.1142016264848546
53344,2123493281,2022-10-04 00:00:00,691,0.8615960099750624,1,0.4747492178905107,1.4042013175198584,-5.2548878086207,-2.935523978052151,-0.1767872428171286,-0.8252784719358051,-0.0799402748949571
53344,2142869398,2022-10-04 00:00:00,690,0.8603491271820449,1,0.4747492178905107,1.4042013175198584,-5.2548878086207,-2.9777538752094386,-0.2582029154135243,-0.726372828188266,-0.1099144461111851
53344,2122399466,2022-10-04 00:00:00,689,0.8591022443890274,1,0.4747492178905107,1.4042013175198584,-5.2548878086207,-2.1141473673208093,0.7408525841560296,-0.9917210488977056,-0.8885696446215707
53344,2122437132,2022-10-04 00:00:00,689,0.8591022443890274,1,0.4747492178905107,1.4042013175198584,-5.2548878086207,-2.1572364679878397,0.6069661684755596,-0.8815024999329388,-0.1029117165712492
53344,2142911275,2022-10-04 00:00:00,689,0.8591022443890274,1,0.4747492178905107,1.4042013175198584,-5.2548878086207,-2.904543728158848,-0.12636801288268,-0.8782958549642661,-0.0988380827687542
306966,128027,2022-10-06 00:00:00,14,0.4242424242424242,0,,,6.104793232414985,0.4024172587836356,-0.0024458891377356,-1.999092414515622,5.497168225293202
306966,164454,2022-10-06 00:00:00,14,0.4242424242424242,0,,,6.104793232414985,0.4024172587836356,1.059708204307309,-3.0923784589010577,2.4423470353692043
306966,112448,2022-10-06 00:00:00,13,0.3939393939393939,0,,,6.104793232414985,1.878950535410369,1.394084466845635,-4.248495242049359,-0.9306205574289796
48774,138291,2022-10-06 00:00:00,475,0.3555389221556886,0,,,1.3862943611198906,-2.7155815033091955,-0.4518167133900213,-1.2931889837765818,0.7362819526099047
48774,48293,2022-10-06 00:00:00,423,0.3166167664670659,0,,,1.3862943611198906,1.878950535410369,1.9678736493517843,-5.2108513407667605,0.846579727501763
48774,137370,2022-10-06 00:00:00,420,0.3143712574850299,0,,,1.3862943611198906,1.878950535410369,1.4805319067423954,-3.56953269648137,0.0
89129,109902,2022-12-12 00:00:00,35,0.3846153846153846,0,,,2.833213344056216,1.878950535410369,,0.6931471805599453,-6.901737206656574
89129,108680,2022-12-12 00:00:00,33,0.3626373626373626,0,,,2.833213344056216,0.8465875187907186,,1.9459101490553128,-3.1354942159291497
89129,155651,2022-12-12 00:00:00,33,0.3626373626373626,0,,,2.833213344056216,-3.135305323521528,,7.478169694159785,-7.503289630675082
707247011,402,2022-12-13 00:00:00,21,0.3333333333333333,0,-1.1930456381593404,1.8496743141666696,0.4372138064227444,0.5339646927396298,-0.8254649323457852,3.084527772337122,-4.553876891600541
707247011,734267842,2022-12-13 00:00:00,20,0.3174603174603174,0,-1.1930456381593404,1.8496743141666696,0.4372138064227444,0.5587739762224565,-1.2618176224443411,3.555348061489413,-4.51085950651685
707247011,223429,2022-12-13 00:00:00,20,0.3174603174603174,0,-1.1930456381593404,1.8496743141666696,0.4372138064227444,0.5655512787723471,0.1864211649735186,1.9778617488619157,-4.663439094112067
707247011,176271432,2022-12-13 00:00:00,20,0.3174603174603174,0,-1.1930456381593404,1.8496743141666696,0.4372138064227444,0.6928785013516233,-0.0282096301156105,2.2057352670041284,-4.553876891600541
707247011,1125191265,2022-12-13 00:00:00,20,0.3174603174603174,0,-1.1930456381593404,1.8496743141666696,0.4372138064227444,0.6715326602627213,-0.0106166564998396,2.390290673413151,-4.330733340286331
707247011,433417,2022-12-13 00:00:00,19,0.3015873015873015,0,-1.1930456381593404,1.8496743141666696,0.4372138064227444,0.6569473739714565,0.1326104932696031,1.9895852125579752,-4.61512051684126
707247011,430745201,2022-12-13 00:00:00,19,0.3015873015873015,0,-1.1930456381593404,1.8496743141666696,0.4372138064227444,0.6248626231954497,-0.5512647743909811,2.803360380906535,-4.174387269895637
707247011,1156252557,2022-12-13 00:00:00,19,0.3015873015873015,0,-1.1930456381593404,1.8496743141666696,0.4372138064227444,0.5988809150445159,-0.3367976101841604,2.4462918136602205,-4.499809670330265
707247011,695379616,2022-12-13 00:00:00,19,0.3015873015873015,0,-1.1930456381593404,1.8496743141666696,0.4372138064227444,0.6010948266581867,-0.1476843625970609,2.30970256076291,-4.61512051684126
998300365,496549942,2022-12-13 00:00:00,226,0.1808,0,0.8945575232806472,-0.5346540417096837,3.725693427236652,-0.3763033476439282,-0.0478970368127136,3.20327082679931,-4.709530201312334
998300365,379399457,2022-12-13 00:00:00,224,0.1792,0,0.8945575232806472,-0.5346540417096837,3.725693427236652,-0.6440117288914653,-0.8545091198984337,4.152164133110928,-7.1929342212158
998300365,184224,2022-12-13 00:00:00,220,0.176,0,0.8945575232806472,-0.5346540417096837,3.725693427236652,-0.3437623358847412,1.2327923124935216,1.4663370687934263,-5.793013608384144
165933,274730300,2022-12-14 00:00:00,53,0.4308943089430894,0,-2.116231443101704,3.885756662383909,-3.143368272360055,1.996059613783636,,2.19722457733622,-2.8903717578961645
165933,199441,2022-12-14 00:00:00,52,0.4227642276422764,0,-2.116231443101704,3.885756662383909,-3.143368272360055,1.57305424464622,-1.075159450206194,4.879006851617819,-2.302585092994046
165933,160877,2022-12-14 00:00:00,51,0.4146341463414634,0,-2.116231443101704,3.885756662383909,-3.143368272360055,1.4557655730216918,,3.295836866004329,-3.295836866004329
165933,201504,2022-12-14 00:00:00,50,0.4065040650406504,0,-2.116231443101704,3.885756662383909,-3.143368272360055,2.1697869623379344,,2.302585092994046,-3.1354942159291497
165933,141024,2022-12-14 00:00:00,50,0.4065040650406504,0,-2.116231443101704,3.885756662383909,-3.143368272360055,1.105391918925987,-0.4394274259341839,5.332718793265369,-3.737669618283368
165933,4683,2022-12-14 00:00:00,50,0.4065040650406504,0,-2.116231443101704,3.885756662383909,-3.143368272360055,-0.0093260253137389,-1.9135267553095203,7.014365014040395,-3.951243718581428
165933,279900070,2022-12-14 00:00:00,50,0.4065040650406504,0,-2.116231443101704,3.885756662383909,-3.143368272360055,1.2545556767784818,,6.212606095751519,-4.976733742420574
165933,141740,2022-12-14 00:00:00,49,0.3983739837398374,0,-2.116231443101704,3.885756662383909,-3.143368272360055,2.040171414718006,,2.19722457733622,-2.995732273553991
165933,160759,2022-12-14 00:00:00,49,0.3983739837398374,0,-2.116231443101704,3.885756662383909,-3.143368272360055,2.018541719802845,0.0890907952216515,1.3862943611198906,-2.833213344056216
290628,143924,2022-12-14 00:00:00,36,0.4931506849315068,0,,,6.42648845745769,0.2978956708036073,,5.468060141135132,-5.82600010738045
290628,2106,2022-12-14 00:00:00,35,0.4794520547945205,0,,,6.42648845745769,-0.1574585155005367,1.8949638377446627,1.01160091167848,-3.044522437723423
290628,3768,2022-12-14 00:00:00,35,0.4794520547945205,0,,,6.42648845745769,1.2277411127339777,0.7467530832654775,0.8157495026522779,-4.07753744390572
290628,142550,2022-12-14 00:00:00,35,0.4794520547945205,0,,,6.42648845745769,-0.0654381897075671,,6.3473892096560105,-3.4011973816621555
128249,279900070,2022-12-14 00:00:00,49,0.4049586776859504,0,,,5.529429087511423,1.2545556767784818,,6.212606095751519,-4.976733742420574
128249,274730300,2022-12-14 00:00:00,46,0.3801652892561983,0,,,5.529429087511423,1.996059613783636,,2.19722457733622,-2.8903717578961645
128249,166462,2022-12-14 00:00:00,44,0.3636363636363636,0,,,5.529429087511423,2.223063429220052,0.3441128938096831,1.6094379124341005,-3.7612001156935615
128249,1736,2022-12-14 00:00:00,44,0.3636363636363636,0,,,5.529429087511423,-2.676170064022286,0.3069713244149907,1.685505070226326,-6.234410725718371
128249,160759,2022-12-14 00:00:00,44,0.3636363636363636,0,,,5.529429087511423,2.018541719802845,0.0890907952216515,1.3862943611198906,-2.833213344056216
128249,141335,2022-12-14 00:00:00,43,0.3553719008264462,0,,,5.529429087511423,1.1732164013128856,,6.2766434893416445,-3.367295829986474
140761,100503,2022-12-15 00:00:00,33,0.3793103448275862,0,,,5.916202062607435,0.8532252854976081,-0.4545242068744932,2.0037297199441397,-5.204006687076795
140761,133400,2022-12-15 00:00:00,32,0.367816091954023,0,,,5.916202062607435,2.648213694852414,,0.6931471805599453,-2.302585092994046
140761,141592,2022-12-15 00:00:00,31,0.3563218390804598,0,,,5.916202062607435,-0.3581581446007105,,6.0867747269123065,-5.476463551931511
140761,267,2022-12-15 00:00:00,30,0.3448275862068966,0,,,5.916202062607435,1.051544432557334,0.3516086019549892,0.9858167945227652,-7.113956109566034
265044,44620,2022-12-15 00:00:00,43,0.5119047619047619,1,,,4.672828834461906,-1.0741925453611063,1.4764567491087257,0.0779036694247867,-6.077642243349034
265044,2106,2022-12-15 00:00:00,39,0.4642857142857143,0,,,4.672828834461906,-0.5344841212746836,0.0049179044369642,0.9829017926136993,-2.3978952727983707
265044,116279,2022-12-15 00:00:00,38,0.4523809523809524,0,,,4.672828834461906,1.878950535410369,0.0,0.0,-1.3862943611198906
265044,168578,2022-12-15 00:00:00,38,0.4523809523809524,0,,,4.672828834461906,1.878950535410369,,0.6931471805599453,-6.853299093186078
265044,146782,2022-12-15 00:00:00,38,0.4523809523809524,0,,,4.672828834461906,-1.185495566185867,,5.723585101952381,-4.7535901911063645
214488,160877,2022-12-15 00:00:00,44,0.3859649122807017,0,0.1547923184577342,1.800748609414563,-3.416235259026696,1.4557655730216918,,3.295836866004329,-2.995732273553991
214488,279900070,2022-12-15 00:00:00,44,0.3859649122807017,0,0.1547923184577342,1.800748609414563,-3.416235259026696,1.568029071721201,4.222494405286189,-2.116867947198952,-4.867534450455582
214488,125161,2022-12-15 00:00:00,43,0.3771929824561403,0,0.1547923184577342,1.800748609414563,-3.416235259026696,1.5295497422146849,-0.3494007931956842,3.3672958299864737,-3.4011973816621555
214488,127089,2022-12-15 00:00:00,43,0.3771929824561403,0,0.1547923184577342,1.800748609414563,-3.416235259026696,1.779215403531987,,2.3978952727983707,-2.70805020110221
214488,205902,2022-12-15 00:00:00,43,0.3771929824561403,0,0.1547923184577342,1.800748609414563,-3.416235259026696,2.0710316340453825,0.1920810986350134,2.0149030205422647,-1.3862943611198906
214488,164851,2022-12-15 00:00:00,43,0.3771929824561403,0,0.1547923184577342,1.800748609414563,-3.416235259026696,1.9449712408782949,0.9713529390563912,0.6061358035703157,-2.6390573296152584
214488,141233,2022-12-15 00:00:00,42,0.3684210526315789,0,0.1547923184577342,1.800748609414563,-3.416235259026696,1.5801297471145872,2.614332513835234,-3.162162463011311,-2.3978952727983707
214488,189226,2022-12-15 00:00:00,42,0.3684210526315789,0,0.1547923184577342,1.800748609414563,-3.416235259026696,1.8951197459082736,,2.19722457733622,-2.833213344056216
91578,178412,2022-12-16 00:00:00,33,0.4852941176470588,0,,,5.908082938168931,1.878950535410369,,0.6931471805599453,-7.166265974133638
91578,105839,2022-12-16 00:00:00,31,0.4558823529411764,0,,,5.908082938168931,-0.0867359089174151,,5.468060141135132,-7.075808863978387
91578,108108,2022-12-16 00:00:00,31,0.4558823529411764,0,,,5.908082938168931,-2.054164573414171,,6.156978985585555,0.0
168830,163819,2022-12-17 00:00:00,41,0.431578947368421,0,0.5609869972715846,1.1291918614834715,-1.8325814637483104,1.8402095862822356,0.0726361143885989,1.3862943611198906,-1.9459101490553128
168830,2787,2022-12-17 00:00:00,41,0.431578947368421,0,0.5609869972715846,1.1291918614834715,-1.8325814637483104,1.8297977149722389,-0.2667188048840536,1.981001468866584,-4.976733742420574
168830,218977,2022-12-17 00:00:00,40,0.4210526315789473,0,0.5609869972715846,1.1291918614834715,-1.8325814637483104,1.9901524277157407,,2.4849066497880004,-2.079441541679836
168830,264,2022-12-17 00:00:00,40,0.4210526315789473,0,0.5609869972715846,1.1291918614834715,-1.8325814637483104,1.326740033559507,-0.1866212958993771,0.8266785731844681,-6.57507584059962
168830,141335,2022-12-17 00:00:00,40,0.4210526315789473,0,0.5609869972715846,1.1291918614834715,-1.8325814637483104,1.842010908890033,4.547028461980816,-3.547699840651157,-3.044522437723423
168830,127089,2022-12-17 00:00:00,40,0.4210526315789473,0,0.5609869972715846,1.1291918614834715,-1.8325814637483104,1.8585406826130637,,2.6390573296152584,-2.6390573296152584
168830,141024,2022-12-17 00:00:00,40,0.4210526315789473,0,0.5609869972715846,1.1291918614834715,-1.8325814637483104,1.7621206666554972,1.5658575623823408,-3.9334582861482112,-3.49650756146648
168830,47439,2022-12-17 00:00:00,39,0.4105263157894737,0,0.5609869972715846,1.1291918614834715,-1.8325814637483104,2.035715798856502,1.6715278111486558,-1.7429693050586228,0.0
168830,166745,2022-12-17 00:00:00,39,0.4105263157894737,0,0.5609869972715846,1.1291918614834715,-1.8325814637483104,1.969847169320594,,2.079441541679836,-3.4657359027997265
168830,417754956,2022-12-17 00:00:00,39,0.4105263157894737,0,0.5609869972715846,1.1291918614834715,-1.8325814637483104,2.3393293100565797,0.794509965196408,1.0986122886681098,-1.3862943611198906
168830,141728,2022-12-17 00:00:00,39,0.4105263157894737,0,0.5609869972715846,1.1291918614834715,-1.8325814637483104,1.7675456173668742,-0.1114049180434948,1.7047480922384253,0.0
168830,168829,2022-12-17 00:00:00,39,0.4105263157894737,0,0.5609869972715846,1.1291918614834715,-1.8325814637483104,2.0315685431514363,0.1526180077410672,1.3862943611198906,-2.6390573296152584
178298,279900070,2022-12-17 00:00:00,56,0.4087591240875912,0,0.3126387937491429,1.6163521813758788,-3.833645577073671,1.6583845349361996,4.312849868501187,-2.05127066471314,-4.532599493153256
178298,166745,2022-12-17 00:00:00,50,0.364963503649635,0,0.3126387937491429,1.6163521813758788,-3.833645577073671,1.969847169320594,,2.079441541679836,-3.4657359027997265
178298,121437,2022-12-17 00:00:00,48,0.3503649635036496,0,0.3126387937491429,1.6163521813758788,-3.833645577073671,1.868368245140503,1.7456708354930293,-2.782408768420757,-3.5263605246161616
178298,166462,2022-12-17 00:00:00,48,0.3503649635036496,0,0.3126387937491429,1.6163521813758788,-3.833645577073671,2.234440813605323,0.3554902781949538,1.3862943611198906,-3.258096538021482
178298,3378,2022-12-17 00:00:00,47,0.3430656934306569,0,0.3126387937491429,1.6163521813758788,-3.833645577073671,-2.58536152783067,0.0746080650738258,0.972889411573199,-5.981414211254481
178298,141335,2022-12-17 00:00:00,47,0.3430656934306569,0,0.3126387937491429,1.6163521813758788,-3.833645577073671,1.842010908890033,4.547028461980816,-3.547699840651157,-3.044522437723423
178298,160877,2022-12-17 00:00:00,46,0.3357664233576642,0,0.3126387937491429,1.6163521813758788,-3.833645577073671,2.074101615835039,2.094383172660684,-0.8472978603872034,-2.5649493574615367
178298,141740,2022-12-17 00:00:00,46,0.3357664233576642,0,0.3126387937491429,1.6163521813758788,-3.833645577073671,1.9203776196728024,-0.7278360751796116,1.6094379124341005,-2.4849066497880004
178298,169396,2022-12-17 00:00:00,45,0.3284671532846715,0,0.3126387937491429,1.6163521813758788,-3.833645577073671,1.9547929934530204,1.139192721910554,-1.4423838277709344,-3.044522437723423
162321,279900070,2022-12-18 00:00:00,52,0.40625,0,0.2807439779728537,2.213617084991152,-3.921973336281314,1.8484773800789625,2.6119745800062995,-2.1270203186629706,-4.30406509320417
162321,160877,2022-12-18 00:00:00,51,0.3984375,0,0.2807439779728537,2.213617084991152,-3.921973336281314,2.2635821151313915,1.6156330842193996,-1.6094379124341005,-2.19722457733622
162321,166745,2022-12-18 00:00:00,50,0.390625,0,0.2807439779728537,2.213617084991152,-3.921973336281314,2.07126632527088,0.5070957797514304,0.2231435513142097,-3.367295829986474
162321,3286,2022-12-18 00:00:00,48,0.375,0,0.2807439779728537,2.213617084991152,-3.921973336281314,1.4715125675658236,0.96364344067836,-2.8363045366258888,-2.079441541679836
162321,125161,2022-12-18 00:00:00,48,0.375,0,0.2807439779728537,2.213617084991152,-3.921973336281314,1.8199948187878872,0.2851652889174016,1.754019141245208,-2.70805020110221
162321,142598,2022-12-18 00:00:00,48,0.375,0,0.2807439779728537,2.213617084991152,-3.921973336281314,2.0008492785665037,0.1218987431561342,1.466337068793427,-2.3978952727983707
162321,160759,2022-12-18 00:00:00,47,0.3671875,0,0.2807439779728537,2.213617084991152,-3.921973336281314,2.216310314901496,0.571019517000871,0.0,-1.3862943611198906
202585,88772,2022-12-19 00:00:00,55,0.39568345323741,0,-0.3789014722471872,2.4080158675417715,-1.851351566430301,1.959889261754148,1.718782120166629,-3.4657359027997265,-3.332204510175204
202585,2787,2022-12-19 00:00:00,54,0.3884892086330935,0,-0.3789014722471872,2.4080158675417715,-1.851351566430301,1.8860862713298667,0.1634759096375406,0.9555114450274362,-4.477336814478207
202585,160877,2022-12-19 00:00:00,54,0.3884892086330935,0,-0.3789014722471872,2.4080158675417715,-1.851351566430301,2.3917926417050657,1.3335097759602814,-1.871802176901592,-1.3862943611198906
202585,141944,2022-12-19 00:00:00,54,0.3884892086330935,0,-0.3789014722471872,2.4080158675417715,-1.851351566430301,2.2635821151313915,0.647830343320827,-0.9555114450274363,-1.3862943611198906
202585,168829,2022-12-19 00:00:00,53,0.381294964028777,0,-0.3789014722471872,2.4080158675417715,-1.851351566430301,2.1522050516146587,0.4636548638837121,0.4054651081081646,-2.302585092994046
202585,279900070,2022-12-19 00:00:00,53,0.381294964028777,0,-0.3789014722471872,2.4080158675417715,-1.851351566430301,1.8484773800789625,1.731158668227064,-2.129038482819208,-3.8918202981106265
202585,190175,2022-12-19 00:00:00,53,0.381294964028777,0,-0.3789014722471872,2.4080158675417715,-1.851351566430301,1.639148595295802,1.643248759679266,-3.667826044916104,-1.9459101490553128
202585,166462,2022-12-19 00:00:00,52,0.3741007194244604,0,-0.3789014722471872,2.4080158675417715,-1.851351566430301,2.223063429220052,0.2353299015867214,0.5108256237659909,-2.772588722239781
202585,121437,2022-12-19 00:00:00,52,0.3741007194244604,0,-0.3789014722471872,2.4080158675417715,-1.851351566430301,2.270796456441509,1.855144660421877,-3.567966525448625,-3.091042453358316
136371,92471,2022-12-20 00:00:00,36,0.4615384615384615,0,0.8465875187907186,-4.033634784168286,4.896773133183109,0.4741206295634495,0.2555890343627977,-0.3101549283038394,0.0
136371,192462,2022-12-20 00:00:00,36,0.4615384615384615,0,0.8465875187907186,-4.033634784168286,4.896773133183109,-2.0524223532451997,,5.4638318050256105,0.0
136371,428317,2022-12-20 00:00:00,35,0.4487179487179487,0,0.8465875187907186,-4.033634784168286,4.896773133183109,1.3627690271005437,-0.5161815083098253,1.3862943611198904,0.0
136371,72436,2022-12-20 00:00:00,35,0.4487179487179487,0,0.8465875187907186,-4.033634784168286,4.896773133183109,-2.0559067935831425,,6.159095388491933,-5.916202062607435
136371,138610,2022-12-20 00:00:00,35,0.4487179487179487,0,0.8465875187907186,-4.033634784168286,4.896773133183109,-2.0508098151335856,-3.4135788422341293,4.478756261132434,0.0
322383,205902,2022-12-22 00:00:00,50,0.3472222222222222,0,0.8133439440707263,0.9082165963941832,-3.526360524616161,2.167424220201136,0.2567730899855951,-0.2876820724517808,0.0
322383,188443,2022-12-22 00:00:00,49,0.3402777777777778,0,0.8133439440707263,0.9082165963941832,-3.526360524616161,2.156533489405965,0.4178691631225346,-0.8690378470236095,0.0
322383,2113,2022-12-22 00:00:00,49,0.3402777777777778,0,0.8133439440707263,0.9082165963941832,-3.526360524616161,-1.4994385717185703,0.2256759461292163,-0.0076084566881542,0.0
322383,3378,2022-12-22 00:00:00,49,0.3402777777777778,0,0.8133439440707263,0.9082165963941832,-3.526360524616161,-2.4934615944517824,0.1698364096885347,0.2135199276498145,0.0
322383,291722,2022-12-22 00:00:00,48,0.3333333333333333,0,0.8133439440707263,0.9082165963941832,-3.526360524616161,2.10385705507112,0.227813989981352,-0.154150679827258,0.0
322383,169529,2022-12-22 00:00:00,48,0.3333333333333333,0,0.8133439440707263,0.9082165963941832,-3.526360524616161,2.240903936106988,0.7581334976867591,-1.7578579175523732,0.0
322383,140469,2022-12-22 00:00:00,48,0.3333333333333333,0,0.8133439440707263,0.9082165963941832,-3.526360524616161,1.4306684255105455,0.360829468598804,-2.39789527279837,0.0
322383,47439,2022-12-22 00:00:00,48,0.3333333333333333,0,0.8133439440707263,0.9082165963941832,-3.526360524616161,2.227954247723448,0.7196313018149645,-2.257122718917288,0.0
322383,166745,2022-12-22 00:00:00,48,0.3333333333333333,0,0.8133439440707263,0.9082165963941832,-3.526360524616161,2.032803167298778,0.0023582420380336,0.0,0.0
185436,84747,2022-12-23 00:00:00,35,0.4666666666666667,0,-0.0884781290863867,0.3571404046640443,1.085927129140794,0.2978956708036073,,5.468060141135132,0.0
185436,197679,2022-12-23 00:00:00,34,0.4533333333333333,0,-0.0884781290863867,0.3571404046640443,1.085927129140794,-2.054164573414171,-1.31103836960818,-0.0021164029063776,0.0
185436,126905,2022-12-23 00:00:00,33,0.44,0,-0.0884781290863867,0.3571404046640443,1.085927129140794,1.6438504030620598,,2.302585092994046,0.0
166461,47328,2022-12-23 00:00:00,41,0.41,0,1.1560036282804116,0.54356648566777,-2.0014800002101243,1.811860723125821,0.2447938200890655,-0.060624621816435,0.0
166461,164719,2022-12-23 00:00:00,41,0.41,0,1.1560036282804116,0.54356648566777,-2.0014800002101243,1.766396352058221,2.04916777297276,-4.6162200221746765,0.0
166461,215200,2022-12-23 00:00:00,41,0.41,0,1.1560036282804116,0.54356648566777,-2.0014800002101243,1.9042007299957813,0.5497817328150327,-0.9162907318741552,0.0
166461,3286,2022-12-23 00:00:00,40,0.4,0,1.1560036282804116,0.54356648566777,-2.0014800002101243,1.621925990540312,0.7043015277084422,-2.876129401180621,0.0
166461,140573,2022-12-23 00:00:00,40,0.4,0,1.1560036282804116,0.54356648566777,-2.0014800002101243,2.0775788739172336,0.0063125486463535,0.6931471805599456,0.0
166461,354001666,2022-12-23 00:00:00,40,0.4,0,1.1560036282804116,0.54356648566777,-2.0014800002101243,1.9042007299957813,0.3358362480393606,-0.2513144282809063,0.0
166461,80049,2022-12-23 00:00:00,40,0.4,0,1.1560036282804116,0.54356648566777,-2.0014800002101243,1.9138763303254207,1.0112683327401757,-3.415903529051851,0.0
166461,80209,2022-12-23 00:00:00,40,0.4,0,1.1560036282804116,0.54356648566777,-2.0014800002101243,2.07126632527088,1.0513436495486013,-3.927896354584436,0.0
166461,168545,2022-12-23 00:00:00,40,0.4,0,1.1560036282804116,0.54356648566777,-2.0014800002101243,1.6999538703099124,-0.2450173705683824,2.302585092994045,0.0
166461,1734,2022-12-23 00:00:00,39,0.39,0,1.1560036282804116,0.54356648566777,-2.0014800002101243,0.7260975401617671,0.0694897590947335,0.2651077504132422,0.0
65725,8733,2022-12-23 00:00:00,52,0.3537414965986394,0,-0.2721339972093373,2.3514355675822305,-3.271985650182149,0.7635513313131458,0.0365560051971743,-0.1204461530758669,0.0
65725,125162,2022-12-23 00:00:00,52,0.3537414965986394,0,-0.2721339972093373,2.3514355675822305,-3.271985650182149,1.912617461524252,-0.0410987975724737,-0.5108256237659909,0.0
65725,141335,2022-12-23 00:00:00,52,0.3537414965986394,0,-0.2721339972093373,2.3514355675822305,-3.271985650182149,2.240903936106988,2.17488671166955,-3.966511190712216,0.0
65725,3324,2022-12-23 00:00:00,50,0.3401360544217687,0,-0.2721339972093373,2.3514355675822305,-3.271985650182149,-2.5082514639434588,0.194481639856229,0.0959897584917097,0.0
65725,88772,2022-12-23 00:00:00,49,0.3333333333333333,0,-0.2721339972093373,2.3514355675822305,-3.271985650182149,1.8873672669388395,1.2316650528083812,-3.590439381300684,0.0
65725,162883,2022-12-23 00:00:00,49,0.3333333333333333,0,-0.2721339972093373,2.3514355675822305,-3.271985650182149,1.867272131341826,0.8193389861579135,0.2076393647782444,0.0
65725,169396,2022-12-23 00:00:00,48,0.3265306122448979,0,-0.2721339972093373,2.3514355675822305,-3.271985650182149,1.5683378013129503,0.2320117555546019,-1.471816534558053,0.0
108114,280286,2022-12-24 00:00:00,35,0.6862745098039216,1,-1.4433124696238198,0.8610564666794233,-0.1438646397442555,0.0238170814066522,-0.8227704373840663,5.120556821081644,0.0
108114,145996,2022-12-24 00:00:00,34,0.6666666666666666,1,-1.4433124696238198,0.8610564666794233,-0.1438646397442555,0.7537458915128002,-0.0231154215006945,-0.3784364357202454,0.0
108114,58407,2022-12-24 00:00:00,33,0.6470588235294118,1,-1.4433124696238198,0.8610564666794233,-0.1438646397442555,-0.800897390495929,0.3692739293079244,1.4034158118919144,0.0
108114,253402,2022-12-24 00:00:00,33,0.6470588235294118,1,-1.4433124696238198,0.8610564666794233,-0.1438646397442555,-0.5823444403667861,-2.1271637852269576,4.809470649500821,0.0
108114,267464,2022-12-24 00:00:00,33,0.6470588235294118,1,-1.4433124696238198,0.8610564666794233,-0.1438646397442555,0.1815355140004591,0.7209375397121071,0.5882476006097503,0.0
108114,138609,2022-12-24 00:00:00,32,0.6274509803921569,1,-1.4433124696238198,0.8610564666794233,-0.1438646397442555,1.3343415868246444,0.5977931374908108,-0.1335313926245225,0.0
108114,143924,2022-12-24 00:00:00,31,0.6078431372549019,1,-1.4433124696238198,0.8610564666794233,-0.1438646397442555,-1.8005708513109888,-2.098466522114596,1.6491453620292127,0.0
108114,139856,2022-12-24 00:00:00,31,0.6078431372549019,1,-1.4433124696238198,0.8610564666794233,-0.1438646397442555,0.591522035268465,-0.3820962665534385,1.1526795099383853,0.0
108114,142546,2022-12-24 00:00:00,30,0.5882352941176471,1,-1.4433124696238198,0.8610564666794233,-0.1438646397442555,-2.028957007934692,0.3069462134293981,-0.0259886378088172,0.0
108114,92479,2022-12-24 00:00:00,30,0.5882352941176471,1,-1.4433124696238198,0.8610564666794233,-0.1438646397442555,-0.3117717920342427,-1.2853900938561462,3.7416300194994654,0.0
108114,91600,2022-12-24 00:00:00,30,0.5882352941176471,1,-1.4433124696238198,0.8610564666794233,-0.1438646397442555,0.9551758310714464,3.018007614247843,-2.5320245727650708,0.0
141734,159892,2022-12-24 00:00:00,44,0.419047619047619,0,0.0010211759669388,1.8908647278417536,-4.706823839714591,2.2376787359971084,0.3354426428945136,0.2623642644674908,0.0
141734,166745,2022-12-24 00:00:00,44,0.419047619047619,0,0.0010211759669388,1.8908647278417536,-4.706823839714591,2.0429032451329427,0.0503319173347922,0.0,0.0
141734,164719,2022-12-24 00:00:00,42,0.4,0,0.0010211759669388,1.8908647278417536,-4.706823839714591,1.766396352058221,2.04916777297276,-4.6162200221746765,0.0
141734,80049,2022-12-24 00:00:00,41,0.3904761904761905,0,0.0010211759669388,1.8908647278417536,-4.706823839714591,1.9138763303254207,1.0112683327401757,-3.415903529051851,0.0
141734,153184,2022-12-24 00:00:00,41,0.3904761904761905,0,0.0010211759669388,1.8908647278417536,-4.706823839714591,2.16090171937836,0.1369071943373754,0.5877866649021193,0.0
141734,160877,2022-12-24 00:00:00,41,0.3904761904761905,0,0.0010211759669388,1.8908647278417536,-4.706823839714591,2.1866557991871867,0.7308902261654948,-1.5040773967762742,0.0
52859,44620,2022-12-29 00:00:00,38,0.3619047619047619,0,2.648213694852414,-4.991762581803233,5.123963979403259,-0.9903185243522228,0.0838740210088835,0.0232814748225589,0.0
52859,3768,2022-12-29 00:00:00,38,0.3619047619047619,0,2.648213694852414,-4.991762581803233,5.123963979403259,0.977395680722031,-0.2202771808640142,2.203378442910598,0.0
52859,106153,2022-12-29 00:00:00,37,0.3523809523809524,0,2.648213694852414,-4.991762581803233,5.123963979403259,-0.7745584302533435,,3.9318256327243257,0.0
52859,84747,2022-12-29 00:00:00,37,0.3523809523809524,0,2.648213694852414,-4.991762581803233,5.123963979403259,-0.2868318077795855,1.7655905454656138,0.3969544184402549,0.0
86171,146951,2023-01-03 00:00:00,38,0.6333333333333333,1,-1.8826612215067,1.794183092420313,0.2095804847665894,-2.1021180362607748,-0.0462112426776322,1.0377239189930971,0.0
86171,79446,2023-01-03 00:00:00,37,0.6166666666666667,1,-1.8826612215067,1.794183092420313,0.2095804847665894,0.8465875187907186,-1.0323630166196505,0.8472978603872034,0.0
86171,133649,2023-01-03 00:00:00,37,0.6166666666666667,1,-1.8826612215067,1.794183092420313,0.2095804847665894,-1.4064416672251712,1.3860127286382786,-1.86503167033438,0.0
86171,128049,2023-01-03 00:00:00,36,0.6,1,-1.8826612215067,1.794183092420313,0.2095804847665894,0.7022936960443014,,4.990432586778736,0.0
86171,57978,2023-01-03 00:00:00,35,0.5833333333333334,1,-1.8826612215067,1.794183092420313,0.2095804847665894,1.878950535410369,2.9187902152574,-5.393627546352361,0.0
193859,49488,2023-01-07 00:00:00,29,0.5,1,,,4.762173934797756,-2.066158107037509,,6.171700597410915,0.0
193859,84584,2023-01-07 00:00:00,29,0.5,1,,,4.762173934797756,-0.1911006441624938,0.4906591182054468,-0.6211736809348558,0.0
193859,144522,2023-01-07 00:00:00,29,0.5,1,,,4.762173934797756,-1.3234464124921177,-1.5466087219001874,1.1846027365236322,0.0
193859,116275,2023-01-07 00:00:00,29,0.5,1,,,4.762173934797756,-1.445994686028895,,4.736198448394496,0.0
193859,64519,2023-01-07 00:00:00,29,0.5,1,,,4.762173934797756,0.6394871112717054,,2.19722457733622,0.0
89149,267,2023-01-07 00:00:00,34,0.5,1,-0.5142187715963917,-1.1810571554342582,-0.7955621859880146,0.2346479069700562,-0.634956749650837,1.7290493409205985,0.0
89149,99544,2023-01-07 00:00:00,32,0.4705882352941176,0,-0.5142187715963917,-1.1810571554342582,-0.7955621859880146,-1.188818037786358,,6.093569770045136,0.0
89149,3768,2023-01-07 00:00:00,32,0.4705882352941176,0,-0.5142187715963917,-1.1810571554342582,-0.7955621859880146,1.2547552780396851,0.2496942130708481,-2.340167804143089,0.0
89149,92824,2023-01-07 00:00:00,32,0.4705882352941176,0,-0.5142187715963917,-1.1810571554342582,-0.7955621859880146,-1.2317485705023838,-1.8712356817740887,3.2364974262180204,0.0
89149,44620,2023-01-07 00:00:00,32,0.4705882352941176,0,-0.5142187715963917,-1.1810571554342582,-0.7955621859880146,-0.1429506334604588,0.7438176871322575,0.398437672300707,0.0
109126,88772,2023-01-07 00:00:00,46,0.3709677419354839,0,1.4874810409807466,0.3353994762447978,-1.5723966407537513,1.6533054087592205,-0.2357452044853134,0.8266785731844679,0.0
109126,20271,2023-01-07 00:00:00,46,0.3709677419354839,0,1.4874810409807466,0.3353994762447978,-1.5723966407537513,0.4199716383023431,-0.2209740039661307,0.5531599875925517,0.0
109126,127090,2023-01-07 00:00:00,45,0.3629032258064516,0,1.4874810409807466,0.3353994762447978,-1.5723966407537513,1.8470407984431456,0.0038609463596201,-0.8472978603872034,0.0
109126,166745,2023-01-07 00:00:00,45,0.3629032258064516,0,1.4874810409807466,0.3353994762447978,-1.5723966407537513,1.9964649763620936,-0.0464382687708488,0.6190392084062235,0.0
109126,141037,2023-01-07 00:00:00,45,0.3629032258064516,0,1.4874810409807466,0.3353994762447978,-1.5723966407537513,2.0429032451329427,1.142907844161784,-2.9139022553063585,0.0
109126,125737,2023-01-07 00:00:00,45,0.3629032258064516,0,1.4874810409807466,0.3353994762447978,-1.5723966407537513,1.7908573351703376,-0.1953197496867309,-0.2513144282809063,0.0
141723,279900070,2023-01-07 00:00:00,49,0.3656716417910448,0,1.7222171138448297,0.1910804452648042,0.6359887667199966,1.996059613783636,0.2618302786723094,-1.8632184332101995,0.0
141723,187546,2023-01-07 00:00:00,49,0.3656716417910448,0,1.7222171138448297,0.1910804452648042,0.6359887667199966,2.2078935833730253,-0.1838990583320403,0.6931471805599452,0.0
141723,1736,2023-01-07 00:00:00,49,0.3656716417910448,0,1.7222171138448297,0.1910804452648042,0.6359887667199966,-2.4013727164770464,0.0476218825793313,-0.0279947973782679,0.0
141723,8733,2023-01-07 00:00:00,47,0.3507462686567164,0,1.7222171138448297,0.1910804452648042,0.6359887667199966,0.5999390658731844,-0.2373524809127936,0.5058130819424465,0.0
141723,127089,2023-01-07 00:00:00,46,0.3432835820895522,0,1.7222171138448297,0.1910804452648042,0.6359887667199966,1.7954177377728195,-0.1913334714139181,-0.8472978603872034,0.0
141723,190175,2023-01-07 00:00:00,46,0.3432835820895522,0,1.7222171138448297,0.1910804452648042,0.6359887667199966,1.7021584506780083,0.2287244870110036,-0.949080554697146,0.0
141723,3286,2023-01-07 00:00:00,45,0.3358208955223881,0,1.7222171138448297,0.1910804452648042,0.6359887667199966,-0.0425470551521289,-1.6216356215474317,1.372308119145151,0.0
155123,127089,2023-01-08 00:00:00,43,0.4343434343434343,0,1.4681987334893656,0.6156926890742207,-1.6094379124341005,1.7954177377728195,-0.1913334714139181,-0.8472978603872034,0.0
155123,187461,2023-01-08 00:00:00,43,0.4343434343434343,0,1.4681987334893656,0.6156926890742207,-1.6094379124341005,2.1131686921569037,-0.0210802467475641,-0.0953101798043247,0.0
155123,80049,2023-01-08 00:00:00,42,0.4242424242424242,0,1.4681987334893656,0.6156926890742207,-1.6094379124341005,1.672373298053925,-0.2415030322714957,0.2006706954621511,0.0
155123,157049,2023-01-08 00:00:00,42,0.4242424242424242,0,1.4681987334893656,0.6156926890742207,-1.6094379124341005,1.7647103268027156,-0.1521155004857719,0.0,0.0
155123,168623,2023-01-08 00:00:00,42,0.4242424242424242,0,1.4681987334893656,0.6156926890742207,-1.6094379124341005,1.8470407984431456,0.2716590498417006,-2.606796467397037,0.0
155123,199441,2023-01-08 00:00:00,42,0.4242424242424242,0,1.4681987334893656,0.6156926890742207,-1.6094379124341005,2.0104882964038717,0.0397634030388429,-0.3101549283038394,0.0
155123,25213,2023-01-08 00:00:00,41,0.4141414141414141,0,1.4681987334893656,0.6156926890742207,-1.6094379124341005,1.702095455455685,0.184560450928706,0.0800427076735363,0.0
155123,127090,2023-01-08 00:00:00,41,0.4141414141414141,0,1.4681987334893656,0.6156926890742207,-1.6094379124341005,1.8470407984431456,0.0078354667292697,-0.7985076962177713,0.0
140394,214928,2023-01-08 00:00:00,45,0.3947368421052631,0,1.6158926636244015,0.4423286600009268,-2.251291798606495,2.119829561077148,0.1320960334438168,-0.4519851237430574,0.0
140394,162175,2023-01-08 00:00:00,45,0.3947368421052631,0,1.6158926636244015,0.4423286600009268,-2.251291798606495,1.832800145962364,0.3850845188633183,-1.4423838277709344,0.0
140394,432338,2023-01-08 00:00:00,44,0.3859649122807017,0,1.6158926636244015,0.4423286600009268,-2.251291798606495,2.119829561077148,-0.0239587590090404,-0.1335313926245225,0.0
140394,125737,2023-01-08 00:00:00,44,0.3859649122807017,0,1.6158926636244015,0.4423286600009268,-2.251291798606495,1.7908573351703376,-0.1953197496867309,-0.2513144282809063,0.0
140394,188444,2023-01-08 00:00:00,44,0.3859649122807017,0,1.6158926636244015,0.4423286600009268,-2.251291798606495,1.85755836416647,-0.1286187206905977,0.0,0.0
140394,199441,2023-01-08 00:00:00,44,0.3859649122807017,0,1.6158926636244015,0.4423286600009268,-2.251291798606495,2.0104882964038717,0.0397634030388429,-0.3101549283038394,0.0
140394,47328,2023-01-08 00:00:00,44,0.3859649122807017,0,1.6158926636244015,0.4423286600009268,-2.251291798606495,1.878950535410369,0.0598754709744304,-1.223775431622116,0.0
140394,186563,2023-01-08 00:00:00,44,0.3859649122807017,0,1.6158926636244015,0.4423286600009268,-2.251291798606495,2.1353715885577174,0.0574179126208798,-1.3217558399823195,0.0
140394,1736,2023-01-08 00:00:00,44,0.3859649122807017,0,1.6158926636244015,0.4423286600009268,-2.251291798606495,-2.4270415873209843,-0.0020489686969442,0.0125787822068588,0.0
132050,579,2023-01-11 00:00:00,366,0.742393509127789,1,1.8593824850298368,0.0981836503882878,-1.09861228866811,-1.448155829446169,-0.156936205178046,0.1733766570010004,0.0
132050,2142877002,2023-01-11 00:00:00,334,0.6774847870182555,1,1.8593824850298368,0.0981836503882878,-1.09861228866811,-2.6762375401646543,0.0825044649699169,-0.0913704180755878,0.0
132050,2142865418,2023-01-11 00:00:00,331,0.6713995943204868,1,1.8593824850298368,0.0981836503882878,-1.09861228866811,-2.7009537284223546,0.0831577052266832,-0.0874050002972115,0.0
132050,2142869226,2023-01-11 00:00:00,331,0.6713995943204868,1,1.8593824850298368,0.0981836503882878,-1.09861228866811,-2.6558846151407747,0.119352409550447,-0.1320280272509109,0.0
132050,2122725237,2023-01-11 00:00:00,331,0.6713995943204868,1,1.8593824850298368,0.0981836503882878,-1.09861228866811,-2.61578079213277,0.1598081048096071,-0.1912022631542118,0.0
460672638,296021,2023-01-13 00:00:00,15,0.1181102362204724,0,-0.1687837842546323,-0.4994976722584536,0.6061358035703153,2.648213694852414,0.4791751801808135,-0.6931471805599452,0.0
460672638,417796,2023-01-13 00:00:00,14,0.1102362204724409,0,-0.1687837842546323,-0.4994976722584536,0.6061358035703153,1.671344444597807,0.1380453519788167,0.5465437063680696,0.0
460672638,153265,2023-01-13 00:00:00,14,0.1102362204724409,0,-0.1687837842546323,-0.4994976722584536,0.6061358035703153,-0.2024239208704017,-0.7760875354752567,-1.269760544863939,0.0
460672638,105648,2023-01-13 00:00:00,14,0.1102362204724409,0,-0.1687837842546323,-0.4994976722584536,0.6061358035703153,0.8726194031555067,1.2523099246161908,-0.9328200338253656,0.0
460672638,331200,2023-01-13 00:00:00,13,0.1023622047244094,0,-0.1687837842546323,-0.4994976722584536,0.6061358035703153,1.3993246993243078,0.2660816766694323,-0.3448404862917296,0.0
460672638,75289,2023-01-13 00:00:00,13,0.1023622047244094,0,-0.1687837842546323,-0.4994976722584536,0.6061358035703153,1.2844690179264495,-0.2430699485719503,0.2006706954621511,0.0
460672638,218669,2023-01-13 00:00:00,13,0.1023622047244094,0,-0.1687837842546323,-0.4994976722584536,0.6061358035703153,0.654721448680733,-0.4226909902828958,0.8485612844339752,0.0
139004,374829922,2023-01-17 00:00:00,808,0.3203806502775575,0,-0.5467667841636181,1.7836085761908762,-2.8782209401136525,-0.1337117290993557,,3.1354942159291497,0.0
139004,314583,2023-01-17 00:00:00,770,0.3053132434575734,0,-0.5467667841636181,1.7836085761908762,-2.8782209401136525,1.3343415868246444,,1.9459101490553128,0.0
139004,289097382,2023-01-17 00:00:00,724,0.2870737509912767,0,-0.5467667841636181,1.7836085761908762,-2.8782209401136525,0.0848345668989738,-0.5325756538613614,1.494845270775972,0.0
139004,345577,2023-01-17 00:00:00,699,0.2771609833465503,0,-0.5467667841636181,1.7836085761908762,-2.8782209401136525,-2.259316940293917,-0.0423330082128132,-0.6664789334777836,0.0
139004,415632239,2023-01-17 00:00:00,698,0.2767644726407613,0,-0.5467667841636181,1.7836085761908762,-2.8782209401136525,0.8787741547074814,2.8049021622001704,-3.881563797943438,0.0
141427,46560,2023-01-18 00:00:00,35,0.5737704918032787,1,,,5.924255797414532,-1.7574993536845354,,5.10594547390058,0.0
141427,110379,2023-01-18 00:00:00,35,0.5737704918032787,1,,,5.924255797414532,1.5448193448601713,1.18548712024434,-4.430816798843313,0.0
141427,79446,2023-01-18 00:00:00,34,0.5573770491803278,1,,,5.924255797414532,0.8465875187907186,0.0,0.0,0.0
141427,81148,2023-01-18 00:00:00,34,0.5573770491803278,1,,,5.924255797414532,-1.2011468008742827,0.8119415871730509,-0.9852836033611068,0.0
141427,92480,2023-01-18 00:00:00,34,0.5573770491803278,1,,,5.924255797414532,-2.0559067935831425,0.0,0.6910352473568011,0.0
1394521477,974620977,2023-01-19 00:00:00,34,0.3953488372093023,0,0.9027855023704312,0.5471298029402014,-1.0874389880699842,-0.7717624186131726,0.1470283307791198,-0.3665021886109043,0.0
1394521477,1358238076,2023-01-19 00:00:00,34,0.3953488372093023,0,0.9027855023704312,0.5471298029402014,-1.0874389880699842,-1.242855308465305,0.6073694696436256,-1.7885642048487398,0.0
1394521477,1392114070,2023-01-19 00:00:00,34,0.3953488372093023,0,0.9027855023704312,0.5471298029402014,-1.0874389880699842,0.9167596907935917,0.6750041656622927,-0.8227646738633316,0.0
1394521477,1392108845,2023-01-19 00:00:00,33,0.3837209302325581,0,0.9027855023704312,0.5471298029402014,-1.0874389880699842,-2.5444841566175174,0.7910350889836066,-2.072264950541598,0.0
1394521477,1392108840,2023-01-19 00:00:00,32,0.3720930232558139,0,0.9027855023704312,0.5471298029402014,-1.0874389880699842,-1.1275102624738824,0.5963787557505651,-0.4750820045763637,0.0
1394521477,1393160937,2023-01-19 00:00:00,32,0.3720930232558139,0,0.9027855023704312,0.5471298029402014,-1.0874389880699842,1.0712990160361926,-0.1474330350537291,-0.2436220826577502,0.0
667378733,841595631,2023-01-19 00:00:00,7,0.1944444444444444,0,1.3077494923721014,0.0802697293138547,0.810930216216329,-0.7615897146120986,-0.4247134613555972,0.1114028301137883,0.0
667378733,799540388,2023-01-19 00:00:00,7,0.1944444444444444,0,1.3077494923721014,0.0802697293138547,0.810930216216329,-1.2518728200010645,0.3207440475793333,-0.4373352368736025,0.0
667378733,379,2023-01-19 00:00:00,7,0.1944444444444444,0,1.3077494923721014,0.0802697293138547,0.810930216216329,-0.5980201503508806,0.3855984213078165,-0.8468115027101888,0.0
331200,296021,2023-01-19 00:00:00,138,0.1808650065530799,0,1.51801718750427,-0.7431369859440153,0.6632942174102641,2.648213694852414,0.7187627702712203,-0.5108256237659905,0.0
331200,105648,2023-01-19 00:00:00,137,0.1795543905635648,0,1.51801718750427,-0.7431369859440153,0.6632942174102641,0.897869597740919,0.1482395907660765,-0.2468600779315259,0.0
331200,417796,2023-01-19 00:00:00,135,0.1769331585845347,0,1.51801718750427,-0.7431369859440153,0.6632942174102641,1.7849104824710451,0.3274263242644895,-0.1431008436406733,0.0
331200,441980,2023-01-19 00:00:00,131,0.1716906946264744,0,1.51801718750427,-0.7431369859440153,0.6632942174102641,0.8808780311823542,-1.14956689407839,2.03688192726104,0.0
331200,156247,2023-01-19 00:00:00,128,0.1677588466579292,0,1.51801718750427,-0.7431369859440153,0.6632942174102641,1.178739964939228,0.0513180885717461,-0.5753641449035616,0.0
331200,153265,2023-01-19 00:00:00,128,0.1677588466579292,0,1.51801718750427,-0.7431369859440153,0.6632942174102641,-0.2024239208704017,-2.131874845451596,2.120263536200091,0.0
2095638222,109519,2023-01-22 00:00:00,142,0.3198198198198198,0,0.9747980453643929,-2.7807860258927137,3.218875824868201,-0.9256802199579888,0.1947550922600901,-0.5219192399144941,0.0
125341,3768,2023-01-22 00:00:00,36,0.5373134328358209,1,,,1.9459101490553128,0.8554151181229813,-0.4108975081449514,2.079441541679836,0.0
125341,91605,2023-01-22 00:00:00,35,0.5223880597014925,1,,,1.9459101490553128,2.648213694852414,3.354125949968994,-3.157000421150113,0.0
125341,143924,2023-01-22 00:00:00,35,0.5223880597014925,1,,,1.9459101490553128,-2.0559067935831425,-1.994942099703772,0.4453625829825638,0.0
88621,49468,2023-01-23 00:00:00,74,0.4713375796178344,0,1.593350013891235,-0.7696379295011452,2.595254706956865,1.205379032155084,,2.302585092994046,0.0
88621,101857,2023-01-23 00:00:00,64,0.4076433121019108,0,1.593350013891235,-0.7696379295011452,2.595254706956865,1.5014071820997432,2.2302605840604643,-4.341638573768593,0.0
88621,105970,2023-01-23 00:00:00,56,0.3566878980891719,0,1.593350013891235,-0.7696379295011452,2.595254706956865,-0.2341345215935811,2.3878556195742973,-0.7320289681041521,0.0
88621,139558,2023-01-23 00:00:00,32,0.2038216560509554,0,1.593350013891235,-0.7696379295011452,2.595254706956865,-3.1576943257709997,,6.811244378601294,0.0
88621,126905,2023-01-23 00:00:00,30,0.1910828025477707,0,1.593350013891235,-0.7696379295011452,2.595254706956865,1.71188494013527,,1.3862943611198906,0.0
88621,91608,2023-01-23 00:00:00,29,0.1847133757961783,0,1.593350013891235,-0.7696379295011452,2.595254706956865,1.878950535410369,,0.6931471805599453,0.0
88621,144036,2023-01-23 00:00:00,29,0.1847133757961783,0,1.593350013891235,-0.7696379295011452,2.595254706956865,-2.020564951675293,0.0318574015699062,1.927544159909826,0.0
88621,44620,2023-01-23 00:00:00,29,0.1847133757961783,0,1.593350013891235,-0.7696379295011452,2.595254706956865,1.1238638287891176,1.6580333346156586,-4.94306997460049,0.0
341054,179745,2023-01-23 00:00:00,15,0.5172413793103449,1,,,1.6094379124341005,1.878950535410369,,0.6931471805599453,0.0
341054,127336,2023-01-23 00:00:00,14,0.4827586206896552,0,,,1.6094379124341005,1.2592188233410373,1.5250639456577977,-0.9932517730102832,0.0
341054,93819,2023-01-23 00:00:00,14,0.4827586206896552,0,,,1.6094379124341005,1.5448193448601713,-0.3341311905501978,0.4054651081081645,0.0
341054,45577,2023-01-23 00:00:00,14,0.4827586206896552,0,,,1.6094379124341005,1.878950535410369,3.017677737239903,-8.562357743370612,0.0
341054,136371,2023-01-23 00:00:00,13,0.4482758620689655,0,,,1.6094379124341005,1.878950535410369,1.2394634241386635,-1.0986122886681098,0.0
341054,428317,2023-01-23 00:00:00,13,0.4482758620689655,0,,,1.6094379124341005,1.878950535410369,2.623238219329008,-5.468060141135132,0.0
341054,55287,2023-01-23 00:00:00,13,0.4482758620689655,0,,,1.6094379124341005,-2.0628317831763967,,5.476463551931511,0.0
341054,49469,2023-01-23 00:00:00,13,0.4482758620689655,0,,,1.6094379124341005,0.9736183018219036,,1.791759469228055,0.0
341054,91574,2023-01-23 00:00:00,13,0.4482758620689655,0,,,1.6094379124341005,0.6993438119077314,0.0546789651683705,-0.7596369218287791,0.0
108115,290628,2023-01-24 00:00:00,26,0.7027027027027027,1,-0.6029174172272403,-0.2871025645791598,1.0048161136949991,1.7912505830178338,3.843668004273242,-4.362390660157022,0.0
108115,5212,2023-01-24 00:00:00,25,0.6756756756756757,1,-0.6029174172272403,-0.2871025645791598,1.0048161136949991,1.878950535410369,3.931372888655568,-4.770684624465665,0.0
108115,262933,2023-01-24 00:00:00,24,0.6486486486486487,1,-0.6029174172272403,-0.2871025645791598,1.0048161136949991,1.71188494013527,0.8095516744973801,-1.9095425048844383,0.0
108115,108108,2023-01-24 00:00:00,24,0.6486486486486487,1,-0.6029174172272403,-0.2871025645791598,1.0048161136949991,1.3077494923721014,,1.3862943611198906,0.0
108115,79446,2023-01-24 00:00:00,24,0.6486486486486487,1,-0.6029174172272403,-0.2871025645791598,1.0048161136949991,1.3627690271005437,,2.079441541679836,0.0
41413,149373265,2023-01-25 00:00:00,27,0.0423861852433281,0,1.497811446556539,0.048287524871291,-0.6931471805599454,-0.950144658076697,1.624459211358812,-1.4741638530891468,0.0
41413,985357938,2023-01-25 00:00:00,24,0.0376766091051805,0,1.497811446556539,0.048287524871291,-0.6931471805599454,-3.0049570867993904,-0.0978991950737131,-0.1727037145718988,0.0
41413,673711778,2023-01-25 00:00:00,24,0.0376766091051805,0,1.497811446556539,0.048287524871291,-0.6931471805599454,-0.2851670896507603,-2.164117625061129,4.849422700512536,0.0
41413,1392321470,2023-01-25 00:00:00,21,0.0329670329670329,0,1.497811446556539,0.048287524871291,-0.6931471805599454,-0.7052376208994406,-0.2452548345287262,-0.4538772718950952,0.0
300490,374829922,2023-01-25 00:00:00,893,0.4516944865958523,0,-2.1244738453207,1.85862872300394,-2.2686835413183646,-0.1337117290993557,,3.1354942159291497,0.0
53755,94652,2023-01-25 00:00:00,33,0.5,1,,,2.079441541679836,0.9851535075930502,0.1385659888023316,-0.0800427076735363,0.0
53755,84747,2023-01-25 00:00:00,32,0.4848484848484848,0,,,2.079441541679836,1.3077494923721014,,1.3862943611198906,0.0
53755,187271,2023-01-25 00:00:00,32,0.4848484848484848,0,,,2.079441541679836,1.6863239197208608,1.0468368084491555,0.2006706954621511,0.0
53755,310511,2023-01-25 00:00:00,31,0.4696969696969697,0,,,2.079441541679836,0.8457878395144928,,3.8501476017100575,0.0
53755,143925,2023-01-25 00:00:00,31,0.4696969696969697,0,,,2.079441541679836,1.577173124214214,2.1783409232877964,-3.405355391810819,0.0
53755,108208,2023-01-25 00:00:00,31,0.4696969696969697,0,,,2.079441541679836,1.1238638287891176,1.265291784440993,-2.8094026953624978,0.0
53755,190335,2023-01-25 00:00:00,31,0.4696969696969697,0,,,2.079441541679836,-0.4092825575358798,-2.288233092946249,5.8522024797744745,0.0
53755,92472,2023-01-25 00:00:00,31,0.4696969696969697,0,,,2.079441541679836,1.3077494923721014,1.889414327624164,-4.727387818712341,0.0
374829922,113434,2023-01-25 00:00:00,962,0.3825049701789264,0,,,3.1354942159291497,0.6788585975860353,,1.9459101490553128,0.0
41686,105648,2023-01-26 00:00:00,149,0.1817073170731707,0,1.191218989566502,-1.5438884374041182,0.0339015516756813,1.2017857770723217,0.329166373916815,-0.613104472886409,0.0
41686,218669,2023-01-26 00:00:00,148,0.1804878048780487,0,1.191218989566502,-1.5438884374041182,0.0339015516756813,1.73042457194909,0.8542039848048368,-2.940672496370964,0.0
41686,441980,2023-01-26 00:00:00,143,0.174390243902439,0,1.191218989566502,-1.5438884374041182,0.0339015516756813,-0.0027898006526756,-2.266371915784067,2.7080502011022096,0.0
41686,147739,2023-01-26 00:00:00,141,0.1719512195121951,0,1.191218989566502,-1.5438884374041182,0.0339015516756813,1.9294509245811935,0.0505003891708246,0.4054651081081645,0.0
41686,294723,2023-01-26 00:00:00,140,0.1707317073170731,0,1.191218989566502,-1.5438884374041182,0.0339015516756813,-0.2008672346673597,-0.0491339874072176,-0.2528855205129474,0.0
47294,206631,2023-01-26 00:00:00,287,0.5763052208835341,1,1.2248906197638096,0.4869943203714604,-1.9459101490553128,-0.9456605688409836,0.5479910086813797,-1.1413995638733183,0.0
47294,902,2023-01-26 00:00:00,123,0.2469879518072289,0,1.2248906197638096,0.4869943203714604,-1.9459101490553128,1.5032107345603407,1.3118655661647525,-3.008154793552548,0.0
47294,800,2023-01-26 00:00:00,117,0.2349397590361445,0,1.2248906197638096,0.4869943203714604,-1.9459101490553128,1.5448193448601713,,1.0986122886681098,0.0
104557,138291,2023-01-27 00:00:00,282,0.6225165562913907,1,2.2635821151313915,-0.587726664630756,1.897119984885881,-2.8744602207357426,-0.3490555407027553,-0.1510448163265678,0.0
104557,85358,2023-01-27 00:00:00,281,0.6203090507726269,1,2.2635821151313915,-0.587726664630756,1.897119984885881,1.775628792989219,-0.872584901863195,2.0149030205422647,0.0
104557,123802,2023-01-27 00:00:00,280,0.6181015452538632,1,2.2635821151313915,-0.587726664630756,1.897119984885881,1.347525797104044,-0.5314247383063251,2.079441541679836,0.0
104557,127580,2023-01-27 00:00:00,278,0.6136865342163356,1,2.2635821151313915,-0.587726664630756,1.897119984885881,1.1979867233258332,-1.0655953918055583,1.3862943611198906,0.0
104557,42756,2023-01-27 00:00:00,278,0.6136865342163356,1,2.2635821151313915,-0.587726664630756,1.897119984885881,0.9761536149894874,-1.3126786947273166,1.5581446180465497,0.0
104557,128310,2023-01-27 00:00:00,274,0.6048565121412803,1,2.2635821151313915,-0.587726664630756,1.897119984885881,1.774023872113396,-0.5063917060749368,0.1823215567939546,0.0
104557,52100,2023-01-27 00:00:00,272,0.6004415011037527,1,2.2635821151313915,-0.587726664630756,1.897119984885881,1.6022417927622294,,2.19722457733622,0.0
104557,54623,2023-01-27 00:00:00,272,0.6004415011037527,1,2.2635821151313915,-0.587726664630756,1.897119984885881,1.3179831711102263,-0.5609673643001427,1.6094379124341005,0.0
104557,138354,2023-01-27 00:00:00,271,0.5982339955849889,1,2.2635821151313915,-0.587726664630756,1.897119984885881,1.3627449656905208,-0.7434471544954111,1.0986122886681098,0.0
104557,137370,2023-01-27 00:00:00,271,0.5982339955849889,1,2.2635821151313915,-0.587726664630756,1.897119984885881,-0.1088914886353353,-0.7061498605520716,0.6341910134268263,0.0
126976,254422,2023-01-27 00:00:00,647,0.5050741608118657,1,1.9042007299957813,-0.6350852445531723,1.4469189829363256,1.875021261623996,-0.3885608535073959,0.6931471805599452,0.0
126976,166746,2023-01-27 00:00:00,646,0.5042935206869633,1,1.9042007299957813,-0.6350852445531723,1.4469189829363256,1.429641592753964,-0.449308942656405,1.1786549963416462,0.0
126976,253410,2023-01-27 00:00:00,252,0.1967213114754098,0,1.9042007299957813,-0.6350852445531723,1.4469189829363256,1.555084816961055,-0.3238657184493141,1.6094379124341005,0.0
126976,2026261587,2023-01-27 00:00:00,161,0.1256830601092896,0,1.9042007299957813,-0.6350852445531723,1.4469189829363256,-0.2634291548622863,-0.0207373028681144,-0.4495250979021952,0.0
126976,126826,2023-01-27 00:00:00,142,0.1108508977361436,0,1.9042007299957813,-0.6350852445531723,1.4469189829363256,-0.7736249639086697,,3.912023005428146,0.0
126976,188450,2023-01-27 00:00:00,135,0.1053864168618267,0,1.9042007299957813,-0.6350852445531723,1.4469189829363256,1.94263335449131,0.8028306625566712,-1.858898772065684,0.0
58120,128310,2023-01-27 00:00:00,345,0.675146771037182,1,1.9877335276333308,-0.3550893219304483,0.8472978603872034,1.774023872113396,-0.5063917060749368,0.1823215567939546,0.0
58120,123802,2023-01-27 00:00:00,345,0.675146771037182,1,1.9877335276333308,-0.3550893219304483,0.8472978603872034,1.347525797104044,-0.5314247383063251,2.079441541679836,0.0
58120,127580,2023-01-27 00:00:00,344,0.6731898238747553,1,1.9877335276333308,-0.3550893219304483,0.8472978603872034,1.1979867233258332,-1.0655953918055583,1.3862943611198906,0.0
58120,81147,2023-01-27 00:00:00,344,0.6731898238747553,1,1.9877335276333308,-0.3550893219304483,0.8472978603872034,1.8523430825995923,0.0847696107059559,0.9555114450274363,0.0
58120,42756,2023-01-27 00:00:00,338,0.6614481409001957,1,1.9877335276333308,-0.3550893219304483,0.8472978603872034,0.9761536149894874,-1.3126786947273166,1.5581446180465497,0.0
58120,52403,2023-01-27 00:00:00,338,0.6614481409001957,1,1.9877335276333308,-0.3550893219304483,0.8472978603872034,1.674065282582599,-0.5186091322039494,0.5389965007326871,0.0
58120,85358,2023-01-27 00:00:00,337,0.6594911937377691,1,1.9877335276333308,-0.3550893219304483,0.8472978603872034,1.775628792989219,-0.872584901863195,2.0149030205422647,0.0
58120,52100,2023-01-27 00:00:00,335,0.6555772994129159,1,1.9877335276333308,-0.3550893219304483,0.8472978603872034,1.6022417927622294,,2.19722457733622,0.0
58120,48774,2023-01-27 00:00:00,334,0.6536203522504892,1,1.9877335276333308,-0.3550893219304483,0.8472978603872034,1.5406254084232005,-0.3383251269871687,1.203972804325936,0.0
56647,121437,2023-01-27 00:00:00,48,0.2840236686390532,0,1.1523898980585086,-0.2147316483477689,-2.041983979144935,1.3428987449395675,-0.7924728436181496,1.1786549963416462,0.0
56647,208491,2023-01-27 00:00:00,45,0.2662721893491124,0,1.1523898980585086,-0.2147316483477689,-2.041983979144935,1.548664798101434,0.0764258360599063,-1.0185695809945732,0.0
56647,47059,2023-01-27 00:00:00,45,0.2662721893491124,0,1.1523898980585086,-0.2147316483477689,-2.041983979144935,1.588851063767272,-1.0593626310851418,1.791759469228055,0.0
56647,1130,2023-01-27 00:00:00,45,0.2662721893491124,0,1.1523898980585086,-0.2147316483477689,-2.041983979144935,1.4213126812036645,-0.174577710943282,-0.0392207131532815,0.0
56647,1734,2023-01-27 00:00:00,45,0.2662721893491124,0,1.1523898980585086,-0.2147316483477689,-2.041983979144935,0.2391851176955836,0.1808422217818544,-1.8909607045253465,0.0
56647,159748,2023-01-27 00:00:00,44,0.2603550295857988,0,1.1523898980585086,-0.2147316483477689,-2.041983979144935,1.1545292673958525,-1.1090528477355392,2.9856819377004893,0.0
56647,273002007,2023-01-27 00:00:00,44,0.2603550295857988,0,1.1523898980585086,-0.2147316483477689,-2.041983979144935,1.8091174113903263,-0.0698331240200424,1.6739764335716714,0.0
56647,3286,2023-01-27 00:00:00,44,0.2603550295857988,0,1.1523898980585086,-0.2147316483477689,-2.041983979144935,1.5242206693205906,0.1061639063584027,-2.430839428517725,0.0
56647,142364,2023-01-27 00:00:00,44,0.2603550295857988,0,1.1523898980585086,-0.2147316483477689,-2.041983979144935,1.2239822025969886,-0.4790199588648174,0.1251631429540061,0.0
87526,126849,2023-01-27 00:00:00,82,0.1451327433628318,0,1.878950535410369,-0.6549683328133804,1.7346010553881064,-0.0721042031243389,-1.124339146504776,-0.1611040472757592,0.0
54404,242859,2023-01-27 00:00:00,32,0.2119205298013245,0,1.673919423561599,0.0877759815602376,-1.239690886928015,-0.244035926026822,-0.556794943728446,0.285447434650365,0.0
54404,125737,2023-01-27 00:00:00,31,0.2052980132450331,0,1.673919423561599,0.0877759815602376,-1.239690886928015,1.470521544971079,-0.4336791850247026,1.2527629684953678,0.0
54404,467022,2023-01-27 00:00:00,30,0.1986754966887417,0,1.673919423561599,0.0877759815602376,-1.239690886928015,0.4849414176612615,-2.1632722771911523,6.073044534100405,0.0
54404,300544646,2023-01-27 00:00:00,29,0.1920529801324503,0,1.673919423561599,0.0877759815602376,-1.239690886928015,1.629119134939204,-0.5062524536185133,1.7047480922384255,0.0
54404,242921,2023-01-27 00:00:00,29,0.1920529801324503,0,1.673919423561599,0.0877759815602376,-1.239690886928015,1.2049938708469712,0.0222268169428525,-0.8979415932059589,0.0
188450,126849,2023-01-27 00:00:00,234,0.1548643282594308,0,1.139802691934639,0.8028306625566712,-1.858898772065684,-0.0721042031243389,-1.124339146504776,-0.1611040472757592,0.0
223723,155651,2023-01-28 00:00:00,37,0.4457831325301205,0,,,1.791759469228055,0.9736183018219036,-0.0116073719680145,-0.6061358035703157,0.0
223723,108680,2023-01-28 00:00:00,36,0.4337349397590361,0,,,1.791759469228055,1.3077494923721014,,1.3862943611198906,0.0
223723,93802,2023-01-28 00:00:00,36,0.4337349397590361,0,,,1.791759469228055,1.878950535410369,1.0323630166196505,-0.8472978603872034,0.0
223723,94652,2023-01-28 00:00:00,35,0.4216867469879518,0,,,1.791759469228055,0.9851535075930502,0.1385659888023316,-0.0800427076735363,0.0
223723,105971,2023-01-28 00:00:00,35,0.4216867469879518,0,,,1.791759469228055,1.5448193448601713,2.063988016783939,-4.543294782270004,0.0
223723,59666,2023-01-28 00:00:00,35,0.4216867469879518,0,,,1.791759469228055,0.2243719003186294,,5.493061443340548,0.0
223723,267,2023-01-28 00:00:00,35,0.4216867469879518,0,,,1.791759469228055,0.9587603449891592,0.6742104007843885,-1.657329200138515,1.6094379124341005
223723,143924,2023-01-28 00:00:00,35,0.4216867469879518,0,,,1.791759469228055,-0.2555437243614856,0.3491159130347263,-0.0165978914090372,0.0
223723,138785,2023-01-28 00:00:00,35,0.4216867469879518,0,,,1.791759469228055,1.3191678338946708,3.3750746274778134,-1.0860335064612503,0.0
223723,310511,2023-01-28 00:00:00,35,0.4216867469879518,0,,,1.791759469228055,0.8457878395144928,,3.8501476017100575,0.6931471805599453
78848,168578,2023-01-28 00:00:00,32,0.4324324324324324,0,1.07716850558141,-0.5432011331274076,1.9459101490553132,-0.6099425639714438,-1.249429675243149,5.8879541707383165,0.0
78848,116279,2023-01-28 00:00:00,32,0.4324324324324324,0,1.07716850558141,-0.5432011331274076,1.9459101490553132,1.577173124214214,,2.079441541679836,0.0
78848,178412,2023-01-28 00:00:00,32,0.4324324324324324,0,1.07716850558141,-0.5432011331274076,1.9459101490553132,1.71188494013527,,1.3862943611198906,0.0
187708404,213199,2023-01-28 00:00:00,12,0.4285714285714285,0,,,1.9459101490553128,0.735645006201961,2.791551799785104,-3.270835563798912,0.0
187708404,105973,2023-01-28 00:00:00,10,0.3571428571428571,0,,,1.9459101490553128,0.7221694902024006,-0.0208678248288113,1.6986690461620433,0.0
187708404,81044,2023-01-28 00:00:00,10,0.3571428571428571,0,,,1.9459101490553128,0.4024172587836356,,2.4849066497880004,0.0
109902,231679,2023-01-28 00:00:00,100,0.4807692307692308,0,,,3.951243718581428,0.6394871112717054,-1.2394634241386635,1.5040773967762742,0.0
109902,45351,2023-01-28 00:00:00,100,0.4807692307692308,0,,,3.951243718581428,0.8065527065468046,4.159009577824929,-4.402354334179552,0.0
109902,143082,2023-01-28 00:00:00,97,0.4663461538461538,0,,,3.951243718581428,1.71188494013527,3.60332573354012,-4.592591403781231,0.0
109902,106107,2023-01-28 00:00:00,95,0.4567307692307692,0,,,3.951243718581428,1.7705373981839678,1.2122431862564524,-3.5920296281240183,0.6931471805599453
109902,138777,2023-01-28 00:00:00,95,0.4567307692307692,0,,,3.951243718581428,1.354812245028245,3.407234598273444,-3.06593653222724,0.0
265080,262936,2023-01-29 00:00:00,35,0.5384615384615384,1,1.878950535410369,-0.2856005215191337,0.916290731874155,1.3077494923721014,3.360171845617301,-4.07753744390572,0.0
265080,265044,2023-01-29 00:00:00,35,0.5384615384615384,1,1.878950535410369,-0.2856005215191337,0.916290731874155,1.878950535410369,0.0,0.4054651081081645,0.0
265080,72101,2023-01-29 00:00:00,35,0.5384615384615384,1,1.878950535410369,-0.2856005215191337,0.916290731874155,0.0831420828514416,-0.8041320745751538,1.7107904066943882,0.0
265080,143927,2023-01-29 00:00:00,34,0.5230769230769231,1,1.878950535410369,-0.2856005215191337,0.916290731874155,0.9851535075930502,-0.8937970278173188,1.791759469228055,0.0
265080,116279,2023-01-29 00:00:00,34,0.5230769230769231,1,1.878950535410369,-0.2856005215191337,0.916290731874155,1.577173124214214,,2.079441541679836,0.0
265080,57322,2023-01-29 00:00:00,34,0.5230769230769231,1,1.878950535410369,-0.2856005215191337,0.916290731874155,1.71188494013527,4.351315109946201,-5.86220971125072,0.0
77893,143924,2023-01-29 00:00:00,35,0.5223880597014925,1,-1.344826006946938,2.1438182361232214,-1.8971199848858815,-0.2555437243614856,0.3491159130347263,-0.0165978914090372,0.0
77893,41852,2023-01-29 00:00:00,35,0.5223880597014925,1,-1.344826006946938,2.1438182361232214,-1.8971199848858815,1.5448193448601713,0.6797860742193076,-2.159484249353373,5.170483995038151
77893,49239,2023-01-29 00:00:00,34,0.5074626865671642,1,-1.344826006946938,2.1438182361232214,-1.8971199848858815,1.5448193448601713,,1.0986122886681098,5.41610040220442
77893,95569,2023-01-29 00:00:00,34,0.5074626865671642,1,-1.344826006946938,2.1438182361232214,-1.8971199848858815,1.878950535410369,0.0,0.0,0.0
77893,106564,2023-01-29 00:00:00,33,0.4925373134328358,0,-1.344826006946938,2.1438182361232214,-1.8971199848858815,1.71188494013527,0.920316956072994,-1.981001468866584,0.0
77893,119821,2023-01-29 00:00:00,33,0.4925373134328358,0,-1.344826006946938,2.1438182361232214,-1.8971199848858815,1.878950535410369,1.8954234527539904,-4.605170185988091,2.19722457733622
142412,112432,2023-01-29 00:00:00,35,0.4487179487179487,0,-0.0502488580105975,1.6091177424275809,-2.489525595644295,-0.232516442075763,-0.6413670074889761,-1.079920155655957,1.9459101490553128
142412,3768,2023-01-29 00:00:00,34,0.4358974358974359,0,-0.0502488580105975,1.6091177424275809,-2.489525595644295,0.9862317885958066,-0.0422477191700091,-2.087388603372368,3.1354942159291497
142412,44620,2023-01-29 00:00:00,34,0.4358974358974359,0,-0.0502488580105975,1.6091177424275809,-2.489525595644295,0.6795791386044246,1.2137486444309658,-2.333000181858483,6.068425588244111
142412,268629,2023-01-29 00:00:00,34,0.4358974358974359,0,-0.0502488580105975,1.6091177424275809,-2.489525595644295,1.878950535410369,1.0323630166196505,-1.252762968495368,5.513428746164983
142412,106842,2023-01-29 00:00:00,33,0.4230769230769231,0,-0.0502488580105975,1.6091177424275809,-2.489525595644295,1.4262844186161363,3.482191212199279,-3.676300671907077,0.0
142412,267,2023-01-29 00:00:00,33,0.4230769230769231,0,-0.0502488580105975,1.6091177424275809,-2.489525595644295,1.0076833135147514,0.5549445832005087,-1.4053425560905848,2.5649493574615367
102753,138777,2023-01-29 00:00:00,104,0.5024154589371981,1,,,3.9318256327243257,1.259808695112282,1.513610199304796,-3.2750460963352555,0.0
102753,231679,2023-01-29 00:00:00,101,0.4879227053140096,0,,,3.9318256327243257,0.6394871112717054,-1.2394634241386635,1.5040773967762742,0.0
102753,102451,2023-01-29 00:00:00,101,0.4879227053140096,0,,,3.9318256327243257,1.3895828186273007,1.2010627105829852,-2.501435951739211,1.9459101490553128
102753,26995,2023-01-29 00:00:00,99,0.4782608695652174,0,,,3.9318256327243257,1.5448193448601713,1.9245098663208555,-2.3353749158170363,0.0
102753,106107,2023-01-29 00:00:00,99,0.4782608695652174,0,,,3.9318256327243257,1.815681008848727,1.3051198241426687,-3.761200115693562,0.6931471805599453
102753,89155,2023-01-29 00:00:00,99,0.4782608695652174,0,,,3.9318256327243257,1.498149840051524,,2.079441541679836,0.0
102753,45351,2023-01-29 00:00:00,98,0.4734299516908212,0,,,3.9318256327243257,0.9736183018219036,2.330103181825113,-5.256626939493827,0.0
108112,126905,2023-01-29 00:00:00,33,0.532258064516129,1,-1.2326150996463037,2.297315481109232,-2.9371529724355074,1.71188494013527,,1.3862943611198906,0.0
108112,179482,2023-01-29 00:00:00,33,0.532258064516129,1,-1.2326150996463037,2.297315481109232,-2.9371529724355074,-0.2979114392722354,0.3050059779550049,-0.1906203596086504,0.0
108112,126923,2023-01-29 00:00:00,33,0.532258064516129,1,-1.2326150996463037,2.297315481109232,-2.9371529724355074,1.71188494013527,1.3319591351986184,-4.131158535344817,0.0
108112,134591,2023-01-29 00:00:00,33,0.532258064516129,1,-1.2326150996463037,2.297315481109232,-2.9371529724355074,2.648213694852414,,0.6931471805599453,0.0
108112,265080,2023-01-29 00:00:00,33,0.532258064516129,1,-1.2326150996463037,2.297315481109232,-2.9371529724355074,1.593350013891235,-0.2856005215191337,0.916290731874155,0.0
124479,155651,2023-01-29 00:00:00,34,0.4722222222222222,0,-0.4360199774329632,1.1198216941659156,-2.579764443246677,0.9736183018219036,-0.0116073719680145,-0.6061358035703157,0.0
124479,84747,2023-01-29 00:00:00,34,0.4722222222222222,0,-0.4360199774329632,1.1198216941659156,-2.579764443246677,1.3077494923721014,,1.3862943611198906,0.0
124479,112432,2023-01-29 00:00:00,34,0.4722222222222222,0,-0.4360199774329632,1.1198216941659156,-2.579764443246677,-0.232516442075763,-0.6413670074889761,-1.079920155655957,1.9459101490553128
124479,106564,2023-01-29 00:00:00,33,0.4583333333333333,0,-0.4360199774329632,1.1198216941659156,-2.579764443246677,1.71188494013527,0.920316956072994,-1.981001468866584,0.0
64632,149373265,2023-01-29 00:00:00,74,0.2720588235294117,0,,,3.80666248977032,-2.2451786188156264,-0.3598122076935635,-0.0794561504807251,7.061334366910438
64632,136525569,2023-01-29 00:00:00,56,0.2058823529411764,0,,,3.80666248977032,-3.688471434773836,0.0150921003609258,-0.5571384413395162,8.617581365447506
133733,2129632899,2023-01-30 00:00:00,633,0.8743093922651933,1,0.6496345844741339,0.1198490457509577,-0.9315582040049436,-2.858690305755548,-0.2081561544219083,-0.1977812729938506,7.583247524303362
133733,2142911275,2023-01-30 00:00:00,632,0.8729281767955801,1,0.6496345844741339,0.1198490457509577,-0.9315582040049436,-2.891407584214297,-0.2688773730228875,-0.1208827198176027,7.572502985020384
133733,2142869398,2023-01-30 00:00:00,632,0.8729281767955801,1,0.6496345844741339,0.1198490457509577,-0.9315582040049436,-2.8682794936291787,-0.2391354195323445,-0.1589281686098917,7.573017256052546
133733,2122725237,2023-01-30 00:00:00,631,0.8715469613259669,1,0.6496345844741339,0.1198490457509577,-0.9315582040049436,-2.903414384886976,-0.2813582487015327,-0.1053440816690489,7.650644551436897
133733,2123493281,2023-01-30 00:00:00,631,0.8715469613259669,1,0.6496345844741339,0.1198490457509577,-0.9315582040049436,-2.8082055912414243,-0.167273398314196,-0.235346598657161,7.58629630715272
133733,2122399466,2023-01-30 00:00:00,629,0.8687845303867403,1,0.6496345844741339,0.1198490457509577,-0.9315582040049436,-2.862312117397318,-0.2052767759914457,-0.196697932007746,7.605392364814935
133733,2142869226,2023-01-30 00:00:00,629,0.8687845303867403,1,0.6496345844741339,0.1198490457509577,-0.9315582040049436,-2.902426673379024,-0.3048315806527566,-0.0792682273935927,7.496097345175956
133733,2123295900,2023-01-30 00:00:00,629,0.8687845303867403,1,0.6496345844741339,0.1198490457509577,-0.9315582040049436,-2.861676213378788,-0.2124409113671372,-0.1855678931554578,7.527255919373784
133733,2142870385,2023-01-30 00:00:00,629,0.8687845303867403,1,0.6496345844741339,0.1198490457509577,-0.9315582040049436,-2.8701461453567934,-0.2604597469909291,-0.132144148641979,7.510977752014095
89152,106153,2023-01-30 00:00:00,37,0.5,1,1.878950535410369,-1.744597770568229,3.2386784521643803,1.71188494013527,3.764307293380469,-4.07753744390572,0.0
89152,304312,2023-01-30 00:00:00,37,0.5,1,1.878950535410369,-1.744597770568229,3.2386784521643803,1.8335941773615625,3.8686804375084,-4.2801323269925415,0.0
89152,95131,2023-01-30 00:00:00,37,0.5,1,1.878950535410369,-1.744597770568229,3.2386784521643803,1.577173124214214,,1.9459101490553128,0.0
89152,84747,2023-01-30 00:00:00,37,0.5,1,1.878950535410369,-1.744597770568229,3.2386784521643803,1.3077494923721014,,1.3862943611198906,0.0
89152,2106,2023-01-30 00:00:00,37,0.5,1,1.878950535410369,-1.744597770568229,3.2386784521643803,1.593350013891235,1.2164189358247928,-3.8753590210565534,5.484796933490655
311368,2142926031,2023-01-30 00:00:00,616,0.8591352859135286,1,0.7148236407973856,0.1428269637500607,-1.314638372213456,-2.8850816160871484,-0.2458125256961865,-0.1529190187405653,7.518607216815252
311368,2129632899,2023-01-30 00:00:00,614,0.8563458856345886,1,0.7148236407973856,0.1428269637500607,-1.314638372213456,-2.858690305755548,-0.2081561544219083,-0.1977812729938506,7.583247524303362
311368,2142869226,2023-01-30 00:00:00,612,0.8535564853556485,1,0.7148236407973856,0.1428269637500607,-1.314638372213456,-2.902426673379024,-0.3048315806527566,-0.0792682273935927,7.496097345175956
311368,2142877002,2023-01-30 00:00:00,609,0.8493723849372385,1,0.7148236407973856,0.1428269637500607,-1.314638372213456,-2.823764382317908,-0.169641346522769,-0.2306826284873757,7.488293515159428
311368,2144040670,2023-01-30 00:00:00,609,0.8493723849372385,1,0.7148236407973856,0.1428269637500607,-1.314638372213456,-2.899732625352229,-0.2623959928307791,-0.1339247877328624,7.616775808698373
311368,2142911275,2023-01-30 00:00:00,609,0.8493723849372385,1,0.7148236407973856,0.1428269637500607,-1.314638372213456,-2.891407584214297,-0.2688773730228875,-0.1208827198176027,7.572502985020384
311368,2142869398,2023-01-30 00:00:00,608,0.8479776847977685,1,0.7148236407973856,0.1428269637500607,-1.314638372213456,-2.8682794936291787,-0.2391354195323445,-0.1589281686098917,7.573017256052546
311368,2116182225,2023-01-30 00:00:00,608,0.8479776847977685,1,0.7148236407973856,0.1428269637500607,-1.314638372213456,-2.9113231168632687,-0.1899601780632163,-0.2243793640182403,7.565793282428515
133069,2129632899,2023-01-30 00:00:00,666,0.888,1,0.6416832614155819,0.4913920278400028,-1.4403615823901663,-2.858690305755548,-0.2081561544219083,-0.1977812729938506,7.583247524303362
133069,2142911275,2023-01-30 00:00:00,664,0.8853333333333333,1,0.6416832614155819,0.4913920278400028,-1.4403615823901663,-2.891407584214297,-0.2688773730228875,-0.1208827198176027,7.572502985020384
133069,2142869226,2023-01-30 00:00:00,664,0.8853333333333333,1,0.6416832614155819,0.4913920278400028,-1.4403615823901663,-2.902426673379024,-0.3048315806527566,-0.0792682273935927,7.496097345175956
133069,2142865506,2023-01-30 00:00:00,657,0.876,1,0.6416832614155819,0.4913920278400028,-1.4403615823901663,-2.949007647107393,-0.2623924752124744,-0.1241314057311608,7.57455848420248
133069,2143015613,2023-01-30 00:00:00,657,0.876,1,0.6416832614155819,0.4913920278400028,-1.4403615823901663,-2.846070384148694,-0.2176539767681728,-0.1820293727159079,7.563719668414366
133069,2142869398,2023-01-30 00:00:00,657,0.876,1,0.6416832614155819,0.4913920278400028,-1.4403615823901663,-2.8682794936291787,-0.2391354195323445,-0.1589281686098917,7.573017256052546
133069,2122399466,2023-01-30 00:00:00,656,0.8746666666666667,1,0.6416832614155819,0.4913920278400028,-1.4403615823901663,-2.862312117397318,-0.2052767759914457,-0.196697932007746,7.605392364814935
133069,2122437132,2023-01-30 00:00:00,656,0.8746666666666667,1,0.6416832614155819,0.4913920278400028,-1.4403615823901663,-2.874482025825516,-0.244895993459711,-0.1520533738517926,7.492760300922379
133069,2142862748,2023-01-30 00:00:00,655,0.8733333333333333,1,0.6416832614155819,0.4913920278400028,-1.4403615823901663,-2.8474327629380145,-0.2134434700477228,-0.1886877349842919,7.5485559791698735
311043,2142911275,2023-01-30 00:00:00,646,0.8579017264276229,1,0.4176913528429627,0.7018517102443533,-1.582409240046181,-2.891407584214297,-0.2688773730228875,-0.1208827198176027,7.572502985020384
311043,2142926031,2023-01-30 00:00:00,643,0.8539176626826029,1,0.4176913528429627,0.7018517102443533,-1.582409240046181,-2.8850816160871484,-0.2458125256961865,-0.1529190187405653,7.518607216815252
311043,2116182225,2023-01-30 00:00:00,643,0.8539176626826029,1,0.4176913528429627,0.7018517102443533,-1.582409240046181,-2.9113231168632687,-0.1899601780632163,-0.2243793640182403,7.565793282428515
311043,2142869226,2023-01-30 00:00:00,642,0.852589641434263,1,0.4176913528429627,0.7018517102443533,-1.582409240046181,-2.902426673379024,-0.3048315806527566,-0.0792682273935927,7.496097345175956
311043,2122725237,2023-01-30 00:00:00,642,0.852589641434263,1,0.4176913528429627,0.7018517102443533,-1.582409240046181,-2.903414384886976,-0.2813582487015327,-0.1053440816690489,7.650644551436897
311043,2123493281,2023-01-30 00:00:00,642,0.852589641434263,1,0.4176913528429627,0.7018517102443533,-1.582409240046181,-2.8082055912414243,-0.167273398314196,-0.235346598657161,7.58629630715272
311043,2122399466,2023-01-30 00:00:00,641,0.851261620185923,1,0.4176913528429627,0.7018517102443533,-1.582409240046181,-2.862312117397318,-0.2052767759914457,-0.196697932007746,7.605392364814935
311043,2122514680,2023-01-30 00:00:00,640,0.849933598937583,1,0.4176913528429627,0.7018517102443533,-1.582409240046181,-2.807294620075046,-0.1522744415138599,-0.2623358477072841,7.561121589530238
310511,798533880,2023-01-30 00:00:00,120,0.6153846153846154,1,1.3077494923721014,-0.6929424792864127,2.3978952727983707,-1.5956448173207662,0.3970561311496197,-1.0967272739723386,8.185071477532283
310511,148216,2023-01-30 00:00:00,79,0.4051282051282051,0,1.3077494923721014,-0.6929424792864127,2.3978952727983707,1.9779815936122576,2.0664597226986445,-3.8628327612373754,1.9459101490553128
310511,170887,2023-01-30 00:00:00,77,0.3948717948717948,0,1.3077494923721014,-0.6929424792864127,2.3978952727983707,1.3161796186496288,,1.6094379124341005,5.4638318050256105
179054,2142869226,2023-01-30 00:00:00,616,0.8137384412153237,1,0.6012679996795972,0.1667283096231582,-1.2259517110447111,-2.902426673379024,-0.3048315806527566,-0.0792682273935927,7.496097345175956
179054,2142884713,2023-01-30 00:00:00,615,0.8124174372523117,1,0.6012679996795972,0.1667283096231582,-1.2259517110447111,-2.9165620387352744,-0.3296294891092102,-0.0618786605113523,7.530479995245536
179054,2142890311,2023-01-30 00:00:00,615,0.8124174372523117,1,0.6012679996795972,0.1667283096231582,-1.2259517110447111,-2.890730280283444,-0.2928125444987217,-0.0941193217878968,7.583756300707112
179054,2142911275,2023-01-30 00:00:00,615,0.8124174372523117,1,0.6012679996795972,0.1667283096231582,-1.2259517110447111,-2.891407584214297,-0.2688773730228875,-0.1208827198176027,7.572502985020384
179054,2122437132,2023-01-30 00:00:00,614,0.8110964332892999,1,0.6012679996795972,0.1667283096231582,-1.2259517110447111,-2.874482025825516,-0.244895993459711,-0.1520533738517926,7.492760300922379
179054,2143015613,2023-01-30 00:00:00,613,0.809775429326288,1,0.6012679996795972,0.1667283096231582,-1.2259517110447111,-2.846070384148694,-0.2176539767681728,-0.1820293727159079,7.563719668414366
179054,2122450336,2023-01-30 00:00:00,613,0.809775429326288,1,0.6012679996795972,0.1667283096231582,-1.2259517110447111,-2.8421399123704725,-0.204070380558698,-0.2005903696606576,7.636269603379373
179054,2142877002,2023-01-30 00:00:00,613,0.809775429326288,1,0.6012679996795972,0.1667283096231582,-1.2259517110447111,-2.823764382317908,-0.169641346522769,-0.2306826284873757,7.488293515159428
179054,2144040670,2023-01-30 00:00:00,612,0.808454425363276,1,0.6012679996795972,0.1667283096231582,-1.2259517110447111,-2.899732625352229,-0.2623959928307791,-0.1339247877328624,7.616775808698373
1364463100,2142878670,2023-01-30 00:00:00,579,0.8477306002928258,1,0.5906943777081626,0.5038268212138641,-1.482686206794956,-2.8596661310219798,-0.2701221430161706,-0.1156960783771854,7.617759576608505
1364463100,2144040670,2023-01-30 00:00:00,578,0.8462664714494875,1,0.5906943777081626,0.5038268212138641,-1.482686206794956,-2.899732625352229,-0.2623959928307791,-0.1339247877328624,7.616775808698373
1364463100,2142911275,2023-01-30 00:00:00,578,0.8462664714494875,1,0.5906943777081626,0.5038268212138641,-1.482686206794956,-2.891407584214297,-0.2688773730228875,-0.1208827198176027,7.572502985020384
1364463100,2129632899,2023-01-30 00:00:00,577,0.8448023426061494,1,0.5906943777081626,0.5038268212138641,-1.482686206794956,-2.858690305755548,-0.2081561544219083,-0.1977812729938506,7.583247524303362
1364463100,2122725237,2023-01-30 00:00:00,576,0.8433382137628112,1,0.5906943777081626,0.5038268212138641,-1.482686206794956,-2.903414384886976,-0.2813582487015327,-0.1053440816690489,7.650644551436897
1364463100,2122399466,2023-01-30 00:00:00,575,0.8418740849194729,1,0.5906943777081626,0.5038268212138641,-1.482686206794956,-2.862312117397318,-0.2052767759914457,-0.196697932007746,7.605392364814935
1364463100,2116182225,2023-01-30 00:00:00,574,0.8404099560761347,1,0.5906943777081626,0.5038268212138641,-1.482686206794956,-2.9113231168632687,-0.1899601780632163,-0.2243793640182403,7.565793282428515
1364463100,2123493281,2023-01-30 00:00:00,574,0.8404099560761347,1,0.5906943777081626,0.5038268212138641,-1.482686206794956,-2.8082055912414243,-0.167273398314196,-0.235346598657161,7.58629630715272
299658,2143015613,2023-01-30 00:00:00,624,0.853625170998632,1,0.4872765005426878,0.3632234618907337,-1.09861228866811,-2.846070384148694,-0.2176539767681728,-0.1820293727159079,7.563719668414366
299658,2123295900,2023-01-30 00:00:00,623,0.8522571819425444,1,0.4872765005426878,0.3632234618907337,-1.09861228866811,-2.861676213378788,-0.2124409113671372,-0.1855678931554578,7.527255919373784
299658,2129632899,2023-01-30 00:00:00,623,0.8522571819425444,1,0.4872765005426878,0.3632234618907337,-1.09861228866811,-2.858690305755548,-0.2081561544219083,-0.1977812729938506,7.583247524303362
299658,2122399466,2023-01-30 00:00:00,622,0.8508891928864569,1,0.4872765005426878,0.3632234618907337,-1.09861228866811,-2.862312117397318,-0.2052767759914457,-0.196697932007746,7.605392364814935
299658,2142869226,2023-01-30 00:00:00,620,0.8481532147742818,1,0.4872765005426878,0.3632234618907337,-1.09861228866811,-2.902426673379024,-0.3048315806527566,-0.0792682273935927,7.496097345175956
299658,2142862748,2023-01-30 00:00:00,620,0.8481532147742818,1,0.4872765005426878,0.3632234618907337,-1.09861228866811,-2.8474327629380145,-0.2134434700477228,-0.1886877349842919,7.5485559791698735
299658,2122397525,2023-01-30 00:00:00,619,0.8467852257181943,1,0.4872765005426878,0.3632234618907337,-1.09861228866811,-2.868349130051593,-0.2098072213497777,-0.1908838130886803,7.546446273746024
299658,2122450336,2023-01-30 00:00:00,618,0.8454172366621067,1,0.4872765005426878,0.3632234618907337,-1.09861228866811,-2.8421399123704725,-0.204070380558698,-0.2005903696606576,7.636269603379373
299658,2142870385,2023-01-30 00:00:00,618,0.8454172366621067,1,0.4872765005426878,0.3632234618907337,-1.09861228866811,-2.8701461453567934,-0.2604597469909291,-0.132144148641979,7.510977752014095
299658,2142911275,2023-01-30 00:00:00,618,0.8454172366621067,1,0.4872765005426878,0.3632234618907337,-1.09861228866811,-2.891407584214297,-0.2688773730228875,-0.1208827198176027,7.572502985020384
299658,2116182225,2023-01-30 00:00:00,616,0.8426812585499316,1,0.4872765005426878,0.3632234618907337,-1.09861228866811,-2.9113231168632687,-0.1899601780632163,-0.2243793640182403,7.565793282428515
108236,143927,2023-01-30 00:00:00,32,0.4705882352941176,0,,,1.791759469228055,0.9851535075930502,-0.8937970278173188,1.791759469228055,0.0
108236,409196,2023-01-30 00:00:00,31,0.4558823529411764,0,,,1.791759469228055,1.5448193448601713,0.1820503177596275,-0.980829253011726,0.0
108236,137447,2023-01-30 00:00:00,31,0.4558823529411764,0,,,1.791759469228055,2.0965165198562925,0.3419456266574201,-0.9162907318741552,0.0
108236,143924,2023-01-30 00:00:00,31,0.4558823529411764,0,,,1.791759469228055,-0.2555437243614856,0.3491159130347263,-0.0165978914090372,0.0
108236,112434,2023-01-30 00:00:00,30,0.4411764705882353,0,,,1.791759469228055,1.1238638287891176,3.17977062237226,-3.858622228701031,5.493061443340548
108236,5212,2023-01-30 00:00:00,30,0.4411764705882353,0,,,1.791759469228055,1.878950535410369,,0.6931471805599453,0.0
108236,178253,2023-01-30 00:00:00,30,0.4411764705882353,0,,,1.791759469228055,0.8465875187907186,0.6812401124951528,-0.8266785731844679,0.0
108236,310511,2023-01-30 00:00:00,30,0.4411764705882353,0,,,1.791759469228055,0.6148070130856886,-0.6929424792864127,2.3978952727983707,0.6931471805599453
92476,155651,2023-01-30 00:00:00,38,0.6440677966101694,1,-0.7304586721155338,2.8658302606732518,-4.50810847314496,1.4262844186161363,0.4410587448262182,-0.4519851237430574,0.0
92476,106564,2023-01-30 00:00:00,34,0.576271186440678,1,-0.7304586721155338,2.8658302606732518,-4.50810847314496,1.71188494013527,0.920316956072994,-1.981001468866584,0.0
92476,9302,2023-01-30 00:00:00,34,0.576271186440678,1,-0.7304586721155338,2.8658302606732518,-4.50810847314496,0.6981350429080457,0.7601197650587921,-1.0560526742493137,4.820281565605037
92476,3475,2023-01-30 00:00:00,33,0.559322033898305,1,-0.7304586721155338,2.8658302606732518,-4.50810847314496,1.5448193448601713,0.0,-0.737598943130779,2.079441541679836
51838,2142869226,2023-01-30 00:00:00,640,0.8660351826792964,1,0.7527715930968262,0.0769611223835746,-1.0321225473992763,-2.902426673379024,-0.3048315806527566,-0.0792682273935927,7.496097345175956
51838,2122725237,2023-01-30 00:00:00,639,0.86468200270636,1,0.7527715930968262,0.0769611223835746,-1.0321225473992763,-2.903414384886976,-0.2813582487015327,-0.1053440816690489,7.650644551436897
51838,2123295900,2023-01-30 00:00:00,637,0.8619756427604871,1,0.7527715930968262,0.0769611223835746,-1.0321225473992763,-2.861676213378788,-0.2124409113671372,-0.1855678931554578,7.527255919373784
51838,2142890311,2023-01-30 00:00:00,636,0.8606224627875507,1,0.7527715930968262,0.0769611223835746,-1.0321225473992763,-2.890730280283444,-0.2928125444987217,-0.0941193217878968,7.583756300707112
51838,2122450336,2023-01-30 00:00:00,635,0.8592692828146143,1,0.7527715930968262,0.0769611223835746,-1.0321225473992763,-2.8421399123704725,-0.204070380558698,-0.2005903696606576,7.636269603379373
51838,2142865506,2023-01-30 00:00:00,635,0.8592692828146143,1,0.7527715930968262,0.0769611223835746,-1.0321225473992763,-2.949007647107393,-0.2623924752124744,-0.1241314057311608,7.57455848420248
51838,2142870385,2023-01-30 00:00:00,634,0.857916102841678,1,0.7527715930968262,0.0769611223835746,-1.0321225473992763,-2.8701461453567934,-0.2604597469909291,-0.132144148641979,7.510977752014095
51838,2129632899,2023-01-30 00:00:00,634,0.857916102841678,1,0.7527715930968262,0.0769611223835746,-1.0321225473992763,-2.858690305755548,-0.2081561544219083,-0.1977812729938506,7.583247524303362
51838,2143015613,2023-01-30 00:00:00,634,0.857916102841678,1,0.7527715930968262,0.0769611223835746,-1.0321225473992763,-2.846070384148694,-0.2176539767681728,-0.1820293727159079,7.563719668414366
320178,2122514680,2023-01-30 00:00:00,647,0.8603723404255319,1,0.551853211833373,0.3323100479197161,-1.3217558399823193,-2.807294620075046,-0.1522744415138599,-0.2623358477072841,7.561121589530238
320178,2129632899,2023-01-30 00:00:00,645,0.8577127659574468,1,0.551853211833373,0.3323100479197161,-1.3217558399823193,-2.858690305755548,-0.2081561544219083,-0.1977812729938506,7.583247524303362
320178,2122725237,2023-01-30 00:00:00,645,0.8577127659574468,1,0.551853211833373,0.3323100479197161,-1.3217558399823193,-2.903414384886976,-0.2813582487015327,-0.1053440816690489,7.650644551436897
320178,2142869226,2023-01-30 00:00:00,644,0.8563829787234043,1,0.551853211833373,0.3323100479197161,-1.3217558399823193,-2.902426673379024,-0.3048315806527566,-0.0792682273935927,7.496097345175956
320178,2142865506,2023-01-30 00:00:00,643,0.8550531914893617,1,0.551853211833373,0.3323100479197161,-1.3217558399823193,-2.949007647107393,-0.2623924752124744,-0.1241314057311608,7.57455848420248
320178,2142911275,2023-01-30 00:00:00,642,0.8537234042553191,1,0.551853211833373,0.3323100479197161,-1.3217558399823193,-2.891407584214297,-0.2688773730228875,-0.1208827198176027,7.572502985020384
320178,2143015613,2023-01-30 00:00:00,642,0.8537234042553191,1,0.551853211833373,0.3323100479197161,-1.3217558399823193,-2.846070384148694,-0.2176539767681728,-0.1820293727159079,7.563719668414366
320178,2142862748,2023-01-30 00:00:00,641,0.8523936170212766,1,0.551853211833373,0.3323100479197161,-1.3217558399823193,-2.8474327629380145,-0.2134434700477228,-0.1886877349842919,7.5485559791698735
64013,184224,2023-01-30 00:00:00,70,0.1121794871794871,0,0.6238046592316427,1.259871360452324,-5.179372942455398,-0.5096101369088895,0.3944184265143795,-1.433547245970436,5.3612921657094255
64013,126849,2023-01-30 00:00:00,65,0.1041666666666666,0,0.6238046592316427,1.259871360452324,-5.179372942455398,0.6383081931158817,-0.6645802865773046,1.082764096428086,1.6094379124341005
175818,2122437132,2023-01-30 00:00:00,601,0.8232876712328767,1,0.6036200450768131,0.4769446068736337,-1.174450365059614,-2.874482025825516,-0.244895993459711,-0.1520533738517926,7.492760300922379
175818,2122514680,2023-01-30 00:00:00,600,0.821917808219178,1,0.6036200450768131,0.4769446068736337,-1.174450365059614,-2.807294620075046,-0.1522744415138599,-0.2623358477072841,7.561121589530238
175818,2123295900,2023-01-30 00:00:00,599,0.8205479452054795,1,0.6036200450768131,0.4769446068736337,-1.174450365059614,-2.861676213378788,-0.2124409113671372,-0.1855678931554578,7.527255919373784
175818,2122399466,2023-01-30 00:00:00,598,0.8191780821917808,1,0.6036200450768131,0.4769446068736337,-1.174450365059614,-2.862312117397318,-0.2052767759914457,-0.196697932007746,7.605392364814935
175818,2142879863,2023-01-30 00:00:00,598,0.8191780821917808,1,0.6036200450768131,0.4769446068736337,-1.174450365059614,-2.8936893657328704,-0.2478218633976316,-0.1429577718899466,7.519692404116539
175818,2142869226,2023-01-30 00:00:00,597,0.8178082191780822,1,0.6036200450768131,0.4769446068736337,-1.174450365059614,-2.902426673379024,-0.3048315806527566,-0.0792682273935927,7.496097345175956
175818,2122725237,2023-01-30 00:00:00,597,0.8178082191780822,1,0.6036200450768131,0.4769446068736337,-1.174450365059614,-2.903414384886976,-0.2813582487015327,-0.1053440816690489,7.650644551436897
175818,2129632899,2023-01-30 00:00:00,597,0.8178082191780822,1,0.6036200450768131,0.4769446068736337,-1.174450365059614,-2.858690305755548,-0.2081561544219083,-0.1977812729938506,7.583247524303362
44602,43261,2023-01-30 00:00:00,126,0.4864864864864865,0,1.4227862699830187,0.8407958451483728,-2.538973871058276,1.2084429132601464,-0.1077064440303987,-0.534082485930258,0.6931471805599453
45864,2710,2023-01-30 00:00:00,104,0.5810055865921788,1,1.878950535410369,0.0252501945854124,0.6931471805599453,1.3869384861229312,0.0447973934165288,-0.2478361639045814,0.0
45864,1024,2023-01-30 00:00:00,102,0.5698324022346368,1,1.878950535410369,0.0252501945854124,0.6931471805599453,0.8194474302486404,-0.7785457256731824,-0.3227733922630511,1.791759469228055
45864,4665,2023-01-30 00:00:00,100,0.5586592178770949,1,1.878950535410369,0.0252501945854124,0.6931471805599453,-2.131621632421,0.2609381932939758,-0.6729752311164452,5.771441123130016
192462,91605,2023-01-30 00:00:00,39,0.4875,0,1.878950535410369,-3.931372888655568,4.770684624465665,-0.3723364304365489,-3.020550125288963,4.783316371371566,0.0
192462,51834,2023-01-30 00:00:00,37,0.4625,0,1.878950535410369,-3.931372888655568,4.770684624465665,2.648213694852414,0.7692631594420449,0.0,0.0
192462,165058,2023-01-30 00:00:00,37,0.4625,0,1.878950535410369,-3.931372888655568,4.770684624465665,1.878950535410369,3.934857328993512,-4.774912960575186,0.0
145986,95569,2023-02-05 00:00:00,89,0.6691729323308271,1,-0.6791995556372266,2.340306511613306,-3.332204510175204,1.878950535410369,0.0,0.4054651081081645,0.0
145986,798533880,2023-02-05 00:00:00,58,0.4360902255639097,0,-0.6791995556372266,2.340306511613306,-3.332204510175204,-1.932405099165885,-0.5487543460908157,0.5661232834638392,9.13873695311649
145986,147854,2023-02-05 00:00:00,43,0.3233082706766917,0,-0.6791995556372266,2.340306511613306,-3.332204510175204,-2.358914139949757,-0.3959946928602857,0.637431895391285,8.020927718981577
145986,3768,2023-02-05 00:00:00,40,0.3007518796992481,0,-0.6791995556372266,2.340306511613306,-3.332204510175204,1.087924849688556,0.2325097315655745,-1.7336956682732945,3.9318256327243257
145986,290626,2023-02-05 00:00:00,39,0.2932330827067669,0,-0.6791995556372266,2.340306511613306,-3.332204510175204,1.3440171871542836,,2.079441541679836,0.0
1136311857,43731,2023-02-05 00:00:00,20,0.303030303030303,0,,,3.1354942159291497,0.6634419769091591,-1.1587823982253354,4.02980604108453,4.204692619390966
1136311857,844056785,2023-02-05 00:00:00,19,0.2878787878787879,0,,,3.1354942159291497,0.4243175246913908,-1.4546330107189782,5.077254981437651,1.0986122886681098
1136311857,461883,2023-02-05 00:00:00,18,0.2727272727272727,0,,,3.1354942159291497,0.5491071488483277,-1.263017148452002,4.176582660459073,1.0986122886681098
1136311857,183078,2023-02-05 00:00:00,17,0.2575757575757575,0,,,3.1354942159291497,0.5965131269485849,-0.980659997265629,4.266695946696205,1.3862943611198906
1136311857,144036,2023-02-05 00:00:00,12,0.1818181818181818,0,,,3.1354942159291497,0.6822077676339827,4.888685077280135,-4.676560182074764,0.0
1136311857,478586805,2023-02-05 00:00:00,11,0.1666666666666666,0,,,3.1354942159291497,-0.0327128304329589,-1.3404623228050605,2.302585092994046,0.0
1136311857,106563,2023-02-05 00:00:00,10,0.1515151515151515,0,,,3.1354942159291497,0.3364565517462114,,3.218875824868201,0.0
134105,155651,2023-02-06 00:00:00,32,0.5,1,-1.2111471749277711,2.8673435833046748,-5.030437921392435,1.71188494013527,0.6631438748297596,-0.9162907318741552,0.0
134105,94652,2023-02-06 00:00:00,31,0.484375,0,-1.2111471749277711,2.8673435833046748,-5.030437921392435,1.362696860903676,0.2388330321145584,0.5877866649021193,5.111987788356544
134105,269205,2023-02-06 00:00:00,31,0.484375,0,-1.2111471749277711,2.8673435833046748,-5.030437921392435,1.577173124214214,0.0323537793540427,0.980829253011726,0.0
134105,55123,2023-02-06 00:00:00,30,0.46875,0,-1.2111471749277711,2.8673435833046748,-5.030437921392435,1.597565077029999,0.1712806584138626,0.0,5.303304908059076
134105,108108,2023-02-06 00:00:00,30,0.46875,0,-1.2111471749277711,2.8673435833046748,-5.030437921392435,0.7365484493338337,-0.5712010430382677,0.6931471805599452,0.0
134105,213199,2023-02-06 00:00:00,30,0.46875,0,-1.2111471749277711,2.8673435833046748,-5.030437921392435,0.9736183018219036,1.6337491955124943,-3.709498741316673,2.995732273553991
134105,143924,2023-02-06 00:00:00,29,0.453125,0,-1.2111471749277711,2.8673435833046748,-5.030437921392435,1.3077494923721014,2.163414239807473,-4.777020442914751,0.6931471805599453
134105,89376,2023-02-06 00:00:00,29,0.453125,0,-1.2111471749277711,2.8673435833046748,-5.030437921392435,1.2141004918237306,0.5405587311359092,-0.8266785731844681,0.0
177297,92472,2023-02-07 00:00:00,31,0.4246575342465753,0,1.593350013891235,-1.2906191335725734,2.197224577336219,0.707071027543242,-0.6006784648288593,2.740840023925201,5.488937726156687
177297,342388,2023-02-07 00:00:00,31,0.4246575342465753,0,1.593350013891235,-1.2906191335725734,2.197224577336219,0.7809139469639391,0.0049789140334265,0.1431008436406733,4.04305126783455
177297,185434,2023-02-07 00:00:00,30,0.410958904109589,0,1.593350013891235,-1.2906191335725734,2.197224577336219,1.2452585235557287,0.1213946947666111,1.0986122886681098,0.0
177297,58728,2023-02-07 00:00:00,30,0.410958904109589,0,1.593350013891235,-1.2906191335725734,2.197224577336219,0.4024172587836356,1.739444982435918,-4.5090263254351886,0.0
102442,3768,2023-02-07 00:00:00,36,0.5142857142857142,1,-0.8317981564369897,1.3414610200381585,-2.9905908740535727,1.11300505712602,0.0191130668442915,0.3589450924732715,4.07753744390572
102442,26995,2023-02-07 00:00:00,34,0.4857142857142857,0,-0.8317981564369897,1.3414610200381585,-2.9905908740535727,1.3343415868246444,,1.9459101490553128,0.6931471805599453
102442,130689,2023-02-07 00:00:00,33,0.4714285714285714,0,-0.8317981564369897,1.3414610200381585,-2.9905908740535727,1.3077494923721014,0.1418154006896868,-1.0986122886681098,5.4638318050256105
102442,80460,2023-02-07 00:00:00,33,0.4714285714285714,0,-0.8317981564369897,1.3414610200381585,-2.9905908740535727,1.577173124214214,2.2834429001724037,-3.8889005880072913,6.860663671448287
102442,94956,2023-02-07 00:00:00,33,0.4714285714285714,0,-0.8317981564369897,1.3414610200381585,-2.9905908740535727,1.5347814190725737,1.1578503410061312,-3.182211840496609,0.6931471805599453
102442,60623,2023-02-07 00:00:00,32,0.4571428571428571,0,-0.8317981564369897,1.3414610200381585,-2.9905908740535727,1.878950535410369,0.167065595275099,-0.6931471805599453,5.963579343618446
102442,126905,2023-02-07 00:00:00,32,0.4571428571428571,0,-0.8317981564369897,1.3414610200381585,-2.9905908740535727,1.1238638287891176,-0.5880211113461524,0.2231435513142097,0.0
103145,231679,2023-02-08 00:00:00,98,0.5444444444444444,1,1.878950535410369,-0.9686546937802076,2.9444389791664403,1.878950535410369,1.2394634241386635,-1.5040773967762742,0.0
103145,143082,2023-02-08 00:00:00,96,0.5333333333333333,1,1.878950535410369,-0.9686546937802076,2.9444389791664403,1.5448193448601713,-0.1670655952750988,-0.2876820724517808,0.0
103145,106503,2023-02-08 00:00:00,96,0.5333333333333333,1,1.878950535410369,-0.9686546937802076,2.9444389791664403,0.7624544511645311,-0.8243880615543201,1.366876275262789,0.6931471805599453
103145,145877,2023-02-08 00:00:00,96,0.5333333333333333,1,1.878950535410369,-0.9686546937802076,2.9444389791664403,1.5448193448601713,2.3342014752376103,-4.4148164574968725,0.0
103145,102451,2023-02-08 00:00:00,95,0.5277777777777778,1,1.878950535410369,-0.9686546937802076,2.9444389791664403,1.878950535410369,0.4893677167830683,-1.6094379124341005,5.493061443340548
103145,138777,2023-02-08 00:00:00,93,0.5166666666666667,1,1.878950535410369,-0.9686546937802076,2.9444389791664403,1.4262844186161363,0.0714721735878913,-0.6061358035703157,5.4638318050256105
696849838,798533880,2023-02-08 00:00:00,40,0.1486988847583643,0,,,2.8903717578961645,-2.1252665184517334,-0.8835622490930846,1.2584847006202144,9.354354132115088
696849838,292018,2023-02-08 00:00:00,31,0.1152416356877323,0,,,2.8903717578961645,0.8465875187907186,0.3591511441305103,-2.197224577336219,4.499809670330265
49069,95131,2023-02-14 00:00:00,36,0.4931506849315068,0,1.1238638287891176,0.6307070644097548,0.6931471805599456,2.0965165198562925,0.5031665059650572,-0.2231435513142097,1.3862943611198906
49069,143927,2023-02-14 00:00:00,35,0.4794520547945205,0,1.1238638287891176,0.6307070644097548,0.6931471805599456,1.3077494923721014,0.3225959847790511,-1.0986122886681098,5.69948755037332
49069,178412,2023-02-14 00:00:00,33,0.4520547945205479,0,1.1238638287891176,0.6307070644097548,0.6931471805599456,-0.4010205423658856,-2.1129054825011555,4.442651256490317,0.6931471805599453
49069,143924,2023-02-14 00:00:00,33,0.4520547945205479,0,1.1238638287891176,0.6307070644097548,0.6931471805599456,1.593350013891235,0.048530669031064,0.5108256237659905,5.564520407322694
49069,105971,2023-02-14 00:00:00,32,0.4383561643835616,0,1.1238638287891176,0.6307070644097548,0.6931471805599456,1.5448193448601713,0.0,0.0,7.046647277848756
95166,44620,2023-02-14 00:00:00,34,0.4722222222222222,0,-0.7254899743884569,2.151774393004593,-3.654977902438255,1.1238638287891176,0.4442846901846929,-2.6100697927420065,-0.9987462923279232
95166,141592,2023-02-14 00:00:00,34,0.4722222222222222,0,-0.7254899743884569,2.151774393004593,-3.654977902438255,0.457436793512078,-0.8503126988600234,2.3978952727983707,5.391352232515226
95166,106153,2023-02-14 00:00:00,33,0.4583333333333333,0,-0.7254899743884569,2.151774393004593,-3.654977902438255,1.5448193448601713,-0.1670655952750988,-0.2876820724517808,0.0
124328,1184775,2023-02-14 00:00:00,50,0.2958579881656805,0,0.9106927820775556,-1.271256391131439,2.8860890961041634,0.1362633270356744,1.7406859356389548,-0.6451599068391038,2.2572698967820037
124328,145282,2023-02-14 00:00:00,43,0.2544378698224852,0,0.9106927820775556,-1.271256391131439,2.8860890961041634,0.1610197225386323,-0.6545520109578911,1.932078669906851,1.9459101490553128
124328,139004,2023-02-14 00:00:00,42,0.2485207100591716,0,0.9106927820775556,-1.271256391131439,2.8860890961041634,2.115918609643193,0.5710992647830222,0.6931471805599452,4.844187086458591
124328,141419,2023-02-14 00:00:00,41,0.2426035502958579,0,0.9106927820775556,-1.271256391131439,2.8860890961041634,1.5448193448601713,0.2370698524880699,-0.2876820724517808,5.756590880844576
124328,374829922,2023-02-14 00:00:00,40,0.2366863905325443,0,0.9106927820775556,-1.271256391131439,2.8860890961041634,-0.2449781594113816,0.1862334446136344,0.4737843520856417,2.70805020110221
124328,307151,2023-02-14 00:00:00,40,0.2366863905325443,0,0.9106927820775556,-1.271256391131439,2.8860890961041634,-0.6261994276770693,-0.2349270684274033,0.6215769880586937,-0.29048712337939
79205,178412,2023-02-15 00:00:00,35,0.4861111111111111,0,-1.1505745599946766,1.9971620787853952,-2.423537703411708,-0.4010205423658856,-2.1129054825011555,4.442651256490317,0.6931471805599453
79205,143924,2023-02-15 00:00:00,34,0.4722222222222222,0,-1.1505745599946766,1.9971620787853952,-2.423537703411708,1.593350013891235,0.048530669031064,0.5108256237659905,5.564520407322694
79205,112432,2023-02-15 00:00:00,34,0.4722222222222222,0,-1.1505745599946766,1.9971620787853952,-2.423537703411708,-0.3501472895503674,-1.474011118339485,2.501435951739211,-0.0576291128366355
79205,105971,2023-02-15 00:00:00,33,0.4583333333333333,0,-1.1505745599946766,1.9971620787853952,-2.423537703411708,1.5448193448601713,0.0,0.0,7.046647277848756
79205,44620,2023-02-15 00:00:00,33,0.4583333333333333,0,-1.1505745599946766,1.9971620787853952,-2.423537703411708,1.1238638287891176,0.4442846901846929,-2.6100697927420065,-0.9987462923279232
290624,155651,2023-02-15 00:00:00,38,0.5352112676056338,1,1.5448193448601713,-0.2370698524880699,0.2876820724517808,1.5448193448601713,0.1185349262440349,-0.8472978603872034,7.478169694159785
290624,91599,2023-02-15 00:00:00,36,0.5070422535211268,1,1.5448193448601713,-0.2370698524880699,0.2876820724517808,1.5448193448601713,0.4209555160710536,-0.5108256237659905,-3.742045992883167
290624,145282,2023-02-15 00:00:00,34,0.4788732394366197,0,1.5448193448601713,-0.2370698524880699,0.2876820724517808,0.1610197225386323,-0.6545520109578911,1.932078669906851,-1.9459101490553128
290624,253405,2023-02-15 00:00:00,34,0.4788732394366197,0,1.5448193448601713,-0.2370698524880699,0.2876820724517808,1.5448193448601713,0.1185349262440349,-0.6931471805599452,9.487896348128954
290624,106153,2023-02-15 00:00:00,34,0.4788732394366197,0,1.5448193448601713,-0.2370698524880699,0.2876820724517808,1.5448193448601713,-0.1670655952750988,-0.2876820724517808,0.0
290624,94652,2023-02-15 00:00:00,33,0.4647887323943662,0,1.5448193448601713,-0.2370698524880699,0.2876820724517808,1.878950535410369,0.8937970278173188,-1.791759469228055,-3.129263666178513
443873,798533880,2023-02-15 00:00:00,156,0.6666666666666666,1,1.5014071820997432,-0.5161815083098251,0.6061358035703157,-2.6044433106403404,-0.8726537421303306,1.365626828832113,0.2354603344667971
194336,69470,2023-02-15 00:00:00,35,0.4666666666666667,0,1.515877903019886,0.0289414418402853,-0.980829253011726,0.9182905899658678,-0.0489895717793392,0.1405819506211894,1.056052674249314
194336,91594,2023-02-15 00:00:00,35,0.4666666666666667,0,1.515877903019886,0.0289414418402853,-0.980829253011726,1.0751554321264385,0.1303073005723489,-0.1292117314800061,3.0515523436516814
194336,3239,2023-02-15 00:00:00,35,0.4666666666666667,0,1.515877903019886,0.0289414418402853,-0.980829253011726,1.0116743696641293,0.2853933243095665,-1.5500836697849172,4.003960500753832
194336,49239,2023-02-15 00:00:00,34,0.4533333333333333,0,1.515877903019886,0.0289414418402853,-0.980829253011726,1.878950535410369,0.3341311905501978,-0.4054651081081645,0.0432968057533242
283242758,244924,2023-02-16 00:00:00,34,0.4657534246575342,0,0.7496300069748425,0.900826877780562,-0.8266785731844681,2.254745618346836,-0.0088364967845557,1.2992829841302609,0.6931471805599453
283242758,256353,2023-02-16 00:00:00,33,0.4520547945205479,0,0.7496300069748425,0.900826877780562,-0.8266785731844681,1.9699614850615508,0.0783858523584755,0.6931471805599454,1.791759469228055
283242758,243150,2023-02-16 00:00:00,32,0.4383561643835616,0,0.7496300069748425,0.900826877780562,-0.8266785731844681,2.037249056734275,0.0132545316932906,0.4700036292457354,0.6931471805599453
283242758,168829,2023-02-16 00:00:00,32,0.4383561643835616,0,0.7496300069748425,0.900826877780562,-0.8266785731844681,2.0388616567892157,0.494042311929044,1.3862943611198906,0.4054651081081646
283242758,80048,2023-02-16 00:00:00,31,0.4246575342465753,0,0.7496300069748425,0.900826877780562,-0.8266785731844681,1.9284886784169823,,2.9444389791664403,-0.980829253011726
283242758,191497,2023-02-16 00:00:00,31,0.4246575342465753,0,0.7496300069748425,0.900826877780562,-0.8266785731844681,1.9683059932826183,0.2564210531473485,0.9162907318741552,0.5877866649021193
283242758,239887,2023-02-16 00:00:00,31,0.4246575342465753,0,0.7496300069748425,0.900826877780562,-0.8266785731844681,2.078354551681277,-0.1852275634501143,0.6931471805599452,1.0986122886681098
283242758,53725,2023-02-16 00:00:00,31,0.4246575342465753,0,0.7496300069748425,0.900826877780562,-0.8266785731844681,1.873105819442907,-0.0310949105528743,1.0986122886681098,2.4849066497880004
190335,92472,2023-02-16 00:00:00,38,0.5757575757575758,1,-0.4092825575358798,1.954101902396051,-5.44673737166631,2.2635821151313915,1.746911435267572,-3.060270794691561,0.0082304991365154
190335,47820,2023-02-16 00:00:00,36,0.5454545454545454,1,-0.4092825575358798,1.954101902396051,-5.44673737166631,1.5448193448601713,-0.048530669031064,-0.5108256237659905,2.19722457733622
190335,84747,2023-02-16 00:00:00,35,0.5303030303030303,1,-0.4092825575358798,1.954101902396051,-5.44673737166631,1.878950535410369,0.5534729800699056,-1.6094379124341005,5.468060141135132
190335,94652,2023-02-16 00:00:00,35,0.5303030303030303,1,-0.4092825575358798,1.954101902396051,-5.44673737166631,1.878950535410369,0.5958646852115459,-1.8718021769015916,-3.129263666178513
178253,3768,2023-02-16 00:00:00,34,0.5230769230769231,1,-1.4018478714313525,2.7095973638034536,-6.131769820113187,1.0840706174525594,-0.0125463030151433,0.1953087523207659,2.522646977770848
178253,89138,2023-02-16 00:00:00,33,0.5076923076923077,1,-1.4018478714313525,2.7095973638034536,-6.131769820113187,1.878950535410369,0.8568015645574016,-1.7047480922384253,0.0331980694095959
178253,108215,2023-02-16 00:00:00,32,0.4923076923076923,0,-1.4018478714313525,2.7095973638034536,-6.131769820113187,0.743037315031212,-0.0228237431941799,-0.9075570519054006,5.093750200806763
178253,310511,2023-02-16 00:00:00,31,0.4769230769230769,0,-1.4018478714313525,2.7095973638034536,-6.131769820113187,1.878950535410369,0.5712010430382677,-1.5040773967762742,0.0
112432,69470,2023-02-16 00:00:00,40,0.5128205128205128,1,0.3447071860025714,-0.6105523083193316,-0.3677247801253172,0.9104363743471277,-0.0153820497986435,0.0,1.0296194171811588
112432,143927,2023-02-16 00:00:00,38,0.4871794871794871,0,0.3447071860025714,-0.6105523083193316,-0.3677247801253172,1.878950535410369,0.7862650328909684,-2.0149030205422647,2.0325785317009872
112432,91604,2023-02-16 00:00:00,36,0.4615384615384615,0,0.3447071860025714,-0.6105523083193316,-0.3677247801253172,1.19995136021902,-0.2263330583971163,1.6739764335716716,-3.266607227689391
112432,142550,2023-02-16 00:00:00,36,0.4615384615384615,0,0.3447071860025714,-0.6105523083193316,-0.3677247801253172,1.4262844186161363,0.4882462059695962,-2.268683541318364,-5.652489180268651
1330296487,2122437132,2023-02-17 00:00:00,630,0.875,1,0.7747325896318178,0.4732719317092022,-1.0986122886681096,-2.8799180225550787,0.0211973463221992,0.1292154869606623,0.7475365555003073
1330296487,2122725237,2023-02-17 00:00:00,627,0.8708333333333333,1,0.7747325896318178,0.4732719317092022,-1.0986122886681096,-2.8789344119623403,0.0345901446521184,0.1146142334923165,0.6791912273889515
1330296487,2142878670,2023-02-17 00:00:00,623,0.8652777777777778,1,0.7747325896318178,0.4732719317092022,-1.0986122886681096,-2.8627309862326347,0.0369474895230883,0.1130044015603264,0.6952076624719012
1330296487,2129632899,2023-02-17 00:00:00,622,0.8638888888888889,1,0.7747325896318178,0.4732719317092022,-1.0986122886681096,-2.8590853115487467,0.0170639731159321,0.1358399983769302,0.6698961963228864
1330296487,2142911275,2023-02-17 00:00:00,622,0.8638888888888889,1,0.7747325896318178,0.4732719317092022,-1.0986122886681096,-2.889136036742676,0.0211281158315408,0.1321367670699391,0.6186743044775369
1330296487,2122514680,2023-02-17 00:00:00,621,0.8625,1,0.7747325896318178,0.4732719317092022,-1.0986122886681096,-2.877584538873087,-0.0349299034376593,0.1997648162444818,0.6888297135358457
1330296487,2143002309,2023-02-17 00:00:00,620,0.8611111111111112,1,0.7747325896318178,0.4732719317092022,-1.0986122886681096,-2.8772995921274656,0.0218640904421243,0.1273623224253004,0.7128029218394101
1330296487,2123295900,2023-02-17 00:00:00,620,0.8611111111111112,1,0.7747325896318178,0.4732719317092022,-1.0986122886681096,-2.864354566908644,0.0033068151783419,0.1456965454874428,0.6323381759643407
133761,2142911275,2023-02-17 00:00:00,605,0.835635359116022,1,0.8758135376560118,0.5744260214385871,-1.0152306797290591,-2.889136036742676,0.0211281158315408,0.1321367670699391,0.6186743044775369
133761,2122725237,2023-02-17 00:00:00,604,0.8342541436464088,1,0.8758135376560118,0.5744260214385871,-1.0152306797290591,-2.8789344119623403,0.0345901446521184,0.1146142334923165,0.6791912273889515
133761,2123493281,2023-02-17 00:00:00,604,0.8342541436464088,1,0.8758135376560118,0.5744260214385871,-1.0152306797290591,-2.854824596453656,0.0231825853699967,0.130174002822379,0.641365161295969
133761,2142865506,2023-02-17 00:00:00,603,0.8328729281767956,1,0.8758135376560118,0.5744260214385871,-1.0152306797290591,-2.9680229903925914,0.008107940735484,0.1423557283531007,0.6680308534608379
133761,2123295900,2023-02-17 00:00:00,602,0.8314917127071824,1,0.8758135376560118,0.5744260214385871,-1.0152306797290591,-2.864354566908644,0.0033068151783419,0.1456965454874428,0.6323381759643407
133761,2142890311,2023-02-17 00:00:00,602,0.8314917127071824,1,0.8758135376560118,0.5744260214385871,-1.0152306797290591,-2.8873459570958544,0.0142225782601164,0.1488601318647866,0.5822048556479515
133761,2142870385,2023-02-17 00:00:00,599,0.8273480662983426,1,0.8758135376560118,0.5744260214385871,-1.0152306797290591,-2.854389570960961,0.0469921910146893,0.1022015424836038,0.6393201859517443
133761,2122399466,2023-02-17 00:00:00,599,0.8273480662983426,1,0.8758135376560118,0.5744260214385871,-1.0152306797290591,-2.8617513120818794,0.036175981028895,0.1104480732826562,0.6602855160759447
133761,2142926031,2023-02-17 00:00:00,599,0.8273480662983426,1,0.8758135376560118,0.5744260214385871,-1.0152306797290591,-2.873549148448914,0.0511036587648376,0.0937488992373722,0.6775691378219726
92066,2143002309,2023-02-18 00:00:00,608,0.7979002624671916,1,0.9822224518403412,0.4700904264182048,-0.8266785731844677,-2.870935190011894,0.0268001475461976,0.0422060397272368,0.5704975572391913
92066,2142869226,2023-02-18 00:00:00,604,0.7926509186351706,1,0.9822224518403412,0.4700904264182048,-0.8266785731844677,-2.860285444478724,0.0564020238616826,0.0091304498007822,0.60565842210233
92066,2129632899,2023-02-18 00:00:00,604,0.7926509186351706,1,0.9822224518403412,0.4700904264182048,-0.8266785731844677,-2.849489366244119,0.0344028461964565,0.0345079232600991,0.5388148113846345
92066,2122450336,2023-02-18 00:00:00,603,0.7913385826771654,1,0.9822224518403412,0.4700904264182048,-0.8266785731844677,-2.8902973443244377,-0.0032897405098526,0.0785371193411847,0.5497583481077051
92066,2142879863,2023-02-18 00:00:00,603,0.7913385826771654,1,0.9822224518403412,0.4700904264182048,-0.8266785731844677,-2.8563368687866384,0.0684533950786043,-0.0145728147650903,0.574425137621283
92066,2122397525,2023-02-18 00:00:00,602,0.7900262467191601,1,0.9822224518403412,0.4700904264182048,-0.8266785731844677,-2.8544243955277127,0.0539247825754669,0.016018264645476,0.5859541647607678
92066,2123493281,2023-02-18 00:00:00,601,0.7887139107611548,1,0.9822224518403412,0.4700904264182048,-0.8266785731844677,-2.8530816908139096,0.0344090638466569,0.0368978317371411,0.5096092061750888
92066,2122437132,2023-02-18 00:00:00,600,0.7874015748031497,1,0.9822224518403412,0.4700904264182048,-0.8266785731844677,-2.8693591375283867,0.0384016250726357,0.0268622754855432,0.6119790240434462
458445,2135,2023-02-18 00:00:00,10,0.15625,0,1.1648203704567364,-1.247899339103418,0.1241484295234593,0.5437676566037123,0.8463035827852151,-0.169233922038587,4.757891273005755
458445,22416,2023-02-18 00:00:00,7,0.109375,0,1.1648203704567364,-1.247899339103418,0.1241484295234593,-0.3882690579839341,-0.3748873579761143,1.2424183509557816,-0.2005725166785064
278282,109902,2023-02-18 00:00:00,82,0.5290322580645161,1,1.2200217237193731,0.087727768652728,-0.810930216216329,1.878950535410369,0.3017774111961551,-0.5596157879354227,0.6931471805599453
104340,155651,2023-02-18 00:00:00,37,0.4868421052631579,0,1.652617477013253,-0.8409665218448048,0.9650808960435872,1.878950535410369,0.4131544747128879,-1.5040773967762742,7.478169694159785
104340,94652,2023-02-18 00:00:00,35,0.4605263157894737,0,1.652617477013253,-0.8409665218448048,0.9650808960435872,1.878950535410369,0.5958646852115459,-1.8718021769015916,-5.111987788356544
104340,108215,2023-02-18 00:00:00,34,0.4473684210526316,0,1.652617477013253,-0.8409665218448048,0.9650808960435872,1.5448193448601713,0.985109729890564,-3.245193133185574,5.093750200806763
104340,10731,2023-02-18 00:00:00,34,0.4473684210526316,0,1.652617477013253,-0.8409665218448048,0.9650808960435872,2.648213694852414,0.936328754717144,-0.6931471805599453,5.480638923341991
1121494760,455,2023-02-19 00:00:00,19,0.4418604651162791,0,0.5236363445343256,0.0384014680330808,-0.5078135732959987,-0.7865830526827935,-0.0886354610271186,-0.0133157759757729,0.0928501539634627
1121494760,1126605735,2023-02-19 00:00:00,18,0.4186046511627907,0,0.5236363445343256,0.0384014680330808,-0.5078135732959987,0.6326309379650932,-0.0345737454625012,-0.4489502200479034,-0.033616610798985
1121494760,1127790622,2023-02-19 00:00:00,18,0.4186046511627907,0,0.5236363445343256,0.0384014680330808,-0.5078135732959987,0.664525149133729,0.0839019608897608,-0.7162428953545952,-0.6446947971739982
1121494760,223429,2023-02-19 00:00:00,18,0.4186046511627907,0,0.5236363445343256,0.0384014680330808,-0.5078135732959987,0.5690430536640326,0.2706388653854876,-0.7245633767933244,-0.5130957723005292
1121494760,1156252557,2023-02-19 00:00:00,18,0.4186046511627907,0,0.5236363445343256,0.0384014680330808,-0.5078135732959987,0.4434065993253403,0.0281225561063596,-0.431107538721502,0.0327898228229912
1121494760,2628,2023-02-19 00:00:00,18,0.4186046511627907,0,0.5236363445343256,0.0384014680330808,-0.5078135732959987,0.6217718946182269,0.2496649779325194,-0.8236000689573801,-0.3153846750011171
1121494760,707247011,2023-02-19 00:00:00,18,0.4186046511627907,0,0.5236363445343256,0.0384014680330808,-0.5078135732959987,0.4940294442433642,-0.0124106280895265,-0.2911970145592253,-0.677879708429157
1121494760,433417,2023-02-19 00:00:00,17,0.3953488372093023,0,0.5236363445343256,0.0384014680330808,-0.5078135732959987,0.687618730909982,0.1685697855033882,-0.6395629344258387,0.1954920199836989
1121494760,1125191265,2023-02-19 00:00:00,17,0.3953488372093023,0,0.5236363445343256,0.0384014680330808,-0.5078135732959987,0.448263297376582,-0.0931078399940731,-0.1952121666250317,-0.1962799090446614
1121494760,1159961747,2023-02-19 00:00:00,17,0.3953488372093023,0,0.5236363445343256,0.0384014680330808,-0.5078135732959987,0.7598097248552763,0.1900444207976986,-0.4505058335324685,-0.3176037523168302
46930,40948,2023-02-20 00:00:00,47,0.1358381502890173,0,0.2828410806293789,0.3993323154635858,-1.0755565123681832,0.7535671764568209,0.3595416678169632,-0.7695888760598875,-0.018692133012153
46930,579,2023-02-20 00:00:00,40,0.1156069364161849,0,0.2828410806293789,0.3993323154635858,-1.0755565123681832,-1.1696958307952214,0.118722836228329,-0.223658440195404,0.4553532030273137
46930,46721,2023-02-20 00:00:00,40,0.1156069364161849,0,0.2828410806293789,0.3993323154635858,-1.0755565123681832,1.6030053565718818,-0.4533294427238172,0.2231435513142097,2.19722457733622
46930,45022,2023-02-20 00:00:00,40,0.1156069364161849,0,0.2828410806293789,0.3993323154635858,-1.0755565123681832,0.6800798265360835,0.2983093308587046,-0.6241543090729937,-0.0976384695639156
46930,46971,2023-02-20 00:00:00,39,0.1127167630057803,0,0.2828410806293789,0.3993323154635858,-1.0755565123681832,1.2516409323648938,-1.3965727624875202,1.6094379124341005,0.6931471805599453
46930,85890,2023-02-20 00:00:00,38,0.1098265895953757,0,0.2828410806293789,0.3993323154635858,-1.0755565123681832,1.6823738087986924,-0.452997779759025,1.01160091167848,0.0
46930,209893,2023-02-20 00:00:00,37,0.1069364161849711,0,0.2828410806293789,0.3993323154635858,-1.0755565123681832,1.642523751202891,-0.6210583639285006,0.5108256237659905,-0.6931471805599453
1007141174,695379616,2023-02-20 00:00:00,22,0.5,1,0.6881933038390591,-0.002499104777728,-0.5647048574428943,0.3720344212381107,0.0842610170027184,-0.2135741002980591,1.2790488307662926
1007141174,1156252557,2023-02-20 00:00:00,22,0.5,1,0.6881933038390591,-0.002499104777728,-0.5647048574428943,0.4819020040430702,0.1613528000854835,-0.6281147102890907,-0.0725706928348355
1007141174,707247011,2023-02-20 00:00:00,19,0.4318181818181818,0,0.6881933038390591,-0.002499104777728,-0.5647048574428943,0.4891433324510738,0.0590229954342845,-0.3928546005162348,-0.5928244589320757
1007141174,45022,2023-02-20 00:00:00,19,0.4318181818181818,0,0.6881933038390591,-0.002499104777728,-0.5647048574428943,0.6800798265360835,0.2983093308587046,-0.6241543090729937,-0.0976384695639156
1007141174,223429,2023-02-20 00:00:00,19,0.4318181818181818,0,0.6881933038390591,-0.002499104777728,-0.5647048574428943,0.6000965650000686,0.4240926002297237,-0.8840298696559339,-0.4700036292457357
1007141174,734267842,2023-02-20 00:00:00,19,0.4318181818181818,0,0.6881933038390591,-0.002499104777728,-0.5647048574428943,0.6151230410238026,0.2345630228808535,-0.6664789334777836,0.047402238894584
1007141174,1235499378,2023-02-20 00:00:00,19,0.4318181818181818,0,0.6881933038390591,-0.002499104777728,-0.5647048574428943,0.4478601831185723,0.0524677628091679,-0.233614851181505,0.0170944333593006
319167,2123493281,2023-02-20 00:00:00,651,0.8645418326693227,1,0.848466979996333,0.4479214444561673,-0.6286086594223734,-2.823424986642606,0.0723054707893808,-0.0817324831576531,0.3345099662167321
319167,2122397525,2023-02-20 00:00:00,650,0.8632138114209827,1,0.848466979996333,0.4479214444561673,-0.6286086594223734,-2.831806604903772,0.0654042902128297,-0.0678859470314492,0.3602329631103558
319167,2122399466,2023-02-20 00:00:00,650,0.8632138114209827,1,0.848466979996333,0.4479214444561673,-0.6286086594223734,-2.821987093528864,0.0858968949142435,-0.0990055237754496,0.3077876630792993
319167,2142926031,2023-02-20 00:00:00,649,0.8618857901726428,1,0.848466979996333,0.4479214444561673,-0.6286086594223734,-2.852124754022386,0.074401396260721,-0.0868713111584593,0.3810797246209496
319167,2122725237,2023-02-20 00:00:00,649,0.8618857901726428,1,0.848466979996333,0.4479214444561673,-0.6286086594223734,-2.847118389594633,0.0646887220307288,-0.0721032939013426,0.3435479413510958
319167,2122437132,2023-02-20 00:00:00,647,0.8592297476759628,1,0.848466979996333,0.4479214444561673,-0.6286086594223734,-2.840473252792984,0.0674613926223748,-0.074302692001158,0.4060317338670209
319167,2143015613,2023-02-20 00:00:00,647,0.8592297476759628,1,0.848466979996333,0.4479214444561673,-0.6286086594223734,-2.84151831952347,0.0650608736371554,-0.083285735820203,0.314672038953411
319167,2142890311,2023-02-20 00:00:00,646,0.8579017264276229,1,0.848466979996333,0.4479214444561673,-0.6286086594223734,-2.849550591077631,0.0689975413991872,-0.074603547950991,0.2813991439476098
319167,2142879863,2023-02-20 00:00:00,645,0.8565737051792829,1,0.848466979996333,0.4479214444561673,-0.6286086594223734,-2.823611834136987,0.08797768639426,-0.1038980689331623,0.405965483400065
390795,695379616,2023-02-20 00:00:00,26,0.5652173913043478,1,0.4233266682082331,0.2058310838458867,-0.6485150265391768,0.3720344212381107,0.0842610170027184,-0.2135741002980591,1.2790488307662926
390795,430745201,2023-02-20 00:00:00,19,0.4130434782608695,0,0.4233266682082331,0.2058310838458867,-0.6485150265391768,0.8091913443809946,0.3293523355864235,-0.4840553827013858,-0.1630396272445047
390795,1126605735,2023-02-20 00:00:00,19,0.4130434782608695,0,0.4233266682082331,0.2058310838458867,-0.6485150265391768,0.604215324310359,-0.0221892846145019,-0.5073412996833797,-0.0153849188394792
390795,1125191265,2023-02-20 00:00:00,18,0.391304347826087,0,0.4233266682082331,0.2058310838458867,-0.6485150265391768,0.4659349667747304,-0.0523762032980672,-0.3494594321480244,-0.0289875368732523
320780,2142869226,2023-02-21 00:00:00,644,0.8473684210526315,1,0.6730579253178431,0.4178467943435803,-1.3643154544011151,-2.8182980038436254,0.1119140872241746,-0.1993990662431546,0.3106389635915825
320780,2122725237,2023-02-21 00:00:00,643,0.8460526315789474,1,0.6730579253178431,0.4178467943435803,-1.3643154544011151,-2.837317526245436,0.0919527959555037,-0.1776697660761961,0.2730051970803
320780,2143015613,2023-02-21 00:00:00,641,0.843421052631579,1,0.6730579253178431,0.4178467943435803,-1.3643154544011151,-2.837954713221887,0.073107152801521,-0.1655917906904598,0.2546686837521417
320780,2143002309,2023-02-21 00:00:00,637,0.8381578947368421,1,0.6730579253178431,0.4178467943435803,-1.3643154544011151,-2.832298016028016,0.0796458522745964,-0.1691093491454864,0.3326076598547978
320780,2116182225,2023-02-21 00:00:00,637,0.8381578947368421,1,0.6730579253178431,0.4178467943435803,-1.3643154544011151,-2.9372114702733803,0.0338493901100158,-0.1055983766400157,0.348480199950961
320780,2122514680,2023-02-21 00:00:00,635,0.8355263157894737,1,0.6730579253178431,0.4178467943435803,-1.3643154544011151,-2.851698220022762,0.0210171431139216,-0.0845347439429389,0.2725743380958025
320780,2142865506,2023-02-21 00:00:00,634,0.8342105263157895,1,0.6730579253178431,0.4178467943435803,-1.3643154544011151,-2.904928551281538,0.0990016497090762,-0.1881154756094005,0.2448041387560646
320780,2142879863,2023-02-21 00:00:00,634,0.8342105263157895,1,0.6730579253178431,0.4178467943435803,-1.3643154544011151,-2.8153680172535576,0.0979056686738437,-0.18808103656111,0.3384373563889511
186020,2123295900,2023-02-21 00:00:00,609,0.8066225165562914,1,0.8497168554938211,0.3117816348839978,-0.5742859776832168,-2.833207253216823,0.0534781168332703,-0.1327601566035081,0.2563596013227407
186020,2142911275,2023-02-21 00:00:00,605,0.8013245033112583,1,0.8497168554938211,0.3117816348839978,-0.5742859776832168,-2.8587986777496863,0.0574907544854075,-0.1268505657817797,0.2627566521515536
186020,2143015613,2023-02-21 00:00:00,605,0.8013245033112583,1,0.8497168554938211,0.3117816348839978,-0.5742859776832168,-2.837954713221887,0.073107152801521,-0.1655917906904598,0.2546686837521417
186020,2122725237,2023-02-21 00:00:00,604,0.8,1,0.8497168554938211,0.3117816348839978,-0.5742859776832168,-2.837317526245436,0.0919527959555037,-0.1776697660761961,0.2730051970803
186020,2142869398,2023-02-21 00:00:00,602,0.7973509933774835,1,0.8497168554938211,0.3117816348839978,-0.5742859776832168,-2.820573746966187,0.0920325177500669,-0.1821546258195248,0.2678491068797228
186020,2116182225,2023-02-21 00:00:00,601,0.7960264900662252,1,0.8497168554938211,0.3117816348839978,-0.5742859776832168,-2.9372114702733803,0.0338493901100158,-0.1055983766400157,0.348480199950961
186020,2142879863,2023-02-21 00:00:00,600,0.7947019867549668,1,0.8497168554938211,0.3117816348839978,-0.5742859776832168,-2.8153680172535576,0.0979056686738437,-0.18808103656111,0.3384373563889511
186020,2142865506,2023-02-21 00:00:00,600,0.7947019867549668,1,0.8497168554938211,0.3117816348839978,-0.5742859776832168,-2.904928551281538,0.0990016497090762,-0.1881154756094005,0.2448041387560646
1160790500,501213215,2023-02-21 00:00:00,19,0.5277777777777778,1,0.3063192462149723,0.3548119362360035,-1.0387519007444306,0.672115146348231,0.2154103144425744,-0.4629221631329514,0.0683192439774771
1160790500,1265867873,2023-02-21 00:00:00,17,0.4722222222222222,0,0.3063192462149723,0.3548119362360035,-1.0387519007444306,0.5639523942903382,0.2678976482217168,-0.7966878595007856,-0.0981178559585229
1160790500,47695,2023-02-21 00:00:00,17,0.4722222222222222,0,0.3063192462149723,0.3548119362360035,-1.0387519007444306,0.6894859162066117,0.3179648683844684,-0.7231280127718813,0.1554849028403957
1160790500,402,2023-02-21 00:00:00,17,0.4722222222222222,0,0.3063192462149723,0.3548119362360035,-1.0387519007444306,0.7416314283941108,0.55679892200596,-1.055199795732797,0.0870113769896292
1160790500,195539,2023-02-21 00:00:00,17,0.4722222222222222,0,0.3063192462149723,0.3548119362360035,-1.0387519007444306,0.6613789057176881,0.5326555755023035,-0.9238953312593744,-0.2058520542041488
1160790500,1121494760,2023-02-21 00:00:00,17,0.4722222222222222,0,0.3063192462149723,0.3548119362360035,-1.0387519007444306,0.5867066762033658,0.2184106961473391,-0.7627404723591411,0.2014820545330309
173911,26356,2023-02-23 00:00:00,39,0.4814814814814814,0,0.9747980453643929,0.5700212994957785,-0.3364722366212129,-0.0795221708357796,-0.890917813014796,1.004460857545003,-1.6094379124341005
173911,43199,2023-02-23 00:00:00,38,0.4691358024691358,0,0.9747980453643929,0.5700212994957785,-0.3364722366212129,1.878950535410369,0.167065595275099,-0.2876820724517808,-0.2876820724517808
1200108534,224431,2023-02-23 00:00:00,32,0.6666666666666666,1,-1.1097817773679692,0.3348504181846382,-1.4068399699287824,-0.5709060294773014,0.2850829906328916,-1.1532004789525132,-5.049856007249537
1200108534,225106,2023-02-23 00:00:00,32,0.6666666666666666,1,-1.1097817773679692,0.3348504181846382,-1.4068399699287824,-0.9943021639603208,-0.0573905237902689,-1.270171076881872,-4.553876891600541
1200108534,1265697860,2023-02-23 00:00:00,31,0.6458333333333334,1,-1.1097817773679692,0.3348504181846382,-1.4068399699287824,-0.7988405285351193,0.1620218458690091,-1.419857602192459,-4.465908118654584
1200108534,225771,2023-02-23 00:00:00,30,0.625,1,-1.1097817773679692,0.3348504181846382,-1.4068399699287824,-1.030063270372263,-0.113086979610647,-1.218379567753467,-4.394449154672439
1200108534,224428,2023-02-23 00:00:00,29,0.6041666666666666,1,-1.1097817773679692,0.3348504181846382,-1.4068399699287824,-0.9774752986756672,0.0510832436980575,-1.212090238845903,-4.68213122712422
1200108534,278589956,2023-02-23 00:00:00,28,0.5833333333333334,1,-1.1097817773679692,0.3348504181846382,-1.4068399699287824,-1.0407499544779557,-0.0953019423340423,-1.257273576052718,-4.6443908991413725
1200108534,1200126625,2023-02-23 00:00:00,28,0.5833333333333334,1,-1.1097817773679692,0.3348504181846382,-1.4068399699287824,-1.0135297824203542,-0.0502351093446967,-1.2168524671895975,-4.709530201312334
143926,92824,2023-02-23 00:00:00,33,0.4647887323943662,0,1.1238638287891176,0.7803369012066639,-0.2231435513142097,1.878950535410369,0.8302094701048586,-1.791759469228055,-3.949104680332678
143926,223723,2023-02-23 00:00:00,33,0.4647887323943662,0,1.1238638287891176,0.7803369012066639,-0.2231435513142097,1.878950535410369,0.3341311905501978,-0.4054651081081645,-6.169610732491456
143926,89138,2023-02-23 00:00:00,33,0.4647887323943662,0,1.1238638287891176,0.7803369012066639,-0.2231435513142097,1.593350013891235,0.2856005215191339,0.2231435513142097,0.6952370454794039
143926,3664,2023-02-23 00:00:00,32,0.4507042253521127,0,1.1238638287891176,0.7803369012066639,-0.2231435513142097,1.878950535410369,0.3341311905501978,-0.916290731874155,-1.4306543931948568
354002062,168961,2023-02-24 00:00:00,29,0.4677419354838709,0,1.1088964889319073,0.904087233286836,-1.4759065198095778,1.5124645187423504,-1.1357491761100635,2.1400661634962708,0.2623642644674908
354002062,142755,2023-02-24 00:00:00,28,0.4516129032258064,0,1.1088964889319073,0.904087233286836,-1.4759065198095778,0.9781985120458924,-0.5465907158790739,-0.5205344378929517,2.225624051857917
354002062,39780,2023-02-24 00:00:00,28,0.4516129032258064,0,1.1088964889319073,0.904087233286836,-1.4759065198095778,1.1491141099850075,-0.5293577110952425,1.961658506023452,-1.9661128563728327
354002062,264,2023-02-24 00:00:00,28,0.4516129032258064,0,1.1088964889319073,0.904087233286836,-1.4759065198095778,1.4084224346699408,-0.1080428051968807,0.0953101798043252,-0.6190392084062233
354002062,140429,2023-02-24 00:00:00,27,0.4354838709677419,0,1.1088964889319073,0.904087233286836,-1.4759065198095778,1.833873848159373,-0.2228027429256145,0.998528830111127,-4.563479758933882
354002062,273000636,2023-02-24 00:00:00,27,0.4354838709677419,0,1.1088964889319073,0.904087233286836,-1.4759065198095778,1.8949058554102385,-0.0928276722230925,0.9162907318741552,-1.1786549963416462
354002062,165943,2023-02-24 00:00:00,27,0.4354838709677419,0,1.1088964889319073,0.904087233286836,-1.4759065198095778,1.4235508924518074,-0.6004436325891771,1.648658625587382,-0.7621400520468968
354002062,244212,2023-02-24 00:00:00,26,0.4193548387096774,0,1.1088964889319073,0.904087233286836,-1.4759065198095778,2.505413434092847,0.2418313189614553,0.8472978603872034,-0.6931471805599453
354002062,80049,2023-02-24 00:00:00,26,0.4193548387096774,0,1.1088964889319073,0.904087233286836,-1.4759065198095778,1.813438442917528,0.9739655858277332,-0.1053605156578263,-3.3141860046725258
354002062,437723740,2023-02-24 00:00:00,26,0.4193548387096774,0,1.1088964889319073,0.904087233286836,-1.4759065198095778,2.1926744147865485,-0.070907700344843,0.0,-0.916290731874155
305928,2129632899,2023-02-25 00:00:00,654,0.8790322580645161,1,0.7970201934211866,0.5885942061491892,-1.120591195386885,-2.8410020060395764,0.0113520939725866,-0.4577209545729364,0.0441219828947812
305928,2142865506,2023-02-25 00:00:00,654,0.8790322580645161,1,0.7970201934211866,0.5885942061491892,-1.120591195386885,-2.9249384936400995,0.0376284982811019,-0.4827490609884002,0.0504835100929597
305928,2142911275,2023-02-25 00:00:00,651,0.875,1,0.7970201934211866,0.5885942061491892,-1.120591195386885,-2.8970188885792365,-0.0309130120023164,-0.3953662297435496,0.0573938875800177
305928,2142879863,2023-02-25 00:00:00,650,0.8736559139784946,1,0.7970201934211866,0.5885942061491892,-1.120591195386885,-2.82760514652522,0.0461154221777406,-0.4951421454321458,0.1558313524917771
305928,2142884713,2023-02-25 00:00:00,649,0.8723118279569892,1,0.7970201934211866,0.5885942061491892,-1.120591195386885,-2.9070671404089468,-0.0310978590583737,-0.3982755346555962,0.0405006161151533
305928,2142877002,2023-02-25 00:00:00,647,0.8696236559139785,1,0.7970201934211866,0.5885942061491892,-1.120591195386885,-2.8740977409988666,-0.0139055738360798,-0.4289403645295309,0.0672000609777203
305928,2142926031,2023-02-25 00:00:00,646,0.8682795698924731,1,0.7970201934211866,0.5885942061491892,-1.120591195386885,-2.8678743821403616,0.0257689899204742,-0.486460953264503,0.0649637709782577
202690,141740,2023-02-25 00:00:00,43,0.3944954128440367,0,-0.2830147102036223,2.056271387461401,-2.2419604711776104,1.8445615760043328,-0.0343889594060358,2.602689685444384,1.5755363607584192
202690,190175,2023-02-25 00:00:00,43,0.3944954128440367,0,-0.2830147102036223,2.056271387461401,-2.2419604711776104,1.66922162141725,0.17187731400784,-0.7308875085427924,-3.171085161031852
202690,214622,2023-02-25 00:00:00,43,0.3944954128440367,0,-0.2830147102036223,2.056271387461401,-2.2419604711776104,1.7981865018693262,2.345656592888888,-0.6418538861723948,1.2237754316221157
202690,141342,2023-02-25 00:00:00,42,0.3853211009174312,0,-0.2830147102036223,2.056271387461401,-2.2419604711776104,1.7241220467353542,-0.4112495418223632,1.871802176901592,-0.4054651081081646
202690,164719,2023-02-25 00:00:00,42,0.3853211009174312,0,-0.2830147102036223,2.056271387461401,-2.2419604711776104,1.7365550772689424,-0.5270270378624491,1.897119984885881,-3.9318256327243257
202690,169529,2023-02-25 00:00:00,41,0.3761467889908257,0,-0.2830147102036223,2.056271387461401,-2.2419604711776104,1.6174406645049315,0.2998478673078268,-2.283892959981893,-0.2102954088363606
202690,125737,2023-02-25 00:00:00,41,0.3761467889908257,0,-0.2830147102036223,2.056271387461401,-2.2419604711776104,1.835397002841301,-0.0435535325690681,1.83258146374831,-2.151762203259461
202690,195262,2023-02-25 00:00:00,41,0.3761467889908257,0,-0.2830147102036223,2.056271387461401,-2.2419604711776104,1.9406621828668615,0.2844657744899581,1.0414538748281612,-1.1773931665212238
202690,2113,2023-02-25 00:00:00,41,0.3761467889908257,0,-0.2830147102036223,2.056271387461401,-2.2419604711776104,-1.718505783489638,-0.1550512358643614,-0.2666534319760076,-0.0710915701777832
54324,169044,2023-02-25 00:00:00,29,0.3717948717948718,0,0.8168848802563637,1.2239431078415626,-3.709498741316673,1.7561505404938618,-0.1299069685161868,0.5978370007556202,1.0704414117014132
54324,187264,2023-02-25 00:00:00,29,0.3717948717948718,0,0.8168848802563637,1.2239431078415626,-3.709498741316673,2.066490426943617,0.1215191860653219,1.0414538748281612,-1.6302719993369426
54324,80983,2023-02-25 00:00:00,28,0.358974358974359,0,0.8168848802563637,1.2239431078415626,-3.709498741316673,2.09282527260142,0.1886245426056381,0.6931471805599452,-2.327277705584417
54324,277235,2023-02-25 00:00:00,28,0.358974358974359,0,0.8168848802563637,1.2239431078415626,-3.709498741316673,1.7837011668585598,,2.4849066497880004,0.4054651081081645
54324,169529,2023-02-25 00:00:00,28,0.358974358974359,0,0.8168848802563637,1.2239431078415626,-3.709498741316673,1.6174406645049315,0.2998478673078268,-2.283892959981893,-0.2102954088363606
54324,25213,2023-02-25 00:00:00,28,0.358974358974359,0,0.8168848802563637,1.2239431078415626,-3.709498741316673,1.6666676696769542,-0.5969144454544373,1.8458266904983305,0.8266785731844677
54324,141335,2023-02-25 00:00:00,28,0.358974358974359,0,0.8168848802563637,1.2239431078415626,-3.709498741316673,1.795779838775284,0.5536373013457787,-0.8056251639866354,-3.9702919135521215
54324,163819,2023-02-25 00:00:00,28,0.358974358974359,0,0.8168848802563637,1.2239431078415626,-3.709498741316673,2.104933251384763,0.2259827159743941,1.01160091167848,0.8803587226480918
54324,710,2023-02-25 00:00:00,27,0.3461538461538461,0,0.8168848802563637,1.2239431078415626,-3.709498741316673,1.1864426686412837,0.2342725798556438,-0.9954280524328788,-0.2815443942625739
54324,243860,2023-02-25 00:00:00,27,0.3461538461538461,0,0.8168848802563637,1.2239431078415626,-3.709498741316673,2.037249056734275,0.6109646381181388,0.2876820724517808,0.0
243127,126849,2023-02-25 00:00:00,91,0.2063492063492063,0,0.6550374267840574,1.3571043300410008,-1.3862943611198904,0.7200393903490679,0.0824085000277761,-0.2824601284706292,0.2617335485840781
141233,2113,2023-02-26 00:00:00,56,0.3353293413173652,0,1.6750378144597655,-0.0703563902354458,-1.2809338454620645,-1.7416532829007498,-0.1892896726886648,-0.3485320463818455,0.0004265301834767
141233,205899312,2023-02-26 00:00:00,54,0.3233532934131736,0,1.6750378144597655,-0.0703563902354458,-1.2809338454620645,1.778112646867293,0.0226471537570001,0.9444616088408512,-1.1180303745252114
141233,194341,2023-02-26 00:00:00,53,0.3173652694610778,0,1.6750378144597655,-0.0703563902354458,-1.2809338454620645,1.8027085920181487,-0.1014921379776327,1.6094379124341005,-2.7932080094425173
141233,141336,2023-02-26 00:00:00,50,0.2994011976047904,0,1.6750378144597655,-0.0703563902354458,-1.2809338454620645,1.9648159265374812,0.3207274969439213,1.09861228866811,-1.2237754316221157
141233,1110,2023-02-26 00:00:00,50,0.2994011976047904,0,1.6750378144597655,-0.0703563902354458,-1.2809338454620645,0.5624055029435333,-0.2054870735567264,-0.6082477367734596,-0.4187103348581855
141233,168623,2023-02-26 00:00:00,49,0.2934131736526946,0,1.6750378144597655,-0.0703563902354458,-1.2809338454620645,1.646730443183049,-0.3069858159136767,0.7985076962177713,0.3333275799417414
141233,3378,2023-02-26 00:00:00,49,0.2934131736526946,0,1.6750378144597655,-0.0703563902354458,-1.2809338454620645,-2.531039759573132,0.231571549166885,-0.787199315973254,-0.2566469842442327
231338,243860,2023-02-26 00:00:00,33,0.2391304347826087,0,0.825328338832266,1.1052452572484293,-3.673131097145797,2.0239945250409845,0.3808006953588452,-0.5877866649021193,0.0
231338,192525,2023-02-26 00:00:00,31,0.2246376811594203,0,0.825328338832266,1.1052452572484293,-3.673131097145797,1.9254956931615448,-0.1587060005076588,0.5877866649021186,0.0
231338,170230,2023-02-26 00:00:00,31,0.2246376811594203,0,0.825328338832266,1.1052452572484293,-3.673131097145797,2.0965165198562925,0.2104777580355268,-0.4054651081081644,1.0986122886681098
231338,40913,2023-02-26 00:00:00,31,0.2246376811594203,0,0.825328338832266,1.1052452572484293,-3.673131097145797,1.2978797183463249,-0.3854156251884044,1.6817585740137266,-0.2876820724517808
231338,273000649,2023-02-26 00:00:00,31,0.2246376811594203,0,0.825328338832266,1.1052452572484293,-3.673131097145797,2.152205051614659,0.2697104029990917,-0.4700036292457354,-0.4054651081081645
231338,229426,2023-02-26 00:00:00,30,0.217391304347826,0,0.825328338832266,1.1052452572484293,-3.673131097145797,2.3917926417050657,0.7068275971627722,-0.9162907318741552,0.0
231338,212346,2023-02-26 00:00:00,30,0.217391304347826,0,0.825328338832266,1.1052452572484293,-3.673131097145797,2.36261317333328,0.4836626379229107,0.916290731874155,-1.3862943611198906
231338,264,2023-02-26 00:00:00,30,0.217391304347826,0,0.825328338832266,1.1052452572484293,-3.673131097145797,1.3743232071223832,-0.2135421631242215,0.1625189294977747,-0.4353180712578455
231338,467022,2023-02-26 00:00:00,30,0.217391304347826,0,0.825328338832266,1.1052452572484293,-3.673131097145797,2.0408279880979263,-0.094543600459791,0.4054651081081644,0.6931471805599453
146011,3888,2023-02-26 00:00:00,46,0.3865546218487395,0,1.0344962292846465,0.6141922354663243,-0.6729444732424259,0.9205337102768206,-0.722472527011056,1.7466390339475852,-0.2559333741372005
146011,141944,2023-02-26 00:00:00,45,0.3781512605042016,0,1.0344962292846465,0.6141922354663243,-0.6729444732424259,1.3230305795290342,-0.9506516134365222,1.4552872326068422,-0.6061358035703157
146011,3378,2023-02-26 00:00:00,45,0.3781512605042016,0,1.0344962292846465,0.6141922354663243,-0.6729444732424259,-2.531039759573132,0.231571549166885,-0.787199315973254,-0.2566469842442327
146011,230117,2023-02-26 00:00:00,45,0.3781512605042016,0,1.0344962292846465,0.6141922354663243,-0.6729444732424259,1.8340695880125035,-0.2721225321734282,-0.0689928714869516,0.167054084663166
146011,169529,2023-02-26 00:00:00,44,0.3697478991596639,0,1.0344962292846465,0.6141922354663243,-0.6729444732424259,1.6295442177790582,0.3119514205819533,-2.360854001118021,-0.2488960474166246
146011,168829,2023-02-26 00:00:00,44,0.3697478991596639,0,1.0344962292846465,0.6141922354663243,-0.6729444732424259,1.8659547395287837,0.0851267359418566,1.0116009116784803,-0.5389965007326871
1184833532,2143015613,2023-02-26 00:00:00,610,0.8615819209039548,1,0.8074808736124104,0.3289766956042064,-1.9273049612242792,-2.864156409059396,0.0089507984019565,-0.5719081507767143,0.0810917898229561
1184833532,2142911275,2023-02-26 00:00:00,609,0.8601694915254238,1,0.8074808736124104,0.3289766956042064,-1.9273049612242792,-2.9053807653939,-0.0397726150693347,-0.5000633850323286,0.0520125085259053
1184833532,2122437132,2023-02-26 00:00:00,608,0.8587570621468926,1,0.8074808736124104,0.3289766956042064,-1.9273049612242792,-2.8609539223329965,0.0246824887807801,-0.5766761572248704,0.0662375895213465
1184833532,2142879863,2023-02-26 00:00:00,606,0.8559322033898306,1,0.8074808736124104,0.3289766956042064,-1.9273049612242792,-2.846008950795941,0.0177590304884796,-0.5811838016921644,0.1458186083574055
1184833532,2129632899,2023-02-26 00:00:00,606,0.8559322033898306,1,0.8074808736124104,0.3289766956042064,-1.9273049612242792,-2.84667163398752,0.0010074280077323,-0.562269282788062,0.0405147276565678
1184833532,2122450336,2023-02-26 00:00:00,605,0.8545197740112994,1,0.8074808736124104,0.3289766956042064,-1.9273049612242792,-2.8529543315304275,0.0440787365391859,-0.600143962719704,0.063617802912363
1184833532,2142869226,2023-02-26 00:00:00,605,0.8545197740112994,1,0.8074808736124104,0.3289766956042064,-1.9273049612242792,-2.854284058628582,0.0251880737498884,-0.5875711012022116,0.0484228547070841
1184833532,2142877002,2023-02-26 00:00:00,604,0.8531073446327684,1,0.8074808736124104,0.3289766956042064,-1.9273049612242792,-2.8716495026420388,-0.0103468084362301,-0.5506936527878725,0.0435323057801184
255547,126849,2023-02-26 00:00:00,41,0.1151685393258427,0,1.1714900104330388,1.1173422992837652,-2.788092908775746,0.717975757975972,0.1425195519259368,-0.3200700236960365,0.2731136566234902
133071,2122725237,2023-02-26 00:00:00,620,0.8401084010840109,1,0.8921900312679899,0.2355414854813006,-1.1340142157190258,-2.8700603371745164,0.0077338021273356,-0.5763880131669676,0.0222272305343054
133071,2122399466,2023-02-26 00:00:00,615,0.8333333333333334,1,0.8921900312679899,0.2355414854813006,-1.1340142157190258,-2.862529643912274,5.830013438901105e-05,-0.5539337977485328,0.028319391732964
133071,2122437132,2023-02-26 00:00:00,615,0.8333333333333334,1,0.8921900312679899,0.2355414854813006,-1.1340142157190258,-2.8609539223329965,0.0246824887807801,-0.5766761572248704,0.0662375895213465
133071,2122514680,2023-02-26 00:00:00,615,0.8333333333333334,1,0.8921900312679899,0.2355414854813006,-1.1340142157190258,-2.882267080226196,-0.0331032730806333,-0.5062186152242631,0.0412130657516591
133071,2123295900,2023-02-26 00:00:00,615,0.8333333333333334,1,0.8921900312679899,0.2355414854813006,-1.1340142157190258,-2.8352744289656227,0.0259435467111148,-0.5804246138793392,0.0808076184376975
133071,2129632899,2023-02-26 00:00:00,614,0.8319783197831978,1,0.8921900312679899,0.2355414854813006,-1.1340142157190258,-2.84667163398752,0.0010074280077323,-0.562269282788062,0.0405147276565678
133071,2142911275,2023-02-26 00:00:00,614,0.8319783197831978,1,0.8921900312679899,0.2355414854813006,-1.1340142157190258,-2.9053807653939,-0.0397726150693347,-0.5000633850323286,0.0520125085259053
133071,2122450336,2023-02-26 00:00:00,614,0.8319783197831978,1,0.8921900312679899,0.2355414854813006,-1.1340142157190258,-2.8529543315304275,0.0440787365391859,-0.600143962719704,0.063617802912363
133071,2142869398,2023-02-26 00:00:00,613,0.8306233062330624,1,0.8921900312679899,0.2355414854813006,-1.1340142157190258,-2.85894660993042,0.0070635746324096,-0.5721501173011827,0.0868705097892412
273001895,191497,2023-02-27 00:00:00,45,0.4326923076923077,0,1.0529734622983156,0.7298397613075103,-3.190234248904817,1.945407116521265,0.0412063865254834,0.6931471805599452,0.0
273001895,196181,2023-02-27 00:00:00,44,0.4230769230769231,0,1.0529734622983156,0.7298397613075103,-3.190234248904817,1.9442918934942512,0.2769417876189106,0.693147180559945,-0.3184537311185349
273001895,432338,2023-02-27 00:00:00,44,0.4230769230769231,0,1.0529734622983156,0.7298397613075103,-3.190234248904817,1.9345455198092596,0.2762763980214264,0.4595323293784399,-0.5596157879354227
273001895,178638,2023-02-27 00:00:00,44,0.4230769230769231,0,1.0529734622983156,0.7298397613075103,-3.190234248904817,1.598732071544753,-0.3658826744829924,0.5596157879354227,-0.6359887667199966
273001895,299864,2023-02-27 00:00:00,44,0.4230769230769231,0,1.0529734622983156,0.7298397613075103,-3.190234248904817,1.9064853646254103,-0.0292066867513325,0.4595323293784399,-0.9162907318741552
273001895,169529,2023-02-27 00:00:00,43,0.4134615384615384,0,1.0529734622983156,0.7298397613075103,-3.190234248904817,1.6464891923628362,0.2910253038885535,-2.4517544424711,-0.3659342693515293
273001895,125736,2023-02-27 00:00:00,43,0.4134615384615384,0,1.0529734622983156,0.7298397613075103,-3.190234248904817,1.678343082249606,-0.106063852700972,0.6931471805599454,-0.4353180712578455
273001895,190175,2023-02-27 00:00:00,43,0.4134615384615384,0,1.0529734622983156,0.7298397613075103,-3.190234248904817,1.5683083032508849,-0.0213923730892076,-1.0986122886681096,-2.4368974306016398
273001895,142917,2023-02-27 00:00:00,43,0.4134615384615384,0,1.0529734622983156,0.7298397613075103,-3.190234248904817,1.5912092705647345,-0.3382416540164592,1.4350845252893227,-0.4054651081081641
273001895,162173,2023-02-27 00:00:00,42,0.4038461538461538,0,1.0529734622983156,0.7298397613075103,-3.190234248904817,1.6783853771730417,-0.0891880947205947,1.029619417181158,1.4880770554298333
273001895,178263,2023-02-27 00:00:00,42,0.4038461538461538,0,1.0529734622983156,0.7298397613075103,-3.190234248904817,1.7594358323430277,-0.074546133082924,0.2623642644674908,-0.3677247801253172
47448,2142911275,2023-02-27 00:00:00,641,0.8615591397849462,1,0.9258420508927564,0.0995642620084302,-1.2809338454620645,-2.9024557301744074,-0.0335233019064409,-0.6397569544984449,0.0997013453367205
47448,2122399466,2023-02-27 00:00:00,638,0.8575268817204301,1,0.9258420508927564,0.0995642620084302,-1.2809338454620645,-2.855632605914053,0.0105273987848009,-0.6986677863883433,0.0310456891006598
47448,2122450336,2023-02-27 00:00:00,638,0.8575268817204301,1,0.9258420508927564,0.0995642620084302,-1.2809338454620645,-2.846834770204238,0.0441559666314952,-0.7301561930050777,0.0859272845960745
47448,2142878670,2023-02-27 00:00:00,638,0.8575268817204301,1,0.9258420508927564,0.0995642620084302,-1.2809338454620645,-2.847388976756083,0.0311796640377672,-0.7258934692848467,0.0529492781689349
47448,2142926031,2023-02-27 00:00:00,637,0.8561827956989247,1,0.9258420508927564,0.0995642620084302,-1.2809338454620645,-2.870416703021036,0.0261731984569117,-0.7387492610329094,0.0842195810955868
47448,2129632899,2023-02-27 00:00:00,637,0.8561827956989247,1,0.9258420508927564,0.0995642620084302,-1.2809338454620645,-2.848735497686167,0.0070863392327704,-0.7024610558904758,0.0866546799999365
47448,2142862748,2023-02-27 00:00:00,637,0.8561827956989247,1,0.9258420508927564,0.0995642620084302,-1.2809338454620645,-2.8486483127844857,0.0253370550500142,-0.70875017812671,0.030579755503453
47448,2143015613,2023-02-27 00:00:00,636,0.8548387096774194,1,0.9258420508927564,0.0995642620084302,-1.2809338454620645,-2.8585802763657924,0.0221847507333605,-0.719504955047606,0.1180300156014144
47448,2142869226,2023-02-27 00:00:00,636,0.8548387096774194,1,0.9258420508927564,0.0995642620084302,-1.2809338454620645,-2.856384414663703,0.0196019907281059,-0.709542782284931,0.0889392285713768
306821,2142865506,2023-02-27 00:00:00,644,0.8462549277266754,1,0.6829999110968555,0.4609413280483662,-1.7264543708202882,-2.926731402039931,0.0435778820704291,-0.7356073073399969,0.0710501830134688
306821,2143015613,2023-02-27 00:00:00,643,0.8449408672798949,1,0.6829999110968555,0.4609413280483662,-1.7264543708202882,-2.8585802763657924,0.0221847507333605,-0.719504955047606,0.1180300156014144
306821,2142869226,2023-02-27 00:00:00,642,0.8436268068331143,1,0.6829999110968555,0.4609413280483662,-1.7264543708202882,-2.856384414663703,0.0196019907281059,-0.709542782284931,0.0889392285713768
306821,2122514680,2023-02-27 00:00:00,640,0.8409986859395532,1,0.6829999110968555,0.4609413280483662,-1.7264543708202882,-2.8652163271110647,-0.0033153022421164,-0.674926942131199,0.0806617358191452
306821,2123493281,2023-02-27 00:00:00,640,0.8409986859395532,1,0.6829999110968555,0.4609413280483662,-1.7264543708202882,-2.849447682609089,0.0267477745936686,-0.7299286197796206,0.0207210176375163
306821,2122399466,2023-02-27 00:00:00,640,0.8409986859395532,1,0.6829999110968555,0.4609413280483662,-1.7264543708202882,-2.855632605914053,0.0105273987848009,-0.6986677863883433,0.0310456891006598
306821,2142890311,2023-02-27 00:00:00,639,0.8396846254927727,1,0.6829999110968555,0.4609413280483662,-1.7264543708202882,-2.8755860711594288,0.0042304054134274,-0.7099597681241132,0.0724144916473896
306821,2142911275,2023-02-27 00:00:00,639,0.8396846254927727,1,0.6829999110968555,0.4609413280483662,-1.7264543708202882,-2.9024557301744074,-0.0335233019064409,-0.6397569544984449,0.0997013453367205
306821,2122450336,2023-02-27 00:00:00,637,0.8370565045992115,1,0.6829999110968555,0.4609413280483662,-1.7264543708202882,-2.846834770204238,0.0441559666314952,-0.7301561930050777,0.0859272845960745
163238,2532,2023-02-27 00:00:00,138,0.3844011142061281,0,1.5427153110639142,0.3551347505329207,-1.120591195386885,-0.2123681659934194,0.755398864753701,-1.914318183183101,-0.5739406571187091
163238,44755,2023-02-27 00:00:00,117,0.3259052924791086,0,1.5427153110639142,0.3551347505329207,-1.120591195386885,0.3889806398922331,0.4880021945443854,-0.9702900391235554,0.3664782857289586
163238,188443,2023-02-27 00:00:00,48,0.1337047353760445,0,1.5427153110639142,0.3551347505329207,-1.120591195386885,1.6276443033258563,0.3995203905376934,-1.7578579175523736,-1.239690886928015
163238,141024,2023-02-27 00:00:00,46,0.128133704735376,0,1.5427153110639142,0.3551347505329207,-1.120591195386885,1.6600272927390811,-0.3787037271403599,0.485507815781701,-0.6190392084062235
98992,2142869226,2023-02-28 00:00:00,575,0.8345428156748912,1,0.8969362977247406,0.5886155840134131,-1.7749523509116738,-2.866649147010216,0.0104622335018946,-0.850551659353366,0.0495585908091005
98992,2143015613,2023-02-28 00:00:00,574,0.8330914368650217,1,0.8969362977247406,0.5886155840134131,-1.7749523509116738,-2.8566753781494545,0.0406192956798459,-0.890246908185361,0.0671147152332221
98992,2142869398,2023-02-28 00:00:00,574,0.8330914368650217,1,0.8969362977247406,0.5886155840134131,-1.7749523509116738,-2.8591795385016567,0.0242890149720684,-0.876459540200587,0.0553753441016109
98992,2142877002,2023-02-28 00:00:00,574,0.8330914368650217,1,0.8969362977247406,0.5886155840134131,-1.7749523509116738,-2.8748170533006765,0.0035199002487695,-0.847333971247549,0.028353055684521
98992,2144040670,2023-02-28 00:00:00,573,0.8316400580551524,1,0.8969362977247406,0.5886155840134131,-1.7749523509116738,-2.870400972866054,-0.0006259194480113,-0.8335588275626016,0.0683302009003359
98992,2142862748,2023-02-28 00:00:00,572,0.8301886792452831,1,0.8969362977247406,0.5886155840134131,-1.7749523509116738,-2.8615184263504823,0.0112531149773476,-0.8434854272525474,-0.017630463171347
98992,2129632899,2023-02-28 00:00:00,572,0.8301886792452831,1,0.8969362977247406,0.5886155840134131,-1.7749523509116738,-2.8552600868339133,0.0102679832801784,-0.8569289912869067,0.0427958516335547
98992,2142911275,2023-02-28 00:00:00,571,0.8287373004354136,1,0.8969362977247406,0.5886155840134131,-1.7749523509116738,-2.9019507442279333,-0.0177391059756866,-0.8065883046203819,0.0763572630507667
244456,273001945,2023-02-28 00:00:00,29,0.3972602739726027,0,1.4612644579390754,0.4176860774712936,-3.1498829533812494,2.0965165198562925,-0.1771656731092639,-0.5596157879354227,0.0
244456,153184,2023-02-28 00:00:00,27,0.3698630136986301,0,1.4612644579390754,0.4176860774712936,-3.1498829533812494,1.598230719480829,-0.5868533701918086,0.5108256237659905,0.2231435513142101
244456,244212,2023-02-28 00:00:00,27,0.3698630136986301,0,1.4612644579390754,0.4176860774712936,-3.1498829533812494,2.648213694852414,0.2680928404960623,-1.3862943611198904,0.0
244456,274730341,2023-02-28 00:00:00,27,0.3698630136986301,0,1.4612644579390754,0.4176860774712936,-3.1498829533812494,1.6760989900701395,-0.341722532313423,0.3677247801253172,-0.6931471805599454
244456,83287,2023-02-28 00:00:00,26,0.3561643835616438,0,1.4612644579390754,0.4176860774712936,-3.1498829533812494,2.648213694852414,1.2379068940246682,-3.58351893845611,-2.8233610476132047
244456,177236,2023-02-28 00:00:00,26,0.3561643835616438,0,1.4612644579390754,0.4176860774712936,-3.1498829533812494,1.777569679734119,0.0942584347690078,-1.2704625455947691,0.1053605156578263
244456,273000535,2023-02-28 00:00:00,26,0.3561643835616438,0,1.4612644579390754,0.4176860774712936,-3.1498829533812494,1.9294509245811935,0.0420836576423542,-0.980829253011726,0.4054651081081645
244456,188284,2023-02-28 00:00:00,26,0.3561643835616438,0,1.4612644579390754,0.4176860774712936,-3.1498829533812494,2.314082504302216,0.3708838109288146,-1.0986122886681098,0.6931471805599454
244456,201301,2023-02-28 00:00:00,26,0.3561643835616438,0,1.4612644579390754,0.4176860774712936,-3.1498829533812494,1.6270266068123889,0.0029176482373562,0.5978370007556202,0.0
244456,243860,2023-02-28 00:00:00,26,0.3561643835616438,0,1.4612644579390754,0.4176860774712936,-3.1498829533812494,2.648213694852414,0.9775434209890226,-1.791759469228055,0.0
1393560829,2175,2023-02-28 00:00:00,101,0.2285067873303167,0,1.0788336333223585,0.2655955488687047,-1.9061698204057995,-0.5661748794858262,-0.4433157165944948,-0.0802643634430353,1.008313080827384
1393560829,2008657707,2023-02-28 00:00:00,65,0.1470588235294117,0,1.0788336333223585,0.2655955488687047,-1.9061698204057995,0.0825001412294805,-1.7964503941808885,3.653252276470785,0.4418327522790393
221295,42340,2023-03-01 00:00:00,12,0.1714285714285714,0,,,1.791759469228055,1.6418401676243135,0.7692631594420447,0.0,0.0
221295,231957583,2023-03-01 00:00:00,11,0.1571428571428571,0,,,1.791759469228055,0.3925744924883242,-1.418341505848835,0.1541506798272582,0.0
221295,253314009,2023-03-01 00:00:00,11,0.1571428571428571,0,,,1.791759469228055,0.2749500383706214,-1.6040004970397477,1.0986122886681096,-0.6931471805599453
184924548,293235,2023-03-01 00:00:00,15,0.3947368421052631,0,,,1.6094379124341005,0.9230773973530936,-1.7251362974993203,0.0,-2.302585092994046
184924548,432700,2023-03-01 00:00:00,14,0.3684210526315789,0,,,1.6094379124341005,-0.0500356037679679,,2.079441541679836,-1.6094379124341005
184924548,3615,2023-03-01 00:00:00,14,0.3684210526315789,0,,,1.6094379124341005,1.2078909331330696,-0.1372841958385036,-0.7137664677626807,-0.7628805185746206
184924548,54093,2023-03-01 00:00:00,14,0.3684210526315789,0,,,1.6094379124341005,0.9481662833218344,0.3843383100753395,-1.749199854809259,-0.6931471805599453
184924548,93,2023-03-01 00:00:00,14,0.3684210526315789,0,,,1.6094379124341005,0.6346077893952634,-0.2692520740838472,-0.7866732385707684,0.0697957619355413
184924548,342060,2023-03-01 00:00:00,13,0.3421052631578947,0,,,1.6094379124341005,0.3690836833680426,,1.6094379124341005,-1.7047480922384253
184924548,150326,2023-03-01 00:00:00,13,0.3421052631578947,0,,,1.6094379124341005,0.5384458176320711,-2.1097678772203428,0.4054651081081645,-1.0986122886681098
184924548,253585966,2023-03-01 00:00:00,13,0.3421052631578947,0,,,1.6094379124341005,0.8142180714386976,-1.0647324639716715,0.6931471805599453,0.0
184924548,2066188192,2023-03-01 00:00:00,13,0.3421052631578947,0,,,1.6094379124341005,0.872577008182269,,0.6931471805599453,0.0
184924548,4219,2023-03-01 00:00:00,12,0.3157894736842105,0,,,1.6094379124341005,0.6417147014422314,-0.2433841673544254,-0.757685701697516,0.1191885172651181
134399,2129632899,2023-03-02 00:00:00,621,0.8391891891891892,1,1.1514521563110331,-0.1700956065104532,-1.55814461804655,-2.8174654602201112,0.047361346502706,-1.3074263516074334,0.060018009726253
134399,2143015613,2023-03-02 00:00:00,620,0.8378378378378378,1,1.1514521563110331,-0.1700956065104532,-1.55814461804655,-2.817140100464403,0.0765951955362056,-1.3298635193088648,0.0791565755818783
134399,2142865506,2023-03-02 00:00:00,619,0.8364864864864865,1,1.1514521563110331,-0.1700956065104532,-1.55814461804655,-2.846985236442621,0.1348108770908744,-1.39149310622821,0.0582783044565875
134399,2122437132,2023-03-02 00:00:00,618,0.8351351351351352,1,1.1514521563110331,-0.1700956065104532,-1.55814461804655,-2.7912803625664355,0.0995238090886543,-1.3562264597641152,0.0223913288799391
134399,2142865418,2023-03-02 00:00:00,618,0.8351351351351352,1,1.1514521563110331,-0.1700956065104532,-1.55814461804655,-2.916803686309665,0.0066886826142447,-1.2639271137432218,0.0812451204010713
134399,2143002309,2023-03-02 00:00:00,618,0.8351351351351352,1,1.1514521563110331,-0.1700956065104532,-1.55814461804655,-2.7914644718541526,0.0880608189446405,-1.3593686261453897,0.0162506607961141
134399,2142870385,2023-03-02 00:00:00,615,0.831081081081081,1,1.1514521563110331,-0.1700956065104532,-1.55814461804655,-2.830544426011171,0.0287440620553001,-1.2827336659659174,0.0829253319391689
134399,2123493281,2023-03-02 00:00:00,614,0.8297297297297297,1,1.1514521563110331,-0.1700956065104532,-1.55814461804655,-2.8181647042640194,0.0491588921106886,-1.306750784207824,-0.0008658544668591
134399,2142884713,2023-03-02 00:00:00,614,0.8297297297297297,1,1.1514521563110331,-0.1700956065104532,-1.55814461804655,-2.857946458122263,0.0532928904616483,-1.3069611706819106,0.0392644405759696
187462,432481,2023-03-02 00:00:00,20,0.4444444444444444,0,-0.6814904345346902,-0.0967799918537777,-1.16954666247429,-2.056712435310786,0.3248188048616884,-1.646468296738905,-1.041286510811033
187462,10,2023-03-02 00:00:00,19,0.4222222222222222,0,-0.6814904345346902,-0.0967799918537777,-1.16954666247429,-4.337906467711155,-0.3968007028584792,-0.905499204626496,1.7104722997173916
187462,103858181,2023-03-02 00:00:00,19,0.4222222222222222,0,-0.6814904345346902,-0.0967799918537777,-1.16954666247429,-0.6959335808172976,-0.1444379605910417,-1.0833448165373216,0.1100008952143287
187462,39193,2023-03-02 00:00:00,19,0.4222222222222222,0,-0.6814904345346902,-0.0967799918537777,-1.16954666247429,-0.7080517121023071,-0.0217970418248271,-1.174913877126042,0.1754054650955812
187462,1392117675,2023-03-02 00:00:00,19,0.4222222222222222,0,-0.6814904345346902,-0.0967799918537777,-1.16954666247429,-4.781193693799189,-0.5598839165925344,-0.9026364581871836,1.187635237483839
298673,2144040670,2023-03-02 00:00:00,668,0.8608247422680413,1,0.7880112999375551,-0.0660885669894022,-2.1323639431341785,-2.815764322114748,0.062560067121443,-1.31151767466109,0.0669469591289537
298673,2142926031,2023-03-02 00:00:00,666,0.8582474226804123,1,0.7880112999375551,-0.0660885669894022,-2.1323639431341785,-2.8740209243907504,0.0083705005900784,-1.267529794915367,0.072517978665834
298673,2116182225,2023-03-02 00:00:00,664,0.8556701030927835,1,0.7880112999375551,-0.0660885669894022,-2.1323639431341785,-2.9294737676991494,0.0285043484243012,-1.2659621875620966,0.0562208928444718
298673,2122437132,2023-03-02 00:00:00,664,0.8556701030927835,1,0.7880112999375551,-0.0660885669894022,-2.1323639431341785,-2.7912803625664355,0.0995238090886543,-1.3562264597641152,0.0223913288799391
298673,2142869398,2023-03-02 00:00:00,663,0.854381443298969,1,0.7880112999375551,-0.0660885669894022,-2.1323639431341785,-2.8256588447490323,0.0490117724983938,-1.3061678810057638,0.0763805337944898
298673,2142865506,2023-03-02 00:00:00,663,0.854381443298969,1,0.7880112999375551,-0.0660885669894022,-2.1323639431341785,-2.846985236442621,0.1348108770908744,-1.39149310622821,0.0582783044565875
298673,2142869226,2023-03-02 00:00:00,663,0.854381443298969,1,0.7880112999375551,-0.0660885669894022,-2.1323639431341785,-2.8644504716203616,-0.000674994733564,-1.230192092647152,0.0239094092488336
298673,2123295900,2023-03-02 00:00:00,662,0.8530927835051546,1,0.7880112999375551,-0.0660885669894022,-2.1323639431341785,-2.808047052212637,0.0573406301174537,-1.3036238001176494,0.0998558551887001
298673,2123493281,2023-03-02 00:00:00,662,0.8530927835051546,1,0.7880112999375551,-0.0660885669894022,-2.1323639431341785,-2.8181647042640194,0.0491588921106886,-1.306750784207824,-0.0008658544668591
1356550792,2142884713,2023-03-02 00:00:00,670,0.864516129032258,1,0.6706825136613326,0.7661721051958634,-2.4849066497880004,-2.857946458122263,0.0532928904616483,-1.3069611706819106,0.0392644405759696
1356550792,2129632899,2023-03-02 00:00:00,669,0.863225806451613,1,0.6706825136613326,0.7661721051958634,-2.4849066497880004,-2.8174654602201112,0.047361346502706,-1.3074263516074334,0.060018009726253
1356550792,2142865418,2023-03-02 00:00:00,669,0.863225806451613,1,0.6706825136613326,0.7661721051958634,-2.4849066497880004,-2.916803686309665,0.0066886826142447,-1.2639271137432218,0.0812451204010713
1356550792,2142869226,2023-03-02 00:00:00,667,0.8606451612903225,1,0.6706825136613326,0.7661721051958634,-2.4849066497880004,-2.8644504716203616,-0.000674994733564,-1.230192092647152,0.0239094092488336
1356550792,2142877002,2023-03-02 00:00:00,666,0.8593548387096774,1,0.6706825136613326,0.7661721051958634,-2.4849066497880004,-2.8092989507647026,0.0798401149287491,-1.3436279148009875,0.033553473108288
1356550792,2142879863,2023-03-02 00:00:00,666,0.8593548387096774,1,0.6706825136613326,0.7661721051958634,-2.4849066497880004,-2.809180770482083,0.0591032593162741,-1.3109271412002093,0.0811238692835516
1356550792,2142890311,2023-03-02 00:00:00,666,0.8593548387096774,1,0.6706825136613326,0.7661721051958634,-2.4849066497880004,-2.806395778034156,0.0863646176439987,-1.3689355537723715,0.1141732438855829
1356550792,2142911275,2023-03-02 00:00:00,666,0.8593548387096774,1,0.6706825136613326,0.7661721051958634,-2.4849066497880004,-2.829555719002713,0.0611365333271587,-1.3039378192323472,0.0789901085856055
1356550792,2142926031,2023-03-02 00:00:00,666,0.8593548387096774,1,0.6706825136613326,0.7661721051958634,-2.4849066497880004,-2.8740209243907504,0.0083705005900784,-1.267529794915367,0.072517978665834
804059039,1392117675,2023-03-02 00:00:00,1347,0.6193103448275862,1,0.2827311925059524,0.8294388869695007,-1.176573830137821,-4.781193693799189,-0.5598839165925344,-0.9026364581871836,1.187635237483839
169901,361588,2023-03-02 00:00:00,813,0.7131578947368421,1,0.7373444289340291,0.3364375575326838,-1.5950491749820013,-0.5696472030096923,0.1758650443662854,-1.4639673994381086,-0.4974715475546674
169901,4692,2023-03-02 00:00:00,795,0.6973684210526315,1,0.7373444289340291,0.3364375575326838,-1.5950491749820013,-4.347510227225712,-0.4883723803199418,-0.8938415623207572,1.7299013924597642
95074,140581,2023-03-03 00:00:00,44,0.2699386503067484,0,1.6209208969033553,-0.2337548725210674,-2.302585092994046,1.3055260026917264,-0.9149578598155524,0.0,0.3566749439387326
95074,141740,2023-03-03 00:00:00,44,0.2699386503067484,0,1.6209208969033553,-0.2337548725210674,-2.302585092994046,1.3906036608969687,-0.7332104560529906,0.3483066942682158,-0.2719337154836418
95074,187546,2023-03-03 00:00:00,44,0.2699386503067484,0,1.6209208969033553,-0.2337548725210674,-2.302585092994046,1.7231046481784784,-0.0775630396791569,-0.1177830356563833,-0.1177830356563838
95074,433166,2023-03-03 00:00:00,43,0.263803680981595,0,1.6209208969033553,-0.2337548725210674,-2.302585092994046,1.6388333321030937,0.2543668503767891,-0.8909729238898652,0.7731898882334818
95074,3378,2023-03-03 00:00:00,43,0.263803680981595,0,1.6209208969033553,-0.2337548725210674,-2.302585092994046,-2.433207774250175,0.2481460856891346,-1.7766825005030906,-0.2411944747050824
95074,160877,2023-03-03 00:00:00,43,0.263803680981595,0,1.6209208969033553,-0.2337548725210674,-2.302585092994046,1.081311402523306,-1.0091511279413148,0.0,0.6931471805599452
95074,166745,2023-03-03 00:00:00,42,0.2576687116564417,0,1.6209208969033553,-0.2337548725210674,-2.302585092994046,1.1737781130610014,-0.9135524478321856,0.0800427076735363,0.7731898882334818
95074,3324,2023-03-03 00:00:00,42,0.2576687116564417,0,1.6209208969033553,-0.2337548725210674,-2.302585092994046,-2.5696102855066183,0.0931673740272427,-1.6091159722048891,-0.283067882329119
199124,2142869226,2023-03-03 00:00:00,679,0.7637795275590551,1,0.8772983866788131,0.5489860319373232,-2.4709204078132605,-2.806469109138354,0.0563286934872118,-1.582630161288657,0.0434017551902812
199124,2142862748,2023-03-03 00:00:00,679,0.7637795275590551,1,0.8772983866788131,0.5489860319373232,-2.4709204078132605,-2.780997965162426,0.0883416415739071,-1.6063747878423662,-0.0506391631553793
199124,2122397525,2023-03-03 00:00:00,676,0.7604049493813273,1,0.8772983866788131,0.5489860319373232,-2.4709204078132605,-2.7732195790592296,0.0868895929579101,-1.636174781102551,-0.0079290579657591
199124,2144040670,2023-03-03 00:00:00,676,0.7604049493813273,1,0.8772983866788131,0.5489860319373232,-2.4709204078132605,-2.774367584043464,0.1037521256365887,-1.6450470210263737,0.0321936531950779
199124,2142879863,2023-03-03 00:00:00,675,0.7592800899887514,1,0.8772983866788131,0.5489860319373232,-2.4709204078132605,-2.761324503592329,0.1041944160673975,-1.65158390025562,0.0621083862842795
199124,2122450336,2023-03-03 00:00:00,674,0.7581552305961755,1,0.8772983866788131,0.5489860319373232,-2.4709204078132605,-2.7859037665670043,0.1085854043043159,-1.6422100011446386,0.01751959052201
199124,2142884713,2023-03-03 00:00:00,674,0.7581552305961755,1,0.8772983866788131,0.5489860319373232,-2.4709204078132605,-2.8308485502082537,0.0818289309513833,-1.6217558025607346,0.0594604685307835
199124,2129632899,2023-03-03 00:00:00,673,0.7570303712035995,1,0.8772983866788131,0.5489860319373232,-2.4709204078132605,-2.795288696757788,0.0637966147909585,-1.6170365633660664,0.0407094849951814
188643,2143015613,2023-03-03 00:00:00,618,0.865546218487395,1,1.0901541973244204,0.5031958165668149,-2.1282317058492684,-2.8110062830273077,0.0636025008178937,-1.590888553522969,0.0945847026542878
188643,2122437132,2023-03-03 00:00:00,613,0.8585434173669467,1,1.0901541973244204,0.5031958165668149,-2.1282317058492684,-2.7728149707379046,0.107103051817174,-1.6462654992412933,-0.0032824167837688
188643,2142869226,2023-03-03 00:00:00,612,0.8571428571428571,1,1.0901541973244204,0.5031958165668149,-2.1282317058492684,-2.806469109138354,0.0563286934872118,-1.582630161288657,0.0434017551902812
188643,2122397525,2023-03-03 00:00:00,610,0.8543417366946778,1,1.0901541973244204,0.5031958165668149,-2.1282317058492684,-2.7732195790592296,0.0868895929579101,-1.636174781102551,-0.0079290579657591
188643,2142879863,2023-03-03 00:00:00,610,0.8543417366946778,1,1.0901541973244204,0.5031958165668149,-2.1282317058492684,-2.761324503592329,0.1041944160673975,-1.65158390025562,0.0621083862842795
188643,2142911275,2023-03-03 00:00:00,609,0.8529411764705882,1,1.0901541973244204,0.5031958165668149,-2.1282317058492684,-2.7896645555730424,0.0994714811696333,-1.630594112401413,0.0574795790000255
188643,2142865418,2023-03-03 00:00:00,609,0.8529411764705882,1,1.0901541973244204,0.5031958165668149,-2.1282317058492684,-2.9013011745447543,0.0062418977616962,-1.542739816127531,0.0843770065902109
188643,2129632899,2023-03-03 00:00:00,609,0.8529411764705882,1,1.0901541973244204,0.5031958165668149,-2.1282317058492684,-2.795288696757788,0.0637966147909585,-1.6170365633660664,0.0407094849951814
188643,2122399466,2023-03-03 00:00:00,607,0.8501400560224089,1,1.0901541973244204,0.5031958165668149,-2.1282317058492684,-2.781450824178083,0.0803004879037962,-1.6065528682669674,0.0474812866102318
188643,2122514680,2023-03-03 00:00:00,607,0.8501400560224089,1,1.0901541973244204,0.5031958165668149,-2.1282317058492684,-2.7951262895997115,0.0824582492733756,-1.6061805805637936,0.0483173767149498
316948,2122450336,2023-03-03 00:00:00,626,0.8646408839779005,1,1.2199130290703006,0.4919719110649694,-2.3978952727983707,-2.7859037665670043,0.1085854043043159,-1.6422100011446386,0.01751959052201
316948,2142911275,2023-03-03 00:00:00,626,0.8646408839779005,1,1.2199130290703006,0.4919719110649694,-2.3978952727983707,-2.7896645555730424,0.0994714811696333,-1.630594112401413,0.0574795790000255
316948,2143015613,2023-03-03 00:00:00,623,0.8604972375690608,1,1.2199130290703006,0.4919719110649694,-2.3978952727983707,-2.8110062830273077,0.0636025008178937,-1.590888553522969,0.0945847026542878
316948,2129632899,2023-03-03 00:00:00,623,0.8604972375690608,1,1.2199130290703006,0.4919719110649694,-2.3978952727983707,-2.795288696757788,0.0637966147909585,-1.6170365633660664,0.0407094849951814
316948,2142884713,2023-03-03 00:00:00,623,0.8604972375690608,1,1.2199130290703006,0.4919719110649694,-2.3978952727983707,-2.8308485502082537,0.0818289309513833,-1.6217558025607346,0.0594604685307835
316948,2122725237,2023-03-03 00:00:00,623,0.8604972375690608,1,1.2199130290703006,0.4919719110649694,-2.3978952727983707,-2.8144599432661264,0.0644744686962139,-1.615532837701597,-0.0498023069376536
316948,2122437132,2023-03-03 00:00:00,622,0.8591160220994475,1,1.2199130290703006,0.4919719110649694,-2.3978952727983707,-2.7728149707379046,0.107103051817174,-1.6462654992412933,-0.0032824167837688
316948,2116182225,2023-03-03 00:00:00,620,0.856353591160221,1,1.2199130290703006,0.4919719110649694,-2.3978952727983707,-2.922858068416716,0.022076808371342,-1.5342130377070848,0.0604524405665483
316948,2142869226,2023-03-03 00:00:00,619,0.8549723756906077,1,1.2199130290703006,0.4919719110649694,-2.3978952727983707,-2.806469109138354,0.0563286934872118,-1.582630161288657,0.0434017551902812
108044,2142911275,2023-03-04 00:00:00,621,0.8625,1,1.2365355393463575,0.1262334877541862,-1.5841201044498106,-2.737026566946208,0.1483409985399846,-2.082788012120856,0.0324084288448212
108044,2122399466,2023-03-04 00:00:00,620,0.8611111111111112,1,1.2365355393463575,0.1262334877541862,-1.5841201044498106,-2.704985450705652,0.1557828156073157,-2.0861454774020265,0.0549995977815278
108044,2123493281,2023-03-04 00:00:00,619,0.8597222222222223,1,1.2365355393463575,0.1262334877541862,-1.5841201044498106,-2.764304407242764,0.0887772835711455,-2.043425352055128,-0.0142026227063478
108044,2129632899,2023-03-04 00:00:00,619,0.8597222222222223,1,1.2365355393463575,0.1262334877541862,-1.5841201044498106,-2.771700989393405,0.0777883768507137,-2.033843950240964,0.0271032901415519
108044,2142869226,2023-03-04 00:00:00,619,0.8597222222222223,1,1.2365355393463575,0.1262334877541862,-1.5841201044498106,-2.716085132630845,0.1442003118478778,-2.089019518899141,0.0145915782921299
108044,2123295900,2023-03-04 00:00:00,618,0.8583333333333333,1,1.2365355393463575,0.1262334877541862,-1.5841201044498106,-2.7124422591331068,0.1534058304306187,-2.0963332683301887,0.0723778439054871
108044,2142926031,2023-03-04 00:00:00,618,0.8583333333333333,1,1.2365355393463575,0.1262334877541862,-1.5841201044498106,-2.8144147233105192,0.0551482949830375,-2.0106830268848404,0.0445358996470073
108044,2142870385,2023-03-04 00:00:00,617,0.8569444444444444,1,1.2365355393463575,0.1262334877541862,-1.5841201044498106,-2.813033581047423,0.0283739759624968,-1.957915095152137,0.0518781877269134
41651,2142911275,2023-03-04 00:00:00,654,0.8299492385786802,1,0.7159808667934253,0.3327601985120851,-3.2068032436339315,-2.737026566946208,0.1483409985399846,-2.082788012120856,0.0324084288448212
41651,2122725237,2023-03-04 00:00:00,654,0.8299492385786802,1,0.7159808667934253,0.3327601985120851,-3.2068032436339315,-2.735107289452783,0.1358249647272709,-2.119934715021044,-0.0474367478118686
41651,2142865506,2023-03-04 00:00:00,653,0.8286802030456852,1,0.7159808667934253,0.3327601985120851,-3.2068032436339315,-2.7774472957707124,0.1820406068252604,-2.0969609523326715,0.0285417332156292
41651,2143015613,2023-03-04 00:00:00,652,0.8274111675126904,1,0.7159808667934253,0.3327601985120851,-3.2068032436339315,-2.700727179285052,0.1728797955514727,-2.1346741284240336,0.0811872112221117
41651,2142870385,2023-03-04 00:00:00,652,0.8274111675126904,1,0.7159808667934253,0.3327601985120851,-3.2068032436339315,-2.813033581047423,0.0283739759624968,-1.957915095152137,0.0518781877269134
41651,2143002309,2023-03-04 00:00:00,651,0.8261421319796954,1,0.7159808667934253,0.3327601985120851,-3.2068032436339315,-2.735816169282593,0.1351190207293009,-2.1027940984903184,-0.0088944378833257
41651,2142869398,2023-03-04 00:00:00,651,0.8261421319796954,1,0.7159808667934253,0.3327601985120851,-3.2068032436339315,-2.7110310572662266,0.156468047171371,-2.126737002972842,0.023707601406123
41651,2116182225,2023-03-04 00:00:00,651,0.8261421319796954,1,0.7159808667934253,0.3327601985120851,-3.2068032436339315,-2.8784550156851587,0.0661505497706724,-1.974000740204456,0.0349831131697744
314685,138774,2019-10-19,156,0.15204678362573099,0,-1.6687706332028713,2.4816994383422544,-3.1238069952469223,-4.3385140573265435,0.7091059572990588,-0.5067689735921181,0.5691612007789537
314685,311477,2019-10-19,148,0.1442495126705653,0,-1.6687706332028713,2.4816994383422544,-3.1238069952469223,-3.79934162525015,1.2062831691659528,-1.5278885834079308,0.0
340811,2163,2019-10-21,1,0.5,0,-3.0475823779199156,2.966688523634738,-2.5741618367216343,0.6818160427655656,0.12044944714212236,-0.19306609607693126,0.3835823968586567
340811,3216,2019-10-21,1,0.5,0,-3.0475823779199156,2.966688523634738,-2.5741618367216343,-2.3381775745712234,0.004934432931620325,-0.019043876370266943,0.37275779013238086
242555,152,2020-03-16,131,0.04921111945905334,0,-3.00277665118181,0.14163302505569542,-0.45851466211511216,-0.16716336470459645,-0.658553138006074,0.6832297439025989,-0.25704510298989103
437868,1631,2020-05-19,12,0.8,1,-2.439791369171366,0.7844116320906014,-0.7991725295806305,-1.3411976227825255,0.1300165395534476,-0.1571331471997599,-0.1411612838891898
458621583,3823662,2020-06-26,105,0.22826086956521738,0,0.059033521607973975,0.08521398828667251,-0.3409265869705935,-3.890262299755558,0.4569685634454288,-0.628015989426773,-0.149685824116375
67700,3692,2021-01-25,1097,0.8550272798129385,1,-0.10992826418361001,0.3844138391360035,-2.638145835613586,-2.2181784569756973,-0.3160754326373507,0.5588727538455096,0.0
67700,26356,2021-01-25,1079,0.8409976617303195,1,-0.10992826418361001,0.3844138391360035,-2.638145835613586,-2.228204718361913,-0.23341865761374048,0.9390178931397646,0.0
67700,1615,2021-01-25,980,0.7638347622759158,1,-0.10992826418361001,0.3844138391360035,-2.638145835613586,-1.8348505830915243,0.1065056601897616,-0.0474457767834382,0.0
1409081993,2142869398,2022-02-09,933,0.9255952380952381,1,-0.7611569258866041,1.1631527161226443,-1.4071043606336842,-2.9985050728556693,-0.018008683705871498,0.02413390133643034,0.06968104893876337
1409081993,2142890311,2022-02-09,930,0.9226190476190477,1,-0.7611569258866041,1.1631527161226443,-1.4071043606336842,-3.0275644715240704,-0.10681657593931693,0.13299245431991125,0.1764604974885735
1409081993,2142869226,2022-02-09,929,0.9216269841269841,1,-0.7611569258866041,1.1631527161226443,-1.4071043606336842,-3.116833794536294,-0.13025388528015114,0.16843432697236693,0.022557791460302568
1409081993,2123295900,2022-02-09,927,0.9196428571428571,1,-0.7611569258866041,1.1631527161226443,-1.4071043606336842,-3.0118059824760794,-0.07898065279330391,0.09210485860569229,0.14315630521967826
1409081993,2129632899,2022-02-09,925,0.9176587301587301,1,-0.7611569258866041,1.1631527161226443,-1.4071043606336842,-3.0167715957675805,-0.10399715664774911,0.1189306934131249,0.016911619168157088
1409081993,2122725237,2022-02-09,923,0.9156746031746031,1,-0.7611569258866041,1.1631527161226443,-1.4071043606336842,-3.021511059086279,-0.13270333331388606,0.1565828705255239,0.09633936463383108
1409081993,2122514680,2022-02-09,922,0.9146825396825397,1,-0.7611569258866041,1.1631527161226443,-1.4071043606336842,-3.0009602841155854,-0.06450314381340716,0.07598835998144082,0.1336519253794446
1409081993,2142911275,2022-02-09,921,0.9136904761904762,1,-0.7611569258866041,1.1631527161226443,-1.4071043606336842,-3.045833484011605,-0.14110888903015173,0.1674633796782885,-0.023099291454085957
1409081993,2142865506,2022-02-09,921,0.9136904761904762,1,-0.7611569258866041,1.1631527161226443,-1.4071043606336842,-3.0266003858366264,-0.14600843021894416,0.17187293292071892,0.07944857231202818
50942,26356,2022-05-05,742,0.8719153936545241,1,-0.8809772357687615,1.5022983442066908,-1.1540635932043237,-0.10751967014944226,0.6731680194976558,-0.27229715361230156,0.28708237228388267
50942,3692,2022-05-05,737,0.8660399529964747,1,-0.8809772357687615,1.5022983442066908,-1.1540635932043237,-0.04504211148129443,0.20906793393229245,-0.1410345541276783,0.5942346295900176
50942,1615,2022-05-05,674,0.7920094007050529,1,-0.8809772357687615,1.5022983442066908,-1.1540635932043237,-1.4912265875611046,0.5318645012152861,-0.47267288142933594,-0.17971399338687455
89625,2142865418,2022-07-08,809,0.5778571428571428,1,-0.6151942675997886,0.7756284580645421,-0.7274676388953862,-2.9785996115183297,0.09026678567767421,-0.03441350825389655,-0.18679227496093276
89625,2142869226,2022-07-08,807,0.5764285714285714,1,-0.6151942675997886,0.7756284580645421,-0.7274676388953862,-2.9525636237401756,0.13142070001426243,-0.07655067758557443,-0.1330403966148328
89625,2142865506,2022-07-08,803,0.5735714285714286,1,-0.6151942675997886,0.7756284580645421,-0.7274676388953862,-2.993381326412654,0.009632784903635283,0.06464912418625346,-0.0993321992750964
89625,2122399466,2022-07-08,802,0.5728571428571428,1,-0.6151942675997886,0.7756284580645421,-0.7274676388953862,-4.305485395420758,-1.056926271044203,1.2495533505523824,-0.09768670268147162
89625,2122514680,2022-07-08,802,0.5728571428571428,1,-0.6151942675997886,0.7756284580645421,-0.7274676388953862,-2.9714170096664696,0.035941051828923154,0.03360045110426313,-0.02906125328624576
89625,2142862748,2022-07-08,801,0.5721428571428572,1,-0.6151942675997886,0.7756284580645421,-0.7274676388953862,-3.0110719321750117,0.03087010703589055,0.05303616772350139,-0.11040261711002941
89625,2143015613,2022-07-08,801,0.5721428571428572,1,-0.6151942675997886,0.7756284580645421,-0.7274676388953862,-2.9725585681284943,0.03165310577476266,0.08045030617321025,-0.137500990443991
98989,2142865418,2022-07-10,649,0.7546511627906977,1,-0.6114896861035641,0.8897900591587948,-1.2061827499767386,-2.8624680508605067,0.3020506649754986,-0.3882987305321066,-0.2880452825728259
98989,2116182225,2022-07-10,646,0.7511627906976744,1,-0.6114896861035641,0.8897900591587948,-1.2061827499767386,-2.912229295196918,0.3374109878231555,-0.44918865906825367,-0.1563402353870913
98989,2142869226,2022-07-10,640,0.7441860465116279,1,-0.6114896861035641,0.8897900591587948,-1.2061827499767386,-2.8386852948903205,0.3295944288360957,-0.41972812852979224,-0.09757802206845945
98989,2142884713,2022-07-10,640,0.7441860465116279,1,-0.6114896861035641,0.8897900591587948,-1.2061827499767386,-2.871121741327588,0.24068317783424042,-0.3061087487981755,-0.21797012193408882
98989,2142865506,2022-07-10,638,0.7418604651162791,1,-0.6114896861035641,0.8897900591587948,-1.2061827499767386,-2.854231660171412,0.25623681503302276,-0.35184495536781313,-0.17377644755929644
98989,2142879863,2022-07-10,638,0.7418604651162791,1,-0.6114896861035641,0.8897900591587948,-1.2061827499767386,-2.8256153112930247,0.27667166756362915,-0.409030584310468,-0.10643132460786475
98989,2142911275,2022-07-10,638,0.7418604651162791,1,-0.6114896861035641,0.8897900591587948,-1.2061827499767386,-2.842902640042886,0.2852113758574806,-0.3966296337672368,-0.13233759378301535
275450,2142911275,2022-07-11,643,0.7065934065934066,1,-0.025138370794003606,-0.0747749736696346,-0.23987034511952388,-2.8523285577538835,0.24953073035160633,-0.35950176177324167,-0.24428432799982325
275450,2142926031,2022-07-11,642,0.7054945054945055,1,-0.025138370794003606,-0.0747749736696346,-0.23987034511952388,-2.8582807068098846,0.2280289607931527,-0.32115529039402446,-0.2573125194215127
275450,2142865506,2022-07-11,642,0.7054945054945055,1,-0.025138370794003606,-0.0747749736696346,-0.23987034511952388,-2.861088450671273,0.23055597488478075,-0.32168777394981696,-0.24579187949529135
275450,2142869226,2022-07-11,639,0.7021978021978021,1,-0.025138370794003606,-0.0747749736696346,-0.23987034511952388,-2.845933256301187,0.2947398587407295,-0.3827685636297389,-0.155180864321375
275450,2144040670,2022-07-11,638,0.701098901098901,1,-0.025138370794003606,-0.0747749736696346,-0.23987034511952388,-2.8608206406377263,0.23312026322202417,-0.32760345295603877,-0.31823955249274327
275450,2129632899,2022-07-11,637,0.7,1,-0.025138370794003606,-0.0747749736696346,-0.23987034511952388,-2.8319500103167266,0.3120150547728384,-0.4396763115296345,-0.3477261729090877
275450,2142869398,2022-07-11,637,0.7,1,-0.025138370794003606,-0.0747749736696346,-0.23987034511952388,-2.8481841816957916,0.2734618106115869,-0.3821715460988173,-0.25537028696318664
275450,2123493281,2022-07-11,636,0.6989010989010989,1,-0.025138370794003606,-0.0747749736696346,-0.23987034511952388,-2.843440225436263,0.3452238331119446,-0.5290006529973841,-0.2797860478510934
275450,2143015613,2022-07-11,635,0.6978021978021978,1,-0.025138370794003606,-0.0747749736696346,-0.23987034511952388,-2.8310191200003842,0.27695383452844125,-0.4194502870215757,-0.29109941879330314
275450,2122514680,2022-07-11,635,0.6978021978021978,1,-0.025138370794003606,-0.0747749736696346,-0.23987034511952388,-2.849423496297843,0.23642834236265386,-0.3229233060628971,-0.18140664364687709
95701,2122450336,2022-07-29,654,0.721058434399118,1,-0.011764305341442979,0.8089976293634207,-2.5697226362141947,-2.8847566891425522,0.017108359223282132,0.0029486120773718483,-0.2729852364786005
95701,2142865506,2022-07-29,653,0.7199558985667034,1,-0.011764305341442979,0.8089976293634207,-2.5697226362141947,-2.9198986496325,-0.03984392641183021,0.0886097414622693,-0.2541626953540739
95701,2143002309,2022-07-29,649,0.7155457552370452,1,-0.011764305341442979,0.8089976293634207,-2.5697226362141947,-2.8616569395636553,-0.005125208448785834,0.03393114469764846,-0.22717612048883318
95701,2122725237,2022-07-29,648,0.7144432194046306,1,-0.011764305341442979,0.8089976293634207,-2.5697226362141947,-2.869726738402103,-0.02700258979999992,0.09063780311323377,-0.19920773211838494
95701,2142911275,2022-07-29,648,0.7144432194046306,1,-0.011764305341442979,0.8089976293634207,-2.5697226362141947,-2.899580839856031,-0.033317674220216364,0.05278325915418591,-0.2115729750790063
95701,2142926031,2022-07-29,647,0.7133406835722161,1,-0.011764305341442979,0.8089976293634207,-2.5697226362141947,-2.8471582859592885,0.023500490442212474,-0.022835551498875617,-0.1931025325863196
95701,2142870385,2022-07-29,646,0.7122381477398015,1,-0.011764305341442979,0.8089976293634207,-2.5697226362141947,-2.9033658113197944,-0.02653730073047944,0.059329127006421345,-0.24808956474144672
95701,2142862748,2022-07-29,646,0.7122381477398015,1,-0.011764305341442979,0.8089976293634207,-2.5697226362141947,-2.9056405822430897,-0.0354729258824813,0.07393519683188998,-0.15930574561313726
154773,311477,2022-08-04,78,0.02159468438538206,0,0.33247955686690556,0.39539222423708265,0.43855083269393,-1.4592337022046071,-0.020319653244094127,0.053870815495314694,-1.400459859370259
398025,311477,2022-08-13,20,0.08368200836820083,0,,,0.6931471805599453,-1.566957749908889,-0.13168734107409374,0.17762431544003565,-0.46262352194811296
576636763,798533880,2023-01-24,1274,0.284375,0,-0.017897537906136813,0.20410335439002797,-1.1008469264695258,-1.3287251726195508,0.8749842620215034,-1.2988362564033764,0.0
231099,2129632899,2023-01-30,628,0.8124191461836999,1,0.5965223675289771,0.3732162705268881,-1.1845547184688345,-2.858690305755548,-0.20815615442190838,-0.19778127299385062,7.583247524303362
231099,2122399466,2023-01-30,625,0.8085381630012937,1,0.5965223675289771,0.3732162705268881,-1.1845547184688345,-2.862312117397318,-0.20527677599144578,-0.196697932007746,7.605392364814935
231099,2122450336,2023-01-30,624,0.8072445019404916,1,0.5965223675289771,0.3732162705268881,-1.1845547184688345,-2.8421399123704725,-0.20407038055869808,-0.20059036966065769,7.6362696033793735
231099,2142869398,2023-01-30,624,0.8072445019404916,1,0.5965223675289771,0.3732162705268881,-1.1845547184688345,-2.8682794936291787,-0.23913541953234452,-0.15892816860989178,7.573017256052546
231099,2143015613,2023-01-30,621,0.8033635187580854,1,0.5965223675289771,0.3732162705268881,-1.1845547184688345,-2.846070384148694,-0.21765397676817289,-0.1820293727159079,7.563719668414366
231099,2142869226,2023-01-30,620,0.8020698576972833,1,0.5965223675289771,0.3732162705268881,-1.1845547184688345,-2.902426673379024,-0.3048315806527566,-0.07926822739359274,7.496097345175956
231099,2122397525,2023-01-30,618,0.7994825355756792,1,0.5965223675289771,0.3732162705268881,-1.1845547184688345,-2.868349130051593,-0.2098072213497777,-0.1908838130886803,7.546446273746024
305861,2142926031,2023-01-30,652,0.7590221187427241,1,0.3935542967264505,0.4622393088533666,-1.2007417837444896,-2.8850816160871484,-0.2458125256961865,-0.15291901874056535,7.518607216815252
305861,2122437132,2023-01-30,648,0.7543655413271245,1,0.3935542967264505,0.4622393088533666,-1.2007417837444896,-2.874482025825516,-0.24489599345971103,-0.15205337385179263,7.492760300922379
305861,2129632899,2023-01-30,646,0.7520372526193247,1,0.3935542967264505,0.4622393088533666,-1.2007417837444896,-2.858690305755548,-0.20815615442190838,-0.19778127299385062,7.583247524303362
305861,2142911275,2023-01-30,645,0.7508731082654249,1,0.3935542967264505,0.4622393088533666,-1.2007417837444896,-2.8914075842142974,-0.2688773730228875,-0.12088271981760279,7.572502985020384
305861,2116182225,2023-01-30,644,0.7497089639115251,1,0.3935542967264505,0.4622393088533666,-1.2007417837444896,-2.9113231168632687,-0.1899601780632163,-0.22437936401824032,7.565793282428515
305861,2142869226,2023-01-30,643,0.7485448195576252,1,0.3935542967264505,0.4622393088533666,-1.2007417837444896,-2.902426673379024,-0.3048315806527566,-0.07926822739359274,7.496097345175956
305861,2142869398,2023-01-30,643,0.7485448195576252,1,0.3935542967264505,0.4622393088533666,-1.2007417837444896,-2.8682794936291787,-0.23913541953234452,-0.15892816860989178,7.573017256052546
301161,2122450336,2023-02-06,611,0.8135818908122503,1,0.8265151615358433,0.0038937863353805113,0.23531408693446476,-2.887721649737986,-0.17887976728058153,0.6568792376687806,8.640118538253535
301161,2142911275,2023-02-06,608,0.8095872170439414,1,0.8265151615358433,0.0038937863353805113,0.23531408693446476,-2.9068567076655896,-0.21959752411752786,0.6963194365775003,8.595819511871428
301161,2122514680,2023-02-06,606,0.8069241011984021,1,0.8265151615358433,0.0038937863353805113,0.23531408693446476,-2.8484131694596777,-0.16071535120648361,0.6301066176748638,8.6278397115033
301161,2142865506,2023-02-06,605,0.8055925432756325,1,0.8265151615358433,0.0038937863353805113,0.23531408693446476,-3.0007701725200873,-0.237251573715497,0.7255875106037628,8.644706511715198
301161,2142926031,2023-02-06,603,0.8029294274300932,1,0.8265151615358433,0.0038937863353805113,0.23531408693446476,-2.9265261502831073,-0.21591913115614547,0.7004671781916496,8.598588829620232
301161,2129632899,2023-02-06,603,0.8029294274300932,1,0.8265151615358433,0.0038937863353805113,0.23531408693446476,-2.8936072935300503,-0.19617822035122723,0.6655774386256805,8.633018756921828
301161,2142869398,2023-02-06,603,0.8029294274300932,1,0.8265151615358433,0.0038937863353805113,0.23531408693446476,-2.912062501363063,-0.22386694663930484,0.7041807606809858,8.632662441222351
301161,2143015613,2023-02-06,603,0.8029294274300932,1,0.8265151615358433,0.0038937863353805113,0.23531408693446476,-2.9065791931606255,-0.20668385042808834,0.6834287279790026,8.64541048921699
301161,2122725237,2023-02-06,603,0.8029294274300932,1,0.8265151615358433,0.0038937863353805113,0.23531408693446476,-2.9118071116253623,-0.1576513908734647,0.6254053095122032,8.661120360222881
168635,2122437132,2023-02-20,680,0.7249466950959488,1,0.7919808814139073,0.22231661015488502,-1.0064418288684522,-2.8404732527929837,0.06746139262237483,-0.07430269200115802,0.40603173386702096
168635,2122725237,2023-02-20,679,0.7238805970149254,1,0.7919808814139073,0.22231661015488502,-1.0064418288684522,-2.8471183895946335,0.06468872203072884,-0.07210329390134262,0.3435479413510958
168635,2142862748,2023-02-20,676,0.720682302771855,1,0.7919808814139073,0.22231661015488502,-1.0064418288684522,-2.8216963879897277,0.08813605407955283,-0.08920725173868327,0.38917579609023534
168635,2142911275,2023-02-20,676,0.720682302771855,1,0.7919808814139073,0.22231661015488502,-1.0064418288684522,-2.8618541432206657,0.0450025644449239,-0.040725222738831945,0.33916253734180657
168635,2142926031,2023-02-20,675,0.7196162046908315,1,0.7919808814139073,0.22231661015488502,-1.0064418288684522,-2.852124754022386,0.07440139626072106,-0.08687131115845936,0.38107972462094963
168635,2142865506,2023-02-20,674,0.7185501066098081,1,0.7919808814139073,0.22231661015488502,-1.0064418288684522,-2.9096166695298735,0.09115350299021374,-0.10606600469833083,0.3436146766084853
137061,2142869226,2023-02-28,643,0.7609467455621302,1,0.7992237470528356,0.12993827449464568,-1.8276914784541178,-2.8666491470102162,0.01046223350189468,-0.850551659353366,0.04955859080910052
137061,2142870385,2023-02-28,643,0.7609467455621302,1,0.7992237470528356,0.12993827449464568,-1.8276914784541178,-2.8726646674131153,-0.012719873516089386,-0.8348602998029939,0.1133096197118224
137061,2143015613,2023-02-28,641,0.7585798816568048,1,0.7992237470528356,0.12993827449464568,-1.8276914784541178,-2.8566753781494545,0.0406192956798459,-0.890246908185361,0.0671147152332221
137061,2142869398,2023-02-28,641,0.7585798816568048,1,0.7992237470528356,0.12993827449464568,-1.8276914784541178,-2.8591795385016567,0.02428901497206848,-0.876459540200587,0.055375344101610935
137061,2142911275,2023-02-28,641,0.7585798816568048,1,0.7992237470528356,0.12993827449464568,-1.8276914784541178,-2.9019507442279333,-0.01773910597568662,-0.8065883046203819,0.07635726305076673
137061,2129632899,2023-02-28,641,0.7585798816568048,1,0.7992237470528356,0.12993827449464568,-1.8276914784541178,-2.8552600868339133,0.010267983280178417,-0.8569289912869067,0.042795851633554705
137061,2122437132,2023-02-28,640,0.757396449704142,1,0.7992237470528356,0.12993827449464568,-1.8276914784541178,-2.8718001321912237,0.008544074981078342,-0.8363739291425549,0.039967971409726744
137061,2122514680,2023-02-28,640,0.757396449704142,1,0.7992237470528356,0.12993827449464568,-1.8276914784541178,-2.883321029281802,-0.010158606744798515,-0.8167784269456373,0.0461780651459911
190732457,2129632899,2023-03-01,977,0.5385887541345094,1,-0.6996780703966613,0.5261320805020593,-1.5047759647404142,-2.823778417424876,0.04869462259780022,-1.089127344297518,0.05009926439494272
190732457,2116182225,2023-03-01,961,0.5297684674751929,1,-0.6996780703966613,0.5261320805020593,-1.5047759647404142,-2.923738011172706,0.05218691875308279,-1.079347912634944,0.04859863321688174
190732457,2123295900,2023-03-01,947,0.5220507166482911,1,-0.6996780703966613,0.5261320805020593,-1.5047759647404142,-2.824376516338819,0.04643442738895365,-1.0708735221077479,0.10508958112556321
190732457,2122450336,2023-03-01,944,0.5203969128996693,1,-0.6996780703966613,0.5261320805020593,-1.5047759647404142,-2.8303149087280857,0.07884864458729712,-1.1080671337626278,0.01582311493924138
190732457,2142865506,2023-03-01,932,0.5137816979051819,1,-0.6996780703966613,0.5261320805020593,-1.5047759647404142,-2.885976704190158,0.10115165976228457,-1.13069042100895,0.019406382545414047
190732457,2142869398,2023-03-01,914,0.503858875413451,1,-0.6996780703966613,0.5261320805020593,-1.5047759647404142,-2.8327064383949336,0.05523686362768965,-1.096260603992631,0.05389460028577453
714843217,2142869398,2023-03-01,962,0.9109848484848485,1,-0.5725649466237109,0.6339833782410118,-1.8901513155697875,-2.8327064383949336,0.05523686362768965,-1.096260603992631,0.05389460028577453
714843217,2142869226,2023-03-01,957,0.90625,1,-0.5725649466237109,0.6339833782410118,-1.8901513155697875,-2.8685056360913723,0.010046537822924417,-1.0281937154297172,0.01859670731121099
714843217,2143015613,2023-03-01,956,0.9053030303030303,1,-0.5725649466237109,0.6339833782410118,-1.8901513155697875,-2.8408612670754336,0.05570281507099928,-1.0869336337952138,0.040193113122278135
714843217,2122514680,2023-03-01,955,0.9043560606060606,1,-0.5725649466237109,0.6339833782410118,-1.8901513155697875,-2.852940761720192,0.026421267894056744,-1.0419246420062773,0.0314583365798935
714843217,2122397525,2023-03-01,953,0.9024621212121212,1,-0.5725649466237109,0.6339833782410118,-1.8901513155697875,-2.842633593707529,0.03117436484210545,-1.0670632583638238,-0.020945097849017102
714843217,2122725237,2023-03-01,953,0.9024621212121212,1,-0.5725649466237109,0.6339833782410118,-1.8901513155697875,-2.868158596028868,0.011195114612592594,-1.0425917471299577,-0.038916359949041635
714843217,2129632899,2023-03-01,951,0.9005681818181818,1,-0.5725649466237109,0.6339833782410118,-1.8901513155697875,-2.823778417424876,0.04869462259780022,-1.089127344297518,0.05009926439494272
714843217,2142884713,2023-03-01,951,0.9005681818181818,1,-0.5725649466237109,0.6339833782410118,-1.8901513155697875,-2.880135990946821,0.03472688242197508,-1.063751264211648,0.008611198493923666
714843217,2142890311,2023-03-01,949,0.8986742424242424,1,-0.5725649466237109,0.6339833782410118,-1.8901513155697875,-2.8487355557003333,0.04556196768573084,-1.0923850270012938,0.07493445642869467
142373,2142911275,2023-03-03,710,0.8208092485549133,1,1.3738863767313325,-0.11407768161905052,-1.1700712526502546,-2.7896645555730424,0.09947148116963334,-1.630594112401413,0.05747957900002554
142373,2129632899,2023-03-03,708,0.8184971098265896,1,1.3738863767313325,-0.11407768161905052,-1.1700712526502546,-2.795288696757788,0.06379661479095855,-1.6170365633660664,0.040709484995181455
142373,2142869398,2023-03-03,708,0.8184971098265896,1,1.3738863767313325,-0.11407768161905052,-1.1700712526502546,-2.791306023117438,0.08327212909929749,-1.6303522685829712,0.05246044962730778
142373,2142926031,2023-03-03,705,0.815028901734104,1,1.3738863767313325,-0.11407768161905052,-1.1700712526502546,-2.8478079883461382,0.025741160102776384,-1.5715923711311506,0.07014267947468156
142373,2142865418,2023-03-03,704,0.8138728323699422,1,1.3738863767313325,-0.11407768161905052,-1.1700712526502546,-2.9013011745447543,0.006241897761696258,-1.542739816127531,0.08437700659021097
142373,2142877002,2023-03-03,704,0.8138728323699422,1,1.3738863767313325,-0.11407768161905052,-1.1700712526502546,-2.773949489146523,0.10860958399401177,-1.6596308283846701,0.02431537272421913
142373,2143015613,2023-03-03,703,0.8127167630057803,1,1.3738863767313325,-0.11407768161905052,-1.1700712526502546,-2.8110062830273073,0.06360250081789376,-1.5908885535229693,0.09458470265428787
142373,2142869226,2023-03-03,703,0.8127167630057803,1,1.3738863767313325,-0.11407768161905052,-1.1700712526502546,-2.806469109138354,0.05632869348721181,-1.582630161288657,0.04340175519028122
142373,2122450336,2023-03-03,703,0.8127167630057803,1,1.3738863767313325,-0.11407768161905052,-1.1700712526502546,-2.7859037665670043,0.10858540430431596,-1.6422100011446386,0.01751959052201002
