a_death,a_succ,t_A,shared_hp,rare_score,min_pop,jaccard,in_core,bA_pre,dA_b,dA_v,bB_post,dB_b,dB_v,dB_v_placebo
136756,41597,2019-10-02,1,0.0014144271570014145,707,0.025,0,,,4.219507705176107,0.7605597690994156,-1.0434430787390125,0.9808292530117262,0.6931471805599453
136756,49642,2019-10-02,1,0.0014144271570014145,707,0.1111111111111111,0,,,4.219507705176107,1.9900196075874226,-0.04728346111365345,0.9873866535578855,3.20545280453606
136756,48588,2019-10-02,1,0.0014144271570014145,707,0.14285714285714285,0,,,4.219507705176107,2.6001995018820665,0.04572665434313672,-0.06453852113757108,0.47000362924573547
136756,48496,2019-10-02,1,0.0014144271570014145,707,0.1,0,,,4.219507705176107,-0.05252161110542118,-0.3147734768417981,0.6840449249151801,0.7814846418176318
136756,48473,2019-10-02,1,0.0014144271570014145,707,0.02631578947368421,0,,,4.219507705176107,1.1966477937448103,-0.7000771895437086,0.5389965007326873,-3.4657359027997265
136756,48293,2019-10-02,1,0.0014144271570014145,707,0.05,0,,,4.219507705176107,-0.5736157396173521,0.0333759712504057,0.032807175047112835,0.1736031057540739
136756,48155,2019-10-02,1,0.0014144271570014145,707,0.14285714285714285,0,,,4.219507705176107,2.6238271369876505,0.3071592563725889,0.0,0.0
136756,47978,2019-10-02,1,0.0014144271570014145,707,0.023255813953488372,0,,,4.219507705176107,0.9198066314269305,-1.7040205055607198,2.197224577336219,1.0986122886681098
136756,47059,2019-10-02,1,0.0014144271570014145,707,0.1,0,,,4.219507705176107,2.1876762480476146,-0.43615088894003584,1.0986122886681098,0.0
136756,46981,2019-10-02,1,0.0014144271570014145,707,0.16666666666666666,0,,,4.219507705176107,2.3166678806150616,0.0,0.0,0.0
136756,46541,2019-10-02,1,0.0014144271570014145,707,0.05555555555555555,0,,,4.219507705176107,0.6444503297223025,-1.979376807265348,3.191847152480281,1.0986122886681098
136756,46003,2019-10-02,1,0.0014144271570014145,707,0.125,0,,,4.219507705176107,2.601887190103894,0.025315323327411043,0.0,0.916290731874155
136756,55652,2019-10-02,1,0.0014144271570014145,707,0.25,0,,,4.219507705176107,2.6238271369876505,,0.6931471805599453,0.0
136756,55497,2019-10-02,1,0.0014144271570014145,707,0.023809523809523808,0,,,4.219507705176107,1.6790759673822322,-0.2394886369464293,0.6854251344660351,-3.6635616461296463
136756,54655,2019-10-02,1,0.0014144271570014145,707,0.1111111111111111,0,,,4.219507705176107,2.5271973478089222,0.17134758056120303,-1.6582280766035322,-0.6931471805599454
89399,48474,2020-02-07,2,0.059041835357624826,19,0.07142857142857142,1,-2.2479072135774456,0.23234345868923167,-1.7272003372329028,-3.4708483664331857,,11.529035006703296,0.0
89399,264707,2020-02-07,2,0.059041835357624826,19,0.0625,1,-2.2479072135774456,0.23234345868923167,-1.7272003372329028,-5.063613641500183,-0.15051864185767272,0.11201533818547915,-0.7681678785573016
89399,256289,2020-02-07,2,0.059041835357624826,19,0.13333333333333333,1,-2.2479072135774456,0.23234345868923167,-1.7272003372329028,-4.7428603481808,-0.48342863889075716,0.475480651373017,-0.8512919685913225
89399,96053,2020-02-07,2,0.059041835357624826,19,0.125,1,-2.2479072135774456,0.23234345868923167,-1.7272003372329028,-4.454206619820863,-0.3686625446522207,0.1458523047085496,-0.8477564364876926
89399,265155,2020-02-07,2,0.059041835357624826,19,0.06666666666666667,1,-2.2479072135774456,0.23234345868923167,-1.7272003372329028,-5.0632322376166625,-0.15089046257646732,0.11212851923396272,-0.768464171139815
89399,264708,2020-02-07,2,0.059041835357624826,19,0.06666666666666667,1,-2.2479072135774456,0.23234345868923167,-1.7272003372329028,-5.063127314237241,-0.15060405956730794,0.11221914107365905,-0.7662288125819945
89399,92118,2020-02-07,1,0.05263157894736842,19,0.014285714285714285,1,-2.2479072135774456,0.23234345868923167,-1.7272003372329028,2.6238271369876505,1.8165206182318654,-2.3978952727983707,0.0
89399,307210,2020-02-07,1,0.05263157894736842,19,0.14285714285714285,1,-2.2479072135774456,0.23234345868923167,-1.7272003372329028,-1.1972148661501298,0.5776800380676725,-1.7234013663781216,-0.5792000863860398
89399,44737,2020-02-07,1,0.00641025641025641,156,0.07142857142857142,0,-2.2479072135774456,0.23234345868923167,-1.7272003372329028,-1.8720446840643274,0.08238271930868324,-0.18568307314196986,-0.861131199092263
89399,45672,2020-02-07,1,0.00641025641025641,156,0.1111111111111111,0,-2.2479072135774456,0.23234345868923167,-1.7272003372329028,-1.96360851646114,-0.1525366037640925,0.14443929424270685,-0.9108158813911871
89399,47344,2020-02-07,1,0.00641025641025641,156,0.030303030303030304,0,-2.2479072135774456,0.23234345868923167,-1.7272003372329028,2.3612810284816224,0.06437192726227581,0.5108256237659905,1.252762968495368
89399,81168,2020-02-07,1,0.00641025641025641,156,0.1111111111111111,0,-2.2479072135774456,0.23234345868923167,-1.7272003372329028,2.253937593261141,-0.238616489473495,0.5705448584676129,1.669157147135723
89399,83062,2020-02-07,1,0.00641025641025641,156,0.034482758620689655,0,-2.2479072135774456,0.23234345868923167,-1.7272003372329028,-1.6466932108397818,-0.0177181879856958,0.019552976932763144,-0.8886224215978658
89399,92040,2020-02-07,1,0.00641025641025641,156,0.07692307692307693,0,-2.2479072135774456,0.23234345868923167,-1.7272003372329028,1.2992882667429233,0.1300571784482618,-0.25534669180884517,-1.1122179407238884
89399,93339,2020-02-07,1,0.00641025641025641,156,0.1,0,-2.2479072135774456,0.23234345868923167,-1.7272003372329028,2.6238271369876505,0.06143185127451778,-0.5596157879354227,-1.5723966407537509
89399,106835,2020-02-07,1,0.00641025641025641,156,0.125,0,-2.2479072135774456,0.23234345868923167,-1.7272003372329028,-0.9933983280031727,,5.4680601411351315,0.0
89399,136480,2020-02-07,1,0.00641025641025641,156,0.012658227848101266,0,-2.2479072135774456,0.23234345868923167,-1.7272003372329028,-3.2299513049911646,0.1773774837779074,-0.2979013244286435,-0.5310553626329462
89399,186118,2020-02-07,1,0.00641025641025641,156,0.02040816326530612,0,-2.2479072135774456,0.23234345868923167,-1.7272003372329028,-6.425992067455903,-0.11459696673601893,0.17112300354382803,-0.8212964537039014
89399,237820,2020-02-07,1,0.00641025641025641,156,0.038461538461538464,0,-2.2479072135774456,0.23234345868923167,-1.7272003372329028,-5.064675225694386,-0.14841281800915596,0.1101230319650579,-0.7673581340226505
89399,242853,2020-02-07,1,0.00641025641025641,156,0.03333333333333333,0,-2.2479072135774456,0.23234345868923167,-1.7272003372329028,-1.354729915117136,-0.09835754930382712,0.12013638910459967,-0.8995738331135676
89399,253619,2020-02-07,1,0.00641025641025641,156,0.2,0,-2.2479072135774456,0.23234345868923167,-1.7272003372329028,2.6238271369876505,,0.6931471805599453,0.0
89399,278699,2020-02-07,1,0.00641025641025641,156,0.14285714285714285,0,-2.2479072135774456,0.23234345868923167,-1.7272003372329028,2.6238271369876505,,0.6931471805599453,-1.3862943611198906
89399,311477,2020-02-07,1,0.00641025641025641,156,0.03225806451612903,0,-2.2479072135774456,0.23234345868923167,-1.7272003372329028,-2.4744259959214676,-0.1761029882366576,0.24696904076569304,-0.5426483995567573
89399,313690,2020-02-07,1,0.00641025641025641,156,0.05263157894736842,0,-2.2479072135774456,0.23234345868923167,-1.7272003372329028,-5.40454761836535,-0.15161274874681752,0.09264490020455796,-0.7200343048815334
89399,332545,2020-02-07,1,0.00641025641025641,156,0.03571428571428571,0,-2.2479072135774456,0.23234345868923167,-1.7272003372329028,-1.8113556342841313,2.028451924304077,-0.4684702053262395,-1.0497842354252498
566865170,57320,2020-05-12,2,0.00219423545058649,866,0.16666666666666666,0,0.6453234642833163,0.7093705053632873,-1.1610653033146594,1.6747991340367707,0.0,0.0,-0.06538275926285131
566865170,56847,2020-05-12,2,0.00219423545058649,866,0.18181818181818182,0,0.6453234642833163,0.7093705053632873,-1.1610653033146594,-2.9872969778774445,0.08407752755253606,-0.13369342863346034,0.14026758256069627
566865170,56554,2020-05-12,2,0.00219423545058649,866,0.06451612903225806,0,0.6453234642833163,0.7093705053632873,-1.1610653033146594,0.6028947260426106,0.6305152290033951,-0.06453852113757108,0.810930216216329
566865170,74969,2020-05-12,2,0.00219423545058649,866,0.10526315789473684,0,0.6453234642833163,0.7093705053632873,-1.1610653033146594,-0.22853614189910904,-0.2246499894884532,0.4489502200479034,0.047043438834490026
566865170,67607,2020-05-12,2,0.00219423545058649,866,0.3333333333333333,0,0.6453234642833163,0.7093705053632873,-1.1610653033146594,2.6238271369876505,0.0,0.0,-3.152078343944685
566865170,123526,2020-05-12,2,0.00219423545058649,866,0.03225806451612903,0,0.6453234642833163,0.7093705053632873,-1.1610653033146594,-0.39870033877862193,0.22460978823294847,-0.4351922824570762,0.22691595440475343
920066779,42838,2020-07-17,1,0.008403361344537815,119,0.5,0,0.22825477494891158,1.1745896684185753,-0.5252663079207842,2.3842673380795807,-0.15180001137304444,0.7419373447293771,-1.0986122886681098
920066779,43276,2020-07-17,1,0.008403361344537815,119,0.2,0,0.22825477494891158,1.1745896684185753,-0.5252663079207842,2.300704752349111,-0.028709741942110067,-0.2231435513142097,-0.7537718023763804
920066779,43920,2020-07-17,1,0.008403361344537815,119,1.0,0,0.22825477494891158,1.1745896684185753,-0.5252663079207842,1.1904746108596613,,3.258096538021482,0.0
920066779,45485,2020-07-17,1,0.008403361344537815,119,0.021739130434782608,0,0.22825477494891158,1.1745896684185753,-0.5252663079207842,2.0987349199755942,0.0,0.0,0.0
920066779,48474,2020-07-17,1,0.008403361344537815,119,0.03571428571428571,0,0.22825477494891158,1.1745896684185753,-0.5252663079207842,-2.4583921948049388,-0.007409896379521719,0.008101046269656464,0.0005644668290418764
920066779,58311,2020-07-17,1,0.008403361344537815,119,0.5,0,0.22825477494891158,1.1745896684185753,-0.5252663079207842,1.929692982912721,2.8422094513418803,-3.751854253275325,2.917770732084279
920066779,78848,2020-07-17,1,0.008403361344537815,119,0.5,0,0.22825477494891158,1.1745896684185753,-0.5252663079207842,0.15675709087598685,,6.2766434893416445,0.8472978603872034
920066779,82013,2020-07-17,1,0.008403361344537815,119,0.5,0,0.22825477494891158,1.1745896684185753,-0.5252663079207842,2.316667880615061,0.0,0.0,0.17402275397925937
920066779,83062,2020-07-17,1,0.008403361344537815,119,0.03571428571428571,0,0.22825477494891158,1.1745896684185753,-0.5252663079207842,-1.3415385420258832,-0.07345599285586424,0.09460727220773002,0.0036202774858438147
920066779,89301,2020-07-17,1,0.008403361344537815,119,0.3333333333333333,0,0.22825477494891158,1.1745896684185753,-0.5252663079207842,0.7413912295788927,0.0,0.0,1.39707198661372
920066779,91296,2020-07-17,1,0.008403361344537815,119,1.0,0,0.22825477494891158,1.1745896684185753,-0.5252663079207842,2.4266609166734625,-0.026522188996083162,0.2363887780642302,0.35667494393873267
920066779,104595,2020-07-17,1,0.008403361344537815,119,0.3333333333333333,0,0.22825477494891158,1.1745896684185753,-0.5252663079207842,0.6521649338457719,-0.39638555210570947,0.523248143764548,2.6390573296152584
920066779,119819,2020-07-17,1,0.008403361344537815,119,0.5,0,0.22825477494891158,1.1745896684185753,-0.5252663079207842,-0.9933983280031727,,5.4680601411351315,4.727387818712341
920066779,127940,2020-07-17,1,0.008403361344537815,119,0.125,0,0.22825477494891158,1.1745896684185753,-0.5252663079207842,2.48511855809021,-0.09482868512992759,0.10536051565782634,0.11778303565638382
920066779,129172,2020-07-17,1,0.008403361344537815,119,0.013888888888888888,0,0.22825477494891158,1.1745896684185753,-0.5252663079207842,-3.0658694694721556,-0.016263359484117945,0.009693207897663925,-0.017093214141254975
920066779,136480,2020-07-17,1,0.008403361344537815,119,0.01282051282051282,0,0.22825477494891158,1.1745896684185753,-0.5252663079207842,-3.43177225006065,-0.3281648923502707,0.43043452071047916,-0.05198711300907455
920066779,136795,2020-07-17,1,0.008403361344537815,119,0.3333333333333333,0,0.22825477494891158,1.1745896684185753,-0.5252663079207842,0.09353099507672469,,7.374001859350161,-1.0986122886681098
920066779,142288,2020-07-17,1,0.008403361344537815,119,0.0625,0,0.22825477494891158,1.1745896684185753,-0.5252663079207842,-3.0347726500594097,-0.13123786360392842,0.059383106193992674,-0.08451378728490688
920066779,177700,2020-07-17,1,0.008403361344537815,119,0.5,0,0.22825477494891158,1.1745896684185753,-0.5252663079207842,-1.605725576093899,-0.07158393001228425,0.09314587921733697,-0.011546703174476036
920066779,186118,2020-07-17,1,0.008403361344537815,119,0.020833333333333332,0,0.22825477494891158,1.1745896684185753,-0.5252663079207842,-6.466975203922497,0.011707796908313917,0.19736182749381648,0.07490018547727395
920066779,221315,2020-07-17,1,0.008403361344537815,119,0.2,0,0.22825477494891158,1.1745896684185753,-0.5252663079207842,0.7802360514462034,-0.1099219547186362,0.5861144237097573,0.0
920066779,229066,2020-07-17,1,0.008403361344537815,119,0.058823529411764705,0,0.22825477494891158,1.1745896684185753,-0.5252663079207842,-0.28841747647610855,0.001782539573292441,-0.012288941134351639,0.07357833917698553
920066779,234774,2020-07-17,1,0.008403361344537815,119,0.034482758620689655,0,0.22825477494891158,1.1745896684185753,-0.5252663079207842,0.7835739371339215,-0.7439674551668777,1.2119409739751124,0.055791359628415194
920066779,237820,2020-07-17,1,0.008403361344537815,119,0.04,0,0.22825477494891158,1.1745896684185753,-0.5252663079207842,-3.346395270812146,-0.009955854581376045,0.009527324344933419,4.775283135316499e-05
920066779,242853,2020-07-17,1,0.008403361344537815,119,0.034482758620689655,0,0.22825477494891158,1.1745896684185753,-0.5252663079207842,-1.2834137981529274,-0.26260181478499245,0.3311354751022808,-0.29183884803330606
920066779,264707,2020-07-17,1,0.008403361344537815,119,0.03125,0,0.22825477494891158,1.1745896684185753,-0.5252663079207842,-3.3641641754244143,-0.010891884216219783,0.010392456649642057,0.0
469704,45045,2020-07-31,1,0.02564102564102564,39,0.1,0,2.5016819388010725,0.0032521305602002393,0.7884573603642704,2.267495222385186,-0.049172658229875044,-0.109199291964992,0.0
469704,53726,2020-07-31,1,0.02564102564102564,39,0.2,0,2.5016819388010725,0.0032521305602002393,0.7884573603642704,2.316667880615061,0.0,-0.23180161405732447,0.0
469704,123455,2020-07-31,1,0.02564102564102564,39,0.16666666666666666,0,2.5016819388010725,0.0032521305602002393,0.7884573603642704,1.9144393661520407,-0.4831638224361592,0.7282385003712157,-0.916290731874155
469704,129172,2020-07-31,1,0.02564102564102564,39,0.0136986301369863,0,2.5016819388010725,0.0032521305602002393,0.7884573603642704,-2.659886487284466,0.4059829821876897,-0.23402441507824,0.014638761856469173
469704,136480,2020-07-31,1,0.02564102564102564,39,0.012658227848101266,0,2.5016819388010725,0.0032521305602002393,0.7884573603642704,-2.8341281044099365,0.5976441456507136,-0.4146334841635362,1.2450813276054813
469704,163057,2020-07-31,1,0.02564102564102564,39,0.2,0,2.5016819388010725,0.0032521305602002393,0.7884573603642704,2.3612810284816224,0.3071592563725889,-0.6931471805599456,3.58351893845611
469704,184224,2020-07-31,1,0.02564102564102564,39,0.013513513513513514,0,2.5016819388010725,0.0032521305602002393,0.7884573603642704,-1.4649446870688114,0.03651457484584131,-0.29241410473616014,-0.21862158999830505
469704,186118,2020-07-31,1,0.02564102564102564,39,0.02040816326530612,0,2.5016819388010725,0.0032521305602002393,0.7884573603642704,-6.180470168288953,0.2865050356335441,-0.21283717633361476,0.11059054180648253
469704,220219,2020-07-31,1,0.02564102564102564,39,0.25,0,2.5016819388010725,0.0032521305602002393,0.7884573603642704,2.435579827284954,,2.1972245773362196,0.0
469704,228403,2020-07-31,1,0.02564102564102564,39,0.25,0,2.5016819388010725,0.0032521305602002393,0.7884573603642704,2.5555695244604086,-0.06825761252724183,1.791759469228055,0.6931471805599453
469704,469727,2020-07-31,1,0.02564102564102564,39,0.2,0,2.5016819388010725,0.0032521305602002393,0.7884573603642704,2.6238271369876505,0.3071592563725889,1.2992829841302609,0.0
469704,122220535,2020-07-31,1,0.02564102564102564,39,0.043478260869565216,0,2.5016819388010725,0.0032521305602002393,0.7884573603642704,-3.4935400287102114,4.440892098500626e-16,-0.24115877178268263,-0.19801533556689854
469704,234895797,2020-07-31,1,0.02564102564102564,39,0.018518518518518517,0,2.5016819388010725,0.0032521305602002393,0.7884573603642704,-4.930795239929526,0.08690649024299191,0.04939011109254743,0.07652212062624031
469704,263678655,2020-07-31,1,0.02564102564102564,39,0.014705882352941176,0,2.5016819388010725,0.0032521305602002393,0.7884573603642704,-3.4540519281048745,0.7320890274058982,-0.5575151092266921,0.21932481118424896
469704,339875699,2020-07-31,1,0.02564102564102564,39,0.017241379310344827,0,2.5016819388010725,0.0032521305602002393,0.7884573603642704,-5.359453497947328,0.15407574903050225,-0.3358853772865764,-0.9981667183175631
469704,468388162,2020-07-31,1,0.02564102564102564,39,0.037037037037037035,0,2.5016819388010725,0.0032521305602002393,0.7884573603642704,-1.5257384606817894,0.17721064741411707,-0.0011486332528676257,-0.17677743853451844
469704,571184990,2020-07-31,1,0.02564102564102564,39,0.021739130434782608,0,2.5016819388010725,0.0032521305602002393,0.7884573603642704,-2.3622494834346424,-0.8041742766653219,0.9425166366907103,-1.2337147735246732
469704,665695935,2020-07-31,1,0.02564102564102564,39,0.0196078431372549,0,2.5016819388010725,0.0032521305602002393,0.7884573603642704,-5.703199090371222,0.09893675548896841,0.1859196823435738,0.32559589166026726
469704,935065722,2020-07-31,1,0.02564102564102564,39,0.037037037037037035,0,2.5016819388010725,0.0032521305602002393,0.7884573603642704,2.0539980104407554,2.309647064457535,-0.7790896103606704,0.0
469704,967936044,2020-07-31,1,0.02564102564102564,39,0.02564102564102564,0,2.5016819388010725,0.0032521305602002393,0.7884573603642704,-5.269148143619772,-0.05766346794838739,-0.04755299820444492,0.0
44680,52388,2020-08-27,575,103.97236196893866,4,0.9712837837837838,1,1.7852530721957278,0.7727542241406538,-2.044102175234527,1.9501176842519754,-0.65395067333996,1.6739764335716714,0.33647223662121295
44680,51573,2020-08-27,575,103.97236196893866,4,0.9712837837837838,1,1.7852530721957278,0.7727542241406538,-2.044102175234527,-0.7127609693963222,-1.9323610590529783,1.369373483631553,-4.1666652238017265
44680,56260,2020-08-27,575,103.97236196893866,4,0.9762308998302207,1,1.7852530721957278,0.7727542241406538,-2.044102175234527,0.942093481692808,-1.6619748758991273,3.7841896339182606,-0.6931471805599452
44680,300531239,2020-08-27,65,2.4925097031729027,6,0.11035653650254669,1,1.7852530721957278,0.7727542241406538,-2.044102175234527,-3.1001777799676664,0.05013914312791501,-0.06835248343374722,0.5023252508274041
44680,184224,2020-08-27,58,2.2215949459281057,6,0.09797297297297297,1,1.7852530721957278,0.7727542241406538,-2.044102175234527,-1.3742778433770175,0.0768476179559412,-0.08183257749091588,-0.07263277144483027
44680,129172,2020-08-27,48,1.7948081208800633,5,0.07986688851913477,1,1.7852530721957278,0.7727542241406538,-2.044102175234527,-3.057651302920029,0.018922761655704612,-0.020732022106727754,-0.07083727160057762
44680,671804639,2020-08-27,65,1.5912663117016888,9,0.1097972972972973,1,1.7852530721957278,0.7727542241406538,-2.044102175234527,1.7051290630878653,0.061696609119035406,-0.16955930518010298,4.101540829092695
44680,734194786,2020-08-27,46,1.5249228287743022,7,0.0777027027027027,1,1.7852530721957278,0.7727542241406538,-2.044102175234527,-1.4824383008615423,0.012903332628267261,-0.018142505750837756,-1.8620848676444641
44680,425059,2020-08-27,36,1.4526184581974706,6,0.061855670103092786,1,1.7852530721957278,0.7727542241406538,-2.044102175234527,0.994419419152031,-0.060031069066248666,0.27029032973991196,0.7976598792954324
44680,612176483,2020-08-27,39,1.3834900771324066,7,0.0663265306122449,1,1.7852530721957278,0.7727542241406538,-2.044102175234527,1.8696401770659186,-0.1862687441382278,0.38395890288720125,-0.46054396325328373
44680,263678655,2020-08-27,49,1.3262840935677147,8,0.08235294117647059,1,1.7852530721957278,0.7727542241406538,-2.044102175234527,-4.1274768534583925,-0.12733718620705137,0.17669347257938028,-0.12021979645875902
44680,529897242,2020-08-27,38,1.2679679470410654,7,0.06440677966101695,1,1.7852530721957278,0.7727542241406538,-2.044102175234527,-0.9006959334268018,0.2696844393556007,-0.4242055596359826,0.16427703976816943
44680,136480,2020-08-27,53,1.2613545795454266,5,0.08818635607321132,1,1.7852530721957278,0.7727542241406538,-2.044102175234527,-3.425407617007397,-0.02296958565095064,0.051634058554483886,-0.12467594494188106
44680,571184990,2020-08-27,32,1.2277059697502324,5,0.05423728813559322,1,1.7852530721957278,0.7727542241406538,-2.044102175234527,-3.0615275780503306,-0.043622893154442455,0.08260916773685345,3.236497426218021
44680,593279071,2020-08-27,23,1.1754013709567324,5,0.03739837398373984,1,1.7852530721957278,0.7727542241406538,-2.044102175234527,1.9832960203509407,0.0536030374382197,1.6863989535702288,-1.09861228866811
44680,123526,2020-08-27,47,1.1687914079488708,5,0.07952622673434856,1,1.7852530721957278,0.7727542241406538,-2.044102175234527,-2.375430326613602,-0.06862358597915375,0.09191133135608709,0.4836102608250634
44680,665872424,2020-08-27,36,1.1002487502766278,8,0.06143344709897611,1,1.7852530721957278,0.7727542241406538,-2.044102175234527,1.554431405050199,0.1945733252669748,0.19017353207664023,-3.8868401411050826
44680,748587452,2020-08-27,41,1.1002245904170596,6,0.06821963394342762,1,1.7852530721957278,0.7727542241406538,-2.044102175234527,-4.286403987011849,-0.06472744410447895,0.0784520026216331,0.049508518143571933
44680,349798,2020-08-27,27,1.0351082786657833,6,0.046232876712328765,1,1.7852530721957278,0.7727542241406538,-2.044102175234527,2.456944901913064,0.27741715779488185,-0.49247648509779385,-0.06453852113757108
44680,551495238,2020-08-27,21,0.8946037956690642,5,0.03436988543371522,1,1.7852530721957278,0.7727542241406538,-2.044102175234527,1.9116330418212133,-0.6088676675857356,3.996013952492533,-0.5306282510621707
44680,211383,2020-08-27,47,0.8826190877803988,11,0.08020477815699659,1,1.7852530721957278,0.7727542241406538,-2.044102175234527,2.4702475088013562,-0.15357962818629423,0.0,-0.33647223662121295
44680,145190,2020-08-27,38,0.8638525972652589,10,0.06495726495726496,1,1.7852530721957278,0.7727542241406538,-2.044102175234527,-3.0503866133361255,-0.34754429195316794,0.4630636113165192,0.05579077284919798
939313413,47278,2020-09-22,1,0.0010395010395010396,962,0.125,0,-3.4365418202902984,-0.021194537190500018,0.02719472049914451,2.5726339275922188,0.12962803887079621,-0.5596157879354227,-0.7308875085427924
939313413,47059,2020-09-22,1,0.0010395010395010396,962,0.125,0,-3.4365418202902984,-0.021194537190500018,0.02719472049914451,2.1579261656549824,0.06718487005789253,-0.5108256237659905,-0.6931471805599453
939313413,46554,2020-09-22,1,0.0010395010395010396,962,0.16666666666666666,0,-3.4365418202902984,-0.021194537190500018,0.02719472049914451,2.601887190103894,0.015566640045676206,-0.06062462181643502,0.06453852113757108
939313413,46541,2020-09-22,1,0.0010395010395010396,962,0.058823529411764705,0,-3.4365418202902984,-0.021194537190500018,0.02719472049914451,2.4702475088013562,0.08420650706646171,-1.2527629684953678,0.4054651081081644
939313413,46484,2020-09-22,1,0.0010395010395010396,962,0.3333333333333333,0,-3.4365418202902984,-0.021194537190500018,0.02719472049914451,0.47536854388631056,0.009731801143630092,-0.02055872702103656,-0.08855339734144518
939313413,46237,2020-09-22,1,0.0010395010395010396,962,0.2,0,-3.4365418202902984,-0.021194537190500018,0.02719472049914451,0.9904742613471204,-0.050172712846075274,0.10346298188163505,0.22787169251015538
939313413,46016,2020-09-22,1,0.0010395010395010396,962,0.125,0,-3.4365418202902984,-0.021194537190500018,0.02719472049914451,2.170805938467328,-0.05331425439796966,0.1026541540600836,-0.025317807984289953
939313413,45672,2020-09-22,1,0.0010395010395010396,962,0.125,0,-3.4365418202902984,-0.021194537190500018,0.02719472049914451,-0.7773997796186342,-0.07577047860496433,-0.5031035776720802,-0.32038609886958813
939313413,45120,2020-09-22,1,0.0010395010395010396,962,0.14285714285714285,0,-3.4365418202902984,-0.021194537190500018,0.02719472049914451,2.182522916153905,-0.03437181734901884,0.05264373348542195,0.4307829160924541
939313413,45022,2020-09-22,1,0.0010395010395010396,962,0.1,0,-3.4365418202902984,-0.021194537190500018,0.02719472049914451,1.9832606342768577,-0.01436471860863886,0.0,0.3343691864244338
939313413,44948,2020-09-22,1,0.0010395010395010396,962,1.0,0,-3.4365418202902984,-0.021194537190500018,0.02719472049914451,-2.9991021695392783,-0.43876639889932667,0.4001994927203745,-0.1240526486699789
939313413,44792,2020-09-22,1,0.0010395010395010396,962,0.1111111111111111,0,-3.4365418202902984,-0.021194537190500018,0.02719472049914451,2.46105417559376,0.11308429734246106,-0.2657031657330058,0.07410797215372167
939313413,44764,2020-09-22,1,0.0010395010395010396,962,0.02702702702702703,0,-3.4365418202902984,-0.021194537190500018,0.02719472049914451,-0.3950055711976931,0.024158552168417835,-0.0316649146439687,0.004649008838243596
939313413,44755,2020-09-22,1,0.0010395010395010396,962,0.3333333333333333,0,-3.4365418202902984,-0.021194537190500018,0.02719472049914451,0.7287518281418411,-0.5421166885975314,0.27908356719654925,-0.08004270767353638
939313413,49491,2020-09-22,1,0.0010395010395010396,962,0.14285714285714285,0,-3.4365418202902984,-0.021194537190500018,0.02719472049914451,2.1520997168188067,-0.15905811702963213,0.5705448584676129,0.13353139262452252
939313413,48814,2020-09-22,1,0.0010395010395010396,962,0.14285714285714285,0,-3.4365418202902984,-0.021194537190500018,0.02719472049914451,2.0906678655442885,-0.328386433861636,1.3862943611198908,-0.9985288301111277
939313413,48813,2020-09-22,1,0.0010395010395010396,962,0.14285714285714285,0,-3.4365418202902984,-0.021194537190500018,0.02719472049914451,2.4289856538458494,0.09957115955462781,-0.06899287148695166,-0.6592456288842641
939313413,48496,2020-09-22,1,0.0010395010395010396,962,0.1,0,-3.4365418202902984,-0.021194537190500018,0.02719472049914451,-0.17987296729146093,-0.1620936452908651,0.38035918697708837,-0.8995197518227798
939313413,48474,2020-09-22,1,0.0010395010395010396,962,0.03571428571428571,0,-3.4365418202902984,-0.021194537190500018,0.02719472049914451,-2.4577323036482013,-6.583441735941165e-05,9.445992544776516e-05,0.0
939313413,48473,2020-09-22,1,0.0010395010395010396,962,0.027777777777777776,0,-3.4365418202902984,-0.021194537190500018,0.02719472049914451,1.694028871251932,0.36601918815615986,-0.5525652299387556,0.43170273832502115
939313413,48300,2020-09-22,1,0.0010395010395010396,962,0.02702702702702703,0,-3.4365418202902984,-0.021194537190500018,0.02719472049914451,-1.5737366955876548,-0.0008483019168534778,0.0011326632953814197,0.0005673759017454927
58077,41873,2020-09-25,1,0.001053740779768177,949,0.05555555555555555,0,0.13618413521084202,1.3390956962338525,-1.5536231333277044,-1.8622383631932407,0.002760351403839012,-0.0035361053714453305,-0.020749973979837577
58077,41939,2020-09-25,1,0.001053740779768177,949,0.1111111111111111,0,0.13618413521084202,1.3390956962338525,-1.5536231333277044,0.44804954484296466,-0.04348586365641849,0.07221820781179922,-0.13923797065764365
58077,41973,2020-09-25,1,0.001053740779768177,949,0.1,0,0.13618413521084202,1.3390956962338525,-1.5536231333277044,1.8280843855413378,-0.36022838958305115,0.6250937173149298,0.2076393647782444
58077,45120,2020-09-25,1,0.001053740779768177,949,0.125,0,0.13618413521084202,1.3390956962338525,-1.5536231333277044,2.2101639802755004,-0.01022296919718002,0.0,0.44952509790219475
58077,45022,2020-09-25,1,0.001053740779768177,949,0.1,0,0.13618413521084202,1.3390956962338525,-1.5536231333277044,1.9650539307857184,0.0004962507443329045,-0.01769957709940062,0.15415067982725805
58077,44961,2020-09-25,1,0.001053740779768177,949,0.25,0,0.13618413521084202,1.3390956962338525,-1.5536231333277044,2.6238271369876505,0.20477283758172593,-0.4054651081081644,-0.5877866649021193
58077,44870,2020-09-25,1,0.001053740779768177,949,0.125,0,0.13618413521084202,1.3390956962338525,-1.5536231333277044,1.8741657937280927,-0.10504890160865621,-0.1346568851462573,0.212780764278663
58077,44842,2020-09-25,1,0.001053740779768177,949,0.125,0,0.13618413521084202,1.3390956962338525,-1.5536231333277044,1.9151772997158873,-0.049272316200791755,0.05129329438755015,-0.20763936477824396
58077,44755,2020-09-25,1,0.001053740779768177,949,0.25,0,0.13618413521084202,1.3390956962338525,-1.5536231333277044,0.7269539695109345,-0.892806414703463,1.0741212686598134,0.8761515642838109
58077,44680,2020-09-25,1,0.001053740779768177,949,0.001718213058419244,0,0.13618413521084202,1.3390956962338525,-1.5536231333277044,2.5785359018347296,-0.0014113413854079937,0.0,2.2553322081435003
58077,44602,2020-09-25,1,0.001053740779768177,949,0.16666666666666666,0,0.13618413521084202,1.3390956962338525,-1.5536231333277044,1.5142245611746181,-0.12444727605028327,0.2097205309820689,0.0
58077,44515,2020-09-25,1,0.001053740779768177,949,0.25,0,0.13618413521084202,1.3390956962338525,-1.5536231333277044,-4.454359166432338,2.2744361905857602e-05,-2.527446489430929e-05,-0.07725303065102906
58077,44393,2020-09-25,1,0.001053740779768177,949,0.3333333333333333,0,0.13618413521084202,1.3390956962338525,-1.5536231333277044,2.6238271369876505,0.19219906558183952,-1.5040773967762742,-0.6931471805599453
58077,44367,2020-09-25,1,0.001053740779768177,949,0.14285714285714285,0,0.13618413521084202,1.3390956962338525,-1.5536231333277044,1.8207287003058277,-0.197903053674495,0.3364722366212134,0.054067221270275745
58077,44215,2020-09-25,1,0.001053740779768177,949,0.09090909090909091,0,0.13618413521084202,1.3390956962338525,-1.5536231333277044,2.3616547297830977,-0.03260522980999081,0.10536051565782634,-1.907930900990097
58077,49338,2020-09-25,1,0.001053740779768177,949,0.3333333333333333,0,0.13618413521084202,1.3390956962338525,-1.5536231333277044,2.6238271369876505,,0.6931471805599453,-1.0986122886681098
58077,48774,2020-09-25,1,0.001053740779768177,949,0.14285714285714285,0,0.13618413521084202,1.3390956962338525,-1.5536231333277044,1.536988268558399,-0.036654434405138714,0.06831924397747713,0.06831924397747713
58077,48496,2020-09-25,1,0.001053740779768177,949,0.09090909090909091,0,0.13618413521084202,1.3390956962338525,-1.5536231333277044,-0.20771518513583373,-0.16570317447187802,0.39855423056831807,-0.8038879335909161
106069,47278,2020-09-25,1,0.0010395010395010396,962,0.1111111111111111,0,1.0749662633882509,0.31871818311052236,-1.4357278189750646,2.536067349452625,0.11889306762637775,-0.26236426446749084,-0.40546510810816416
106069,47059,2020-09-25,1,0.0010395010395010396,962,0.09090909090909091,0,1.0749662633882509,0.31871818311052236,-1.4357278189750646,2.2149844613405474,0.08782975876117893,-0.737598943130779,-0.6931471805599453
106069,46554,2020-09-25,1,0.0010395010395010396,962,0.14285714285714285,0,1.0749662633882509,0.31871818311052236,-1.4357278189750646,2.5580072963363816,-0.02831325372183624,0.05715841383994835,0.0
106069,46541,2020-09-25,1,0.0010395010395010396,962,0.05263157894736842,0,1.0749662633882509,0.31871818311052236,-1.4357278189750646,2.4702475088013562,0.05645725861852835,-0.9162907318741553,0.4054651081081644
106069,46484,2020-09-25,1,0.0010395010395010396,962,0.16666666666666666,0,1.0749662633882509,0.31871818311052236,-1.4357278189750646,0.47536854388631056,0.0014505462599059826,-0.0029629651306573024,0.08515780834030684
106069,46237,2020-09-25,1,0.0010395010395010396,962,0.14285714285714285,0,1.0749662633882509,0.31871818311052236,-1.4357278189750646,0.939263013994468,-0.10138396019872764,0.17757095403535672,0.16960278438617937
106069,46016,2020-09-25,1,0.0010395010395010396,962,0.1111111111111111,0,1.0749662633882509,0.31871818311052236,-1.4357278189750646,2.182880362543248,-0.00722545936237351,0.025317807984289953,-0.8209805520698299
106069,45672,2020-09-25,1,0.0010395010395010396,962,0.1,0,1.0749662633882509,0.31871818311052236,-1.4357278189750646,-0.7773997796186344,-0.06401295102385518,-0.3437715391028249,-0.38067832912570854
106069,45120,2020-09-25,1,0.0010395010395010396,962,0.1111111111111111,0,1.0749662633882509,0.31871818311052236,-1.4357278189750646,2.2101639802755004,-0.01022296919718002,0.0,0.44952509790219475
106069,45022,2020-09-25,1,0.0010395010395010396,962,0.09090909090909091,0,1.0749662633882509,0.31871818311052236,-1.4357278189750646,1.9650539307857184,0.0004962507443329045,-0.01769957709940062,0.15415067982725805
106069,44948,2020-09-25,1,0.0010395010395010396,962,0.25,0,1.0749662633882509,0.31871818311052236,-1.4357278189750646,-3.035059016144257,-0.3279401034544027,0.29599433521304075,-0.06155789299943315
106069,44792,2020-09-25,1,0.0010395010395010396,962,0.1,0,1.0749662633882509,0.31871818311052236,-1.4357278189750646,2.4114731645884078,0.06987659317518924,-0.14310084364067333,-0.15415067982725805
106069,44764,2020-09-25,1,0.0010395010395010396,962,0.02631578947368421,0,1.0749662633882509,0.31871818311052236,-1.4357278189750646,-0.39554003084409717,0.02362409252201364,-0.030994897868484195,-0.1270646231157304
106069,44755,2020-09-25,1,0.0010395010395010396,962,0.2,0,1.0749662633882509,0.31871818311052236,-1.4357278189750646,0.7269539695109345,-0.892806414703463,1.0741212686598134,0.8761515642838109
106069,49491,2020-09-25,1,0.0010395010395010396,962,0.125,0,1.0749662633882509,0.31871818311052236,-1.4357278189750646,2.0341678617765955,-0.466795572662019,1.0116009116784803,0.2876820724517808
106069,48814,2020-09-25,1,0.0010395010395010396,962,0.125,0,1.0749662633882509,0.31871818311052236,-1.4357278189750646,2.0906678655442885,-0.328386433861636,1.3862943611198908,-0.9501922835498364
106069,48813,2020-09-25,1,0.0010395010395010396,962,0.125,0,1.0749662633882509,0.31871818311052236,-1.4357278189750646,2.4289856538458494,0.09957115955462781,-0.06899287148695166,-0.7731898882334818
106069,48496,2020-09-25,1,0.0010395010395010396,962,0.08333333333333333,0,1.0749662633882509,0.31871818311052236,-1.4357278189750646,-0.20771518513583373,-0.16570317447187802,0.39855423056831807,-0.8038879335909161
106069,48474,2020-09-25,1,0.0010395010395010396,962,0.034482758620689655,0,1.0749662633882509,0.31871818311052236,-1.4357278189750646,-2.457666469230842,6.583441735941165e-05,-9.445992544776516e-05,-0.07461983485500845
106069,48473,2020-09-25,1,0.0010395010395010396,962,0.02702702702702703,0,1.0749662633882509,0.31871818311052236,-1.4357278189750646,1.8314685959306327,0.49479660024780103,-0.6286086594223734,0.4202177465832033
106069,48300,2020-09-25,1,0.0010395010395010396,962,0.02631578947368421,0,1.0749662633882509,0.31871818311052236,-1.4357278189750646,-1.5735245683422503,-0.000424047426044627,0.0005663316022808118,-0.07284237016930639
116372,47278,2020-09-25,1,0.0010395010395010396,962,0.125,0,0.8947013494765611,0.2692111224604593,-1.2953225829141637,2.536067349452625,0.11889306762637775,-0.26236426446749084,-0.40546510810816416
116372,47059,2020-09-25,1,0.0010395010395010396,962,0.1,0,0.8947013494765611,0.2692111224604593,-1.2953225829141637,2.2149844613405474,0.08782975876117893,-0.737598943130779,-0.6931471805599453
116372,46554,2020-09-25,1,0.0010395010395010396,962,0.14285714285714285,0,0.8947013494765611,0.2692111224604593,-1.2953225829141637,2.5580072963363816,-0.02831325372183624,0.05715841383994835,0.0
116372,46541,2020-09-25,1,0.0010395010395010396,962,0.05263157894736842,0,0.8947013494765611,0.2692111224604593,-1.2953225829141637,2.4702475088013562,0.05645725861852835,-0.9162907318741553,0.4054651081081644
116372,46484,2020-09-25,1,0.0010395010395010396,962,0.16666666666666666,0,0.8947013494765611,0.2692111224604593,-1.2953225829141637,0.47536854388631056,0.0014505462599059826,-0.0029629651306573024,0.08515780834030684
116372,46237,2020-09-25,1,0.0010395010395010396,962,0.16666666666666666,0,0.8947013494765611,0.2692111224604593,-1.2953225829141637,0.939263013994468,-0.10138396019872764,0.17757095403535672,0.16960278438617937
116372,46016,2020-09-25,1,0.0010395010395010396,962,0.125,0,0.8947013494765611,0.2692111224604593,-1.2953225829141637,2.182880362543248,-0.00722545936237351,0.025317807984289953,-0.8209805520698299
116372,45672,2020-09-25,1,0.0010395010395010396,962,0.1111111111111111,0,0.8947013494765611,0.2692111224604593,-1.2953225829141637,-0.7773997796186344,-0.06401295102385518,-0.3437715391028249,-0.38067832912570854
116372,45120,2020-09-25,1,0.0010395010395010396,962,0.125,0,0.8947013494765611,0.2692111224604593,-1.2953225829141637,2.2101639802755004,-0.01022296919718002,0.0,0.44952509790219475
116372,45022,2020-09-25,1,0.0010395010395010396,962,0.09090909090909091,0,0.8947013494765611,0.2692111224604593,-1.2953225829141637,1.9650539307857184,0.0004962507443329045,-0.01769957709940062,0.15415067982725805
116372,44948,2020-09-25,1,0.0010395010395010396,962,0.25,0,0.8947013494765611,0.2692111224604593,-1.2953225829141637,-3.035059016144257,-0.3279401034544027,0.29599433521304075,-0.06155789299943315
116372,44792,2020-09-25,1,0.0010395010395010396,962,0.1111111111111111,0,0.8947013494765611,0.2692111224604593,-1.2953225829141637,2.4114731645884078,0.06987659317518924,-0.14310084364067333,-0.15415067982725805
116372,44764,2020-09-25,1,0.0010395010395010396,962,0.02702702702702703,0,0.8947013494765611,0.2692111224604593,-1.2953225829141637,-0.39554003084409717,0.02362409252201364,-0.030994897868484195,-0.1270646231157304
116372,44755,2020-09-25,1,0.0010395010395010396,962,0.2,0,0.8947013494765611,0.2692111224604593,-1.2953225829141637,0.7269539695109345,-0.892806414703463,1.0741212686598134,0.8761515642838109
116372,49491,2020-09-25,1,0.0010395010395010396,962,0.14285714285714285,0,0.8947013494765611,0.2692111224604593,-1.2953225829141637,2.0341678617765955,-0.466795572662019,1.0116009116784803,0.2876820724517808
116372,48814,2020-09-25,1,0.0010395010395010396,962,0.14285714285714285,0,0.8947013494765611,0.2692111224604593,-1.2953225829141637,2.0906678655442885,-0.328386433861636,1.3862943611198908,-0.9501922835498364
116372,48813,2020-09-25,1,0.0010395010395010396,962,0.14285714285714285,0,0.8947013494765611,0.2692111224604593,-1.2953225829141637,2.4289856538458494,0.09957115955462781,-0.06899287148695166,-0.7731898882334818
116372,48496,2020-09-25,1,0.0010395010395010396,962,0.09090909090909091,0,0.8947013494765611,0.2692111224604593,-1.2953225829141637,-0.20771518513583373,-0.16570317447187802,0.39855423056831807,-0.8038879335909161
116372,48474,2020-09-25,1,0.0010395010395010396,962,0.03571428571428571,0,0.8947013494765611,0.2692111224604593,-1.2953225829141637,-2.457666469230842,6.583441735941165e-05,-9.445992544776516e-05,-0.07461983485500845
116372,48473,2020-09-25,1,0.0010395010395010396,962,0.027777777777777776,0,0.8947013494765611,0.2692111224604593,-1.2953225829141637,1.8314685959306327,0.49479660024780103,-0.6286086594223734,0.4202177465832033
116372,48300,2020-09-25,1,0.0010395010395010396,962,0.02702702702702703,0,0.8947013494765611,0.2692111224604593,-1.2953225829141637,-1.5735245683422503,-0.000424047426044627,0.0005663316022808118,-0.07284237016930639
124213,47278,2020-09-25,1,0.0010395010395010396,962,0.1111111111111111,0,0.7550744485785018,0.19171499339819442,-1.0778052961621487,2.536067349452625,0.11889306762637775,-0.26236426446749084,-0.40546510810816416
124213,47059,2020-09-25,1,0.0010395010395010396,962,0.09090909090909091,0,0.7550744485785018,0.19171499339819442,-1.0778052961621487,2.2149844613405474,0.08782975876117893,-0.737598943130779,-0.6931471805599453
124213,46554,2020-09-25,1,0.0010395010395010396,962,0.125,0,0.7550744485785018,0.19171499339819442,-1.0778052961621487,2.5580072963363816,-0.02831325372183624,0.05715841383994835,0.0
124213,46541,2020-09-25,1,0.0010395010395010396,962,0.05,0,0.7550744485785018,0.19171499339819442,-1.0778052961621487,2.4702475088013562,0.05645725861852835,-0.9162907318741553,0.4054651081081644
124213,46484,2020-09-25,1,0.0010395010395010396,962,0.14285714285714285,0,0.7550744485785018,0.19171499339819442,-1.0778052961621487,0.47536854388631056,0.0014505462599059826,-0.0029629651306573024,0.08515780834030684
124213,46237,2020-09-25,1,0.0010395010395010396,962,0.14285714285714285,0,0.7550744485785018,0.19171499339819442,-1.0778052961621487,0.939263013994468,-0.10138396019872764,0.17757095403535672,0.16960278438617937
124213,46016,2020-09-25,1,0.0010395010395010396,962,0.1111111111111111,0,0.7550744485785018,0.19171499339819442,-1.0778052961621487,2.182880362543248,-0.00722545936237351,0.025317807984289953,-0.8209805520698299
124213,45672,2020-09-25,1,0.0010395010395010396,962,0.1,0,0.7550744485785018,0.19171499339819442,-1.0778052961621487,-0.7773997796186344,-0.06401295102385518,-0.3437715391028249,-0.38067832912570854
124213,45120,2020-09-25,1,0.0010395010395010396,962,0.1111111111111111,0,0.7550744485785018,0.19171499339819442,-1.0778052961621487,2.2101639802755004,-0.01022296919718002,0.0,0.44952509790219475
124213,45022,2020-09-25,1,0.0010395010395010396,962,0.08333333333333333,0,0.7550744485785018,0.19171499339819442,-1.0778052961621487,1.9650539307857184,0.0004962507443329045,-0.01769957709940062,0.15415067982725805
124213,44948,2020-09-25,1,0.0010395010395010396,962,0.2,0,0.7550744485785018,0.19171499339819442,-1.0778052961621487,-3.035059016144257,-0.3279401034544027,0.29599433521304075,-0.06155789299943315
124213,44792,2020-09-25,1,0.0010395010395010396,962,0.1,0,0.7550744485785018,0.19171499339819442,-1.0778052961621487,2.4114731645884078,0.06987659317518924,-0.14310084364067333,-0.15415067982725805
124213,44764,2020-09-25,1,0.0010395010395010396,962,0.02631578947368421,0,0.7550744485785018,0.19171499339819442,-1.0778052961621487,-0.39554003084409717,0.02362409252201364,-0.030994897868484195,-0.1270646231157304
124213,44755,2020-09-25,1,0.0010395010395010396,962,0.16666666666666666,0,0.7550744485785018,0.19171499339819442,-1.0778052961621487,0.7269539695109345,-0.892806414703463,1.0741212686598134,0.8761515642838109
124213,49491,2020-09-25,1,0.0010395010395010396,962,0.125,0,0.7550744485785018,0.19171499339819442,-1.0778052961621487,2.0341678617765955,-0.466795572662019,1.0116009116784803,0.2876820724517808
124213,48814,2020-09-25,1,0.0010395010395010396,962,0.125,0,0.7550744485785018,0.19171499339819442,-1.0778052961621487,2.0906678655442885,-0.328386433861636,1.3862943611198908,-0.9501922835498364
124213,48813,2020-09-25,1,0.0010395010395010396,962,0.125,0,0.7550744485785018,0.19171499339819442,-1.0778052961621487,2.4289856538458494,0.09957115955462781,-0.06899287148695166,-0.7731898882334818
124213,48496,2020-09-25,1,0.0010395010395010396,962,0.08333333333333333,0,0.7550744485785018,0.19171499339819442,-1.0778052961621487,-0.20771518513583373,-0.16570317447187802,0.39855423056831807,-0.8038879335909161
124213,48474,2020-09-25,1,0.0010395010395010396,962,0.034482758620689655,0,0.7550744485785018,0.19171499339819442,-1.0778052961621487,-2.457666469230842,6.583441735941165e-05,-9.445992544776516e-05,-0.07461983485500845
124213,48473,2020-09-25,1,0.0010395010395010396,962,0.02702702702702703,0,0.7550744485785018,0.19171499339819442,-1.0778052961621487,1.8314685959306327,0.49479660024780103,-0.6286086594223734,0.4202177465832033
124213,48300,2020-09-25,1,0.0010395010395010396,962,0.02631578947368421,0,0.7550744485785018,0.19171499339819442,-1.0778052961621487,-1.5735245683422503,-0.000424047426044627,0.0005663316022808118,-0.07284237016930639
118503,47278,2020-09-25,1,0.0010395010395010396,962,0.1111111111111111,0,0.6793670702512346,0.33174170187107543,-1.071292113581726,2.536067349452625,0.11889306762637775,-0.26236426446749084,-0.40546510810816416
118503,47059,2020-09-25,1,0.0010395010395010396,962,0.1,0,0.6793670702512346,0.33174170187107543,-1.071292113581726,2.2149844613405474,0.08782975876117893,-0.737598943130779,-0.6931471805599453
118503,46554,2020-09-25,1,0.0010395010395010396,962,0.14285714285714285,0,0.6793670702512346,0.33174170187107543,-1.071292113581726,2.5580072963363816,-0.02831325372183624,0.05715841383994835,0.0
118503,46541,2020-09-25,1,0.0010395010395010396,962,0.05555555555555555,0,0.6793670702512346,0.33174170187107543,-1.071292113581726,2.4702475088013562,0.05645725861852835,-0.9162907318741553,0.4054651081081644
118503,46484,2020-09-25,1,0.0010395010395010396,962,0.16666666666666666,0,0.6793670702512346,0.33174170187107543,-1.071292113581726,0.47536854388631056,0.0014505462599059826,-0.0029629651306573024,0.08515780834030684
118503,46237,2020-09-25,1,0.0010395010395010396,962,0.16666666666666666,0,0.6793670702512346,0.33174170187107543,-1.071292113581726,0.939263013994468,-0.10138396019872764,0.17757095403535672,0.16960278438617937
118503,46016,2020-09-25,1,0.0010395010395010396,962,0.125,0,0.6793670702512346,0.33174170187107543,-1.071292113581726,2.182880362543248,-0.00722545936237351,0.025317807984289953,-0.8209805520698299
118503,45672,2020-09-25,1,0.0010395010395010396,962,0.1111111111111111,0,0.6793670702512346,0.33174170187107543,-1.071292113581726,-0.7773997796186344,-0.06401295102385518,-0.3437715391028249,-0.38067832912570854
118503,45120,2020-09-25,1,0.0010395010395010396,962,0.1111111111111111,0,0.6793670702512346,0.33174170187107543,-1.071292113581726,2.2101639802755004,-0.01022296919718002,0.0,0.44952509790219475
118503,45022,2020-09-25,1,0.0010395010395010396,962,0.1,0,0.6793670702512346,0.33174170187107543,-1.071292113581726,1.9650539307857184,0.0004962507443329045,-0.01769957709940062,0.15415067982725805
118503,44948,2020-09-25,1,0.0010395010395010396,962,0.25,0,0.6793670702512346,0.33174170187107543,-1.071292113581726,-3.035059016144257,-0.3279401034544027,0.29599433521304075,-0.06155789299943315
118503,44792,2020-09-25,1,0.0010395010395010396,962,0.1,0,0.6793670702512346,0.33174170187107543,-1.071292113581726,2.4114731645884078,0.06987659317518924,-0.14310084364067333,-0.15415067982725805
118503,44764,2020-09-25,1,0.0010395010395010396,962,0.02631578947368421,0,0.6793670702512346,0.33174170187107543,-1.071292113581726,-0.39554003084409717,0.02362409252201364,-0.030994897868484195,-0.1270646231157304
118503,44755,2020-09-25,1,0.0010395010395010396,962,0.2,0,0.6793670702512346,0.33174170187107543,-1.071292113581726,0.7269539695109345,-0.892806414703463,1.0741212686598134,0.8761515642838109
118503,49491,2020-09-25,1,0.0010395010395010396,962,0.125,0,0.6793670702512346,0.33174170187107543,-1.071292113581726,2.0341678617765955,-0.466795572662019,1.0116009116784803,0.2876820724517808
118503,48814,2020-09-25,1,0.0010395010395010396,962,0.125,0,0.6793670702512346,0.33174170187107543,-1.071292113581726,2.0906678655442885,-0.328386433861636,1.3862943611198908,-0.9501922835498364
118503,48813,2020-09-25,1,0.0010395010395010396,962,0.14285714285714285,0,0.6793670702512346,0.33174170187107543,-1.071292113581726,2.4289856538458494,0.09957115955462781,-0.06899287148695166,-0.7731898882334818
118503,48496,2020-09-25,1,0.0010395010395010396,962,0.09090909090909091,0,0.6793670702512346,0.33174170187107543,-1.071292113581726,-0.20771518513583373,-0.16570317447187802,0.39855423056831807,-0.8038879335909161
118503,48474,2020-09-25,1,0.0010395010395010396,962,0.03571428571428571,0,0.6793670702512346,0.33174170187107543,-1.071292113581726,-2.457666469230842,6.583441735941165e-05,-9.445992544776516e-05,-0.07461983485500845
118503,48473,2020-09-25,1,0.0010395010395010396,962,0.02702702702702703,0,0.6793670702512346,0.33174170187107543,-1.071292113581726,1.8314685959306327,0.49479660024780103,-0.6286086594223734,0.4202177465832033
118503,48300,2020-09-25,1,0.0010395010395010396,962,0.02702702702702703,0,0.6793670702512346,0.33174170187107543,-1.071292113581726,-1.5735245683422503,-0.000424047426044627,0.0005663316022808118,-0.07284237016930639
97240,47278,2020-09-25,1,0.0010395010395010396,962,0.1111111111111111,0,0.5442412448745384,0.6248101942333386,-1.3648153294427665,2.536067349452625,0.11889306762637775,-0.26236426446749084,-0.40546510810816416
97240,47059,2020-09-25,1,0.0010395010395010396,962,0.09090909090909091,0,0.5442412448745384,0.6248101942333386,-1.3648153294427665,2.2149844613405474,0.08782975876117893,-0.737598943130779,-0.6931471805599453
97240,46554,2020-09-25,1,0.0010395010395010396,962,0.125,0,0.5442412448745384,0.6248101942333386,-1.3648153294427665,2.5580072963363816,-0.02831325372183624,0.05715841383994835,0.0
97240,46541,2020-09-25,1,0.0010395010395010396,962,0.05,0,0.5442412448745384,0.6248101942333386,-1.3648153294427665,2.4702475088013562,0.05645725861852835,-0.9162907318741553,0.4054651081081644
97240,46484,2020-09-25,1,0.0010395010395010396,962,0.14285714285714285,0,0.5442412448745384,0.6248101942333386,-1.3648153294427665,0.47536854388631056,0.0014505462599059826,-0.0029629651306573024,0.08515780834030684
97240,46237,2020-09-25,1,0.0010395010395010396,962,0.14285714285714285,0,0.5442412448745384,0.6248101942333386,-1.3648153294427665,0.939263013994468,-0.10138396019872764,0.17757095403535672,0.16960278438617937
97240,46016,2020-09-25,1,0.0010395010395010396,962,0.1111111111111111,0,0.5442412448745384,0.6248101942333386,-1.3648153294427665,2.182880362543248,-0.00722545936237351,0.025317807984289953,-0.8209805520698299
97240,45672,2020-09-25,1,0.0010395010395010396,962,0.1,0,0.5442412448745384,0.6248101942333386,-1.3648153294427665,-0.7773997796186344,-0.06401295102385518,-0.3437715391028249,-0.38067832912570854
97240,45120,2020-09-25,1,0.0010395010395010396,962,0.1111111111111111,0,0.5442412448745384,0.6248101942333386,-1.3648153294427665,2.2101639802755004,-0.01022296919718002,0.0,0.44952509790219475
97240,45022,2020-09-25,1,0.0010395010395010396,962,0.08333333333333333,0,0.5442412448745384,0.6248101942333386,-1.3648153294427665,1.9650539307857184,0.0004962507443329045,-0.01769957709940062,0.15415067982725805
97240,44948,2020-09-25,1,0.0010395010395010396,962,0.2,0,0.5442412448745384,0.6248101942333386,-1.3648153294427665,-3.035059016144257,-0.3279401034544027,0.29599433521304075,-0.06155789299943315
97240,44792,2020-09-25,1,0.0010395010395010396,962,0.1,0,0.5442412448745384,0.6248101942333386,-1.3648153294427665,2.4114731645884078,0.06987659317518924,-0.14310084364067333,-0.15415067982725805
97240,44764,2020-09-25,1,0.0010395010395010396,962,0.02631578947368421,0,0.5442412448745384,0.6248101942333386,-1.3648153294427665,-0.39554003084409717,0.02362409252201364,-0.030994897868484195,-0.1270646231157304
97240,44755,2020-09-25,1,0.0010395010395010396,962,0.16666666666666666,0,0.5442412448745384,0.6248101942333386,-1.3648153294427665,0.7269539695109345,-0.892806414703463,1.0741212686598134,0.8761515642838109
97240,49491,2020-09-25,1,0.0010395010395010396,962,0.125,0,0.5442412448745384,0.6248101942333386,-1.3648153294427665,2.0341678617765955,-0.466795572662019,1.0116009116784803,0.2876820724517808
97240,48814,2020-09-25,1,0.0010395010395010396,962,0.125,0,0.5442412448745384,0.6248101942333386,-1.3648153294427665,2.0906678655442885,-0.328386433861636,1.3862943611198908,-0.9501922835498364
97240,48813,2020-09-25,1,0.0010395010395010396,962,0.125,0,0.5442412448745384,0.6248101942333386,-1.3648153294427665,2.4289856538458494,0.09957115955462781,-0.06899287148695166,-0.7731898882334818
97240,48496,2020-09-25,1,0.0010395010395010396,962,0.08333333333333333,0,0.5442412448745384,0.6248101942333386,-1.3648153294427665,-0.20771518513583373,-0.16570317447187802,0.39855423056831807,-0.8038879335909161
97240,48474,2020-09-25,1,0.0010395010395010396,962,0.034482758620689655,0,0.5442412448745384,0.6248101942333386,-1.3648153294427665,-2.457666469230842,6.583441735941165e-05,-9.445992544776516e-05,-0.07461983485500845
97240,48473,2020-09-25,1,0.0010395010395010396,962,0.02702702702702703,0,0.5442412448745384,0.6248101942333386,-1.3648153294427665,1.8314685959306327,0.49479660024780103,-0.6286086594223734,0.4202177465832033
97240,48300,2020-09-25,1,0.0010395010395010396,962,0.02631578947368421,0,0.5442412448745384,0.6248101942333386,-1.3648153294427665,-1.5735245683422503,-0.000424047426044627,0.0005663316022808118,-0.07284237016930639
106095,47278,2020-09-25,1,0.0010395010395010396,962,0.1,0,0.12815478728260174,1.564044610317912,-1.9603821816638476,2.536067349452625,0.11889306762637775,-0.26236426446749084,-0.40546510810816416
106095,47059,2020-09-25,1,0.0010395010395010396,962,0.09090909090909091,0,0.12815478728260174,1.564044610317912,-1.9603821816638476,2.2149844613405474,0.08782975876117893,-0.737598943130779,-0.6931471805599453
106095,46554,2020-09-25,1,0.0010395010395010396,962,0.1111111111111111,0,0.12815478728260174,1.564044610317912,-1.9603821816638476,2.5580072963363816,-0.02831325372183624,0.05715841383994835,0.0
106095,46541,2020-09-25,1,0.0010395010395010396,962,0.05,0,0.12815478728260174,1.564044610317912,-1.9603821816638476,2.4702475088013562,0.05645725861852835,-0.9162907318741553,0.4054651081081644
106095,46484,2020-09-25,1,0.0010395010395010396,962,0.125,0,0.12815478728260174,1.564044610317912,-1.9603821816638476,0.47536854388631056,0.0014505462599059826,-0.0029629651306573024,0.08515780834030684
106095,46237,2020-09-25,1,0.0010395010395010396,962,0.14285714285714285,0,0.12815478728260174,1.564044610317912,-1.9603821816638476,0.939263013994468,-0.10138396019872764,0.17757095403535672,0.16960278438617937
106095,46016,2020-09-25,1,0.0010395010395010396,962,0.1111111111111111,0,0.12815478728260174,1.564044610317912,-1.9603821816638476,2.182880362543248,-0.00722545936237351,0.025317807984289953,-0.8209805520698299
106095,45672,2020-09-25,1,0.0010395010395010396,962,0.1,0,0.12815478728260174,1.564044610317912,-1.9603821816638476,-0.7773997796186344,-0.06401295102385518,-0.3437715391028249,-0.38067832912570854
106095,45120,2020-09-25,1,0.0010395010395010396,962,0.1,0,0.12815478728260174,1.564044610317912,-1.9603821816638476,2.2101639802755004,-0.01022296919718002,0.0,0.44952509790219475
106095,45022,2020-09-25,1,0.0010395010395010396,962,0.08333333333333333,0,0.12815478728260174,1.564044610317912,-1.9603821816638476,1.9650539307857184,0.0004962507443329045,-0.01769957709940062,0.15415067982725805
106095,44948,2020-09-25,1,0.0010395010395010396,962,0.16666666666666666,0,0.12815478728260174,1.564044610317912,-1.9603821816638476,-3.035059016144257,-0.3279401034544027,0.29599433521304075,-0.06155789299943315
106095,44792,2020-09-25,1,0.0010395010395010396,962,0.09090909090909091,0,0.12815478728260174,1.564044610317912,-1.9603821816638476,2.4114731645884078,0.06987659317518924,-0.14310084364067333,-0.15415067982725805
106095,44764,2020-09-25,1,0.0010395010395010396,962,0.02564102564102564,0,0.12815478728260174,1.564044610317912,-1.9603821816638476,-0.39554003084409717,0.02362409252201364,-0.030994897868484195,-0.1270646231157304
106095,44755,2020-09-25,1,0.0010395010395010396,962,0.14285714285714285,0,0.12815478728260174,1.564044610317912,-1.9603821816638476,0.7269539695109345,-0.892806414703463,1.0741212686598134,0.8761515642838109
106095,49491,2020-09-25,1,0.0010395010395010396,962,0.1111111111111111,0,0.12815478728260174,1.564044610317912,-1.9603821816638476,2.0341678617765955,-0.466795572662019,1.0116009116784803,0.2876820724517808
106095,48814,2020-09-25,1,0.0010395010395010396,962,0.1111111111111111,0,0.12815478728260174,1.564044610317912,-1.9603821816638476,2.0906678655442885,-0.328386433861636,1.3862943611198908,-0.9501922835498364
106095,48813,2020-09-25,1,0.0010395010395010396,962,0.125,0,0.12815478728260174,1.564044610317912,-1.9603821816638476,2.4289856538458494,0.09957115955462781,-0.06899287148695166,-0.7731898882334818
106095,48496,2020-09-25,1,0.0010395010395010396,962,0.08333333333333333,0,0.12815478728260174,1.564044610317912,-1.9603821816638476,-0.20771518513583373,-0.16570317447187802,0.39855423056831807,-0.8038879335909161
106095,48474,2020-09-25,1,0.0010395010395010396,962,0.034482758620689655,0,0.12815478728260174,1.564044610317912,-1.9603821816638476,-2.457666469230842,6.583441735941165e-05,-9.445992544776516e-05,-0.07461983485500845
106095,48473,2020-09-25,1,0.0010395010395010396,962,0.02631578947368421,0,0.12815478728260174,1.564044610317912,-1.9603821816638476,1.8314685959306327,0.49479660024780103,-0.6286086594223734,0.4202177465832033
106095,48300,2020-09-25,1,0.0010395010395010396,962,0.02631578947368421,0,0.12815478728260174,1.564044610317912,-1.9603821816638476,-1.5735245683422503,-0.000424047426044627,0.0005663316022808118,-0.07284237016930639
100576,47278,2020-09-25,1,0.0010395010395010396,962,0.1111111111111111,0,-0.13715144911642357,1.8101209049550937,-1.8789140203893089,2.536067349452625,0.11889306762637775,-0.26236426446749084,-0.40546510810816416
100576,47059,2020-09-25,1,0.0010395010395010396,962,0.1,0,-0.13715144911642357,1.8101209049550937,-1.8789140203893089,2.2149844613405474,0.08782975876117893,-0.737598943130779,-0.6931471805599453
100576,46554,2020-09-25,1,0.0010395010395010396,962,0.14285714285714285,0,-0.13715144911642357,1.8101209049550937,-1.8789140203893089,2.5580072963363816,-0.02831325372183624,0.05715841383994835,0.0
100576,46541,2020-09-25,1,0.0010395010395010396,962,0.05555555555555555,0,-0.13715144911642357,1.8101209049550937,-1.8789140203893089,2.4702475088013562,0.05645725861852835,-0.9162907318741553,0.4054651081081644
100576,46484,2020-09-25,1,0.0010395010395010396,962,0.16666666666666666,0,-0.13715144911642357,1.8101209049550937,-1.8789140203893089,0.47536854388631056,0.0014505462599059826,-0.0029629651306573024,0.08515780834030684
100576,46237,2020-09-25,1,0.0010395010395010396,962,0.16666666666666666,0,-0.13715144911642357,1.8101209049550937,-1.8789140203893089,0.939263013994468,-0.10138396019872764,0.17757095403535672,0.16960278438617937
100576,46016,2020-09-25,1,0.0010395010395010396,962,0.125,0,-0.13715144911642357,1.8101209049550937,-1.8789140203893089,2.182880362543248,-0.00722545936237351,0.025317807984289953,-0.8209805520698299
100576,45672,2020-09-25,1,0.0010395010395010396,962,0.1111111111111111,0,-0.13715144911642357,1.8101209049550937,-1.8789140203893089,-0.7773997796186344,-0.06401295102385518,-0.3437715391028249,-0.38067832912570854
100576,45120,2020-09-25,1,0.0010395010395010396,962,0.1111111111111111,0,-0.13715144911642357,1.8101209049550937,-1.8789140203893089,2.2101639802755004,-0.01022296919718002,0.0,0.44952509790219475
100576,45022,2020-09-25,1,0.0010395010395010396,962,0.1,0,-0.13715144911642357,1.8101209049550937,-1.8789140203893089,1.9650539307857184,0.0004962507443329045,-0.01769957709940062,0.15415067982725805
100576,44948,2020-09-25,1,0.0010395010395010396,962,0.25,0,-0.13715144911642357,1.8101209049550937,-1.8789140203893089,-3.035059016144257,-0.3279401034544027,0.29599433521304075,-0.06155789299943315
100576,44792,2020-09-25,1,0.0010395010395010396,962,0.1,0,-0.13715144911642357,1.8101209049550937,-1.8789140203893089,2.4114731645884078,0.06987659317518924,-0.14310084364067333,-0.15415067982725805
100576,44764,2020-09-25,1,0.0010395010395010396,962,0.02631578947368421,0,-0.13715144911642357,1.8101209049550937,-1.8789140203893089,-0.39554003084409717,0.02362409252201364,-0.030994897868484195,-0.1270646231157304
100576,44755,2020-09-25,1,0.0010395010395010396,962,0.2,0,-0.13715144911642357,1.8101209049550937,-1.8789140203893089,0.7269539695109345,-0.892806414703463,1.0741212686598134,0.8761515642838109
100576,49491,2020-09-25,1,0.0010395010395010396,962,0.125,0,-0.13715144911642357,1.8101209049550937,-1.8789140203893089,2.0341678617765955,-0.466795572662019,1.0116009116784803,0.2876820724517808
100576,48814,2020-09-25,1,0.0010395010395010396,962,0.125,0,-0.13715144911642357,1.8101209049550937,-1.8789140203893089,2.0906678655442885,-0.328386433861636,1.3862943611198908,-0.9501922835498364
100576,48813,2020-09-25,1,0.0010395010395010396,962,0.14285714285714285,0,-0.13715144911642357,1.8101209049550937,-1.8789140203893089,2.4289856538458494,0.09957115955462781,-0.06899287148695166,-0.7731898882334818
100576,48496,2020-09-25,1,0.0010395010395010396,962,0.09090909090909091,0,-0.13715144911642357,1.8101209049550937,-1.8789140203893089,-0.20771518513583373,-0.16570317447187802,0.39855423056831807,-0.8038879335909161
100576,48474,2020-09-25,1,0.0010395010395010396,962,0.03571428571428571,0,-0.13715144911642357,1.8101209049550937,-1.8789140203893089,-2.457666469230842,6.583441735941165e-05,-9.445992544776516e-05,-0.07461983485500845
100576,48473,2020-09-25,1,0.0010395010395010396,962,0.02702702702702703,0,-0.13715144911642357,1.8101209049550937,-1.8789140203893089,1.8314685959306327,0.49479660024780103,-0.6286086594223734,0.4202177465832033
100576,48300,2020-09-25,1,0.0010395010395010396,962,0.02702702702702703,0,-0.13715144911642357,1.8101209049550937,-1.8789140203893089,-1.5735245683422503,-0.000424047426044627,0.0005663316022808118,-0.07284237016930639
105843,671804639,2020-09-25,2,0.012275456095680815,89,0.024390243902439025,0,0.7903036969635985,0.3169919529415618,-1.1743723345496448,1.0358081655162115,-0.4958667640527272,0.7476680194383629,-0.0808520966290942
105843,1055930336,2020-09-25,2,0.012275456095680815,89,0.06896551724137931,0,0.7903036969635985,0.3169919529415618,-1.1743723345496448,0.3729909559384716,0.5190296826881259,-1.396077807428961,0.0
105843,657155370,2020-09-25,2,0.012275456095680815,89,0.028985507246376812,0,0.7903036969635985,0.3169919529415618,-1.1743723345496448,-1.9882342375517628,-0.0016571042983895001,-0.04285561599045451,-0.13231384926456435
105843,175330858,2020-09-25,2,0.012275456095680815,89,0.13333333333333333,0,0.7903036969635985,0.3169919529415618,-1.1743723345496448,-2.3958706192598633,0.0,0.0,-0.0741041934568809
105843,234895797,2020-09-25,2,0.012275456095680815,89,0.037037037037037035,0,0.7903036969635985,0.3169919529415618,-1.1743723345496448,-4.5468625129972855,0.18072728783540182,-0.29184766197283807,0.20015107839365065
105843,81903,2020-09-25,2,0.012275456095680815,89,0.15384615384615385,0,0.7903036969635985,0.3169919529415618,-1.1743723345496448,1.5609410160496588,0.7666554129104346,-1.5792848742634122,0.6931471805599452
105843,379399457,2020-09-25,2,0.012275456095680815,89,0.06896551724137931,0,0.7903036969635985,0.3169919529415618,-1.1743723345496448,-1.5970870199825897,0.050186214622158776,-0.08527591392683931,-0.1854709350150383
105843,397993501,2020-09-25,2,0.012275456095680815,89,0.038461538461538464,0,0.7903036969635985,0.3169919529415618,-1.1743723345496448,-4.091369477182261,0.25636132418151814,-0.29753516934165525,0.024746005371508062
105843,951572027,2020-09-25,1,0.011235955056179775,89,0.2,0,0.7903036969635985,0.3169919529415618,-1.1743723345496448,2.6238271369876505,0.20477283758172593,-0.6931471805599452,-0.8472978603872034
105843,1002944322,2020-09-25,1,0.011235955056179775,89,0.2,0,0.7903036969635985,0.3169919529415618,-1.1743723345496448,2.0987349199755942,0.021939946883756445,-0.04546237407675724,3.332204510175204
105843,488460090,2020-09-25,1,0.011235955056179775,89,0.2,0,0.7903036969635985,0.3169919529415618,-1.1743723345496448,2.601887190103894,0.0969531207426213,-0.27193371548364187,1.6094379124341003
105843,223077,2020-09-25,1,0.011235955056179775,89,0.2,0,0.7903036969635985,0.3169919529415618,-1.1743723345496448,2.316667880615061,0.015566640045676206,-0.03390155167568132,1.0986122886681096
105843,228275,2020-09-25,1,0.011235955056179775,89,0.2,0,0.7903036969635985,0.3169919529415618,-1.1743723345496448,2.586320550058218,-0.015566640045676206,0.06062462181643502,1.791759469228055
105843,231689,2020-09-25,1,0.011235955056179775,89,0.2,0,0.7903036969635985,0.3169919529415618,-1.1743723345496448,2.6238271369876505,0.15357962818629423,-0.6931471805599453,0.6931471805599453
105843,432195,2020-09-25,1,0.011235955056179775,89,0.04,0,0.7903036969635985,0.3169919529415618,-1.1743723345496448,2.076794973091838,0.1289253411577469,-0.30421137440299173,-0.10178269430994247
105843,468936,2020-09-25,1,0.011235955056179775,89,0.2,0,0.7903036969635985,0.3169919529415618,-1.1743723345496448,2.316667880615061,0.09254768774976396,-0.21622310846963577,0.5108256237659905
105843,468945,2020-09-25,1,0.011235955056179775,89,0.2,0,0.7903036969635985,0.3169919529415618,-1.1743723345496448,2.564380603174461,0.1033264275807011,-0.24512245803298516,0.4054651081081645
105843,468948,2020-09-25,1,0.011235955056179775,89,0.2,0,0.7903036969635985,0.3169919529415618,-1.1743723345496448,2.076794973091838,0.04829769630367853,-0.08515780834030684,2.740840023925201
105843,468964,2020-09-25,1,0.011235955056179775,89,0.16666666666666666,0,0.7903036969635985,0.3169919529415618,-1.1743723345496448,2.6238271369876505,0.07152095788910806,-0.2363887780642302,0.8472978603872034
105843,469713,2020-09-25,1,0.011235955056179775,89,0.2,0,0.7903036969635985,0.3169919529415618,-1.1743723345496448,2.076794973091838,0.020415604759222106,-0.04348511193973881,2.0149030205422647
105843,469724,2020-09-25,1,0.011235955056179775,89,0.2,0,0.7903036969635985,0.3169919529415618,-1.1743723345496448,2.2734601764477893,0.015566640045676206,-0.030771658666753687,2.1400661634962708
105843,469797,2020-09-25,1,0.011235955056179775,89,0.2,0,0.7903036969635985,0.3169919529415618,-1.1743723345496448,2.5523061790985415,-0.02764106412159606,0.1112256351102241,0.0
105843,469859,2020-09-25,1,0.011235955056179775,89,0.2,0,0.7903036969635985,0.3169919529415618,-1.1743723345496448,2.2855346005237087,0.043207704167272265,-0.09237332013101529,2.0794415416798357
105843,470007,2020-09-25,1,0.011235955056179775,89,0.2,0,0.7903036969635985,0.3169919529415618,-1.1743723345496448,2.3166678806150616,0.10896648031973388,-0.6931471805599452,1.0986122886681098
105843,470166,2020-09-25,1,0.011235955056179775,89,0.2,0,0.7903036969635985,0.3169919529415618,-1.1743723345496448,2.5486847797806647,0.04648962357783715,-0.1112256351102241,1.0414538748281612
105843,470289,2020-09-25,1,0.011235955056179775,89,0.16666666666666666,0,0.7903036969635985,0.3169919529415618,-1.1743723345496448,2.6238271369876505,0.0,-0.916290731874155,-0.2231435513142097
105843,470327,2020-09-25,1,0.011235955056179775,89,0.16666666666666666,0,0.7903036969635985,0.3169919529415618,-1.1743723345496448,1.7760090235573291,0.07087130966264255,-0.1162598061158624,2.833213344056216
105843,470438,2020-09-25,1,0.011235955056179775,89,0.2,0,0.7903036969635985,0.3169919529415618,-1.1743723345496448,2.6238271369876505,0.20806286834616117,-1.5040773967762742,1.3862943611198904
105843,470443,2020-09-25,1,0.011235955056179775,89,0.2,0,0.7903036969635985,0.3169919529415618,-1.1743723345496448,1.901620756613744,0.001524342124533895,0.0,0.8266785731844679
105843,1184775,2020-09-25,1,0.011235955056179775,89,0.08333333333333333,0,0.7903036969635985,0.3169919529415618,-1.1743723345496448,-0.6244577514554036,0.29860269627314595,-0.2865293345719726,2.6631348729909545
105843,29312087,2020-09-25,1,0.011235955056179775,89,0.14285714285714285,0,0.7903036969635985,0.3169919529415618,-1.1743723345496448,2.316667880615061,0.0,0.0,-0.07145896398214502
105843,33435778,2020-09-25,1,0.011235955056179775,89,0.2,0,0.7903036969635985,0.3169919529415618,-1.1743723345496448,2.076794973091838,0.04829769630367853,-0.08515780834030684,2.5649493574615367
105843,58901062,2020-09-25,1,0.011235955056179775,89,0.16666666666666666,0,0.7903036969635985,0.3169919529415618,-1.1743723345496448,2.2431790488807306,0.03707542475205283,-0.055569851154810834,2.2686835413183646
116373,612176483,2020-09-26,3,0.0038085076854784787,583,0.057692307692307696,0,0.663144649649397,0.3674678534267891,-1.2878542883066375,2.009820126168551,-0.036223272227758674,0.060624621816434576,-1.0891335447135662
116373,1055930336,2020-09-26,3,0.0038085076854784787,583,0.10344827586206896,0,0.663144649649397,0.3674678534267891,-1.2878542883066375,0.35524391350240575,0.32169187169627805,-0.7368846290403246,0.0
116373,56554,2020-09-26,3,0.0038085076854784787,583,0.09375,0,0.663144649649397,0.3674678534267891,-1.2878542883066375,-1.7315017754883295,2.0947407923748322,-0.2876820724517808,1.1526795099383853
116373,81903,2020-09-26,3,0.0038085076854784787,583,0.23076923076923078,0,0.663144649649397,0.3674678534267891,-1.2878542883066375,1.5609410160496588,0.7067048667701028,-1.5934695092553692,0.6931471805599452
116373,267860,2020-09-26,3,0.0038085076854784787,583,0.25,0,0.663144649649397,0.3674678534267891,-1.2878542883066375,2.6238271369876505,0.1563996545558104,-0.4274440148269396,0.5108256237659905
116373,129172,2020-09-26,3,0.0038085076854784787,583,0.0410958904109589,0,0.663144649649397,0.3674678534267891,-1.2878542883066375,-3.1200955535314656,0.049716670748536806,-0.16498776243601654,-0.16489637962330406
116373,393106372,2020-09-26,3,0.0038085076854784787,583,0.16666666666666666,0,0.663144649649397,0.3674678534267891,-1.2878542883066375,-1.4738945549965645,0.010742705759693383,-0.014786198383415439,-0.5603972618348934
116373,311477,2020-09-26,3,0.0038085076854784787,583,0.1,0,0.663144649649397,0.3674678534267891,-1.2878542883066375,-2.3768748555151378,0.41058824600232313,-0.3434107151316077,0.11580460784167101
116373,264707,2020-09-26,3,0.0038085076854784787,583,0.09090909090909091,0,0.663144649649397,0.3674678534267891,-1.2878542883066375,-3.3641641754244143,-9.809019836382049e-06,1.5736260277066094e-05,-0.1541637933602935
116373,138774,2020-09-26,3,0.0038085076854784787,583,0.13043478260869565,0,0.663144649649397,0.3674678534267891,-1.2878542883066375,-3.0389212369881826,0.011205418961625302,-0.015751521071512897,-0.14421361774634178
116373,828337656,2020-09-26,3,0.0038085076854784787,583,0.06521739130434782,0,0.663144649649397,0.3674678534267891,-1.2878542883066375,-1.9842474338136527,-0.026659161346656468,0.037220923846600584,-1.8272481580434974
116373,468388162,2020-09-26,3,0.0038085076854784787,583,0.1111111111111111,0,0.663144649649397,0.3674678534267891,-1.2878542883066375,-2.0085403379333324,0.006002536308221007,-0.005881004336909967,-0.19735405175196696
116373,657155370,2020-09-26,3,0.0038085076854784787,583,0.043478260869565216,0,0.663144649649397,0.3674678534267891,-1.2878542883066375,-1.9915095563840546,0.004609167940126335,-0.0488175918631768,-0.2136268944273656
116373,339875699,2020-09-26,3,0.0038085076854784787,583,0.05172413793103448,0,0.663144649649397,0.3674678534267891,-1.2878542883066375,-5.49645710117535,0.0,0.0,-0.24599759748392636
116373,224157523,2020-09-26,3,0.0038085076854784787,583,0.1111111111111111,0,0.663144649649397,0.3674678534267891,-1.2878542883066375,-1.4227645412139123,0.002681818803506708,-0.003592510920492842,-0.2058348530103853
116373,263678655,2020-09-26,3,0.0038085076854784787,583,0.04411764705882353,0,0.663144649649397,0.3674678534267891,-1.2878542883066375,-4.17359264705362,-0.13154425300139128,0.21081170662100135,-0.4928396167980029
116373,432195,2020-09-26,2,0.002769006645977439,583,0.08,0,0.663144649649397,0.3674678534267891,-1.2878542883066375,2.076794973091838,0.12892534115774668,-0.30421137440299173,-0.109199291964992
116373,1055898277,2020-09-26,2,0.002769006645977439,583,0.16666666666666666,0,0.663144649649397,0.3674678534267891,-1.2878542883066375,0.5580382674876828,-0.10999238430690939,0.34640735846456394,0.0
116373,397995320,2020-09-26,2,0.002769006645977439,583,0.125,0,0.663144649649397,0.3674678534267891,-1.2878542883066375,0.015920069734392063,0.0063417795335145525,-0.008078520565201863,-0.1737378131025631
116373,468412982,2020-09-26,2,0.002769006645977439,583,0.16666666666666666,0,0.663144649649397,0.3674678534267891,-1.2878542883066375,0.2351201513595477,0.008607232067819631,-0.010844413014129195,-0.42854305539070836
116373,103858369,2020-09-26,2,0.002769006645977439,583,0.09523809523809523,0,0.663144649649397,0.3674678534267891,-1.2878542883066375,-0.4818618943769641,0.01255177086650433,-0.017155108675589226,-0.14704164514815243
116373,643925275,2020-09-26,2,0.002769006645977439,583,0.2857142857142857,0,0.663144649649397,0.3674678534267891,-1.2878542883066375,2.0067983573272636,-0.06778771449649179,0.16362942378180234,-0.2623642644674913
116373,793920703,2020-09-26,2,0.002769006645977439,583,0.15384615384615385,0,0.663144649649397,0.3674678534267891,-1.2878542883066375,0.2675415413626881,0.042644679990462175,-0.06857217312147057,-0.23767165187712003
116373,215367765,2020-09-26,2,0.002754766905710302,583,0.07142857142857142,0,0.663144649649397,0.3674678534267891,-1.2878542883066375,-2.448346202392778,0.0,0.0,-0.15414257074387017
116373,48474,2020-09-26,2,0.002754766905710302,583,0.06666666666666667,0,0.663144649649397,0.3674678534267891,-1.2878542883066375,-2.457666469230842,3.2907271246607195e-05,-4.723107805837401e-05,-0.1548035009420694
116373,223845,2020-09-26,2,0.002754766905710302,583,0.2857142857142857,0,0.663144649649397,0.3674678534267891,-1.2878542883066375,2.086660495899675,0.03622327222775912,-0.06595796779179741,2.0149030205422647
202272,41597,2020-10-04,1,0.0014144271570014145,707,0.025,0,,,2.5649493574615367,1.9717485483711705,0.27608261236254794,-0.7453329337305159,0.2320212253462275
202272,49642,2020-10-04,1,0.0014144271570014145,707,0.1111111111111111,0,,,2.5649493574615367,2.3502813359862,-0.0020770629221100734,-0.08701137698962969,0.0
202272,48588,2020-10-04,1,0.0014144271570014145,707,0.14285714285714285,0,,,2.5649493574615367,2.6238271369876505,0.4000082144623902,-1.3862943611198904,-0.6931471805599453
202272,48563,2020-10-04,1,0.0014144271570014145,707,0.2,0,,,2.5649493574615367,1.8957567206235897,0.13168946669527903,-0.525010258757947,1.2192402764567243
202272,48496,2020-10-04,1,0.0014144271570014145,707,0.1,0,,,2.5649493574615367,0.19803432306578847,0.44944118223058216,-0.9637194254452659,-0.1236728297124472
202272,48473,2020-10-04,1,0.0014144271570014145,707,0.02631578947368421,0,,,2.5649493574615367,1.9923069367888742,0.3801876936249964,-1.5824092400461809,0.35417181372061446
202272,48293,2020-10-04,1,0.0014144271570014145,707,0.05,0,,,2.5649493574615367,-0.7484747773454353,-0.006035212957527514,-0.32779959353677235,-0.24949512556953124
202272,48180,2020-10-04,1,0.0014144271570014145,707,0.011363636363636364,0,,,2.5649493574615367,2.430729950009926,,1.3862943611198906,0.0
202272,48155,2020-10-04,1,0.0014144271570014145,707,0.14285714285714285,0,,,2.5649493574615367,2.4498924611162645,0.2740854510291624,-0.6931471805599454,-0.6931471805599453
202272,47978,2020-10-04,1,0.0014144271570014145,707,0.023255813953488372,0,,,2.5649493574615367,-0.3688389444247949,-0.033679230211052014,-0.2854737535565528,-0.0518672423827482
202272,47368,2020-10-04,1,0.0014144271570014145,707,0.2,0,,,2.5649493574615367,2.6238271369876505,3.4295443682821074,-5.62040086571715,0.2231435513142097
202272,47059,2020-10-04,1,0.0014144271570014145,707,0.1,0,,,2.5649493574615367,2.4702475088013562,0.3503602069367511,-1.5581446180465497,-1.3862943611198906
202272,46981,2020-10-04,1,0.0014144271570014145,707,0.16666666666666666,0,,,2.5649493574615367,1.841861779764309,-0.7819653572233414,3.7013019741124937,0.0
202272,46541,2020-10-04,1,0.0014144271570014145,707,0.05555555555555555,0,,,2.5649493574615367,2.098734919975594,-0.2476750592171748,-0.5596157879354227,0.47000362924573547
202272,46003,2020-10-04,1,0.0014144271570014145,707,0.125,0,,,2.5649493574615367,2.6238271369876505,0.44273714873860737,-1.5040773967762742,-0.4054651081081644
202272,55652,2020-10-04,1,0.0014144271570014145,707,0.25,0,,,2.5649493574615367,2.6238271369876505,,0.6931471805599453,0.0
202272,55497,2020-10-04,1,0.0014144271570014145,707,0.023809523809523808,0,,,2.5649493574615367,-0.5165146095437527,-0.046922805645259635,-0.2733990302100251,-0.15910401439770627
131550,41873,2020-10-12,2,0.0020932418192692167,949,0.1111111111111111,0,-2.4296244950037607,0.05237650169590502,-2.1623656975962176,-1.8763122904335514,-0.01637555907102306,-1.9236722280099263,0.13839936386340135
131550,41939,2020-10-12,2,0.0020932418192692167,949,0.25,0,-2.4296244950037607,0.05237650169590502,-2.1623656975962176,0.49802297858769523,0.03237401176393484,-1.9910305843357836,0.24524702981763724
131550,46541,2020-10-12,2,0.0020932418192692167,949,0.11764705882352941,0,-2.4296244950037607,0.05237650169590502,-2.1623656975962176,2.098734919975594,-0.37151258882576244,0.0,0.3184537311185349
131550,47344,2020-10-12,2,0.0020932418192692167,949,0.0625,0,-2.4296244950037607,0.05237650169590502,-2.1623656975962176,0.8795085488886085,0.002640063445463081,-1.9274253343812102,1.3862943611198906
131550,47495,2020-10-12,2,0.0020932418192692167,949,0.25,0,-2.4296244950037607,0.05237650169590502,-2.1623656975962176,1.1497069170247143,0.0,-1.9136492868370922,0.2231435513142097
131550,48300,2020-10-12,2,0.0020932418192692167,949,0.05405405405405406,0,-2.4296244950037607,0.05237650169590502,-2.1623656975962176,-1.5734194393543066,-0.00021275087682814942,-1.9447779666530272,0.24203730786385513
131550,51408,2020-10-12,2,0.0020932418192692167,949,0.3333333333333333,0,-2.4296244950037607,0.05237650169590502,-2.1623656975962176,-0.876002280124967,-0.1560032646377968,-1.6458055566049756,0.4539921490028256
131550,45120,2020-10-12,2,0.0020932418192692167,949,0.2857142857142857,0,-2.4296244950037607,0.05237650169590502,-2.1623656975962176,2.1231804317638914,-0.10255018855728526,-1.6376087894007967,0.5288441292686694
87194,146667,2021-02-22,35,0.6422979850096763,19,0.8536585365853658,1,-0.7292054997921648,1.4960209130715194,-1.3446474437841456,0.6720258173700449,0.7596989112929541,-0.9076458776293883,0.0
87194,55497,2021-02-22,35,0.6422979850096763,19,0.8536585365853658,1,-0.7292054997921648,1.4960209130715194,-1.3446474437841456,-0.223888145976777,0.6003986625208115,-0.7318012216709846,0.0
87194,52300,2021-02-22,35,0.6422979850096763,19,0.8536585365853658,1,-0.7292054997921648,1.4960209130715194,-1.3446474437841456,-0.005630411255030345,0.40709503832918903,-0.5040857352236143,0.0
87194,44050,2021-02-22,34,0.6358044785161698,19,0.8292682926829268,1,-0.7292054997921648,1.4960209130715194,-1.3446474437841456,0.4517710920422969,-0.13235974209137663,0.21239901203123246,0.0
87194,141008,2021-02-22,34,0.6358044785161698,19,0.8095238095238095,1,-0.7292054997921648,1.4960209130715194,-1.3446474437841456,0.36561192572351076,0.5373275687932735,-0.6804312962346426,0.0
87194,64144,2021-02-22,34,0.6358044785161698,19,0.8292682926829268,1,-0.7292054997921648,1.4960209130715194,-1.3446474437841456,-0.031967743567726574,0.6639689157489395,-0.7891793168977488,0.0
87194,67700,2021-02-22,34,0.6358044785161698,19,0.8095238095238095,1,-0.7292054997921648,1.4960209130715194,-1.3446474437841456,0.5527889910549976,0.08550795176867942,-0.0925770760321516,0.0
87194,142407,2021-02-22,34,0.6313089740206653,19,0.7906976744186046,1,-0.7292054997921648,1.4960209130715194,-1.3446474437841456,0.863391380643553,-0.21770072334424018,0.34523535302933794,0.0
87194,52161,2021-02-22,32,0.6198893591527745,19,0.8,1,-0.7292054997921648,1.4960209130715194,-1.3446474437841456,1.0434939196149133,1.8476181344218738,-1.5073684654712896,0.0
87194,107954,2021-02-22,32,0.6183783701417855,19,0.7619047619047619,1,-0.7292054997921648,1.4960209130715194,-1.3446474437841456,0.5580592177329612,0.5839659115199075,-0.6573321752536465,0.0
87194,44764,2021-02-22,32,0.5962774514891428,19,0.7804878048780488,1,-0.7292054997921648,1.4960209130715194,-1.3446474437841456,0.5069282669028665,0.9211409522203531,-1.0639267306802198,0.0
87194,47978,2021-02-22,34,0.5896664060623079,20,0.7906976744186046,1,-0.7292054997921648,1.4960209130715194,-1.3446474437841456,-0.10579966059679756,0.409253929620243,-0.5389965007326865,0.0
87194,41597,2021-02-22,33,0.5881854308971222,19,0.8048780487804879,1,-0.7292054997921648,1.4960209130715194,-1.3446474437841456,1.3498921746340098,0.30035223544650247,-0.39104673268389245,0.0
87194,48473,2021-02-22,32,0.5706728995688014,20,0.8,1,-0.7292054997921648,1.4960209130715194,-1.3446474437841456,1.2907552766576194,-0.13631808996847372,0.6109090823229728,0.0
87194,50942,2021-02-22,30,0.5643407520679484,19,0.7317073170731707,1,-0.7292054997921648,1.4960209130715194,-1.3446474437841456,0.6901357151735726,-0.0004618014484252253,0.0,0.0
87194,1199730922,2021-02-22,32,0.5249605237093667,21,0.14349775784753363,1,-0.7292054997921648,1.4960209130715194,-1.3446474437841456,-1.2269570848015712,0.15319708195724058,-0.18598702388946897,0.0
87194,52388,2021-02-22,31,0.5200696018233709,20,0.05201342281879195,1,-0.7292054997921648,1.4960209130715194,-1.3446474437841456,0.8484528035582726,-0.8132135378792151,0.4855078157817001,0.0
87194,44680,2021-02-22,31,0.5200696018233709,20,0.052901023890784986,1,-0.7292054997921648,1.4960209130715194,-1.3446474437841456,2.369651421996091,-0.02542720902882767,-0.2762533766281581,0.0
87194,56260,2021-02-22,31,0.5200696018233709,20,0.05227655986509275,1,-0.7292054997921648,1.4960209130715194,-1.3446474437841456,2.1582067205916062,-0.272328098481597,0.22314355131421015,0.0
87194,125855,2021-02-22,30,0.5181277435753695,20,0.7317073170731707,1,-0.7292054997921648,1.4960209130715194,-1.3446474437841456,0.8717038180560595,0.9286200689733707,-1.0053832750676097,0.0
87194,1392108845,2021-02-22,27,0.36533105135469274,29,0.19852941176470587,0,-0.7292054997921648,1.4960209130715194,-1.3446474437841456,-1.7227881241780598,0.30705246551543297,-0.4016966381675289,0.0
87194,300531239,2021-02-22,22,0.297786282908954,37,0.24175824175824176,0,-0.7292054997921648,1.4960209130715194,-1.3446474437841456,-3.2917133597614052,-0.03256386153728341,0.047504056450549115,0.0
87194,1769772275,2021-02-22,22,0.29428890890322174,37,0.20754716981132076,0,-0.7292054997921648,1.4960209130715194,-1.3446474437841456,2.3464099791927686,,1.9459101490553132,0.0
87194,425059,2021-02-22,16,0.2862085326784036,21,0.26229508196721313,1,-0.7292054997921648,1.4960209130715194,-1.3446474437841456,0.9466267773724918,0.26581950653973285,-0.3600027340314069,0.0
87194,54726,2021-02-22,18,0.2858132541325381,29,0.20689655172413793,0,-0.7292054997921648,1.4960209130715194,-1.3446474437841456,-3.5155212011416936,,8.795127912413138,0.0
87194,92118,2021-02-22,18,0.2858132541325381,29,0.20689655172413793,0,-0.7292054997921648,1.4960209130715194,-1.3446474437841456,-3.5361877037906098,7.956929024999226e-06,-1.0528809456289423e-05,0.0
87194,1392525569,2021-02-22,18,0.2858132541325381,29,0.20930232558139536,0,-0.7292054997921648,1.4960209130715194,-1.3446474437841456,1.1784327165699389,0.045846197525043264,-0.07530438306413068,0.0
87194,671804639,2021-02-22,22,0.267932792442256,37,0.23404255319148937,0,-0.7292054997921648,1.4960209130715194,-1.3446474437841456,-0.3955296445997668,-0.23570009082668544,0.7477216766226249,0.0
87194,665872424,2021-02-22,18,0.25923169549019365,37,0.28125,0,-0.7292054997921648,1.4960209130715194,-1.3446474437841456,1.647865170432498,-0.07228983293191993,0.09418721505970051,0.0
87194,1395542724,2021-02-22,20,0.2300595322991393,23,0.19607843137254902,1,-0.7292054997921648,1.4960209130715194,-1.3446474437841456,-2.4368072827249874,-3.2407212445531655,5.26926002083463,0.0
87194,263678655,2021-02-22,18,0.18107132929908748,37,0.20930232558139536,0,-0.7292054997921648,1.4960209130715194,-1.3446474437841456,-3.986314313544586,0.008430977665863537,-0.011263783276373118,0.0
87194,1392139747,2021-02-22,15,0.17924540104604783,37,0.25,0,-0.7292054997921648,1.4960209130715194,-1.3446474437841456,0.4758863169002214,0.029360263982425583,-0.04508960486317726,0.0
87194,79928,2021-02-22,8,0.16256513773654765,37,0.18181818181818182,0,-0.7292054997921648,1.4960209130715194,-1.3446474437841456,-0.7212982796338933,-0.43281492512347625,0.4688415140655584,0.0
432465,1594960231,2021-03-25,6,0.029040340046467057,45,0.20689655172413793,0,-3.455251240863641,1.0339807488247632,-0.9030936882800145,-2.6734194218784366,-1.2228697625572287,1.5851411880215558,7.374001859350161
432465,129172,2021-03-25,6,0.029040340046467057,45,0.0821917808219178,0,-3.455251240863641,1.0339807488247632,-0.9030936882800145,-0.04392461412398869,3.1525476207964207,-1.8077964681378713,0.273613829059979
432465,83062,2021-03-25,6,0.029040340046467057,45,0.20689655172413793,0,-3.455251240863641,1.0339807488247632,-0.9030936882800145,0.4278255473356628,1.8161939497494899,-1.448948577950163,0.23620320504071302
432465,1271054083,2021-03-25,6,0.029040340046467057,45,0.15789473684210525,0,-3.455251240863641,1.0339807488247632,-0.9030936882800145,-2.810865154135394,0.3781926058075298,-0.5500000738210247,0.22756180255671765
432465,657155370,2021-03-25,6,0.029040340046467057,45,0.08695652173913043,0,-3.455251240863641,1.0339807488247632,-0.9030936882800145,-2.411034409016459,0.23869397937220116,-0.4412765595459529,0.16429595952021359
432465,1392108845,2021-03-25,6,0.029040340046467057,45,0.046875,0,-3.455251240863641,1.0339807488247632,-0.9030936882800145,-2.2296981987378848,-0.5876500802184466,0.7899863934862417,-0.4137219135731076
432465,736915937,2021-03-25,6,0.029040340046467057,45,0.15789473684210525,0,-3.455251240863641,1.0339807488247632,-0.9030936882800145,-3.328306506355612,0.6795522759516333,-1.0285209577448438,0.366037710493611
432465,1199730922,2021-03-25,6,0.029040340046467057,45,0.027149321266968326,0,-3.455251240863641,1.0339807488247632,-0.9030936882800145,-0.7173936714621093,0.473500863493317,-0.5484508040718143,1.9768253675435687
432465,1392111849,2021-03-25,5,0.027758288764415776,45,0.2,0,-3.455251240863641,1.0339807488247632,-0.9030936882800145,-1.075870102796632,-1.3513948572455912,2.680237041900015,-0.3992731378602432
432465,47344,2021-03-25,5,0.027625912889465642,45,0.14705882352941177,0,-3.455251240863641,1.0339807488247632,-0.9030936882800145,0.37959588990159693,0.5525505440252065,-1.2586043690639759,0.22969481480143106
432465,748587452,2021-03-25,5,0.027011942480544136,45,0.07462686567164178,0,-3.455251240863641,1.0339807488247632,-0.9030936882800145,-4.476776720900992,1.0061081943935273,-1.1619373635494874,0.1574429872490768
432465,234895797,2021-03-25,5,0.027011942480544136,45,0.09090909090909091,0,-3.455251240863641,1.0339807488247632,-0.9030936882800145,-5.033153810362648,-0.5246734513015987,-1.8723180955108027,0.23861689305782896
432465,92118,2021-03-25,4,0.02694709822719784,45,0.05555555555555555,0,-3.455251240863641,1.0339807488247632,-0.9030936882800145,-4.061224093547584,-0.5250363897569743,-1.8717398156199891,0.2411591853124051
432465,1392525569,2021-03-25,4,0.02694709822719784,45,0.056338028169014086,0,-3.455251240863641,1.0339807488247632,-0.9030936882800145,1.6755077497243327,0.4692008851553646,-0.2731136566234902,0.17062551703076334
432465,1587928377,2021-03-25,4,0.025972441441043097,45,0.23529411764705882,0,-3.455251240863641,1.0339807488247632,-0.9030936882800145,0.043998609757759204,-2.0766641453064323,3.5640061242325283,0.6931471805599453
432465,1392501163,2021-03-25,4,0.02595820170077596,45,0.16666666666666666,0,-3.455251240863641,1.0339807488247632,-0.9030936882800145,-2.6015572078650604,1.3629366185603975,0.23925402341986057,0.16094283228577488
432465,56260,2021-03-25,4,0.025729891198492855,45,0.006745362563237774,0,-3.455251240863641,1.0339807488247632,-0.9030936882800145,-0.6000034941028013,-1.4457794386841893,-0.021053409197832273,0.6931471805599453
432465,612176483,2021-03-25,4,0.025729891198492855,45,0.07272727272727272,0,-3.455251240863641,1.0339807488247632,-0.9030936882800145,-1.0164906176373114,0.4493884620011448,-0.2915008995568691,1.0605065303870251
432465,44680,2021-03-25,4,0.025729891198492855,45,0.006825938566552901,0,-3.455251240863641,1.0339807488247632,-0.9030936882800145,2.1034216523681764,-0.4952579434065276,-0.7621400520468968,0.1625189294977747
432465,52388,2021-03-25,4,0.025729891198492855,45,0.006711409395973154,0,-3.455251240863641,1.0339807488247632,-0.9030936882800145,2.6238271369876505,1.08405662727391,-1.3862943611198904,-4.948759890378168
432465,1944045799,2021-03-25,4,0.02559751532354272,45,0.10526315789473684,0,-3.455251240863641,1.0339807488247632,-0.9030936882800145,-4.467893460507008,-0.19250820020345039,3.8646259819576567,0.0
432465,1392113492,2021-03-25,3,0.025290120827646183,45,0.23076923076923078,0,-3.455251240863641,1.0339807488247632,-0.9030936882800145,-4.707526541713397,-0.24213105745521712,0.32043114094754443,0.10228346343396488
432465,137370,2021-03-25,3,0.025290120827646183,45,0.1875,0,-3.455251240863641,1.0339807488247632,-0.9030936882800145,-2.1579477398429185,0.2829152347440229,-0.5290734633980332,0.8341465753466775
432465,1778321788,2021-03-25,3,0.024543774543774544,45,0.10344827586206896,0,-3.455251240863641,1.0339807488247632,-0.9030936882800145,-4.6043411602724404,-3.9063568454035433,-1.0116009116784799,0.0
432465,1392108685,2021-03-25,3,0.02431546404149144,45,0.07692307692307693,0,-3.455251240863641,1.0339807488247632,-0.9030936882800145,-3.1387183233853615,0.4916765512250203,-0.7801500452329613,-0.04537144945164151
432465,56847,2021-03-25,3,0.02431546404149144,45,0.1875,0,-3.455251240863641,1.0339807488247632,-0.9030936882800145,-2.9788727484975066,0.7109864511257005,-0.9540910682492392,0.564630185541013
432465,773546902,2021-03-25,3,0.02431546404149144,45,0.13636363636363635,0,-3.455251240863641,1.0339807488247632,-0.9030936882800145,-1.0401004222750159,0.1454937472856026,-1.1849041041359305,0.27533893159987066
432465,482617,2021-03-25,2,0.024250619788145144,45,0.125,0,-3.455251240863641,1.0339807488247632,-0.9030936882800145,1.4757526533765422,1.8252594488552543,-1.7757956182390418,0.2091082331978269
432465,138527572,2021-03-25,2,0.023636649379223638,45,0.06060606060606061,0,-3.455251240863641,1.0339807488247632,-0.9030936882800145,1.8848646042059134,,2.995732273553991,2.6741486494265287
432465,1392108946,2021-03-25,2,0.0232759630019904,45,0.08695652173913043,0,-3.455251240863641,1.0339807488247632,-0.9030936882800145,0.934242199137206,3.0049026290211964,-1.9680696246616094,-0.4410189257504946
432465,939834965,2021-03-25,2,0.023261723261723263,45,0.125,0,-3.455251240863641,1.0339807488247632,-0.9030936882800145,1.5307032103732452,2.451963872636074,-2.116794840658322,-0.005117437833446203
43261,1199730922,2021-03-31,10,0.20583304650380582,7,0.04504504504504504,1,1.0505619669594544,1.1582009570017315,-1.4939250253122558,-0.5597891704648869,0.42898272455478914,-0.22219605135099485,1.7694930645949842
43261,41973,2021-03-31,6,0.2037769299995876,6,0.375,1,1.0505619669594544,1.1582009570017315,-1.4939250253122558,2.324018248676911,0.3820207925327559,-0.44468582126144574,-0.06669137449867257
43261,2018450532,2021-03-31,10,0.2035897763143741,7,0.07575757575757576,1,1.0505619669594544,1.1582009570017315,-1.4939250253122558,-6.557635290442123,,16.002025098165795,0.0
43261,52388,2021-03-31,8,0.2028534945744722,7,0.013422818791946308,1,1.0505619669594544,1.1582009570017315,-1.4939250253122558,0.38523576801745385,-1.1545347416962866,4.473066345354754,-4.255612709818223
43261,44680,2021-03-31,8,0.2028534945744722,7,0.013651877133105802,1,1.0505619669594544,1.1582009570017315,-1.4939250253122558,2.3217634696901923,-0.15009377785220845,-1.0986122886681098,0.36290549368936853
43261,51573,2021-03-31,8,0.2028534945744722,7,0.013422818791946308,1,1.0505619669594544,1.1582009570017315,-1.4939250253122558,2.6238271369876505,0.03951755879143004,0.4054651081081645,-2.0794415416798357
43261,56260,2021-03-31,8,0.2028534945744722,7,0.013490725126475547,1,1.0505619669594544,1.1582009570017315,-1.4939250253122558,2.2670107575434773,1.4185579539852047,-2.883403088580071,1.0986122886681098
43261,44215,2021-03-31,6,0.18865259497546288,6,0.3333333333333333,1,1.0505619669594544,1.1582009570017315,-1.4939250253122558,1.9975820210103237,-0.4626885326248136,0.762140052046897,0.2151113796169457
43261,49371,2021-03-31,4,0.18644411978460926,6,0.23529411764705882,1,1.0505619669594544,1.1582009570017315,-1.4939250253122558,2.158089708328002,0.2153673187521441,-0.36101334553733055,0.20067069546215066
43261,43260,2021-03-31,4,0.18567304304612925,6,0.25,1,1.0505619669594544,1.1582009570017315,-1.4939250253122558,2.09932791324725,0.022510527761306243,-0.27763173659827967,0.24846135929849966
43261,45022,2021-03-31,4,0.18567304304612925,6,0.21052631578947367,1,1.0505619669594544,1.1582009570017315,-1.4939250253122558,2.2370026079521543,0.19637244674271903,-0.2513144282809061,-0.07410797215372256
43261,1392108713,2021-03-31,9,0.06297590364666296,59,0.0989010989010989,0,1.0505619669594544,1.1582009570017315,-1.4939250253122558,-1.8092001675416927,-0.16346460527332618,0.7118093223405833,-0.874380212176689
43261,300531239,2021-03-31,9,0.06297590364666296,59,0.1111111111111111,0,1.0505619669594544,1.1582009570017315,-1.4939250253122558,-1.8811133517441665,1.0655275966726803,-0.49201808314798434,0.004213553705062267
43261,998269223,2021-03-31,8,0.061151086128414786,59,0.1568627450980392,0,1.0505619669594544,1.1582009570017315,-1.4939250253122558,-1.5763816242223012,0.7217094258616845,-0.5462780227292985,0.02243338850841603
43261,1392108845,2021-03-31,9,0.06073263345723126,68,0.06870229007633588,0,1.0505619669594544,1.1582009570017315,-1.4939250253122558,-2.245471453393266,-0.42409602346904474,1.1658915942035808,-0.22128672695314755
43261,45852,2021-03-31,7,0.05999635171732934,59,0.05223880597014925,0,1.0505619669594544,1.1582009570017315,-1.4939250253122558,-0.6315725593108101,,4.990432586778736,-6.052089168924417
43261,1392139747,2021-03-31,7,0.05999635171732934,59,0.1590909090909091,0,1.0505619669594544,1.1582009570017315,-1.4939250253122558,1.1215662843540701,0.6412732493851618,-0.13392072492455487,-1.7125423639652446
43261,129172,2021-03-31,8,0.04889139660440944,59,0.10526315789473684,0,1.0505619669594544,1.1582009570017315,-1.4939250253122558,0.5070038416350912,3.0174586054199803,-4.104715976231606,0.04494571170411632
43261,397993501,2021-03-31,7,0.047837655824641265,59,0.125,0,1.0505619669594544,1.1582009570017315,-1.4939250253122558,-2.85994574961346,0.9411269696162066,-0.6107326999254781,-0.21610876337852325
43261,263678655,2021-03-31,7,0.04706657908616126,59,0.0958904109589041,0,1.0505619669594544,1.1582009570017315,-1.4939250253122558,-0.733882606070842,2.496951186063735,-3.411737663697588,-0.06507898281111402
43261,804699193,2021-03-31,7,0.04706657908616126,59,0.1590909090909091,0,1.0505619669594544,1.1582009570017315,-1.4939250253122558,-0.6944753448471223,2.97349006535112,-3.3154365708244242,-0.05221724326201738
43261,1395542724,2021-03-31,8,0.04602675110429008,71,0.08791208791208792,0,1.0505619669594544,1.1582009570017315,-1.4939250253122558,-3.8006628977398287,0.279289432752273,-0.03284201804805775,2.752501963673044
43261,2004429834,2021-03-31,8,0.04602675110429008,71,0.13114754098360656,0,1.0505619669594544,1.1582009570017315,-1.4939250253122558,-5.9782899946437835,-1.114179500733223,3.3794973223306517,0.0
43261,1769772275,2021-03-31,8,0.04602675110429008,71,0.08247422680412371,0,1.0505619669594544,1.1582009570017315,-1.4939250253122558,1.8245333081914514,-0.799293828796199,1.8718021769015913,0.0
43261,671804639,2021-03-31,7,0.04487201669320463,71,0.08139534883720931,0,1.0505619669594544,1.1582009570017315,-1.4939250253122558,-2.224818410563876,-1.7067243448267468,2.135895122966355,0.00858374369139181
43261,211383,2021-03-31,7,0.04487201669320463,71,0.11290322580645161,0,1.0505619669594544,1.1582009570017315,-1.4939250253122558,1.350302175188102,-0.5180633025080508,3.0316190328875154,0.0
43261,349798,2021-03-31,5,0.04485810389530764,59,0.125,0,1.0505619669594544,1.1582009570017315,-1.4939250253122558,2.6238271369876505,0.2625461085060281,-0.2231435513142097,0.810930216216329
43261,52300,2021-03-31,5,0.04261483370587593,68,0.10204081632653061,0,1.0505619669594544,1.1582009570017315,-1.4939250253122558,0.6210346591998335,0.4302016462691593,-0.6319927574066142,0.0941033611331914
43261,125855,2021-03-31,5,0.04261483370587593,68,0.11627906976744186,0,1.0505619669594544,1.1582009570017315,-1.4939250253122558,0.9233207461782702,0.6746436333634077,-0.5506844990341015,0.07743631604839951
43261,67700,2021-03-31,5,0.04261483370587593,68,0.10416666666666667,0,1.0505619669594544,1.1582009570017315,-1.4939250253122558,0.8667442406150501,0.2910143554733913,-0.6112300580920591,-2.66288747045202
43261,141008,2021-03-31,5,0.04261483370587593,68,0.10204081632653061,0,1.0505619669594544,1.1582009570017315,-1.4939250253122558,0.47349969297691163,0.1349059348884784,-0.2938740426997022,0.049818730345483786
43261,107954,2021-03-31,5,0.04261483370587593,68,0.10869565217391304,0,1.0505619669594544,1.1582009570017315,-1.4939250253122558,1.411392853099793,0.771639489046305,-1.3017369730918276,0.07476989506387355
43261,47978,2021-03-31,5,0.04261483370587593,68,0.10204081632653061,0,1.0505619669594544,1.1582009570017315,-1.4939250253122558,0.765562891485159,0.7416182362638614,-0.8585974156411371,0.02668519207025799
43261,665872424,2021-03-31,5,0.039800445928203206,71,0.09259259259259259,0,1.0505619669594544,1.1582009570017315,-1.4939250253122558,1.4206280985028397,-0.1941956936178899,2.158942390765202,-0.0791373205587238
43261,55497,2021-03-31,4,0.039368080459122684,68,0.08163265306122448,0,1.0505619669594544,1.1582009570017315,-1.4939250253122558,0.5750210278553428,0.4970361828892821,-0.24563383620828194,0.003503994241183861
43261,50942,2021-03-31,4,0.039368080459122684,68,0.08888888888888889,0,1.0505619669594544,1.1582009570017315,-1.4939250253122558,0.951315021925133,0.3517978774802013,-1.0608719606852626,-0.14265630040152377
96054,2130921131,2021-04-07,1,0.0010395010395010396,962,0.07692307692307693,0,-0.08550088212080723,0.6870542504818239,-0.7546884527384758,-1.0434903868044902,,6.96979066990159,0.0
96054,2129632899,2021-04-07,1,0.0010395010395010396,962,0.0625,0,-0.08550088212080723,0.6870542504818239,-0.7546884527384758,-3.1894228554503785,,9.33229248272693,0.0
96054,2123493281,2021-04-07,1,0.0010395010395010396,962,0.07692307692307693,0,-0.08550088212080723,0.6870542504818239,-0.7546884527384758,-0.986063011080805,,6.84587987526405,0.0
96054,47278,2021-04-07,1,0.0010395010395010396,962,0.1,0,-0.08550088212080723,0.6870542504818239,-0.7546884527384758,1.4109930978081486,-0.3968823568902018,1.225611979429417,-0.4700036292457357
96054,47059,2021-04-07,1,0.0010395010395010396,962,0.09090909090909091,0,-0.08550088212080723,0.6870542504818239,-0.7546884527384758,-0.5787059076875614,-0.8304214316204611,1.5481079136927178,0.08258659100927446
96054,46910,2021-04-07,1,0.0010395010395010396,962,0.2,0,-0.08550088212080723,0.6870542504818239,-0.7546884527384758,2.3166678806150616,0.7542889807189155,-2.7515353130419484,-1.796051321309596
96054,46554,2021-04-07,1,0.0010395010395010396,962,0.125,0,-0.08550088212080723,0.6870542504818239,-0.7546884527384758,2.6238271369876505,0.3071592563725889,-0.4054651081081645,0.0
96054,46541,2021-04-07,1,0.0010395010395010396,962,0.05263157894736842,0,-0.08550088212080723,0.6870542504818239,-0.7546884527384758,2.6238271369876505,0.5006467052237591,-1.252762968495368,1.0986122886681098
96054,46484,2021-04-07,1,0.0010395010395010396,962,0.14285714285714285,0,-0.08550088212080723,0.6870542504818239,-0.7546884527384758,1.919789126127301,0.05741194700179464,-1.5284688499004337,2.387042640054424
96054,46237,2021-04-07,1,0.0010395010395010396,962,0.14285714285714285,0,-0.08550088212080723,0.6870542504818239,-0.7546884527384758,-1.8180693049874683,0.5896836336676616,-1.2681237998746422,0.17627820368843317
96054,46016,2021-04-07,1,0.0010395010395010396,962,0.1111111111111111,0,-0.08550088212080723,0.6870542504818239,-0.7546884527384758,2.098734919975594,0.06597839958440677,-1.6582280766035324,0.0
96054,45852,2021-04-07,1,0.0010395010395010396,962,0.007751937984496124,0,-0.08550088212080723,0.6870542504818239,-0.7546884527384758,-0.6315725593108101,,5.680172609017068,-6.052089168924417
96054,45672,2021-04-07,1,0.0010395010395010396,962,0.1,0,-0.08550088212080723,0.6870542504818239,-0.7546884527384758,2.3166678806150616,1.7974003297374916,-2.120263536200091,0.0
96054,45120,2021-04-07,1,0.0010395010395010396,962,0.1,0,-0.08550088212080723,0.6870542504818239,-0.7546884527384758,-0.2765522563217774,-0.9279762359402098,0.03315220731690083,-0.3844116989103319
96054,45022,2021-04-07,1,0.0010395010395010396,962,0.09090909090909091,0,-0.08550088212080723,0.6870542504818239,-0.7546884527384758,1.9079100153580686,-0.2370967677257425,0.5645298027378516,-0.1139442593492177
96054,44948,2021-04-07,1,0.0010395010395010396,962,0.2,0,-0.08550088212080723,0.6870542504818239,-0.7546884527384758,-2.1244454598065277,-0.5461304453309024,0.7938169087004674,-0.1648746431902337
96054,44792,2021-04-07,1,0.0010395010395010396,962,0.09090909090909091,0,-0.08550088212080723,0.6870542504818239,-0.7546884527384758,-0.6609355843486541,-0.5553583751540361,0.45262915396317815,-2.9378382951350885
96054,44764,2021-04-07,1,0.0010395010395010396,962,0.02564102564102564,0,-0.08550088212080723,0.6870542504818239,-0.7546884527384758,1.098163950912855,0.5386789077875905,-0.9721711902686119,-0.02453318652387182
96054,44755,2021-04-07,1,0.0010395010395010396,962,0.16666666666666666,0,-0.08550088212080723,0.6870542504818239,-0.7546884527384758,1.9994729894464527,1.8603821349591692,-2.2094946699280342,-0.01776577815202174
96054,49491,2021-04-07,1,0.0010395010395010396,962,0.1111111111111111,0,-0.08550088212080723,0.6870542504818239,-0.7546884527384758,0.8351849093673749,-0.9340845038155965,1.7795641961342366,1.4552872326068422
96054,48814,2021-04-07,1,0.0010395010395010396,962,0.1111111111111111,0,-0.08550088212080723,0.6870542504818239,-0.7546884527384758,0.6670382579840403,-0.5120472201793488,0.7680484887330632,-0.33647223662121295
96054,48813,2021-04-07,1,0.0010395010395010396,962,0.125,0,-0.08550088212080723,0.6870542504818239,-0.7546884527384758,1.4107736687690426,0.13144052597660183,0.21622310846963622,0.4328640822962786
96054,48496,2021-04-07,1,0.0010395010395010396,962,0.08333333333333333,0,-0.08550088212080723,0.6870542504818239,-0.7546884527384758,0.6553841966989007,0.14358143103759002,0.47584590486996436,-0.7031975164134465
96054,48474,2021-04-07,1,0.0010395010395010396,962,0.034482758620689655,0,-0.08550088212080723,0.6870542504818239,-0.7546884527384758,2.5843095781962204,1.3961362919521327,-7.35691824235602,0.0003778040186617204
96054,48473,2021-04-07,1,0.0010395010395010396,962,0.02631578947368421,0,-0.08550088212080723,0.6870542504818239,-0.7546884527384758,1.1219823175295232,0.4779009366931727,-1.409283879344589,-3.8557520999668435
96054,48300,2021-04-07,1,0.0010395010395010396,962,0.02631578947368421,0,-0.08550088212080723,0.6870542504818239,-0.7546884527384758,1.641457120029191,0.6362422803993699,-1.8968150603523402,0.0
102398,2130921131,2021-04-08,1,0.0010395010395010396,962,0.08333333333333333,0,0.013604141443582131,0.6202564835643058,-1.2644590082585596,-1.0434903868044902,,6.96979066990159,0.0
102398,2129632899,2021-04-08,1,0.0010395010395010396,962,0.06666666666666667,0,0.013604141443582131,0.6202564835643058,-1.2644590082585596,-3.1894228554503785,,9.33229248272693,0.0
102398,2123493281,2021-04-08,1,0.0010395010395010396,962,0.08333333333333333,0,0.013604141443582131,0.6202564835643058,-1.2644590082585596,-0.986063011080805,,6.84587987526405,0.0
102398,47278,2021-04-08,1,0.0010395010395010396,962,0.125,0,0.013604141443582131,0.6202564835643058,-1.2644590082585596,1.530420639665444,-0.08426871621168286,0.12783337150988494,-0.4700036292457357
102398,47059,2021-04-08,1,0.0010395010395010396,962,0.1,0,0.013604141443582131,0.6202564835643058,-1.2644590082585596,-0.6009089408107986,-0.7850254535894663,1.2611651619210855,-0.031748698314579826
102398,46910,2021-04-08,1,0.0010395010395010396,962,0.3333333333333333,0,0.013604141443582131,0.6202564835643058,-1.2644590082585596,2.3166678806150616,0.7542889807189155,-2.7515353130419484,-1.8077598105744963
102398,46554,2021-04-08,1,0.0010395010395010396,962,0.16666666666666666,0,0.013604141443582131,0.6202564835643058,-1.2644590082585596,2.6238271369876505,0.3071592563725889,-0.4054651081081645,0.0
102398,46541,2021-04-08,1,0.0010395010395010396,962,0.05555555555555555,0,0.013604141443582131,0.6202564835643058,-1.2644590082585596,2.6238271369876505,0.5006467052237591,-1.252762968495368,1.2992829841302609
102398,46484,2021-04-08,1,0.0010395010395010396,962,0.2,0,0.013604141443582131,0.6202564835643058,-1.2644590082585596,1.914837197734591,0.0412407179778822,-1.8268507890393253,2.394531502207122
102398,46237,2021-04-08,1,0.0010395010395010396,962,0.16666666666666666,0,0.013604141443582131,0.6202564835643058,-1.2644590082585596,-1.7993896350931358,0.5734353703956299,-1.3956431717181026,0.08250738567974736
102398,46016,2021-04-08,1,0.0010395010395010396,962,0.125,0,0.013604141443582131,0.6202564835643058,-1.2644590082585596,2.098734919975594,0.06597839958440677,-1.6582280766035324,-0.008888947417246662
102398,45852,2021-04-08,1,0.0010395010395010396,962,0.0078125,0,0.013604141443582131,0.6202564835643058,-1.2644590082585596,-0.6315725593108101,,5.680172609017068,-6.052089168924417
102398,45672,2021-04-08,1,0.0010395010395010396,962,0.1111111111111111,0,0.013604141443582131,0.6202564835643058,-1.2644590082585596,2.3166678806150616,1.7974003297374916,-2.120263536200091,0.03750439545845463
102398,45120,2021-04-08,1,0.0010395010395010396,962,0.125,0,0.013604141443582131,0.6202564835643058,-1.2644590082585596,-0.2765522563217774,-0.9279762359402098,0.03315220731690083,-0.3409265869705931
102398,45022,2021-04-08,1,0.0010395010395010396,962,0.1,0,0.013604141443582131,0.6202564835643058,-1.2644590082585596,1.7885904950864715,-0.40429832338772353,0.5108256237659905,-0.14660347419187492
102398,44948,2021-04-08,1,0.0010395010395010396,962,0.3333333333333333,0,0.013604141443582131,0.6202564835643058,-1.2644590082585596,-2.1960531917850585,-0.6418936379527271,0.7371867419707794,-0.12144665340945071
102398,44792,2021-04-08,1,0.0010395010395010396,962,0.1111111111111111,0,0.013604141443582131,0.6202564835643058,-1.2644590082585596,-0.645456630519204,-0.4739133424811326,0.2157085728266912,-2.9378382951350885
102398,44764,2021-04-08,1,0.0010395010395010396,962,0.02702702702702703,0,0.013604141443582131,0.6202564835643058,-1.2644590082585596,1.098163950912855,0.5386789077875905,-0.9721711902686119,-0.009055689309807491
102398,44755,2021-04-08,1,0.0010395010395010396,962,0.25,0,0.013604141443582131,0.6202564835643058,-1.2644590082585596,1.7070546950715688,0.9566591596570511,-2.272732129844364,-0.4039062613388733
102398,49491,2021-04-08,1,0.0010395010395010396,962,0.14285714285714285,0,0.013604141443582131,0.6202564835643058,-1.2644590082585596,0.7782433237140459,-0.945442508558637,1.6000186905176088,1.488077055429833
102398,48814,2021-04-08,1,0.0010395010395010396,962,0.14285714285714285,0,0.013604141443582131,0.6202564835643058,-1.2644590082585596,0.6670382579840403,-0.5120472201793488,0.7680484887330632,-0.18232155679395468
102398,48813,2021-04-08,1,0.0010395010395010396,962,0.14285714285714285,0,0.013604141443582131,0.6202564835643058,-1.2644590082585596,1.4178986626782428,0.1337413750698564,0.09237332013101529,-0.1292117314800061
102398,48496,2021-04-08,1,0.0010395010395010396,962,0.09090909090909091,0,0.013604141443582131,0.6202564835643058,-1.2644590082585596,0.6553841966989007,0.14358143103759002,0.47584590486996436,-0.42577037426891007
102398,48474,2021-04-08,1,0.0010395010395010396,962,0.03571428571428571,0,0.013604141443582131,0.6202564835643058,-1.2644590082585596,2.5843095781962204,1.3961362919521327,-7.35691824235602,0.00037778617751982324
102398,48473,2021-04-08,1,0.0010395010395010396,962,0.027777777777777776,0,0.013604141443582131,0.6202564835643058,-1.2644590082585596,1.1219823175295232,0.4779009366931727,-1.409283879344589,-3.8557520999668435
102398,48300,2021-04-08,1,0.0010395010395010396,962,0.02702702702702703,0,0.013604141443582131,0.6202564835643058,-1.2644590082585596,1.557055774955957,0.3644905008996733,-1.9109133070182178,0.0
1392113492,1392111849,2021-07-15,3,0.025290120827646183,45,0.13043478260869565,0,-5.545785248810212,0.6186615869198961,-0.7263988243180837,-0.06304081889577393,-0.5640603118690326,0.8239520042434894,-0.26541733637118714
1392113492,432465,2021-07-15,3,0.025290120827646183,45,0.23076923076923078,0,-5.545785248810212,0.6186615869198961,-0.7263988243180837,-1.6348551406770786,0.253250114426395,-1.2473038259641491,-0.35417029165175684
1392113492,137370,2021-07-15,3,0.025290120827646183,45,0.2727272727272727,0,-5.545785248810212,0.6186615869198961,-0.7263988243180837,1.0603516436610128,0.10233793939138336,0.05384323202082353,-1.1584809920766972
1392113492,1594960231,2021-07-15,3,0.025290120827646183,45,0.10344827586206896,0,-5.545785248810212,0.6186615869198961,-0.7263988243180837,-1.0282520707359137,1.1110582286383202,-2.100329100710608,0.010617768313593956
1392113492,129172,2021-07-15,3,0.025290120827646183,45,0.041666666666666664,0,-5.545785248810212,0.6186615869198961,-0.7263988243180837,0.5083827902990611,0.525165121117628,-1.419906755347328,-0.2849982524150416
1392113492,47344,2021-07-15,3,0.025290120827646183,45,0.09375,0,-5.545785248810212,0.6186615869198961,-0.7263988243180837,0.2473878508230916,0.23286385281559793,-0.06599095421788626,-1.4711482399694997
1392113492,83062,2021-07-15,3,0.025290120827646183,45,0.10714285714285714,0,-5.545785248810212,0.6186615869198961,-0.7263988243180837,0.15927399177625987,-0.4412655078200468,-0.08817834576745831,1.2236573051084827
1392113492,1392108845,2021-07-15,3,0.025290120827646183,45,0.0234375,0,-5.545785248810212,0.6186615869198961,-0.7263988243180837,-1.6550813899944747,-0.20117811831420362,0.6077460336127682,-0.2790300478136363
1392113492,657155370,2021-07-15,3,0.025290120827646183,45,0.043478260869565216,0,-5.545785248810212,0.6186615869198961,-0.7263988243180837,-1.4972917152961673,0.45652358859434283,-0.5676121337599795,0.1555844248755367
1392113492,736915937,2021-07-15,3,0.025290120827646183,45,0.07894736842105263,0,-5.545785248810212,0.6186615869198961,-0.7263988243180837,-2.893857884077697,-0.4211281398169753,0.7521966606459696,0.11695139772734642
1392113492,1199730922,2021-07-15,3,0.025290120827646183,45,0.013574660633484163,0,-5.545785248810212,0.6186615869198961,-0.7263988243180837,-0.4704354615908195,0.301947465626379,-0.6036545747426594,0.5936376101105356
1392113492,1271054083,2021-07-15,3,0.025290120827646183,45,0.07894736842105263,0,-5.545785248810212,0.6186615869198961,-0.7263988243180837,-2.693273490692104,0.007093805657158558,0.0029796209975572197,-0.17227549145562726
1392113492,482617,2021-07-15,2,0.024250619788145144,45,0.16666666666666666,0,-5.545785248810212,0.6186615869198961,-0.7263988243180837,1.1332248721031355,0.0905175609778548,-0.6449756368865796,-0.36089678862828833
1392113492,1392525569,2021-07-15,2,0.024250619788145144,45,0.028985507246376812,0,-5.545785248810212,0.6186615869198961,-0.7263988243180837,1.9170727530658063,0.013199233106460984,-0.24583496251628034,0.7637647477738989
1392113492,1778321788,2021-07-15,2,0.023261723261723263,45,0.07692307692307693,0,-5.545785248810212,0.6186615869198961,-0.7263988243180837,-3.1189267150181053,0.5394780610161622,-0.6852287313035976,0.5596157879354227
1392113492,612176483,2021-07-15,2,0.023261723261723263,45,0.03773584905660377,0,-5.545785248810212,0.6186615869198961,-0.7263988243180837,-1.9700412888579848,-0.8558234114166217,0.6739121919023354,0.6460016958028358
1392113492,2080904040,2021-07-15,2,0.023261723261723263,45,0.024096385542168676,0,-5.545785248810212,0.6186615869198961,-0.7263988243180837,-5.94361448036478,0.023972515140631145,-0.026823390134072866,-0.1337683188398877
1392113492,44680,2021-07-15,2,0.023261723261723263,45,0.003424657534246575,0,-5.545785248810212,0.6186615869198961,-0.7263988243180837,2.6238271369876505,0.0,0.0,-2.8405393841482893
1392113492,748587452,2021-07-15,2,0.023261723261723263,45,0.030303030303030304,0,-5.545785248810212,0.6186615869198961,-0.7263988243180837,-4.686704233803341,-0.03610894637916484,0.039574827772078436,0.11082793260175094
1392113492,773546902,2021-07-15,2,0.023261723261723263,45,0.10526315789473684,0,-5.545785248810212,0.6186615869198961,-0.7263988243180837,-3.3428612401917106,-1.8152086424168663,5.3920672607893065,-0.43411882903511234
1392113492,1392108685,2021-07-15,2,0.023261723261723263,45,0.05555555555555555,0,-5.545785248810212,0.6186615869198961,-0.7263988243180837,-1.6917024103585308,0.6676567287144775,-0.6659029833748047,0.27812866978841555
1392113492,939834965,2021-07-15,2,0.023261723261723263,45,0.16666666666666666,0,-5.545785248810212,0.6186615869198961,-0.7263988243180837,2.1979652124535223,0.05797480100565755,-0.2384110234449981,-1.6732659539680732
1392113492,2142862519,2021-07-15,2,0.023261723261723263,45,0.021052631578947368,0,-5.545785248810212,0.6186615869198961,-0.7263988243180837,-4.2679254587342985,-0.4042687854460367,0.5207807353851823,-1.6613418956236021
1392113492,56847,2021-07-15,2,0.023261723261723263,45,0.16666666666666666,0,-5.545785248810212,0.6186615869198961,-0.7263988243180837,-3.194457132222772,0.7060687467138766,-0.47730139996149035,0.5354638890058521
1392113492,2005474714,2021-07-15,1,0.022222222222222223,45,0.05555555555555555,0,-5.545785248810212,0.6186615869198961,-0.7263988243180837,-0.8289246486758677,-1.3193773582077752,3.3596592086396138,2.126797119606038
1392113492,1392108946,2021-07-15,1,0.022222222222222223,45,0.05263157894736842,0,-5.545785248810212,0.6186615869198961,-0.7263988243180837,1.1256126883954167,0.8074632021757233,-1.371241392490929,-0.0698110905425553
431475,2018450532,2021-07-21,11,0.12176840407474059,12,0.08396946564885496,1,-1.0703146298925594,0.6586928503992416,-0.8046378713886426,-3.3328060301884586,-0.9565138001404656,1.7112268542515476,-1.0095446879419203
431475,184224,2021-07-21,11,0.12176840407474059,12,0.14666666666666667,1,-1.0703146298925594,0.6586928503992416,-0.8046378713886426,0.3763580761739772,0.5838159603933788,0.003498545842512968,0.0301349540069884
431475,1392108713,2021-07-21,11,0.10889516967459756,12,0.125,1,-1.0703146298925594,0.6586928503992416,-0.8046378713886426,-1.8064619036690353,0.15257503000345074,-0.30745796412318427,-0.093405185423034
431475,393106372,2021-07-21,8,0.10388701203177124,12,0.34782608695652173,1,-1.0703146298925594,0.6586928503992416,-0.8046378713886426,-0.18036156445394966,0.18802775038813632,0.17339292604965362,-0.9471036183036903
431475,1199730922,2021-07-21,10,0.10049180833005973,12,0.04484304932735426,1,-1.0703146298925594,0.6586928503992416,-0.8046378713886426,-0.37467476933845256,0.41593007069935783,-0.17770237647852127,0.05605169207710503
431475,671804639,2021-07-21,9,0.09920975704800845,12,0.10588235294117647,1,-1.0703146298925594,0.6586928503992416,-0.8046378713886426,-2.332337091455961,-0.1751008863295458,0.5900479885063596,0.05852814643613691
431475,136480,2021-07-21,11,0.04683843208594508,47,0.1375,0,-1.0703146298925594,0.6586928503992416,-0.8046378713886426,-2.161169722122386,0.023102761062596233,0.0002587656891144263,0.3465678732289703
431475,2142864304,2021-07-21,11,0.04683843208594508,47,0.1527777777777778,0,-1.0703146298925594,0.6586928503992416,-0.8046378713886426,-3.0959350118096447,-0.036185667791007514,-0.00413125658994673,-3.147852900580933
431475,2001124710,2021-07-21,10,0.04536784385065096,47,0.23255813953488372,0,-1.0703146298925594,0.6586928503992416,-0.8046378713886426,-4.574275229287548,1.6305292788400552,-1.5578070873396825,2.5505998462624504
431475,1521144100,2021-07-21,9,0.04408579256859967,47,0.21428571428571427,0,-1.0703146298925594,0.6586928503992416,-0.8046378713886426,-4.091220753740462,-0.031122989448415517,0.042142867497119596,-0.15476587257895957
431475,263678655,2021-07-21,8,0.04196265031806889,47,0.1111111111111111,0,-1.0703146298925594,0.6586928503992416,-0.8046378713886426,-0.6605656680842529,-0.4459459521218342,0.48903515629966954,-0.5604607394009866
431475,242853,2021-07-21,9,0.04053692597625482,47,0.2727272727272727,0,-1.0703146298925594,0.6586928503992416,-0.8046378713886426,-0.8532568922460607,0.6812171376995283,-0.5567825692632606,0.02239108378849508
431475,2116182225,2021-07-21,10,0.03843507074140726,47,0.18181818181818182,0,-1.0703146298925594,0.6586928503992416,-0.8046378713886426,-2.3079384638594376,0.2445698879514211,-0.20644330876610084,-0.8580424700303642
431475,102912232,2021-07-21,10,0.03843507074140726,47,0.2222222222222222,0,-1.0703146298925594,0.6586928503992416,-0.8046378713886426,-2.4848280126333964,0.33028005942769445,-0.5092198656323177,-0.16409781783750255
431475,358263,2021-07-21,10,0.03843507074140726,47,0.3125,0,-1.0703146298925594,0.6586928503992416,-0.8046378713886426,-1.6856575688900013,-0.7085402781828373,0.6813465787547699,0.4032189977462455
431475,1762279368,2021-07-21,10,0.03843507074140726,47,0.19607843137254902,0,-1.0703146298925594,0.6586928503992416,-0.8046378713886426,-2.571403724317921,1.2395045038632917,-0.7126267297264608,-0.11808199802872288
431475,1901707513,2021-07-21,10,0.03843507074140726,47,0.2127659574468085,0,-1.0703146298925594,0.6586928503992416,-0.8046378713886426,-2.356623781536339,-0.2191222607615937,0.2473196807986504,-0.8742765814776288
431475,2114973344,2021-07-21,9,0.036964482506113144,47,0.21951219512195122,0,-1.0703146298925594,0.6586928503992416,-0.8046378713886426,-0.685198413662734,1.6452833961854911,-2.229167119717701,-1.2446249658225241
431475,600923975,2021-07-21,9,0.036964482506113144,47,0.19148936170212766,0,-1.0703146298925594,0.6586928503992416,-0.8046378713886426,0.8933521902103916,0.7210849950454172,-1.5953861589784504,-1.077084548663085
431475,123526,2021-07-21,9,0.036964482506113144,47,0.13636363636363635,0,-1.0703146298925594,0.6586928503992416,-0.8046378713886426,-1.8212301558668504,0.0993979342183482,-0.16986991241974891,-0.6894537322245924
431475,462294,2021-07-21,8,0.03484134025558236,47,0.38095238095238093,0,-1.0703146298925594,0.6586928503992416,-0.8046378713886426,0.05763500900099934,-0.06393081211289489,0.27549071195829633,0.11870393083151054
431475,145190,2021-07-21,7,0.03365403365813894,47,0.12727272727272726,0,-1.0703146298925594,0.6586928503992416,-0.8046378713886426,-1.8884644517206033,-0.018620002626301035,0.4934150997715463,-0.7117419892944801
431475,138294,2021-07-21,7,0.033559288973531075,47,0.30434782608695654,0,-1.0703146298925594,0.6586928503992416,-0.8046378713886426,0.8242574826974802,0.4279263530080102,0.2816397579958183,-3.286856690196745
431475,571016844,2021-07-21,8,0.03256465182751008,47,0.2962962962962963,0,-1.0703146298925594,0.6586928503992416,-0.8046378713886426,1.716546563704028,-0.017551994624046774,1.1558642260059058,-0.942801857422487
431475,492498141,2021-07-21,6,0.032519787934030035,47,0.2727272727272727,0,-1.0703146298925594,0.6586928503992416,-0.8046378713886426,1.1648523064149499,-0.19118736111911594,0.6032608614847161,-1.462853472990159
431475,184691,2021-07-21,7,0.03236782211269302,47,0.19444444444444445,0,-1.0703146298925594,0.6586928503992416,-0.8046378713886426,-1.2693969357657515,-0.17313116204910628,0.3382992389564148,0.5527032925714508
431475,1843548408,2021-07-21,8,0.03232210158495984,47,0.25,0,-1.0703146298925594,0.6586928503992416,-0.8046378713886426,-0.9017747941238313,-0.4521630710005775,1.0248059301496095,-0.8229402510738595
431475,325515999,2021-07-21,8,0.03213356463171701,47,0.2222222222222222,0,-1.0703146298925594,0.6586928503992416,-0.8046378713886426,-0.9516051661124615,-0.06084492448622203,0.12917539625118124,-0.3987169578894374
431475,1055903707,2021-07-21,8,0.031481010616480336,47,0.3076923076923077,0,-1.0703146298925594,0.6586928503992416,-0.8046378713886426,1.6562511072582042,0.9424099720213805,-1.3791599670060162,-0.34882482899483325
431475,48300,2021-07-21,6,0.031398515532658024,47,0.13333333333333333,0,-1.0703146298925594,0.6586928503992416,-0.8046378713886426,0.9828731677659736,-0.22748468790949505,0.7338247603207613,-0.33559542814767873
431475,228447,2021-07-21,7,0.03001042238118622,47,0.3181818181818182,0,-1.0703146298925594,0.6586928503992416,-0.8046378713886426,-1.2678591066145257,0.3597825867693889,0.05352448041570401,0.15913822133829747
431475,1592771804,2021-07-21,6,0.028823115783742803,47,0.20689655172413793,0,-1.0703146298925594,0.6586928503992416,-0.8046378713886426,-2.9589433543438055,-0.14359940371513868,0.16902761117615128,-0.2148897146869988
431475,902292347,2021-07-21,6,0.02872837109913494,47,0.3,0,-1.0703146298925594,0.6586928503992416,-0.8046378713886426,-0.8108648382020185,-1.4239052701032588,1.655369446798236,-0.8144973526048958
431475,305484,2021-07-21,6,0.02872837109913494,47,0.3157894736842105,0,-1.0703146298925594,0.6586928503992416,-0.8046378713886426,0.98516586596499,0.030324280381304747,-1.0121030457588267,-0.2919104085613027
431475,734048756,2021-07-21,4,0.02566047249371098,47,0.2,0,-1.0703146298925594,0.6586928503992416,-0.8046378713886426,-0.7423037599378335,-0.36863145503982897,-1.032725661545875,1.3030565735139001
1459247515,2144797380,2021-08-01,1,0.002028397565922921,493,0.043478260869565216,0,1.5736427029635376,0.49128382959948214,0.9162907318741551,-4.0729456263902355,0.3777466824528908,-0.5437239754445606,1.5937665778310581
1459247515,41873,2021-08-01,1,0.002028397565922921,493,0.05555555555555555,0,1.5736427029635376,0.49128382959948214,0.9162907318741551,-1.3013250402708336,0.2207214153088588,-0.5249612614132158,0.2300895446362432
1459247515,43253,2021-08-01,1,0.002028397565922921,493,0.2,0,1.5736427029635376,0.49128382959948214,0.9162907318741551,2.6238271369876505,,0.6931471805599453,-0.6931471805599453
1459247515,43358,2021-08-01,1,0.002028397565922921,493,0.2,0,1.5736427029635376,0.49128382959948214,0.9162907318741551,-1.7238101217344337,-0.15667235665124268,-0.13813056625683728,1.824232508618607
1459247515,43730,2021-08-01,1,0.002028397565922921,493,0.25,0,1.5736427029635376,0.49128382959948214,0.9162907318741551,2.098734919975594,-0.5250922170120567,0.6931471805599453,0.4054651081081645
1459247515,45485,2021-08-01,1,0.002028397565922921,493,0.021739130434782608,0,1.5736427029635376,0.49128382959948214,0.9162907318741551,1.4299487399984205,-0.6241730321106129,2.7788192719904172,0.0
1459247515,47344,2021-08-01,1,0.002028397565922921,493,0.03125,0,1.5736427029635376,0.49128382959948214,0.9162907318741551,-0.051368859907594475,-0.33138956274367415,0.12610670615428266,1.2567903601653505
1459247515,2114973344,2021-08-01,1,0.002028397565922921,493,0.02631578947368421,0,1.5736427029635376,0.49128382959948214,0.9162907318741551,-0.8254908143236437,0.05817924212303516,1.0103205511515476,-0.6903672005909058
1459247515,2069724493,2021-08-01,1,0.002028397565922921,493,0.045454545454545456,0,1.5736427029635376,0.49128382959948214,0.9162907318741551,-2.1898623938489816,-0.47580428887004267,0.9108784426363226,-0.984983943894207
1459247515,2047506711,2021-08-01,1,0.002028397565922921,493,0.0625,0,1.5736427029635376,0.49128382959948214,0.9162907318741551,-1.6247845566273038,1.7090084730932507,-2.6534368286180126,3.367076449953564
1459247515,2036625307,2021-08-01,1,0.002028397565922921,493,0.0625,0,1.5736427029635376,0.49128382959948214,0.9162907318741551,-0.5214085366985549,0.5124313517607678,-0.7867038284975072,0.043301116311821986
1459247515,2024592101,2021-08-01,1,0.002028397565922921,493,0.0625,0,1.5736427029635376,0.49128382959948214,0.9162907318741551,0.8911942080639891,-0.17238542755713226,0.8072604873273663,-0.09463215621703114
1459247515,2024380837,2021-08-01,1,0.002028397565922921,493,0.047619047619047616,0,1.5736427029635376,0.49128382959948214,0.9162907318741551,1.6207500298784547,0.988559242205833,-1.2781522025001868,-0.39498270837351157
1459247515,2024371886,2021-08-01,1,0.002028397565922921,493,0.0625,0,1.5736427029635376,0.49128382959948214,0.9162907318741551,1.5666724972635508,0.5640247934066775,0.8947845266531917,-0.9415812915308095
1459247515,2024355470,2021-08-01,1,0.002028397565922921,493,0.06666666666666667,0,1.5736427029635376,0.49128382959948214,0.9162907318741551,-2.5834228199736793,-0.686337459027407,0.6924441147943394,-0.38811109341501293
1459247515,2018450532,2021-08-01,1,0.002028397565922921,493,0.007692307692307693,0,1.5736427029635376,0.49128382959948214,0.9162907318741551,-2.8087683667754484,0.5231699814078596,-0.5625709718060463,-0.9089842358538132
1459247515,2015978076,2021-08-01,1,0.002028397565922921,493,0.058823529411764705,0,1.5736427029635376,0.49128382959948214,0.9162907318741551,-0.4674725383905697,0.0767684359603863,-0.09323867650990536,-1.214165605967045
1459247515,2012763319,2021-08-01,1,0.002028397565922921,493,0.06666666666666667,0,1.5736427029635376,0.49128382959948214,0.9162907318741551,-1.118727308231554,0.9040658050606696,-1.3464869101174894,6.805230245714735
1459247515,2004496278,2021-08-01,1,0.002028397565922921,493,0.038461538461538464,0,1.5736427029635376,0.49128382959948214,0.9162907318741551,-2.3264128478180335,1.5086993130876252,-2.508976225561769,3.0109362339289145
1459247515,2004429834,2021-08-01,1,0.002028397565922921,493,0.017543859649122806,0,1.5736427029635376,0.49128382959948214,0.9162907318741551,-4.336597904303375,0.15675620630459708,-0.28374884556851576,-0.46884497766409083
1459247515,2001124710,2021-08-01,1,0.002028397565922921,493,0.024390243902439025,0,1.5736427029635376,0.49128382959948214,0.9162907318741551,-3.5209284480322913,1.4975739705615063,-2.5495242967974328,5.679708685739497
1459247515,1995112367,2021-08-01,1,0.002028397565922921,493,0.09090909090909091,0,1.5736427029635376,0.49128382959948214,0.9162907318741551,-0.7024485219343729,0.11424468601526394,-0.47140041686183753,-0.27790856062479996
1459247515,1978527800,2021-08-01,1,0.002028397565922921,493,0.038461538461538464,0,1.5736427029635376,0.49128382959948214,0.9162907318741551,-1.68081010437853,-0.03073034646668593,-0.012215801404559912,-1.2253825707713872
1459247515,138294,2021-08-01,1,0.002028397565922921,493,0.058823529411764705,0,1.5736427029635376,0.49128382959948214,0.9162907318741551,1.4827117882268936,1.1559244381686073,-0.08328234842976379,1.5413157419163923
1459247515,138291,2021-08-01,1,0.002028397565922921,493,0.05555555555555555,0,1.5736427029635376,0.49128382959948214,0.9162907318741551,-0.5630187833505443,-0.5045710218372557,0.512460947106721,-1.0986122886681091
1459247515,138284,2021-08-01,1,0.002028397565922921,493,0.07692307692307693,0,1.5736427029635376,0.49128382959948214,0.9162907318741551,2.098734919975594,0.14828786347045209,-2.691243082785829,0.4151645051968771
1459247515,138283,2021-08-01,1,0.002028397565922921,493,0.09090909090909091,0,1.5736427029635376,0.49128382959948214,0.9162907318741551,2.3612810284816224,0.02599352879449679,-1.5686159179138455,-2.133508762950112
1459247515,137370,2021-08-01,1,0.002028397565922921,493,0.1,0,1.5736427029635376,0.49128382959948214,0.9162907318741551,0.3270775605825759,-0.3451160717818775,-0.13480392726072044,-2.6510406965023545
1459247515,136480,2021-08-01,1,0.002028397565922921,493,0.01282051282051282,0,1.5736427029635376,0.49128382959948214,0.9162907318741551,-2.284164994031428,-0.2225357644287076,0.22359437407336635,0.13263203394859957
1459247515,131846,2021-08-01,1,0.002028397565922921,493,0.02631578947368421,0,1.5736427029635376,0.49128382959948214,0.9162907318741551,-0.17589667897611092,0.13415671826235184,-0.517639960185722,-0.4028230986453254
1459247515,129172,2021-08-01,1,0.002028397565922921,493,0.013888888888888888,0,1.5736427029635376,0.49128382959948214,0.9162907318741551,-0.6577144768775055,-1.0633703790358207,2.0638316831122614,-0.7745986411078754
1459247515,125505,2021-08-01,1,0.002028397565922921,493,0.07142857142857142,0,1.5736427029635376,0.49128382959948214,0.9162907318741551,2.1876762480476146,0.34066740366275994,-2.0222831278398874,-0.6678293725756554
113300,44215,2021-08-03,2,0.0042862542862542865,308,0.18181818181818182,0,0.22784219005214826,0.4490500628165226,-0.7299855919089362,2.2348027966839052,-0.2800516617143103,0.5877866649021193,0.8472978603872034
113300,43575,2021-08-03,2,0.0042862542862542865,308,0.2,0,0.22784219005214826,0.4490500628165226,-0.7299855919089362,1.6105888804787585,0.04760889778560151,-0.22957444164450003,-0.19583527596067718
113300,42945,2021-08-03,2,0.0042862542862542865,308,0.25,0,0.22784219005214826,0.4490500628165226,-0.7299855919089362,0.47658498658022397,0.39864970520643817,-0.5728119511849981,-0.41318715420207486
113300,2142864304,2021-08-03,2,0.0042862542862542865,308,0.028169014084507043,0,0.22784219005214826,0.4490500628165226,-0.7299855919089362,-3.004504078426848,0.10741210045422855,-0.24295004001927545,-0.7623765086770149
113300,56554,2021-08-03,2,0.0042862542862542865,308,0.06451612903225806,0,0.22784219005214826,0.4490500628165226,-0.7299855919089362,-0.04199772517818102,-0.355566172130831,0.49315731963267684,0.18844715022063774
113300,52300,2021-08-03,2,0.0042862542862542865,308,0.047619047619047616,0,0.22784219005214826,0.4490500628165226,-0.7299855919089362,0.475601605168327,-0.5001961796913372,0.43589179473887185,0.43303843501226424
113300,51573,2021-08-03,2,0.0042862542862542865,308,0.0033783783783783786,0,0.22784219005214826,0.4490500628165226,-0.7299855919089362,2.5843095781962204,,0.6931471805599453,0.0
113300,51530,2021-08-03,2,0.0042862542862542865,308,0.2857142857142857,0,0.22784219005214826,0.4490500628165226,-0.7299855919089362,2.6238271369876505,0.03951755879143004,0.4054651081081645,1.0986122886681098
113300,2142862519,2021-08-03,2,0.0042862542862542865,308,0.02127659574468085,0,0.22784219005214826,0.4490500628165226,-0.7299855919089362,-4.767004970472348,-0.4250061136128247,0.5201669409240068,-0.1877153180676121
113300,2116182225,2021-08-03,2,0.0042862542862542865,308,0.038461538461538464,0,0.22784219005214826,0.4490500628165226,-0.7299855919089362,-2.4084816162561777,-0.06747734752070178,-0.12655146236419768,-0.02073229713190905
113300,2080904040,2021-08-03,2,0.0042862542862542865,308,0.024390243902439025,0,0.22784219005214826,0.4490500628165226,-0.7299855919089362,-5.903520930599782,0.09035590222324519,-0.18340780696057202,0.15769301752891707
113300,2018450532,2021-08-03,2,0.0042862542862542865,308,0.015384615384615385,0,0.22784219005214826,0.4490500628165226,-0.7299855919089362,-2.4653639367175275,0.9802051394194127,-1.4905894966139002,-0.15856499081032105
113300,2004429834,2021-08-03,2,0.0042862542862542865,308,0.03508771929824561,0,0.22784219005214826,0.4490500628165226,-0.7299855919089362,-4.331920274189138,0.14122053084136876,-0.2648602682593424,-0.6224470644934144
113300,2001124710,2021-08-03,2,0.0042862542862542865,308,0.04878048780487805,0,0.22784219005214826,0.4490500628165226,-0.7299855919089362,-3.342905014163337,1.402791376621706,-2.5196294495665352,3.8344733641926627
113300,1868462368,2021-08-03,2,0.0042862542862542865,308,0.14285714285714285,0,0.22784219005214826,0.4490500628165226,-0.7299855919089362,1.0241974595668286,-1.5601121186293918,3.839452312593311,-1.2147255961021983
113300,1769772275,2021-08-03,2,0.0042862542862542865,308,0.021505376344086023,0,0.22784219005214826,0.4490500628165226,-0.7299855919089362,1.0146818646249856,1.0063896391520082,-6.456459286504339,-8.350666240520924
113300,1762279368,2021-08-03,2,0.0042862542862542865,308,0.04081632653061224,0,0.22784219005214826,0.4490500628165226,-0.7299855919089362,-2.4486648561408053,0.24311485674087185,-0.23067656256247027,-2.0440666608063225
113300,1746521229,2021-08-03,2,0.0042862542862542865,308,0.05,0,0.22784219005214826,0.4490500628165226,-0.7299855919089362,-2.5506553249944237,-0.7394578000800294,0.1462641191893539,-0.9233497778493369
113300,93910,2021-08-03,2,0.0042862542862542865,308,0.2857142857142857,0,0.22784219005214826,0.4490500628165226,-0.7299855919089362,2.6238271369876505,,0.6931471805599453,0.916290731874155
113300,93414,2021-08-03,2,0.0042862542862542865,308,0.2857142857142857,0,0.22784219005214826,0.4490500628165226,-0.7299855919089362,2.5843095781962204,0.04221195015064616,-1.0986122886681096,-0.6931471805599453
113300,67700,2021-08-03,2,0.0042862542862542865,308,0.04878048780487805,0,0.22784219005214826,0.4490500628165226,-0.7299855919089362,0.6794038469814713,-0.7344687696068383,1.6163107917218622,1.1020605679470252
113300,1482563072,2021-08-03,2,0.0042862542862542865,308,0.058823529411764705,0,0.22784219005214826,0.4490500628165226,-0.7299855919089362,-2.0085605893471676,-0.3424121110743137,0.6696660792820452,0.6660662219572746
113300,1469695839,2021-08-03,2,0.0042862542862542865,308,0.047619047619047616,0,0.22784219005214826,0.4490500628165226,-0.7299855919089362,-0.1477910568298916,0.2737984621776556,0.054155436586276195,-1.1263312853885417
113300,1395542724,2021-08-03,2,0.0042862542862542865,308,0.022988505747126436,0,0.22784219005214826,0.4490500628165226,-0.7299855919089362,-1.4472989262998899,-0.48907623846377335,0.5740181892963552,-1.0211717669480684
113300,1392321470,2021-08-03,2,0.0042862542862542865,308,0.1,0,0.22784219005214826,0.4490500628165226,-0.7299855919089362,0.9452671811816326,0.019756142938591625,0.9070527908892183,-1.243673891957111
113300,1392166028,2021-08-03,2,0.0042862542862542865,308,0.06451612903225806,0,0.22784219005214826,0.4490500628165226,-0.7299855919089362,-1.0334686122409822,-0.37745214858695164,-0.1721965417429665,0.4400990587863838
113300,1392158625,2021-08-03,2,0.0042862542862542865,308,0.08695652173913043,0,0.22784219005214826,0.4490500628165226,-0.7299855919089362,-0.45745408745100324,-0.06648286847863322,-0.36944859227830484,-0.04444020835556728
113300,1392139747,2021-08-03,2,0.0042862542862542865,308,0.05263157894736842,0,0.22784219005214826,0.4490500628165226,-0.7299855919089362,1.7260267606994297,-0.2764533323120171,-0.026145280104322488,-0.5893956757078191
113300,1392117675,2021-08-03,2,0.0042862542862542865,308,0.0625,0,0.22784219005214826,0.4490500628165226,-0.7299855919089362,-1.0566182145484677,0.6375693942180005,-0.8031274530363302,-0.6449768523292647
113300,1392111849,2021-08-03,2,0.0042862542862542865,308,0.09090909090909091,0,0.22784219005214826,0.4490500628165226,-0.7299855919089362,0.7488684826727248,0.39989849679446265,-0.6467952180302285,-0.33616364226604034
113300,129172,2021-08-03,2,0.0042862542862542865,308,0.027777777777777776,0,0.22784219005214826,0.4490500628165226,-0.7299855919089362,-0.4883131143551941,-0.7909928723845795,1.903492332348141,-0.5869817180949077
113300,125855,2021-08-03,2,0.0042862542862542865,308,0.05555555555555555,0,0.22784219005214826,0.4490500628165226,-0.7299855919089362,0.31014707995212715,-0.8814956251570694,0.8109302162163283,0.8405999117030767
113300,123526,2021-08-03,2,0.0042862542862542865,308,0.03225806451612903,0,0.22784219005214826,0.4490500628165226,-0.7299855919089362,-1.8923850236311373,-0.10511495018654937,0.1778990658972095,-0.34592588993581863
113300,107954,2021-08-03,2,0.0042862542862542865,308,0.05128205128205128,0,0.22784219005214826,0.4490500628165226,-0.7299855919089362,0.18531735948887168,-0.058494592017367786,0.8070914399091631,1.6630473630394809
127265,2142879863,2021-08-03,1,0.0010395010395010396,962,0.0625,0,0.2970775651833704,0.4734420125941981,-0.703278979490352,-1.581393438798983,-0.10390151003809711,0.09246920857173713,0.09745533615071267
127265,2142878670,2021-08-03,1,0.0010395010395010396,962,0.05555555555555555,0,0.2970775651833704,0.4734420125941981,-0.703278979490352,-1.5922656464667377,-0.11976191950808701,0.13160616474609022,-0.5851732603906017
127265,2142877002,2021-08-03,1,0.0010395010395010396,962,0.037037037037037035,0,0.2970775651833704,0.4734420125941981,-0.703278979490352,-1.6817899115159327,-0.07594284429426046,0.01602021222547023,-0.8007778447523108
127265,2142870385,2021-08-03,1,0.0010395010395010396,962,0.0625,0,0.2970775651833704,0.4734420125941981,-0.703278979490352,-1.5878698125239334,-0.11166090964760533,0.11196597785106732,0.3828965538972602
127265,2142869398,2021-08-03,1,0.0010395010395010396,962,0.05263157894736842,0,0.2970775651833704,0.4734420125941981,-0.703278979490352,-1.7338206433599952,-0.2424004759619076,0.3372556628451271,-0.7325757723128721
127265,2142869226,2021-08-03,1,0.0010395010395010396,962,0.034482758620689655,0,0.2970775651833704,0.4734420125941981,-0.703278979490352,-1.6105959543462944,-0.12089369807804551,0.043466456267481135,-0.8929411993218661
127265,2142865506,2021-08-03,1,0.0010395010395010396,962,0.045454545454545456,0,0.2970775651833704,0.4734420125941981,-0.703278979490352,-1.5552437227355704,-0.027209531583684443,-0.003941446543963778,-0.5468192264138958
127265,2142865418,2021-08-03,1,0.0010395010395010396,962,0.05263157894736842,0,0.2970775651833704,0.4734420125941981,-0.703278979490352,-1.7108815815557525,0.004214160367790987,-0.09091646721969404,-1.0195590282124094
127265,2142864862,2021-08-03,1,0.0010395010395010396,962,0.038461538461538464,0,0.2970775651833704,0.4734420125941981,-0.703278979490352,-2.028021812886519,-0.0982015830736862,-0.0137343147299962,-0.694104673010953
127265,2142864304,2021-08-03,1,0.0010395010395010396,962,0.014084507042253521,0,0.2970775651833704,0.4734420125941981,-0.703278979490352,-3.004504078426848,0.10741210045422855,-0.24295004001927545,-0.7623765086770149
127265,2142862771,2021-08-03,1,0.0010395010395010396,962,0.1,0,0.2970775651833704,0.4734420125941981,-0.703278979490352,0.09273750942073368,-0.4701470659924446,-0.005617992304222774,0.2106325524306154
127265,2142862748,2021-08-03,1,0.0010395010395010396,962,0.05555555555555555,0,0.2970775651833704,0.4734420125941981,-0.703278979490352,-1.5915935689660339,0.07768890625473501,-0.2706093667527032,-1.1240508623067953
127265,2142862519,2021-08-03,1,0.0010395010395010396,962,0.010638297872340425,0,0.2970775651833704,0.4734420125941981,-0.703278979490352,-4.767004970472348,-0.4250061136128247,0.5201669409240068,-0.1877153180676121
127265,2130921131,2021-08-03,1,0.0010395010395010396,962,0.07692307692307693,0,0.2970775651833704,0.4734420125941981,-0.703278979490352,0.36406883649576816,0.332137897130438,-0.6708414230456476,-0.10381680394404924
127265,2129632899,2021-08-03,1,0.0010395010395010396,962,0.0625,0,0.2970775651833704,0.4734420125941981,-0.703278979490352,-1.530662759621296,-0.02947367292523695,-0.01016603163982488,-0.44569579483549315
127265,2123493281,2021-08-03,1,0.0010395010395010396,962,0.07692307692307693,0,0.2970775651833704,0.4734420125941981,-0.703278979490352,-1.6272494759074019,-0.13430494453119923,0.13628605937275218,-0.1823215567939549
127265,47278,2021-08-03,1,0.0010395010395010396,962,0.1,0,0.2970775651833704,0.4734420125941981,-0.703278979490352,0.5552055447645147,-0.45648453509787557,0.5571581804069892,1.53193435127924
127265,47059,2021-08-03,1,0.0010395010395010396,962,0.09090909090909091,0,0.2970775651833704,0.4734420125941981,-0.703278979490352,1.2291232526687075,-0.5624524109342979,3.8536874284151827,-3.218312285828209
127265,46910,2021-08-03,1,0.0010395010395010396,962,0.2,0,0.2970775651833704,0.4734420125941981,-0.703278979490352,1.8606343232578633,0.3762179160274466,0.10536051565782634,0.0
127265,46554,2021-08-03,1,0.0010395010395010396,962,0.125,0,0.2970775651833704,0.4734420125941981,-0.703278979490352,2.495095679002501,,1.6094379124341003,0.6931471805599453
127265,46541,2021-08-03,1,0.0010395010395010396,962,0.05263157894736842,0,0.2970775651833704,0.4734420125941981,-0.703278979490352,2.500963434438615,-0.020477283758172593,0.47000362924573547,0.8472978603872034
127265,46237,2021-08-03,1,0.0010395010395010396,962,0.14285714285714285,0,0.2970775651833704,0.4734420125941981,-0.703278979490352,-2.439884258393751,-1.0370065369352592,1.4591610357677567,0.8373043971521774
127265,46016,2021-08-03,1,0.0010395010395010396,962,0.1111111111111111,0,0.2970775651833704,0.4734420125941981,-0.703278979490352,2.6238271369876505,0.2625461085060281,-0.916290731874155,-0.2578291093020999
127265,45672,2021-08-03,1,0.0010395010395010396,962,0.1,0,0.2970775651833704,0.4734420125941981,-0.703278979490352,0.7805926022755353,0.45179230577522683,-0.6339995080572507,-0.4054651081081645
127265,45022,2021-08-03,1,0.0010395010395010396,962,0.09090909090909091,0,0.2970775651833704,0.4734420125941981,-0.703278979490352,1.402594853140805,-0.14741002586147545,0.570087087802718,0.44183275227903973
127265,44948,2021-08-03,1,0.0010395010395010396,962,0.2,0,0.2970775651833704,0.4734420125941981,-0.703278979490352,-1.7876812873303918,0.4090654383618759,-0.5517670141433513,-0.11883400790235843
127265,44792,2021-08-03,1,0.0010395010395010396,962,0.09090909090909091,0,0.2970775651833704,0.4734420125941981,-0.703278979490352,0.9073704045579132,0.8121870241055023,-1.1701858067485533,0.047752173625747574
127265,44764,2021-08-03,1,0.0010395010395010396,962,0.02564102564102564,0,0.2970775651833704,0.4734420125941981,-0.703278979490352,-0.1210681259339903,-0.43206379153516333,-1.7084771207982916,-1.6739764335716716
127265,44755,2021-08-03,1,0.0010395010395010396,962,0.16666666666666666,0,0.2970775651833704,0.4734420125941981,-0.703278979490352,-0.6798846713474161,-0.6384613786819007,0.6344325537828199,-0.532804530484766
127265,49491,2021-08-03,1,0.0010395010395010396,962,0.1111111111111111,0,0.2970775651833704,0.4734420125941981,-0.703278979490352,0.019524190465745436,0.7246279166206185,-1.0512779407406585,0.26980840113327176
127265,48814,2021-08-03,1,0.0010395010395010396,962,0.1111111111111111,0,0.2970775651833704,0.4734420125941981,-0.703278979490352,0.8587887105115343,-0.29510700063788564,1.5155060925998969,0.6351038109100298
127265,48813,2021-08-03,1,0.0010395010395010396,962,0.125,0,0.2970775651833704,0.4734420125941981,-0.703278979490352,1.1589309284621723,-0.24578985431857991,0.5839478885949534,0.578954813034291
127265,48496,2021-08-03,1,0.0010395010395010396,962,0.08333333333333333,0,0.2970775651833704,0.4734420125941981,-0.703278979490352,2.6238271369876505,2.0541265053175954,-3.3672958299864737,-1.0986122886681098
127265,48474,2021-08-03,1,0.0010395010395010396,962,0.034482758620689655,0,0.2970775651833704,0.4734420125941981,-0.703278979490352,2.4702475088013562,,1.3862943611198906,0.2231435513142097
127265,48473,2021-08-03,1,0.0010395010395010396,962,0.02631578947368421,0,0.2970775651833704,0.4734420125941981,-0.703278979490352,0.2994489115648547,-1.0460235986792918,0.18038169197612852,-0.036039936483197366
127265,48300,2021-08-03,1,0.0010395010395010396,962,0.02631578947368421,0,0.2970775651833704,0.4734420125941981,-0.703278979490352,0.8513339772894948,-0.12310948788704279,0.46262352194811296,0.48219890233955365
98905,1769772275,2021-08-04,4,0.020706943024453993,109,0.043010752688172046,0,-0.040342138107886526,1.0053419053754993,-1.343147029963637,1.0752131231415165,1.063378638574813,-6.570522492629966,0.0
98905,2018450532,2021-08-04,4,0.020706943024453993,109,0.03076923076923077,0,-0.040342138107886526,1.0053419053754993,-1.343147029963637,-2.637244447628999,0.6955615825594594,-1.3137738160460266,0.23127338698905398
98905,51573,2021-08-04,4,0.020706943024453993,109,0.006756756756756757,0,-0.040342138107886526,1.0053419053754993,-1.343147029963637,2.5843095781962204,,0.6931471805599453,0.0
98905,44680,2021-08-04,4,0.020706943024453993,109,0.006872852233676976,0,-0.040342138107886526,1.0053419053754993,-1.343147029963637,2.6238271369876505,,0.6931471805599453,-1.9459101490553132
98905,1392108845,2021-08-04,4,0.020706943024453993,109,0.03125,0,-0.040342138107886526,1.0053419053754993,-1.343147029963637,-1.251947592693173,0.379397455816056,-0.5835355139608822,-0.6844750394897119
98905,1199730922,2021-08-04,4,0.020706943024453993,109,0.01818181818181818,0,-0.040342138107886526,1.0053419053754993,-1.343147029963637,-1.2014340646962776,-0.826759295357825,0.42363191474923667,-0.38112789205821507
98905,1417297960,2021-08-04,3,0.01746018977770075,109,0.058823529411764705,0,-0.040342138107886526,1.0053419053754993,-1.343147029963637,-3.3078241574451535,-0.8003706849682279,0.6976268541452075,-1.6728770762483816
98905,449145714,2021-08-04,3,0.01746018977770075,109,0.08333333333333333,0,-0.040342138107886526,1.0053419053754993,-1.343147029963637,-0.2405768908185795,0.08023433545827766,0.10081711847379982,-0.07541773003578545
98905,227008634,2021-08-04,2,0.01642068873819971,109,0.2857142857142857,0,-0.040342138107886526,1.0053419053754993,-1.343147029963637,2.6238271369876505,,0.6931471805599453,0.0
98905,571184990,2021-08-04,3,0.013460566212859792,109,0.06382978723404255,0,-0.040342138107886526,1.0053419053754993,-1.343147029963637,-3.157294868493729,-0.1410503523761415,0.0586884099440681,0.06968779758302013
98905,600923975,2021-08-04,3,0.013460566212859792,109,0.06666666666666667,0,-0.040342138107886526,1.0053419053754993,-1.343147029963637,0.9935168505716951,0.10016466036130356,0.1987468780161672,-0.34632747541330744
98905,471132,2021-08-04,3,0.013460566212859792,109,0.07894736842105263,0,-0.040342138107886526,1.0053419053754993,-1.343147029963637,-0.5993946040546285,-0.19710133667079105,0.5909906796232924,-0.5070937405773792
98905,393106372,2021-08-04,3,0.013460566212859792,109,0.15789473684210525,0,-0.040342138107886526,1.0053419053754993,-1.343147029963637,0.17673096082629056,0.3570925252802402,-0.5074680380711447,-0.44183275227903884
98905,129172,2021-08-04,3,0.013460566212859792,109,0.04054054054054054,0,-0.040342138107886526,1.0053419053754993,-1.343147029963637,-0.6529632986835731,-0.847355354413338,2.179095507402005,-0.36427524433500214
98905,2142862519,2021-08-04,3,0.013460566212859792,109,0.031578947368421054,0,-0.040342138107886526,1.0053419053754993,-1.343147029963637,-4.900228647053897,-0.617078521483637,0.6780986170538092,-0.29662660868286217
98905,1392525569,2021-08-04,2,0.012421065173358753,109,0.02857142857142857,0,-0.040342138107886526,1.0053419053754993,-1.343147029963637,1.99833968036809,-0.12984345514179996,0.3209077200801014,-0.2231435513142097
98905,92118,2021-08-04,2,0.012421065173358753,109,0.028169014084507043,0,-0.040342138107886526,1.0053419053754993,-1.343147029963637,2.6238271369876505,0.0,0.0,0.0
98905,1395542724,2021-08-04,3,0.01153263109784849,138,0.03409090909090909,0,-0.040342138107886526,1.0053419053754993,-1.343147029963637,-1.3222345396391977,-0.30241069582888347,0.12455477114588653,-1.0782648038660252
98905,828337656,2021-08-04,3,0.01153263109784849,138,0.06382978723404255,0,-0.040342138107886526,1.0053419053754993,-1.343147029963637,-1.2517775442189387,0.2614612310407891,-0.21339216313630516,-0.11098421772074119
98905,741870996,2021-08-04,3,0.01153263109784849,138,0.07317073170731707,0,-0.040342138107886526,1.0053419053754993,-1.343147029963637,0.9286774711547129,0.38398089839696026,-0.33489245746169427,3.01553490085017
98905,734194786,2021-08-04,3,0.01153263109784849,138,0.047619047619047616,0,-0.040342138107886526,1.0053419053754993,-1.343147029963637,-1.1309785442760376,-0.2535972367048833,0.359078791250127,-0.4113502110469369
98905,1392108797,2021-08-04,3,0.01153263109784849,138,0.08108108108108109,0,-0.040342138107886526,1.0053419053754993,-1.343147029963637,-4.76833149135113,-0.04647895859190587,-0.43372503958568664,-0.325826914820631
98905,1392108713,2021-08-04,3,0.01153263109784849,138,0.03409090909090909,0,-0.040342138107886526,1.0053419053754993,-1.343147029963637,-1.5840846879730583,0.2223772156959769,0.034056406196901534,-0.9649530118867826
98905,2004429834,2021-08-04,3,0.01153263109784849,138,0.05084745762711865,0,-0.040342138107886526,1.0053419053754993,-1.343147029963637,-4.333271409877149,0.12893677637590084,-0.2464408979957522,-0.6997205999380345
98905,671804639,2021-08-04,3,0.01153263109784849,138,0.03614457831325301,0,-0.040342138107886526,1.0053419053754993,-1.343147029963637,-2.408475657140227,-0.07613856568426591,-0.1877210591497942,0.0892670539132947
98905,123526,2021-08-04,3,0.01153263109784849,138,0.046875,0,-0.040342138107886526,1.0053419053754993,-1.343147029963637,-1.8639578692706986,-0.04272771340384818,0.08976895345010405,-0.1487887366858729
98905,2080904040,2021-08-04,3,0.01153263109784849,138,0.03571428571428571,0,-0.040342138107886526,1.0053419053754993,-1.343147029963637,-5.888631345419483,0.11576970713043266,-0.21833434418930686,0.180652615681975
98905,2116182225,2021-08-04,3,0.01153263109784849,138,0.05555555555555555,0,-0.040342138107886526,1.0053419053754993,-1.343147029963637,-2.424843519370721,-0.1169050555112836,-0.05368930102538272,-0.0039435031872514514
98905,1469695839,2021-08-04,3,0.01153263109784849,138,0.06976744186046512,0,-0.040342138107886526,1.0053419053754993,-1.343147029963637,-0.17225010317375977,0.21099094726060708,0.15471355562566824,-1.1669745437066048
87582,2146248713,2021-08-04,1,0.001053740779768177,949,0.16666666666666666,0,-0.08442103898372136,0.8746713314953678,-1.2065119508446127,0.9564209075091301,1.2821973996519802,-2.105874798747992,-1.804957869633566
87582,41873,2021-08-04,1,0.001053740779768177,949,0.05555555555555555,0,-0.08442103898372136,0.8746713314953678,-1.2065119508446127,-1.3005247448303574,0.08326798099640476,-0.4275132453299282,-0.024195358080261187
87582,41939,2021-08-04,1,0.001053740779768177,949,0.1111111111111111,0,-0.08442103898372136,0.8746713314953678,-1.2065119508446127,0.5023961553823972,-1.4124410423521938,3.044522437723423,0.47445797959511626
87582,41973,2021-08-04,1,0.001053740779768177,949,0.1,0,-0.08442103898372136,0.8746713314953678,-1.2065119508446127,2.290062666838478,0.26402187250317466,-1.1786549963416464,1.3862943611198906
87582,2142869226,2021-08-04,1,0.001053740779768177,949,0.03571428571428571,0,-0.08442103898372136,0.8746713314953678,-1.2065119508446127,-1.6343845322256827,-0.14144664621605996,0.06865302441486065,-0.8629085426803815
87582,2142865506,2021-08-04,1,0.001053740779768177,949,0.047619047619047616,0,-0.08442103898372136,0.8746713314953678,-1.2065119508446127,-1.5728545643741765,-0.0434777124171315,0.018206325971904747,-0.13941953524974515
87582,2142865418,2021-08-04,1,0.001053740779768177,949,0.05555555555555555,0,-0.08442103898372136,0.8746713314953678,-1.2065119508446127,-1.7592191718324288,-0.045606736558767125,-0.02353805042290169,-0.9889635875923535
87582,2142864862,2021-08-04,1,0.001053740779768177,949,0.04,0,-0.08442103898372136,0.8746713314953678,-1.2065119508446127,-2.0409362099962496,-0.09090702921344151,-0.018491868277966006,-0.6107083537958236
87582,2142864304,2021-08-04,1,0.001053740779768177,949,0.014084507042253521,0,-0.08442103898372136,0.8746713314953678,-1.2065119508446127,-2.9896196497031977,0.10631536210644699,-0.23867326787253518,-0.692967896969062
87582,2142862519,2021-08-04,1,0.001053740779768177,949,0.010638297872340425,0,-0.08442103898372136,0.8746713314953678,-1.2065119508446127,-4.900228647053897,-0.617078521483637,0.6780986170538092,-0.29662660868286217
87582,2137007065,2021-08-04,1,0.001053740779768177,949,0.14285714285714285,0,-0.08442103898372136,0.8746713314953678,-1.2065119508446127,0.7466526642741863,0.6487345890814078,-1.8607523407150062,-0.05833072322130306
87582,2133358244,2021-08-04,1,0.001053740779768177,949,0.1,0,-0.08442103898372136,0.8746713314953678,-1.2065119508446127,-0.021358792337655474,0.20514922000835875,0.23778986683144954,-0.06270605014172048
87582,2131077692,2021-08-04,1,0.001053740779768177,949,0.2,0,-0.08442103898372136,0.8746713314953678,-1.2065119508446127,2.6238271369876505,0.3071592563725889,-0.4054651081081645,-4.356708826689592
87582,2130872262,2021-08-04,1,0.001053740779768177,949,0.09090909090909091,0,-0.08442103898372136,0.8746713314953678,-1.2065119508446127,0.286686447768015,0.7884806032274569,-0.9312988006312448,-0.137124936778255
87582,2122514680,2021-08-04,1,0.001053740779768177,949,0.0625,0,-0.08442103898372136,0.8746713314953678,-1.2065119508446127,-1.5503754253843762,-0.06886164695237018,0.02487615003158794,-2.376272808785205
87582,2122437132,2021-08-04,1,0.001053740779768177,949,0.07692307692307693,0,-0.08442103898372136,0.8746713314953678,-1.2065119508446127,-1.521279887028277,-0.04487319486638475,0.03081908012497081,-2.3600197117798185
87582,2122397525,2021-08-04,1,0.001053740779768177,949,0.058823529411764705,0,-0.08442103898372136,0.8746713314953678,-1.2065119508446127,-1.5912009444970172,-0.009595953289363912,-0.08696398025525554,0.3872693761982875
87582,2116182225,2021-08-04,1,0.001053740779768177,949,0.019230769230769232,0,-0.08442103898372136,0.8746713314953678,-1.2065119508446127,-2.424843519370721,-0.1169050555112836,-0.05368930102538272,-0.0039435031872514514
87582,2115028561,2021-08-04,1,0.001053740779768177,949,0.09090909090909091,0,-0.08442103898372136,0.8746713314953678,-1.2065119508446127,1.3634681437298315,-0.2104210970611715,0.5871657397036536,-2.1585394350249816
87582,45120,2021-08-04,1,0.001053740779768177,949,0.1111111111111111,0,-0.08442103898372136,0.8746713314953678,-1.2065119508446127,1.7915756636030054,0.6555691596952722,-3.149882953381249,0.4321333551903255
87582,45022,2021-08-04,1,0.001053740779768177,949,0.1,0,-0.08442103898372136,0.8746713314953678,-1.2065119508446127,1.3885080250522321,-0.13970355788610145,0.556696077832088,0.5705448584676134
87582,44961,2021-08-04,1,0.001053740779768177,949,0.2,0,-0.08442103898372136,0.8746713314953678,-1.2065119508446127,2.6238271369876505,0.368530054990734,-1.3862943611198906,4.727387818712341
87582,44870,2021-08-04,1,0.001053740779768177,949,0.125,0,-0.08442103898372136,0.8746713314953678,-1.2065119508446127,1.6573899906130718,0.09681177194105439,0.17934092865581697,0.08552217343816171
87582,44842,2021-08-04,1,0.001053740779768177,949,0.125,0,-0.08442103898372136,0.8746713314953678,-1.2065119508446127,2.1698128900812437,-0.09706778017108464,1.4271163556401456,-1.5040773967762742
87582,44755,2021-08-04,1,0.001053740779768177,949,0.2,0,-0.08442103898372136,0.8746713314953678,-1.2065119508446127,-0.6865894422403765,-0.5771945848551324,0.5522984409379905,-0.5475269906164186
87582,44680,2021-08-04,1,0.001053740779768177,949,0.001718213058419244,0,-0.08442103898372136,0.8746713314953678,-1.2065119508446127,2.6238271369876505,,0.6931471805599453,-1.9459101490553132
87582,44602,2021-08-04,1,0.001053740779768177,949,0.16666666666666666,0,-0.08442103898372136,0.8746713314953678,-1.2065119508446127,2.6238271369876505,0.013172519597143495,-0.6931471805599453,0.8472978603872034
87582,44515,2021-08-04,1,0.001053740779768177,949,0.2,0,-0.08442103898372136,0.8746713314953678,-1.2065119508446127,-0.23974281214452292,0.11570283495128242,-0.25121797301196214,-0.09724254755537842
87582,44393,2021-08-04,1,0.001053740779768177,949,0.25,0,-0.08442103898372136,0.8746713314953678,-1.2065119508446127,2.6238271369876505,,1.0986122886681098,0.0
87582,44367,2021-08-04,1,0.001053740779768177,949,0.14285714285714285,0,-0.08442103898372136,0.8746713314953678,-1.2065119508446127,2.0855624003784503,-0.5185059572134851,0.2876820724517808,-0.11778303565638382
87582,44215,2021-08-04,1,0.001053740779768177,949,0.09090909090909091,0,-0.08442103898372136,0.8746713314953678,-1.2065119508446127,2.2348027966839052,-0.2800516617143103,0.5877866649021193,0.6190392084062235
87582,48496,2021-08-04,1,0.001053740779768177,949,0.09090909090909091,0,-0.08442103898372136,0.8746713314953678,-1.2065119508446127,2.6238271369876505,2.0541265053175954,-3.3672958299864737,-1.0986122886681098
998294180,56554,2021-08-12,3,0.01305733467015452,159,0.09375,0,0.636784611362682,0.879373239234472,-0.6649355446619429,-0.23765526338308432,-0.31641426609876017,0.45550817907871455,-0.4601235206460279
998294180,288704213,2021-08-12,3,0.01305733467015452,159,0.11538461538461539,0,0.636784611362682,0.879373239234472,-0.6649355446619429,0.350561187429648,-0.00986657189364415,-0.04766245048916318,-1.0976567224224416
998294180,1392109457,2021-08-12,3,0.01305733467015452,159,0.08571428571428572,0,0.636784611362682,0.879373239234472,-0.6649355446619429,-2.446502483403827,0.9345212592821057,-0.7617449654818831,0.9857086275714089
998294180,1769772275,2021-08-12,3,0.01305733467015452,159,0.03225806451612903,0,0.636784611362682,0.879373239234472,-0.6649355446619429,0.3829013388356833,-0.9004037555801352,1.8662124474228046,4.394449154672439
998294180,1394365269,2021-08-12,3,0.01305733467015452,159,0.09375,0,0.636784611362682,0.879373239234472,-0.6649355446619429,-3.487967527808769,0.2221627863497675,-0.20074551336076496,-0.46030799385920673
998294180,1417297960,2021-08-12,3,0.01305733467015452,159,0.06,0,0.636784611362682,0.879373239234472,-0.6649355446619429,-2.984731855854947,0.13431926253740123,-0.5129056093887208,-0.6381479835328978
998294180,571184990,2021-08-12,3,0.01305733467015452,159,0.06521739130434782,0,0.636784611362682,0.879373239234472,-0.6649355446619429,-3.0832618485739607,-0.2184634333576687,0.21821903497433226,-0.43118207474491754
998294180,657155370,2021-08-12,3,0.01305733467015452,159,0.043478260869565216,0,0.636784611362682,0.879373239234472,-0.6649355446619429,-1.2646110424624937,0.3489437550896666,-0.3161856131624763,-0.203174741401849
998294180,671804639,2021-08-12,3,0.01305733467015452,159,0.037037037037037035,0,0.636784611362682,0.879373239234472,-0.6649355446619429,-2.455457241106895,-0.21848081501299843,0.6864427282126293,-0.27402017569036374
998294180,728181331,2021-08-12,3,0.01305733467015452,159,0.15,0,0.636784611362682,0.879373239234472,-0.6649355446619429,-1.3278846692963777,0.0058069887778848805,0.0005242464078136777,-0.007121763458354025
998294180,734194786,2021-08-12,3,0.01305733467015452,159,0.04838709677419355,0,0.636784611362682,0.879373239234472,-0.6649355446619429,-0.9026156103572639,0.121047320122046,-0.1371237806335195,-0.10061389219891126
998294180,748587452,2021-08-12,3,0.01305733467015452,159,0.045454545454545456,0,0.636784611362682,0.879373239234472,-0.6649355446619429,-4.7800823552592036,0.0872282458709055,-0.05668317621377206,0.3188429052403734
998294180,998269223,2021-08-12,3,0.01305733467015452,159,0.06521739130434782,0,0.636784611362682,0.879373239234472,-0.6649355446619429,-1.4030040407413238,0.3113184963755866,-0.310933262160642,0.2647122958097672
998294180,379399457,2021-08-12,3,0.01305733467015452,159,0.10344827586206896,0,0.636784611362682,0.879373239234472,-0.6649355446619429,0.6285861254926791,0.8902231998591558,-2.00122701547543,-1.3014624256031926
998294180,184224,2021-08-12,3,0.01305733467015452,159,0.04054054054054054,0,0.636784611362682,0.879373239234472,-0.6649355446619429,0.6256842453519654,1.0055011326161154,-1.2560229550825763,0.08867840961959939
998294180,264707,2021-08-12,3,0.01305733467015452,159,0.09090909090909091,0,0.636784611362682,0.879373239234472,-0.6649355446619429,-1.4025650675555947,1.5017219571852272,-0.06811142585914531,-1.0328743394216202
998294180,1392108845,2021-08-12,3,0.01305733467015452,159,0.0234375,0,0.636784611362682,0.879373239234472,-0.6649355446619429,-1.4645478863581636,-0.41701035295632427,0.4312099264442395,-0.8970679118223881
998294180,47344,2021-08-12,3,0.01305733467015452,159,0.09090909090909091,0,0.636784611362682,0.879373239234472,-0.6649355446619429,0.396254446046045,0.40397794512545815,-0.5167455662769811,0.31594011437821923
998294180,2080904040,2021-08-12,3,0.01305733467015452,159,0.036585365853658534,0,0.636784611362682,0.879373239234472,-0.6649355446619429,-5.915826169279582,0.050540967609442156,-0.008213864770684864,-0.025585601747176057
998294180,2018450532,2021-08-12,3,0.01305733467015452,159,0.023076923076923078,0,0.636784611362682,0.879373239234472,-0.6649355446619429,-2.518335072524234,0.4820341615458874,-1.0828788528113762,0.6501895165787239
998294180,129172,2021-08-12,3,0.01305733467015452,159,0.0410958904109589,0,0.636784611362682,0.879373239234472,-0.6649355446619429,-0.693687715724418,-0.2562619840511592,1.6753434877832039,1.5679938339124453
998294180,136480,2021-08-12,3,0.01305733467015452,159,0.038461538461538464,0,0.636784611362682,0.879373239234472,-0.6649355446619429,-2.410238977491158,-0.16262298615765625,0.314131656183827,-2.6830681507690386
998294180,138291,2021-08-12,3,0.01305733467015452,159,0.15789473684210525,0,0.636784611362682,0.879373239234472,-0.6649355446619429,0.4327816662877354,1.1654733559743273,-0.6424216916196555,1.097031260670791
998294180,264708,2021-08-12,2,0.012003593890386344,159,0.0625,0,0.636784611362682,0.879373239234472,-0.6649355446619429,1.1775316055062452,-0.0762829452541618,-0.1970638385311574,0.04762804898925399
998294180,275241,2021-08-12,2,0.012003593890386344,159,0.2,0,0.636784611362682,0.879373239234472,-0.6649355446619429,-1.1680782617452607,-0.49299507144032706,2.8330101664341907,0.0455683836128955
998294180,237820,2021-08-12,2,0.012003593890386344,159,0.07407407407407407,0,0.636784611362682,0.879373239234472,-0.6649355446619429,-1.52714553963694,1.5050401496950103,-0.15006069457573368,-0.8364986193654431
998294180,95440340,2021-08-12,2,0.012003593890386344,159,0.125,0,0.636784611362682,0.879373239234472,-0.6649355446619429,2.0332728074595905,-0.23692381089799497,0.2744368457017603,5.359823952261124
998294180,1004157220,2021-08-12,2,0.012003593890386344,159,0.2,0,0.636784611362682,0.879373239234472,-0.6649355446619429,1.7270619875220539,0.4947312096896779,-1.8408921578057003,-2.6508917872622617
998294180,1778321788,2021-08-12,2,0.012003593890386344,159,0.07407407407407407,0,0.636784611362682,0.879373239234472,-0.6649355446619429,-0.8665866229202719,1.8800805901612072,-2.2521424127754006,6.023649348232574
998294180,998300365,2021-08-12,2,0.012003593890386344,159,0.2222222222222222,0,0.636784611362682,0.879373239234472,-0.6649355446619429,1.8092924169654088,0.4638236669515876,-0.8386071440497425,-0.8266785731844681
998294180,1059891476,2021-08-12,2,0.012003593890386344,159,0.2222222222222222,0,0.636784611362682,0.879373239234472,-0.6649355446619429,0.9265800920359459,-0.29922866914779367,-0.5442292476894863,-0.5596157879354227
998294180,1062263846,2021-08-12,2,0.012003593890386344,159,0.2222222222222222,0,0.636784611362682,0.879373239234472,-0.6649355446619429,2.00505597948434,0.9038414427087147,-2.4191978535022383,1.5040773967762742
998294180,1062263890,2021-08-12,2,0.012003593890386344,159,0.2222222222222222,0,0.636784611362682,0.879373239234472,-0.6649355446619429,1.3224171816922383,0.17782828830135355,0.534437071682353,0.5596157879354227
998294180,1062263904,2021-08-12,2,0.012003593890386344,159,0.2222222222222222,0,0.636784611362682,0.879373239234472,-0.6649355446619429,1.3558846424877133,0.20342278956282134,-1.9153734251952317,0.2876820724517808
998294180,568228234,2021-08-12,2,0.012003593890386344,159,0.03278688524590164,0,0.636784611362682,0.879373239234472,-0.6649355446619429,2.254527024923733,0.6840016293237132,-1.0296194171811588,4.543294782270004
83323,44680,2021-08-30,1,0.015151515151515152,66,0.001718213058419244,0,0.23945071807894514,-1.4092257790291376,-0.7223338016464771,2.4702475088013562,,1.3862943611198906,0.6931471805599453
83323,45045,2021-08-30,1,0.015151515151515152,66,0.125,0,0.23945071807894514,-1.4092257790291376,-0.7223338016464771,1.0621064683703172,-0.11985600968919519,0.17589066646366414,-0.2664939921878231
83323,53709,2021-08-30,1,0.015151515151515152,66,0.125,0,0.23945071807894514,-1.4092257790291376,-0.7223338016464771,1.4559425384129172,-0.6427923815626766,3.1135153092103742,-0.5108256237659905
83323,57320,2021-08-30,1,0.015151515151515152,66,0.08333333333333333,0,0.23945071807894514,-1.4092257790291376,-0.7223338016464771,1.2036125973169156,0.1695762996750072,-0.2076393647782444,0.1304704780828434
83323,57363,2021-08-30,1,0.015151515151515152,66,1.0,0,0.23945071807894514,-1.4092257790291376,-0.7223338016464771,2.4702475088013562,-0.1338208487905792,0.2876820724517808,0.0
83323,59750,2021-08-30,1,0.015151515151515152,66,0.09090909090909091,0,0.23945071807894514,-1.4092257790291376,-0.7223338016464771,0.7150261907254114,-0.22580651482028535,0.006586192852856776,-2.0730381046446293
83323,83062,2021-08-30,1,0.015151515151515152,66,0.03571428571428571,0,0.23945071807894514,-1.4092257790291376,-0.7223338016464771,0.8155706416440011,-0.1486104947988558,0.06802971225044185,0.9689709643741082
83323,98009,2021-08-30,1,0.015151515151515152,66,0.16666666666666666,0,0.23945071807894514,-1.4092257790291376,-0.7223338016464771,2.6238271369876505,0.0,0.0,0.4054651081081644
83323,99955,2021-08-30,1,0.015151515151515152,66,0.1111111111111111,0,0.23945071807894514,-1.4092257790291376,-0.7223338016464771,-1.386611057895328,0.2433813438331296,-0.3278206686427758,0.4985094259158629
83323,129172,2021-08-30,1,0.015151515151515152,66,0.013888888888888888,0,0.23945071807894514,-1.4092257790291376,-0.7223338016464771,-0.732540095663084,-0.04712582527568543,-0.7696553730499858,-1.1762613327051588
83323,136480,2021-08-30,1,0.015151515151515152,66,0.01282051282051282,0,0.23945071807894514,-1.4092257790291376,-0.7223338016464771,-2.5879536283670608,-0.2091406266317648,0.26495665352995346,1.0496407295711911
83323,184691,2021-08-30,1,0.015151515151515152,66,0.03333333333333333,0,0.23945071807894514,-1.4092257790291376,-0.7223338016464771,-1.0262234933310859,0.5204124291288021,-1.016379586342655,-0.3461722217395842
83323,294723,2021-08-30,1,0.015151515151515152,66,0.047619047619047616,0,0.23945071807894514,-1.4092257790291376,-0.7223338016464771,-0.036837926941111855,-0.01989691204643584,-0.1763174306829134,-0.5188867620298749
83323,300531239,2021-08-30,1,0.015151515151515152,66,0.01282051282051282,0,0.23945071807894514,-1.4092257790291376,-0.7223338016464771,-0.2623893260814232,1.4003528136793766,-2.3454759226146358,2.488711346831664
1392196069,311477,2021-08-31,2,0.0020932418192692167,949,0.06666666666666667,0,1.8083956970080508,-0.10874411820157937,-0.19319122903085884,-0.9377575511188417,-0.3635041250150649,0.6120178898610291,0.36532699781877387
1392196069,41873,2021-08-31,2,0.0020932418192692167,949,0.1111111111111111,0,1.8083956970080508,-0.10874411820157937,-0.19319122903085884,-1.2804951243427083,-0.727267135798406,1.0181635971400933,-0.35784844449596953
1392196069,2142865418,2021-08-31,2,0.0020932418192692167,949,0.1111111111111111,0,1.8083956970080508,-0.10874411820157937,-0.19319122903085884,-1.738026156466697,-0.0022533405555187347,-0.022719519724452297,1.3403322255552546
1392196069,2142865506,2021-08-31,2,0.0020932418192692167,949,0.09523809523809523,0,1.8083956970080508,-0.10874411820157937,-0.19319122903085884,-1.630039754578627,-0.007560618545789044,0.004680804281596451,3.0268469265647004
1392196069,2142869226,2021-08-31,2,0.0020932418192692167,949,0.07142857142857142,0,1.8083956970080508,-0.10874411820157937,-0.19319122903085884,-1.6648287138245892,-0.06362413080152152,0.08273416751389462,1.3267172739518527
1392196069,2142877002,2021-08-31,2,0.0020932418192692167,949,0.08,0,1.8083956970080508,-0.10874411820157937,-0.19319122903085884,-1.601421518832782,0.048088822435977896,-0.08684384754593744,1.9682598037623933
1392196069,2142878670,2021-08-31,2,0.0020932418192692167,949,0.11764705882352941,0,1.8083956970080508,-0.10874411820157937,-0.19319122903085884,-1.646619841924984,-0.026718387362428375,0.028924183583610485,3.094131442389326
1392196069,2142882263,2021-08-31,2,0.0020932418192692167,949,0.5,0,1.8083956970080508,-0.10874411820157937,-0.19319122903085884,-0.24215537461699901,-0.10813351060263654,0.1318033811352617,0.007695634388241501
1392196069,2142890311,2021-08-31,2,0.0020932418192692167,949,0.06896551724137931,0,1.8083956970080508,-0.10874411820157937,-0.19319122903085884,-1.6271408439873514,0.13855819691815263,-0.31447894275878774,2.1007349583054644
1392196069,2143088024,2021-08-31,2,0.0020932418192692167,949,0.11764705882352941,0,1.8083956970080508,-0.10874411820157937,-0.19319122903085884,1.341620770608633,0.4307365388114033,-1.1156702715726858,-0.5940410986869713
1392196069,2143241071,2021-08-31,2,0.0020932418192692167,949,0.05555555555555555,0,1.8083956970080508,-0.10874411820157937,-0.19319122903085884,-2.8386130001927454,0.8585953843403717,-1.257058899786859,2.0486913525004002
1392196069,311820,2021-08-31,2,0.0020932418192692167,949,1.0,0,1.8083956970080508,-0.10874411820157937,-0.19319122903085884,1.7292020844826461,-0.2027806877095102,0.9808292530117262,-1.4271163556401456
1392196069,2143689183,2021-08-31,2,0.0020932418192692167,949,0.06060606060606061,0,1.8083956970080508,-0.10874411820157937,-0.19319122903085884,-4.856758086573679,0.34926797358580064,-0.47892840067566667,0.3531195270417484
1392196069,2143791302,2021-08-31,2,0.0020932418192692167,949,0.16666666666666666,0,1.8083956970080508,-0.10874411820157937,-0.19319122903085884,-0.03485092592134243,0.7609641363876107,-0.9414111519576833,0.3176132316022464
1392196069,2144216834,2021-08-31,2,0.0020932418192692167,949,0.1111111111111111,0,1.8083956970080508,-0.10874411820157937,-0.19319122903085884,-1.3659332843320238,-0.523083444605656,-0.56479714667742,0.6902859482789125
1392196069,45120,2021-08-31,2,0.0020932418192692167,949,0.2857142857142857,0,1.8083956970080508,-0.10874411820157937,-0.19319122903085884,1.7496298845531175,-0.45807151574221017,2.4361164856185678,1.9227877316344584
1392196069,431475,2021-08-31,2,0.0020932418192692167,949,0.10526315789473684,0,1.8083956970080508,-0.10874411820157937,-0.19319122903085884,-1.393601173433167,-1.6056705572408223,1.220296137295346,0.8005894108261096
1392196069,183801,2021-08-31,2,0.0020932418192692167,949,0.5,0,1.8083956970080508,-0.10874411820157937,-0.19319122903085884,0.7696171727309186,-0.11520588261579279,0.1171689736168231,0.31312873811294484
1392196069,184224,2021-08-31,2,0.0020932418192692167,949,0.02702702702702703,0,1.8083956970080508,-0.10874411820157937,-0.19319122903085884,1.2540829424408078,0.40521870593614995,0.26452876747706355,0.7177351085126924
1392196069,184281,2021-08-31,2,0.0020932418192692167,949,0.09523809523809523,0,1.8083956970080508,-0.10874411820157937,-0.19319122903085884,2.4058817798087815,1.4884430120572558,-3.044522437723423,0.31197476502082466
1392196069,46541,2021-08-31,2,0.0020932418192692167,949,0.11764705882352941,0,1.8083956970080508,-0.10874411820157937,-0.19319122903085884,2.5009634344386145,0.1496640098254871,-0.7537718023763804,-1.504077396776274
1392196069,184691,2021-08-31,2,0.0020932418192692167,949,0.06666666666666667,0,1.8083956970080508,-0.10874411820157937,-0.19319122903085884,-1.0035544987477056,0.48644940242298973,-0.9897413867737619,-0.3816908149770448
1392196069,47344,2021-08-31,2,0.0020932418192692167,949,0.0625,0,1.8083956970080508,-0.10874411820157937,-0.19319122903085884,0.04175324420784638,-0.31821861614619135,0.5562879978427482,0.14827867235003556
1392196069,47495,2021-08-31,2,0.0020932418192692167,949,0.25,0,1.8083956970080508,-0.10874411820157937,-0.19319122903085884,1.3939870057463095,-0.25773434735608935,0.21936282847430366,1.9221996692829046
1392196069,471132,2021-08-31,2,0.0020932418192692167,949,0.05405405405405406,0,1.8083956970080508,-0.10874411820157937,-0.19319122903085884,-0.11165726844906462,0.0737573955728881,-0.2558376482959366,0.16998020233255495
1392196069,47695,2021-08-31,2,0.0020932418192692167,949,0.4,0,1.8083956970080508,-0.10874411820157937,-0.19319122903085884,0.9185462771386257,-0.40566496194911594,0.724191802241906,1.763588592261359
1392196069,393106372,2021-08-31,2,0.0020932418192692167,949,0.1111111111111111,0,1.8083956970080508,-0.10874411820157937,-0.19319122903085884,0.3918809257318425,-1.548120263098598,2.9375503181712554,0.9987401795782569
1392196069,48300,2021-08-31,2,0.0020932418192692167,949,0.05405405405405406,0,1.8083956970080508,-0.10874411820157937,-0.19319122903085884,1.2411151018751365,0.03126689582930031,-0.35844016946330104,0.4295626596872246
1392196069,432465,2021-08-31,2,0.0020932418192692167,949,0.15384615384615385,0,1.8083956970080508,-0.10874411820157937,-0.19319122903085884,0.4244870092020996,0.7351138573376328,-1.0420315422233486,0.9070025814060507
1392196069,432481,2021-08-31,2,0.0020932418192692167,949,0.16666666666666666,0,1.8083956970080508,-0.10874411820157937,-0.19319122903085884,0.8440506624239605,0.503276435188944,-1.8001725207623362,-0.22006188477680144
2074287762,211383,2021-09-26,2,0.008137254901960784,150,0.03508771929824561,0,0.8014751112548929,1.0317663826493617,-3.6962054942060094,1.354492216502659,0.06006657884483735,0.34830669426821625,-0.8503327640823581
2074287762,2116182225,2021-09-26,2,0.008137254901960784,150,0.038461538461538464,0,0.8014751112548929,1.0317663826493617,-3.6962054942060094,-2.031483290781543,-0.14846952975023453,0.2568663055433955,-0.36118942293960465
2074287762,2142862519,2021-09-26,2,0.008137254901960784,150,0.02127659574468085,0,0.8014751112548929,1.0317663826493617,-3.6962054942060094,-4.859466826942453,0.05561171268800891,-0.019129283812048925,0.2952013010043899
2074287762,83062,2021-09-26,2,0.008137254901960784,150,0.07142857142857142,0,0.8014751112548929,1.0317663826493617,-3.6962054942060094,1.2820682367038156,0.26580017346211227,-0.17670356448973212,-1.831705167504123
2074287762,264708,2021-09-26,2,0.008137254901960784,150,0.06666666666666667,0,0.8014751112548929,1.0317663826493617,-3.6962054942060094,1.7561718556778922,0.388377276817367,-0.6310153994529388,-0.23031204079282297
2074287762,136480,2021-09-26,2,0.008137254901960784,150,0.02564102564102564,0,0.8014751112548929,1.0317663826493617,-3.6962054942060094,-2.198933066201188,0.4297209022787811,-0.6128583744615064,0.15895100381984228
2074287762,265155,2021-09-26,2,0.008137254901960784,150,0.06666666666666667,0,0.8014751112548929,1.0317663826493617,-3.6962054942060094,1.6264403253858455,0.08179064877099296,-0.1424203400417685,-0.26112279937942606
2074287762,358263,2021-09-26,2,0.008137254901960784,150,0.06896551724137931,0,0.8014751112548929,1.0317663826493617,-3.6962054942060094,-0.11097997897469125,1.0954160557912167,-2.0752281322693884,-0.7385672337598077
2074287762,264707,2021-09-26,2,0.008137254901960784,150,0.0625,0,0.8014751112548929,1.0317663826493617,-3.6962054942060094,1.670228308078541,0.3181074267502406,-0.6791609385852055,-0.08338160893905133
2074287762,288704213,2021-09-26,2,0.008137254901960784,150,0.07692307692307693,0,0.8014751112548929,1.0317663826493617,-3.6962054942060094,0.3390372197817615,0.2146756241361449,-0.5779899013167231,-0.057359196894533504
2074287762,468388162,2021-09-26,2,0.008137254901960784,150,0.07407407407407407,0,0.8014751112548929,1.0317663826493617,-3.6962054942060094,-1.1631407222948094,0.1140709284750745,-0.06836662899413781,0.19776984149353005
2074287762,571016844,2021-09-26,2,0.008137254901960784,150,0.08695652173913043,0,0.8014751112548929,1.0317663826493617,-3.6962054942060094,1.5245574150810677,-0.062311777882393615,-0.11607217125275415,0.6617474266919654
2074287762,671804639,2021-09-26,2,0.008137254901960784,150,0.024691358024691357,0,0.8014751112548929,1.0317663826493617,-3.6962054942060094,-2.500795539140334,0.14139805148348827,-0.24882673737310235,-0.5733677990878228
2074287762,748587452,2021-09-26,2,0.008137254901960784,150,0.03125,0,0.8014751112548929,1.0317663826493617,-3.6962054942060094,-4.357922844988949,-0.06559320267114366,-0.15512134295928526,0.265803329513
2074287762,878445230,2021-09-26,2,0.008137254901960784,150,0.08695652173913043,0,0.8014751112548929,1.0317663826493617,-3.6962054942060094,-0.07441924934892273,0.08522592800386451,-0.4411831907102437,-0.3381755243775846
2074287762,1130915637,2021-09-26,2,0.008137254901960784,150,0.08,0,0.8014751112548929,1.0317663826493617,-3.6962054942060094,-1.0126795404730102,0.2989840799988086,-0.20565459929337493,-0.36295529572628205
2074287762,1199730922,2021-09-26,2,0.008137254901960784,150,0.00909090909090909,0,0.8014751112548929,1.0317663826493617,-3.6962054942060094,-1.0285044856622927,1.0085017495955688,-2.056687327460592,0.9214720906161533
2074287762,1392108713,2021-09-26,2,0.008137254901960784,150,0.022988505747126436,0,0.8014751112548929,1.0317663826493617,-3.6962054942060094,-1.0282011493796515,0.030697589623298382,0.08126740471413108,0.19913155811373429
2074287762,1392108797,2021-09-26,2,0.008137254901960784,150,0.05714285714285714,0,0.8014751112548929,1.0317663826493617,-3.6962054942060094,-4.981317079904699,-0.33865780761564857,0.3042202801802283,-0.04194936828158191
2074287762,1392108845,2021-09-26,2,0.008137254901960784,150,0.015625,0,0.8014751112548929,1.0317663826493617,-3.6962054942060094,-1.1295835983841531,-0.1930085120884787,0.15127711463152593,-0.9304778150652773
2074287762,1392134357,2021-09-26,2,0.008137254901960784,150,0.08,0,0.8014751112548929,1.0317663826493617,-3.6962054942060094,-0.5030193270059081,0.5788482077399223,-0.5035353237105333,-0.5844234568957685
2074287762,1395542724,2021-09-26,2,0.008137254901960784,150,0.022988505747126436,0,0.8014751112548929,1.0317663826493617,-3.6962054942060094,-2.5613111334268472,-1.3741850959903392,0.9445136623518735,0.562289094492737
2074287762,2142864304,2021-09-26,2,0.008137254901960784,150,0.028169014084507043,0,0.8014751112548929,1.0317663826493617,-3.6962054942060094,-2.048296123081765,0.0528050110699243,-0.08836566304433369,-0.23571396562680214
53726,2080904040,2021-09-30,2,0.02668052668052668,39,0.024390243902439025,0,-0.7887403071064245,-0.7069404016388732,-0.19174669725353777,-5.465738039526678,0.16299009100631867,-0.21499560807450457,-0.10981052240763312
53726,1392108797,2021-09-30,2,0.02668052668052668,39,0.05714285714285714,0,-0.7887403071064245,-0.7069404016388732,-0.19174669725353777,-4.971779606037773,-0.22142415991095188,0.08119192859208901,-0.32659322768886767
53726,129172,2021-09-30,2,0.02668052668052668,39,0.027777777777777776,0,-0.7887403071064245,-0.7069404016388732,-0.19174669725353777,-0.35083648975818804,0.06389784160705408,0.08667671616524864,2.0638316831122614
53726,136480,2021-09-30,2,0.02668052668052668,39,0.02564102564102564,0,-0.7887403071064245,-0.7069404016388732,-0.19174669725353777,-2.2583858900015326,0.29877734290008773,-0.4621700004098326,0.22359437407336635
53726,1395542724,2021-09-30,2,0.02668052668052668,39,0.022988505747126436,0,-0.7887403071064245,-0.7069404016388732,-0.19174669725353777,-2.2518983056662263,-0.4263347895867644,0.13876374250797596,0.6444738319972103
53726,184224,2021-09-30,2,0.02668052668052668,39,0.02702702702702703,0,-0.7887403071064245,-0.7069404016388732,-0.19174669725353777,-0.3384447398829046,-0.5178201321317241,0.6984198443640803,0.43198809310252795
53726,1482563072,2021-09-30,2,0.02668052668052668,39,0.058823529411764705,0,-0.7887403071064245,-0.7069404016388732,-0.19174669725353777,-1.5924983976249723,0.6533711190265683,-0.8764191501919161,0.04014899541772898
53726,1592771804,2021-09-30,2,0.02668052668052668,39,0.09090909090909091,0,-0.7887403071064245,-0.7069404016388732,-0.19174669725353777,-2.580329551710934,-0.19111897922059873,0.3706597352494665,-0.19167758900265497
53726,2018450532,2021-09-30,2,0.02668052668052668,39,0.015384615384615385,0,-0.7887403071064245,-0.7069404016388732,-0.19174669725353777,-2.948491496018803,-0.5952964427954983,1.43819398083496,-0.5625709718060463
53726,1055930336,2021-09-30,2,0.02668052668052668,39,0.07142857142857142,0,-0.7887403071064245,-0.7069404016388732,-0.19174669725353777,-0.9216028215413196,0.09062488041804262,-0.6020316386499438,-8.076204527239026
53726,263678655,2021-09-30,2,0.02668052668052668,39,0.029411764705882353,0,-0.7887403071064245,-0.7069404016388732,-0.19174669725353777,-0.9774033786122861,-0.703425075324549,2.452082764119056,-0.8425692331551957
53726,449145714,2021-09-30,2,0.02668052668052668,39,0.0625,0,-0.7887403071064245,-0.7069404016388732,-0.19174669725353777,-0.4236452184077448,0.04022143540126,-0.052643733485422395,-0.4969934960689324
53726,468388162,2021-09-30,2,0.02668052668052668,39,0.07407407407407407,0,-0.7887403071064245,-0.7069404016388732,-0.19174669725353777,-1.0168256127195459,0.24632894743277833,-0.09598522834907186,0.12390684844518951
53726,571184990,2021-09-30,2,0.02668052668052668,39,0.044444444444444446,0,-0.7887403071064245,-0.7069404016388732,-0.19174669725353777,-3.330736909657822,-0.4629822724677921,0.6825926113883174,-0.2775171315640179
53726,607934623,2021-09-30,2,0.02668052668052668,39,0.08333333333333333,0,-0.7887403071064245,-0.7069404016388732,-0.19174669725353777,-2.0521104573233537,,8.802823159741887,0.0
53726,935065722,2021-09-30,2,0.02668052668052668,39,0.07407407407407407,0,-0.7887403071064245,-0.7069404016388732,-0.19174669725353777,-0.60387181901996,-0.23478054450565528,0.18865737524304116,-1.2709192245320473
53726,1199730922,2021-09-30,2,0.02668052668052668,39,0.00909090909090909,0,-0.7887403071064245,-0.7069404016388732,-0.19174669725353777,-0.46602353903868693,1.5282013759248836,-2.52934138195104,0.35701491705322397
53726,1392108713,2021-09-30,2,0.02668052668052668,39,0.022988505747126436,0,-0.7887403071064245,-0.7069404016388732,-0.19174669725353777,-1.3571590440091799,-0.44582576765441306,0.34690746292435115,0.14837505065195344
53726,45045,2021-09-30,1,0.02564102564102564,39,0.1111111111111111,0,-0.7887403071064245,-0.7069404016388732,-0.19174669725353777,1.1899240715335189,-0.8171714123590268,0.4187103348581851,1.8562979903656263
53726,2124106158,2021-09-30,1,0.02564102564102564,39,0.1111111111111111,0,-0.7887403071064245,-0.7069404016388732,-0.19174669725353777,-2.0380052864348457,,6.810142450115136,0.0
53726,2144797380,2021-09-30,1,0.02564102564102564,39,0.041666666666666664,0,-0.7887403071064245,-0.7069404016388732,-0.19174669725353777,-3.027947762861895,0.1438551628409961,-0.12621361472764292,-0.5437239754445606
53726,41597,2021-09-30,1,0.0010395010395010396,962,0.02564102564102564,0,-0.7887403071064245,-0.7069404016388732,-0.19174669725353777,1.790535986420786,0.4205886709902462,-1.5955488002734328,4.820281565605037
53726,41873,2021-09-30,1,0.0010395010395010396,962,0.05263157894736842,0,-0.7887403071064245,-0.7069404016388732,-0.19174669725353777,-1.1035984207718008,0.006375005512188725,0.04355362676012575,-0.5249612614132158
129172,263678655,2021-10-25,41,0.8247211463657232,8,0.44565217391304346,1,-1.0666629317726763,0.15377159854692346,-0.6884491316324173,-0.3117118148208356,0.4542594585596677,-0.6525219727937657,0.39243843670815526
129172,1199730922,2021-10-25,48,0.8117492814537985,12,0.20168067226890757,1,-1.0666629317726763,0.15377159854692346,-0.6884491316324173,-2.005883040109323,-1.0492311440617512,0.8919168921709915,1.3586673752383494
129172,1769772275,2021-10-25,42,0.7665746516882704,4,0.3620689655172414,1,-1.0666629317726763,0.15377159854692346,-0.6884491316324173,1.4969567277581752,2.943946934685811,-7.991437620968917,0.6390176753371097
129172,804699193,2021-10-25,28,0.6785980348662852,6,0.3684210526315789,1,-1.0666629317726763,0.15377159854692346,-0.6884491316324173,0.3854635945118296,0.05552233620306951,-0.3557934983109261,1.0882088186465886
129172,2018450532,2021-10-25,46,0.620655143167878,19,0.3087248322147651,1,-1.0666629317726763,0.15377159854692346,-0.6884491316324173,-3.8695217214211266,-0.5603382692299315,1.1756359384801147,0.2406451063247541
129172,45852,2021-10-25,38,0.5871610530060312,20,0.24203821656050956,1,-1.0666629317726763,0.15377159854692346,-0.6884491316324173,-2.739141368189167,,7.763021309018518,0.0
129172,2142862519,2021-10-25,35,0.5556204801625475,12,0.28225806451612906,1,-1.0666629317726763,0.15377159854692346,-0.6884491316324173,-5.315462785111522,-0.12550413794249948,0.1531723815099877,-0.18455402004466848
129172,300531239,2021-10-25,31,0.4476644146691379,20,0.2767857142857143,1,-1.0666629317726763,0.15377159854692346,-0.6884491316324173,-0.8426608621745443,-0.11261169940948368,-0.21534176782208903,-2.1241293574424187
129172,671804639,2021-10-25,36,0.44531719552511084,20,0.32727272727272727,1,-1.0666629317726763,0.15377159854692346,-0.6884491316324173,-2.3278488126167445,0.09212583964497245,-0.14010593962657225,0.20109763031363492
129172,1392108845,2021-10-25,41,0.43839706790863486,23,0.26973684210526316,1,-1.0666629317726763,0.15377159854692346,-0.6884491316324173,-1.0708621431946055,0.003740244504193191,0.39125556988859245,-0.5256080780871191
129172,1395542724,2021-10-25,36,0.41367721102330335,20,0.3103448275862069,1,-1.0666629317726763,0.15377159854692346,-0.6884491316324173,-2.104127211327491,-0.4603056822180973,0.44586091869316213,1.6732079819637686
129172,136480,2021-10-25,37,0.4007169982264994,19,0.3490566037735849,1,-1.0666629317726763,0.15377159854692346,-0.6884491316324173,-2.8033771443101165,-0.5299005216287176,0.8005101003358366,0.06276552173119576
129172,2080904040,2021-10-25,38,0.3699838255931094,20,0.3486238532110092,1,-1.0666629317726763,0.15377159854692346,-0.6884491316324173,-5.428759199562463,-0.07530469465219713,0.1064502701095229,-0.327488112651233
129172,1392139747,2021-10-25,22,0.34504977889948824,20,0.25882352941176473,1,-1.0666629317726763,0.15377159854692346,-0.6884491316324173,1.4826709741648294,-0.10821342978141701,0.2865131652467996,1.4136933353080048
129172,1392108685,2021-10-25,19,0.3372215014790627,12,0.2345679012345679,1,-1.0666629317726763,0.15377159854692346,-0.6884491316324173,-1.6535822163011442,-0.11096299591232639,0.31660698124188436,-0.373598311558057
129172,665872424,2021-10-25,20,0.3284448834864008,20,0.21505376344086022,1,-1.0666629317726763,0.15377159854692346,-0.6884491316324173,1.2361208117301854,0.4181912374658724,-3.0317588689067048,0.015267472130788384
129172,1392108713,2021-10-25,35,0.31431373568861876,21,0.2966101694915254,1,-1.0666629317726763,0.15377159854692346,-0.6884491316324173,-0.4915643814893122,0.9908626205960323,-0.8075176915764111,-0.12544297353113798
129172,184224,2021-10-25,29,0.31033366574229054,20,0.26126126126126126,1,-1.0666629317726763,0.15377159854692346,-0.6884491316324173,0.37699716024980656,0.6419524288216885,-0.618779737724954,-0.4950772667978516
129172,211383,2021-10-25,29,0.2935916402659899,21,0.30851063829787234,1,-1.0666629317726763,0.15377159854692346,-0.6884491316324173,1.5218652740589207,0.1976581957965935,-0.37512439105549245,0.0
129172,748587452,2021-10-25,28,0.29134865361108114,20,0.27450980392156865,1,-1.0666629317726763,0.15377159854692346,-0.6884491316324173,-4.30754092788253,0.00033542267598107856,-0.01561689363885499,-0.14970895921054073
129172,612176483,2021-10-25,25,0.283461478431436,19,0.26881720430107525,1,-1.0666629317726763,0.15377159854692346,-0.6884491316324173,-3.037058096920948,-0.286589323530277,0.011432762465988233,-0.7006574570987603
129172,432195,2021-10-25,8,0.28076089023168616,4,0.0975609756097561,1,-1.0666629317726763,0.15377159854692346,-0.6884491316324173,1.8931086209516237,0.15703311436549283,-2.063937355143871,8.162516250140179
129172,425059,2021-10-25,14,0.27965718701519854,20,0.14736842105263157,1,-1.0666629317726763,0.15377159854692346,-0.6884491316324173,0.866488415675585,0.18975021253582658,-0.6686561605516497,-1.1848726329525165
129172,734194786,2021-10-25,28,0.2749364467635552,32,0.28,0,-1.0666629317726763,0.15377159854692346,-0.6884491316324173,-0.685303256423392,0.051612796802846694,-0.07899334244314904,-0.1625028003354423
129172,123526,2021-10-25,28,0.26474344443273695,19,0.2828282828282828,1,-1.0666629317726763,0.15377159854692346,-0.6884491316324173,-1.8825127473592675,-0.018071241511007807,0.013841386346134854,0.10524850449732526
129172,2142864304,2021-10-25,32,0.25705289718187974,29,0.3076923076923077,0,-1.0666629317726763,0.15377159854692346,-0.6884491316324173,-1.7898499380169768,0.029165871178542968,-0.022216524179762942,-0.11669424435325837
129172,397993501,2021-10-25,29,0.25566750133358274,25,0.3333333333333333,1,-1.0666629317726763,0.15377159854692346,-0.6884491316324173,-2.2312414962703477,0.3768990257062401,-0.867753031429082,1.5840610802878317
129172,833397230,2021-10-25,3,0.25299731714826057,4,0.039473684210526314,1,-1.0666629317726763,0.15377159854692346,-0.6884491316324173,0.5925747420382553,1.479776990921525,-0.7531651902861984,1.8304739814087458
129172,1482563072,2021-10-25,20,0.23261456273214476,21,0.24390243902439024,1,-1.0666629317726763,0.15377159854692346,-0.6884491316324173,1.2186968177532294,-0.30640449099459444,-0.41284521540578734,-0.5618036424482771
129172,1392108946,2021-10-25,11,0.23250476594372874,12,0.1506849315068493,1,-1.0666629317726763,0.15377159854692346,-0.6884491316324173,0.6671267723759073,-0.3410010684818461,0.35781389622586346,-0.39431672062555023
129172,145190,2021-10-25,21,0.23224948398572962,19,0.22580645161290322,1,-1.0666629317726763,0.15377159854692346,-0.6884491316324173,-1.899732734656105,-0.05322615437258493,0.05870104806888499,-0.18360357991333665
129172,1392525569,2021-10-25,25,0.22883827233854526,33,0.22727272727272727,0,-1.0666629317726763,0.15377159854692346,-0.6884491316324173,1.8706098778980953,-0.10747996513246094,0.28768207245178035,0.03509131981126945
387599,2018450532,2021-11-17,1,0.0011547344110854503,866,0.007692307692307693,0,1.2157097264828018,0.7018028631529887,-0.29953898157553116,-3.525163898154441,-0.05654505983330527,0.4791120378978455,1.7344956641689304
387599,2004611455,2021-11-17,1,0.0011547344110854503,866,0.5,0,1.2157097264828018,0.7018028631529887,-0.29953898157553116,-3.350529518130112,-0.1711588507126769,0.22601018756968827,-0.017803749554275328
387599,2004429834,2021-11-17,1,0.0011547344110854503,866,0.017543859649122806,0,1.2157097264828018,0.7018028631529887,-0.29953898157553116,-3.822152153206267,0.04679026381218687,-0.05649251719335169,-0.11265132497173092
387599,2001124710,2021-11-17,1,0.0011547344110854503,866,0.024390243902439025,0,1.2157097264828018,0.7018028631529887,-0.29953898157553116,-2.193151521717607,-0.15252844409969013,0.2501380374025288,-0.05174253986691646
387599,1928009076,2021-11-17,1,0.0011547344110854503,866,0.25,0,1.2157097264828018,0.7018028631529887,-0.29953898157553116,1.7615772562174759,-0.04082166492024397,-0.7758388964050584,1.4284058464700173
387599,1901707513,2021-11-17,1,0.0011547344110854503,866,0.022222222222222223,0,1.2157097264828018,0.7018028631529887,-0.29953898157553116,-2.0785052038666803,-0.16070634850026488,0.22535949766502483,0.08964800676554674
387599,1886278751,2021-11-17,1,0.0011547344110854503,866,1.0,0,1.2157097264828018,0.7018028631529887,-0.29953898157553116,1.4060825997526398,0.9318292769249917,-2.094330154173587,-2.9283432516490144
387599,1843548408,2021-11-17,1,0.0011547344110854503,866,0.03571428571428571,0,1.2157097264828018,0.7018028631529887,-0.29953898157553116,-0.8441237031612818,0.21030107762900085,-0.5936857377197668,-0.3030185521389228
387599,1803340140,2021-11-17,1,0.0011547344110854503,866,1.0,0,1.2157097264828018,0.7018028631529887,-0.29953898157553116,1.8247765517189538,0.09588221652863882,-0.2992428948528567,0.4324209180966925
387599,50838,2021-11-17,1,0.0011547344110854503,866,0.5,0,1.2157097264828018,0.7018028631529887,-0.29953898157553116,0.7967443038437417,-0.25180618210773964,2.2512917986064953,-0.3123746850421525
387599,49758,2021-11-17,1,0.0011547344110854503,866,0.1111111111111111,0,1.2157097264828018,0.7018028631529887,-0.29953898157553116,0.9183656782591025,-1.665943899937118,2.251291798606495,1.9459101490553132
387599,48527,2021-11-17,1,0.0011547344110854503,866,0.3333333333333333,0,1.2157097264828018,0.7018028631529887,-0.29953898157553116,0.010296187267480928,,4.143134726391533,5.981414211254481
387599,48293,2021-11-17,1,0.0011547344110854503,866,0.05,0,1.2157097264828018,0.7018028631529887,-0.29953898157553116,0.6604342906957091,0.08190565108774639,0.02327942177804765,-0.13534134786976182
387599,48176,2021-11-17,1,0.0011547344110854503,866,0.5,0,1.2157097264828018,0.7018028631529887,-0.29953898157553116,2.6238271369876505,0.0,-0.4054651081081645,0.4054651081081645
387599,47881,2021-11-17,1,0.0011547344110854503,866,0.5,0,1.2157097264828018,0.7018028631529887,-0.29953898157553116,2.597482097793364,,1.3862943611198906,-0.6931471805599453
387599,47880,2021-11-17,1,0.0011547344110854503,866,0.5,0,1.2157097264828018,0.7018028631529887,-0.29953898157553116,0.8766783441736221,-1.1375356072705354,1.3633048428951917,-0.03509131981127034
387599,47701,2021-11-17,1,0.0011547344110854503,866,1.0,0,1.2157097264828018,0.7018028631529887,-0.29953898157553116,1.432330774317263,-0.585989489926432,1.076139432816051,-0.2384110234449981
387599,47439,2021-11-17,1,0.0011547344110854503,866,1.0,0,1.2157097264828018,0.7018028631529887,-0.29953898157553116,0.916272999075519,-1.0979409523686385,1.3633048428951917,0.2513144282809061
387599,47368,2021-11-17,1,0.0011547344110854503,866,0.3333333333333333,0,1.2157097264828018,0.7018028631529887,-0.29953898157553116,1.8303610598305087,0.5638776132395598,1.0704414117014132,-2.234822990893227
387599,47328,2021-11-17,1,0.0011547344110854503,866,0.5,0,1.2157097264828018,0.7018028631529887,-0.29953898157553116,-2.064041488338409,-1.4824973936014967,-0.13353139262452252,0.35667494393873267
387599,47217,2021-11-17,1,0.0011547344110854503,866,0.5,0,1.2157097264828018,0.7018028631529887,-0.29953898157553116,0.9194163695534844,-1.04719003305354,0.6690496289808849,0.0
387599,47059,2021-11-17,1,0.0011547344110854503,866,0.125,0,1.2157097264828018,0.7018028631529887,-0.29953898157553116,2.0624065615993152,-0.03632835837627901,0.8472978603872039,0.2231435513142097
387599,60817,2021-11-17,1,0.0011547344110854503,866,1.0,0,1.2157097264828018,0.7018028631529887,-0.29953898157553116,2.6238271369876505,0.5382647366092002,-0.6931471805599453,0.5108256237659905
387599,58198,2021-11-17,1,0.0011547344110854503,866,0.25,0,1.2157097264828018,0.7018028631529887,-0.29953898157553116,1.7986892601841655,-0.11659398440013446,-0.9162907318741551,4.844187086458591
387599,57320,2021-11-17,1,0.0011547344110854503,866,0.08333333333333333,0,1.2157097264828018,0.7018028631529887,-0.29953898157553116,0.8795085488886085,-1.0473201203446882,0.719122666963206,0.16430305129127643
387599,56847,2021-11-17,1,0.0011547344110854503,866,0.09090909090909091,0,1.2157097264828018,0.7018028631529887,-0.29953898157553116,-3.70349447448253,0.16927697470798453,-0.4243372367705156,0.4438419696813245
387599,56647,2021-11-17,1,0.0011547344110854503,866,0.3333333333333333,0,1.2157097264828018,0.7018028631529887,-0.29953898157553116,2.6238271369876505,1.3839489041732855,-3.198673117550681,-2.8716796248840124
136480,56260,2021-12-19,54,1.2728488324189897,5,0.08896210873146623,1,-3.1887980277106367,1.0943321837833673,-2.9039428620119594,1.641867835043912,-0.3143481134905739,-0.25131442828090633,0.0
136480,52388,2021-12-19,54,1.2728488324189897,5,0.08852459016393442,1,-3.1887980277106367,1.0943321837833673,-2.9039428620119594,2.6238271369876505,2.0772826308398953,-4.174387269895637,0.0
136480,51573,2021-12-19,54,1.2728488324189897,5,0.08852459016393442,1,-3.1887980277106367,1.0943321837833673,-2.9039428620119594,0.20477785686304828,-2.379531721333172,0.6931471805599453,0.0
136480,44680,2021-12-19,53,1.2613545795454266,5,0.08818635607321132,1,-3.1887980277106367,1.0943321837833673,-2.9039428620119594,2.2969091012193465,,1.0986122886681098,0.0
136480,1199730922,2021-12-19,57,0.9941983526164614,12,0.24358974358974358,1,-3.1887980277106367,1.0943321837833673,-2.9039428620119594,-1.4007726433320173,0.9456402102195396,-1.3334097526408897,1.4264614421815054
136480,123526,2021-12-19,49,0.9406993869477235,10,0.5903614457831325,1,-3.1887980277106367,1.0943321837833673,-2.9039428620119594,-0.45886504914322385,0.07978254503618726,-0.1289563362545083,0.05525431078932108
136480,145190,2021-12-19,40,0.8814074561994281,10,0.5063291139240507,1,-3.1887980277106367,1.0943321837833673,-2.9039428620119594,-0.3908588384061238,-0.10546204155463385,0.022089251546472788,0.07836255721557706
136480,48300,2021-12-19,32,0.7197481368736063,10,0.41025641025641024,1,-3.1887980277106367,1.0943321837833673,-2.9039428620119594,2.492554082734636,0.5682167844424699,-2.212972934304358,-1.180442306915742
136480,2018450532,2021-12-19,58,0.7185726746628546,15,0.4084507042253521,1,-3.1887980277106367,1.0943321837833673,-2.9039428620119594,-3.896438791795425,-0.9712753319747693,1.0385080911008995,1.3143050225241382
136480,1392108713,2021-12-19,47,0.5585561398155691,10,0.42342342342342343,1,-3.1887980277106367,1.0943321837833673,-2.9039428620119594,-0.7313590289760136,0.2280476639347021,-0.5104621856373317,-0.6320399115369728
136480,263678655,2021-12-19,37,0.5355302704472386,13,0.3627450980392157,1,-3.1887980277106367,1.0943321837833673,-2.9039428620119594,-1.1460952941004539,-1.3655261687169769,1.197234826585417,-2.226275847041462
136480,2080904040,2021-12-19,48,0.49898423877309095,16,0.46153846153846156,1,-3.1887980277106367,1.0943321837833673,-2.9039428620119594,-5.3513639683925485,0.1840934339831275,-0.2621434611454312,-0.08545173311065923
136480,1392108845,2021-12-19,48,0.4476450153113531,20,0.32,1,-3.1887980277106367,1.0943321837833673,-2.9039428620119594,-0.6939599814230808,0.5499925783373207,-0.5200965496022025,0.5769943892657388
136480,2142862519,2021-12-19,36,0.4450789108953011,12,0.28125,1,-3.1887980277106367,1.0943321837833673,-2.9039428620119594,-4.591700410947807,0.45499531452897646,-0.6123634403451561,0.2883728272555217
136480,1395542724,2021-12-19,44,0.435276895733017,18,0.3893805309734513,1,-3.1887980277106367,1.0943321837833673,-2.9039428620119594,-2.2501227372894284,0.06814601071819615,-0.21639449482353434,0.2181845411238008
136480,568228234,2021-12-19,29,0.42821571397638875,15,0.2871287128712871,1,-3.1887980277106367,1.0943321837833673,-2.9039428620119594,1.5994509542678135,0.48039317137150217,-1.0064969997603033,-1.5676684995578052
136480,300531239,2021-12-19,32,0.40944287979892025,16,0.27586206896551724,1,-3.1887980277106367,1.0943321837833673,-2.9039428620119594,-0.6566683977299865,-0.9907858883956879,1.681771870559949,0.5756742705069158
136480,671804639,2021-12-19,40,0.40119954566496663,18,0.36036036036036034,1,-3.1887980277106367,1.0943321837833673,-2.9039428620119594,-1.5688581675353312,0.29398567620780014,-0.32526716913968734,-0.5894010968675545
136480,129172,2021-12-19,37,0.4007169982264994,19,0.3490566037735849,1,-3.1887980277106367,1.0943321837833673,-2.9039428620119594,-0.9008835179489477,-0.030145850821679532,-0.30287223794575624,5.152551385623863
136480,748587452,2021-12-19,36,0.34633624968640503,16,0.36,1,-3.1887980277106367,1.0943321837833673,-2.9039428620119594,-5.015704484824525,-1.1142447367938781,1.0199878626043564,-0.11497407368665691
136480,1769772275,2021-12-19,36,0.3445155793737331,18,0.28346456692913385,1,-3.1887980277106367,1.0943321837833673,-2.9039428620119594,0.3932734612470462,0.29612310358811483,-2.6143177234395027,8.47404789827476
136480,734194786,2021-12-19,30,0.3366549732036197,18,0.2912621359223301,1,-3.1887980277106367,1.0943321837833673,-2.9039428620119594,-0.7519242261951896,0.13804459985680728,-0.13538840337173497,-0.30005604993922486
136480,2024552199,2021-12-19,30,0.3337099179293055,15,0.3,1,-3.1887980277106367,1.0943321837833673,-2.9039428620119594,1.0860560073344414,0.20693025634136653,-0.4009196457364901,-0.8596923852569107
136480,551495238,2021-12-19,24,0.33270581553648526,15,0.23300970873786409,1,-3.1887980277106367,1.0943321837833673,-2.9039428620119594,1.404174533725325,0.3631345740833274,-1.1039742318094952,-1.6802069833223081
136480,2024380045,2021-12-19,28,0.32867894431953715,15,0.2692307692307692,1,-3.1887980277106367,1.0943321837833673,-2.9039428620119594,0.9406862543753772,0.32317401725750505,0.05181014750202095,-1.8016900374306557
136480,593279071,2021-12-19,26,0.319031985036958,15,0.24299065420560748,1,-3.1887980277106367,1.0943321837833673,-2.9039428620119594,1.532620290565485,0.38105767055255124,-1.1559345697759378,-1.3170938268765084
136480,184224,2021-12-19,35,0.3186114456309539,18,0.3181818181818182,1,-3.1887980277106367,1.0943321837833673,-2.9039428620119594,-0.49720721914018895,0.16782681181409576,-0.23646332426427197,-1.306856387321413
136480,543125625,2021-12-19,25,0.3097478729995664,15,0.2403846153846154,1,-3.1887980277106367,1.0943321837833673,-2.9039428620119594,1.6055709619280936,0.7919489665832858,-1.0670458227002744,-1.3601490810155683
136480,597667031,2021-12-19,24,0.30893964465369844,15,0.23300970873786409,1,-3.1887980277106367,1.0943321837833673,-2.9039428620119594,1.5835767832769505,0.6377199004746407,-1.0713626462207344,-1.40591763230403
136480,612176483,2021-12-19,24,0.30821405117886874,18,0.24242424242424243,1,-3.1887980277106367,1.0943321837833673,-2.9039428620119594,-2.0555566365891873,0.7636074143578813,-0.787252650799454,-0.013544973364599144
136480,1392108685,2021-12-19,18,0.29502817082738003,12,0.20454545454545456,1,-3.1887980277106367,1.0943321837833673,-2.9039428620119594,-1.3069850317449168,0.38280930776476696,-1.2023447674640497,0.6640161344438997
136480,571184990,2021-12-19,24,0.2771842639866164,20,0.2608695652173913,1,-3.1887980277106367,1.0943321837833673,-2.9039428620119594,-3.8385590587311986,-0.4559972319865504,0.8022023102118006,0.15829382523839364
136480,2142864304,2021-12-19,40,0.2665129000866285,32,0.39603960396039606,0,-3.1887980277106367,1.0943321837833673,-2.9039428620119594,-1.7315063444306042,0.05705721320287438,-0.0761561080626798,-0.05775298205231216
136480,804699193,2021-12-19,19,0.24786978562510498,19,0.2087912087912088,1,-3.1887980277106367,1.0943321837833673,-2.9039428620119594,0.1767778317872601,-0.5619923973663918,1.1082657203687525,-0.11141947112556316
136480,349798,2021-12-19,15,0.22988608440632236,16,0.16304347826086957,1,-3.1887980277106367,1.0943321837833673,-2.9039428620119594,2.393457694708209,-0.19085188348801152,1.3862943611198904,-1.0986122886681098
240934,2144220670,2022-02-03,1,0.0010395010395010396,962,0.058823529411764705,0,-0.08060213496337232,1.429451781035928,-1.610929337020771,1.4709574057594328,,4.174387269895637,4.07753744390572
240934,2142879863,2022-02-03,1,0.0010395010395010396,962,0.06666666666666667,0,-0.08060213496337232,1.429451781035928,-1.610929337020771,-1.8898856776073267,-0.16243546547814147,0.21482039230230754,0.046242589775173926
240934,2142878670,2022-02-03,1,0.0010395010395010396,962,0.058823529411764705,0,-0.08060213496337232,1.429451781035928,-1.610929337020771,-1.8538231337714939,-0.14095816952228568,0.1849644836841975,0.055919341608728246
240934,2142877002,2022-02-03,1,0.0010395010395010396,962,0.04,0,-0.08060213496337232,1.429451781035928,-1.610929337020771,-1.9199045549249187,-0.1647047906636414,0.21276618266170644,0.06399099866302826
240934,2142870385,2022-02-03,1,0.0010395010395010396,962,0.06666666666666667,0,-0.08060213496337232,1.429451781035928,-1.610929337020771,-1.9295057419523367,-0.16891267939802823,0.22621641988815178,0.1489879208101943
240934,2142869398,2022-02-03,1,0.0010395010395010396,962,0.05555555555555555,0,-0.08060213496337232,1.429451781035928,-1.610929337020771,-1.8802795563917243,-0.07353030256485171,0.09030736167186326,0.15644287425001657
240934,2142869226,2022-02-03,1,0.0010395010395010396,962,0.03571428571428571,0,-0.08060213496337232,1.429451781035928,-1.610929337020771,-1.9457333243041217,-0.13948385373114136,0.18462659046917196,0.10297642675421415
240934,2142865506,2022-02-03,1,0.0010395010395010396,962,0.047619047619047616,0,-0.08060213496337232,1.429451781035928,-1.610929337020771,-1.871599472476237,-0.16728694459214055,0.2167789647219731,0.11175759307496236
240934,2142865418,2022-02-03,1,0.0010395010395010396,962,0.05555555555555555,0,-0.08060213496337232,1.429451781035928,-1.610929337020771,-1.9360944621817815,-0.10285222163997565,0.12258360584007377,0.0881448750961713
240934,2142864862,2022-02-03,1,0.0010395010395010396,962,0.04,0,-0.08060213496337232,1.429451781035928,-1.610929337020771,-1.8616396973284872,-0.07942743300810728,0.10235515878507506,0.0590352011573092
240934,2142864304,2022-02-03,1,0.0010395010395010396,962,0.014084507042253521,0,-0.08060213496337232,1.429451781035928,-1.610929337020771,-1.966767293389841,-0.06035551558710428,0.05655457849333878,-0.15559504593474216
240934,2142862771,2022-02-03,1,0.0010395010395010396,962,0.125,0,-0.08060213496337232,1.429451781035928,-1.610929337020771,-0.35422332479501334,,6.380122536899765,-2.4316551096150114
240934,2142862748,2022-02-03,1,0.0010395010395010396,962,0.058823529411764705,0,-0.08060213496337232,1.429451781035928,-1.610929337020771,-1.9134852184247044,-0.2153925117566322,0.2849800502309172,0.009773289169363153
240934,2142862519,2022-02-03,1,0.0010395010395010396,962,0.010638297872340425,0,-0.08060213496337232,1.429451781035928,-1.610929337020771,-4.269031407713364,0.34345420295228113,-0.5085424104286496,-0.5259105301273781
240934,2130921131,2022-02-03,1,0.0010395010395010396,962,0.09090909090909091,0,-0.08060213496337232,1.429451781035928,-1.610929337020771,0.5800015521460975,-0.33095247007405726,-1.3409257560900398,-1.138221426763156
240934,2129632899,2022-02-03,1,0.0010395010395010396,962,0.06666666666666667,0,-0.08060213496337232,1.429451781035928,-1.610929337020771,-1.8810368110298719,-0.14611267192103283,0.18499078850186734,0.055610523054600236
240934,2123493281,2022-02-03,1,0.0010395010395010396,962,0.08333333333333333,0,-0.08060213496337232,1.429451781035928,-1.610929337020771,-1.8891628622242997,-0.20443024813678234,0.26739949857281253,0.03425036912185675
240934,47278,2022-02-03,1,0.0010395010395010396,962,0.125,0,-0.08060213496337232,1.429451781035928,-1.610929337020771,1.0113108003184417,-0.23578194952143705,0.1107120244158315,-1.2283784316940771
240934,47059,2022-02-03,1,0.0010395010395010396,962,0.1111111111111111,0,-0.08060213496337232,1.429451781035928,-1.610929337020771,1.9451552917892996,0.1801848419628782,-0.5260930958967793,1.1727202608218312
240934,46910,2022-02-03,1,0.0010395010395010396,962,0.3333333333333333,0,-0.08060213496337232,1.429451781035928,-1.610929337020771,2.3166678806150616,,1.6094379124341003,0.8472978603872034
240934,46541,2022-02-03,1,0.0010395010395010396,962,0.058823529411764705,0,-0.08060213496337232,1.429451781035928,-1.610929337020771,1.560460587334522,-1.0633665496531284,2.995732273553991,0.6931471805599453
240934,46237,2022-02-03,1,0.0010395010395010396,962,0.2,0,-0.08060213496337232,1.429451781035928,-1.610929337020771,-2.8770333077536945,-1.367586376084004,1.1560184112039007,-0.41029698169439577
240934,46016,2022-02-03,1,0.0010395010395010396,962,0.125,0,-0.08060213496337232,1.429451781035928,-1.610929337020771,2.02640548415685,0.37014296451917783,-1.0062389685370947,-0.535737944145886
240934,45672,2022-02-03,1,0.0010395010395010396,962,0.125,0,-0.08060213496337232,1.429451781035928,-1.610929337020771,2.4190542994059245,0.07264432021315592,-0.7731898882334818,0.2578291093020999
240934,45022,2022-02-03,1,0.0010395010395010396,962,0.1,0,-0.08060213496337232,1.429451781035928,-1.610929337020771,0.944410883612043,-0.1846093446325091,0.8116857885983269,-0.02178735418490696
240934,44948,2022-02-03,1,0.0010395010395010396,962,0.5,0,-0.08060213496337232,1.429451781035928,-1.610929337020771,-1.7777977173709372,0.23763141862877402,-0.33531012144103567,-0.09740818746733204
240934,44792,2022-02-03,1,0.0010395010395010396,962,0.1111111111111111,0,-0.08060213496337232,1.429451781035928,-1.610929337020771,1.5543544570415522,0.3813494913181914,-0.746572347233526,-2.011852687724642
240934,44764,2022-02-03,1,0.0010395010395010396,962,0.02702702702702703,0,-0.08060213496337232,1.429451781035928,-1.610929337020771,0.31266111647137146,-1.0677432429831406,1.8838747581358604,-1.1486227092427708
240934,44755,2022-02-03,1,0.0010395010395010396,962,0.3333333333333333,0,-0.08060213496337232,1.429451781035928,-1.610929337020771,0.8619933530248345,0.5414758004043114,-0.8726020368718244,-0.5101760621971954
240934,49491,2022-02-03,1,0.0010395010395010396,962,0.14285714285714285,0,-0.08060213496337232,1.429451781035928,-1.610929337020771,1.8303610598305085,0.2000026313153005,-0.899483613557774,-3.9889840465642745
240934,48814,2022-02-03,1,0.0010395010395010396,962,0.14285714285714285,0,-0.08060213496337232,1.429451781035928,-1.610929337020771,0.9924565535096324,1.207406464556879,-1.3947461978318927,0.16450433548510723
240934,48813,2022-02-03,1,0.0010395010395010396,962,0.14285714285714285,0,-0.08060213496337232,1.429451781035928,-1.610929337020771,1.6946577120520971,0.29490280113721323,-0.3203072997678573,-1.564241936090732
240934,48474,2022-02-03,1,0.0010395010395010396,962,0.03571428571428571,0,-0.08060213496337232,1.429451781035928,-1.610929337020771,2.6238271369876505,0.5250922170120567,-0.6931471805599453,-0.4054651081081645
240934,48473,2022-02-03,1,0.0010395010395010396,962,0.027777777777777776,0,-0.08060213496337232,1.429451781035928,-1.610929337020771,1.3287745140469809,0.16373260785102084,-0.0680534632450156,-3.258096538021482
240934,48300,2022-02-03,1,0.0010395010395010396,962,0.02702702702702703,0,-0.08060213496337232,1.429451781035928,-1.610929337020771,0.29341448378527313,0.4489460226522135,-1.250639073891664,-1.378451183658865
242899,41597,2022-02-03,1,0.0014144271570014145,707,0.02631578947368421,0,-0.16508114493614984,1.672629795313924,-1.9251409705235103,1.2250293052874839,0.022559577085434324,0.2396728532654202,0.7419373447293771
242899,2142877002,2022-02-03,1,0.0014144271570014145,707,0.038461538461538464,0,-0.16508114493614984,1.672629795313924,-1.9251409705235103,-1.9199045549249187,-0.1647047906636414,0.21276618266170644,0.06399099866302826
242899,2142869226,2022-02-03,1,0.0014144271570014145,707,0.03571428571428571,0,-0.16508114493614984,1.672629795313924,-1.9251409705235103,-1.9457333243041217,-0.13948385373114136,0.18462659046917196,0.10297642675421415
242899,2142867758,2022-02-03,1,0.0014144271570014145,707,0.07142857142857142,0,-0.16508114493614984,1.672629795313924,-1.9251409705235103,-0.1657065729406158,-0.6511105359032994,-1.420512318430232,-3.0173714486574723
242899,2142864862,2022-02-03,1,0.0014144271570014145,707,0.04,0,-0.16508114493614984,1.672629795313924,-1.9251409705235103,-1.8616396973284872,-0.07942743300810728,0.10235515878507506,0.0590352011573092
242899,2142864304,2022-02-03,1,0.0014144271570014145,707,0.014084507042253521,0,-0.16508114493614984,1.672629795313924,-1.9251409705235103,-1.966767293389841,-0.06035551558710428,0.05655457849333878,-0.15559504593474216
242899,2142862519,2022-02-03,1,0.0014144271570014145,707,0.010638297872340425,0,-0.16508114493614984,1.672629795313924,-1.9251409705235103,-4.269031407713364,0.34345420295228113,-0.5085424104286496,-0.5259105301273781
242899,2138439191,2022-02-03,1,0.0014144271570014145,707,0.125,0,-0.16508114493614984,1.672629795313924,-1.9251409705235103,1.5619871996854233,0.8545387231013504,-0.8823891801984733,-4.877738620629824
242899,2124106158,2022-02-03,1,0.0014144271570014145,707,0.1111111111111111,0,-0.16508114493614984,1.672629795313924,-1.9251409705235103,-1.138220585090816,,7.239214973779806,0.0
242899,2123878807,2022-02-03,1,0.0014144271570014145,707,0.25,0,-0.16508114493614984,1.672629795313924,-1.9251409705235103,0.9175228778451482,-0.717758697400192,-0.26236426446749084,0.0
242899,2122450336,2022-02-03,1,0.0014144271570014145,707,0.05555555555555555,0,-0.16508114493614984,1.672629795313924,-1.9251409705235103,-1.9072238365273917,-0.21651999165191338,0.2786813262044898,0.04068271983165772
242899,2116182225,2022-02-03,1,0.0014144271570014145,707,0.019230769230769232,0,-0.16508114493614984,1.672629795313924,-1.9251409705235103,-2.0452950755520183,-0.0662290323740824,0.07783215653317299,0.05278065493787665
242899,2115198133,2022-02-03,1,0.0014144271570014145,707,0.1111111111111111,0,-0.16508114493614984,1.672629795313924,-1.9251409705235103,1.929692982912721,0.0,0.0,-2.3025850929940455
242899,49642,2022-02-03,1,0.0014144271570014145,707,0.14285714285714285,0,-0.16508114493614984,1.672629795313924,-1.9251409705235103,1.9365651201912004,1.02541781174485,-2.211369084722384,2.6658383522929006
242899,48473,2022-02-03,1,0.0014144271570014145,707,0.027777777777777776,0,-0.16508114493614984,1.672629795313924,-1.9251409705235103,1.3287745140469809,0.16373260785102084,-0.0680534632450156,-3.258096538021482
242899,48293,2022-02-03,1,0.0014144271570014145,707,0.05,0,-0.16508114493614984,1.672629795313924,-1.9251409705235103,0.7095200556364852,0.528992343900642,-0.5796565388188695,-0.37863423031120735
242899,48155,2022-02-03,1,0.0014144271570014145,707,0.16666666666666666,0,-0.16508114493614984,1.672629795313924,-1.9251409705235103,2.1974617723055134,1.342264502342608,-1.2784053991087054,2.5758784279937266
242899,47978,2022-02-03,1,0.0014144271570014145,707,0.024390243902439025,0,-0.16508114493614984,1.672629795313924,-1.9251409705235103,1.376443140436202,0.355159307855508,-1.4663370687934272,-0.968559160419912
242899,47368,2022-02-03,1,0.0014144271570014145,707,0.25,0,-0.16508114493614984,1.672629795313924,-1.9251409705235103,1.8939620823938685,0.5185121554831855,-0.04445176257083361,-0.15906469462968742
242899,47059,2022-02-03,1,0.0014144271570014145,707,0.1,0,-0.16508114493614984,1.672629795313924,-1.9251409705235103,1.9451552917892996,0.1801848419628782,-0.5260930958967793,1.1727202608218312
242899,46541,2022-02-03,1,0.0014144271570014145,707,0.05555555555555555,0,-0.16508114493614984,1.672629795313924,-1.9251409705235103,1.560460587334522,-1.0633665496531284,2.995732273553991,0.6931471805599453
242899,46003,2022-02-03,1,0.0014144271570014145,707,0.14285714285714285,0,-0.16508114493614984,1.672629795313924,-1.9251409705235103,1.7915756636030054,-0.06990225563486874,-0.7949298748698879,2.618438042412523
242899,55653,2022-02-03,1,0.0014144271570014145,707,0.14285714285714285,0,-0.16508114493614984,1.672629795313924,-1.9251409705235103,1.114011336610343,-0.7410252359281138,1.3912819026309298,0.5108256237659905
242899,55652,2022-02-03,1,0.0014144271570014145,707,0.3333333333333333,0,-0.16508114493614984,1.672629795313924,-1.9251409705235103,2.6238271369876505,0.0,0.0,0.35667494393873267
242899,55497,2022-02-03,1,0.0014144271570014145,707,0.025,0,-0.16508114493614984,1.672629795313924,-1.9251409705235103,0.9395408051330747,-0.043480467162169134,0.8294836241120764,-1.3730491343698699
242899,54726,2022-02-03,1,0.0014144271570014145,707,0.014492753623188406,0,-0.16508114493614984,1.672629795313924,-1.9251409705235103,2.6238271369876505,,0.6931471805599453,0.0
229778,41606,2022-02-04,1,0.0014705882352941176,680,0.2,0,-0.04247014356092159,1.4496087798605626,-2.2900063107871853,0.8506659805785303,0.00868685826728166,-0.02635584470536312,-1.953883205704825
229778,41679,2022-02-04,1,0.0014705882352941176,680,0.16666666666666666,0,-0.04247014356092159,1.4496087798605626,-2.2900063107871853,0.70618492083974,-1.3936684886001696,2.309015983324336,-0.7108467576593465
229778,41684,2022-02-04,1,0.0014705882352941176,680,0.16666666666666666,0,-0.04247014356092159,1.4496087798605626,-2.2900063107871853,0.8280697953697981,-1.4141609347529585,1.2992829841302607,-0.770108221696074
229778,41691,2022-02-04,1,0.0014705882352941176,680,0.14285714285714285,0,-0.04247014356092159,1.4496087798605626,-2.2900063107871853,1.6891891654545836,1.1348806712113368,-3.000024125635532,-2.538973871058276
229778,41728,2022-02-04,1,0.0014705882352941176,680,0.16666666666666666,0,-0.04247014356092159,1.4496087798605626,-2.2900063107871853,2.1713792401887497,0.1332829203259398,-1.5869650565820415,-2.3418058061473275
229778,41770,2022-02-04,1,0.0014705882352941176,680,0.5,0,-0.04247014356092159,1.4496087798605626,-2.2900063107871853,1.898274696494021,0.4456329547477411,-0.6231885919530353,-1.3460204619819507
229778,2142869398,2022-02-04,1,0.0014705882352941176,680,0.05555555555555555,0,-0.04247014356092159,1.4496087798605626,-2.2900063107871853,-1.8756471073078995,-0.06068184503090235,0.07133061231226989,0.1381307713449953
229778,2142869226,2022-02-04,1,0.0014705882352941176,680,0.03571428571428571,0,-0.04247014356092159,1.4496087798605626,-2.2900063107871853,-1.9446016297773678,-0.11489736865650757,0.14874123207129308,0.04461400125569703
229778,2142865506,2022-02-04,1,0.0014705882352941176,680,0.047619047619047616,0,-0.04247014356092159,1.4496087798605626,-2.2900063107871853,-1.873381515361389,-0.15443971430272319,0.19992911523566725,0.10260779048044988
229778,2142865418,2022-02-04,1,0.0014705882352941176,680,0.05555555555555555,0,-0.04247014356092159,1.4496087798605626,-2.2900063107871853,-1.9246794089046888,-0.0827119656411397,0.09779953582289735,0.07967970699131222
229778,2142864862,2022-02-04,1,0.0014705882352941176,680,0.04,0,-0.04247014356092159,1.4496087798605626,-2.2900063107871853,-1.8765295034778045,-0.08887034146852835,0.11625468801570094,0.02575794247336205
229778,2142864304,2022-02-04,1,0.0014705882352941176,680,0.014084507042253521,0,-0.04247014356092159,1.4496087798605626,-2.2900063107871853,-1.952014723859749,-0.008216492907962891,-0.014716659668499332,-0.15400238448197712
229778,2142862519,2022-02-04,1,0.0014705882352941176,680,0.010638297872340425,0,-0.04247014356092159,1.4496087798605626,-2.2900063107871853,-4.266955118721199,0.2727611042890583,-0.4172681338821178,-0.535197079312459
229778,2129632899,2022-02-04,1,0.0014705882352941176,680,0.06666666666666667,0,-0.04247014356092159,1.4496087798605626,-2.2900063107871853,-1.8859019557703955,-0.14039394211133338,0.1770741407400358,0.06924124528222286
229778,2123493281,2022-02-04,1,0.0014705882352941176,680,0.08333333333333333,0,-0.04247014356092159,1.4496087798605626,-2.2900063107871853,-1.8985655056479012,-0.17920228891364975,0.2344418170051572,0.051445057979755404
229778,2123295900,2022-02-04,1,0.0014705882352941176,680,0.0625,0,-0.04247014356092159,1.4496087798605626,-2.2900063107871853,-1.896609628112085,-0.12846940304333376,0.16305104596320952,0.13245732594674742
229778,2122514680,2022-02-04,1,0.0014705882352941176,680,0.0625,0,-0.04247014356092159,1.4496087798605626,-2.2900063107871853,-1.8769149976765551,-0.11836179166872052,0.1472651666672924,0.20046075201489622
229778,2122437132,2022-02-04,1,0.0014705882352941176,680,0.07692307692307693,0,-0.04247014356092159,1.4496087798605626,-2.2900063107871853,-1.8852992774990536,-0.12174484552545417,0.1574058257504234,0.03585688473985549
229778,2122399466,2022-02-04,1,0.0014705882352941176,680,0.0625,0,-0.04247014356092159,1.4496087798605626,-2.2900063107871853,-2.1715137829994386,-0.1403438520421476,0.18095819596138263,0.01802614816247683
229778,2122397525,2022-02-04,1,0.0014705882352941176,680,0.058823529411764705,0,-0.04247014356092159,1.4496087798605626,-2.2900063107871853,-1.9137516510420967,-0.20074090930684574,0.263486989063491,-0.006723379093813264
229778,2120570138,2022-02-04,1,0.0014705882352941176,680,0.5,0,-0.04247014356092159,1.4496087798605626,-2.2900063107871853,-0.31717643269154083,0.4446281809334298,-0.8010800449030837,0.11118023593799542
229778,47421,2022-02-04,1,0.0014705882352941176,680,0.14285714285714285,0,-0.04247014356092159,1.4496087798605626,-2.2900063107871853,0.6316952102965362,-1.443584669240229,3.375689622114943,-3.7917368395536437
229778,47377,2022-02-04,1,0.0014705882352941176,680,0.2,0,-0.04247014356092159,1.4496087798605626,-2.2900063107871853,2.130911586202181,1.0966369634362056,-2.1347042203548856,0.11599891386288164
229778,47278,2022-02-04,1,0.0014705882352941176,680,0.125,0,-0.04247014356092159,1.4496087798605626,-2.2900063107871853,1.0737921228345635,-0.2299343978423556,0.2708749541354001,-1.2178882723879108
229778,46457,2022-02-04,1,0.0014705882352941176,680,0.16666666666666666,0,-0.04247014356092159,1.4496087798605626,-2.2900063107871853,1.7199031982279447,0.4922554208553451,-1.1373983137032662,-1.204321175693333
229778,46033,2022-02-04,1,0.0014705882352941176,680,0.2,0,-0.04247014356092159,1.4496087798605626,-2.2900063107871853,1.9043300524441755,-0.1755030410225582,0.8649974374866045,-1.655627294903475
229778,46016,2022-02-04,1,0.0014705882352941176,680,0.125,0,-0.04247014356092159,1.4496087798605626,-2.2900063107871853,1.9999871465517383,0.2963482213565287,-0.9444616088408515,-0.5273448868164596
229778,45352,2022-02-04,1,0.0014705882352941176,680,0.16666666666666666,0,-0.04247014356092159,1.4496087798605626,-2.2900063107871853,0.7637143316560143,-0.17983411720750886,0.671794056089376,-1.23617133600529
229778,45267,2022-02-04,1,0.0014705882352941176,680,0.16666666666666666,0,-0.04247014356092159,1.4496087798605626,-2.2900063107871853,2.098734919975594,0.11846950100376641,-0.9614111671546248,4.333548921686495
229778,44896,2022-02-04,1,0.0014705882352941176,680,0.3333333333333333,0,-0.04247014356092159,1.4496087798605626,-2.2900063107871853,2.130244768063688,0.32810876588087434,-1.0473189942805594,-0.9745596399981311
229778,44870,2022-02-04,1,0.0014705882352941176,680,0.125,0,-0.04247014356092159,1.4496087798605626,-2.2900063107871853,2.3645109177668218,0.4995261185289963,-1.174119841176255,0.07637297878457439
229778,44792,2022-02-04,1,0.0014705882352941176,680,0.1111111111111111,0,-0.04247014356092159,1.4496087798605626,-2.2900063107871853,1.4454525393881938,0.1674291302624218,-0.7178397931503175,-2.139397490786635
229778,44737,2022-02-04,1,0.0014705882352941176,680,0.07692307692307693,0,-0.04247014356092159,1.4496087798605626,-2.2900063107871853,1.6214701925848232,1.973051056663238,-2.220907061979779,-1.6991168468575113
229778,48869,2022-02-04,1,0.0014705882352941176,680,0.16666666666666666,0,-0.04247014356092159,1.4496087798605626,-2.2900063107871853,1.5684710886262732,-0.4076917881076678,0.9614111671546244,-0.2876820724517808
247215,41606,2022-02-04,1,0.0014705882352941176,680,0.2,0,0.03504861105412589,1.5251490011905697,-2.5832425505088623,0.8506659805785303,0.00868685826728166,-0.02635584470536312,-1.953883205704825
247215,41679,2022-02-04,1,0.0014705882352941176,680,0.16666666666666666,0,0.03504861105412589,1.5251490011905697,-2.5832425505088623,0.70618492083974,-1.3936684886001696,2.309015983324336,-0.7108467576593465
247215,41684,2022-02-04,1,0.0014705882352941176,680,0.16666666666666666,0,0.03504861105412589,1.5251490011905697,-2.5832425505088623,0.8280697953697981,-1.4141609347529585,1.2992829841302607,-0.770108221696074
247215,41691,2022-02-04,1,0.0014705882352941176,680,0.14285714285714285,0,0.03504861105412589,1.5251490011905697,-2.5832425505088623,1.6891891654545836,1.1348806712113368,-3.000024125635532,-2.538973871058276
247215,41728,2022-02-04,1,0.0014705882352941176,680,0.16666666666666666,0,0.03504861105412589,1.5251490011905697,-2.5832425505088623,2.1713792401887497,0.1332829203259398,-1.5869650565820415,-2.3418058061473275
247215,41770,2022-02-04,1,0.0014705882352941176,680,0.3333333333333333,0,0.03504861105412589,1.5251490011905697,-2.5832425505088623,1.898274696494021,0.4456329547477411,-0.6231885919530353,-1.3460204619819507
247215,2142869398,2022-02-04,1,0.0014705882352941176,680,0.05555555555555555,0,0.03504861105412589,1.5251490011905697,-2.5832425505088623,-1.8756471073078995,-0.06068184503090235,0.07133061231226989,0.1381307713449953
247215,2142869226,2022-02-04,1,0.0014705882352941176,680,0.03571428571428571,0,0.03504861105412589,1.5251490011905697,-2.5832425505088623,-1.9446016297773678,-0.11489736865650757,0.14874123207129308,0.04461400125569703
247215,2142865506,2022-02-04,1,0.0014705882352941176,680,0.047619047619047616,0,0.03504861105412589,1.5251490011905697,-2.5832425505088623,-1.873381515361389,-0.15443971430272319,0.19992911523566725,0.10260779048044988
247215,2142865418,2022-02-04,1,0.0014705882352941176,680,0.05555555555555555,0,0.03504861105412589,1.5251490011905697,-2.5832425505088623,-1.9246794089046888,-0.0827119656411397,0.09779953582289735,0.07967970699131222
247215,2142864862,2022-02-04,1,0.0014705882352941176,680,0.04,0,0.03504861105412589,1.5251490011905697,-2.5832425505088623,-1.8765295034778045,-0.08887034146852835,0.11625468801570094,0.02575794247336205
247215,2142864304,2022-02-04,1,0.0014705882352941176,680,0.014084507042253521,0,0.03504861105412589,1.5251490011905697,-2.5832425505088623,-1.952014723859749,-0.008216492907962891,-0.014716659668499332,-0.15400238448197712
247215,2142862519,2022-02-04,1,0.0014705882352941176,680,0.010638297872340425,0,0.03504861105412589,1.5251490011905697,-2.5832425505088623,-4.266955118721199,0.2727611042890583,-0.4172681338821178,-0.535197079312459
247215,2129632899,2022-02-04,1,0.0014705882352941176,680,0.06666666666666667,0,0.03504861105412589,1.5251490011905697,-2.5832425505088623,-1.8859019557703955,-0.14039394211133338,0.1770741407400358,0.06924124528222286
247215,2123493281,2022-02-04,1,0.0014705882352941176,680,0.08333333333333333,0,0.03504861105412589,1.5251490011905697,-2.5832425505088623,-1.8985655056479012,-0.17920228891364975,0.2344418170051572,0.051445057979755404
247215,2123295900,2022-02-04,1,0.0014705882352941176,680,0.0625,0,0.03504861105412589,1.5251490011905697,-2.5832425505088623,-1.896609628112085,-0.12846940304333376,0.16305104596320952,0.13245732594674742
247215,2122514680,2022-02-04,1,0.0014705882352941176,680,0.0625,0,0.03504861105412589,1.5251490011905697,-2.5832425505088623,-1.8769149976765551,-0.11836179166872052,0.1472651666672924,0.20046075201489622
247215,2122437132,2022-02-04,1,0.0014705882352941176,680,0.07692307692307693,0,0.03504861105412589,1.5251490011905697,-2.5832425505088623,-1.8852992774990536,-0.12174484552545417,0.1574058257504234,0.03585688473985549
247215,2122399466,2022-02-04,1,0.0014705882352941176,680,0.0625,0,0.03504861105412589,1.5251490011905697,-2.5832425505088623,-2.1715137829994386,-0.1403438520421476,0.18095819596138263,0.01802614816247683
247215,2122397525,2022-02-04,1,0.0014705882352941176,680,0.058823529411764705,0,0.03504861105412589,1.5251490011905697,-2.5832425505088623,-1.9137516510420967,-0.20074090930684574,0.263486989063491,-0.006723379093813264
247215,2120570138,2022-02-04,1,0.0014705882352941176,680,0.3333333333333333,0,0.03504861105412589,1.5251490011905697,-2.5832425505088623,-0.31717643269154083,0.4446281809334298,-0.8010800449030837,0.11118023593799542
247215,47421,2022-02-04,1,0.0014705882352941176,680,0.14285714285714285,0,0.03504861105412589,1.5251490011905697,-2.5832425505088623,0.6316952102965362,-1.443584669240229,3.375689622114943,-3.7917368395536437
247215,47377,2022-02-04,1,0.0014705882352941176,680,0.2,0,0.03504861105412589,1.5251490011905697,-2.5832425505088623,2.130911586202181,1.0966369634362056,-2.1347042203548856,0.11599891386288164
247215,47278,2022-02-04,1,0.0014705882352941176,680,0.125,0,0.03504861105412589,1.5251490011905697,-2.5832425505088623,1.0737921228345635,-0.2299343978423556,0.2708749541354001,-1.2178882723879108
247215,46457,2022-02-04,1,0.0014705882352941176,680,0.16666666666666666,0,0.03504861105412589,1.5251490011905697,-2.5832425505088623,1.7199031982279447,0.4922554208553451,-1.1373983137032662,-1.204321175693333
247215,46033,2022-02-04,1,0.0014705882352941176,680,0.2,0,0.03504861105412589,1.5251490011905697,-2.5832425505088623,1.9043300524441755,-0.1755030410225582,0.8649974374866045,-1.655627294903475
247215,46016,2022-02-04,1,0.0014705882352941176,680,0.125,0,0.03504861105412589,1.5251490011905697,-2.5832425505088623,1.9999871465517383,0.2963482213565287,-0.9444616088408515,-0.5273448868164596
247215,45352,2022-02-04,1,0.0014705882352941176,680,0.16666666666666666,0,0.03504861105412589,1.5251490011905697,-2.5832425505088623,0.7637143316560143,-0.17983411720750886,0.671794056089376,-1.23617133600529
247215,45267,2022-02-04,1,0.0014705882352941176,680,0.16666666666666666,0,0.03504861105412589,1.5251490011905697,-2.5832425505088623,2.098734919975594,0.11846950100376641,-0.9614111671546248,4.333548921686495
247215,44896,2022-02-04,1,0.0014705882352941176,680,0.3333333333333333,0,0.03504861105412589,1.5251490011905697,-2.5832425505088623,2.130244768063688,0.32810876588087434,-1.0473189942805594,-0.9745596399981311
247215,44870,2022-02-04,1,0.0014705882352941176,680,0.125,0,0.03504861105412589,1.5251490011905697,-2.5832425505088623,2.3645109177668218,0.4995261185289963,-1.174119841176255,0.07637297878457439
247215,44792,2022-02-04,1,0.0014705882352941176,680,0.1111111111111111,0,0.03504861105412589,1.5251490011905697,-2.5832425505088623,1.4454525393881938,0.1674291302624218,-0.7178397931503175,-2.139397490786635
247215,44737,2022-02-04,1,0.0014705882352941176,680,0.07692307692307693,0,0.03504861105412589,1.5251490011905697,-2.5832425505088623,1.6214701925848232,1.973051056663238,-2.220907061979779,-1.6991168468575113
247215,48869,2022-02-04,1,0.0014705882352941176,680,0.16666666666666666,0,0.03504861105412589,1.5251490011905697,-2.5832425505088623,1.5684710886262732,-0.4076917881076678,0.9614111671546244,-0.2876820724517808
47921,51573,2022-02-09,5,0.026977331144206113,83,0.008445945945945946,0,1.1032500090266997,-0.19178689912491487,-0.0784716154414955,-0.2737376891103409,-2.0455545733176312,1.9810014688665833,-4.085976312551584
47921,52300,2022-02-09,5,0.026977331144206113,83,0.11904761904761904,0,1.1032500090266997,-0.19178689912491487,-0.0784716154414955,0.17522133717028196,-1.1508408940710593,0.6190392084062237,-0.5877866649021195
47921,47978,2022-02-09,5,0.026977331144206113,83,0.12195121951219512,0,1.1032500090266997,-0.19178689912491487,-0.0784716154414955,0.5675471261084584,-0.4075927675553207,-0.1187163068393815,-0.6737290947028436
47921,56260,2022-02-09,5,0.026977331144206113,83,0.008488964346349746,0,1.1032500090266997,-0.19178689912491487,-0.0784716154414955,1.3879574577310627,-0.6844324230502445,0.2231435513142097,-1.6094379124341003
47921,1199730922,2022-02-09,5,0.026977331144206113,83,0.022727272727272728,0,1.1032500090266997,-0.19178689912491487,-0.0784716154414955,-2.745407113557582,0.30066913989964394,-0.572448028982798,-0.4187506936872367
47921,2142862519,2022-02-09,5,0.026977331144206113,83,0.05319148936170213,0,1.1032500090266997,-0.19178689912491487,-0.0784716154414955,-4.349847466211512,-0.15963533380646755,0.26663517017293614,-0.8796848308040879
47921,2018450532,2022-02-09,5,0.026977331144206113,83,0.038461538461538464,0,1.1032500090266997,-0.19178689912491487,-0.0784716154414955,-2.493288288650955,0.2551181284753947,0.04089387255264043,-0.6969395564000269
47921,2080904040,2022-02-09,5,0.026977331144206113,83,0.06097560975609756,0,1.1032500090266997,-0.19178689912491487,-0.0784716154414955,-5.3813876970823795,0.02125041849138576,-0.023002487430552776,-0.1745071853562159
47921,136480,2022-02-09,5,0.026977331144206113,83,0.0641025641025641,0,1.1032500090266997,-0.19178689912491487,-0.0784716154414955,-3.69473841346639,-1.1416093889291825,0.8801162581870887,-0.046272411519037604
47921,129172,2022-02-09,5,0.026977331144206113,83,0.06944444444444445,0,1.1032500090266997,-0.19178689912491487,-0.0784716154414955,-0.7101511567143902,0.9639463283935413,-0.307783251772868,0.09880436382649549
47921,1392139747,2022-02-09,5,0.026977331144206113,83,0.13157894736842105,0,1.1032500090266997,-0.19178689912491487,-0.0784716154414955,1.5660330485569673,-0.3402847338506507,0.9395475940384221,0.9311058176592963
47921,263678655,2022-02-09,5,0.026977331144206113,83,0.07352941176470588,0,1.1032500090266997,-0.19178689912491487,-0.0784716154414955,-0.4597493433623348,0.3087693289599877,-0.942293479480635,1.1877293243096068
47921,869463199,2022-02-09,5,0.026977331144206113,83,0.29411764705882354,0,1.1032500090266997,-0.19178689912491487,-0.0784716154414955,0.9676119658826353,,5.459585514144159,0.0
47921,397993501,2022-02-09,5,0.026977331144206113,83,0.09803921568627451,0,1.1032500090266997,-0.19178689912491487,-0.0784716154414955,-2.2405387654512112,-0.2596744022993003,1.2489515933938886,0.31713753414105206
47921,300531239,2022-02-09,5,0.026977331144206113,83,0.0641025641025641,0,1.1032500090266997,-0.19178689912491487,-0.0784716154414955,-0.4504245779520143,1.6498563684251821,-0.92173673922826,-0.3113998575251351
47921,1392108711,2022-02-09,5,0.026977331144206113,83,0.14705882352941177,0,1.1032500090266997,-0.19178689912491487,-0.0784716154414955,-0.40410004681308287,0.017889713908149696,-0.009666358350790105,-0.44334041949439396
47921,1392108713,2022-02-09,5,0.026977331144206113,83,0.05747126436781609,0,1.1032500090266997,-0.19178689912491487,-0.0784716154414955,-1.0748626430500126,0.16193992158078774,-0.3791300009149463,-0.2573928115611306
47921,141177,2022-02-09,4,0.025937830104705073,83,0.6666666666666666,0,1.1032500090266997,-0.19178689912491487,-0.0784716154414955,1.346979400407748,0.44063644830955784,0.22024079165624766,-0.6931471805599452
47921,49403,2022-02-09,4,0.025937830104705073,83,0.6666666666666666,0,1.1032500090266997,-0.19178689912491487,-0.0784716154414955,0.7360017377290525,-0.5881220511918438,0.10788896201118447,-0.6931471805599453
47921,328464,2022-02-09,4,0.025937830104705073,83,0.6666666666666666,0,1.1032500090266997,-0.19178689912491487,-0.0784716154414955,0.7868337356282789,-0.2300464986412214,0.16430305129127643,-0.6931471805599453
47921,142407,2022-02-09,4,0.023730577897452868,83,0.09090909090909091,0,1.1032500090266997,-0.19178689912491487,-0.0784716154414955,2.5843095781962204,1.7436048879804593,-4.3694478524670215,0.5411309732613194
47921,55497,2022-02-09,4,0.023730577897452868,83,0.0975609756097561,0,1.1032500090266997,-0.19178689912491487,-0.0784716154414955,0.6421292990497515,-0.40605993112003824,-0.4622985828713304,-0.11506932978478712
47921,1392184298,2022-02-09,4,0.023730577897452868,83,0.14814814814814814,0,1.1032500090266997,-0.19178689912491487,-0.0784716154414955,1.7915756636030054,,1.791759469228055,4.556879896860311
47921,87194,2022-02-09,4,0.023730577897452868,83,0.09523809523809523,0,1.1032500090266997,-0.19178689912491487,-0.0784716154414955,1.5538715270284211,0.16062288818203307,-1.3862943611198908,1.3911843464140827
47921,146667,2022-02-09,4,0.023730577897452868,83,0.09523809523809523,0,1.1032500090266997,-0.19178689912491487,-0.0784716154414955,0.2877899713485851,-0.4053498050297536,1.4164473992905786,-0.4700036292457357
47921,571184990,2022-02-09,4,0.022827953550845118,83,0.08695652173913043,0,1.1032500090266997,-0.19178689912491487,-0.0784716154414955,-3.365195893321625,0.09165299023646156,0.07795653266395242,0.6457828772567762
47921,212087,2022-02-09,3,0.02269107685795183,83,0.5,0,1.1032500090266997,-0.19178689912491487,-0.0784716154414955,0.6551910446274166,-0.9586544976741865,0.4027514022365688,0.2876820724517808
47921,228404,2022-02-09,3,0.021788452511344078,83,0.42857142857142855,0,1.1032500090266997,-0.19178689912491487,-0.0784716154414955,0.7535314357508108,-0.4387795425156199,0.40846361110442153,-0.2231435513142097
47921,137372,2022-02-09,3,0.021788452511344078,83,0.42857142857142855,0,1.1032500090266997,-0.19178689912491487,-0.0784716154414955,0.6645464335525597,-0.5053969035840018,0.17010596902583064,-0.2876820724517808
47921,1769772275,2022-02-09,4,0.02048382465069962,83,0.0425531914893617,0,1.1032500090266997,-0.19178689912491487,-0.0784716154414955,2.082952852359916,,2.3978952727983707,-0.10506106963073414
47921,211383,2022-02-09,4,0.02048382465069962,83,0.06896551724137931,0,1.1032500090266997,-0.19178689912491487,-0.0784716154414955,2.6238271369876505,0.0,0.0,0.0
47921,2004429834,2022-02-09,4,0.02048382465069962,83,0.06896551724137931,0,1.1032500090266997,-0.19178689912491487,-0.0784716154414955,-3.437591564466938,-0.03691198057652478,0.03658352261276043,-0.15624444783308356
47921,141008,2022-02-09,4,0.02048382465069962,83,0.09302325581395349,0,1.1032500090266997,-0.19178689912491487,-0.0784716154414955,0.7999352553035926,-0.5938260398641153,1.3684897364863842,2.1722232751308024
47921,145190,2022-02-09,4,0.02048382465069962,83,0.0851063829787234,0,1.1032500090266997,-0.19178689912491487,-0.0784716154414955,-0.3230509907387878,0.09603092708501654,0.11352879627829982,-1.0193629170139689
47921,309731,2022-02-09,4,0.02048382465069962,83,0.11428571428571428,0,1.1032500090266997,-0.19178689912491487,-0.0784716154414955,2.051630943760169,-0.047103976215424836,0.6613984822453651,-0.635988766719997
130841,41731,2022-02-09,1,0.003246753246753247,308,0.3333333333333333,0,1.05583376391588,0.3118934602204364,0.09745533615071267,1.287169026254162,0.027849967422799438,-0.044735893841391317,-0.4054651081081645
130841,41973,2022-02-09,1,0.003246753246753247,308,0.1,0,1.05583376391588,0.3118934602204364,0.09745533615071267,2.3166678806150616,-0.3071592563725889,0.4054651081081645,-0.8209805520698299
130841,2018450532,2022-02-09,1,0.003246753246753247,308,0.007692307692307693,0,1.05583376391588,0.3118934602204364,0.09745533615071267,-2.493288288650955,0.2551181284753947,0.04089387255264043,-0.6969395564000269
130841,2004429834,2022-02-09,1,0.003246753246753247,308,0.017543859649122806,0,1.05583376391588,0.3118934602204364,0.09745533615071267,-3.437591564466938,-0.03691198057652478,0.03658352261276043,-0.15624444783308356
130841,2001124710,2022-02-09,1,0.003246753246753247,308,0.024390243902439025,0,1.05583376391588,0.3118934602204364,0.09745533615071267,-1.9536740412776628,-0.01944169442834509,0.2977001421961827,-0.4279990029443663
130841,1868462368,2022-02-09,1,0.003246753246753247,308,0.08333333333333333,0,1.05583376391588,0.3118934602204364,0.09745533615071267,0.9636688801120382,-0.28823664564135154,0.6040675505062572,-0.2309867287752354
130841,50278,2022-02-09,1,0.003246753246753247,308,0.14285714285714285,0,1.05583376391588,0.3118934602204364,0.09745533615071267,1.1397578068003058,-0.24572332980534872,0.5214640219710462,-1.056052674249314
130841,50276,2022-02-09,1,0.003246753246753247,308,0.25,0,1.05583376391588,0.3118934602204364,0.09745533615071267,1.467622810772805,0.2669812351882128,-0.06759329113252832,-0.5108256237659905
130841,49866,2022-02-09,1,0.003246753246753247,308,0.3333333333333333,0,1.05583376391588,0.3118934602204364,0.09745533615071267,2.098734919975594,,1.3862943611198906,1.0986122886681098
130841,49553,2022-02-09,1,0.003246753246753247,308,0.2,0,1.05583376391588,0.3118934602204364,0.09745533615071267,2.6238271369876505,0.3071592563725889,-0.4054651081081645,0.0
130841,49403,2022-02-09,1,0.003246753246753247,308,0.2,0,1.05583376391588,0.3118934602204364,0.09745533615071267,0.7360017377290525,-0.5881220511918438,0.10788896201118447,-0.6931471805599453
130841,49371,2022-02-09,1,0.003246753246753247,308,0.125,0,1.05583376391588,0.3118934602204364,0.09745533615071267,2.6238271369876505,0.21794535717886898,-1.0986122886681096,-0.9555114450274365
130841,48570,2022-02-09,1,0.003246753246753247,308,0.2,0,1.05583376391588,0.3118934602204364,0.09745533615071267,1.3482761651175987,-0.13099677945132782,0.04204823624349974,0.4054651081081645
130841,48300,2022-02-09,1,0.003246753246753247,308,0.02702702702702703,0,1.05583376391588,0.3118934602204364,0.09745533615071267,1.3740527316717042,1.629610073563753,-2.185459735756633,-2.136136885356381
130841,47978,2022-02-09,1,0.003246753246753247,308,0.024390243902439025,0,1.05583376391588,0.3118934602204364,0.09745533615071267,0.5675471261084584,-0.4075927675553207,-0.1187163068393815,-0.6737290947028436
130841,47921,2022-02-09,1,0.003246753246753247,308,0.16666666666666666,0,1.05583376391588,0.3118934602204364,0.09745533615071267,0.9114631099017848,-0.19178689912491487,-0.0784716154414955,-0.6931471805599453
130841,46541,2022-02-09,1,0.003246753246753247,308,0.058823529411764705,0,1.05583376391588,0.3118934602204364,0.09745533615071267,0.8446879000994016,-1.7791392368882488,4.897839799950911,-0.2876820724517808
130841,77335,2022-02-09,1,0.003246753246753247,308,0.25,0,1.05583376391588,0.3118934602204364,0.09745533615071267,1.1556134836895011,0.06295612903710057,0.5005162541071293,-1.3862943611198906
130841,77334,2022-02-09,1,0.003246753246753247,308,0.25,0,1.05583376391588,0.3118934602204364,0.09745533615071267,0.7868777605723953,-0.4600916755229869,0.23031204079282297,-1.0986122886681098
130841,77331,2022-02-09,1,0.003246753246753247,308,0.25,0,1.05583376391588,0.3118934602204364,0.09745533615071267,1.265944358350967,-0.02750080163475599,0.04367506350266215,-0.6931471805599453
130841,74354,2022-02-09,1,0.003246753246753247,308,0.25,0,1.05583376391588,0.3118934602204364,0.09745533615071267,1.3341240577002806,0.06708346309655422,-0.08879549878313142,-0.2876820724517808
130841,67700,2022-02-09,1,0.003246753246753247,308,0.024390243902439025,0,1.05583376391588,0.3118934602204364,0.09745533615071267,-0.232243766155743,-1.346793681962019,-0.3388372357527105,1.2869218873066868
403779,2144220670,2022-02-09,3,0.013889637333620737,154,0.17647058823529413,0,1.013912155482557,-0.1825109655227375,0.12475170497247667,0.8465142905174498,,5.638354669333745,-4.07753744390572
403779,49403,2022-02-09,3,0.013889637333620737,154,0.6,0,1.013912155482557,-0.1825109655227375,0.12475170497247667,0.7360017377290525,-0.5881220511918438,0.10788896201118447,-0.6931471805599453
403779,48570,2022-02-09,3,0.013889637333620737,154,0.6,0,1.013912155482557,-0.1825109655227375,0.12475170497247667,1.3482761651175987,-0.13099677945132782,0.04204823624349974,0.4054651081081645
403779,47978,2022-02-09,3,0.013889637333620737,154,0.07317073170731707,0,1.013912155482557,-0.1825109655227375,0.12475170497247667,0.5675471261084584,-0.4075927675553207,-0.1187163068393815,-0.6737290947028436
403779,47921,2022-02-09,3,0.013889637333620737,154,0.5,0,1.013912155482557,-0.1825109655227375,0.12475170497247667,0.9114631099017848,-0.19178689912491487,-0.0784716154414955,-0.6931471805599453
403779,46541,2022-02-09,3,0.013889637333620737,154,0.17647058823529413,0,1.013912155482557,-0.1825109655227375,0.12475170497247667,0.8446879000994016,-1.7791392368882488,4.897839799950911,-0.2876820724517808
403779,2142862519,2022-02-09,3,0.013889637333620737,154,0.031914893617021274,0,1.013912155482557,-0.1825109655227375,0.12475170497247667,-4.349847466211512,-0.15963533380646755,0.26663517017293614,-0.8796848308040879
403779,2080904040,2022-02-09,3,0.013889637333620737,154,0.036585365853658534,0,1.013912155482557,-0.1825109655227375,0.12475170497247667,-5.3813876970823795,0.02125041849138576,-0.023002487430552776,-0.1745071853562159
403779,2018450532,2022-02-09,3,0.013889637333620737,154,0.023076923076923078,0,1.013912155482557,-0.1825109655227375,0.12475170497247667,-2.493288288650955,0.2551181284753947,0.04089387255264043,-0.6969395564000269
403779,1746521229,2022-02-09,3,0.013889637333620737,154,0.075,0,1.013912155482557,-0.1825109655227375,0.12475170497247667,-2.381829796388724,-0.387424538204729,-0.05767363874701381,-0.21111327920078615
403779,1746143216,2022-02-09,3,0.013889637333620737,154,0.16666666666666666,0,1.013912155482557,-0.1825109655227375,0.12475170497247667,0.7878285160995894,,5.662960480135946,0.0
403779,1540869033,2022-02-09,3,0.013889637333620737,154,0.17647058823529413,0,1.013912155482557,-0.1825109655227375,0.12475170497247667,0.5813470509874152,,5.66988092298052,0.0
403779,1474282524,2022-02-09,3,0.013889637333620737,154,0.17647058823529413,0,1.013912155482557,-0.1825109655227375,0.12475170497247667,0.748177327989093,,5.60947179518496,0.0
403779,1469695839,2022-02-09,3,0.013889637333620737,154,0.07142857142857142,0,1.013912155482557,-0.1825109655227375,0.12475170497247667,-0.7258686437103969,-0.07989021338552804,0.3060559239655394,0.8355489678981209
403779,1392525569,2022-02-09,3,0.013889637333620737,154,0.04411764705882353,0,1.013912155482557,-0.1825109655227375,0.12475170497247667,1.853013926783262,0.0777810510503214,-0.1949003390008146,-0.03226086221822122
403779,1392321470,2022-02-09,3,0.013889637333620737,154,0.15789473684210525,0,1.013912155482557,-0.1825109655227375,0.12475170497247667,-1.1055700394612218,0.0720588192400815,-0.3669949529707228,1.6142887075621317
403779,1392166028,2022-02-09,3,0.013889637333620737,154,0.0967741935483871,0,1.013912155482557,-0.1825109655227375,0.12475170497247667,-0.6202390353399521,-1.159642390903532,2.301960873248434,0.18530444082566433
403779,1392162219,2022-02-09,3,0.013889637333620737,154,0.17647058823529413,0,1.013912155482557,-0.1825109655227375,0.12475170497247667,0.920369326927913,1.3531175569445204,-0.20909179785855958,0.6931471805599453
403779,1392158625,2022-02-09,3,0.013889637333620737,154,0.13043478260869565,0,1.013912155482557,-0.1825109655227375,0.12475170497247667,-0.9228483520290628,-0.6506846804147508,1.1321108287425927,-1.356044913460952
403779,1392139747,2022-02-09,3,0.013889637333620737,154,0.07894736842105263,0,1.013912155482557,-0.1825109655227375,0.12475170497247667,1.5660330485569673,-0.3402847338506507,0.9395475940384221,0.9311058176592963
403779,74354,2022-02-09,3,0.013889637333620737,154,0.75,0,1.013912155482557,-0.1825109655227375,0.12475170497247667,1.3341240577002806,0.06708346309655422,-0.08879549878313142,-0.2876820724517808
403779,59451,2022-02-09,3,0.013889637333620737,154,0.75,0,1.013912155482557,-0.1825109655227375,0.12475170497247667,0.8506807629686542,0.07752855802551373,0.5140989491109593,-0.6931471805599453
403779,56260,2022-02-09,3,0.013889637333620737,154,0.0050933786078098476,0,1.013912155482557,-0.1825109655227375,0.12475170497247667,1.3879574577310627,-0.6844324230502445,0.2231435513142097,-1.6094379124341003
403779,55653,2022-02-09,3,0.013889637333620737,154,0.6,0,1.013912155482557,-0.1825109655227375,0.12475170497247667,1.283841486977501,0.19194620176317678,0.04115807249350745,-0.2876820724517808
403779,54726,2022-02-09,3,0.013889637333620737,154,0.043478260869565216,0,1.013912155482557,-0.1825109655227375,0.12475170497247667,0.5001472623831966,-2.123679874604454,2.803360380906535,3.091042453358316
403779,52300,2022-02-09,3,0.013889637333620737,154,0.07142857142857142,0,1.013912155482557,-0.1825109655227375,0.12475170497247667,0.17522133717028196,-1.1508408940710593,0.6190392084062237,-0.5877866649021195
403779,51573,2022-02-09,3,0.013889637333620737,154,0.005067567567567568,0,1.013912155482557,-0.1825109655227375,0.12475170497247667,-0.2737376891103409,-2.0455545733176312,1.9810014688665833,-4.085976312551584
403779,51530,2022-02-09,3,0.013889637333620737,154,0.6,0,1.013912155482557,-0.1825109655227375,0.12475170497247667,1.2014938989783794,-0.05160589981566788,-0.011628037995119023,0.2876820724517808
403779,50278,2022-02-09,3,0.013889637333620737,154,0.42857142857142855,0,1.013912155482557,-0.1825109655227375,0.12475170497247667,1.1397578068003058,-0.24572332980534872,0.5214640219710462,-1.056052674249314
403779,50276,2022-02-09,3,0.013889637333620737,154,0.75,0,1.013912155482557,-0.1825109655227375,0.12475170497247667,1.467622810772805,0.2669812351882128,-0.06759329113252832,-0.5108256237659905
403779,1392117675,2022-02-09,3,0.013889637333620737,154,0.09375,0,1.013912155482557,-0.1825109655227375,0.12475170497247667,-1.0624657775948427,0.5108921520827499,-0.17592635516640875,-0.0653277871611797
403779,1392111849,2022-02-09,3,0.013889637333620737,154,0.13636363636363635,0,1.013912155482557,-0.1825109655227375,0.12475170497247667,0.8228644043166266,-0.5276833774750483,0.12279557747992786,1.0690352713244229
403779,1392108845,2022-02-09,3,0.013889637333620737,154,0.0234375,0,1.013912155482557,-0.1825109655227375,0.12475170497247667,-1.2838007020836353,-0.27755673586449614,0.6650882324066405,-0.3277155788570667
403779,1392108713,2022-02-09,3,0.013889637333620737,154,0.034482758620689655,0,1.013912155482557,-0.1825109655227375,0.12475170497247667,-1.0748626430500126,0.16193992158078774,-0.3791300009149463,-0.2573928115611306
403779,1392108711,2022-02-09,3,0.013889637333620737,154,0.08823529411764706,0,1.013912155482557,-0.1825109655227375,0.12475170497247667,-0.40410004681308287,0.017889713908149696,-0.009666358350790105,-0.44334041949439396
403779,1358238076,2022-02-09,3,0.013889637333620737,154,0.1111111111111111,0,1.013912155482557,-0.1825109655227375,0.12475170497247667,-1.0073286838045876,0.039058010382757136,-0.24300379550067142,-1.9037435700540675
403779,1290926415,2022-02-09,3,0.013889637333620737,154,0.1875,0,1.013912155482557,-0.1825109655227375,0.12475170497247667,0.5482152419715378,,5.796057750765372,3.912023005428146
403779,1277308085,2022-02-09,3,0.013889637333620737,154,0.17647058823529413,0,1.013912155482557,-0.1825109655227375,0.12475170497247667,0.8194420677690775,,5.602118820879701,0.0
153492,46541,2022-02-09,4,0.023413446857430263,105,0.2222222222222222,0,1.2861158762981175,0.20797465574863705,-0.29213642280116137,0.8446879000994016,-1.7791392368882488,4.897839799950911,-0.2876820724517808
153492,56260,2022-02-09,4,0.023413446857430263,105,0.006791171477079796,0,1.2861158762981175,0.20797465574863705,-0.29213642280116137,1.3879574577310627,-0.6844324230502445,0.2231435513142097,-1.6094379124341003
153492,106861,2022-02-09,4,0.023413446857430263,105,0.5714285714285714,0,1.2861158762981175,0.20797465574863705,-0.29213642280116137,0.9272356608534473,-0.3126582047394195,0.296831267105369,0.4054651081081645
153492,51573,2022-02-09,4,0.023413446857430263,105,0.006756756756756757,0,1.2861158762981175,0.20797465574863705,-0.29213642280116137,-0.2737376891103409,-2.0455545733176312,1.9810014688665833,-4.085976312551584
153492,52300,2022-02-09,4,0.023413446857430263,105,0.09523809523809523,0,1.2861158762981175,0.20797465574863705,-0.29213642280116137,0.17522133717028196,-1.1508408940710593,0.6190392084062237,-0.5877866649021195
153492,129172,2022-02-09,4,0.023413446857430263,105,0.05555555555555555,0,1.2861158762981175,0.20797465574863705,-0.29213642280116137,-0.7101511567143902,0.9639463283935413,-0.307783251772868,0.09880436382649549
153492,126531,2022-02-09,4,0.023413446857430263,105,0.5714285714285714,0,1.2861158762981175,0.20797465574863705,-0.29213642280116137,1.0491310173792043,0.02763504316566112,0.2876820724517817,-0.2876820724517808
153492,194389,2022-02-09,4,0.023413446857430263,105,0.4444444444444444,0,1.2861158762981175,0.20797465574863705,-0.29213642280116137,1.2665577353438409,-0.14796963888921244,0.27193371548364187,0.18890052789199707
153492,250080,2022-02-09,4,0.023413446857430263,105,0.5714285714285714,0,1.2861158762981175,0.20797465574863705,-0.29213642280116137,1.2470249188520015,-0.09270900071201993,-0.24406144997589063,0.6931471805599453
153492,214686,2022-02-09,4,0.023413446857430263,105,0.21052631578947367,0,1.2861158762981175,0.20797465574863705,-0.29213642280116137,0.7943679250107879,,5.60947179518496,0.0
153492,143134,2022-02-09,4,0.023413446857430263,105,0.5714285714285714,0,1.2861158762981175,0.20797465574863705,-0.29213642280116137,0.7664913172879446,-0.6284705282445602,0.2876820724517808,-0.2231435513142097
153492,146457,2022-02-09,4,0.023413446857430263,105,0.5714285714285714,0,1.2861158762981175,0.20797465574863705,-0.29213642280116137,1.441215059542381,0.014098503903352544,0.33755390249195383,0.0
153492,804059039,2022-02-09,4,0.023413446857430263,105,0.21052631578947367,0,1.2861158762981175,0.20797465574863705,-0.29213642280116137,0.6124753703828932,0.5652182948789295,1.7777732272533155,-2.0825616690160795
153492,1746143216,2022-02-09,4,0.023413446857430263,105,0.21052631578947367,0,1.2861158762981175,0.20797465574863705,-0.29213642280116137,0.7878285160995894,,5.662960480135946,0.0
153492,1540869033,2022-02-09,4,0.023413446857430263,105,0.2222222222222222,0,1.2861158762981175,0.20797465574863705,-0.29213642280116137,0.5813470509874152,,5.66988092298052,0.0
153492,1474282524,2022-02-09,4,0.023413446857430263,105,0.2222222222222222,0,1.2861158762981175,0.20797465574863705,-0.29213642280116137,0.748177327989093,,5.60947179518496,0.0
153492,1392166028,2022-02-09,4,0.023413446857430263,105,0.12903225806451613,0,1.2861158762981175,0.20797465574863705,-0.29213642280116137,-0.6202390353399521,-1.159642390903532,2.301960873248434,0.18530444082566433
153492,1392321470,2022-02-09,4,0.023413446857430263,105,0.2,0,1.2861158762981175,0.20797465574863705,-0.29213642280116137,-1.1055700394612218,0.0720588192400815,-0.3669949529707228,1.6142887075621317
153492,263678655,2022-02-09,4,0.023413446857430263,105,0.058823529411764705,0,1.2861158762981175,0.20797465574863705,-0.29213642280116137,-0.4597493433623348,0.3087693289599877,-0.942293479480635,1.1877293243096068
153492,300531239,2022-02-09,4,0.023413446857430263,105,0.05128205128205128,0,1.2861158762981175,0.20797465574863705,-0.29213642280116137,-0.4504245779520143,1.6498563684251821,-0.92173673922826,-0.3113998575251351
153492,1392158625,2022-02-09,4,0.023413446857430263,105,0.17391304347826086,0,1.2861158762981175,0.20797465574863705,-0.29213642280116137,-0.9228483520290628,-0.6506846804147508,1.1321108287425927,-1.356044913460952
153492,1392162219,2022-02-09,4,0.023413446857430263,105,0.2222222222222222,0,1.2861158762981175,0.20797465574863705,-0.29213642280116137,0.920369326927913,1.3531175569445204,-0.20909179785855958,0.6931471805599453
153492,1392139747,2022-02-09,4,0.023413446857430263,105,0.10526315789473684,0,1.2861158762981175,0.20797465574863705,-0.29213642280116137,1.5660330485569673,-0.3402847338506507,0.9395475940384221,0.9311058176592963
153492,600923975,2022-02-09,4,0.023413446857430263,105,0.09090909090909091,0,1.2861158762981175,0.20797465574863705,-0.29213642280116137,0.026556001225226444,0.21417647924279828,-0.09552206665753804,-1.215960959885905
153492,1277308085,2022-02-09,4,0.023413446857430263,105,0.2222222222222222,0,1.2861158762981175,0.20797465574863705,-0.29213642280116137,0.8194420677690775,,5.602118820879701,0.0
153492,1392108713,2022-02-09,4,0.023413446857430263,105,0.04597701149425287,0,1.2861158762981175,0.20797465574863705,-0.29213642280116137,-1.0748626430500126,0.16193992158078774,-0.3791300009149463,-0.2573928115611306
153492,1392108845,2022-02-09,4,0.023413446857430263,105,0.03125,0,1.2861158762981175,0.20797465574863705,-0.29213642280116137,-1.2838007020836353,-0.27755673586449614,0.6650882324066405,-0.3277155788570667
153492,1392117675,2022-02-09,4,0.023413446857430263,105,0.125,0,1.2861158762981175,0.20797465574863705,-0.29213642280116137,-1.0624657775948427,0.5108921520827499,-0.17592635516640875,-0.0653277871611797
153492,668311614,2022-02-09,4,0.023413446857430263,105,0.21052631578947367,0,1.2861158762981175,0.20797465574863705,-0.29213642280116137,0.76364902546233,,5.60947179518496,-3.6888794541139363
153492,397993501,2022-02-09,4,0.023413446857430263,105,0.0784313725490196,0,1.2861158762981175,0.20797465574863705,-0.29213642280116137,-2.2405387654512112,-0.2596744022993003,1.2489515933938886,0.31713753414105206
153492,1746521229,2022-02-09,4,0.023413446857430263,105,0.1,0,1.2861158762981175,0.20797465574863705,-0.29213642280116137,-2.381829796388724,-0.387424538204729,-0.05767363874701381,-0.21111327920078615
153492,47978,2022-02-09,4,0.023413446857430263,105,0.09523809523809523,0,1.2861158762981175,0.20797465574863705,-0.29213642280116137,0.5675471261084584,-0.4075927675553207,-0.1187163068393815,-0.6737290947028436
153492,807147052,2022-02-09,4,0.023413446857430263,105,0.2222222222222222,0,1.2861158762981175,0.20797465574863705,-0.29213642280116137,0.6981350583522575,,5.730099782973574,-4.0943445622221
153492,828337656,2022-02-09,4,0.023413446857430263,105,0.08695652173913043,0,1.2861158762981175,0.20797465574863705,-0.29213642280116137,-1.767988467102384,-0.11531773289073488,0.12355524091929304,-0.735706794978741
153492,817600422,2022-02-09,4,0.023413446857430263,105,0.23529411764705882,0,1.2861158762981175,0.20797465574863705,-0.29213642280116137,0.7609081241802774,,5.616771097666572,0.0
153492,998269223,2022-02-09,4,0.023413446857430263,105,0.08695652173913043,0,1.2861158762981175,0.20797465574863705,-0.29213642280116137,-1.9067228235381715,-0.25474279557295687,0.37290110090903816,0.18772955470470265
250080,46541,2022-02-09,4,0.023413446857430263,105,0.23529411764705882,0,1.3397339195640214,-0.09270900071201993,-0.24406144997589063,0.8446879000994016,-1.7791392368882488,4.897839799950911,-0.2876820724517808
250080,56260,2022-02-09,4,0.023413446857430263,105,0.006791171477079796,0,1.3397339195640214,-0.09270900071201993,-0.24406144997589063,1.3879574577310627,-0.6844324230502445,0.2231435513142097,-1.6094379124341003
250080,106861,2022-02-09,4,0.023413446857430263,105,0.8,0,1.3397339195640214,-0.09270900071201993,-0.24406144997589063,0.9272356608534473,-0.3126582047394195,0.296831267105369,0.4054651081081645
250080,51573,2022-02-09,4,0.023413446857430263,105,0.006756756756756757,0,1.3397339195640214,-0.09270900071201993,-0.24406144997589063,-0.2737376891103409,-2.0455545733176312,1.9810014688665833,-4.085976312551584
250080,52300,2022-02-09,4,0.023413446857430263,105,0.09523809523809523,0,1.3397339195640214,-0.09270900071201993,-0.24406144997589063,0.17522133717028196,-1.1508408940710593,0.6190392084062237,-0.5877866649021195
250080,129172,2022-02-09,4,0.023413446857430263,105,0.05555555555555555,0,1.3397339195640214,-0.09270900071201993,-0.24406144997589063,-0.7101511567143902,0.9639463283935413,-0.307783251772868,0.09880436382649549
250080,126531,2022-02-09,4,0.023413446857430263,105,0.8,0,1.3397339195640214,-0.09270900071201993,-0.24406144997589063,1.0491310173792043,0.02763504316566112,0.2876820724517817,-0.2876820724517808
250080,194389,2022-02-09,4,0.023413446857430263,105,0.4444444444444444,0,1.3397339195640214,-0.09270900071201993,-0.24406144997589063,1.2665577353438409,-0.14796963888921244,0.27193371548364187,0.18890052789199707
250080,214686,2022-02-09,4,0.023413446857430263,105,0.2222222222222222,0,1.3397339195640214,-0.09270900071201993,-0.24406144997589063,0.7943679250107879,,5.60947179518496,0.0
250080,143134,2022-02-09,4,0.023413446857430263,105,0.8,0,1.3397339195640214,-0.09270900071201993,-0.24406144997589063,0.7664913172879446,-0.6284705282445602,0.2876820724517808,-0.2231435513142097
250080,146457,2022-02-09,4,0.023413446857430263,105,0.8,0,1.3397339195640214,-0.09270900071201993,-0.24406144997589063,1.441215059542381,0.014098503903352544,0.33755390249195383,0.0
250080,153492,2022-02-09,4,0.023413446857430263,105,0.5714285714285714,0,1.3397339195640214,-0.09270900071201993,-0.24406144997589063,1.4940905320467546,0.20797465574863705,-0.29213642280116137,-0.30318625898774565
250080,804059039,2022-02-09,4,0.023413446857430263,105,0.2222222222222222,0,1.3397339195640214,-0.09270900071201993,-0.24406144997589063,0.6124753703828932,0.5652182948789295,1.7777732272533155,-2.0825616690160795
250080,1746143216,2022-02-09,4,0.023413446857430263,105,0.2222222222222222,0,1.3397339195640214,-0.09270900071201993,-0.24406144997589063,0.7878285160995894,,5.662960480135946,0.0
250080,1540869033,2022-02-09,4,0.023413446857430263,105,0.23529411764705882,0,1.3397339195640214,-0.09270900071201993,-0.24406144997589063,0.5813470509874152,,5.66988092298052,0.0
250080,1474282524,2022-02-09,4,0.023413446857430263,105,0.23529411764705882,0,1.3397339195640214,-0.09270900071201993,-0.24406144997589063,0.748177327989093,,5.60947179518496,0.0
250080,1392166028,2022-02-09,4,0.023413446857430263,105,0.12903225806451613,0,1.3397339195640214,-0.09270900071201993,-0.24406144997589063,-0.6202390353399521,-1.159642390903532,2.301960873248434,0.18530444082566433
250080,1392321470,2022-02-09,4,0.023413446857430263,105,0.21052631578947367,0,1.3397339195640214,-0.09270900071201993,-0.24406144997589063,-1.1055700394612218,0.0720588192400815,-0.3669949529707228,1.6142887075621317
250080,263678655,2022-02-09,4,0.023413446857430263,105,0.058823529411764705,0,1.3397339195640214,-0.09270900071201993,-0.24406144997589063,-0.4597493433623348,0.3087693289599877,-0.942293479480635,1.1877293243096068
250080,300531239,2022-02-09,4,0.023413446857430263,105,0.05128205128205128,0,1.3397339195640214,-0.09270900071201993,-0.24406144997589063,-0.4504245779520143,1.6498563684251821,-0.92173673922826,-0.3113998575251351
250080,1392158625,2022-02-09,4,0.023413446857430263,105,0.17391304347826086,0,1.3397339195640214,-0.09270900071201993,-0.24406144997589063,-0.9228483520290628,-0.6506846804147508,1.1321108287425927,-1.356044913460952
250080,1392162219,2022-02-09,4,0.023413446857430263,105,0.23529411764705882,0,1.3397339195640214,-0.09270900071201993,-0.24406144997589063,0.920369326927913,1.3531175569445204,-0.20909179785855958,0.6931471805599453
250080,1392139747,2022-02-09,4,0.023413446857430263,105,0.10526315789473684,0,1.3397339195640214,-0.09270900071201993,-0.24406144997589063,1.5660330485569673,-0.3402847338506507,0.9395475940384221,0.9311058176592963
250080,600923975,2022-02-09,4,0.023413446857430263,105,0.09090909090909091,0,1.3397339195640214,-0.09270900071201993,-0.24406144997589063,0.026556001225226444,0.21417647924279828,-0.09552206665753804,-1.215960959885905
250080,1277308085,2022-02-09,4,0.023413446857430263,105,0.23529411764705882,0,1.3397339195640214,-0.09270900071201993,-0.24406144997589063,0.8194420677690775,,5.602118820879701,0.0
250080,1392108713,2022-02-09,4,0.023413446857430263,105,0.04597701149425287,0,1.3397339195640214,-0.09270900071201993,-0.24406144997589063,-1.0748626430500126,0.16193992158078774,-0.3791300009149463,-0.2573928115611306
250080,1392108845,2022-02-09,4,0.023413446857430263,105,0.03125,0,1.3397339195640214,-0.09270900071201993,-0.24406144997589063,-1.2838007020836353,-0.27755673586449614,0.6650882324066405,-0.3277155788570667
250080,1392117675,2022-02-09,4,0.023413446857430263,105,0.125,0,1.3397339195640214,-0.09270900071201993,-0.24406144997589063,-1.0624657775948427,0.5108921520827499,-0.17592635516640875,-0.0653277871611797
250080,668311614,2022-02-09,4,0.023413446857430263,105,0.2222222222222222,0,1.3397339195640214,-0.09270900071201993,-0.24406144997589063,0.76364902546233,,5.60947179518496,-3.6888794541139363
250080,397993501,2022-02-09,4,0.023413446857430263,105,0.0784313725490196,0,1.3397339195640214,-0.09270900071201993,-0.24406144997589063,-2.2405387654512112,-0.2596744022993003,1.2489515933938886,0.31713753414105206
250080,1746521229,2022-02-09,4,0.023413446857430263,105,0.1,0,1.3397339195640214,-0.09270900071201993,-0.24406144997589063,-2.381829796388724,-0.387424538204729,-0.05767363874701381,-0.21111327920078615
250080,47978,2022-02-09,4,0.023413446857430263,105,0.0975609756097561,0,1.3397339195640214,-0.09270900071201993,-0.24406144997589063,0.5675471261084584,-0.4075927675553207,-0.1187163068393815,-0.6737290947028436
250080,807147052,2022-02-09,4,0.023413446857430263,105,0.23529411764705882,0,1.3397339195640214,-0.09270900071201993,-0.24406144997589063,0.6981350583522575,,5.730099782973574,-4.0943445622221
250080,828337656,2022-02-09,4,0.023413446857430263,105,0.08695652173913043,0,1.3397339195640214,-0.09270900071201993,-0.24406144997589063,-1.767988467102384,-0.11531773289073488,0.12355524091929304,-0.735706794978741
250080,817600422,2022-02-09,4,0.023413446857430263,105,0.25,0,1.3397339195640214,-0.09270900071201993,-0.24406144997589063,0.7609081241802774,,5.616771097666572,0.0
250080,998269223,2022-02-09,4,0.023413446857430263,105,0.08695652173913043,0,1.3397339195640214,-0.09270900071201993,-0.24406144997589063,-1.9067228235381715,-0.25474279557295687,0.37290110090903816,0.18772955470470265
400168,2144220670,2022-02-09,2,0.007396130840114243,241,0.11764705882352941,0,1.2110681526146245,-0.4651175813754954,0.17435338714477844,0.8465142905174498,,5.638354669333745,-4.07753744390572
400168,2142864304,2022-02-09,2,0.007396130840114243,241,0.028169014084507043,0,1.2110681526146245,-0.4651175813754954,0.17435338714477844,-2.056328872946036,-0.09637532335070143,0.18808025147184004,-0.09589338355335997
400168,49403,2022-02-09,2,0.007396130840114243,241,0.4,0,1.2110681526146245,-0.4651175813754954,0.17435338714477844,0.7360017377290525,-0.5881220511918438,0.10788896201118447,-0.6931471805599453
400168,48570,2022-02-09,2,0.007396130840114243,241,0.4,0,1.2110681526146245,-0.4651175813754954,0.17435338714477844,1.3482761651175987,-0.13099677945132782,0.04204823624349974,0.4054651081081645
400168,48300,2022-02-09,2,0.007396130840114243,241,0.05405405405405406,0,1.2110681526146245,-0.4651175813754954,0.17435338714477844,1.3740527316717042,1.629610073563753,-2.185459735756633,-2.136136885356381
400168,47978,2022-02-09,2,0.007396130840114243,241,0.04878048780487805,0,1.2110681526146245,-0.4651175813754954,0.17435338714477844,0.5675471261084584,-0.4075927675553207,-0.1187163068393815,-0.6737290947028436
400168,47921,2022-02-09,2,0.007396130840114243,241,0.3333333333333333,0,1.2110681526146245,-0.4651175813754954,0.17435338714477844,0.9114631099017848,-0.19178689912491487,-0.0784716154414955,-0.6931471805599453
400168,46541,2022-02-09,2,0.007396130840114243,241,0.11764705882352941,0,1.2110681526146245,-0.4651175813754954,0.17435338714477844,0.8446879000994016,-1.7791392368882488,4.897839799950911,-0.2876820724517808
400168,2142862519,2022-02-09,2,0.007396130840114243,241,0.02127659574468085,0,1.2110681526146245,-0.4651175813754954,0.17435338714477844,-4.349847466211512,-0.15963533380646755,0.26663517017293614,-0.8796848308040879
400168,2116182225,2022-02-09,2,0.007396130840114243,241,0.038461538461538464,0,1.2110681526146245,-0.4651175813754954,0.17435338714477844,-2.085665103731578,-0.10217077436004263,0.13964231547022088,0.09298022839291598
400168,2080904040,2022-02-09,2,0.007396130840114243,241,0.024390243902439025,0,1.2110681526146245,-0.4651175813754954,0.17435338714477844,-5.3813876970823795,0.02125041849138576,-0.023002487430552776,-0.1745071853562159
400168,2018450532,2022-02-09,2,0.007396130840114243,241,0.015384615384615385,0,1.2110681526146245,-0.4651175813754954,0.17435338714477844,-2.493288288650955,0.2551181284753947,0.04089387255264043,-0.6969395564000269
400168,2004429834,2022-02-09,2,0.007396130840114243,241,0.03508771929824561,0,1.2110681526146245,-0.4651175813754954,0.17435338714477844,-3.437591564466938,-0.03691198057652478,0.03658352261276043,-0.15624444783308356
400168,1868462368,2022-02-09,2,0.007396130840114243,241,0.16666666666666666,0,1.2110681526146245,-0.4651175813754954,0.17435338714477844,0.9636688801120382,-0.28823664564135154,0.6040675505062572,-0.2309867287752354
400168,1769772275,2022-02-09,2,0.007396130840114243,241,0.021505376344086023,0,1.2110681526146245,-0.4651175813754954,0.17435338714477844,2.082952852359916,,2.3978952727983707,-0.10506106963073414
400168,1746521229,2022-02-09,2,0.007396130840114243,241,0.05,0,1.2110681526146245,-0.4651175813754954,0.17435338714477844,-2.381829796388724,-0.387424538204729,-0.05767363874701381,-0.21111327920078615
400168,74354,2022-02-09,2,0.007396130840114243,241,0.5,0,1.2110681526146245,-0.4651175813754954,0.17435338714477844,1.3341240577002806,0.06708346309655422,-0.08879549878313142,-0.2876820724517808
400168,67700,2022-02-09,2,0.007396130840114243,241,0.04878048780487805,0,1.2110681526146245,-0.4651175813754954,0.17435338714477844,-0.232243766155743,-1.346793681962019,-0.3388372357527105,1.2869218873066868
400168,59451,2022-02-09,2,0.007396130840114243,241,0.5,0,1.2110681526146245,-0.4651175813754954,0.17435338714477844,0.8506807629686542,0.07752855802551373,0.5140989491109593,-0.6931471805599453
400168,56554,2022-02-09,2,0.007396130840114243,241,0.06451612903225806,0,1.2110681526146245,-0.4651175813754954,0.17435338714477844,-0.14301183024923472,0.365518382482762,-0.9641631203335939,-0.12005646848428153
400168,56260,2022-02-09,2,0.007396130840114243,241,0.003395585738539898,0,1.2110681526146245,-0.4651175813754954,0.17435338714477844,1.3879574577310627,-0.6844324230502445,0.2231435513142097,-1.6094379124341003
400168,55653,2022-02-09,2,0.007396130840114243,241,0.4,0,1.2110681526146245,-0.4651175813754954,0.17435338714477844,1.283841486977501,0.19194620176317678,0.04115807249350745,-0.2876820724517808
400168,54726,2022-02-09,2,0.007396130840114243,241,0.028985507246376812,0,1.2110681526146245,-0.4651175813754954,0.17435338714477844,0.5001472623831966,-2.123679874604454,2.803360380906535,3.091042453358316
400168,52300,2022-02-09,2,0.007396130840114243,241,0.047619047619047616,0,1.2110681526146245,-0.4651175813754954,0.17435338714477844,0.17522133717028196,-1.1508408940710593,0.6190392084062237,-0.5877866649021195
400168,51573,2022-02-09,2,0.007396130840114243,241,0.0033783783783783786,0,1.2110681526146245,-0.4651175813754954,0.17435338714477844,-0.2737376891103409,-2.0455545733176312,1.9810014688665833,-4.085976312551584
400168,51530,2022-02-09,2,0.007396130840114243,241,0.4,0,1.2110681526146245,-0.4651175813754954,0.17435338714477844,1.2014938989783794,-0.05160589981566788,-0.011628037995119023,0.2876820724517808
400168,50278,2022-02-09,2,0.007396130840114243,241,0.2857142857142857,0,1.2110681526146245,-0.4651175813754954,0.17435338714477844,1.1397578068003058,-0.24572332980534872,0.5214640219710462,-1.056052674249314
400168,50276,2022-02-09,2,0.007396130840114243,241,0.5,0,1.2110681526146245,-0.4651175813754954,0.17435338714477844,1.467622810772805,0.2669812351882128,-0.06759329113252832,-0.5108256237659905
400168,1746143216,2022-02-09,2,0.007396130840114243,241,0.1111111111111111,0,1.2110681526146245,-0.4651175813754954,0.17435338714477844,0.7878285160995894,,5.662960480135946,0.0
400168,1540869033,2022-02-09,2,0.007396130840114243,241,0.11764705882352941,0,1.2110681526146245,-0.4651175813754954,0.17435338714477844,0.5813470509874152,,5.66988092298052,0.0
400168,1482563072,2022-02-09,2,0.007396130840114243,241,0.058823529411764705,0,1.2110681526146245,-0.4651175813754954,0.17435338714477844,1.5321890148017325,,4.553876891600541,-0.4618180446592959
400168,1474282524,2022-02-09,2,0.007396130840114243,241,0.11764705882352941,0,1.2110681526146245,-0.4651175813754954,0.17435338714477844,0.748177327989093,,5.60947179518496,0.0
400168,1469695839,2022-02-09,2,0.007396130840114243,241,0.047619047619047616,0,1.2110681526146245,-0.4651175813754954,0.17435338714477844,-0.7258686437103969,-0.07989021338552804,0.3060559239655394,0.8355489678981209
400168,1395542724,2022-02-09,2,0.007396130840114243,241,0.022988505747126436,0,1.2110681526146245,-0.4651175813754954,0.17435338714477844,-2.783804285442223,-0.8934935629580392,0.9488258772720144,0.8251378106555247
400168,1392525569,2022-02-09,2,0.007396130840114243,241,0.029411764705882353,0,1.2110681526146245,-0.4651175813754954,0.17435338714477844,1.853013926783262,0.0777810510503214,-0.1949003390008146,-0.03226086221822122
400168,1392321470,2022-02-09,2,0.007396130840114243,241,0.10526315789473684,0,1.2110681526146245,-0.4651175813754954,0.17435338714477844,-1.1055700394612218,0.0720588192400815,-0.3669949529707228,1.6142887075621317
400168,1392166028,2022-02-09,2,0.007396130840114243,241,0.06451612903225806,0,1.2110681526146245,-0.4651175813754954,0.17435338714477844,-0.6202390353399521,-1.159642390903532,2.301960873248434,0.18530444082566433
77331,2144220670,2022-02-09,3,0.013889637333620737,154,0.17647058823529413,0,1.293445159985723,-0.02750080163475599,0.04367506350266215,0.8465142905174498,,5.638354669333745,-4.07753744390572
77331,49403,2022-02-09,3,0.013889637333620737,154,0.6,0,1.293445159985723,-0.02750080163475599,0.04367506350266215,0.7360017377290525,-0.5881220511918438,0.10788896201118447,-0.6931471805599453
77331,48570,2022-02-09,3,0.013889637333620737,154,0.6,0,1.293445159985723,-0.02750080163475599,0.04367506350266215,1.3482761651175987,-0.13099677945132782,0.04204823624349974,0.4054651081081645
77331,47978,2022-02-09,3,0.013889637333620737,154,0.07317073170731707,0,1.293445159985723,-0.02750080163475599,0.04367506350266215,0.5675471261084584,-0.4075927675553207,-0.1187163068393815,-0.6737290947028436
77331,47921,2022-02-09,3,0.013889637333620737,154,0.5,0,1.293445159985723,-0.02750080163475599,0.04367506350266215,0.9114631099017848,-0.19178689912491487,-0.0784716154414955,-0.6931471805599453
77331,46541,2022-02-09,3,0.013889637333620737,154,0.17647058823529413,0,1.293445159985723,-0.02750080163475599,0.04367506350266215,0.8446879000994016,-1.7791392368882488,4.897839799950911,-0.2876820724517808
77331,2142862519,2022-02-09,3,0.013889637333620737,154,0.031914893617021274,0,1.293445159985723,-0.02750080163475599,0.04367506350266215,-4.349847466211512,-0.15963533380646755,0.26663517017293614,-0.8796848308040879
77331,2080904040,2022-02-09,3,0.013889637333620737,154,0.036585365853658534,0,1.293445159985723,-0.02750080163475599,0.04367506350266215,-5.3813876970823795,0.02125041849138576,-0.023002487430552776,-0.1745071853562159
77331,2018450532,2022-02-09,3,0.013889637333620737,154,0.023076923076923078,0,1.293445159985723,-0.02750080163475599,0.04367506350266215,-2.493288288650955,0.2551181284753947,0.04089387255264043,-0.6969395564000269
77331,1746521229,2022-02-09,3,0.013889637333620737,154,0.075,0,1.293445159985723,-0.02750080163475599,0.04367506350266215,-2.381829796388724,-0.387424538204729,-0.05767363874701381,-0.21111327920078615
77331,1746143216,2022-02-09,3,0.013889637333620737,154,0.16666666666666666,0,1.293445159985723,-0.02750080163475599,0.04367506350266215,0.7878285160995894,,5.662960480135946,0.0
77331,1540869033,2022-02-09,3,0.013889637333620737,154,0.17647058823529413,0,1.293445159985723,-0.02750080163475599,0.04367506350266215,0.5813470509874152,,5.66988092298052,0.0
77331,1474282524,2022-02-09,3,0.013889637333620737,154,0.17647058823529413,0,1.293445159985723,-0.02750080163475599,0.04367506350266215,0.748177327989093,,5.60947179518496,0.0
77331,1469695839,2022-02-09,3,0.013889637333620737,154,0.07142857142857142,0,1.293445159985723,-0.02750080163475599,0.04367506350266215,-0.7258686437103969,-0.07989021338552804,0.3060559239655394,0.8355489678981209
77331,1392525569,2022-02-09,3,0.013889637333620737,154,0.04411764705882353,0,1.293445159985723,-0.02750080163475599,0.04367506350266215,1.853013926783262,0.0777810510503214,-0.1949003390008146,-0.03226086221822122
77331,1392321470,2022-02-09,3,0.013889637333620737,154,0.15789473684210525,0,1.293445159985723,-0.02750080163475599,0.04367506350266215,-1.1055700394612218,0.0720588192400815,-0.3669949529707228,1.6142887075621317
77331,1392166028,2022-02-09,3,0.013889637333620737,154,0.0967741935483871,0,1.293445159985723,-0.02750080163475599,0.04367506350266215,-0.6202390353399521,-1.159642390903532,2.301960873248434,0.18530444082566433
77331,1392162219,2022-02-09,3,0.013889637333620737,154,0.17647058823529413,0,1.293445159985723,-0.02750080163475599,0.04367506350266215,0.920369326927913,1.3531175569445204,-0.20909179785855958,0.6931471805599453
77331,1392158625,2022-02-09,3,0.013889637333620737,154,0.13043478260869565,0,1.293445159985723,-0.02750080163475599,0.04367506350266215,-0.9228483520290628,-0.6506846804147508,1.1321108287425927,-1.356044913460952
77331,1392139747,2022-02-09,3,0.013889637333620737,154,0.07894736842105263,0,1.293445159985723,-0.02750080163475599,0.04367506350266215,1.5660330485569673,-0.3402847338506507,0.9395475940384221,0.9311058176592963
77331,74354,2022-02-09,3,0.013889637333620737,154,0.75,0,1.293445159985723,-0.02750080163475599,0.04367506350266215,1.3341240577002806,0.06708346309655422,-0.08879549878313142,-0.2876820724517808
77331,59451,2022-02-09,3,0.013889637333620737,154,0.75,0,1.293445159985723,-0.02750080163475599,0.04367506350266215,0.8506807629686542,0.07752855802551373,0.5140989491109593,-0.6931471805599453
77331,56260,2022-02-09,3,0.013889637333620737,154,0.0050933786078098476,0,1.293445159985723,-0.02750080163475599,0.04367506350266215,1.3879574577310627,-0.6844324230502445,0.2231435513142097,-1.6094379124341003
77331,55653,2022-02-09,3,0.013889637333620737,154,0.6,0,1.293445159985723,-0.02750080163475599,0.04367506350266215,1.283841486977501,0.19194620176317678,0.04115807249350745,-0.2876820724517808
77331,54726,2022-02-09,3,0.013889637333620737,154,0.043478260869565216,0,1.293445159985723,-0.02750080163475599,0.04367506350266215,0.5001472623831966,-2.123679874604454,2.803360380906535,3.091042453358316
77331,52300,2022-02-09,3,0.013889637333620737,154,0.07142857142857142,0,1.293445159985723,-0.02750080163475599,0.04367506350266215,0.17522133717028196,-1.1508408940710593,0.6190392084062237,-0.5877866649021195
77331,51573,2022-02-09,3,0.013889637333620737,154,0.005067567567567568,0,1.293445159985723,-0.02750080163475599,0.04367506350266215,-0.2737376891103409,-2.0455545733176312,1.9810014688665833,-4.085976312551584
77331,51530,2022-02-09,3,0.013889637333620737,154,0.6,0,1.293445159985723,-0.02750080163475599,0.04367506350266215,1.2014938989783794,-0.05160589981566788,-0.011628037995119023,0.2876820724517808
77331,50278,2022-02-09,3,0.013889637333620737,154,0.42857142857142855,0,1.293445159985723,-0.02750080163475599,0.04367506350266215,1.1397578068003058,-0.24572332980534872,0.5214640219710462,-1.056052674249314
77331,50276,2022-02-09,3,0.013889637333620737,154,0.75,0,1.293445159985723,-0.02750080163475599,0.04367506350266215,1.467622810772805,0.2669812351882128,-0.06759329113252832,-0.5108256237659905
77331,1392117675,2022-02-09,3,0.013889637333620737,154,0.09375,0,1.293445159985723,-0.02750080163475599,0.04367506350266215,-1.0624657775948427,0.5108921520827499,-0.17592635516640875,-0.0653277871611797
77331,1392111849,2022-02-09,3,0.013889637333620737,154,0.13636363636363635,0,1.293445159985723,-0.02750080163475599,0.04367506350266215,0.8228644043166266,-0.5276833774750483,0.12279557747992786,1.0690352713244229
77331,1392108845,2022-02-09,3,0.013889637333620737,154,0.0234375,0,1.293445159985723,-0.02750080163475599,0.04367506350266215,-1.2838007020836353,-0.27755673586449614,0.6650882324066405,-0.3277155788570667
77331,1392108713,2022-02-09,3,0.013889637333620737,154,0.034482758620689655,0,1.293445159985723,-0.02750080163475599,0.04367506350266215,-1.0748626430500126,0.16193992158078774,-0.3791300009149463,-0.2573928115611306
77331,1392108711,2022-02-09,3,0.013889637333620737,154,0.08823529411764706,0,1.293445159985723,-0.02750080163475599,0.04367506350266215,-0.40410004681308287,0.017889713908149696,-0.009666358350790105,-0.44334041949439396
77331,1358238076,2022-02-09,3,0.013889637333620737,154,0.1111111111111111,0,1.293445159985723,-0.02750080163475599,0.04367506350266215,-1.0073286838045876,0.039058010382757136,-0.24300379550067142,-1.9037435700540675
77331,1290926415,2022-02-09,3,0.013889637333620737,154,0.1875,0,1.293445159985723,-0.02750080163475599,0.04367506350266215,0.5482152419715378,,5.796057750765372,3.912023005428146
77331,1277308085,2022-02-09,3,0.013889637333620737,154,0.17647058823529413,0,1.293445159985723,-0.02750080163475599,0.04367506350266215,0.8194420677690775,,5.602118820879701,0.0
48570,2144220670,2022-02-10,3,0.013889637333620737,154,0.16666666666666666,0,1.1844518996637212,0.3409937643374057,-0.8131064956389249,0.817735116276223,,5.736572297479192,-4.07753744390572
48570,50276,2022-02-10,3,0.013889637333620737,154,0.6,0,1.1844518996637212,0.3409937643374057,-0.8131064956389249,1.6428248844940871,0.5840127282322503,-0.8927602344639611,-0.5108256237659905
48570,49403,2022-02-10,3,0.013889637333620737,154,0.5,0,1.1844518996637212,0.3409937643374057,-0.8131064956389249,0.9010616012570883,-0.26601536890469435,-0.7659065348423741,-0.6931471805599453
48570,47978,2022-02-10,3,0.013889637333620737,154,0.07317073170731707,0,1.1844518996637212,0.3409937643374057,-0.8131064956389249,0.5694099453436888,-0.40572994832009024,0.0925927868278249,-0.9808292530117266
48570,47921,2022-02-10,3,0.013889637333620737,154,0.42857142857142855,0,1.1844518996637212,0.3409937643374057,-0.8131064956389249,1.1227539869545724,0.31306476062489574,-1.1614131899071403,-0.6931471805599453
48570,46541,2022-02-10,3,0.013889637333620737,154,0.16666666666666666,0,1.1844518996637212,0.3409937643374057,-0.8131064956389249,0.8791572709879716,-1.7446698659996789,4.941642422609304,0.0
48570,2142862519,2022-02-10,3,0.013889637333620737,154,0.031914893617021274,0,1.1844518996637212,0.3409937643374057,-0.8131064956389249,-4.329027246802783,-0.12565657047255385,0.1745453840734168,-0.806066979872023
48570,2080904040,2022-02-10,3,0.013889637333620737,154,0.036585365853658534,0,1.1844518996637212,0.3409937643374057,-0.8131064956389249,-5.385732199816076,0.024943352205315072,-0.027111938192062368,-0.21606407109470993
48570,2018450532,2022-02-10,3,0.013889637333620737,154,0.023076923076923078,0,1.1844518996637212,0.3409937643374057,-0.8131064956389249,-2.6715201232455024,-0.02514746989576855,0.20060293256267947,-0.447185976990113
48570,1746521229,2022-02-10,3,0.013889637333620737,154,0.075,0,1.1844518996637212,0.3409937643374057,-0.8131064956389249,-2.381592541720022,-0.2939797195075333,-0.019499426234370176,-0.2936189114744536
48570,1746143216,2022-02-10,3,0.013889637333620737,154,0.15789473684210525,0,1.1844518996637212,0.3409937643374057,-0.8131064956389249,0.780263924406414,,5.739792912179234,0.0
48570,1540869033,2022-02-10,3,0.013889637333620737,154,0.16666666666666666,0,1.1844518996637212,0.3409937643374057,-0.8131064956389249,0.6312094851572003,,5.720311776607412,0.0
48570,1474282524,2022-02-10,3,0.013889637333620737,154,0.16666666666666666,0,1.1844518996637212,0.3409937643374057,-0.8131064956389249,0.7855944558994022,,5.655991810819852,0.0
48570,1469695839,2022-02-10,3,0.013889637333620737,154,0.07142857142857142,0,1.1844518996637212,0.3409937643374057,-0.8131064956389249,-0.7659386906291744,-0.11484247747155796,0.3208469187181322,0.8285457440953712
48570,1392525569,2022-02-10,3,0.013889637333620737,154,0.04411764705882353,0,1.1844518996637212,0.3409937643374057,-0.8131064956389249,1.8656717987267768,0.034686347622175484,-0.03822121282019708,0.015504186535965303
48570,1392321470,2022-02-10,3,0.013889637333620737,154,0.15,0,1.1844518996637212,0.3409937643374057,-0.8131064956389249,-1.0767078705910784,0.07630908453377594,-0.37159892273900574,1.6628511114443079
48570,1392166028,2022-02-10,3,0.013889637333620737,154,0.0967741935483871,0,1.1844518996637212,0.3409937643374057,-0.8131064956389249,-0.6275531653652834,-1.1314143889952932,2.18670467833884,0.21113966288904962
48570,1392162219,2022-02-10,3,0.013889637333620737,154,0.16666666666666666,0,1.1844518996637212,0.3409937643374057,-0.8131064956389249,0.9411752173872854,1.3739234474038928,-0.1599325619004759,0.6931471805599453
48570,1392158625,2022-02-10,3,0.013889637333620737,154,0.13043478260869565,0,1.1844518996637212,0.3409937643374057,-0.8131064956389249,-0.9629886247882223,-0.670650637325976,1.1367071637207928,-1.2519368635330625
48570,1392139747,2022-02-10,3,0.013889637333620737,154,0.07692307692307693,0,1.1844518996637212,0.3409937643374057,-0.8131064956389249,1.6002850928402215,-0.2246462088704515,0.8183103235139519,0.9133879722161931
48570,77331,2022-02-10,3,0.013889637333620737,154,0.6,0,1.1844518996637212,0.3409937643374057,-0.8131064956389249,1.4509106457121934,0.29962780145173484,-0.8829037158414179,-0.6931471805599453
48570,74354,2022-02-10,3,0.013889637333620737,154,0.6,0,1.1844518996637212,0.3409937643374057,-0.8131064956389249,1.5137217108189915,0.5266470405584847,-0.9019019944220554,-0.2876820724517808
48570,59451,2022-02-10,3,0.013889637333620737,154,0.6,0,1.1844518996637212,0.3409937643374057,-0.8131064956389249,1.2541707479793227,0.6433110368745436,-0.4929244134367501,-0.6931471805599453
48570,56260,2022-02-10,3,0.013889637333620737,154,0.0050933786078098476,0,1.1844518996637212,0.3409937643374057,-0.8131064956389249,1.7867414978861154,-0.2856483828951919,0.4054651081081644,-2.833213344056216
48570,55653,2022-02-10,3,0.013889637333620737,154,0.5,0,1.1844518996637212,0.3409937643374057,-0.8131064956389249,1.6501040389300605,0.7056238982721064,-0.9714571131828631,-0.2876820724517808
48570,54726,2022-02-10,3,0.013889637333620737,154,0.043478260869565216,0,1.1844518996637212,0.3409937643374057,-0.8131064956389249,0.5001472623831966,-2.123679874604454,2.803360380906535,3.091042453358316
48570,52388,2022-02-10,3,0.013889637333620737,154,0.005067567567567568,0,1.1844518996637212,0.3409937643374057,-0.8131064956389249,2.2771503218236315,1.1510476382262453,-3.506557897319982,-4.882801922586371
48570,52300,2022-02-10,3,0.013889637333620737,154,0.07142857142857142,0,1.1844518996637212,0.3409937643374057,-0.8131064956389249,-0.5483898766215637,-1.8474679987368976,1.3160901024466414,-0.5877866649021195
48570,51573,2022-02-10,3,0.013889637333620737,154,0.005067567567567568,0,1.1844518996637212,0.3409937643374057,-0.8131064956389249,-0.2737376891103409,-2.0455545733176312,1.9810014688665833,-4.085976312551584
48570,51530,2022-02-10,3,0.013889637333620737,154,0.5,0,1.1844518996637212,0.3409937643374057,-0.8131064956389249,1.5397371980288432,0.4349950719248079,-0.8542087379270509,0.2876820724517808
48570,50278,2022-02-10,3,0.013889637333620737,154,0.42857142857142855,0,1.1844518996637212,0.3409937643374057,-0.8131064956389249,1.2500420406271961,0.04006209015402984,0.06656076651833853,-0.7654678421395715
48570,1392117675,2022-02-10,3,0.013889637333620737,154,0.09375,0,1.1844518996637212,0.3409937643374057,-0.8131064956389249,-0.9303866738517901,0.702543097945383,-0.7596562036365313,-0.11807010326277645
48570,1392111849,2022-02-10,3,0.013889637333620737,154,0.13636363636363635,0,1.1844518996637212,0.3409937643374057,-0.8131064956389249,0.7000041258831879,-0.8034721592913374,0.6497850622861874,0.6805683983530857
48570,1392108845,2022-02-10,3,0.013889637333620737,154,0.0234375,0,1.1844518996637212,0.3409937643374057,-0.8131064956389249,-1.2107066877796675,-0.12835473654364304,0.28821477301402787,-0.5002435144354536
48570,1392108713,2022-02-10,3,0.013889637333620737,154,0.034482758620689655,0,1.1844518996637212,0.3409937643374057,-0.8131064956389249,-1.0549053580447019,0.134591439983484,-0.33406259690105955,-0.315608778986304
48570,1392108711,2022-02-10,3,0.013889637333620737,154,0.08823529411764706,0,1.1844518996637212,0.3409937643374057,-0.8131064956389249,-0.4656175504707531,-0.10706422371476271,0.10613918028739722,-0.38132614608952586
48570,1358238076,2022-02-10,3,0.013889637333620737,154,0.1111111111111111,0,1.1844518996637212,0.3409937643374057,-0.8131064956389249,-0.9930198502962408,0.053805850994334437,-0.259633621069959,-1.751268107873317
48570,1290926415,2022-02-10,3,0.013889637333620737,154,0.17647058823529413,0,1.1844518996637212,0.3409937643374057,-0.8131064956389249,0.5271127907070282,,5.908082938168931,3.912023005428146
48570,1277308085,2022-02-10,3,0.013889637333620737,154,0.16666666666666666,0,1.1844518996637212,0.3409937643374057,-0.8131064956389249,0.801042457658648,,5.6937321388027,0.0
50276,2144220670,2022-02-10,3,0.013889637333620737,154,0.17647058823529413,0,1.058812156261837,0.5840127282322503,-0.8927602344639611,0.817735116276223,,5.736572297479192,-4.07753744390572
50276,49403,2022-02-10,3,0.013889637333620737,154,0.6,0,1.058812156261837,0.5840127282322503,-0.8927602344639611,0.9010616012570883,-0.26601536890469435,-0.7659065348423741,-0.6931471805599453
50276,48570,2022-02-10,3,0.013889637333620737,154,0.6,0,1.058812156261837,0.5840127282322503,-0.8927602344639611,1.525445664001127,0.3409937643374057,-0.8131064956389249,0.4054651081081645
50276,47978,2022-02-10,3,0.013889637333620737,154,0.07317073170731707,0,1.058812156261837,0.5840127282322503,-0.8927602344639611,0.5694099453436888,-0.40572994832009024,0.0925927868278249,-0.9808292530117266
50276,47921,2022-02-10,3,0.013889637333620737,154,0.5,0,1.058812156261837,0.5840127282322503,-0.8927602344639611,1.1227539869545724,0.31306476062489574,-1.1614131899071403,-0.6931471805599453
50276,46541,2022-02-10,3,0.013889637333620737,154,0.17647058823529413,0,1.058812156261837,0.5840127282322503,-0.8927602344639611,0.8791572709879716,-1.7446698659996789,4.941642422609304,0.0
50276,2142862519,2022-02-10,3,0.013889637333620737,154,0.031914893617021274,0,1.058812156261837,0.5840127282322503,-0.8927602344639611,-4.329027246802783,-0.12565657047255385,0.1745453840734168,-0.806066979872023
50276,2080904040,2022-02-10,3,0.013889637333620737,154,0.036585365853658534,0,1.058812156261837,0.5840127282322503,-0.8927602344639611,-5.385732199816076,0.024943352205315072,-0.027111938192062368,-0.21606407109470993
50276,2018450532,2022-02-10,3,0.013889637333620737,154,0.023076923076923078,0,1.058812156261837,0.5840127282322503,-0.8927602344639611,-2.6715201232455024,-0.02514746989576855,0.20060293256267947,-0.447185976990113
50276,1746521229,2022-02-10,3,0.013889637333620737,154,0.075,0,1.058812156261837,0.5840127282322503,-0.8927602344639611,-2.381592541720022,-0.2939797195075333,-0.019499426234370176,-0.2936189114744536
50276,1746143216,2022-02-10,3,0.013889637333620737,154,0.16666666666666666,0,1.058812156261837,0.5840127282322503,-0.8927602344639611,0.780263924406414,,5.739792912179234,0.0
50276,1540869033,2022-02-10,3,0.013889637333620737,154,0.17647058823529413,0,1.058812156261837,0.5840127282322503,-0.8927602344639611,0.6312094851572003,,5.720311776607412,0.0
50276,1474282524,2022-02-10,3,0.013889637333620737,154,0.17647058823529413,0,1.058812156261837,0.5840127282322503,-0.8927602344639611,0.7855944558994022,,5.655991810819852,0.0
50276,1469695839,2022-02-10,3,0.013889637333620737,154,0.07142857142857142,0,1.058812156261837,0.5840127282322503,-0.8927602344639611,-0.7659386906291744,-0.11484247747155796,0.3208469187181322,0.8285457440953712
50276,1392525569,2022-02-10,3,0.013889637333620737,154,0.04411764705882353,0,1.058812156261837,0.5840127282322503,-0.8927602344639611,1.8656717987267768,0.034686347622175484,-0.03822121282019708,0.015504186535965303
50276,1392321470,2022-02-10,3,0.013889637333620737,154,0.15789473684210525,0,1.058812156261837,0.5840127282322503,-0.8927602344639611,-1.0767078705910784,0.07630908453377594,-0.37159892273900574,1.6628511114443079
50276,1392166028,2022-02-10,3,0.013889637333620737,154,0.0967741935483871,0,1.058812156261837,0.5840127282322503,-0.8927602344639611,-0.6275531653652834,-1.1314143889952932,2.18670467833884,0.21113966288904962
50276,1392162219,2022-02-10,3,0.013889637333620737,154,0.17647058823529413,0,1.058812156261837,0.5840127282322503,-0.8927602344639611,0.9411752173872854,1.3739234474038928,-0.1599325619004759,0.6931471805599453
50276,1392158625,2022-02-10,3,0.013889637333620737,154,0.13043478260869565,0,1.058812156261837,0.5840127282322503,-0.8927602344639611,-0.9629886247882223,-0.670650637325976,1.1367071637207928,-1.2519368635330625
50276,1392139747,2022-02-10,3,0.013889637333620737,154,0.07894736842105263,0,1.058812156261837,0.5840127282322503,-0.8927602344639611,1.6002850928402215,-0.2246462088704515,0.8183103235139519,0.9133879722161931
50276,77331,2022-02-10,3,0.013889637333620737,154,0.75,0,1.058812156261837,0.5840127282322503,-0.8927602344639611,1.4509106457121934,0.29962780145173484,-0.8829037158414179,-0.6931471805599453
50276,74354,2022-02-10,3,0.013889637333620737,154,0.75,0,1.058812156261837,0.5840127282322503,-0.8927602344639611,1.5137217108189915,0.5266470405584847,-0.9019019944220554,-0.2876820724517808
50276,59451,2022-02-10,3,0.013889637333620737,154,0.75,0,1.058812156261837,0.5840127282322503,-0.8927602344639611,1.2541707479793227,0.6433110368745436,-0.4929244134367501,-0.6931471805599453
50276,56260,2022-02-10,3,0.013889637333620737,154,0.0050933786078098476,0,1.058812156261837,0.5840127282322503,-0.8927602344639611,1.7867414978861154,-0.2856483828951919,0.4054651081081644,-2.833213344056216
50276,55653,2022-02-10,3,0.013889637333620737,154,0.6,0,1.058812156261837,0.5840127282322503,-0.8927602344639611,1.6501040389300605,0.7056238982721064,-0.9714571131828631,-0.2876820724517808
50276,54726,2022-02-10,3,0.013889637333620737,154,0.043478260869565216,0,1.058812156261837,0.5840127282322503,-0.8927602344639611,0.5001472623831966,-2.123679874604454,2.803360380906535,3.091042453358316
50276,52388,2022-02-10,3,0.013889637333620737,154,0.005067567567567568,0,1.058812156261837,0.5840127282322503,-0.8927602344639611,2.2771503218236315,1.1510476382262453,-3.506557897319982,-4.882801922586371
50276,52300,2022-02-10,3,0.013889637333620737,154,0.07142857142857142,0,1.058812156261837,0.5840127282322503,-0.8927602344639611,-0.5483898766215637,-1.8474679987368976,1.3160901024466414,-0.5877866649021195
50276,51573,2022-02-10,3,0.013889637333620737,154,0.005067567567567568,0,1.058812156261837,0.5840127282322503,-0.8927602344639611,-0.2737376891103409,-2.0455545733176312,1.9810014688665833,-4.085976312551584
50276,51530,2022-02-10,3,0.013889637333620737,154,0.6,0,1.058812156261837,0.5840127282322503,-0.8927602344639611,1.5397371980288432,0.4349950719248079,-0.8542087379270509,0.2876820724517808
50276,50278,2022-02-10,3,0.013889637333620737,154,0.42857142857142855,0,1.058812156261837,0.5840127282322503,-0.8927602344639611,1.2500420406271961,0.04006209015402984,0.06656076651833853,-0.7654678421395715
50276,1392117675,2022-02-10,3,0.013889637333620737,154,0.09375,0,1.058812156261837,0.5840127282322503,-0.8927602344639611,-0.9303866738517901,0.702543097945383,-0.7596562036365313,-0.11807010326277645
50276,1392111849,2022-02-10,3,0.013889637333620737,154,0.13636363636363635,0,1.058812156261837,0.5840127282322503,-0.8927602344639611,0.7000041258831879,-0.8034721592913374,0.6497850622861874,0.6805683983530857
50276,1392108845,2022-02-10,3,0.013889637333620737,154,0.0234375,0,1.058812156261837,0.5840127282322503,-0.8927602344639611,-1.2107066877796675,-0.12835473654364304,0.28821477301402787,-0.5002435144354536
50276,1392108713,2022-02-10,3,0.013889637333620737,154,0.034482758620689655,0,1.058812156261837,0.5840127282322503,-0.8927602344639611,-1.0549053580447019,0.134591439983484,-0.33406259690105955,-0.315608778986304
50276,1392108711,2022-02-10,3,0.013889637333620737,154,0.08823529411764706,0,1.058812156261837,0.5840127282322503,-0.8927602344639611,-0.4656175504707531,-0.10706422371476271,0.10613918028739722,-0.38132614608952586
50276,1358238076,2022-02-10,3,0.013889637333620737,154,0.1111111111111111,0,1.058812156261837,0.5840127282322503,-0.8927602344639611,-0.9930198502962408,0.053805850994334437,-0.259633621069959,-1.751268107873317
50276,1290926415,2022-02-10,3,0.013889637333620737,154,0.1875,0,1.058812156261837,0.5840127282322503,-0.8927602344639611,0.5271127907070282,,5.908082938168931,3.912023005428146
50276,1277308085,2022-02-10,3,0.013889637333620737,154,0.17647058823529413,0,1.058812156261837,0.5840127282322503,-0.8927602344639611,0.801042457658648,,5.6937321388027,0.0
131839,43575,2022-02-10,2,0.00974025974025974,154,0.2,0,1.0655877454815548,0.13960415364436995,-0.6931471805599454,1.2432087262193983,0.025549396614827247,-0.2027535956111608,-0.10848064299406968
131839,2018450532,2022-02-10,2,0.00974025974025974,154,0.015384615384615385,0,1.0655877454815548,0.13960415364436995,-0.6931471805599454,-2.6715201232455024,-0.02514746989576855,0.20060293256267947,-0.447185976990113
131839,49403,2022-02-10,2,0.00974025974025974,154,0.4,0,1.0655877454815548,0.13960415364436995,-0.6931471805599454,0.9010616012570883,-0.26601536890469435,-0.7659065348423741,-0.6931471805599453
131839,50276,2022-02-10,2,0.00974025974025974,154,0.5,0,1.0655877454815548,0.13960415364436995,-0.6931471805599454,1.6428248844940871,0.5840127282322503,-0.8927602344639611,-0.5108256237659905
131839,50278,2022-02-10,2,0.00974025974025974,154,0.2857142857142857,0,1.0655877454815548,0.13960415364436995,-0.6931471805599454,1.2500420406271961,0.04006209015402984,0.06656076651833853,-0.7654678421395715
131839,51530,2022-02-10,2,0.00974025974025974,154,0.4,0,1.0655877454815548,0.13960415364436995,-0.6931471805599454,1.5397371980288432,0.4349950719248079,-0.8542087379270509,0.2876820724517808
131839,51573,2022-02-10,2,0.00974025974025974,154,0.0033783783783783786,0,1.0655877454815548,0.13960415364436995,-0.6931471805599454,-0.2737376891103409,-2.0455545733176312,1.9810014688665833,-4.085976312551584
131839,1746143216,2022-02-10,2,0.00974025974025974,154,0.1111111111111111,0,1.0655877454815548,0.13960415364436995,-0.6931471805599454,0.780263924406414,,5.739792912179234,0.0
131839,1746521229,2022-02-10,2,0.00974025974025974,154,0.05,0,1.0655877454815548,0.13960415364436995,-0.6931471805599454,-2.381592541720022,-0.2939797195075333,-0.019499426234370176,-0.2936189114744536
131839,1469695839,2022-02-10,2,0.00974025974025974,154,0.047619047619047616,0,1.0655877454815548,0.13960415364436995,-0.6931471805599454,-0.7659386906291744,-0.11484247747155796,0.3208469187181322,0.8285457440953712
131839,1474282524,2022-02-10,2,0.00974025974025974,154,0.11764705882352941,0,1.0655877454815548,0.13960415364436995,-0.6931471805599454,0.7855944558994022,,5.655991810819852,0.0
131839,1540869033,2022-02-10,2,0.00974025974025974,154,0.11764705882352941,0,1.0655877454815548,0.13960415364436995,-0.6931471805599454,0.6312094851572003,,5.720311776607412,0.0
131839,1290926415,2022-02-10,2,0.00974025974025974,154,0.125,0,1.0655877454815548,0.13960415364436995,-0.6931471805599454,0.5271127907070282,,5.908082938168931,3.912023005428146
131839,1358238076,2022-02-10,2,0.00974025974025974,154,0.07407407407407407,0,1.0655877454815548,0.13960415364436995,-0.6931471805599454,-0.9930198502962408,0.053805850994334437,-0.259633621069959,-1.751268107873317
131839,1392108711,2022-02-10,2,0.00974025974025974,154,0.058823529411764705,0,1.0655877454815548,0.13960415364436995,-0.6931471805599454,-0.4656175504707531,-0.10706422371476271,0.10613918028739722,-0.38132614608952586
131839,1392108713,2022-02-10,2,0.00974025974025974,154,0.022988505747126436,0,1.0655877454815548,0.13960415364436995,-0.6931471805599454,-1.0549053580447019,0.134591439983484,-0.33406259690105955,-0.315608778986304
131839,1392108845,2022-02-10,2,0.00974025974025974,154,0.015625,0,1.0655877454815548,0.13960415364436995,-0.6931471805599454,-1.2107066877796675,-0.12835473654364304,0.28821477301402787,-0.5002435144354536
131839,1392111849,2022-02-10,2,0.00974025974025974,154,0.09090909090909091,0,1.0655877454815548,0.13960415364436995,-0.6931471805599454,0.7000041258831879,-0.8034721592913374,0.6497850622861874,0.6805683983530857
131839,1392117675,2022-02-10,2,0.00974025974025974,154,0.0625,0,1.0655877454815548,0.13960415364436995,-0.6931471805599454,-0.9303866738517901,0.702543097945383,-0.7596562036365313,-0.11807010326277645
131839,1392139747,2022-02-10,2,0.00974025974025974,154,0.05263157894736842,0,1.0655877454815548,0.13960415364436995,-0.6931471805599454,1.6002850928402215,-0.2246462088704515,0.8183103235139519,0.9133879722161931
131839,1392158625,2022-02-10,2,0.00974025974025974,154,0.08695652173913043,0,1.0655877454815548,0.13960415364436995,-0.6931471805599454,-0.9629886247882223,-0.670650637325976,1.1367071637207928,-1.2519368635330625
131839,1392162219,2022-02-10,2,0.00974025974025974,154,0.11764705882352941,0,1.0655877454815548,0.13960415364436995,-0.6931471805599454,0.9411752173872854,1.3739234474038928,-0.1599325619004759,0.6931471805599453
131839,1392166028,2022-02-10,2,0.00974025974025974,154,0.06451612903225806,0,1.0655877454815548,0.13960415364436995,-0.6931471805599454,-0.6275531653652834,-1.1314143889952932,2.18670467833884,0.21113966288904962
131839,1392321470,2022-02-10,2,0.00974025974025974,154,0.10526315789473684,0,1.0655877454815548,0.13960415364436995,-0.6931471805599454,-1.0767078705910784,0.07630908453377594,-0.37159892273900574,1.6628511114443079
131839,1392525569,2022-02-10,2,0.00974025974025974,154,0.029411764705882353,0,1.0655877454815548,0.13960415364436995,-0.6931471805599454,1.8656717987267768,0.034686347622175484,-0.03822121282019708,0.015504186535965303
131839,998269223,2022-02-10,2,0.00974025974025974,154,0.043478260869565216,0,1.0655877454815548,0.13960415364436995,-0.6931471805599454,-1.9560287719554343,-0.30143343195973293,0.4309843855995048,0.1527130947222357
131839,1009076529,2022-02-10,2,0.00974025974025974,154,0.11764705882352941,0,1.0655877454815548,0.13960415364436995,-0.6931471805599454,0.8370578002514518,,5.598421958998375,0.0
131839,1019341940,2022-02-10,2,0.00974025974025974,154,0.10526315789473684,0,1.0655877454815548,0.13960415364436995,-0.6931471805599454,0.7198213167964603,-0.95497781724031,3.9091617731471135,-1.693024628542366
131839,59451,2022-02-10,2,0.00974025974025974,154,0.5,0,1.0655877454815548,0.13960415364436995,-0.6931471805599454,1.2541707479793227,0.6433110368745436,-0.4929244134367501,-0.6931471805599453
131839,74354,2022-02-10,2,0.00974025974025974,154,0.5,0,1.0655877454815548,0.13960415364436995,-0.6931471805599454,1.5137217108189915,0.5266470405584847,-0.9019019944220554,-0.2876820724517808
131839,77331,2022-02-10,2,0.00974025974025974,154,0.5,0,1.0655877454815548,0.13960415364436995,-0.6931471805599454,1.4509106457121934,0.29962780145173484,-0.8829037158414179,-0.6931471805599453
131839,77334,2022-02-10,2,0.00974025974025974,154,0.5,0,1.0655877454815548,0.13960415364436995,-0.6931471805599454,0.956124570986343,-0.12755414915994867,-0.6457449416653613,-1.0986122886681098
131839,77335,2022-02-10,2,0.00974025974025974,154,0.5,0,1.0655877454815548,0.13960415364436995,-0.6931471805599454,1.3524040139818356,0.4475434569021839,-0.5978370007556197,-1.3862943611198906
131839,79132,2022-02-10,2,0.00974025974025974,154,0.5,0,1.0655877454815548,0.13960415364436995,-0.6931471805599454,1.320395537052135,0.25075712617312984,-0.6752895631599385,-1.6094379124341003
131839,48570,2022-02-10,2,0.00974025974025974,154,0.4,0,1.0655877454815548,0.13960415364436995,-0.6931471805599454,1.525445664001127,0.3409937643374057,-0.8131064956389249,0.4054651081081645
131839,95540,2022-02-10,2,0.00974025974025974,154,0.5,0,1.0655877454815548,0.13960415364436995,-0.6931471805599454,1.2969651386603778,0.2989992879906569,-0.6667139234917894,-1.3862943611198906
131839,95595,2022-02-10,2,0.00974025974025974,154,0.5,0,1.0655877454815548,0.13960415364436995,-0.6931471805599454,0.9047954870900421,0.03935329743658322,-0.6981347220709839,-0.6931471805599453
131839,106861,2022-02-10,2,0.00974025974025974,154,0.4,0,1.0655877454815548,0.13960415364436995,-0.6931471805599454,1.0992374171928578,0.24349847379702483,-0.6093772974944871,0.4054651081081645
131839,108440,2022-02-10,2,0.00974025974025974,154,0.5,0,1.0655877454815548,0.13960415364436995,-0.6931471805599454,1.0146648260407,-0.02088238053403524,-0.758007814761986,0.980829253011726
131839,111114,2022-02-10,2,0.00974025974025974,154,0.3333333333333333,0,1.0655877454815548,0.13960415364436995,-0.6931471805599454,1.165884531651997,0.3184048591493428,-0.6685759198294399,-1.3862943611198906
147740,2144220670,2022-02-10,3,0.013889637333620737,154,0.17647058823529413,0,1.028818288196742,0.5838422529006002,-0.7588985581227261,0.817735116276223,,5.736572297479192,-4.07753744390572
147740,49403,2022-02-10,3,0.013889637333620737,154,0.6,0,1.028818288196742,0.5838422529006002,-0.7588985581227261,0.9010616012570883,-0.26601536890469435,-0.7659065348423741,-0.6931471805599453
147740,48570,2022-02-10,3,0.013889637333620737,154,0.6,0,1.028818288196742,0.5838422529006002,-0.7588985581227261,1.525445664001127,0.3409937643374057,-0.8131064956389249,0.4054651081081645
147740,47978,2022-02-10,3,0.013889637333620737,154,0.07317073170731707,0,1.028818288196742,0.5838422529006002,-0.7588985581227261,0.5694099453436888,-0.40572994832009024,0.0925927868278249,-0.9808292530117266
147740,47921,2022-02-10,3,0.013889637333620737,154,0.5,0,1.028818288196742,0.5838422529006002,-0.7588985581227261,1.1227539869545724,0.31306476062489574,-1.1614131899071403,-0.6931471805599453
147740,46541,2022-02-10,3,0.013889637333620737,154,0.17647058823529413,0,1.028818288196742,0.5838422529006002,-0.7588985581227261,0.8791572709879716,-1.7446698659996789,4.941642422609304,0.0
147740,2142862519,2022-02-10,3,0.013889637333620737,154,0.031914893617021274,0,1.028818288196742,0.5838422529006002,-0.7588985581227261,-4.329027246802783,-0.12565657047255385,0.1745453840734168,-0.806066979872023
147740,2080904040,2022-02-10,3,0.013889637333620737,154,0.036585365853658534,0,1.028818288196742,0.5838422529006002,-0.7588985581227261,-5.385732199816076,0.024943352205315072,-0.027111938192062368,-0.21606407109470993
147740,2018450532,2022-02-10,3,0.013889637333620737,154,0.023076923076923078,0,1.028818288196742,0.5838422529006002,-0.7588985581227261,-2.6715201232455024,-0.02514746989576855,0.20060293256267947,-0.447185976990113
147740,1746521229,2022-02-10,3,0.013889637333620737,154,0.075,0,1.028818288196742,0.5838422529006002,-0.7588985581227261,-2.381592541720022,-0.2939797195075333,-0.019499426234370176,-0.2936189114744536
147740,1746143216,2022-02-10,3,0.013889637333620737,154,0.16666666666666666,0,1.028818288196742,0.5838422529006002,-0.7588985581227261,0.780263924406414,,5.739792912179234,0.0
147740,1540869033,2022-02-10,3,0.013889637333620737,154,0.17647058823529413,0,1.028818288196742,0.5838422529006002,-0.7588985581227261,0.6312094851572003,,5.720311776607412,0.0
147740,1474282524,2022-02-10,3,0.013889637333620737,154,0.17647058823529413,0,1.028818288196742,0.5838422529006002,-0.7588985581227261,0.7855944558994022,,5.655991810819852,0.0
147740,1469695839,2022-02-10,3,0.013889637333620737,154,0.07142857142857142,0,1.028818288196742,0.5838422529006002,-0.7588985581227261,-0.7659386906291744,-0.11484247747155796,0.3208469187181322,0.8285457440953712
147740,1392525569,2022-02-10,3,0.013889637333620737,154,0.04411764705882353,0,1.028818288196742,0.5838422529006002,-0.7588985581227261,1.8656717987267768,0.034686347622175484,-0.03822121282019708,0.015504186535965303
147740,1392321470,2022-02-10,3,0.013889637333620737,154,0.15789473684210525,0,1.028818288196742,0.5838422529006002,-0.7588985581227261,-1.0767078705910784,0.07630908453377594,-0.37159892273900574,1.6628511114443079
147740,1392166028,2022-02-10,3,0.013889637333620737,154,0.0967741935483871,0,1.028818288196742,0.5838422529006002,-0.7588985581227261,-0.6275531653652834,-1.1314143889952932,2.18670467833884,0.21113966288904962
147740,1392162219,2022-02-10,3,0.013889637333620737,154,0.17647058823529413,0,1.028818288196742,0.5838422529006002,-0.7588985581227261,0.9411752173872854,1.3739234474038928,-0.1599325619004759,0.6931471805599453
147740,1392158625,2022-02-10,3,0.013889637333620737,154,0.13043478260869565,0,1.028818288196742,0.5838422529006002,-0.7588985581227261,-0.9629886247882223,-0.670650637325976,1.1367071637207928,-1.2519368635330625
147740,1392139747,2022-02-10,3,0.013889637333620737,154,0.07894736842105263,0,1.028818288196742,0.5838422529006002,-0.7588985581227261,1.6002850928402215,-0.2246462088704515,0.8183103235139519,0.9133879722161931
147740,74354,2022-02-10,3,0.013889637333620737,154,0.75,0,1.028818288196742,0.5838422529006002,-0.7588985581227261,1.5137217108189915,0.5266470405584847,-0.9019019944220554,-0.2876820724517808
147740,59451,2022-02-10,3,0.013889637333620737,154,0.75,0,1.028818288196742,0.5838422529006002,-0.7588985581227261,1.2541707479793227,0.6433110368745436,-0.4929244134367501,-0.6931471805599453
147740,56260,2022-02-10,3,0.013889637333620737,154,0.0050933786078098476,0,1.028818288196742,0.5838422529006002,-0.7588985581227261,1.7867414978861154,-0.2856483828951919,0.4054651081081644,-2.833213344056216
147740,55653,2022-02-10,3,0.013889637333620737,154,0.6,0,1.028818288196742,0.5838422529006002,-0.7588985581227261,1.6501040389300605,0.7056238982721064,-0.9714571131828631,-0.2876820724517808
147740,54726,2022-02-10,3,0.013889637333620737,154,0.043478260869565216,0,1.028818288196742,0.5838422529006002,-0.7588985581227261,0.5001472623831966,-2.123679874604454,2.803360380906535,3.091042453358316
147740,52388,2022-02-10,3,0.013889637333620737,154,0.005067567567567568,0,1.028818288196742,0.5838422529006002,-0.7588985581227261,2.2771503218236315,1.1510476382262453,-3.506557897319982,-4.882801922586371
147740,52300,2022-02-10,3,0.013889637333620737,154,0.07142857142857142,0,1.028818288196742,0.5838422529006002,-0.7588985581227261,-0.5483898766215637,-1.8474679987368976,1.3160901024466414,-0.5877866649021195
147740,51573,2022-02-10,3,0.013889637333620737,154,0.005067567567567568,0,1.028818288196742,0.5838422529006002,-0.7588985581227261,-0.2737376891103409,-2.0455545733176312,1.9810014688665833,-4.085976312551584
147740,51530,2022-02-10,3,0.013889637333620737,154,0.6,0,1.028818288196742,0.5838422529006002,-0.7588985581227261,1.5397371980288432,0.4349950719248079,-0.8542087379270509,0.2876820724517808
147740,50278,2022-02-10,3,0.013889637333620737,154,0.42857142857142855,0,1.028818288196742,0.5838422529006002,-0.7588985581227261,1.2500420406271961,0.04006209015402984,0.06656076651833853,-0.7654678421395715
147740,50276,2022-02-10,3,0.013889637333620737,154,0.75,0,1.028818288196742,0.5838422529006002,-0.7588985581227261,1.6428248844940871,0.5840127282322503,-0.8927602344639611,-0.5108256237659905
147740,1392117675,2022-02-10,3,0.013889637333620737,154,0.09375,0,1.028818288196742,0.5838422529006002,-0.7588985581227261,-0.9303866738517901,0.702543097945383,-0.7596562036365313,-0.11807010326277645
147740,1392111849,2022-02-10,3,0.013889637333620737,154,0.13636363636363635,0,1.028818288196742,0.5838422529006002,-0.7588985581227261,0.7000041258831879,-0.8034721592913374,0.6497850622861874,0.6805683983530857
147740,1392108845,2022-02-10,3,0.013889637333620737,154,0.0234375,0,1.028818288196742,0.5838422529006002,-0.7588985581227261,-1.2107066877796675,-0.12835473654364304,0.28821477301402787,-0.5002435144354536
147740,1392108713,2022-02-10,3,0.013889637333620737,154,0.034482758620689655,0,1.028818288196742,0.5838422529006002,-0.7588985581227261,-1.0549053580447019,0.134591439983484,-0.33406259690105955,-0.315608778986304
147740,1392108711,2022-02-10,3,0.013889637333620737,154,0.08823529411764706,0,1.028818288196742,0.5838422529006002,-0.7588985581227261,-0.4656175504707531,-0.10706422371476271,0.10613918028739722,-0.38132614608952586
147740,1358238076,2022-02-10,3,0.013889637333620737,154,0.1111111111111111,0,1.028818288196742,0.5838422529006002,-0.7588985581227261,-0.9930198502962408,0.053805850994334437,-0.259633621069959,-1.751268107873317
147740,1290926415,2022-02-10,3,0.013889637333620737,154,0.1875,0,1.028818288196742,0.5838422529006002,-0.7588985581227261,0.5271127907070282,,5.908082938168931,3.912023005428146
147740,1277308085,2022-02-10,3,0.013889637333620737,154,0.17647058823529413,0,1.028818288196742,0.5838422529006002,-0.7588985581227261,0.801042457658648,,5.6937321388027,0.0
130112,2144220670,2022-02-10,3,0.013889637333620737,154,0.17647058823529413,0,0.7638926670130413,0.5712988523722635,-0.7064511461863088,0.817735116276223,,5.736572297479192,-4.07753744390572
130112,49403,2022-02-10,3,0.013889637333620737,154,0.5,0,0.7638926670130413,0.5712988523722635,-0.7064511461863088,0.9010616012570883,-0.26601536890469435,-0.7659065348423741,-0.6931471805599453
130112,48570,2022-02-10,3,0.013889637333620737,154,0.5,0,0.7638926670130413,0.5712988523722635,-0.7064511461863088,1.525445664001127,0.3409937643374057,-0.8131064956389249,0.4054651081081645
130112,47978,2022-02-10,3,0.013889637333620737,154,0.07142857142857142,0,0.7638926670130413,0.5712988523722635,-0.7064511461863088,0.5694099453436888,-0.40572994832009024,0.0925927868278249,-0.9808292530117266
130112,47921,2022-02-10,3,0.013889637333620737,154,0.42857142857142855,0,0.7638926670130413,0.5712988523722635,-0.7064511461863088,1.1227539869545724,0.31306476062489574,-1.1614131899071403,-0.6931471805599453
130112,46541,2022-02-10,3,0.013889637333620737,154,0.17647058823529413,0,0.7638926670130413,0.5712988523722635,-0.7064511461863088,0.8791572709879716,-1.7446698659996789,4.941642422609304,0.0
130112,2142862519,2022-02-10,3,0.013889637333620737,154,0.031914893617021274,0,0.7638926670130413,0.5712988523722635,-0.7064511461863088,-4.329027246802783,-0.12565657047255385,0.1745453840734168,-0.806066979872023
130112,2080904040,2022-02-10,3,0.013889637333620737,154,0.036585365853658534,0,0.7638926670130413,0.5712988523722635,-0.7064511461863088,-5.385732199816076,0.024943352205315072,-0.027111938192062368,-0.21606407109470993
130112,2018450532,2022-02-10,3,0.013889637333620737,154,0.023076923076923078,0,0.7638926670130413,0.5712988523722635,-0.7064511461863088,-2.6715201232455024,-0.02514746989576855,0.20060293256267947,-0.447185976990113
130112,1746521229,2022-02-10,3,0.013889637333620737,154,0.075,0,0.7638926670130413,0.5712988523722635,-0.7064511461863088,-2.381592541720022,-0.2939797195075333,-0.019499426234370176,-0.2936189114744536
130112,1746143216,2022-02-10,3,0.013889637333620737,154,0.16666666666666666,0,0.7638926670130413,0.5712988523722635,-0.7064511461863088,0.780263924406414,,5.739792912179234,0.0
130112,1540869033,2022-02-10,3,0.013889637333620737,154,0.17647058823529413,0,0.7638926670130413,0.5712988523722635,-0.7064511461863088,0.6312094851572003,,5.720311776607412,0.0
130112,1474282524,2022-02-10,3,0.013889637333620737,154,0.17647058823529413,0,0.7638926670130413,0.5712988523722635,-0.7064511461863088,0.7855944558994022,,5.655991810819852,0.0
130112,1469695839,2022-02-10,3,0.013889637333620737,154,0.07142857142857142,0,0.7638926670130413,0.5712988523722635,-0.7064511461863088,-0.7659386906291744,-0.11484247747155796,0.3208469187181322,0.8285457440953712
130112,1392525569,2022-02-10,3,0.013889637333620737,154,0.04411764705882353,0,0.7638926670130413,0.5712988523722635,-0.7064511461863088,1.8656717987267768,0.034686347622175484,-0.03822121282019708,0.015504186535965303
130112,1392321470,2022-02-10,3,0.013889637333620737,154,0.15789473684210525,0,0.7638926670130413,0.5712988523722635,-0.7064511461863088,-1.0767078705910784,0.07630908453377594,-0.37159892273900574,1.6628511114443079
130112,1392166028,2022-02-10,3,0.013889637333620737,154,0.0967741935483871,0,0.7638926670130413,0.5712988523722635,-0.7064511461863088,-0.6275531653652834,-1.1314143889952932,2.18670467833884,0.21113966288904962
130112,1392162219,2022-02-10,3,0.013889637333620737,154,0.17647058823529413,0,0.7638926670130413,0.5712988523722635,-0.7064511461863088,0.9411752173872854,1.3739234474038928,-0.1599325619004759,0.6931471805599453
130112,1392158625,2022-02-10,3,0.013889637333620737,154,0.13043478260869565,0,0.7638926670130413,0.5712988523722635,-0.7064511461863088,-0.9629886247882223,-0.670650637325976,1.1367071637207928,-1.2519368635330625
130112,1392139747,2022-02-10,3,0.013889637333620737,154,0.07894736842105263,0,0.7638926670130413,0.5712988523722635,-0.7064511461863088,1.6002850928402215,-0.2246462088704515,0.8183103235139519,0.9133879722161931
130112,74354,2022-02-10,3,0.013889637333620737,154,0.6,0,0.7638926670130413,0.5712988523722635,-0.7064511461863088,1.5137217108189915,0.5266470405584847,-0.9019019944220554,-0.2876820724517808
130112,59451,2022-02-10,3,0.013889637333620737,154,0.6,0,0.7638926670130413,0.5712988523722635,-0.7064511461863088,1.2541707479793227,0.6433110368745436,-0.4929244134367501,-0.6931471805599453
130112,56260,2022-02-10,3,0.013889637333620737,154,0.0050933786078098476,0,0.7638926670130413,0.5712988523722635,-0.7064511461863088,1.7867414978861154,-0.2856483828951919,0.4054651081081644,-2.833213344056216
130112,55653,2022-02-10,3,0.013889637333620737,154,0.5,0,0.7638926670130413,0.5712988523722635,-0.7064511461863088,1.6501040389300605,0.7056238982721064,-0.9714571131828631,-0.2876820724517808
130112,54726,2022-02-10,3,0.013889637333620737,154,0.043478260869565216,0,0.7638926670130413,0.5712988523722635,-0.7064511461863088,0.5001472623831966,-2.123679874604454,2.803360380906535,3.091042453358316
130112,52388,2022-02-10,3,0.013889637333620737,154,0.005067567567567568,0,0.7638926670130413,0.5712988523722635,-0.7064511461863088,2.2771503218236315,1.1510476382262453,-3.506557897319982,-4.882801922586371
130112,52300,2022-02-10,3,0.013889637333620737,154,0.07142857142857142,0,0.7638926670130413,0.5712988523722635,-0.7064511461863088,-0.5483898766215637,-1.8474679987368976,1.3160901024466414,-0.5877866649021195
130112,51573,2022-02-10,3,0.013889637333620737,154,0.005067567567567568,0,0.7638926670130413,0.5712988523722635,-0.7064511461863088,-0.2737376891103409,-2.0455545733176312,1.9810014688665833,-4.085976312551584
130112,51530,2022-02-10,3,0.013889637333620737,154,0.5,0,0.7638926670130413,0.5712988523722635,-0.7064511461863088,1.5397371980288432,0.4349950719248079,-0.8542087379270509,0.2876820724517808
130112,50278,2022-02-10,3,0.013889637333620737,154,0.375,0,0.7638926670130413,0.5712988523722635,-0.7064511461863088,1.2500420406271961,0.04006209015402984,0.06656076651833853,-0.7654678421395715
130112,50276,2022-02-10,3,0.013889637333620737,154,0.6,0,0.7638926670130413,0.5712988523722635,-0.7064511461863088,1.6428248844940871,0.5840127282322503,-0.8927602344639611,-0.5108256237659905
130112,1392117675,2022-02-10,3,0.013889637333620737,154,0.09375,0,0.7638926670130413,0.5712988523722635,-0.7064511461863088,-0.9303866738517901,0.702543097945383,-0.7596562036365313,-0.11807010326277645
130112,1392111849,2022-02-10,3,0.013889637333620737,154,0.13636363636363635,0,0.7638926670130413,0.5712988523722635,-0.7064511461863088,0.7000041258831879,-0.8034721592913374,0.6497850622861874,0.6805683983530857
130112,1392108845,2022-02-10,3,0.013889637333620737,154,0.0234375,0,0.7638926670130413,0.5712988523722635,-0.7064511461863088,-1.2107066877796675,-0.12835473654364304,0.28821477301402787,-0.5002435144354536
130112,1392108713,2022-02-10,3,0.013889637333620737,154,0.034482758620689655,0,0.7638926670130413,0.5712988523722635,-0.7064511461863088,-1.0549053580447019,0.134591439983484,-0.33406259690105955,-0.315608778986304
130112,1392108711,2022-02-10,3,0.013889637333620737,154,0.08823529411764706,0,0.7638926670130413,0.5712988523722635,-0.7064511461863088,-0.4656175504707531,-0.10706422371476271,0.10613918028739722,-0.38132614608952586
130112,1358238076,2022-02-10,3,0.013889637333620737,154,0.1111111111111111,0,0.7638926670130413,0.5712988523722635,-0.7064511461863088,-0.9930198502962408,0.053805850994334437,-0.259633621069959,-1.751268107873317
130112,1290926415,2022-02-10,3,0.013889637333620737,154,0.1875,0,0.7638926670130413,0.5712988523722635,-0.7064511461863088,0.5271127907070282,,5.908082938168931,3.912023005428146
130112,1277308085,2022-02-10,3,0.013889637333620737,154,0.17647058823529413,0,0.7638926670130413,0.5712988523722635,-0.7064511461863088,0.801042457658648,,5.6937321388027,0.0
445379,44215,2022-02-10,2,0.0042862542862542865,308,0.18181818181818182,0,1.0149954311221154,0.11900065461073961,-0.7178397931503167,0.6807550414694752,-1.3334589099746823,1.1786549963416464,-0.3677247801253172
445379,43575,2022-02-10,2,0.0042862542862542865,308,0.2,0,1.0149954311221154,0.11900065461073961,-0.7178397931503167,1.2432087262193983,0.025549396614827247,-0.2027535956111608,-0.10848064299406968
445379,42945,2022-02-10,2,0.0042862542862542865,308,0.25,0,1.0149954311221154,0.11900065461073961,-0.7178397931503167,0.8180235845062841,0.7556624573254299,-0.8589394354026894,-0.4054651081081646
445379,2142864304,2022-02-10,2,0.0042862542862542865,308,0.028169014084507043,0,1.0149954311221154,0.11900065461073961,-0.7178397931503167,-2.07197797763963,-0.1281010754280918,0.23775891374519276,-0.0536608277211883
445379,56554,2022-02-10,2,0.0042862542862542865,308,0.06451612903225806,0,1.0149954311221154,0.11900065461073961,-0.7178397931503167,-0.13507877049669229,0.3673129354200081,-0.9688530619650102,-0.1173698978690565
445379,56260,2022-02-10,2,0.0042862542862542865,308,0.003395585738539898,0,1.0149954311221154,0.11900065461073961,-0.7178397931503167,1.7867414978861154,-0.2856483828951919,0.4054651081081644,-2.833213344056216
445379,52388,2022-02-10,2,0.0042862542862542865,308,0.0033783783783783786,0,1.0149954311221154,0.11900065461073961,-0.7178397931503167,2.2771503218236315,1.1510476382262453,-3.506557897319982,-4.882801922586371
445379,52300,2022-02-10,2,0.0042862542862542865,308,0.047619047619047616,0,1.0149954311221154,0.11900065461073961,-0.7178397931503167,-0.5483898766215637,-1.8474679987368976,1.3160901024466414,-0.5877866649021195
445379,51573,2022-02-10,2,0.0042862542862542865,308,0.0033783783783783786,0,1.0149954311221154,0.11900065461073961,-0.7178397931503167,-0.2737376891103409,-2.0455545733176312,1.9810014688665833,-4.085976312551584
445379,51530,2022-02-10,2,0.0042862542862542865,308,0.4,0,1.0149954311221154,0.11900065461073961,-0.7178397931503167,1.5397371980288432,0.4349950719248079,-0.8542087379270509,0.2876820724517808
445379,2142862519,2022-02-10,2,0.0042862542862542865,308,0.02127659574468085,0,1.0149954311221154,0.11900065461073961,-0.7178397931503167,-4.329027246802783,-0.12565657047255385,0.1745453840734168,-0.806066979872023
445379,2116182225,2022-02-10,2,0.0042862542862542865,308,0.038461538461538464,0,1.0149954311221154,0.11900065461073961,-0.7178397931503167,-2.1020370472773036,-0.12347127436580707,0.17096595072739795,0.06814398473940564
445379,2080904040,2022-02-10,2,0.0042862542862542865,308,0.024390243902439025,0,1.0149954311221154,0.11900065461073961,-0.7178397931503167,-5.385732199816076,0.024943352205315072,-0.027111938192062368,-0.21606407109470993
445379,2018450532,2022-02-10,2,0.0042862542862542865,308,0.015384615384615385,0,1.0149954311221154,0.11900065461073961,-0.7178397931503167,-2.6715201232455024,-0.02514746989576855,0.20060293256267947,-0.447185976990113
445379,2004429834,2022-02-10,2,0.0042862542862542865,308,0.03508771929824561,0,1.0149954311221154,0.11900065461073961,-0.7178397931503167,-3.4401387033418547,-0.027451874124654996,0.025995015257448628,-0.1509757221876864
445379,2001124710,2022-02-10,2,0.0042862542862542865,308,0.04878048780487805,0,1.0149954311221154,0.11900065461073961,-0.7178397931503167,-1.9496738420974868,0.034615120938173094,0.23057311422381765,-0.260684606479904
445379,1868462368,2022-02-10,2,0.0042862542862542865,308,0.16666666666666666,0,1.0149954311221154,0.11900065461073961,-0.7178397931503167,0.9809005920545878,-0.22834105890273915,0.5193002507569631,-0.2662679779479644
445379,1769772275,2022-02-10,2,0.0042862542862542865,308,0.021505376344086023,0,1.0149954311221154,0.11900065461073961,-0.7178397931503167,2.082952852359916,,2.3978952727983707,-0.3175350356014617
445379,1762279368,2022-02-10,2,0.0042862542862542865,308,0.041666666666666664,0,1.0149954311221154,0.11900065461073961,-0.7178397931503167,-1.8073662320990056,-0.2780362205055802,0.40671863381288986,0.644053251686957
445379,1746521229,2022-02-10,2,0.0042862542862542865,308,0.05,0,1.0149954311221154,0.11900065461073961,-0.7178397931503167,-2.381592541720022,-0.2939797195075333,-0.019499426234370176,-0.2936189114744536
445379,1746143216,2022-02-10,2,0.0042862542862542865,308,0.1111111111111111,0,1.0149954311221154,0.11900065461073961,-0.7178397931503167,0.780263924406414,,5.739792912179234,0.0
445379,93910,2022-02-10,2,0.0042862542862542865,308,0.4,0,1.0149954311221154,0.11900065461073961,-0.7178397931503167,1.2580540236347186,0.5796679785969919,-0.6822181100277547,-0.4054651081081645
445379,93414,2022-02-10,2,0.0042862542862542865,308,0.4,0,1.0149954311221154,0.11900065461073961,-0.7178397931503167,1.099947521185366,0.21164168283752016,-0.711165686062623,0.0
445379,67700,2022-02-10,2,0.0042862542862542865,308,0.04878048780487805,0,1.0149954311221154,0.11900065461073961,-0.7178397931503167,0.6108071896359535,-0.5091230544002037,-0.27115277050056985,2.9813435361018916
445379,1540869033,2022-02-10,2,0.0042862542862542865,308,0.11764705882352941,0,1.0149954311221154,0.11900065461073961,-0.7178397931503167,0.6312094851572003,,5.720311776607412,0.0
445379,1482563072,2022-02-10,2,0.0042862542862542865,308,0.058823529411764705,0,1.0149954311221154,0.11900065461073961,-0.7178397931503167,1.5321890148017325,,4.553876891600541,-0.4618180446592959
445379,1474282524,2022-02-10,2,0.0042862542862542865,308,0.11764705882352941,0,1.0149954311221154,0.11900065461073961,-0.7178397931503167,0.7855944558994022,,5.655991810819852,0.0
445379,1469695839,2022-02-10,2,0.0042862542862542865,308,0.047619047619047616,0,1.0149954311221154,0.11900065461073961,-0.7178397931503167,-0.7659386906291744,-0.11484247747155796,0.3208469187181322,0.8285457440953712
445379,1395542724,2022-02-10,2,0.0042862542862542865,308,0.022988505747126436,0,1.0149954311221154,0.11900065461073961,-0.7178397931503167,-2.8292368092701183,-0.8897364480820107,0.9416112434708772,0.6654085589491405
445379,1392321470,2022-02-10,2,0.0042862542862542865,308,0.10526315789473684,0,1.0149954311221154,0.11900065461073961,-0.7178397931503167,-1.0767078705910784,0.07630908453377594,-0.37159892273900574,1.6628511114443079
445379,1392166028,2022-02-10,2,0.0042862542862542865,308,0.06451612903225806,0,1.0149954311221154,0.11900065461073961,-0.7178397931503167,-0.6275531653652834,-1.1314143889952932,2.18670467833884,0.21113966288904962
445379,1392162219,2022-02-10,2,0.0042862542862542865,308,0.11764705882352941,0,1.0149954311221154,0.11900065461073961,-0.7178397931503167,0.9411752173872854,1.3739234474038928,-0.1599325619004759,0.6931471805599453
445379,1392158625,2022-02-10,2,0.0042862542862542865,308,0.08695652173913043,0,1.0149954311221154,0.11900065461073961,-0.7178397931503167,-0.9629886247882223,-0.670650637325976,1.1367071637207928,-1.2519368635330625
445379,1392139747,2022-02-10,2,0.0042862542862542865,308,0.05263157894736842,0,1.0149954311221154,0.11900065461073961,-0.7178397931503167,1.6002850928402215,-0.2246462088704515,0.8183103235139519,0.9133879722161931
445379,1392117675,2022-02-10,2,0.0042862542862542865,308,0.0625,0,1.0149954311221154,0.11900065461073961,-0.7178397931503167,-0.9303866738517901,0.702543097945383,-0.7596562036365313,-0.11807010326277645
445379,1392111849,2022-02-10,2,0.0042862542862542865,308,0.09090909090909091,0,1.0149954311221154,0.11900065461073961,-0.7178397931503167,0.7000041258831879,-0.8034721592913374,0.6497850622861874,0.6805683983530857
445379,129172,2022-02-10,2,0.0042862542862542865,308,0.027777777777777776,0,1.0149954311221154,0.11900065461073961,-0.7178397931503167,-0.5725126603623825,1.2206188708533052,-0.8764202768806006,0.13675686980585766
445379,125855,2022-02-10,2,0.0042862542862542865,308,0.05714285714285714,0,1.0149954311221154,0.11900065461073961,-0.7178397931503167,0.7711448364222258,-0.46596540155019195,1.2065012506792945,-2.508437147198194
445379,123526,2022-02-10,2,0.0042862542862542865,308,0.03225806451612903,0,1.0149954311221154,0.11900065461073961,-0.7178397931503167,-2.8235778428917513,-2.083189512358986,3.201582090759297,-0.9880368081654138
445379,113300,2022-02-10,2,0.0042862542862542865,308,0.4,0,1.0149954311221154,0.11900065461073961,-0.7178397931503167,1.145388596800002,0.8161752144837351,-1.0202022344184591,1.8458266904983305
55653,2080904040,2022-02-10,4,0.015304064490622151,154,0.04878048780487805,0,0.9444801406579542,0.7056238982721064,-0.9714571131828631,-5.385732199816076,0.024943352205315072,-0.027111938192062368,-0.21606407109470993
55653,2142862519,2022-02-10,4,0.015304064490622151,154,0.0425531914893617,0,0.9444801406579542,0.7056238982721064,-0.9714571131828631,-4.329027246802783,-0.12565657047255385,0.1745453840734168,-0.806066979872023
55653,2144220670,2022-02-10,4,0.015304064490622151,154,0.23529411764705882,0,0.9444801406579542,0.7056238982721064,-0.9714571131828631,0.817735116276223,,5.736572297479192,-4.07753744390572
55653,2018450532,2022-02-10,4,0.015304064490622151,154,0.03076923076923077,0,0.9444801406579542,0.7056238982721064,-0.9714571131828631,-2.6715201232455024,-0.02514746989576855,0.20060293256267947,-0.447185976990113
55653,1746143216,2022-02-10,4,0.015304064490622151,154,0.2222222222222222,0,0.9444801406579542,0.7056238982721064,-0.9714571131828631,0.780263924406414,,5.739792912179234,0.0
55653,51573,2022-02-10,4,0.015304064490622151,154,0.006756756756756757,0,0.9444801406579542,0.7056238982721064,-0.9714571131828631,-0.2737376891103409,-2.0455545733176312,1.9810014688665833,-4.085976312551584
55653,1746521229,2022-02-10,4,0.015304064490622151,154,0.1,0,0.9444801406579542,0.7056238982721064,-0.9714571131828631,-2.381592541720022,-0.2939797195075333,-0.019499426234370176,-0.2936189114744536
55653,52300,2022-02-10,4,0.015304064490622151,154,0.09523809523809523,0,0.9444801406579542,0.7056238982721064,-0.9714571131828631,-0.5483898766215637,-1.8474679987368976,1.3160901024466414,-0.5877866649021195
55653,1392108713,2022-02-10,4,0.015304064490622151,154,0.04597701149425287,0,0.9444801406579542,0.7056238982721064,-0.9714571131828631,-1.0549053580447019,0.134591439983484,-0.33406259690105955,-0.315608778986304
55653,1392108711,2022-02-10,4,0.015304064490622151,154,0.11764705882352941,0,0.9444801406579542,0.7056238982721064,-0.9714571131828631,-0.4656175504707531,-0.10706422371476271,0.10613918028739722,-0.38132614608952586
55653,1358238076,2022-02-10,4,0.015304064490622151,154,0.14814814814814814,0,0.9444801406579542,0.7056238982721064,-0.9714571131828631,-0.9930198502962408,0.053805850994334437,-0.259633621069959,-1.751268107873317
55653,1540869033,2022-02-10,4,0.015304064490622151,154,0.23529411764705882,0,0.9444801406579542,0.7056238982721064,-0.9714571131828631,0.6312094851572003,,5.720311776607412,0.0
55653,1474282524,2022-02-10,4,0.015304064490622151,154,0.23529411764705882,0,0.9444801406579542,0.7056238982721064,-0.9714571131828631,0.7855944558994022,,5.655991810819852,0.0
55653,1469695839,2022-02-10,4,0.015304064490622151,154,0.09523809523809523,0,0.9444801406579542,0.7056238982721064,-0.9714571131828631,-0.7659386906291744,-0.11484247747155796,0.3208469187181322,0.8285457440953712
55653,1392117675,2022-02-10,4,0.015304064490622151,154,0.125,0,0.9444801406579542,0.7056238982721064,-0.9714571131828631,-0.9303866738517901,0.702543097945383,-0.7596562036365313,-0.11807010326277645
55653,1392158625,2022-02-10,4,0.015304064490622151,154,0.17391304347826086,0,0.9444801406579542,0.7056238982721064,-0.9714571131828631,-0.9629886247882223,-0.670650637325976,1.1367071637207928,-1.2519368635330625
55653,1392162219,2022-02-10,4,0.015304064490622151,154,0.23529411764705882,0,0.9444801406579542,0.7056238982721064,-0.9714571131828631,0.9411752173872854,1.3739234474038928,-0.1599325619004759,0.6931471805599453
55653,1392166028,2022-02-10,4,0.015304064490622151,154,0.12903225806451613,0,0.9444801406579542,0.7056238982721064,-0.9714571131828631,-0.6275531653652834,-1.1314143889952932,2.18670467833884,0.21113966288904962
55653,1392525569,2022-02-10,4,0.015304064490622151,154,0.058823529411764705,0,0.9444801406579542,0.7056238982721064,-0.9714571131828631,1.8656717987267768,0.034686347622175484,-0.03822121282019708,0.015504186535965303
55653,1392321470,2022-02-10,4,0.015304064490622151,154,0.21052631578947367,0,0.9444801406579542,0.7056238982721064,-0.9714571131828631,-1.0767078705910784,0.07630908453377594,-0.37159892273900574,1.6628511114443079
55653,1392108845,2022-02-10,4,0.015304064490622151,154,0.03125,0,0.9444801406579542,0.7056238982721064,-0.9714571131828631,-1.2107066877796675,-0.12835473654364304,0.28821477301402787,-0.5002435144354536
55653,1392111849,2022-02-10,4,0.015304064490622151,154,0.18181818181818182,0,0.9444801406579542,0.7056238982721064,-0.9714571131828631,0.7000041258831879,-0.8034721592913374,0.6497850622861874,0.6805683983530857
55653,52388,2022-02-10,4,0.015304064490622151,154,0.006756756756756757,0,0.9444801406579542,0.7056238982721064,-0.9714571131828631,2.2771503218236315,1.1510476382262453,-3.506557897319982,-4.882801922586371
55653,129172,2022-02-10,4,0.015304064490622151,154,0.05555555555555555,0,0.9444801406579542,0.7056238982721064,-0.9714571131828631,-0.5725126603623825,1.2206188708533052,-0.8764202768806006,0.13675686980585766
55653,1271054083,2022-02-10,4,0.015304064490622151,154,0.10526315789473684,0,0.9444801406579542,0.7056238982721064,-0.9714571131828631,-2.953776246730992,0.08797412765516821,-0.1093391311501577,-0.05797782372473215
55653,1277308085,2022-02-10,4,0.015304064490622151,154,0.23529411764705882,0,0.9444801406579542,0.7056238982721064,-0.9714571131828631,0.801042457658648,,5.6937321388027,0.0
55653,1056233796,2022-02-10,4,0.015304064490622151,154,0.2222222222222222,0,0.9444801406579542,0.7056238982721064,-0.9714571131828631,0.6353938176327076,,5.860786223465865,0.0
55653,56260,2022-02-10,4,0.015304064490622151,154,0.006791171477079796,0,0.9444801406579542,0.7056238982721064,-0.9714571131828631,1.7867414978861154,-0.2856483828951919,0.4054651081081644,-2.833213344056216
55653,54726,2022-02-10,4,0.015304064490622151,154,0.057971014492753624,0,0.9444801406579542,0.7056238982721064,-0.9714571131828631,0.5001472623831966,-2.123679874604454,2.803360380906535,3.091042453358316
55653,1178392155,2022-02-10,4,0.015304064490622151,154,0.21052631578947367,0,0.9444801406579542,0.7056238982721064,-0.9714571131828631,0.9678254763822786,-0.8237501872207268,3.9186675481468147,0.6815729772788082
55653,1199730922,2022-02-10,4,0.015304064490622151,154,0.01818181818181818,0,0.9444801406579542,0.7056238982721064,-0.9714571131828631,-2.821016266417385,0.2228642394544238,-0.2138213313119781,-0.7630527671963918
55653,1096169339,2022-02-10,4,0.015304064490622151,154,0.13333333333333333,0,0.9444801406579542,0.7056238982721064,-0.9714571131828631,0.3756008841815004,-0.06711148836684655,-0.11000089521432876,-1.1205911953868846
55653,1009076529,2022-02-10,4,0.015304064490622151,154,0.23529411764705882,0,0.9444801406579542,0.7056238982721064,-0.9714571131828631,0.8370578002514518,,5.598421958998375,0.0
55653,1019341940,2022-02-10,4,0.015304064490622151,154,0.21052631578947367,0,0.9444801406579542,0.7056238982721064,-0.9714571131828631,0.7198213167964603,-0.95497781724031,3.9091617731471135,-1.693024628542366
55653,1037762248,2022-02-10,4,0.015304064490622151,154,0.2,0,0.9444801406579542,0.7056238982721064,-0.9714571131828631,0.6854823860904948,-0.5203648723910368,3.542073530280718,0.5089547158301793
55653,998269223,2022-02-10,4,0.015304064490622151,154,0.08695652173913043,0,0.9444801406579542,0.7056238982721064,-0.9714571131828631,-1.9560287719554343,-0.30143343195973293,0.4309843855995048,0.1527130947222357
55653,1290926415,2022-02-10,4,0.015304064490622151,154,0.25,0,0.9444801406579542,0.7056238982721064,-0.9714571131828631,0.5271127907070282,,5.908082938168931,3.912023005428146
55653,458857,2022-02-10,4,0.015304064490622151,154,0.6666666666666666,0,0.9444801406579542,0.7056238982721064,-0.9714571131828631,1.5816039745486152,0.3983498801751646,-1.0040861151759932,-0.6931471805599452
55653,44680,2022-02-10,4,0.015304064490622151,154,0.006872852233676976,0,0.9444801406579542,0.7056238982721064,-0.9714571131828631,-1.863033420916099,,6.5638555265321274,-4.983606621708336
164274,2144220670,2022-02-10,3,0.013889637333620737,154,0.17647058823529413,0,1.1559403770015662,0.06816523581556466,-0.8132914924020085,0.817735116276223,,5.736572297479192,-4.07753744390572
164274,49403,2022-02-10,3,0.013889637333620737,154,0.6,0,1.1559403770015662,0.06816523581556466,-0.8132914924020085,0.9010616012570883,-0.26601536890469435,-0.7659065348423741,-0.6931471805599453
164274,48570,2022-02-10,3,0.013889637333620737,154,0.6,0,1.1559403770015662,0.06816523581556466,-0.8132914924020085,1.525445664001127,0.3409937643374057,-0.8131064956389249,0.4054651081081645
164274,47978,2022-02-10,3,0.013889637333620737,154,0.07317073170731707,0,1.1559403770015662,0.06816523581556466,-0.8132914924020085,0.5694099453436888,-0.40572994832009024,0.0925927868278249,-0.9808292530117266
164274,47921,2022-02-10,3,0.013889637333620737,154,0.5,0,1.1559403770015662,0.06816523581556466,-0.8132914924020085,1.1227539869545724,0.31306476062489574,-1.1614131899071403,-0.6931471805599453
164274,46541,2022-02-10,3,0.013889637333620737,154,0.17647058823529413,0,1.1559403770015662,0.06816523581556466,-0.8132914924020085,0.8791572709879716,-1.7446698659996789,4.941642422609304,0.0
164274,2142862519,2022-02-10,3,0.013889637333620737,154,0.031914893617021274,0,1.1559403770015662,0.06816523581556466,-0.8132914924020085,-4.329027246802783,-0.12565657047255385,0.1745453840734168,-0.806066979872023
164274,2080904040,2022-02-10,3,0.013889637333620737,154,0.036585365853658534,0,1.1559403770015662,0.06816523581556466,-0.8132914924020085,-5.385732199816076,0.024943352205315072,-0.027111938192062368,-0.21606407109470993
164274,2018450532,2022-02-10,3,0.013889637333620737,154,0.023076923076923078,0,1.1559403770015662,0.06816523581556466,-0.8132914924020085,-2.6715201232455024,-0.02514746989576855,0.20060293256267947,-0.447185976990113
164274,1746521229,2022-02-10,3,0.013889637333620737,154,0.075,0,1.1559403770015662,0.06816523581556466,-0.8132914924020085,-2.381592541720022,-0.2939797195075333,-0.019499426234370176,-0.2936189114744536
164274,1746143216,2022-02-10,3,0.013889637333620737,154,0.16666666666666666,0,1.1559403770015662,0.06816523581556466,-0.8132914924020085,0.780263924406414,,5.739792912179234,0.0
164274,1540869033,2022-02-10,3,0.013889637333620737,154,0.17647058823529413,0,1.1559403770015662,0.06816523581556466,-0.8132914924020085,0.6312094851572003,,5.720311776607412,0.0
164274,1474282524,2022-02-10,3,0.013889637333620737,154,0.17647058823529413,0,1.1559403770015662,0.06816523581556466,-0.8132914924020085,0.7855944558994022,,5.655991810819852,0.0
164274,1469695839,2022-02-10,3,0.013889637333620737,154,0.07142857142857142,0,1.1559403770015662,0.06816523581556466,-0.8132914924020085,-0.7659386906291744,-0.11484247747155796,0.3208469187181322,0.8285457440953712
164274,1392525569,2022-02-10,3,0.013889637333620737,154,0.04411764705882353,0,1.1559403770015662,0.06816523581556466,-0.8132914924020085,1.8656717987267768,0.034686347622175484,-0.03822121282019708,0.015504186535965303
164274,1392321470,2022-02-10,3,0.013889637333620737,154,0.15789473684210525,0,1.1559403770015662,0.06816523581556466,-0.8132914924020085,-1.0767078705910784,0.07630908453377594,-0.37159892273900574,1.6628511114443079
164274,1392166028,2022-02-10,3,0.013889637333620737,154,0.0967741935483871,0,1.1559403770015662,0.06816523581556466,-0.8132914924020085,-0.6275531653652834,-1.1314143889952932,2.18670467833884,0.21113966288904962
164274,1392162219,2022-02-10,3,0.013889637333620737,154,0.17647058823529413,0,1.1559403770015662,0.06816523581556466,-0.8132914924020085,0.9411752173872854,1.3739234474038928,-0.1599325619004759,0.6931471805599453
164274,1392158625,2022-02-10,3,0.013889637333620737,154,0.13043478260869565,0,1.1559403770015662,0.06816523581556466,-0.8132914924020085,-0.9629886247882223,-0.670650637325976,1.1367071637207928,-1.2519368635330625
164274,1392139747,2022-02-10,3,0.013889637333620737,154,0.07894736842105263,0,1.1559403770015662,0.06816523581556466,-0.8132914924020085,1.6002850928402215,-0.2246462088704515,0.8183103235139519,0.9133879722161931
164274,74354,2022-02-10,3,0.013889637333620737,154,0.75,0,1.1559403770015662,0.06816523581556466,-0.8132914924020085,1.5137217108189915,0.5266470405584847,-0.9019019944220554,-0.2876820724517808
164274,59451,2022-02-10,3,0.013889637333620737,154,0.75,0,1.1559403770015662,0.06816523581556466,-0.8132914924020085,1.2541707479793227,0.6433110368745436,-0.4929244134367501,-0.6931471805599453
164274,56260,2022-02-10,3,0.013889637333620737,154,0.0050933786078098476,0,1.1559403770015662,0.06816523581556466,-0.8132914924020085,1.7867414978861154,-0.2856483828951919,0.4054651081081644,-2.833213344056216
164274,55653,2022-02-10,3,0.013889637333620737,154,0.6,0,1.1559403770015662,0.06816523581556466,-0.8132914924020085,1.6501040389300605,0.7056238982721064,-0.9714571131828631,-0.2876820724517808
164274,54726,2022-02-10,3,0.013889637333620737,154,0.043478260869565216,0,1.1559403770015662,0.06816523581556466,-0.8132914924020085,0.5001472623831966,-2.123679874604454,2.803360380906535,3.091042453358316
164274,52388,2022-02-10,3,0.013889637333620737,154,0.005067567567567568,0,1.1559403770015662,0.06816523581556466,-0.8132914924020085,2.2771503218236315,1.1510476382262453,-3.506557897319982,-4.882801922586371
164274,52300,2022-02-10,3,0.013889637333620737,154,0.07142857142857142,0,1.1559403770015662,0.06816523581556466,-0.8132914924020085,-0.5483898766215637,-1.8474679987368976,1.3160901024466414,-0.5877866649021195
164274,51573,2022-02-10,3,0.013889637333620737,154,0.005067567567567568,0,1.1559403770015662,0.06816523581556466,-0.8132914924020085,-0.2737376891103409,-2.0455545733176312,1.9810014688665833,-4.085976312551584
164274,51530,2022-02-10,3,0.013889637333620737,154,0.6,0,1.1559403770015662,0.06816523581556466,-0.8132914924020085,1.5397371980288432,0.4349950719248079,-0.8542087379270509,0.2876820724517808
164274,50278,2022-02-10,3,0.013889637333620737,154,0.42857142857142855,0,1.1559403770015662,0.06816523581556466,-0.8132914924020085,1.2500420406271961,0.04006209015402984,0.06656076651833853,-0.7654678421395715
164274,50276,2022-02-10,3,0.013889637333620737,154,0.75,0,1.1559403770015662,0.06816523581556466,-0.8132914924020085,1.6428248844940871,0.5840127282322503,-0.8927602344639611,-0.5108256237659905
164274,1392117675,2022-02-10,3,0.013889637333620737,154,0.09375,0,1.1559403770015662,0.06816523581556466,-0.8132914924020085,-0.9303866738517901,0.702543097945383,-0.7596562036365313,-0.11807010326277645
164274,1392111849,2022-02-10,3,0.013889637333620737,154,0.13636363636363635,0,1.1559403770015662,0.06816523581556466,-0.8132914924020085,0.7000041258831879,-0.8034721592913374,0.6497850622861874,0.6805683983530857
164274,1392108845,2022-02-10,3,0.013889637333620737,154,0.0234375,0,1.1559403770015662,0.06816523581556466,-0.8132914924020085,-1.2107066877796675,-0.12835473654364304,0.28821477301402787,-0.5002435144354536
164274,1392108713,2022-02-10,3,0.013889637333620737,154,0.034482758620689655,0,1.1559403770015662,0.06816523581556466,-0.8132914924020085,-1.0549053580447019,0.134591439983484,-0.33406259690105955,-0.315608778986304
164274,1392108711,2022-02-10,3,0.013889637333620737,154,0.08823529411764706,0,1.1559403770015662,0.06816523581556466,-0.8132914924020085,-0.4656175504707531,-0.10706422371476271,0.10613918028739722,-0.38132614608952586
164274,1358238076,2022-02-10,3,0.013889637333620737,154,0.1111111111111111,0,1.1559403770015662,0.06816523581556466,-0.8132914924020085,-0.9930198502962408,0.053805850994334437,-0.259633621069959,-1.751268107873317
164274,1290926415,2022-02-10,3,0.013889637333620737,154,0.1875,0,1.1559403770015662,0.06816523581556466,-0.8132914924020085,0.5271127907070282,,5.908082938168931,3.912023005428146
164274,1277308085,2022-02-10,3,0.013889637333620737,154,0.17647058823529413,0,1.1559403770015662,0.06816523581556466,-0.8132914924020085,0.801042457658648,,5.6937321388027,0.0
168201,56260,2022-02-10,4,0.014929138373121776,154,0.006791171477079796,0,0.7766421546584533,0.5224076519967124,-0.9118363815247745,1.7867414978861154,-0.2856483828951919,0.4054651081081644,-2.833213344056216
168201,93910,2022-02-10,4,0.014929138373121776,154,0.6666666666666666,0,0.7766421546584533,0.5224076519967124,-0.9118363815247745,1.2580540236347186,0.5796679785969919,-0.6822181100277547,-0.4054651081081645
168201,93414,2022-02-10,4,0.014929138373121776,154,0.6666666666666666,0,0.7766421546584533,0.5224076519967124,-0.9118363815247745,1.099947521185366,0.21164168283752016,-0.711165686062623,0.0
168201,51530,2022-02-10,4,0.014929138373121776,154,0.6666666666666666,0,0.7766421546584533,0.5224076519967124,-0.9118363815247745,1.5397371980288432,0.4349950719248079,-0.8542087379270509,0.2876820724517808
168201,52388,2022-02-10,4,0.014929138373121776,154,0.006756756756756757,0,0.7766421546584533,0.5224076519967124,-0.9118363815247745,2.2771503218236315,1.1510476382262453,-3.506557897319982,-4.882801922586371
168201,52300,2022-02-10,4,0.014929138373121776,154,0.09523809523809523,0,0.7766421546584533,0.5224076519967124,-0.9118363815247745,-0.5483898766215637,-1.8474679987368976,1.3160901024466414,-0.5877866649021195
168201,51573,2022-02-10,4,0.014929138373121776,154,0.006756756756756757,0,0.7766421546584533,0.5224076519967124,-0.9118363815247745,-0.2737376891103409,-2.0455545733176312,1.9810014688665833,-4.085976312551584
168201,176727,2022-02-10,4,0.014929138373121776,154,0.6666666666666666,0,0.7766421546584533,0.5224076519967124,-0.9118363815247745,1.3139341108232807,0.010991346068460972,-0.7843631888316072,-0.5108256237659905
168201,184691,2022-02-10,4,0.014929138373121776,154,0.13333333333333333,0,0.7766421546584533,0.5224076519967124,-0.9118363815247745,-0.8859408474737568,0.14186999054539806,-0.21151243948875909,-0.5481771261163617
168201,214686,2022-02-10,4,0.014929138373121776,154,0.21052631578947367,0,0.7766421546584533,0.5224076519967124,-0.9118363815247745,0.8221348689687819,,5.659482215759621,0.0
168201,129172,2022-02-10,4,0.014929138373121776,154,0.05555555555555555,0,0.7766421546584533,0.5224076519967124,-0.9118363815247745,-0.5725126603623825,1.2206188708533052,-0.8764202768806006,0.13675686980585766
168201,176239,2022-02-10,4,0.014929138373121776,154,0.6666666666666666,0,0.7766421546584533,0.5224076519967124,-0.9118363815247745,0.7933304470795001,-0.44250979893363984,-0.43121760421057864,1.0986122886681098
168201,136480,2022-02-10,4,0.014929138373121776,154,0.05128205128205128,0,0.7766421546584533,0.5224076519967124,-0.9118363815247745,-3.820757606770932,-1.4049017277916205,1.2359203355277248,-0.03606247268560736
168201,1392111849,2022-02-10,4,0.014929138373121776,154,0.18181818181818182,0,0.7766421546584533,0.5224076519967124,-0.9118363815247745,0.7000041258831879,-0.8034721592913374,0.6497850622861874,0.6805683983530857
168201,1392108713,2022-02-10,4,0.014929138373121776,154,0.04597701149425287,0,0.7766421546584533,0.5224076519967124,-0.9118363815247745,-1.0549053580447019,0.134591439983484,-0.33406259690105955,-0.315608778986304
168201,1392108711,2022-02-10,4,0.014929138373121776,154,0.11764705882352941,0,0.7766421546584533,0.5224076519967124,-0.9118363815247745,-0.4656175504707531,-0.10706422371476271,0.10613918028739722,-0.38132614608952586
168201,1392158625,2022-02-10,4,0.014929138373121776,154,0.17391304347826086,0,0.7766421546584533,0.5224076519967124,-0.9118363815247745,-0.9629886247882223,-0.670650637325976,1.1367071637207928,-1.2519368635330625
168201,2018450532,2022-02-10,4,0.014929138373121776,154,0.03076923076923077,0,0.7766421546584533,0.5224076519967124,-0.9118363815247745,-2.6715201232455024,-0.02514746989576855,0.20060293256267947,-0.447185976990113
168201,1056233796,2022-02-10,4,0.014929138373121776,154,0.2222222222222222,0,0.7766421546584533,0.5224076519967124,-0.9118363815247745,0.6353938176327076,,5.860786223465865,0.0
168201,1037762248,2022-02-10,4,0.014929138373121776,154,0.19047619047619047,0,0.7766421546584533,0.5224076519967124,-0.9118363815247745,0.6854823860904948,-0.5203648723910368,3.542073530280718,0.5089547158301793
168201,1019341940,2022-02-10,4,0.014929138373121776,154,0.2,0,0.7766421546584533,0.5224076519967124,-0.9118363815247745,0.7198213167964603,-0.95497781724031,3.9091617731471135,-1.693024628542366
168201,1009076529,2022-02-10,4,0.014929138373121776,154,0.2222222222222222,0,0.7766421546584533,0.5224076519967124,-0.9118363815247745,0.8370578002514518,,5.598421958998375,0.0
168201,1392166028,2022-02-10,4,0.014929138373121776,154,0.12903225806451613,0,0.7766421546584533,0.5224076519967124,-0.9118363815247745,-0.6275531653652834,-1.1314143889952932,2.18670467833884,0.21113966288904962
168201,1392321470,2022-02-10,4,0.014929138373121776,154,0.2,0,0.7766421546584533,0.5224076519967124,-0.9118363815247745,-1.0767078705910784,0.07630908453377594,-0.37159892273900574,1.6628511114443079
168201,1392162219,2022-02-10,4,0.014929138373121776,154,0.2222222222222222,0,0.7766421546584533,0.5224076519967124,-0.9118363815247745,0.9411752173872854,1.3739234474038928,-0.1599325619004759,0.6931471805599453
168201,1746143216,2022-02-10,4,0.014929138373121776,154,0.21052631578947367,0,0.7766421546584533,0.5224076519967124,-0.9118363815247745,0.780263924406414,,5.739792912179234,0.0
168201,1392139747,2022-02-10,4,0.014929138373121776,154,0.10526315789473684,0,0.7766421546584533,0.5224076519967124,-0.9118363815247745,1.6002850928402215,-0.2246462088704515,0.8183103235139519,0.9133879722161931
168201,1746521229,2022-02-10,4,0.014929138373121776,154,0.1,0,0.7766421546584533,0.5224076519967124,-0.9118363815247745,-2.381592541720022,-0.2939797195075333,-0.019499426234370176,-0.2936189114744536
168201,2080904040,2022-02-10,4,0.014929138373121776,154,0.04878048780487805,0,0.7766421546584533,0.5224076519967124,-0.9118363815247745,-5.385732199816076,0.024943352205315072,-0.027111938192062368,-0.21606407109470993
168201,300531239,2022-02-10,4,0.014929138373121776,154,0.05128205128205128,0,0.7766421546584533,0.5224076519967124,-0.9118363815247745,-0.3983655096699226,1.7124275499093222,-1.1444057238436436,-0.17279812429620467
168201,2144220670,2022-02-10,4,0.014929138373121776,154,0.2222222222222222,0,0.7766421546584533,0.5224076519967124,-0.9118363815247745,0.817735116276223,,5.736572297479192,-4.07753744390572
168201,600923975,2022-02-10,4,0.014929138373121776,154,0.09090909090909091,0,0.7766421546584533,0.5224076519967124,-0.9118363815247745,-0.012169473185094494,0.18079864769636045,-0.05794524481542229,-1.2691690038824772
168201,397993501,2022-02-10,4,0.014929138373121776,154,0.0784313725490196,0,0.7766421546584533,0.5224076519967124,-0.9118363815247745,-2.3875574245427247,-0.3994238730758519,1.2890331015721213,-0.6271432458173365
168201,2142862519,2022-02-10,4,0.014929138373121776,154,0.0425531914893617,0,0.7766421546584533,0.5224076519967124,-0.9118363815247745,-4.329027246802783,-0.12565657047255385,0.1745453840734168,-0.806066979872023
168201,113959970,2022-02-10,4,0.014929138373121776,154,0.2222222222222222,0,0.7766421546584533,0.5224076519967124,-0.9118363815247745,0.802478587745928,,5.69035945432406,0.0
168201,74977478,2022-02-10,4,0.014929138373121776,154,0.21052631578947367,0,0.7766421546584533,0.5224076519967124,-0.9118363815247745,0.7433802771295215,0.8887258118359822,0.7250987803665474,-5.220355825078324
168201,162642547,2022-02-10,4,0.014929138373121776,154,0.23529411764705882,0,0.7766421546584533,0.5224076519967124,-0.9118363815247745,0.6930310894984452,,5.942799375126701,0.7156200364120036
168201,263678655,2022-02-10,4,0.014929138373121776,154,0.058823529411764705,0,0.7766421546584533,0.5224076519967124,-0.9118363815247745,-0.4525751490145109,0.2083428996741652,-0.8246340008099917,1.2664532881040511
74354,2144220670,2022-02-10,3,0.013889637333620737,154,0.17647058823529413,0,0.9870746702605069,0.5266470405584847,-0.9019019944220554,0.817735116276223,,5.736572297479192,-4.07753744390572
74354,49403,2022-02-10,3,0.013889637333620737,154,0.6,0,0.9870746702605069,0.5266470405584847,-0.9019019944220554,0.9010616012570883,-0.26601536890469435,-0.7659065348423741,-0.6931471805599453
74354,48570,2022-02-10,3,0.013889637333620737,154,0.6,0,0.9870746702605069,0.5266470405584847,-0.9019019944220554,1.525445664001127,0.3409937643374057,-0.8131064956389249,0.4054651081081645
74354,47978,2022-02-10,3,0.013889637333620737,154,0.07317073170731707,0,0.9870746702605069,0.5266470405584847,-0.9019019944220554,0.5694099453436888,-0.40572994832009024,0.0925927868278249,-0.9808292530117266
74354,47921,2022-02-10,3,0.013889637333620737,154,0.5,0,0.9870746702605069,0.5266470405584847,-0.9019019944220554,1.1227539869545724,0.31306476062489574,-1.1614131899071403,-0.6931471805599453
74354,46541,2022-02-10,3,0.013889637333620737,154,0.17647058823529413,0,0.9870746702605069,0.5266470405584847,-0.9019019944220554,0.8791572709879716,-1.7446698659996789,4.941642422609304,0.0
74354,2142862519,2022-02-10,3,0.013889637333620737,154,0.031914893617021274,0,0.9870746702605069,0.5266470405584847,-0.9019019944220554,-4.329027246802783,-0.12565657047255385,0.1745453840734168,-0.806066979872023
74354,2080904040,2022-02-10,3,0.013889637333620737,154,0.036585365853658534,0,0.9870746702605069,0.5266470405584847,-0.9019019944220554,-5.385732199816076,0.024943352205315072,-0.027111938192062368,-0.21606407109470993
74354,2018450532,2022-02-10,3,0.013889637333620737,154,0.023076923076923078,0,0.9870746702605069,0.5266470405584847,-0.9019019944220554,-2.6715201232455024,-0.02514746989576855,0.20060293256267947,-0.447185976990113
74354,1746521229,2022-02-10,3,0.013889637333620737,154,0.075,0,0.9870746702605069,0.5266470405584847,-0.9019019944220554,-2.381592541720022,-0.2939797195075333,-0.019499426234370176,-0.2936189114744536
74354,1746143216,2022-02-10,3,0.013889637333620737,154,0.16666666666666666,0,0.9870746702605069,0.5266470405584847,-0.9019019944220554,0.780263924406414,,5.739792912179234,0.0
74354,1540869033,2022-02-10,3,0.013889637333620737,154,0.17647058823529413,0,0.9870746702605069,0.5266470405584847,-0.9019019944220554,0.6312094851572003,,5.720311776607412,0.0
74354,1474282524,2022-02-10,3,0.013889637333620737,154,0.17647058823529413,0,0.9870746702605069,0.5266470405584847,-0.9019019944220554,0.7855944558994022,,5.655991810819852,0.0
74354,1469695839,2022-02-10,3,0.013889637333620737,154,0.07142857142857142,0,0.9870746702605069,0.5266470405584847,-0.9019019944220554,-0.7659386906291744,-0.11484247747155796,0.3208469187181322,0.8285457440953712
74354,1392525569,2022-02-10,3,0.013889637333620737,154,0.04411764705882353,0,0.9870746702605069,0.5266470405584847,-0.9019019944220554,1.8656717987267768,0.034686347622175484,-0.03822121282019708,0.015504186535965303
74354,1392321470,2022-02-10,3,0.013889637333620737,154,0.15789473684210525,0,0.9870746702605069,0.5266470405584847,-0.9019019944220554,-1.0767078705910784,0.07630908453377594,-0.37159892273900574,1.6628511114443079
74354,1392166028,2022-02-10,3,0.013889637333620737,154,0.0967741935483871,0,0.9870746702605069,0.5266470405584847,-0.9019019944220554,-0.6275531653652834,-1.1314143889952932,2.18670467833884,0.21113966288904962
74354,1392162219,2022-02-10,3,0.013889637333620737,154,0.17647058823529413,0,0.9870746702605069,0.5266470405584847,-0.9019019944220554,0.9411752173872854,1.3739234474038928,-0.1599325619004759,0.6931471805599453
74354,1392158625,2022-02-10,3,0.013889637333620737,154,0.13043478260869565,0,0.9870746702605069,0.5266470405584847,-0.9019019944220554,-0.9629886247882223,-0.670650637325976,1.1367071637207928,-1.2519368635330625
74354,1392139747,2022-02-10,3,0.013889637333620737,154,0.07894736842105263,0,0.9870746702605069,0.5266470405584847,-0.9019019944220554,1.6002850928402215,-0.2246462088704515,0.8183103235139519,0.9133879722161931
74354,77331,2022-02-10,3,0.013889637333620737,154,0.75,0,0.9870746702605069,0.5266470405584847,-0.9019019944220554,1.4509106457121934,0.29962780145173484,-0.8829037158414179,-0.6931471805599453
74354,59451,2022-02-10,3,0.013889637333620737,154,0.75,0,0.9870746702605069,0.5266470405584847,-0.9019019944220554,1.2541707479793227,0.6433110368745436,-0.4929244134367501,-0.6931471805599453
74354,56260,2022-02-10,3,0.013889637333620737,154,0.0050933786078098476,0,0.9870746702605069,0.5266470405584847,-0.9019019944220554,1.7867414978861154,-0.2856483828951919,0.4054651081081644,-2.833213344056216
74354,55653,2022-02-10,3,0.013889637333620737,154,0.6,0,0.9870746702605069,0.5266470405584847,-0.9019019944220554,1.6501040389300605,0.7056238982721064,-0.9714571131828631,-0.2876820724517808
74354,54726,2022-02-10,3,0.013889637333620737,154,0.043478260869565216,0,0.9870746702605069,0.5266470405584847,-0.9019019944220554,0.5001472623831966,-2.123679874604454,2.803360380906535,3.091042453358316
74354,52388,2022-02-10,3,0.013889637333620737,154,0.005067567567567568,0,0.9870746702605069,0.5266470405584847,-0.9019019944220554,2.2771503218236315,1.1510476382262453,-3.506557897319982,-4.882801922586371
74354,52300,2022-02-10,3,0.013889637333620737,154,0.07142857142857142,0,0.9870746702605069,0.5266470405584847,-0.9019019944220554,-0.5483898766215637,-1.8474679987368976,1.3160901024466414,-0.5877866649021195
74354,51573,2022-02-10,3,0.013889637333620737,154,0.005067567567567568,0,0.9870746702605069,0.5266470405584847,-0.9019019944220554,-0.2737376891103409,-2.0455545733176312,1.9810014688665833,-4.085976312551584
74354,51530,2022-02-10,3,0.013889637333620737,154,0.6,0,0.9870746702605069,0.5266470405584847,-0.9019019944220554,1.5397371980288432,0.4349950719248079,-0.8542087379270509,0.2876820724517808
74354,50278,2022-02-10,3,0.013889637333620737,154,0.42857142857142855,0,0.9870746702605069,0.5266470405584847,-0.9019019944220554,1.2500420406271961,0.04006209015402984,0.06656076651833853,-0.7654678421395715
74354,50276,2022-02-10,3,0.013889637333620737,154,0.75,0,0.9870746702605069,0.5266470405584847,-0.9019019944220554,1.6428248844940871,0.5840127282322503,-0.8927602344639611,-0.5108256237659905
74354,1392117675,2022-02-10,3,0.013889637333620737,154,0.09375,0,0.9870746702605069,0.5266470405584847,-0.9019019944220554,-0.9303866738517901,0.702543097945383,-0.7596562036365313,-0.11807010326277645
74354,1392111849,2022-02-10,3,0.013889637333620737,154,0.13636363636363635,0,0.9870746702605069,0.5266470405584847,-0.9019019944220554,0.7000041258831879,-0.8034721592913374,0.6497850622861874,0.6805683983530857
74354,1392108845,2022-02-10,3,0.013889637333620737,154,0.0234375,0,0.9870746702605069,0.5266470405584847,-0.9019019944220554,-1.2107066877796675,-0.12835473654364304,0.28821477301402787,-0.5002435144354536
74354,1392108713,2022-02-10,3,0.013889637333620737,154,0.034482758620689655,0,0.9870746702605069,0.5266470405584847,-0.9019019944220554,-1.0549053580447019,0.134591439983484,-0.33406259690105955,-0.315608778986304
74354,1392108711,2022-02-10,3,0.013889637333620737,154,0.08823529411764706,0,0.9870746702605069,0.5266470405584847,-0.9019019944220554,-0.4656175504707531,-0.10706422371476271,0.10613918028739722,-0.38132614608952586
74354,1358238076,2022-02-10,3,0.013889637333620737,154,0.1111111111111111,0,0.9870746702605069,0.5266470405584847,-0.9019019944220554,-0.9930198502962408,0.053805850994334437,-0.259633621069959,-1.751268107873317
74354,1290926415,2022-02-10,3,0.013889637333620737,154,0.1875,0,0.9870746702605069,0.5266470405584847,-0.9019019944220554,0.5271127907070282,,5.908082938168931,3.912023005428146
74354,1277308085,2022-02-10,3,0.013889637333620737,154,0.17647058823529413,0,0.9870746702605069,0.5266470405584847,-0.9019019944220554,0.801042457658648,,5.6937321388027,0.0
457851,2144220670,2022-02-10,3,0.013889637333620737,154,0.17647058823529413,0,1.108456898362752,0.1223773795133607,-0.7985076962177713,0.817735116276223,,5.736572297479192,-4.07753744390572
457851,49403,2022-02-10,3,0.013889637333620737,154,0.6,0,1.108456898362752,0.1223773795133607,-0.7985076962177713,0.9010616012570883,-0.26601536890469435,-0.7659065348423741,-0.6931471805599453
457851,48570,2022-02-10,3,0.013889637333620737,154,0.6,0,1.108456898362752,0.1223773795133607,-0.7985076962177713,1.525445664001127,0.3409937643374057,-0.8131064956389249,0.4054651081081645
457851,47978,2022-02-10,3,0.013889637333620737,154,0.07317073170731707,0,1.108456898362752,0.1223773795133607,-0.7985076962177713,0.5694099453436888,-0.40572994832009024,0.0925927868278249,-0.9808292530117266
457851,47921,2022-02-10,3,0.013889637333620737,154,0.5,0,1.108456898362752,0.1223773795133607,-0.7985076962177713,1.1227539869545724,0.31306476062489574,-1.1614131899071403,-0.6931471805599453
457851,46541,2022-02-10,3,0.013889637333620737,154,0.17647058823529413,0,1.108456898362752,0.1223773795133607,-0.7985076962177713,0.8791572709879716,-1.7446698659996789,4.941642422609304,0.0
457851,2142862519,2022-02-10,3,0.013889637333620737,154,0.031914893617021274,0,1.108456898362752,0.1223773795133607,-0.7985076962177713,-4.329027246802783,-0.12565657047255385,0.1745453840734168,-0.806066979872023
457851,2080904040,2022-02-10,3,0.013889637333620737,154,0.036585365853658534,0,1.108456898362752,0.1223773795133607,-0.7985076962177713,-5.385732199816076,0.024943352205315072,-0.027111938192062368,-0.21606407109470993
457851,2018450532,2022-02-10,3,0.013889637333620737,154,0.023076923076923078,0,1.108456898362752,0.1223773795133607,-0.7985076962177713,-2.6715201232455024,-0.02514746989576855,0.20060293256267947,-0.447185976990113
457851,1746521229,2022-02-10,3,0.013889637333620737,154,0.075,0,1.108456898362752,0.1223773795133607,-0.7985076962177713,-2.381592541720022,-0.2939797195075333,-0.019499426234370176,-0.2936189114744536
457851,1746143216,2022-02-10,3,0.013889637333620737,154,0.16666666666666666,0,1.108456898362752,0.1223773795133607,-0.7985076962177713,0.780263924406414,,5.739792912179234,0.0
457851,1540869033,2022-02-10,3,0.013889637333620737,154,0.17647058823529413,0,1.108456898362752,0.1223773795133607,-0.7985076962177713,0.6312094851572003,,5.720311776607412,0.0
457851,1474282524,2022-02-10,3,0.013889637333620737,154,0.17647058823529413,0,1.108456898362752,0.1223773795133607,-0.7985076962177713,0.7855944558994022,,5.655991810819852,0.0
457851,1469695839,2022-02-10,3,0.013889637333620737,154,0.07142857142857142,0,1.108456898362752,0.1223773795133607,-0.7985076962177713,-0.7659386906291744,-0.11484247747155796,0.3208469187181322,0.8285457440953712
457851,1392525569,2022-02-10,3,0.013889637333620737,154,0.04411764705882353,0,1.108456898362752,0.1223773795133607,-0.7985076962177713,1.8656717987267768,0.034686347622175484,-0.03822121282019708,0.015504186535965303
457851,1392321470,2022-02-10,3,0.013889637333620737,154,0.15789473684210525,0,1.108456898362752,0.1223773795133607,-0.7985076962177713,-1.0767078705910784,0.07630908453377594,-0.37159892273900574,1.6628511114443079
457851,1392166028,2022-02-10,3,0.013889637333620737,154,0.0967741935483871,0,1.108456898362752,0.1223773795133607,-0.7985076962177713,-0.6275531653652834,-1.1314143889952932,2.18670467833884,0.21113966288904962
457851,1392162219,2022-02-10,3,0.013889637333620737,154,0.17647058823529413,0,1.108456898362752,0.1223773795133607,-0.7985076962177713,0.9411752173872854,1.3739234474038928,-0.1599325619004759,0.6931471805599453
457851,1392158625,2022-02-10,3,0.013889637333620737,154,0.13043478260869565,0,1.108456898362752,0.1223773795133607,-0.7985076962177713,-0.9629886247882223,-0.670650637325976,1.1367071637207928,-1.2519368635330625
457851,1392139747,2022-02-10,3,0.013889637333620737,154,0.07894736842105263,0,1.108456898362752,0.1223773795133607,-0.7985076962177713,1.6002850928402215,-0.2246462088704515,0.8183103235139519,0.9133879722161931
457851,74354,2022-02-10,3,0.013889637333620737,154,0.75,0,1.108456898362752,0.1223773795133607,-0.7985076962177713,1.5137217108189915,0.5266470405584847,-0.9019019944220554,-0.2876820724517808
457851,59451,2022-02-10,3,0.013889637333620737,154,0.75,0,1.108456898362752,0.1223773795133607,-0.7985076962177713,1.2541707479793227,0.6433110368745436,-0.4929244134367501,-0.6931471805599453
457851,56260,2022-02-10,3,0.013889637333620737,154,0.0050933786078098476,0,1.108456898362752,0.1223773795133607,-0.7985076962177713,1.7867414978861154,-0.2856483828951919,0.4054651081081644,-2.833213344056216
457851,55653,2022-02-10,3,0.013889637333620737,154,0.6,0,1.108456898362752,0.1223773795133607,-0.7985076962177713,1.6501040389300605,0.7056238982721064,-0.9714571131828631,-0.2876820724517808
457851,54726,2022-02-10,3,0.013889637333620737,154,0.043478260869565216,0,1.108456898362752,0.1223773795133607,-0.7985076962177713,0.5001472623831966,-2.123679874604454,2.803360380906535,3.091042453358316
457851,52388,2022-02-10,3,0.013889637333620737,154,0.005067567567567568,0,1.108456898362752,0.1223773795133607,-0.7985076962177713,2.2771503218236315,1.1510476382262453,-3.506557897319982,-4.882801922586371
457851,52300,2022-02-10,3,0.013889637333620737,154,0.07142857142857142,0,1.108456898362752,0.1223773795133607,-0.7985076962177713,-0.5483898766215637,-1.8474679987368976,1.3160901024466414,-0.5877866649021195
457851,51573,2022-02-10,3,0.013889637333620737,154,0.005067567567567568,0,1.108456898362752,0.1223773795133607,-0.7985076962177713,-0.2737376891103409,-2.0455545733176312,1.9810014688665833,-4.085976312551584
457851,51530,2022-02-10,3,0.013889637333620737,154,0.6,0,1.108456898362752,0.1223773795133607,-0.7985076962177713,1.5397371980288432,0.4349950719248079,-0.8542087379270509,0.2876820724517808
457851,50278,2022-02-10,3,0.013889637333620737,154,0.42857142857142855,0,1.108456898362752,0.1223773795133607,-0.7985076962177713,1.2500420406271961,0.04006209015402984,0.06656076651833853,-0.7654678421395715
457851,50276,2022-02-10,3,0.013889637333620737,154,0.75,0,1.108456898362752,0.1223773795133607,-0.7985076962177713,1.6428248844940871,0.5840127282322503,-0.8927602344639611,-0.5108256237659905
457851,1392117675,2022-02-10,3,0.013889637333620737,154,0.09375,0,1.108456898362752,0.1223773795133607,-0.7985076962177713,-0.9303866738517901,0.702543097945383,-0.7596562036365313,-0.11807010326277645
457851,1392111849,2022-02-10,3,0.013889637333620737,154,0.13636363636363635,0,1.108456898362752,0.1223773795133607,-0.7985076962177713,0.7000041258831879,-0.8034721592913374,0.6497850622861874,0.6805683983530857
457851,1392108845,2022-02-10,3,0.013889637333620737,154,0.0234375,0,1.108456898362752,0.1223773795133607,-0.7985076962177713,-1.2107066877796675,-0.12835473654364304,0.28821477301402787,-0.5002435144354536
457851,1392108713,2022-02-10,3,0.013889637333620737,154,0.034482758620689655,0,1.108456898362752,0.1223773795133607,-0.7985076962177713,-1.0549053580447019,0.134591439983484,-0.33406259690105955,-0.315608778986304
457851,1392108711,2022-02-10,3,0.013889637333620737,154,0.08823529411764706,0,1.108456898362752,0.1223773795133607,-0.7985076962177713,-0.4656175504707531,-0.10706422371476271,0.10613918028739722,-0.38132614608952586
457851,1358238076,2022-02-10,3,0.013889637333620737,154,0.1111111111111111,0,1.108456898362752,0.1223773795133607,-0.7985076962177713,-0.9930198502962408,0.053805850994334437,-0.259633621069959,-1.751268107873317
457851,1290926415,2022-02-10,3,0.013889637333620737,154,0.1875,0,1.108456898362752,0.1223773795133607,-0.7985076962177713,0.5271127907070282,,5.908082938168931,3.912023005428146
457851,1277308085,2022-02-10,3,0.013889637333620737,154,0.17647058823529413,0,1.108456898362752,0.1223773795133607,-0.7985076962177713,0.801042457658648,,5.6937321388027,0.0
113273,46541,2022-02-10,3,0.016919940363923767,105,0.17647058823529413,0,0.7985553369490475,0.3327477020666407,-0.7210559686770219,0.8791572709879716,-1.7446698659996789,4.941642422609304,0.0
113273,47978,2022-02-10,3,0.016919940363923767,105,0.07317073170731707,0,0.7985553369490475,0.3327477020666407,-0.7210559686770219,0.5694099453436888,-0.40572994832009024,0.0925927868278249,-0.9808292530117266
113273,129172,2022-02-10,3,0.016919940363923767,105,0.041666666666666664,0,0.7985553369490475,0.3327477020666407,-0.7210559686770219,-0.5725126603623825,1.2206188708533052,-0.8764202768806006,0.13675686980585766
113273,2116182225,2022-02-10,3,0.016919940363923767,105,0.057692307692307696,0,0.7985553369490475,0.3327477020666407,-0.7210559686770219,-2.1020370472773036,-0.12347127436580707,0.17096595072739795,0.06814398473940564
113273,125855,2022-02-10,3,0.016919940363923767,105,0.08571428571428572,0,0.7985553369490475,0.3327477020666407,-0.7210559686770219,0.7711448364222258,-0.46596540155019195,1.2065012506792945,-2.508437147198194
113273,2142862519,2022-02-10,3,0.016919940363923767,105,0.031914893617021274,0,0.7985553369490475,0.3327477020666407,-0.7210559686770219,-4.329027246802783,-0.12565657047255385,0.1745453840734168,-0.806066979872023
113273,67700,2022-02-10,3,0.016919940363923767,105,0.07317073170731707,0,0.7985553369490475,0.3327477020666407,-0.7210559686770219,0.6108071896359535,-0.5091230544002037,-0.27115277050056985,2.9813435361018916
113273,52300,2022-02-10,3,0.016919940363923767,105,0.07142857142857142,0,0.7985553369490475,0.3327477020666407,-0.7210559686770219,-0.5483898766215637,-1.8474679987368976,1.3160901024466414,-0.5877866649021195
113273,51573,2022-02-10,3,0.016919940363923767,105,0.005067567567567568,0,0.7985553369490475,0.3327477020666407,-0.7210559686770219,-0.2737376891103409,-2.0455545733176312,1.9810014688665833,-4.085976312551584
113273,56260,2022-02-10,3,0.016919940363923767,105,0.0050933786078098476,0,0.7985553369490475,0.3327477020666407,-0.7210559686770219,1.7867414978861154,-0.2856483828951919,0.4054651081081644,-2.833213344056216
113273,52388,2022-02-10,3,0.016919940363923767,105,0.005067567567567568,0,0.7985553369490475,0.3327477020666407,-0.7210559686770219,2.2771503218236315,1.1510476382262453,-3.506557897319982,-4.882801922586371
113273,126531,2022-02-10,3,0.016919940363923767,105,0.6,0,0.7985553369490475,0.3327477020666407,-0.7210559686770219,1.2355963480292536,0.36997993677780106,-0.6879252365787938,-0.2876820724517808
113273,2142864304,2022-02-10,3,0.016919940363923767,105,0.04225352112676056,0,0.7985553369490475,0.3327477020666407,-0.7210559686770219,-2.07197797763963,-0.1281010754280918,0.23775891374519276,-0.0536608277211883
113273,2144220670,2022-02-10,3,0.016919940363923767,105,0.17647058823529413,0,0.7985553369490475,0.3327477020666407,-0.7210559686770219,0.817735116276223,,5.736572297479192,-4.07753744390572
113273,107954,2022-02-10,3,0.016919940363923767,105,0.07692307692307693,0,0.7985553369490475,0.3327477020666407,-0.7210559686770219,0.8970778207774813,0.025780064435810712,1.0206507471983977,-3.286534473342015
113273,106861,2022-02-10,3,0.016919940363923767,105,0.6,0,0.7985553369490475,0.3327477020666407,-0.7210559686770219,1.0992374171928578,0.24349847379702483,-0.6093772974944871,0.4054651081081645
113273,1178392155,2022-02-10,3,0.016919940363923767,105,0.15789473684210525,0,0.7985553369490475,0.3327477020666407,-0.7210559686770219,0.9678254763822786,-0.8237501872207268,3.9186675481468147,0.6815729772788082
113273,1277308085,2022-02-10,3,0.016919940363923767,105,0.17647058823529413,0,0.7985553369490475,0.3327477020666407,-0.7210559686770219,0.801042457658648,,5.6937321388027,0.0
113273,1037762248,2022-02-10,3,0.016919940363923767,105,0.15,0,0.7985553369490475,0.3327477020666407,-0.7210559686770219,0.6854823860904948,-0.5203648723910368,3.542073530280718,0.5089547158301793
113273,734194786,2022-02-10,3,0.016919940363923767,105,0.04838709677419355,0,0.7985553369490475,0.3327477020666407,-0.7210559686770219,-1.0266158357192008,-0.25640926748588067,0.17902292479561233,-0.13271643355374607
113273,668311614,2022-02-10,3,0.016919940363923767,105,0.16666666666666666,0,0.7985553369490475,0.3327477020666407,-0.7210559686770219,0.7482819796287913,,5.703782474656201,-3.6888794541139363
113273,43261,2022-02-10,3,0.016919940363923767,105,0.1875,0,0.7985553369490475,0.3327477020666407,-0.7210559686770219,2.3000552688626255,0.04650476105820145,-0.03390155167568132,0.3272129112084161
113273,44680,2022-02-10,3,0.016919940363923767,105,0.005154639175257732,0,0.7985553369490475,0.3327477020666407,-0.7210559686770219,-1.863033420916099,,6.5638555265321274,-4.983606621708336
113273,671804639,2022-02-10,3,0.016919940363923767,105,0.037037037037037035,0,0.7985553369490475,0.3327477020666407,-0.7210559686770219,-1.0898097999793557,0.18559481584149062,-0.32274914249039277,-0.18788124796879835
113273,802185666,2022-02-10,3,0.016919940363923767,105,0.15,0,0.7985553369490475,0.3327477020666407,-0.7210559686770219,0.5907143360886495,-0.6242057865593091,1.9205280757838956,0.0
113273,804059039,2022-02-10,3,0.016919940363923767,105,0.16666666666666666,0,0.7985553369490475,0.3327477020666407,-0.7210559686770219,0.6172484244343971,0.5699913489304334,1.8458266904983311,-2.0825616690160795
113273,828337656,2022-02-10,3,0.016919940363923767,105,0.06521739130434782,0,0.7985553369490475,0.3327477020666407,-0.7210559686770219,-1.7881698839346565,-0.15572475219717985,0.19682114906472847,-0.7801762615214614
113273,817600422,2022-02-10,3,0.016919940363923767,105,0.1875,0,0.7985553369490475,0.3327477020666407,-0.7210559686770219,0.7920210482213225,,5.666426688112432,0.0
113273,804699193,2022-02-10,3,0.016919940363923767,105,0.07894736842105263,0,0.7985553369490475,0.3327477020666407,-0.7210559686770219,0.7655588192906723,-0.08516491562942463,0.3231288214475283,-0.5509326653619615
113273,807147052,2022-02-10,3,0.016919940363923767,105,0.17647058823529413,0,0.7985553369490475,0.3327477020666407,-0.7210559686770219,0.6795200954460618,,5.82600010738045,-4.0943445622221
113273,600923975,2022-02-10,3,0.016919940363923767,105,0.06818181818181818,0,0.7985553369490475,0.3327477020666407,-0.7210559686770219,-0.012169473185094494,0.18079864769636045,-0.05794524481542229,-1.2691690038824772
113273,397993501,2022-02-10,3,0.016919940363923767,105,0.058823529411764705,0,0.7985553369490475,0.3327477020666407,-0.7210559686770219,-2.3875574245427247,-0.3994238730758519,1.2890331015721213,-0.6271432458173365
113273,300531239,2022-02-10,3,0.016919940363923767,105,0.038461538461538464,0,0.7985553369490475,0.3327477020666407,-0.7210559686770219,-0.3983655096699226,1.7124275499093222,-1.1444057238436436,-0.17279812429620467
113273,835774316,2022-02-10,3,0.016919940363923767,105,0.16666666666666666,0,0.7985553369490475,0.3327477020666407,-0.7210559686770219,-1.0173922205736476,0.1627423448813805,-0.2126309709251224,-0.48416953849562994
113273,113959970,2022-02-10,3,0.016919940363923767,105,0.17647058823529413,0,0.7985553369490475,0.3327477020666407,-0.7210559686770219,0.802478587745928,,5.69035945432406,0.0
113273,162642547,2022-02-10,3,0.016919940363923767,105,0.1875,0,0.7985553369490475,0.3327477020666407,-0.7210559686770219,0.6930310894984452,,5.942799375126701,0.7156200364120036
113273,74977478,2022-02-10,3,0.016919940363923767,105,0.16666666666666666,0,0.7985553369490475,0.3327477020666407,-0.7210559686770219,0.7433802771295215,0.8887258118359822,0.7250987803665474,-5.220355825078324
113273,1392117675,2022-02-10,3,0.016919940363923767,105,0.09375,0,0.7985553369490475,0.3327477020666407,-0.7210559686770219,-0.9303866738517901,0.702543097945383,-0.7596562036365313,-0.11807010326277645
108440,2144220670,2022-02-10,3,0.013889637333620737,154,0.17647058823529413,0,1.0355472065747353,-0.02088238053403524,-0.758007814761986,0.817735116276223,,5.736572297479192,-4.07753744390572
108440,49403,2022-02-10,3,0.013889637333620737,154,0.6,0,1.0355472065747353,-0.02088238053403524,-0.758007814761986,0.9010616012570883,-0.26601536890469435,-0.7659065348423741,-0.6931471805599453
108440,48570,2022-02-10,3,0.013889637333620737,154,0.6,0,1.0355472065747353,-0.02088238053403524,-0.758007814761986,1.525445664001127,0.3409937643374057,-0.8131064956389249,0.4054651081081645
108440,47978,2022-02-10,3,0.013889637333620737,154,0.07317073170731707,0,1.0355472065747353,-0.02088238053403524,-0.758007814761986,0.5694099453436888,-0.40572994832009024,0.0925927868278249,-0.9808292530117266
108440,47921,2022-02-10,3,0.013889637333620737,154,0.5,0,1.0355472065747353,-0.02088238053403524,-0.758007814761986,1.1227539869545724,0.31306476062489574,-1.1614131899071403,-0.6931471805599453
108440,46541,2022-02-10,3,0.013889637333620737,154,0.17647058823529413,0,1.0355472065747353,-0.02088238053403524,-0.758007814761986,0.8791572709879716,-1.7446698659996789,4.941642422609304,0.0
108440,2142862519,2022-02-10,3,0.013889637333620737,154,0.031914893617021274,0,1.0355472065747353,-0.02088238053403524,-0.758007814761986,-4.329027246802783,-0.12565657047255385,0.1745453840734168,-0.806066979872023
108440,2080904040,2022-02-10,3,0.013889637333620737,154,0.036585365853658534,0,1.0355472065747353,-0.02088238053403524,-0.758007814761986,-5.385732199816076,0.024943352205315072,-0.027111938192062368,-0.21606407109470993
108440,2018450532,2022-02-10,3,0.013889637333620737,154,0.023076923076923078,0,1.0355472065747353,-0.02088238053403524,-0.758007814761986,-2.6715201232455024,-0.02514746989576855,0.20060293256267947,-0.447185976990113
108440,1746521229,2022-02-10,3,0.013889637333620737,154,0.075,0,1.0355472065747353,-0.02088238053403524,-0.758007814761986,-2.381592541720022,-0.2939797195075333,-0.019499426234370176,-0.2936189114744536
108440,1746143216,2022-02-10,3,0.013889637333620737,154,0.16666666666666666,0,1.0355472065747353,-0.02088238053403524,-0.758007814761986,0.780263924406414,,5.739792912179234,0.0
108440,1540869033,2022-02-10,3,0.013889637333620737,154,0.17647058823529413,0,1.0355472065747353,-0.02088238053403524,-0.758007814761986,0.6312094851572003,,5.720311776607412,0.0
108440,1474282524,2022-02-10,3,0.013889637333620737,154,0.17647058823529413,0,1.0355472065747353,-0.02088238053403524,-0.758007814761986,0.7855944558994022,,5.655991810819852,0.0
108440,1469695839,2022-02-10,3,0.013889637333620737,154,0.07142857142857142,0,1.0355472065747353,-0.02088238053403524,-0.758007814761986,-0.7659386906291744,-0.11484247747155796,0.3208469187181322,0.8285457440953712
108440,1392525569,2022-02-10,3,0.013889637333620737,154,0.04411764705882353,0,1.0355472065747353,-0.02088238053403524,-0.758007814761986,1.8656717987267768,0.034686347622175484,-0.03822121282019708,0.015504186535965303
108440,1392321470,2022-02-10,3,0.013889637333620737,154,0.15789473684210525,0,1.0355472065747353,-0.02088238053403524,-0.758007814761986,-1.0767078705910784,0.07630908453377594,-0.37159892273900574,1.6628511114443079
108440,1392166028,2022-02-10,3,0.013889637333620737,154,0.0967741935483871,0,1.0355472065747353,-0.02088238053403524,-0.758007814761986,-0.6275531653652834,-1.1314143889952932,2.18670467833884,0.21113966288904962
108440,1392162219,2022-02-10,3,0.013889637333620737,154,0.17647058823529413,0,1.0355472065747353,-0.02088238053403524,-0.758007814761986,0.9411752173872854,1.3739234474038928,-0.1599325619004759,0.6931471805599453
108440,1392158625,2022-02-10,3,0.013889637333620737,154,0.13043478260869565,0,1.0355472065747353,-0.02088238053403524,-0.758007814761986,-0.9629886247882223,-0.670650637325976,1.1367071637207928,-1.2519368635330625
108440,1392139747,2022-02-10,3,0.013889637333620737,154,0.07894736842105263,0,1.0355472065747353,-0.02088238053403524,-0.758007814761986,1.6002850928402215,-0.2246462088704515,0.8183103235139519,0.9133879722161931
108440,74354,2022-02-10,3,0.013889637333620737,154,0.75,0,1.0355472065747353,-0.02088238053403524,-0.758007814761986,1.5137217108189915,0.5266470405584847,-0.9019019944220554,-0.2876820724517808
108440,59451,2022-02-10,3,0.013889637333620737,154,0.75,0,1.0355472065747353,-0.02088238053403524,-0.758007814761986,1.2541707479793227,0.6433110368745436,-0.4929244134367501,-0.6931471805599453
108440,56260,2022-02-10,3,0.013889637333620737,154,0.0050933786078098476,0,1.0355472065747353,-0.02088238053403524,-0.758007814761986,1.7867414978861154,-0.2856483828951919,0.4054651081081644,-2.833213344056216
108440,55653,2022-02-10,3,0.013889637333620737,154,0.6,0,1.0355472065747353,-0.02088238053403524,-0.758007814761986,1.6501040389300605,0.7056238982721064,-0.9714571131828631,-0.2876820724517808
108440,54726,2022-02-10,3,0.013889637333620737,154,0.043478260869565216,0,1.0355472065747353,-0.02088238053403524,-0.758007814761986,0.5001472623831966,-2.123679874604454,2.803360380906535,3.091042453358316
108440,52388,2022-02-10,3,0.013889637333620737,154,0.005067567567567568,0,1.0355472065747353,-0.02088238053403524,-0.758007814761986,2.2771503218236315,1.1510476382262453,-3.506557897319982,-4.882801922586371
108440,52300,2022-02-10,3,0.013889637333620737,154,0.07142857142857142,0,1.0355472065747353,-0.02088238053403524,-0.758007814761986,-0.5483898766215637,-1.8474679987368976,1.3160901024466414,-0.5877866649021195
108440,51573,2022-02-10,3,0.013889637333620737,154,0.005067567567567568,0,1.0355472065747353,-0.02088238053403524,-0.758007814761986,-0.2737376891103409,-2.0455545733176312,1.9810014688665833,-4.085976312551584
108440,51530,2022-02-10,3,0.013889637333620737,154,0.6,0,1.0355472065747353,-0.02088238053403524,-0.758007814761986,1.5397371980288432,0.4349950719248079,-0.8542087379270509,0.2876820724517808
108440,50278,2022-02-10,3,0.013889637333620737,154,0.42857142857142855,0,1.0355472065747353,-0.02088238053403524,-0.758007814761986,1.2500420406271961,0.04006209015402984,0.06656076651833853,-0.7654678421395715
108440,50276,2022-02-10,3,0.013889637333620737,154,0.75,0,1.0355472065747353,-0.02088238053403524,-0.758007814761986,1.6428248844940871,0.5840127282322503,-0.8927602344639611,-0.5108256237659905
108440,1392117675,2022-02-10,3,0.013889637333620737,154,0.09375,0,1.0355472065747353,-0.02088238053403524,-0.758007814761986,-0.9303866738517901,0.702543097945383,-0.7596562036365313,-0.11807010326277645
108440,1392111849,2022-02-10,3,0.013889637333620737,154,0.13636363636363635,0,1.0355472065747353,-0.02088238053403524,-0.758007814761986,0.7000041258831879,-0.8034721592913374,0.6497850622861874,0.6805683983530857
108440,1392108845,2022-02-10,3,0.013889637333620737,154,0.0234375,0,1.0355472065747353,-0.02088238053403524,-0.758007814761986,-1.2107066877796675,-0.12835473654364304,0.28821477301402787,-0.5002435144354536
108440,1392108713,2022-02-10,3,0.013889637333620737,154,0.034482758620689655,0,1.0355472065747353,-0.02088238053403524,-0.758007814761986,-1.0549053580447019,0.134591439983484,-0.33406259690105955,-0.315608778986304
108440,1392108711,2022-02-10,3,0.013889637333620737,154,0.08823529411764706,0,1.0355472065747353,-0.02088238053403524,-0.758007814761986,-0.4656175504707531,-0.10706422371476271,0.10613918028739722,-0.38132614608952586
108440,1358238076,2022-02-10,3,0.013889637333620737,154,0.1111111111111111,0,1.0355472065747353,-0.02088238053403524,-0.758007814761986,-0.9930198502962408,0.053805850994334437,-0.259633621069959,-1.751268107873317
108440,1290926415,2022-02-10,3,0.013889637333620737,154,0.1875,0,1.0355472065747353,-0.02088238053403524,-0.758007814761986,0.5271127907070282,,5.908082938168931,3.912023005428146
108440,1277308085,2022-02-10,3,0.013889637333620737,154,0.17647058823529413,0,1.0355472065747353,-0.02088238053403524,-0.758007814761986,0.801042457658648,,5.6937321388027,0.0
59451,2144220670,2022-02-10,3,0.013889637333620737,154,0.17647058823529413,0,0.6108597111047791,0.6433110368745436,-0.4929244134367501,0.817735116276223,,5.736572297479192,-4.07753744390572
59451,49403,2022-02-10,3,0.013889637333620737,154,0.6,0,0.6108597111047791,0.6433110368745436,-0.4929244134367501,0.9010616012570883,-0.26601536890469435,-0.7659065348423741,-0.6931471805599453
59451,48570,2022-02-10,3,0.013889637333620737,154,0.6,0,0.6108597111047791,0.6433110368745436,-0.4929244134367501,1.525445664001127,0.3409937643374057,-0.8131064956389249,0.4054651081081645
59451,47978,2022-02-10,3,0.013889637333620737,154,0.07317073170731707,0,0.6108597111047791,0.6433110368745436,-0.4929244134367501,0.5694099453436888,-0.40572994832009024,0.0925927868278249,-0.9808292530117266
59451,47921,2022-02-10,3,0.013889637333620737,154,0.5,0,0.6108597111047791,0.6433110368745436,-0.4929244134367501,1.1227539869545724,0.31306476062489574,-1.1614131899071403,-0.6931471805599453
59451,46541,2022-02-10,3,0.013889637333620737,154,0.17647058823529413,0,0.6108597111047791,0.6433110368745436,-0.4929244134367501,0.8791572709879716,-1.7446698659996789,4.941642422609304,0.0
59451,2142862519,2022-02-10,3,0.013889637333620737,154,0.031914893617021274,0,0.6108597111047791,0.6433110368745436,-0.4929244134367501,-4.329027246802783,-0.12565657047255385,0.1745453840734168,-0.806066979872023
59451,2080904040,2022-02-10,3,0.013889637333620737,154,0.036585365853658534,0,0.6108597111047791,0.6433110368745436,-0.4929244134367501,-5.385732199816076,0.024943352205315072,-0.027111938192062368,-0.21606407109470993
59451,2018450532,2022-02-10,3,0.013889637333620737,154,0.023076923076923078,0,0.6108597111047791,0.6433110368745436,-0.4929244134367501,-2.6715201232455024,-0.02514746989576855,0.20060293256267947,-0.447185976990113
59451,1746521229,2022-02-10,3,0.013889637333620737,154,0.075,0,0.6108597111047791,0.6433110368745436,-0.4929244134367501,-2.381592541720022,-0.2939797195075333,-0.019499426234370176,-0.2936189114744536
59451,1746143216,2022-02-10,3,0.013889637333620737,154,0.16666666666666666,0,0.6108597111047791,0.6433110368745436,-0.4929244134367501,0.780263924406414,,5.739792912179234,0.0
59451,1540869033,2022-02-10,3,0.013889637333620737,154,0.17647058823529413,0,0.6108597111047791,0.6433110368745436,-0.4929244134367501,0.6312094851572003,,5.720311776607412,0.0
59451,1474282524,2022-02-10,3,0.013889637333620737,154,0.17647058823529413,0,0.6108597111047791,0.6433110368745436,-0.4929244134367501,0.7855944558994022,,5.655991810819852,0.0
59451,1469695839,2022-02-10,3,0.013889637333620737,154,0.07142857142857142,0,0.6108597111047791,0.6433110368745436,-0.4929244134367501,-0.7659386906291744,-0.11484247747155796,0.3208469187181322,0.8285457440953712
59451,1392525569,2022-02-10,3,0.013889637333620737,154,0.04411764705882353,0,0.6108597111047791,0.6433110368745436,-0.4929244134367501,1.8656717987267768,0.034686347622175484,-0.03822121282019708,0.015504186535965303
59451,1392321470,2022-02-10,3,0.013889637333620737,154,0.15789473684210525,0,0.6108597111047791,0.6433110368745436,-0.4929244134367501,-1.0767078705910784,0.07630908453377594,-0.37159892273900574,1.6628511114443079
59451,1392166028,2022-02-10,3,0.013889637333620737,154,0.0967741935483871,0,0.6108597111047791,0.6433110368745436,-0.4929244134367501,-0.6275531653652834,-1.1314143889952932,2.18670467833884,0.21113966288904962
59451,1392162219,2022-02-10,3,0.013889637333620737,154,0.17647058823529413,0,0.6108597111047791,0.6433110368745436,-0.4929244134367501,0.9411752173872854,1.3739234474038928,-0.1599325619004759,0.6931471805599453
59451,1392158625,2022-02-10,3,0.013889637333620737,154,0.13043478260869565,0,0.6108597111047791,0.6433110368745436,-0.4929244134367501,-0.9629886247882223,-0.670650637325976,1.1367071637207928,-1.2519368635330625
59451,1392139747,2022-02-10,3,0.013889637333620737,154,0.07894736842105263,0,0.6108597111047791,0.6433110368745436,-0.4929244134367501,1.6002850928402215,-0.2246462088704515,0.8183103235139519,0.9133879722161931
59451,77331,2022-02-10,3,0.013889637333620737,154,0.75,0,0.6108597111047791,0.6433110368745436,-0.4929244134367501,1.4509106457121934,0.29962780145173484,-0.8829037158414179,-0.6931471805599453
59451,74354,2022-02-10,3,0.013889637333620737,154,0.75,0,0.6108597111047791,0.6433110368745436,-0.4929244134367501,1.5137217108189915,0.5266470405584847,-0.9019019944220554,-0.2876820724517808
59451,56260,2022-02-10,3,0.013889637333620737,154,0.0050933786078098476,0,0.6108597111047791,0.6433110368745436,-0.4929244134367501,1.7867414978861154,-0.2856483828951919,0.4054651081081644,-2.833213344056216
59451,55653,2022-02-10,3,0.013889637333620737,154,0.6,0,0.6108597111047791,0.6433110368745436,-0.4929244134367501,1.6501040389300605,0.7056238982721064,-0.9714571131828631,-0.2876820724517808
59451,54726,2022-02-10,3,0.013889637333620737,154,0.043478260869565216,0,0.6108597111047791,0.6433110368745436,-0.4929244134367501,0.5001472623831966,-2.123679874604454,2.803360380906535,3.091042453358316
59451,52388,2022-02-10,3,0.013889637333620737,154,0.005067567567567568,0,0.6108597111047791,0.6433110368745436,-0.4929244134367501,2.2771503218236315,1.1510476382262453,-3.506557897319982,-4.882801922586371
59451,52300,2022-02-10,3,0.013889637333620737,154,0.07142857142857142,0,0.6108597111047791,0.6433110368745436,-0.4929244134367501,-0.5483898766215637,-1.8474679987368976,1.3160901024466414,-0.5877866649021195
59451,51573,2022-02-10,3,0.013889637333620737,154,0.005067567567567568,0,0.6108597111047791,0.6433110368745436,-0.4929244134367501,-0.2737376891103409,-2.0455545733176312,1.9810014688665833,-4.085976312551584
59451,51530,2022-02-10,3,0.013889637333620737,154,0.6,0,0.6108597111047791,0.6433110368745436,-0.4929244134367501,1.5397371980288432,0.4349950719248079,-0.8542087379270509,0.2876820724517808
59451,50278,2022-02-10,3,0.013889637333620737,154,0.42857142857142855,0,0.6108597111047791,0.6433110368745436,-0.4929244134367501,1.2500420406271961,0.04006209015402984,0.06656076651833853,-0.7654678421395715
59451,50276,2022-02-10,3,0.013889637333620737,154,0.75,0,0.6108597111047791,0.6433110368745436,-0.4929244134367501,1.6428248844940871,0.5840127282322503,-0.8927602344639611,-0.5108256237659905
59451,1392117675,2022-02-10,3,0.013889637333620737,154,0.09375,0,0.6108597111047791,0.6433110368745436,-0.4929244134367501,-0.9303866738517901,0.702543097945383,-0.7596562036365313,-0.11807010326277645
59451,1392111849,2022-02-10,3,0.013889637333620737,154,0.13636363636363635,0,0.6108597111047791,0.6433110368745436,-0.4929244134367501,0.7000041258831879,-0.8034721592913374,0.6497850622861874,0.6805683983530857
59451,1392108845,2022-02-10,3,0.013889637333620737,154,0.0234375,0,0.6108597111047791,0.6433110368745436,-0.4929244134367501,-1.2107066877796675,-0.12835473654364304,0.28821477301402787,-0.5002435144354536
59451,1392108713,2022-02-10,3,0.013889637333620737,154,0.034482758620689655,0,0.6108597111047791,0.6433110368745436,-0.4929244134367501,-1.0549053580447019,0.134591439983484,-0.33406259690105955,-0.315608778986304
59451,1392108711,2022-02-10,3,0.013889637333620737,154,0.08823529411764706,0,0.6108597111047791,0.6433110368745436,-0.4929244134367501,-0.4656175504707531,-0.10706422371476271,0.10613918028739722,-0.38132614608952586
59451,1358238076,2022-02-10,3,0.013889637333620737,154,0.1111111111111111,0,0.6108597111047791,0.6433110368745436,-0.4929244134367501,-0.9930198502962408,0.053805850994334437,-0.259633621069959,-1.751268107873317
59451,1290926415,2022-02-10,3,0.013889637333620737,154,0.1875,0,0.6108597111047791,0.6433110368745436,-0.4929244134367501,0.5271127907070282,,5.908082938168931,3.912023005428146
59451,1277308085,2022-02-10,3,0.013889637333620737,154,0.17647058823529413,0,0.6108597111047791,0.6433110368745436,-0.4929244134367501,0.801042457658648,,5.6937321388027,0.0
458857,52388,2022-02-10,4,0.015304064490622151,154,0.006745362563237774,0,1.1832540943734506,0.3983498801751646,-1.0040861151759932,2.2771503218236315,1.1510476382262453,-3.506557897319982,-4.882801922586371
458857,51573,2022-02-10,4,0.015304064490622151,154,0.006745362563237774,0,1.1832540943734506,0.3983498801751646,-1.0040861151759932,-0.2737376891103409,-2.0455545733176312,1.9810014688665833,-4.085976312551584
458857,52300,2022-02-10,4,0.015304064490622151,154,0.09302325581395349,0,1.1832540943734506,0.3983498801751646,-1.0040861151759932,-0.5483898766215637,-1.8474679987368976,1.3160901024466414,-0.5877866649021195
458857,2080904040,2022-02-10,4,0.015304064490622151,154,0.04878048780487805,0,1.1832540943734506,0.3983498801751646,-1.0040861151759932,-5.385732199816076,0.024943352205315072,-0.027111938192062368,-0.21606407109470993
458857,2142862519,2022-02-10,4,0.015304064490622151,154,0.0425531914893617,0,1.1832540943734506,0.3983498801751646,-1.0040861151759932,-4.329027246802783,-0.12565657047255385,0.1745453840734168,-0.806066979872023
458857,1037762248,2022-02-10,4,0.015304064490622151,154,0.19047619047619047,0,1.1832540943734506,0.3983498801751646,-1.0040861151759932,0.6854823860904948,-0.5203648723910368,3.542073530280718,0.5089547158301793
458857,1056233796,2022-02-10,4,0.015304064490622151,154,0.21052631578947367,0,1.1832540943734506,0.3983498801751646,-1.0040861151759932,0.6353938176327076,,5.860786223465865,0.0
458857,1096169339,2022-02-10,4,0.015304064490622151,154,0.13333333333333333,0,1.1832540943734506,0.3983498801751646,-1.0040861151759932,0.3756008841815004,-0.06711148836684655,-0.11000089521432876,-1.1205911953868846
458857,1019341940,2022-02-10,4,0.015304064490622151,154,0.2,0,1.1832540943734506,0.3983498801751646,-1.0040861151759932,0.7198213167964603,-0.95497781724031,3.9091617731471135,-1.693024628542366
458857,1178392155,2022-02-10,4,0.015304064490622151,154,0.2,0,1.1832540943734506,0.3983498801751646,-1.0040861151759932,0.9678254763822786,-0.8237501872207268,3.9186675481468147,0.6815729772788082
458857,54726,2022-02-10,4,0.015304064490622151,154,0.057971014492753624,0,1.1832540943734506,0.3983498801751646,-1.0040861151759932,0.5001472623831966,-2.123679874604454,2.803360380906535,3.091042453358316
458857,55653,2022-02-10,4,0.015304064490622151,154,0.6666666666666666,0,1.1832540943734506,0.3983498801751646,-1.0040861151759932,1.6501040389300605,0.7056238982721064,-0.9714571131828631,-0.2876820724517808
458857,2144220670,2022-02-10,4,0.015304064490622151,154,0.2222222222222222,0,1.1832540943734506,0.3983498801751646,-1.0040861151759932,0.817735116276223,,5.736572297479192,-4.07753744390572
458857,2018450532,2022-02-10,4,0.015304064490622151,154,0.03076923076923077,0,1.1832540943734506,0.3983498801751646,-1.0040861151759932,-2.6715201232455024,-0.02514746989576855,0.20060293256267947,-0.447185976990113
458857,1746143216,2022-02-10,4,0.015304064490622151,154,0.21052631578947367,0,1.1832540943734506,0.3983498801751646,-1.0040861151759932,0.780263924406414,,5.739792912179234,0.0
458857,1746521229,2022-02-10,4,0.015304064490622151,154,0.1,0,1.1832540943734506,0.3983498801751646,-1.0040861151759932,-2.381592541720022,-0.2939797195075333,-0.019499426234370176,-0.2936189114744536
458857,1469695839,2022-02-10,4,0.015304064490622151,154,0.09523809523809523,0,1.1832540943734506,0.3983498801751646,-1.0040861151759932,-0.7659386906291744,-0.11484247747155796,0.3208469187181322,0.8285457440953712
458857,1474282524,2022-02-10,4,0.015304064490622151,154,0.2222222222222222,0,1.1832540943734506,0.3983498801751646,-1.0040861151759932,0.7855944558994022,,5.655991810819852,0.0
458857,1540869033,2022-02-10,4,0.015304064490622151,154,0.2222222222222222,0,1.1832540943734506,0.3983498801751646,-1.0040861151759932,0.6312094851572003,,5.720311776607412,0.0
458857,56260,2022-02-10,4,0.015304064490622151,154,0.006779661016949152,0,1.1832540943734506,0.3983498801751646,-1.0040861151759932,1.7867414978861154,-0.2856483828951919,0.4054651081081644,-2.833213344056216
458857,1392166028,2022-02-10,4,0.015304064490622151,154,0.125,0,1.1832540943734506,0.3983498801751646,-1.0040861151759932,-0.6275531653652834,-1.1314143889952932,2.18670467833884,0.21113966288904962
458857,1392321470,2022-02-10,4,0.015304064490622151,154,0.2,0,1.1832540943734506,0.3983498801751646,-1.0040861151759932,-1.0767078705910784,0.07630908453377594,-0.37159892273900574,1.6628511114443079
458857,1392525569,2022-02-10,4,0.015304064490622151,154,0.058823529411764705,0,1.1832540943734506,0.3983498801751646,-1.0040861151759932,1.8656717987267768,0.034686347622175484,-0.03822121282019708,0.015504186535965303
458857,129172,2022-02-10,4,0.015304064490622151,154,0.05555555555555555,0,1.1832540943734506,0.3983498801751646,-1.0040861151759932,-0.5725126603623825,1.2206188708533052,-0.8764202768806006,0.13675686980585766
458857,132524,2022-02-10,4,0.015304064490622151,154,0.5,0,1.1832540943734506,0.3983498801751646,-1.0040861151759932,1.4300995402190406,0.2040752492469875,-0.8979415932059585,-0.08552217343816171
458857,1009076529,2022-02-10,4,0.015304064490622151,154,0.2222222222222222,0,1.1832540943734506,0.3983498801751646,-1.0040861151759932,0.8370578002514518,,5.598421958998375,0.0
458857,998269223,2022-02-10,4,0.015304064490622151,154,0.08695652173913043,0,1.1832540943734506,0.3983498801751646,-1.0040861151759932,-1.9560287719554343,-0.30143343195973293,0.4309843855995048,0.1527130947222357
458857,136480,2022-02-10,4,0.015304064490622151,154,0.05128205128205128,0,1.1832540943734506,0.3983498801751646,-1.0040861151759932,-3.820757606770932,-1.4049017277916205,1.2359203355277248,-0.03606247268560736
458857,1392108711,2022-02-10,4,0.015304064490622151,154,0.11764705882352941,0,1.1832540943734506,0.3983498801751646,-1.0040861151759932,-0.4656175504707531,-0.10706422371476271,0.10613918028739722,-0.38132614608952586
458857,1392108713,2022-02-10,4,0.015304064490622151,154,0.04597701149425287,0,1.1832540943734506,0.3983498801751646,-1.0040861151759932,-1.0549053580447019,0.134591439983484,-0.33406259690105955,-0.315608778986304
458857,1392108845,2022-02-10,4,0.015304064490622151,154,0.03125,0,1.1832540943734506,0.3983498801751646,-1.0040861151759932,-1.2107066877796675,-0.12835473654364304,0.28821477301402787,-0.5002435144354536
458857,1392111849,2022-02-10,4,0.015304064490622151,154,0.17391304347826086,0,1.1832540943734506,0.3983498801751646,-1.0040861151759932,0.7000041258831879,-0.8034721592913374,0.6497850622861874,0.6805683983530857
458857,1392117675,2022-02-10,4,0.015304064490622151,154,0.125,0,1.1832540943734506,0.3983498801751646,-1.0040861151759932,-0.9303866738517901,0.702543097945383,-0.7596562036365313,-0.11807010326277645
458857,1392158625,2022-02-10,4,0.015304064490622151,154,0.16666666666666666,0,1.1832540943734506,0.3983498801751646,-1.0040861151759932,-0.9629886247882223,-0.670650637325976,1.1367071637207928,-1.2519368635330625
458857,1392162219,2022-02-10,4,0.015304064490622151,154,0.2222222222222222,0,1.1832540943734506,0.3983498801751646,-1.0040861151759932,0.9411752173872854,1.3739234474038928,-0.1599325619004759,0.6931471805599453
458857,1358238076,2022-02-10,4,0.015304064490622151,154,0.14814814814814814,0,1.1832540943734506,0.3983498801751646,-1.0040861151759932,-0.9930198502962408,0.053805850994334437,-0.259633621069959,-1.751268107873317
458857,46541,2022-02-10,4,0.015304064490622151,154,0.2222222222222222,0,1.1832540943734506,0.3983498801751646,-1.0040861151759932,0.8791572709879716,-1.7446698659996789,4.941642422609304,0.0
458857,828337656,2022-02-10,4,0.015304064490622151,154,0.08695652173913043,0,1.1832540943734506,0.3983498801751646,-1.0040861151759932,-1.7881698839346565,-0.15572475219717985,0.19682114906472847,-0.7801762615214614
458857,869463199,2022-02-10,4,0.015304064490622151,154,0.2222222222222222,0,1.1832540943734506,0.3983498801751646,-1.0040861151759932,0.93439536596085,,5.564520407322694,0.0
466000,2144220670,2022-02-10,3,0.013889637333620737,154,0.17647058823529413,0,1.0294542861782148,0.6018111666080936,-1.2722757827189497,0.817735116276223,,5.736572297479192,-4.07753744390572
466000,49403,2022-02-10,3,0.013889637333620737,154,0.6,0,1.0294542861782148,0.6018111666080936,-1.2722757827189497,0.9010616012570883,-0.26601536890469435,-0.7659065348423741,-0.6931471805599453
466000,48570,2022-02-10,3,0.013889637333620737,154,0.6,0,1.0294542861782148,0.6018111666080936,-1.2722757827189497,1.525445664001127,0.3409937643374057,-0.8131064956389249,0.4054651081081645
466000,47978,2022-02-10,3,0.013889637333620737,154,0.07317073170731707,0,1.0294542861782148,0.6018111666080936,-1.2722757827189497,0.5694099453436888,-0.40572994832009024,0.0925927868278249,-0.9808292530117266
466000,47921,2022-02-10,3,0.013889637333620737,154,0.5,0,1.0294542861782148,0.6018111666080936,-1.2722757827189497,1.1227539869545724,0.31306476062489574,-1.1614131899071403,-0.6931471805599453
466000,46541,2022-02-10,3,0.013889637333620737,154,0.17647058823529413,0,1.0294542861782148,0.6018111666080936,-1.2722757827189497,0.8791572709879716,-1.7446698659996789,4.941642422609304,0.0
466000,2142862519,2022-02-10,3,0.013889637333620737,154,0.031914893617021274,0,1.0294542861782148,0.6018111666080936,-1.2722757827189497,-4.329027246802783,-0.12565657047255385,0.1745453840734168,-0.806066979872023
466000,2080904040,2022-02-10,3,0.013889637333620737,154,0.036585365853658534,0,1.0294542861782148,0.6018111666080936,-1.2722757827189497,-5.385732199816076,0.024943352205315072,-0.027111938192062368,-0.21606407109470993
466000,2018450532,2022-02-10,3,0.013889637333620737,154,0.023076923076923078,0,1.0294542861782148,0.6018111666080936,-1.2722757827189497,-2.6715201232455024,-0.02514746989576855,0.20060293256267947,-0.447185976990113
466000,1746521229,2022-02-10,3,0.013889637333620737,154,0.075,0,1.0294542861782148,0.6018111666080936,-1.2722757827189497,-2.381592541720022,-0.2939797195075333,-0.019499426234370176,-0.2936189114744536
466000,1746143216,2022-02-10,3,0.013889637333620737,154,0.16666666666666666,0,1.0294542861782148,0.6018111666080936,-1.2722757827189497,0.780263924406414,,5.739792912179234,0.0
466000,1540869033,2022-02-10,3,0.013889637333620737,154,0.17647058823529413,0,1.0294542861782148,0.6018111666080936,-1.2722757827189497,0.6312094851572003,,5.720311776607412,0.0
466000,1474282524,2022-02-10,3,0.013889637333620737,154,0.17647058823529413,0,1.0294542861782148,0.6018111666080936,-1.2722757827189497,0.7855944558994022,,5.655991810819852,0.0
466000,1469695839,2022-02-10,3,0.013889637333620737,154,0.07142857142857142,0,1.0294542861782148,0.6018111666080936,-1.2722757827189497,-0.7659386906291744,-0.11484247747155796,0.3208469187181322,0.8285457440953712
466000,1392525569,2022-02-10,3,0.013889637333620737,154,0.04411764705882353,0,1.0294542861782148,0.6018111666080936,-1.2722757827189497,1.8656717987267768,0.034686347622175484,-0.03822121282019708,0.015504186535965303
466000,1392321470,2022-02-10,3,0.013889637333620737,154,0.15789473684210525,0,1.0294542861782148,0.6018111666080936,-1.2722757827189497,-1.0767078705910784,0.07630908453377594,-0.37159892273900574,1.6628511114443079
466000,1392166028,2022-02-10,3,0.013889637333620737,154,0.0967741935483871,0,1.0294542861782148,0.6018111666080936,-1.2722757827189497,-0.6275531653652834,-1.1314143889952932,2.18670467833884,0.21113966288904962
466000,1392162219,2022-02-10,3,0.013889637333620737,154,0.17647058823529413,0,1.0294542861782148,0.6018111666080936,-1.2722757827189497,0.9411752173872854,1.3739234474038928,-0.1599325619004759,0.6931471805599453
466000,1392158625,2022-02-10,3,0.013889637333620737,154,0.13043478260869565,0,1.0294542861782148,0.6018111666080936,-1.2722757827189497,-0.9629886247882223,-0.670650637325976,1.1367071637207928,-1.2519368635330625
466000,1392139747,2022-02-10,3,0.013889637333620737,154,0.07894736842105263,0,1.0294542861782148,0.6018111666080936,-1.2722757827189497,1.6002850928402215,-0.2246462088704515,0.8183103235139519,0.9133879722161931
466000,74354,2022-02-10,3,0.013889637333620737,154,0.75,0,1.0294542861782148,0.6018111666080936,-1.2722757827189497,1.5137217108189915,0.5266470405584847,-0.9019019944220554,-0.2876820724517808
466000,59451,2022-02-10,3,0.013889637333620737,154,0.75,0,1.0294542861782148,0.6018111666080936,-1.2722757827189497,1.2541707479793227,0.6433110368745436,-0.4929244134367501,-0.6931471805599453
466000,56260,2022-02-10,3,0.013889637333620737,154,0.0050933786078098476,0,1.0294542861782148,0.6018111666080936,-1.2722757827189497,1.7867414978861154,-0.2856483828951919,0.4054651081081644,-2.833213344056216
466000,55653,2022-02-10,3,0.013889637333620737,154,0.6,0,1.0294542861782148,0.6018111666080936,-1.2722757827189497,1.6501040389300605,0.7056238982721064,-0.9714571131828631,-0.2876820724517808
466000,54726,2022-02-10,3,0.013889637333620737,154,0.043478260869565216,0,1.0294542861782148,0.6018111666080936,-1.2722757827189497,0.5001472623831966,-2.123679874604454,2.803360380906535,3.091042453358316
466000,52388,2022-02-10,3,0.013889637333620737,154,0.005067567567567568,0,1.0294542861782148,0.6018111666080936,-1.2722757827189497,2.2771503218236315,1.1510476382262453,-3.506557897319982,-4.882801922586371
466000,52300,2022-02-10,3,0.013889637333620737,154,0.07142857142857142,0,1.0294542861782148,0.6018111666080936,-1.2722757827189497,-0.5483898766215637,-1.8474679987368976,1.3160901024466414,-0.5877866649021195
466000,51573,2022-02-10,3,0.013889637333620737,154,0.005067567567567568,0,1.0294542861782148,0.6018111666080936,-1.2722757827189497,-0.2737376891103409,-2.0455545733176312,1.9810014688665833,-4.085976312551584
466000,51530,2022-02-10,3,0.013889637333620737,154,0.6,0,1.0294542861782148,0.6018111666080936,-1.2722757827189497,1.5397371980288432,0.4349950719248079,-0.8542087379270509,0.2876820724517808
466000,50278,2022-02-10,3,0.013889637333620737,154,0.42857142857142855,0,1.0294542861782148,0.6018111666080936,-1.2722757827189497,1.2500420406271961,0.04006209015402984,0.06656076651833853,-0.7654678421395715
466000,50276,2022-02-10,3,0.013889637333620737,154,0.75,0,1.0294542861782148,0.6018111666080936,-1.2722757827189497,1.6428248844940871,0.5840127282322503,-0.8927602344639611,-0.5108256237659905
466000,1392117675,2022-02-10,3,0.013889637333620737,154,0.09375,0,1.0294542861782148,0.6018111666080936,-1.2722757827189497,-0.9303866738517901,0.702543097945383,-0.7596562036365313,-0.11807010326277645
466000,1392111849,2022-02-10,3,0.013889637333620737,154,0.13636363636363635,0,1.0294542861782148,0.6018111666080936,-1.2722757827189497,0.7000041258831879,-0.8034721592913374,0.6497850622861874,0.6805683983530857
466000,1392108845,2022-02-10,3,0.013889637333620737,154,0.0234375,0,1.0294542861782148,0.6018111666080936,-1.2722757827189497,-1.2107066877796675,-0.12835473654364304,0.28821477301402787,-0.5002435144354536
466000,1392108713,2022-02-10,3,0.013889637333620737,154,0.034482758620689655,0,1.0294542861782148,0.6018111666080936,-1.2722757827189497,-1.0549053580447019,0.134591439983484,-0.33406259690105955,-0.315608778986304
466000,1392108711,2022-02-10,3,0.013889637333620737,154,0.08823529411764706,0,1.0294542861782148,0.6018111666080936,-1.2722757827189497,-0.4656175504707531,-0.10706422371476271,0.10613918028739722,-0.38132614608952586
466000,1358238076,2022-02-10,3,0.013889637333620737,154,0.1111111111111111,0,1.0294542861782148,0.6018111666080936,-1.2722757827189497,-0.9930198502962408,0.053805850994334437,-0.259633621069959,-1.751268107873317
466000,1290926415,2022-02-10,3,0.013889637333620737,154,0.1875,0,1.0294542861782148,0.6018111666080936,-1.2722757827189497,0.5271127907070282,,5.908082938168931,3.912023005428146
466000,1277308085,2022-02-10,3,0.013889637333620737,154,0.17647058823529413,0,1.0294542861782148,0.6018111666080936,-1.2722757827189497,0.801042457658648,,5.6937321388027,0.0
95540,2144220670,2022-02-10,3,0.013889637333620737,154,0.17647058823529413,0,0.9979658506697209,0.2989992879906569,-0.6667139234917894,0.817735116276223,,5.736572297479192,-4.07753744390572
95540,49403,2022-02-10,3,0.013889637333620737,154,0.6,0,0.9979658506697209,0.2989992879906569,-0.6667139234917894,0.9010616012570883,-0.26601536890469435,-0.7659065348423741,-0.6931471805599453
95540,48570,2022-02-10,3,0.013889637333620737,154,0.6,0,0.9979658506697209,0.2989992879906569,-0.6667139234917894,1.525445664001127,0.3409937643374057,-0.8131064956389249,0.4054651081081645
95540,47978,2022-02-10,3,0.013889637333620737,154,0.07317073170731707,0,0.9979658506697209,0.2989992879906569,-0.6667139234917894,0.5694099453436888,-0.40572994832009024,0.0925927868278249,-0.9808292530117266
95540,47921,2022-02-10,3,0.013889637333620737,154,0.5,0,0.9979658506697209,0.2989992879906569,-0.6667139234917894,1.1227539869545724,0.31306476062489574,-1.1614131899071403,-0.6931471805599453
95540,46541,2022-02-10,3,0.013889637333620737,154,0.17647058823529413,0,0.9979658506697209,0.2989992879906569,-0.6667139234917894,0.8791572709879716,-1.7446698659996789,4.941642422609304,0.0
95540,2142862519,2022-02-10,3,0.013889637333620737,154,0.031914893617021274,0,0.9979658506697209,0.2989992879906569,-0.6667139234917894,-4.329027246802783,-0.12565657047255385,0.1745453840734168,-0.806066979872023
95540,2080904040,2022-02-10,3,0.013889637333620737,154,0.036585365853658534,0,0.9979658506697209,0.2989992879906569,-0.6667139234917894,-5.385732199816076,0.024943352205315072,-0.027111938192062368,-0.21606407109470993
95540,2018450532,2022-02-10,3,0.013889637333620737,154,0.023076923076923078,0,0.9979658506697209,0.2989992879906569,-0.6667139234917894,-2.6715201232455024,-0.02514746989576855,0.20060293256267947,-0.447185976990113
95540,1746521229,2022-02-10,3,0.013889637333620737,154,0.075,0,0.9979658506697209,0.2989992879906569,-0.6667139234917894,-2.381592541720022,-0.2939797195075333,-0.019499426234370176,-0.2936189114744536
95540,1746143216,2022-02-10,3,0.013889637333620737,154,0.16666666666666666,0,0.9979658506697209,0.2989992879906569,-0.6667139234917894,0.780263924406414,,5.739792912179234,0.0
95540,1540869033,2022-02-10,3,0.013889637333620737,154,0.17647058823529413,0,0.9979658506697209,0.2989992879906569,-0.6667139234917894,0.6312094851572003,,5.720311776607412,0.0
95540,1474282524,2022-02-10,3,0.013889637333620737,154,0.17647058823529413,0,0.9979658506697209,0.2989992879906569,-0.6667139234917894,0.7855944558994022,,5.655991810819852,0.0
95540,1469695839,2022-02-10,3,0.013889637333620737,154,0.07142857142857142,0,0.9979658506697209,0.2989992879906569,-0.6667139234917894,-0.7659386906291744,-0.11484247747155796,0.3208469187181322,0.8285457440953712
95540,1392525569,2022-02-10,3,0.013889637333620737,154,0.04411764705882353,0,0.9979658506697209,0.2989992879906569,-0.6667139234917894,1.8656717987267768,0.034686347622175484,-0.03822121282019708,0.015504186535965303
95540,1392321470,2022-02-10,3,0.013889637333620737,154,0.15789473684210525,0,0.9979658506697209,0.2989992879906569,-0.6667139234917894,-1.0767078705910784,0.07630908453377594,-0.37159892273900574,1.6628511114443079
95540,1392166028,2022-02-10,3,0.013889637333620737,154,0.0967741935483871,0,0.9979658506697209,0.2989992879906569,-0.6667139234917894,-0.6275531653652834,-1.1314143889952932,2.18670467833884,0.21113966288904962
95540,1392162219,2022-02-10,3,0.013889637333620737,154,0.17647058823529413,0,0.9979658506697209,0.2989992879906569,-0.6667139234917894,0.9411752173872854,1.3739234474038928,-0.1599325619004759,0.6931471805599453
95540,1392158625,2022-02-10,3,0.013889637333620737,154,0.13043478260869565,0,0.9979658506697209,0.2989992879906569,-0.6667139234917894,-0.9629886247882223,-0.670650637325976,1.1367071637207928,-1.2519368635330625
95540,1392139747,2022-02-10,3,0.013889637333620737,154,0.07894736842105263,0,0.9979658506697209,0.2989992879906569,-0.6667139234917894,1.6002850928402215,-0.2246462088704515,0.8183103235139519,0.9133879722161931
95540,74354,2022-02-10,3,0.013889637333620737,154,0.75,0,0.9979658506697209,0.2989992879906569,-0.6667139234917894,1.5137217108189915,0.5266470405584847,-0.9019019944220554,-0.2876820724517808
95540,59451,2022-02-10,3,0.013889637333620737,154,0.75,0,0.9979658506697209,0.2989992879906569,-0.6667139234917894,1.2541707479793227,0.6433110368745436,-0.4929244134367501,-0.6931471805599453
95540,56260,2022-02-10,3,0.013889637333620737,154,0.0050933786078098476,0,0.9979658506697209,0.2989992879906569,-0.6667139234917894,1.7867414978861154,-0.2856483828951919,0.4054651081081644,-2.833213344056216
95540,55653,2022-02-10,3,0.013889637333620737,154,0.6,0,0.9979658506697209,0.2989992879906569,-0.6667139234917894,1.6501040389300605,0.7056238982721064,-0.9714571131828631,-0.2876820724517808
95540,54726,2022-02-10,3,0.013889637333620737,154,0.043478260869565216,0,0.9979658506697209,0.2989992879906569,-0.6667139234917894,0.5001472623831966,-2.123679874604454,2.803360380906535,3.091042453358316
95540,52388,2022-02-10,3,0.013889637333620737,154,0.005067567567567568,0,0.9979658506697209,0.2989992879906569,-0.6667139234917894,2.2771503218236315,1.1510476382262453,-3.506557897319982,-4.882801922586371
95540,52300,2022-02-10,3,0.013889637333620737,154,0.07142857142857142,0,0.9979658506697209,0.2989992879906569,-0.6667139234917894,-0.5483898766215637,-1.8474679987368976,1.3160901024466414,-0.5877866649021195
95540,51573,2022-02-10,3,0.013889637333620737,154,0.005067567567567568,0,0.9979658506697209,0.2989992879906569,-0.6667139234917894,-0.2737376891103409,-2.0455545733176312,1.9810014688665833,-4.085976312551584
95540,51530,2022-02-10,3,0.013889637333620737,154,0.6,0,0.9979658506697209,0.2989992879906569,-0.6667139234917894,1.5397371980288432,0.4349950719248079,-0.8542087379270509,0.2876820724517808
95540,50278,2022-02-10,3,0.013889637333620737,154,0.42857142857142855,0,0.9979658506697209,0.2989992879906569,-0.6667139234917894,1.2500420406271961,0.04006209015402984,0.06656076651833853,-0.7654678421395715
95540,50276,2022-02-10,3,0.013889637333620737,154,0.75,0,0.9979658506697209,0.2989992879906569,-0.6667139234917894,1.6428248844940871,0.5840127282322503,-0.8927602344639611,-0.5108256237659905
95540,1392117675,2022-02-10,3,0.013889637333620737,154,0.09375,0,0.9979658506697209,0.2989992879906569,-0.6667139234917894,-0.9303866738517901,0.702543097945383,-0.7596562036365313,-0.11807010326277645
95540,1392111849,2022-02-10,3,0.013889637333620737,154,0.13636363636363635,0,0.9979658506697209,0.2989992879906569,-0.6667139234917894,0.7000041258831879,-0.8034721592913374,0.6497850622861874,0.6805683983530857
95540,1392108845,2022-02-10,3,0.013889637333620737,154,0.0234375,0,0.9979658506697209,0.2989992879906569,-0.6667139234917894,-1.2107066877796675,-0.12835473654364304,0.28821477301402787,-0.5002435144354536
95540,1392108713,2022-02-10,3,0.013889637333620737,154,0.034482758620689655,0,0.9979658506697209,0.2989992879906569,-0.6667139234917894,-1.0549053580447019,0.134591439983484,-0.33406259690105955,-0.315608778986304
95540,1392108711,2022-02-10,3,0.013889637333620737,154,0.08823529411764706,0,0.9979658506697209,0.2989992879906569,-0.6667139234917894,-0.4656175504707531,-0.10706422371476271,0.10613918028739722,-0.38132614608952586
95540,1358238076,2022-02-10,3,0.013889637333620737,154,0.1111111111111111,0,0.9979658506697209,0.2989992879906569,-0.6667139234917894,-0.9930198502962408,0.053805850994334437,-0.259633621069959,-1.751268107873317
95540,1290926415,2022-02-10,3,0.013889637333620737,154,0.1875,0,0.9979658506697209,0.2989992879906569,-0.6667139234917894,0.5271127907070282,,5.908082938168931,3.912023005428146
95540,1277308085,2022-02-10,3,0.013889637333620737,154,0.17647058823529413,0,0.9979658506697209,0.2989992879906569,-0.6667139234917894,0.801042457658648,,5.6937321388027,0.0
1004157220,1417297960,2022-02-10,3,0.013043094929887384,159,0.061224489795918366,0,1.5581276898431873,-1.3965962083556747,0.4982039313915605,-3.2977118540106996,0.1523363977988681,0.2068318412532122,-0.5299561053645672
1004157220,47344,2022-02-10,3,0.013043094929887384,159,0.09375,0,1.5581276898431873,-1.3965962083556747,0.4982039313915605,-0.2546848706802076,0.005011709228037231,-0.20073739103025456,-0.9853155772703994
1004157220,657155370,2022-02-10,3,0.013043094929887384,159,0.043478260869565216,0,1.5581276898431873,-1.3965962083556747,0.4982039313915605,-0.9437684631846102,0.02736766632341925,-0.16509963502837088,-0.3907240541715584
1004157220,129172,2022-02-10,3,0.013043094929887384,159,0.041666666666666664,0,1.5581276898431873,-1.3965962083556747,0.4982039313915605,-0.5725126603623825,1.2206188708533052,-0.8764202768806006,0.13675686980585766
1004157220,998269223,2022-02-10,3,0.013043094929887384,159,0.06521739130434782,0,1.5581276898431873,-1.3965962083556747,0.4982039313915605,-1.9560287719554343,-0.30143343195973293,0.4309843855995048,0.1527130947222357
1004157220,1778321788,2022-02-10,3,0.013043094929887384,159,0.12,0,1.5581276898431873,-1.3965962083556747,0.4982039313915605,-1.0171328378139528,0.12464617881702944,-0.8167011661524697,-3.465735902799727
1004157220,136480,2022-02-10,3,0.013043094929887384,159,0.038461538461538464,0,1.5581276898431873,-1.3965962083556747,0.4982039313915605,-3.820757606770932,-1.4049017277916205,1.2359203355277248,-0.03606247268560736
1004157220,265155,2022-02-10,3,0.013043094929887384,159,0.1,0,1.5581276898431873,-1.3965962083556747,0.4982039313915605,0.1998556315990132,-2.0652887439834586,-0.0784716154414955,-0.7537718023763804
1004157220,671804639,2022-02-10,3,0.013043094929887384,159,0.037037037037037035,0,1.5581276898431873,-1.3965962083556747,0.4982039313915605,-1.0898097999793557,0.18559481584149062,-0.32274914249039277,-0.18788124796879835
1004157220,571184990,2022-02-10,3,0.013043094929887384,159,0.06666666666666667,0,1.5581276898431873,-1.3965962083556747,0.4982039313915605,-3.3998402882963545,0.007451705750152637,0.1733866838097029,0.5676963038547118
1004157220,728181331,2022-02-10,3,0.013043094929887384,159,0.15,0,1.5581276898431873,-1.3965962083556747,0.4982039313915605,-0.9174788161301661,-0.18640828773385043,0.1914673404049747,0.2389813244653256
1004157220,1392109457,2022-02-10,3,0.013043094929887384,159,0.08823529411764706,0,1.5581276898431873,-1.3965962083556747,0.4982039313915605,0.8106460082916864,,5.676753802268282,3.366017874540982
1004157220,379399457,2022-02-10,3,0.013043094929887384,159,0.10344827586206896,0,1.5581276898431873,-1.3965962083556747,0.4982039313915605,-0.32849955931423713,-0.12983853845220722,-0.9769409845296169,1.0285761202685801
1004157220,1392108845,2022-02-10,3,0.013043094929887384,159,0.0234375,0,1.5581276898431873,-1.3965962083556747,0.4982039313915605,-1.2107066877796675,-0.12835473654364304,0.28821477301402787,-0.5002435144354536
1004157220,748587452,2022-02-10,3,0.013043094929887384,159,0.046153846153846156,0,1.5581276898431873,-1.3965962083556747,0.4982039313915605,-5.436311708016292,-0.17542315911649276,0.16027195120834392,1.2426108858945142
1004157220,1944045799,2022-02-10,3,0.013043094929887384,159,0.08571428571428572,0,1.5581276898431873,-1.3965962083556747,0.4982039313915605,-3.9805573743217337,0.6402041239469494,-0.29502073269752316,0.8999060555488949
1004157220,2080904040,2022-02-10,3,0.013043094929887384,159,0.036585365853658534,0,1.5581276898431873,-1.3965962083556747,0.4982039313915605,-5.385732199816076,0.024943352205315072,-0.027111938192062368,-0.21606407109470993
1004157220,2018450532,2022-02-10,3,0.013043094929887384,159,0.023076923076923078,0,1.5581276898431873,-1.3965962083556747,0.4982039313915605,-2.6715201232455024,-0.02514746989576855,0.20060293256267947,-0.447185976990113
1004157220,1394365269,2022-02-10,3,0.013043094929887384,159,0.09375,0,1.5581276898431873,-1.3965962083556747,0.4982039313915605,-2.876928290535602,-0.11759913117645393,0.12563579705878425,-0.044402433131470076
1004157220,56554,2022-02-10,3,0.013043094929887384,159,0.0967741935483871,0,1.5581276898431873,-1.3965962083556747,0.4982039313915605,-0.13507877049669229,0.3673129354200081,-0.9688530619650102,-0.1173698978690565
1004157220,184224,2022-02-10,3,0.013043094929887384,159,0.04054054054054054,0,1.5581276898431873,-1.3965962083556747,0.4982039313915605,-0.9509790861699422,0.06485255235893483,-0.28616531196078476,-0.5506555140115523
1004157220,237820,2022-02-10,3,0.013043094929887384,159,0.12,0,1.5581276898431873,-1.3965962083556747,0.4982039313915605,2.6238271369876505,0.07678981409314733,-1.0986122886681096,-1.2851982442485217
1004157220,95440340,2022-02-10,3,0.013043094929887384,159,0.23076923076923078,0,1.5581276898431873,-1.3965962083556747,0.4982039313915605,2.224966065209042,-0.06889734645466161,0.3856624808119844,-0.2363887780642302
1004157220,1769772275,2022-02-10,3,0.013043094929887384,159,0.03225806451612903,0,1.5581276898431873,-1.3965962083556747,0.4982039313915605,2.082952852359916,,2.3978952727983707,-0.3175350356014617
1004157220,264707,2022-02-10,3,0.013043094929887384,159,0.09375,0,1.5581276898431873,-1.3965962083556747,0.4982039313915605,0.6807550414694752,-1.9430720955181753,1.6486586255873819,-0.8109302162163288
1004157220,734194786,2022-02-10,3,0.013043094929887384,159,0.04838709677419355,0,1.5581276898431873,-1.3965962083556747,0.4982039313915605,-1.0266158357192008,-0.25640926748588067,0.17902292479561233,-0.13271643355374607
1004157220,264708,2022-02-10,3,0.013043094929887384,159,0.1,0,1.5581276898431873,-1.3965962083556747,0.4982039313915605,2.048780758694748,-0.5750463782929023,1.3862943611198906,-0.6632942174102641
1004157220,998294180,2022-02-10,2,0.012003593890386344,159,0.2,0,1.5581276898431873,-1.3965962083556747,0.4982039313915605,0.2535398073572524,-0.8178697451702872,0.16750647100881366,-4.998900037877835
1004157220,138291,2022-02-10,2,0.012003593890386344,159,0.10526315789473684,0,1.5581276898431873,-1.3965962083556747,0.4982039313915605,-0.8515501892884345,-0.5300020783880639,0.6598982736017245,-0.3466246080852313
1004157220,568228234,2022-02-10,2,0.012003593890386344,159,0.03333333333333333,0,1.5581276898431873,-1.3965962083556747,0.4982039313915605,0.521225873273893,-0.6058948398381465,1.5174073728801316,-0.5217655638043253
1004157220,1055924553,2022-02-10,2,0.012003593890386344,159,0.3333333333333333,0,1.5581276898431873,-1.3965962083556747,0.4982039313915605,0.2336313939095775,-1.4482158293598957,0.5555801741497657,0.5877866649021191
1004157220,1059891476,2022-02-10,2,0.012003593890386344,159,0.3333333333333333,0,1.5581276898431873,-1.3965962083556747,0.4982039313915605,0.1265927232789382,-1.342883449544417,0.4954068160988072,0.6931471805599453
1004157220,1062263904,2022-02-10,2,0.012003593890386344,159,0.3333333333333333,0,1.5581276898431873,-1.3965962083556747,0.4982039313915605,0.10773778785734126,-1.3176590981966432,0.47142307589996246,0.5108256237659905
1004157220,1041544707,2022-02-10,2,0.012003593890386344,159,0.3333333333333333,0,1.5581276898431873,-1.3965962083556747,0.4982039313915605,0.13551288598153036,-1.0692589795241692,0.5087616395451384,-1.0986122886681098
1004157220,1062263846,2022-02-10,2,0.012003593890386344,159,0.3333333333333333,0,1.5581276898431873,-1.3965962083556747,0.4982039313915605,0.07517886153630396,-1.4218560445667119,0.5645298027378516,0.5108256237659905
250732487,2144220670,2022-02-10,3,0.013889637333620737,154,0.16666666666666666,0,1.276921688607927,-0.01519103650244169,-0.7636370583144902,0.817735116276223,,5.736572297479192,-4.07753744390572
250732487,49403,2022-02-10,3,0.013889637333620737,154,0.5,0,1.276921688607927,-0.01519103650244169,-0.7636370583144902,0.9010616012570883,-0.26601536890469435,-0.7659065348423741,-0.6931471805599453
250732487,48570,2022-02-10,3,0.013889637333620737,154,0.5,0,1.276921688607927,-0.01519103650244169,-0.7636370583144902,1.525445664001127,0.3409937643374057,-0.8131064956389249,0.4054651081081645
250732487,47978,2022-02-10,3,0.013889637333620737,154,0.07142857142857142,0,1.276921688607927,-0.01519103650244169,-0.7636370583144902,0.5694099453436888,-0.40572994832009024,0.0925927868278249,-0.9808292530117266
250732487,47921,2022-02-10,3,0.013889637333620737,154,0.42857142857142855,0,1.276921688607927,-0.01519103650244169,-0.7636370583144902,1.1227539869545724,0.31306476062489574,-1.1614131899071403,-0.6931471805599453
250732487,46541,2022-02-10,3,0.013889637333620737,154,0.16666666666666666,0,1.276921688607927,-0.01519103650244169,-0.7636370583144902,0.8791572709879716,-1.7446698659996789,4.941642422609304,0.0
250732487,2142862519,2022-02-10,3,0.013889637333620737,154,0.031914893617021274,0,1.276921688607927,-0.01519103650244169,-0.7636370583144902,-4.329027246802783,-0.12565657047255385,0.1745453840734168,-0.806066979872023
250732487,2080904040,2022-02-10,3,0.013889637333620737,154,0.036585365853658534,0,1.276921688607927,-0.01519103650244169,-0.7636370583144902,-5.385732199816076,0.024943352205315072,-0.027111938192062368,-0.21606407109470993
250732487,2018450532,2022-02-10,3,0.013889637333620737,154,0.023076923076923078,0,1.276921688607927,-0.01519103650244169,-0.7636370583144902,-2.6715201232455024,-0.02514746989576855,0.20060293256267947,-0.447185976990113
250732487,1746521229,2022-02-10,3,0.013889637333620737,154,0.075,0,1.276921688607927,-0.01519103650244169,-0.7636370583144902,-2.381592541720022,-0.2939797195075333,-0.019499426234370176,-0.2936189114744536
250732487,1746143216,2022-02-10,3,0.013889637333620737,154,0.15789473684210525,0,1.276921688607927,-0.01519103650244169,-0.7636370583144902,0.780263924406414,,5.739792912179234,0.0
250732487,1540869033,2022-02-10,3,0.013889637333620737,154,0.16666666666666666,0,1.276921688607927,-0.01519103650244169,-0.7636370583144902,0.6312094851572003,,5.720311776607412,0.0
250732487,1474282524,2022-02-10,3,0.013889637333620737,154,0.16666666666666666,0,1.276921688607927,-0.01519103650244169,-0.7636370583144902,0.7855944558994022,,5.655991810819852,0.0
250732487,1469695839,2022-02-10,3,0.013889637333620737,154,0.07142857142857142,0,1.276921688607927,-0.01519103650244169,-0.7636370583144902,-0.7659386906291744,-0.11484247747155796,0.3208469187181322,0.8285457440953712
250732487,1392525569,2022-02-10,3,0.013889637333620737,154,0.04411764705882353,0,1.276921688607927,-0.01519103650244169,-0.7636370583144902,1.8656717987267768,0.034686347622175484,-0.03822121282019708,0.015504186535965303
250732487,1392321470,2022-02-10,3,0.013889637333620737,154,0.15,0,1.276921688607927,-0.01519103650244169,-0.7636370583144902,-1.0767078705910784,0.07630908453377594,-0.37159892273900574,1.6628511114443079
250732487,1392166028,2022-02-10,3,0.013889637333620737,154,0.09375,0,1.276921688607927,-0.01519103650244169,-0.7636370583144902,-0.6275531653652834,-1.1314143889952932,2.18670467833884,0.21113966288904962
250732487,1392162219,2022-02-10,3,0.013889637333620737,154,0.16666666666666666,0,1.276921688607927,-0.01519103650244169,-0.7636370583144902,0.9411752173872854,1.3739234474038928,-0.1599325619004759,0.6931471805599453
250732487,1392158625,2022-02-10,3,0.013889637333620737,154,0.125,0,1.276921688607927,-0.01519103650244169,-0.7636370583144902,-0.9629886247882223,-0.670650637325976,1.1367071637207928,-1.2519368635330625
250732487,1392139747,2022-02-10,3,0.013889637333620737,154,0.07692307692307693,0,1.276921688607927,-0.01519103650244169,-0.7636370583144902,1.6002850928402215,-0.2246462088704515,0.8183103235139519,0.9133879722161931
250732487,74354,2022-02-10,3,0.013889637333620737,154,0.6,0,1.276921688607927,-0.01519103650244169,-0.7636370583144902,1.5137217108189915,0.5266470405584847,-0.9019019944220554,-0.2876820724517808
250732487,59451,2022-02-10,3,0.013889637333620737,154,0.6,0,1.276921688607927,-0.01519103650244169,-0.7636370583144902,1.2541707479793227,0.6433110368745436,-0.4929244134367501,-0.6931471805599453
250732487,56260,2022-02-10,3,0.013889637333620737,154,0.005084745762711864,0,1.276921688607927,-0.01519103650244169,-0.7636370583144902,1.7867414978861154,-0.2856483828951919,0.4054651081081644,-2.833213344056216
250732487,55653,2022-02-10,3,0.013889637333620737,154,0.5,0,1.276921688607927,-0.01519103650244169,-0.7636370583144902,1.6501040389300605,0.7056238982721064,-0.9714571131828631,-0.2876820724517808
250732487,54726,2022-02-10,3,0.013889637333620737,154,0.043478260869565216,0,1.276921688607927,-0.01519103650244169,-0.7636370583144902,0.5001472623831966,-2.123679874604454,2.803360380906535,3.091042453358316
250732487,52388,2022-02-10,3,0.013889637333620737,154,0.00505902192242833,0,1.276921688607927,-0.01519103650244169,-0.7636370583144902,2.2771503218236315,1.1510476382262453,-3.506557897319982,-4.882801922586371
250732487,52300,2022-02-10,3,0.013889637333620737,154,0.06976744186046512,0,1.276921688607927,-0.01519103650244169,-0.7636370583144902,-0.5483898766215637,-1.8474679987368976,1.3160901024466414,-0.5877866649021195
250732487,51573,2022-02-10,3,0.013889637333620737,154,0.00505902192242833,0,1.276921688607927,-0.01519103650244169,-0.7636370583144902,-0.2737376891103409,-2.0455545733176312,1.9810014688665833,-4.085976312551584
250732487,51530,2022-02-10,3,0.013889637333620737,154,0.5,0,1.276921688607927,-0.01519103650244169,-0.7636370583144902,1.5397371980288432,0.4349950719248079,-0.8542087379270509,0.2876820724517808
250732487,50278,2022-02-10,3,0.013889637333620737,154,0.375,0,1.276921688607927,-0.01519103650244169,-0.7636370583144902,1.2500420406271961,0.04006209015402984,0.06656076651833853,-0.7654678421395715
250732487,50276,2022-02-10,3,0.013889637333620737,154,0.6,0,1.276921688607927,-0.01519103650244169,-0.7636370583144902,1.6428248844940871,0.5840127282322503,-0.8927602344639611,-0.5108256237659905
250732487,1392117675,2022-02-10,3,0.013889637333620737,154,0.09375,0,1.276921688607927,-0.01519103650244169,-0.7636370583144902,-0.9303866738517901,0.702543097945383,-0.7596562036365313,-0.11807010326277645
250732487,1392111849,2022-02-10,3,0.013889637333620737,154,0.13043478260869565,0,1.276921688607927,-0.01519103650244169,-0.7636370583144902,0.7000041258831879,-0.8034721592913374,0.6497850622861874,0.6805683983530857
250732487,1392108845,2022-02-10,3,0.013889637333620737,154,0.0234375,0,1.276921688607927,-0.01519103650244169,-0.7636370583144902,-1.2107066877796675,-0.12835473654364304,0.28821477301402787,-0.5002435144354536
250732487,1392108713,2022-02-10,3,0.013889637333620737,154,0.034482758620689655,0,1.276921688607927,-0.01519103650244169,-0.7636370583144902,-1.0549053580447019,0.134591439983484,-0.33406259690105955,-0.315608778986304
250732487,1392108711,2022-02-10,3,0.013889637333620737,154,0.08823529411764706,0,1.276921688607927,-0.01519103650244169,-0.7636370583144902,-0.4656175504707531,-0.10706422371476271,0.10613918028739722,-0.38132614608952586
250732487,1358238076,2022-02-10,3,0.013889637333620737,154,0.1111111111111111,0,1.276921688607927,-0.01519103650244169,-0.7636370583144902,-0.9930198502962408,0.053805850994334437,-0.259633621069959,-1.751268107873317
250732487,1290926415,2022-02-10,3,0.013889637333620737,154,0.17647058823529413,0,1.276921688607927,-0.01519103650244169,-0.7636370583144902,0.5271127907070282,,5.908082938168931,3.912023005428146
250732487,1277308085,2022-02-10,3,0.013889637333620737,154,0.16666666666666666,0,1.276921688607927,-0.01519103650244169,-0.7636370583144902,0.801042457658648,,5.6937321388027,0.0
1041544707,2018450532,2022-02-10,2,0.012003593890386344,159,0.015384615384615385,0,1.2047718655056996,-1.0692589795241692,0.5087616395451384,-2.6715201232455024,-0.02514746989576855,0.20060293256267947,-0.447185976990113
1041544707,2080904040,2022-02-10,2,0.012003593890386344,159,0.024390243902439025,0,1.2047718655056996,-1.0692589795241692,0.5087616395451384,-5.385732199816076,0.024943352205315072,-0.027111938192062368,-0.21606407109470993
1041544707,1944045799,2022-02-10,2,0.012003593890386344,159,0.05714285714285714,0,1.2047718655056996,-1.0692589795241692,0.5087616395451384,-3.9805573743217337,0.6402041239469494,-0.29502073269752316,0.8999060555488949
1041544707,55115,2022-02-10,2,0.012003593890386344,159,0.2222222222222222,0,1.2047718655056996,-1.0692589795241692,0.5087616395451384,0.030358986624868387,-1.0411753764741503,0.517611061166118,-0.24583496251628034
1041544707,56554,2022-02-10,2,0.012003593890386344,159,0.06451612903225806,0,1.2047718655056996,-1.0692589795241692,0.5087616395451384,-0.13507877049669229,0.3673129354200081,-0.9688530619650102,-0.1173698978690565
1041544707,998294180,2022-02-10,2,0.012003593890386344,159,0.2222222222222222,0,1.2047718655056996,-1.0692589795241692,0.5087616395451384,0.2535398073572524,-0.8178697451702872,0.16750647100881366,-4.998900037877835
1041544707,1059891476,2022-02-10,2,0.012003593890386344,159,0.4,0,1.2047718655056996,-1.0692589795241692,0.5087616395451384,0.1265927232789382,-1.342883449544417,0.4954068160988072,0.6931471805599453
1041544707,1055924553,2022-02-10,2,0.012003593890386344,159,0.4,0,1.2047718655056996,-1.0692589795241692,0.5087616395451384,0.2336313939095775,-1.4482158293598957,0.5555801741497657,0.5877866649021191
1041544707,998300365,2022-02-10,2,0.012003593890386344,159,0.4,0,1.2047718655056996,-1.0692589795241692,0.5087616395451384,0.1280140895236342,-1.2675477195919074,0.4373799276584043,0.1541506798272585
1041544707,1004157220,2022-02-10,2,0.012003593890386344,159,0.3333333333333333,0,1.2047718655056996,-1.0692589795241692,0.5087616395451384,0.1615314814875126,-1.3965962083556747,0.4982039313915605,-0.3184537311185349
1041544707,1062263846,2022-02-10,2,0.012003593890386344,159,0.4,0,1.2047718655056996,-1.0692589795241692,0.5087616395451384,0.07517886153630396,-1.4218560445667119,0.5645298027378516,0.5108256237659905
1041544707,379399457,2022-02-10,2,0.012003593890386344,159,0.06896551724137931,0,1.2047718655056996,-1.0692589795241692,0.5087616395451384,-0.32849955931423713,-0.12983853845220722,-0.9769409845296169,1.0285761202685801
1041544707,671804639,2022-02-10,2,0.012003593890386344,159,0.024691358024691357,0,1.2047718655056996,-1.0692589795241692,0.5087616395451384,-1.0898097999793557,0.18559481584149062,-0.32274914249039277,-0.18788124796879835
1041544707,95440340,2022-02-10,2,0.012003593890386344,159,0.15384615384615385,0,1.2047718655056996,-1.0692589795241692,0.5087616395451384,2.224966065209042,-0.06889734645466161,0.3856624808119844,-0.2363887780642302
1041544707,288704213,2022-02-10,2,0.012003593890386344,159,0.07692307692307693,0,1.2047718655056996,-1.0692589795241692,0.5087616395451384,-0.26780676798255104,-0.07709097704864462,-0.014016401973536041,0.42650080172957594
1041544707,568228234,2022-02-10,2,0.012003593890386344,159,0.03389830508474576,0,1.2047718655056996,-1.0692589795241692,0.5087616395451384,0.521225873273893,-0.6058948398381465,1.5174073728801316,-0.5217655638043253
1041544707,571184990,2022-02-10,2,0.012003593890386344,159,0.044444444444444446,0,1.2047718655056996,-1.0692589795241692,0.5087616395451384,-3.3998402882963545,0.007451705750152637,0.1733866838097029,0.5676963038547118
1041544707,657155370,2022-02-10,2,0.012003593890386344,159,0.028985507246376812,0,1.2047718655056996,-1.0692589795241692,0.5087616395451384,-0.9437684631846102,0.02736766632341925,-0.16509963502837088,-0.3907240541715584
1041544707,237820,2022-02-10,2,0.012003593890386344,159,0.08,0,1.2047718655056996,-1.0692589795241692,0.5087616395451384,2.6238271369876505,0.07678981409314733,-1.0986122886681096,-1.2851982442485217
1041544707,275241,2022-02-10,2,0.012003593890386344,159,0.25,0,1.2047718655056996,-1.0692589795241692,0.5087616395451384,-2.196059600867994,-1.1634517411982899,0.4820498002564726,3.618525276252109
1041544707,264707,2022-02-10,2,0.012003593890386344,159,0.0625,0,1.2047718655056996,-1.0692589795241692,0.5087616395451384,0.6807550414694752,-1.9430720955181753,1.6486586255873819,-0.8109302162163288
1041544707,264708,2022-02-10,2,0.012003593890386344,159,0.06666666666666667,0,1.2047718655056996,-1.0692589795241692,0.5087616395451384,2.048780758694748,-0.5750463782929023,1.3862943611198906,-0.6632942174102641
1041544707,265155,2022-02-10,2,0.012003593890386344,159,0.06666666666666667,0,1.2047718655056996,-1.0692589795241692,0.5087616395451384,0.1998556315990132,-2.0652887439834586,-0.0784716154414955,-0.7537718023763804
1041544707,129172,2022-02-10,2,0.012003593890386344,159,0.027777777777777776,0,1.2047718655056996,-1.0692589795241692,0.5087616395451384,-0.5725126603623825,1.2206188708533052,-0.8764202768806006,0.13675686980585766
1041544707,136480,2022-02-10,2,0.012003593890386344,159,0.02564102564102564,0,1.2047718655056996,-1.0692589795241692,0.5087616395451384,-3.820757606770932,-1.4049017277916205,1.2359203355277248,-0.03606247268560736
1041544707,138291,2022-02-10,2,0.012003593890386344,159,0.1111111111111111,0,1.2047718655056996,-1.0692589795241692,0.5087616395451384,-0.8515501892884345,-0.5300020783880639,0.6598982736017245,-0.3466246080852313
1041544707,184224,2022-02-10,2,0.012003593890386344,159,0.02702702702702703,0,1.2047718655056996,-1.0692589795241692,0.5087616395451384,-0.9509790861699422,0.06485255235893483,-0.28616531196078476,-0.5506555140115523
1041544707,1778321788,2022-02-10,2,0.012003593890386344,159,0.08,0,1.2047718655056996,-1.0692589795241692,0.5087616395451384,-1.0171328378139528,0.12464617881702944,-0.8167011661524697,-3.465735902799727
1041544707,1769772275,2022-02-10,2,0.012003593890386344,159,0.021505376344086023,0,1.2047718655056996,-1.0692589795241692,0.5087616395451384,2.082952852359916,,2.3978952727983707,-0.3175350356014617
1041544707,1394365269,2022-02-10,2,0.012003593890386344,159,0.0625,0,1.2047718655056996,-1.0692589795241692,0.5087616395451384,-2.876928290535602,-0.11759913117645393,0.12563579705878425,-0.044402433131470076
1041544707,1392109457,2022-02-10,2,0.012003593890386344,159,0.058823529411764705,0,1.2047718655056996,-1.0692589795241692,0.5087616395451384,0.8106460082916864,,5.676753802268282,3.366017874540982
1041544707,1392108845,2022-02-10,2,0.012003593890386344,159,0.015625,0,1.2047718655056996,-1.0692589795241692,0.5087616395451384,-1.2107066877796675,-0.12835473654364304,0.28821477301402787,-0.5002435144354536
1041544707,47344,2022-02-10,2,0.012003593890386344,159,0.0625,0,1.2047718655056996,-1.0692589795241692,0.5087616395451384,-0.2546848706802076,0.005011709228037231,-0.20073739103025456,-0.9853155772703994
1041544707,1417297960,2022-02-10,2,0.012003593890386344,159,0.04081632653061224,0,1.2047718655056996,-1.0692589795241692,0.5087616395451384,-3.2977118540106996,0.1523363977988681,0.2068318412532122,-0.5299561053645672
1041544707,998269223,2022-02-10,2,0.012003593890386344,159,0.043478260869565216,0,1.2047718655056996,-1.0692589795241692,0.5087616395451384,-1.9560287719554343,-0.30143343195973293,0.4309843855995048,0.1527130947222357
1055924553,2080904040,2022-02-10,2,0.012003593890386344,159,0.024390243902439025,0,1.6818472232694732,-1.4482158293598957,0.5555801741497657,-5.385732199816076,0.024943352205315072,-0.027111938192062368,-0.21606407109470993
1055924553,2018450532,2022-02-10,2,0.012003593890386344,159,0.015384615384615385,0,1.6818472232694732,-1.4482158293598957,0.5555801741497657,-2.6715201232455024,-0.02514746989576855,0.20060293256267947,-0.447185976990113
1055924553,1944045799,2022-02-10,2,0.012003593890386344,159,0.05714285714285714,0,1.6818472232694732,-1.4482158293598957,0.5555801741497657,-3.9805573743217337,0.6402041239469494,-0.29502073269752316,0.8999060555488949
1055924553,1778321788,2022-02-10,2,0.012003593890386344,159,0.08,0,1.6818472232694732,-1.4482158293598957,0.5555801741497657,-1.0171328378139528,0.12464617881702944,-0.8167011661524697,-3.465735902799727
1055924553,1769772275,2022-02-10,2,0.012003593890386344,159,0.021505376344086023,0,1.6818472232694732,-1.4482158293598957,0.5555801741497657,2.082952852359916,,2.3978952727983707,-0.3175350356014617
1055924553,1417297960,2022-02-10,2,0.012003593890386344,159,0.04081632653061224,0,1.6818472232694732,-1.4482158293598957,0.5555801741497657,-3.2977118540106996,0.1523363977988681,0.2068318412532122,-0.5299561053645672
1055924553,1394365269,2022-02-10,2,0.012003593890386344,159,0.0625,0,1.6818472232694732,-1.4482158293598957,0.5555801741497657,-2.876928290535602,-0.11759913117645393,0.12563579705878425,-0.044402433131470076
1055924553,1392109457,2022-02-10,2,0.012003593890386344,159,0.058823529411764705,0,1.6818472232694732,-1.4482158293598957,0.5555801741497657,0.8106460082916864,,5.676753802268282,3.366017874540982
1055924553,1392108845,2022-02-10,2,0.012003593890386344,159,0.015625,0,1.6818472232694732,-1.4482158293598957,0.5555801741497657,-1.2107066877796675,-0.12835473654364304,0.28821477301402787,-0.5002435144354536
1055924553,1062263904,2022-02-10,2,0.012003593890386344,159,0.5,0,1.6818472232694732,-1.4482158293598957,0.5555801741497657,0.10773778785734126,-1.3176590981966432,0.47142307589996246,0.5108256237659905
1055924553,1062263890,2022-02-10,2,0.012003593890386344,159,0.5,0,1.6818472232694732,-1.4482158293598957,0.5555801741497657,0.1213145915799553,-1.3320972342177109,0.4281744750493379,-0.5108256237659905
1055924553,1062263846,2022-02-10,2,0.012003593890386344,159,0.4,0,1.6818472232694732,-1.4482158293598957,0.5555801741497657,0.07517886153630396,-1.4218560445667119,0.5645298027378516,0.5108256237659905
1055924553,1059891476,2022-02-10,2,0.012003593890386344,159,0.4,0,1.6818472232694732,-1.4482158293598957,0.5555801741497657,0.1265927232789382,-1.342883449544417,0.4954068160988072,0.6931471805599453
1055924553,1041544707,2022-02-10,2,0.012003593890386344,159,0.4,0,1.6818472232694732,-1.4482158293598957,0.5555801741497657,0.13551288598153036,-1.0692589795241692,0.5087616395451384,-1.0986122886681098
1055924553,1004157220,2022-02-10,2,0.012003593890386344,159,0.3333333333333333,0,1.6818472232694732,-1.4482158293598957,0.5555801741497657,0.1615314814875126,-1.3965962083556747,0.4982039313915605,-0.3184537311185349
1055924553,998300365,2022-02-10,2,0.012003593890386344,159,0.4,0,1.6818472232694732,-1.4482158293598957,0.5555801741497657,0.1280140895236342,-1.2675477195919074,0.4373799276584043,0.1541506798272585
1055924553,998294180,2022-02-10,2,0.012003593890386344,159,0.2222222222222222,0,1.6818472232694732,-1.4482158293598957,0.5555801741497657,0.2535398073572524,-0.8178697451702872,0.16750647100881366,-4.998900037877835
1055924553,998269223,2022-02-10,2,0.012003593890386344,159,0.043478260869565216,0,1.6818472232694732,-1.4482158293598957,0.5555801741497657,-1.9560287719554343,-0.30143343195973293,0.4309843855995048,0.1527130947222357
1055924553,748587452,2022-02-10,2,0.012003593890386344,159,0.03076923076923077,0,1.6818472232694732,-1.4482158293598957,0.5555801741497657,-5.436311708016292,-0.17542315911649276,0.16027195120834392,1.2426108858945142
1055924553,734194786,2022-02-10,2,0.012003593890386344,159,0.03225806451612903,0,1.6818472232694732,-1.4482158293598957,0.5555801741497657,-1.0266158357192008,-0.25640926748588067,0.17902292479561233,-0.13271643355374607
1055924553,728181331,2022-02-10,2,0.012003593890386344,159,0.1,0,1.6818472232694732,-1.4482158293598957,0.5555801741497657,-0.9174788161301661,-0.18640828773385043,0.1914673404049747,0.2389813244653256
1055924553,671804639,2022-02-10,2,0.012003593890386344,159,0.024691358024691357,0,1.6818472232694732,-1.4482158293598957,0.5555801741497657,-1.0898097999793557,0.18559481584149062,-0.32274914249039277,-0.18788124796879835
1055924553,657155370,2022-02-10,2,0.012003593890386344,159,0.028985507246376812,0,1.6818472232694732,-1.4482158293598957,0.5555801741497657,-0.9437684631846102,0.02736766632341925,-0.16509963502837088,-0.3907240541715584
1055924553,571184990,2022-02-10,2,0.012003593890386344,159,0.044444444444444446,0,1.6818472232694732,-1.4482158293598957,0.5555801741497657,-3.3998402882963545,0.007451705750152637,0.1733866838097029,0.5676963038547118
1055924553,568228234,2022-02-10,2,0.012003593890386344,159,0.03389830508474576,0,1.6818472232694732,-1.4482158293598957,0.5555801741497657,0.521225873273893,-0.6058948398381465,1.5174073728801316,-0.5217655638043253
1055924553,379399457,2022-02-10,2,0.012003593890386344,159,0.06896551724137931,0,1.6818472232694732,-1.4482158293598957,0.5555801741497657,-0.32849955931423713,-0.12983853845220722,-0.9769409845296169,1.0285761202685801
1055924553,288704213,2022-02-10,2,0.012003593890386344,159,0.07692307692307693,0,1.6818472232694732,-1.4482158293598957,0.5555801741497657,-0.26780676798255104,-0.07709097704864462,-0.014016401973536041,0.42650080172957594
1055924553,95440340,2022-02-10,2,0.012003593890386344,159,0.15384615384615385,0,1.6818472232694732,-1.4482158293598957,0.5555801741497657,2.224966065209042,-0.06889734645466161,0.3856624808119844,-0.2363887780642302
1055924553,275241,2022-02-10,2,0.012003593890386344,159,0.25,0,1.6818472232694732,-1.4482158293598957,0.5555801741497657,-2.196059600867994,-1.1634517411982899,0.4820498002564726,3.618525276252109
1055924553,265155,2022-02-10,2,0.012003593890386344,159,0.06666666666666667,0,1.6818472232694732,-1.4482158293598957,0.5555801741497657,0.1998556315990132,-2.0652887439834586,-0.0784716154414955,-0.7537718023763804
1055924553,264708,2022-02-10,2,0.012003593890386344,159,0.06666666666666667,0,1.6818472232694732,-1.4482158293598957,0.5555801741497657,2.048780758694748,-0.5750463782929023,1.3862943611198906,-0.6632942174102641
1055924553,264707,2022-02-10,2,0.012003593890386344,159,0.0625,0,1.6818472232694732,-1.4482158293598957,0.5555801741497657,0.6807550414694752,-1.9430720955181753,1.6486586255873819,-0.8109302162163288
1055924553,237820,2022-02-10,2,0.012003593890386344,159,0.08,0,1.6818472232694732,-1.4482158293598957,0.5555801741497657,2.6238271369876505,0.07678981409314733,-1.0986122886681096,-1.2851982442485217
1055924553,184224,2022-02-10,2,0.012003593890386344,159,0.02702702702702703,0,1.6818472232694732,-1.4482158293598957,0.5555801741497657,-0.9509790861699422,0.06485255235893483,-0.28616531196078476,-0.5506555140115523
1055924553,138291,2022-02-10,2,0.012003593890386344,159,0.1111111111111111,0,1.6818472232694732,-1.4482158293598957,0.5555801741497657,-0.8515501892884345,-0.5300020783880639,0.6598982736017245,-0.3466246080852313
739163405,47344,2022-02-10,3,0.009258757768129343,159,0.09375,0,1.3482385913338288,-1.344415799091944,0.5980082189736571,-0.2546848706802076,0.005011709228037231,-0.20073739103025456,-0.9853155772703994
739163405,2080904040,2022-02-10,3,0.009258757768129343,159,0.036585365853658534,0,1.3482385913338288,-1.344415799091944,0.5980082189736571,-5.385732199816076,0.024943352205315072,-0.027111938192062368,-0.21606407109470993
739163405,83062,2022-02-10,3,0.009258757768129343,159,0.10714285714285714,0,1.3482385913338288,-1.344415799091944,0.5980082189736571,0.25512063357096476,0.25299491104522326,0.24389305532811978,0.9678924619810072
739163405,264707,2022-02-10,3,0.009258757768129343,159,0.09375,0,1.3482385913338288,-1.344415799091944,0.5980082189736571,0.6807550414694752,-1.9430720955181753,1.6486586255873819,-0.8109302162163288
739163405,2142862519,2022-02-10,3,0.009258757768129343,159,0.031914893617021274,0,1.3482385913338288,-1.344415799091944,0.5980082189736571,-4.329027246802783,-0.12565657047255385,0.1745453840734168,-0.806066979872023
739163405,2116182225,2022-02-10,3,0.009258757768129343,159,0.057692307692307696,0,1.3482385913338288,-1.344415799091944,0.5980082189736571,-2.1020370472773036,-0.12347127436580707,0.17096595072739795,0.06814398473940564
739163405,136480,2022-02-10,3,0.009258757768129343,159,0.038461538461538464,0,1.3482385913338288,-1.344415799091944,0.5980082189736571,-3.820757606770932,-1.4049017277916205,1.2359203355277248,-0.03606247268560736
739163405,471132,2022-02-10,3,0.009258757768129343,159,0.08108108108108109,0,1.3482385913338288,-1.344415799091944,0.5980082189736571,-0.7014009089814545,-0.48564902834149426,0.12772186703565236,-0.44427068252995916
739163405,123526,2022-02-10,3,0.009258757768129343,159,0.04838709677419355,0,1.3482385913338288,-1.344415799091944,0.5980082189736571,-2.8235778428917513,-2.083189512358986,3.201582090759297,-0.9880368081654138
739163405,129172,2022-02-10,3,0.009258757768129343,159,0.041666666666666664,0,1.3482385913338288,-1.344415799091944,0.5980082189736571,-0.5725126603623825,1.2206188708533052,-0.8764202768806006,0.13675686980585766
739163405,657155370,2022-02-10,3,0.009258757768129343,159,0.043478260869565216,0,1.3482385913338288,-1.344415799091944,0.5980082189736571,-0.9437684631846102,0.02736766632341925,-0.16509963502837088,-0.3907240541715584
739163405,1394365269,2022-02-10,3,0.009258757768129343,159,0.09375,0,1.3482385913338288,-1.344415799091944,0.5980082189736571,-2.876928290535602,-0.11759913117645393,0.12563579705878425,-0.044402433131470076
739163405,1417297960,2022-02-10,3,0.009258757768129343,159,0.061224489795918366,0,1.3482385913338288,-1.344415799091944,0.5980082189736571,-3.2977118540106996,0.1523363977988681,0.2068318412532122,-0.5299561053645672
739163405,728181331,2022-02-10,3,0.009258757768129343,159,0.15,0,1.3482385913338288,-1.344415799091944,0.5980082189736571,-0.9174788161301661,-0.18640828773385043,0.1914673404049747,0.2389813244653256
739163405,102912232,2022-02-10,3,0.009258757768129343,159,0.06976744186046512,0,1.3482385913338288,-1.344415799091944,0.5980082189736571,-2.4040199194965264,0.15003655461579246,-0.08642625099652612,0.07562691113670894
739163405,220313378,2022-02-10,3,0.009258757768129343,159,0.15789473684210525,0,1.3482385913338288,-1.344415799091944,0.5980082189736571,-2.3753270769949375,-0.11605405767205257,0.16438739134153124,-0.447062762167997
739163405,263678655,2022-02-10,3,0.009258757768129343,159,0.04411764705882353,0,1.3482385913338288,-1.344415799091944,0.5980082189736571,-0.4525751490145109,0.2083428996741652,-0.8246340008099917,1.2664532881040511
739163405,671804639,2022-02-10,3,0.009258757768129343,159,0.037037037037037035,0,1.3482385913338288,-1.344415799091944,0.5980082189736571,-1.0898097999793557,0.18559481584149062,-0.32274914249039277,-0.18788124796879835
739163405,725774710,2022-02-10,3,0.009258757768129343,159,0.11538461538461539,0,1.3482385913338288,-1.344415799091944,0.5980082189736571,-3.041862649300002,-0.9932822989523507,1.5722789746427281,-0.2208076924264013
739163405,1395542724,2022-02-10,3,0.009258757768129343,159,0.034482758620689655,0,1.3482385913338288,-1.344415799091944,0.5980082189736571,-2.8292368092701183,-0.8897364480820107,0.9416112434708772,0.6654085589491405
739163405,734194786,2022-02-10,3,0.009258757768129343,159,0.04838709677419355,0,1.3482385913338288,-1.344415799091944,0.5980082189736571,-1.0266158357192008,-0.25640926748588067,0.17902292479561233,-0.13271643355374607
739163405,748587452,2022-02-10,3,0.009258757768129343,159,0.046153846153846156,0,1.3482385913338288,-1.344415799091944,0.5980082189736571,-5.436311708016292,-0.17542315911649276,0.16027195120834392,1.2426108858945142
739163405,358263,2022-02-10,3,0.009258757768129343,159,0.10344827586206896,0,1.3482385913338288,-1.344415799091944,0.5980082189736571,0.7727554166913517,0.08208266661912322,0.39598636415362076,-0.7588039355248863
739163405,828337656,2022-02-10,3,0.009258757768129343,159,0.06521739130434782,0,1.3482385913338288,-1.344415799091944,0.5980082189736571,-1.7881698839346565,-0.15572475219717985,0.19682114906472847,-0.7801762615214614
739163405,288704213,2022-02-10,3,0.009258757768129343,159,0.11538461538461539,0,1.3482385913338288,-1.344415799091944,0.5980082189736571,-0.26780676798255104,-0.07709097704864462,-0.014016401973536041,0.42650080172957594
739163405,379399457,2022-02-10,3,0.009258757768129343,159,0.10344827586206896,0,1.3482385913338288,-1.344415799091944,0.5980082189736571,-0.32849955931423713,-0.12983853845220722,-0.9769409845296169,1.0285761202685801
739163405,184224,2022-02-10,3,0.009258757768129343,159,0.04054054054054054,0,1.3482385913338288,-1.344415799091944,0.5980082189736571,-0.9509790861699422,0.06485255235893483,-0.28616531196078476,-0.5506555140115523
739163405,211383,2022-02-10,3,0.009258757768129343,159,0.05263157894736842,0,1.3482385913338288,-1.344415799091944,0.5980082189736571,2.6238271369876505,0.0,0.0,0.2876820724517808
739163405,1901707513,2022-02-10,3,0.009258757768129343,159,0.06666666666666667,0,1.3482385913338288,-1.344415799091944,0.5980082189736571,-1.753861822115672,-0.3212683331571291,0.03101386901031944,0.03261822265096903
739163405,1944045799,2022-02-10,3,0.009258757768129343,159,0.08571428571428572,0,1.3482385913338288,-1.344415799091944,0.5980082189736571,-3.9805573743217337,0.6402041239469494,-0.29502073269752316,0.8999060555488949
739163405,52388,2022-02-10,3,0.009258757768129343,159,0.005067567567567568,0,1.3482385913338288,-1.344415799091944,0.5980082189736571,2.2771503218236315,1.1510476382262453,-3.506557897319982,-4.882801922586371
739163405,51573,2022-02-10,3,0.009258757768129343,159,0.005067567567567568,0,1.3482385913338288,-1.344415799091944,0.5980082189736571,-0.2737376891103409,-2.0455545733176312,1.9810014688665833,-4.085976312551584
739163405,74969,2022-02-10,3,0.009258757768129343,159,0.15789473684210525,0,1.3482385913338288,-1.344415799091944,0.5980082189736571,-0.19401232333580315,0.0575632274196799,0.39123683500704054,-0.22427926977813772
739163405,56260,2022-02-10,3,0.009258757768129343,159,0.0050933786078098476,0,1.3482385913338288,-1.344415799091944,0.5980082189736571,1.7867414978861154,-0.2856483828951919,0.4054651081081644,-2.833213344056216
739163405,2142864304,2022-02-10,3,0.009258757768129343,159,0.04225352112676056,0,1.3482385913338288,-1.344415799091944,0.5980082189736571,-2.07197797763963,-0.1281010754280918,0.23775891374519276,-0.0536608277211883
739163405,1769772275,2022-02-10,3,0.009258757768129343,159,0.03225806451612903,0,1.3482385913338288,-1.344415799091944,0.5980082189736571,2.082952852359916,,2.3978952727983707,-0.3175350356014617
739163405,1199730922,2022-02-10,3,0.009258757768129343,159,0.013636363636363636,0,1.3482385913338288,-1.344415799091944,0.5980082189736571,-2.821016266417385,0.2228642394544238,-0.2138213313119781,-0.7630527671963918
739163405,1392108840,2022-02-10,3,0.009258757768129343,159,0.13043478260869565,0,1.3482385913338288,-1.344415799091944,0.5980082189736571,-1.3038907384268985,-0.17824489854979175,0.2414963907323635,-0.3669161990146943
227935,2144220670,2022-02-10,3,0.013889637333620737,154,0.17647058823529413,0,1.2546585788860138,0.00014612014289983044,-0.8588586827882798,0.817735116276223,,5.736572297479192,-4.07753744390572
227935,49403,2022-02-10,3,0.013889637333620737,154,0.6,0,1.2546585788860138,0.00014612014289983044,-0.8588586827882798,0.9010616012570883,-0.26601536890469435,-0.7659065348423741,-0.6931471805599453
227935,48570,2022-02-10,3,0.013889637333620737,154,0.6,0,1.2546585788860138,0.00014612014289983044,-0.8588586827882798,1.525445664001127,0.3409937643374057,-0.8131064956389249,0.4054651081081645
227935,47978,2022-02-10,3,0.013889637333620737,154,0.07317073170731707,0,1.2546585788860138,0.00014612014289983044,-0.8588586827882798,0.5694099453436888,-0.40572994832009024,0.0925927868278249,-0.9808292530117266
227935,47921,2022-02-10,3,0.013889637333620737,154,0.5,0,1.2546585788860138,0.00014612014289983044,-0.8588586827882798,1.1227539869545724,0.31306476062489574,-1.1614131899071403,-0.6931471805599453
227935,46541,2022-02-10,3,0.013889637333620737,154,0.17647058823529413,0,1.2546585788860138,0.00014612014289983044,-0.8588586827882798,0.8791572709879716,-1.7446698659996789,4.941642422609304,0.0
227935,2142862519,2022-02-10,3,0.013889637333620737,154,0.031914893617021274,0,1.2546585788860138,0.00014612014289983044,-0.8588586827882798,-4.329027246802783,-0.12565657047255385,0.1745453840734168,-0.806066979872023
227935,2080904040,2022-02-10,3,0.013889637333620737,154,0.036585365853658534,0,1.2546585788860138,0.00014612014289983044,-0.8588586827882798,-5.385732199816076,0.024943352205315072,-0.027111938192062368,-0.21606407109470993
227935,2018450532,2022-02-10,3,0.013889637333620737,154,0.023076923076923078,0,1.2546585788860138,0.00014612014289983044,-0.8588586827882798,-2.6715201232455024,-0.02514746989576855,0.20060293256267947,-0.447185976990113
227935,1746521229,2022-02-10,3,0.013889637333620737,154,0.075,0,1.2546585788860138,0.00014612014289983044,-0.8588586827882798,-2.381592541720022,-0.2939797195075333,-0.019499426234370176,-0.2936189114744536
227935,1746143216,2022-02-10,3,0.013889637333620737,154,0.16666666666666666,0,1.2546585788860138,0.00014612014289983044,-0.8588586827882798,0.780263924406414,,5.739792912179234,0.0
227935,1540869033,2022-02-10,3,0.013889637333620737,154,0.17647058823529413,0,1.2546585788860138,0.00014612014289983044,-0.8588586827882798,0.6312094851572003,,5.720311776607412,0.0
227935,1474282524,2022-02-10,3,0.013889637333620737,154,0.17647058823529413,0,1.2546585788860138,0.00014612014289983044,-0.8588586827882798,0.7855944558994022,,5.655991810819852,0.0
227935,1469695839,2022-02-10,3,0.013889637333620737,154,0.07142857142857142,0,1.2546585788860138,0.00014612014289983044,-0.8588586827882798,-0.7659386906291744,-0.11484247747155796,0.3208469187181322,0.8285457440953712
227935,1392525569,2022-02-10,3,0.013889637333620737,154,0.04411764705882353,0,1.2546585788860138,0.00014612014289983044,-0.8588586827882798,1.8656717987267768,0.034686347622175484,-0.03822121282019708,0.015504186535965303
227935,1392321470,2022-02-10,3,0.013889637333620737,154,0.15789473684210525,0,1.2546585788860138,0.00014612014289983044,-0.8588586827882798,-1.0767078705910784,0.07630908453377594,-0.37159892273900574,1.6628511114443079
227935,1392166028,2022-02-10,3,0.013889637333620737,154,0.0967741935483871,0,1.2546585788860138,0.00014612014289983044,-0.8588586827882798,-0.6275531653652834,-1.1314143889952932,2.18670467833884,0.21113966288904962
227935,1392162219,2022-02-10,3,0.013889637333620737,154,0.17647058823529413,0,1.2546585788860138,0.00014612014289983044,-0.8588586827882798,0.9411752173872854,1.3739234474038928,-0.1599325619004759,0.6931471805599453
227935,1392158625,2022-02-10,3,0.013889637333620737,154,0.13043478260869565,0,1.2546585788860138,0.00014612014289983044,-0.8588586827882798,-0.9629886247882223,-0.670650637325976,1.1367071637207928,-1.2519368635330625
227935,1392139747,2022-02-10,3,0.013889637333620737,154,0.07894736842105263,0,1.2546585788860138,0.00014612014289983044,-0.8588586827882798,1.6002850928402215,-0.2246462088704515,0.8183103235139519,0.9133879722161931
227935,74354,2022-02-10,3,0.013889637333620737,154,0.75,0,1.2546585788860138,0.00014612014289983044,-0.8588586827882798,1.5137217108189915,0.5266470405584847,-0.9019019944220554,-0.2876820724517808
227935,59451,2022-02-10,3,0.013889637333620737,154,0.75,0,1.2546585788860138,0.00014612014289983044,-0.8588586827882798,1.2541707479793227,0.6433110368745436,-0.4929244134367501,-0.6931471805599453
227935,56260,2022-02-10,3,0.013889637333620737,154,0.0050933786078098476,0,1.2546585788860138,0.00014612014289983044,-0.8588586827882798,1.7867414978861154,-0.2856483828951919,0.4054651081081644,-2.833213344056216
227935,55653,2022-02-10,3,0.013889637333620737,154,0.6,0,1.2546585788860138,0.00014612014289983044,-0.8588586827882798,1.6501040389300605,0.7056238982721064,-0.9714571131828631,-0.2876820724517808
227935,54726,2022-02-10,3,0.013889637333620737,154,0.043478260869565216,0,1.2546585788860138,0.00014612014289983044,-0.8588586827882798,0.5001472623831966,-2.123679874604454,2.803360380906535,3.091042453358316
227935,52388,2022-02-10,3,0.013889637333620737,154,0.005067567567567568,0,1.2546585788860138,0.00014612014289983044,-0.8588586827882798,2.2771503218236315,1.1510476382262453,-3.506557897319982,-4.882801922586371
227935,52300,2022-02-10,3,0.013889637333620737,154,0.07142857142857142,0,1.2546585788860138,0.00014612014289983044,-0.8588586827882798,-0.5483898766215637,-1.8474679987368976,1.3160901024466414,-0.5877866649021195
227935,51573,2022-02-10,3,0.013889637333620737,154,0.005067567567567568,0,1.2546585788860138,0.00014612014289983044,-0.8588586827882798,-0.2737376891103409,-2.0455545733176312,1.9810014688665833,-4.085976312551584
227935,51530,2022-02-10,3,0.013889637333620737,154,0.6,0,1.2546585788860138,0.00014612014289983044,-0.8588586827882798,1.5397371980288432,0.4349950719248079,-0.8542087379270509,0.2876820724517808
227935,50278,2022-02-10,3,0.013889637333620737,154,0.42857142857142855,0,1.2546585788860138,0.00014612014289983044,-0.8588586827882798,1.2500420406271961,0.04006209015402984,0.06656076651833853,-0.7654678421395715
227935,50276,2022-02-10,3,0.013889637333620737,154,0.75,0,1.2546585788860138,0.00014612014289983044,-0.8588586827882798,1.6428248844940871,0.5840127282322503,-0.8927602344639611,-0.5108256237659905
227935,1392117675,2022-02-10,3,0.013889637333620737,154,0.09375,0,1.2546585788860138,0.00014612014289983044,-0.8588586827882798,-0.9303866738517901,0.702543097945383,-0.7596562036365313,-0.11807010326277645
227935,1392111849,2022-02-10,3,0.013889637333620737,154,0.13636363636363635,0,1.2546585788860138,0.00014612014289983044,-0.8588586827882798,0.7000041258831879,-0.8034721592913374,0.6497850622861874,0.6805683983530857
227935,1392108845,2022-02-10,3,0.013889637333620737,154,0.0234375,0,1.2546585788860138,0.00014612014289983044,-0.8588586827882798,-1.2107066877796675,-0.12835473654364304,0.28821477301402787,-0.5002435144354536
227935,1392108713,2022-02-10,3,0.013889637333620737,154,0.034482758620689655,0,1.2546585788860138,0.00014612014289983044,-0.8588586827882798,-1.0549053580447019,0.134591439983484,-0.33406259690105955,-0.315608778986304
227935,1392108711,2022-02-10,3,0.013889637333620737,154,0.08823529411764706,0,1.2546585788860138,0.00014612014289983044,-0.8588586827882798,-0.4656175504707531,-0.10706422371476271,0.10613918028739722,-0.38132614608952586
227935,1358238076,2022-02-10,3,0.013889637333620737,154,0.1111111111111111,0,1.2546585788860138,0.00014612014289983044,-0.8588586827882798,-0.9930198502962408,0.053805850994334437,-0.259633621069959,-1.751268107873317
227935,1290926415,2022-02-10,3,0.013889637333620737,154,0.1875,0,1.2546585788860138,0.00014612014289983044,-0.8588586827882798,0.5271127907070282,,5.908082938168931,3.912023005428146
227935,1277308085,2022-02-10,3,0.013889637333620737,154,0.17647058823529413,0,1.2546585788860138,0.00014612014289983044,-0.8588586827882798,0.801042457658648,,5.6937321388027,0.0
41731,2144220670,2022-02-10,2,0.007396130840114243,241,0.11764705882352941,0,1.1153395810673428,0.3609244833723875,-0.9387635877262133,0.817735116276223,,5.736572297479192,-4.07753744390572
41731,2142864304,2022-02-10,2,0.007396130840114243,241,0.028169014084507043,0,1.1153395810673428,0.3609244833723875,-0.9387635877262133,-2.07197797763963,-0.1281010754280918,0.23775891374519276,-0.0536608277211883
41731,50276,2022-02-10,2,0.007396130840114243,241,0.5,0,1.1153395810673428,0.3609244833723875,-0.9387635877262133,1.6428248844940871,0.5840127282322503,-0.8927602344639611,-0.5108256237659905
41731,49403,2022-02-10,2,0.007396130840114243,241,0.4,0,1.1153395810673428,0.3609244833723875,-0.9387635877262133,0.9010616012570883,-0.26601536890469435,-0.7659065348423741,-0.6931471805599453
41731,48570,2022-02-10,2,0.007396130840114243,241,0.4,0,1.1153395810673428,0.3609244833723875,-0.9387635877262133,1.525445664001127,0.3409937643374057,-0.8131064956389249,0.4054651081081645
41731,48300,2022-02-10,2,0.007396130840114243,241,0.05405405405405406,0,1.1153395810673428,0.3609244833723875,-0.9387635877262133,1.5302745323361973,1.734687289074244,-2.0629449617063447,-2.386466576974748
41731,47978,2022-02-10,2,0.007396130840114243,241,0.04878048780487805,0,1.1153395810673428,0.3609244833723875,-0.9387635877262133,0.5694099453436888,-0.40572994832009024,0.0925927868278249,-0.9808292530117266
41731,47921,2022-02-10,2,0.007396130840114243,241,0.3333333333333333,0,1.1153395810673428,0.3609244833723875,-0.9387635877262133,1.1227539869545724,0.31306476062489574,-1.1614131899071403,-0.6931471805599453
41731,46541,2022-02-10,2,0.007396130840114243,241,0.11764705882352941,0,1.1153395810673428,0.3609244833723875,-0.9387635877262133,0.8791572709879716,-1.7446698659996789,4.941642422609304,0.0
41731,2142862519,2022-02-10,2,0.007396130840114243,241,0.02127659574468085,0,1.1153395810673428,0.3609244833723875,-0.9387635877262133,-4.329027246802783,-0.12565657047255385,0.1745453840734168,-0.806066979872023
41731,2116182225,2022-02-10,2,0.007396130840114243,241,0.038461538461538464,0,1.1153395810673428,0.3609244833723875,-0.9387635877262133,-2.1020370472773036,-0.12347127436580707,0.17096595072739795,0.06814398473940564
41731,2080904040,2022-02-10,2,0.007396130840114243,241,0.024390243902439025,0,1.1153395810673428,0.3609244833723875,-0.9387635877262133,-5.385732199816076,0.024943352205315072,-0.027111938192062368,-0.21606407109470993
41731,2018450532,2022-02-10,2,0.007396130840114243,241,0.015384615384615385,0,1.1153395810673428,0.3609244833723875,-0.9387635877262133,-2.6715201232455024,-0.02514746989576855,0.20060293256267947,-0.447185976990113
41731,2004429834,2022-02-10,2,0.007396130840114243,241,0.03508771929824561,0,1.1153395810673428,0.3609244833723875,-0.9387635877262133,-3.4401387033418547,-0.027451874124654996,0.025995015257448628,-0.1509757221876864
41731,1868462368,2022-02-10,2,0.007396130840114243,241,0.16666666666666666,0,1.1153395810673428,0.3609244833723875,-0.9387635877262133,0.9809005920545878,-0.22834105890273915,0.5193002507569631,-0.2662679779479644
41731,1769772275,2022-02-10,2,0.007396130840114243,241,0.021505376344086023,0,1.1153395810673428,0.3609244833723875,-0.9387635877262133,2.082952852359916,,2.3978952727983707,-0.3175350356014617
41731,1746521229,2022-02-10,2,0.007396130840114243,241,0.05,0,1.1153395810673428,0.3609244833723875,-0.9387635877262133,-2.381592541720022,-0.2939797195075333,-0.019499426234370176,-0.2936189114744536
41731,77331,2022-02-10,2,0.007396130840114243,241,0.5,0,1.1153395810673428,0.3609244833723875,-0.9387635877262133,1.4509106457121934,0.29962780145173484,-0.8829037158414179,-0.6931471805599453
41731,74354,2022-02-10,2,0.007396130840114243,241,0.5,0,1.1153395810673428,0.3609244833723875,-0.9387635877262133,1.5137217108189915,0.5266470405584847,-0.9019019944220554,-0.2876820724517808
41731,67700,2022-02-10,2,0.007396130840114243,241,0.04878048780487805,0,1.1153395810673428,0.3609244833723875,-0.9387635877262133,0.6108071896359535,-0.5091230544002037,-0.27115277050056985,2.9813435361018916
41731,59451,2022-02-10,2,0.007396130840114243,241,0.5,0,1.1153395810673428,0.3609244833723875,-0.9387635877262133,1.2541707479793227,0.6433110368745436,-0.4929244134367501,-0.6931471805599453
41731,56554,2022-02-10,2,0.007396130840114243,241,0.06451612903225806,0,1.1153395810673428,0.3609244833723875,-0.9387635877262133,-0.13507877049669229,0.3673129354200081,-0.9688530619650102,-0.1173698978690565
41731,56260,2022-02-10,2,0.007396130840114243,241,0.003395585738539898,0,1.1153395810673428,0.3609244833723875,-0.9387635877262133,1.7867414978861154,-0.2856483828951919,0.4054651081081644,-2.833213344056216
41731,55653,2022-02-10,2,0.007396130840114243,241,0.4,0,1.1153395810673428,0.3609244833723875,-0.9387635877262133,1.6501040389300605,0.7056238982721064,-0.9714571131828631,-0.2876820724517808
41731,54726,2022-02-10,2,0.007396130840114243,241,0.028985507246376812,0,1.1153395810673428,0.3609244833723875,-0.9387635877262133,0.5001472623831966,-2.123679874604454,2.803360380906535,3.091042453358316
41731,52388,2022-02-10,2,0.007396130840114243,241,0.0033783783783783786,0,1.1153395810673428,0.3609244833723875,-0.9387635877262133,2.2771503218236315,1.1510476382262453,-3.506557897319982,-4.882801922586371
41731,52300,2022-02-10,2,0.007396130840114243,241,0.047619047619047616,0,1.1153395810673428,0.3609244833723875,-0.9387635877262133,-0.5483898766215637,-1.8474679987368976,1.3160901024466414,-0.5877866649021195
41731,51573,2022-02-10,2,0.007396130840114243,241,0.0033783783783783786,0,1.1153395810673428,0.3609244833723875,-0.9387635877262133,-0.2737376891103409,-2.0455545733176312,1.9810014688665833,-4.085976312551584
41731,51530,2022-02-10,2,0.007396130840114243,241,0.4,0,1.1153395810673428,0.3609244833723875,-0.9387635877262133,1.5397371980288432,0.4349950719248079,-0.8542087379270509,0.2876820724517808
41731,50278,2022-02-10,2,0.007396130840114243,241,0.2857142857142857,0,1.1153395810673428,0.3609244833723875,-0.9387635877262133,1.2500420406271961,0.04006209015402984,0.06656076651833853,-0.7654678421395715
41731,1746143216,2022-02-10,2,0.007396130840114243,241,0.1111111111111111,0,1.1153395810673428,0.3609244833723875,-0.9387635877262133,0.780263924406414,,5.739792912179234,0.0
41731,107954,2022-02-10,2,0.007396130840114243,241,0.05128205128205128,0,1.1153395810673428,0.3609244833723875,-0.9387635877262133,0.8970778207774813,0.025780064435810712,1.0206507471983977,-3.286534473342015
41731,106861,2022-02-10,2,0.007396130840114243,241,0.4,0,1.1153395810673428,0.3609244833723875,-0.9387635877262133,1.0992374171928578,0.24349847379702483,-0.6093772974944871,0.4054651081081645
41731,95595,2022-02-10,2,0.007396130840114243,241,0.5,0,1.1153395810673428,0.3609244833723875,-0.9387635877262133,0.9047954870900421,0.03935329743658322,-0.6981347220709839,-0.6931471805599453
41731,95540,2022-02-10,2,0.007396130840114243,241,0.5,0,1.1153395810673428,0.3609244833723875,-0.9387635877262133,1.2969651386603778,0.2989992879906569,-0.6667139234917894,-1.3862943611198906
41731,94165,2022-02-10,2,0.007396130840114243,241,0.5,0,1.1153395810673428,0.3609244833723875,-0.9387635877262133,1.1162062046989158,-0.06827919997985532,-0.6161861394238164,-1.0986122886681098
41731,93910,2022-02-10,2,0.007396130840114243,241,0.4,0,1.1153395810673428,0.3609244833723875,-0.9387635877262133,1.2580540236347186,0.5796679785969919,-0.6822181100277547,-0.4054651081081645
41731,93414,2022-02-10,2,0.007396130840114243,241,0.4,0,1.1153395810673428,0.3609244833723875,-0.9387635877262133,1.099947521185366,0.21164168283752016,-0.711165686062623,0.0
305230,2142862519,2022-02-10,2,0.00974025974025974,154,0.02127659574468085,0,1.0098296830419902,0.05555898771376522,-0.98394938034797,-4.329027246802783,-0.12565657047255385,0.1745453840734168,-0.806066979872023
305230,2080904040,2022-02-10,2,0.00974025974025974,154,0.024390243902439025,0,1.0098296830419902,0.05555898771376522,-0.98394938034797,-5.385732199816076,0.024943352205315072,-0.027111938192062368,-0.21606407109470993
305230,49403,2022-02-10,2,0.00974025974025974,154,0.4,0,1.0098296830419902,0.05555898771376522,-0.98394938034797,0.9010616012570883,-0.26601536890469435,-0.7659065348423741,-0.6931471805599453
305230,48570,2022-02-10,2,0.00974025974025974,154,0.4,0,1.0098296830419902,0.05555898771376522,-0.98394938034797,1.525445664001127,0.3409937643374057,-0.8131064956389249,0.4054651081081645
305230,47978,2022-02-10,2,0.00974025974025974,154,0.04878048780487805,0,1.0098296830419902,0.05555898771376522,-0.98394938034797,0.5694099453436888,-0.40572994832009024,0.0925927868278249,-0.9808292530117266
305230,47921,2022-02-10,2,0.00974025974025974,154,0.3333333333333333,0,1.0098296830419902,0.05555898771376522,-0.98394938034797,1.1227539869545724,0.31306476062489574,-1.1614131899071403,-0.6931471805599453
305230,46541,2022-02-10,2,0.00974025974025974,154,0.11764705882352941,0,1.0098296830419902,0.05555898771376522,-0.98394938034797,0.8791572709879716,-1.7446698659996789,4.941642422609304,0.0
305230,2018450532,2022-02-10,2,0.00974025974025974,154,0.015384615384615385,0,1.0098296830419902,0.05555898771376522,-0.98394938034797,-2.6715201232455024,-0.02514746989576855,0.20060293256267947,-0.447185976990113
305230,1746521229,2022-02-10,2,0.00974025974025974,154,0.05,0,1.0098296830419902,0.05555898771376522,-0.98394938034797,-2.381592541720022,-0.2939797195075333,-0.019499426234370176,-0.2936189114744536
305230,1746143216,2022-02-10,2,0.00974025974025974,154,0.1111111111111111,0,1.0098296830419902,0.05555898771376522,-0.98394938034797,0.780263924406414,,5.739792912179234,0.0
305230,1540869033,2022-02-10,2,0.00974025974025974,154,0.11764705882352941,0,1.0098296830419902,0.05555898771376522,-0.98394938034797,0.6312094851572003,,5.720311776607412,0.0
305230,1474282524,2022-02-10,2,0.00974025974025974,154,0.11764705882352941,0,1.0098296830419902,0.05555898771376522,-0.98394938034797,0.7855944558994022,,5.655991810819852,0.0
305230,1469695839,2022-02-10,2,0.00974025974025974,154,0.047619047619047616,0,1.0098296830419902,0.05555898771376522,-0.98394938034797,-0.7659386906291744,-0.11484247747155796,0.3208469187181322,0.8285457440953712
305230,1392525569,2022-02-10,2,0.00974025974025974,154,0.029411764705882353,0,1.0098296830419902,0.05555898771376522,-0.98394938034797,1.8656717987267768,0.034686347622175484,-0.03822121282019708,0.015504186535965303
305230,1392321470,2022-02-10,2,0.00974025974025974,154,0.10526315789473684,0,1.0098296830419902,0.05555898771376522,-0.98394938034797,-1.0767078705910784,0.07630908453377594,-0.37159892273900574,1.6628511114443079
305230,1392166028,2022-02-10,2,0.00974025974025974,154,0.06451612903225806,0,1.0098296830419902,0.05555898771376522,-0.98394938034797,-0.6275531653652834,-1.1314143889952932,2.18670467833884,0.21113966288904962
305230,1392162219,2022-02-10,2,0.00974025974025974,154,0.11764705882352941,0,1.0098296830419902,0.05555898771376522,-0.98394938034797,0.9411752173872854,1.3739234474038928,-0.1599325619004759,0.6931471805599453
305230,1392158625,2022-02-10,2,0.00974025974025974,154,0.08695652173913043,0,1.0098296830419902,0.05555898771376522,-0.98394938034797,-0.9629886247882223,-0.670650637325976,1.1367071637207928,-1.2519368635330625
305230,1392139747,2022-02-10,2,0.00974025974025974,154,0.05263157894736842,0,1.0098296830419902,0.05555898771376522,-0.98394938034797,1.6002850928402215,-0.2246462088704515,0.8183103235139519,0.9133879722161931
305230,74354,2022-02-10,2,0.00974025974025974,154,0.5,0,1.0098296830419902,0.05555898771376522,-0.98394938034797,1.5137217108189915,0.5266470405584847,-0.9019019944220554,-0.2876820724517808
305230,59451,2022-02-10,2,0.00974025974025974,154,0.5,0,1.0098296830419902,0.05555898771376522,-0.98394938034797,1.2541707479793227,0.6433110368745436,-0.4929244134367501,-0.6931471805599453
305230,56260,2022-02-10,2,0.00974025974025974,154,0.003395585738539898,0,1.0098296830419902,0.05555898771376522,-0.98394938034797,1.7867414978861154,-0.2856483828951919,0.4054651081081644,-2.833213344056216
305230,55653,2022-02-10,2,0.00974025974025974,154,0.4,0,1.0098296830419902,0.05555898771376522,-0.98394938034797,1.6501040389300605,0.7056238982721064,-0.9714571131828631,-0.2876820724517808
305230,54726,2022-02-10,2,0.00974025974025974,154,0.028985507246376812,0,1.0098296830419902,0.05555898771376522,-0.98394938034797,0.5001472623831966,-2.123679874604454,2.803360380906535,3.091042453358316
305230,52388,2022-02-10,2,0.00974025974025974,154,0.0033783783783783786,0,1.0098296830419902,0.05555898771376522,-0.98394938034797,2.2771503218236315,1.1510476382262453,-3.506557897319982,-4.882801922586371
305230,52300,2022-02-10,2,0.00974025974025974,154,0.047619047619047616,0,1.0098296830419902,0.05555898771376522,-0.98394938034797,-0.5483898766215637,-1.8474679987368976,1.3160901024466414,-0.5877866649021195
305230,51573,2022-02-10,2,0.00974025974025974,154,0.0033783783783783786,0,1.0098296830419902,0.05555898771376522,-0.98394938034797,-0.2737376891103409,-2.0455545733176312,1.9810014688665833,-4.085976312551584
305230,51530,2022-02-10,2,0.00974025974025974,154,0.4,0,1.0098296830419902,0.05555898771376522,-0.98394938034797,1.5397371980288432,0.4349950719248079,-0.8542087379270509,0.2876820724517808
305230,50278,2022-02-10,2,0.00974025974025974,154,0.2857142857142857,0,1.0098296830419902,0.05555898771376522,-0.98394938034797,1.2500420406271961,0.04006209015402984,0.06656076651833853,-0.7654678421395715
305230,50276,2022-02-10,2,0.00974025974025974,154,0.5,0,1.0098296830419902,0.05555898771376522,-0.98394938034797,1.6428248844940871,0.5840127282322503,-0.8927602344639611,-0.5108256237659905
305230,1392117675,2022-02-10,2,0.00974025974025974,154,0.0625,0,1.0098296830419902,0.05555898771376522,-0.98394938034797,-0.9303866738517901,0.702543097945383,-0.7596562036365313,-0.11807010326277645
305230,1392111849,2022-02-10,2,0.00974025974025974,154,0.09090909090909091,0,1.0098296830419902,0.05555898771376522,-0.98394938034797,0.7000041258831879,-0.8034721592913374,0.6497850622861874,0.6805683983530857
305230,1392108845,2022-02-10,2,0.00974025974025974,154,0.015625,0,1.0098296830419902,0.05555898771376522,-0.98394938034797,-1.2107066877796675,-0.12835473654364304,0.28821477301402787,-0.5002435144354536
305230,1392108713,2022-02-10,2,0.00974025974025974,154,0.022988505747126436,0,1.0098296830419902,0.05555898771376522,-0.98394938034797,-1.0549053580447019,0.134591439983484,-0.33406259690105955,-0.315608778986304
305230,1392108711,2022-02-10,2,0.00974025974025974,154,0.058823529411764705,0,1.0098296830419902,0.05555898771376522,-0.98394938034797,-0.4656175504707531,-0.10706422371476271,0.10613918028739722,-0.38132614608952586
305230,1358238076,2022-02-10,2,0.00974025974025974,154,0.07407407407407407,0,1.0098296830419902,0.05555898771376522,-0.98394938034797,-0.9930198502962408,0.053805850994334437,-0.259633621069959,-1.751268107873317
305230,1290926415,2022-02-10,2,0.00974025974025974,154,0.125,0,1.0098296830419902,0.05555898771376522,-0.98394938034797,0.5271127907070282,,5.908082938168931,3.912023005428146
305230,1277308085,2022-02-10,2,0.00974025974025974,154,0.11764705882352941,0,1.0098296830419902,0.05555898771376522,-0.98394938034797,0.801042457658648,,5.6937321388027,0.0
305230,1271054083,2022-02-10,2,0.00974025974025974,154,0.05263157894736842,0,1.0098296830419902,0.05555898771376522,-0.98394938034797,-2.953776246730992,0.08797412765516821,-0.1093391311501577,-0.05797782372473215
176133,2144220670,2022-02-10,3,0.013889637333620737,154,0.17647058823529413,0,0.5503068423151477,0.6021482019380301,-0.6273958029971647,0.817735116276223,,5.736572297479192,-4.07753744390572
176133,49403,2022-02-10,3,0.013889637333620737,154,0.6,0,0.5503068423151477,0.6021482019380301,-0.6273958029971647,0.9010616012570883,-0.26601536890469435,-0.7659065348423741,-0.6931471805599453
176133,48570,2022-02-10,3,0.013889637333620737,154,0.6,0,0.5503068423151477,0.6021482019380301,-0.6273958029971647,1.525445664001127,0.3409937643374057,-0.8131064956389249,0.4054651081081645
176133,47978,2022-02-10,3,0.013889637333620737,154,0.07317073170731707,0,0.5503068423151477,0.6021482019380301,-0.6273958029971647,0.5694099453436888,-0.40572994832009024,0.0925927868278249,-0.9808292530117266
176133,47921,2022-02-10,3,0.013889637333620737,154,0.5,0,0.5503068423151477,0.6021482019380301,-0.6273958029971647,1.1227539869545724,0.31306476062489574,-1.1614131899071403,-0.6931471805599453
176133,46541,2022-02-10,3,0.013889637333620737,154,0.17647058823529413,0,0.5503068423151477,0.6021482019380301,-0.6273958029971647,0.8791572709879716,-1.7446698659996789,4.941642422609304,0.0
176133,2142862519,2022-02-10,3,0.013889637333620737,154,0.031914893617021274,0,0.5503068423151477,0.6021482019380301,-0.6273958029971647,-4.329027246802783,-0.12565657047255385,0.1745453840734168,-0.806066979872023
176133,2080904040,2022-02-10,3,0.013889637333620737,154,0.036585365853658534,0,0.5503068423151477,0.6021482019380301,-0.6273958029971647,-5.385732199816076,0.024943352205315072,-0.027111938192062368,-0.21606407109470993
176133,2018450532,2022-02-10,3,0.013889637333620737,154,0.023076923076923078,0,0.5503068423151477,0.6021482019380301,-0.6273958029971647,-2.6715201232455024,-0.02514746989576855,0.20060293256267947,-0.447185976990113
176133,1746521229,2022-02-10,3,0.013889637333620737,154,0.075,0,0.5503068423151477,0.6021482019380301,-0.6273958029971647,-2.381592541720022,-0.2939797195075333,-0.019499426234370176,-0.2936189114744536
176133,1746143216,2022-02-10,3,0.013889637333620737,154,0.16666666666666666,0,0.5503068423151477,0.6021482019380301,-0.6273958029971647,0.780263924406414,,5.739792912179234,0.0
176133,1540869033,2022-02-10,3,0.013889637333620737,154,0.17647058823529413,0,0.5503068423151477,0.6021482019380301,-0.6273958029971647,0.6312094851572003,,5.720311776607412,0.0
176133,1474282524,2022-02-10,3,0.013889637333620737,154,0.17647058823529413,0,0.5503068423151477,0.6021482019380301,-0.6273958029971647,0.7855944558994022,,5.655991810819852,0.0
176133,1469695839,2022-02-10,3,0.013889637333620737,154,0.07142857142857142,0,0.5503068423151477,0.6021482019380301,-0.6273958029971647,-0.7659386906291744,-0.11484247747155796,0.3208469187181322,0.8285457440953712
176133,1392525569,2022-02-10,3,0.013889637333620737,154,0.04411764705882353,0,0.5503068423151477,0.6021482019380301,-0.6273958029971647,1.8656717987267768,0.034686347622175484,-0.03822121282019708,0.015504186535965303
176133,1392321470,2022-02-10,3,0.013889637333620737,154,0.15789473684210525,0,0.5503068423151477,0.6021482019380301,-0.6273958029971647,-1.0767078705910784,0.07630908453377594,-0.37159892273900574,1.6628511114443079
176133,1392166028,2022-02-10,3,0.013889637333620737,154,0.0967741935483871,0,0.5503068423151477,0.6021482019380301,-0.6273958029971647,-0.6275531653652834,-1.1314143889952932,2.18670467833884,0.21113966288904962
176133,1392162219,2022-02-10,3,0.013889637333620737,154,0.17647058823529413,0,0.5503068423151477,0.6021482019380301,-0.6273958029971647,0.9411752173872854,1.3739234474038928,-0.1599325619004759,0.6931471805599453
176133,1392158625,2022-02-10,3,0.013889637333620737,154,0.13043478260869565,0,0.5503068423151477,0.6021482019380301,-0.6273958029971647,-0.9629886247882223,-0.670650637325976,1.1367071637207928,-1.2519368635330625
176133,1392139747,2022-02-10,3,0.013889637333620737,154,0.07894736842105263,0,0.5503068423151477,0.6021482019380301,-0.6273958029971647,1.6002850928402215,-0.2246462088704515,0.8183103235139519,0.9133879722161931
176133,74354,2022-02-10,3,0.013889637333620737,154,0.75,0,0.5503068423151477,0.6021482019380301,-0.6273958029971647,1.5137217108189915,0.5266470405584847,-0.9019019944220554,-0.2876820724517808
176133,59451,2022-02-10,3,0.013889637333620737,154,0.75,0,0.5503068423151477,0.6021482019380301,-0.6273958029971647,1.2541707479793227,0.6433110368745436,-0.4929244134367501,-0.6931471805599453
176133,56260,2022-02-10,3,0.013889637333620737,154,0.0050933786078098476,0,0.5503068423151477,0.6021482019380301,-0.6273958029971647,1.7867414978861154,-0.2856483828951919,0.4054651081081644,-2.833213344056216
176133,55653,2022-02-10,3,0.013889637333620737,154,0.6,0,0.5503068423151477,0.6021482019380301,-0.6273958029971647,1.6501040389300605,0.7056238982721064,-0.9714571131828631,-0.2876820724517808
176133,54726,2022-02-10,3,0.013889637333620737,154,0.043478260869565216,0,0.5503068423151477,0.6021482019380301,-0.6273958029971647,0.5001472623831966,-2.123679874604454,2.803360380906535,3.091042453358316
176133,52388,2022-02-10,3,0.013889637333620737,154,0.005067567567567568,0,0.5503068423151477,0.6021482019380301,-0.6273958029971647,2.2771503218236315,1.1510476382262453,-3.506557897319982,-4.882801922586371
176133,52300,2022-02-10,3,0.013889637333620737,154,0.07142857142857142,0,0.5503068423151477,0.6021482019380301,-0.6273958029971647,-0.5483898766215637,-1.8474679987368976,1.3160901024466414,-0.5877866649021195
176133,51573,2022-02-10,3,0.013889637333620737,154,0.005067567567567568,0,0.5503068423151477,0.6021482019380301,-0.6273958029971647,-0.2737376891103409,-2.0455545733176312,1.9810014688665833,-4.085976312551584
176133,51530,2022-02-10,3,0.013889637333620737,154,0.6,0,0.5503068423151477,0.6021482019380301,-0.6273958029971647,1.5397371980288432,0.4349950719248079,-0.8542087379270509,0.2876820724517808
176133,50278,2022-02-10,3,0.013889637333620737,154,0.42857142857142855,0,0.5503068423151477,0.6021482019380301,-0.6273958029971647,1.2500420406271961,0.04006209015402984,0.06656076651833853,-0.7654678421395715
176133,50276,2022-02-10,3,0.013889637333620737,154,0.75,0,0.5503068423151477,0.6021482019380301,-0.6273958029971647,1.6428248844940871,0.5840127282322503,-0.8927602344639611,-0.5108256237659905
176133,1392117675,2022-02-10,3,0.013889637333620737,154,0.09375,0,0.5503068423151477,0.6021482019380301,-0.6273958029971647,-0.9303866738517901,0.702543097945383,-0.7596562036365313,-0.11807010326277645
176133,1392111849,2022-02-10,3,0.013889637333620737,154,0.13636363636363635,0,0.5503068423151477,0.6021482019380301,-0.6273958029971647,0.7000041258831879,-0.8034721592913374,0.6497850622861874,0.6805683983530857
176133,1392108845,2022-02-10,3,0.013889637333620737,154,0.0234375,0,0.5503068423151477,0.6021482019380301,-0.6273958029971647,-1.2107066877796675,-0.12835473654364304,0.28821477301402787,-0.5002435144354536
176133,1392108713,2022-02-10,3,0.013889637333620737,154,0.034482758620689655,0,0.5503068423151477,0.6021482019380301,-0.6273958029971647,-1.0549053580447019,0.134591439983484,-0.33406259690105955,-0.315608778986304
176133,1392108711,2022-02-10,3,0.013889637333620737,154,0.08823529411764706,0,0.5503068423151477,0.6021482019380301,-0.6273958029971647,-0.4656175504707531,-0.10706422371476271,0.10613918028739722,-0.38132614608952586
176133,1358238076,2022-02-10,3,0.013889637333620737,154,0.1111111111111111,0,0.5503068423151477,0.6021482019380301,-0.6273958029971647,-0.9930198502962408,0.053805850994334437,-0.259633621069959,-1.751268107873317
176133,1290926415,2022-02-10,3,0.013889637333620737,154,0.1875,0,0.5503068423151477,0.6021482019380301,-0.6273958029971647,0.5271127907070282,,5.908082938168931,3.912023005428146
176133,1277308085,2022-02-10,3,0.013889637333620737,154,0.17647058823529413,0,0.5503068423151477,0.6021482019380301,-0.6273958029971647,0.801042457658648,,5.6937321388027,0.0
373321,2144220670,2022-02-10,3,0.013889637333620737,154,0.17647058823529413,0,1.3491259437246013,-0.010222755033326925,-0.7801585575495746,0.817735116276223,,5.736572297479192,-4.07753744390572
373321,49403,2022-02-10,3,0.013889637333620737,154,0.6,0,1.3491259437246013,-0.010222755033326925,-0.7801585575495746,0.9010616012570883,-0.26601536890469435,-0.7659065348423741,-0.6931471805599453
373321,48570,2022-02-10,3,0.013889637333620737,154,0.6,0,1.3491259437246013,-0.010222755033326925,-0.7801585575495746,1.525445664001127,0.3409937643374057,-0.8131064956389249,0.4054651081081645
373321,47978,2022-02-10,3,0.013889637333620737,154,0.07317073170731707,0,1.3491259437246013,-0.010222755033326925,-0.7801585575495746,0.5694099453436888,-0.40572994832009024,0.0925927868278249,-0.9808292530117266
373321,47921,2022-02-10,3,0.013889637333620737,154,0.5,0,1.3491259437246013,-0.010222755033326925,-0.7801585575495746,1.1227539869545724,0.31306476062489574,-1.1614131899071403,-0.6931471805599453
373321,46541,2022-02-10,3,0.013889637333620737,154,0.17647058823529413,0,1.3491259437246013,-0.010222755033326925,-0.7801585575495746,0.8791572709879716,-1.7446698659996789,4.941642422609304,0.0
373321,2142862519,2022-02-10,3,0.013889637333620737,154,0.031914893617021274,0,1.3491259437246013,-0.010222755033326925,-0.7801585575495746,-4.329027246802783,-0.12565657047255385,0.1745453840734168,-0.806066979872023
373321,2080904040,2022-02-10,3,0.013889637333620737,154,0.036585365853658534,0,1.3491259437246013,-0.010222755033326925,-0.7801585575495746,-5.385732199816076,0.024943352205315072,-0.027111938192062368,-0.21606407109470993
373321,2018450532,2022-02-10,3,0.013889637333620737,154,0.023076923076923078,0,1.3491259437246013,-0.010222755033326925,-0.7801585575495746,-2.6715201232455024,-0.02514746989576855,0.20060293256267947,-0.447185976990113
373321,1746521229,2022-02-10,3,0.013889637333620737,154,0.075,0,1.3491259437246013,-0.010222755033326925,-0.7801585575495746,-2.381592541720022,-0.2939797195075333,-0.019499426234370176,-0.2936189114744536
373321,1746143216,2022-02-10,3,0.013889637333620737,154,0.16666666666666666,0,1.3491259437246013,-0.010222755033326925,-0.7801585575495746,0.780263924406414,,5.739792912179234,0.0
373321,1540869033,2022-02-10,3,0.013889637333620737,154,0.17647058823529413,0,1.3491259437246013,-0.010222755033326925,-0.7801585575495746,0.6312094851572003,,5.720311776607412,0.0
373321,1474282524,2022-02-10,3,0.013889637333620737,154,0.17647058823529413,0,1.3491259437246013,-0.010222755033326925,-0.7801585575495746,0.7855944558994022,,5.655991810819852,0.0
373321,1469695839,2022-02-10,3,0.013889637333620737,154,0.07142857142857142,0,1.3491259437246013,-0.010222755033326925,-0.7801585575495746,-0.7659386906291744,-0.11484247747155796,0.3208469187181322,0.8285457440953712
373321,1392525569,2022-02-10,3,0.013889637333620737,154,0.04411764705882353,0,1.3491259437246013,-0.010222755033326925,-0.7801585575495746,1.8656717987267768,0.034686347622175484,-0.03822121282019708,0.015504186535965303
373321,1392321470,2022-02-10,3,0.013889637333620737,154,0.15789473684210525,0,1.3491259437246013,-0.010222755033326925,-0.7801585575495746,-1.0767078705910784,0.07630908453377594,-0.37159892273900574,1.6628511114443079
373321,1392166028,2022-02-10,3,0.013889637333620737,154,0.0967741935483871,0,1.3491259437246013,-0.010222755033326925,-0.7801585575495746,-0.6275531653652834,-1.1314143889952932,2.18670467833884,0.21113966288904962
373321,1392162219,2022-02-10,3,0.013889637333620737,154,0.17647058823529413,0,1.3491259437246013,-0.010222755033326925,-0.7801585575495746,0.9411752173872854,1.3739234474038928,-0.1599325619004759,0.6931471805599453
373321,1392158625,2022-02-10,3,0.013889637333620737,154,0.13043478260869565,0,1.3491259437246013,-0.010222755033326925,-0.7801585575495746,-0.9629886247882223,-0.670650637325976,1.1367071637207928,-1.2519368635330625
373321,1392139747,2022-02-10,3,0.013889637333620737,154,0.07894736842105263,0,1.3491259437246013,-0.010222755033326925,-0.7801585575495746,1.6002850928402215,-0.2246462088704515,0.8183103235139519,0.9133879722161931
373321,74354,2022-02-10,3,0.013889637333620737,154,0.75,0,1.3491259437246013,-0.010222755033326925,-0.7801585575495746,1.5137217108189915,0.5266470405584847,-0.9019019944220554,-0.2876820724517808
373321,59451,2022-02-10,3,0.013889637333620737,154,0.75,0,1.3491259437246013,-0.010222755033326925,-0.7801585575495746,1.2541707479793227,0.6433110368745436,-0.4929244134367501,-0.6931471805599453
373321,56260,2022-02-10,3,0.013889637333620737,154,0.0050933786078098476,0,1.3491259437246013,-0.010222755033326925,-0.7801585575495746,1.7867414978861154,-0.2856483828951919,0.4054651081081644,-2.833213344056216
373321,55653,2022-02-10,3,0.013889637333620737,154,0.6,0,1.3491259437246013,-0.010222755033326925,-0.7801585575495746,1.6501040389300605,0.7056238982721064,-0.9714571131828631,-0.2876820724517808
373321,54726,2022-02-10,3,0.013889637333620737,154,0.043478260869565216,0,1.3491259437246013,-0.010222755033326925,-0.7801585575495746,0.5001472623831966,-2.123679874604454,2.803360380906535,3.091042453358316
373321,52388,2022-02-10,3,0.013889637333620737,154,0.005067567567567568,0,1.3491259437246013,-0.010222755033326925,-0.7801585575495746,2.2771503218236315,1.1510476382262453,-3.506557897319982,-4.882801922586371
373321,52300,2022-02-10,3,0.013889637333620737,154,0.07142857142857142,0,1.3491259437246013,-0.010222755033326925,-0.7801585575495746,-0.5483898766215637,-1.8474679987368976,1.3160901024466414,-0.5877866649021195
373321,51573,2022-02-10,3,0.013889637333620737,154,0.005067567567567568,0,1.3491259437246013,-0.010222755033326925,-0.7801585575495746,-0.2737376891103409,-2.0455545733176312,1.9810014688665833,-4.085976312551584
373321,51530,2022-02-10,3,0.013889637333620737,154,0.6,0,1.3491259437246013,-0.010222755033326925,-0.7801585575495746,1.5397371980288432,0.4349950719248079,-0.8542087379270509,0.2876820724517808
373321,50278,2022-02-10,3,0.013889637333620737,154,0.42857142857142855,0,1.3491259437246013,-0.010222755033326925,-0.7801585575495746,1.2500420406271961,0.04006209015402984,0.06656076651833853,-0.7654678421395715
373321,50276,2022-02-10,3,0.013889637333620737,154,0.75,0,1.3491259437246013,-0.010222755033326925,-0.7801585575495746,1.6428248844940871,0.5840127282322503,-0.8927602344639611,-0.5108256237659905
373321,1392117675,2022-02-10,3,0.013889637333620737,154,0.09375,0,1.3491259437246013,-0.010222755033326925,-0.7801585575495746,-0.9303866738517901,0.702543097945383,-0.7596562036365313,-0.11807010326277645
373321,1392111849,2022-02-10,3,0.013889637333620737,154,0.13636363636363635,0,1.3491259437246013,-0.010222755033326925,-0.7801585575495746,0.7000041258831879,-0.8034721592913374,0.6497850622861874,0.6805683983530857
373321,1392108845,2022-02-10,3,0.013889637333620737,154,0.0234375,0,1.3491259437246013,-0.010222755033326925,-0.7801585575495746,-1.2107066877796675,-0.12835473654364304,0.28821477301402787,-0.5002435144354536
373321,1392108713,2022-02-10,3,0.013889637333620737,154,0.034482758620689655,0,1.3491259437246013,-0.010222755033326925,-0.7801585575495746,-1.0549053580447019,0.134591439983484,-0.33406259690105955,-0.315608778986304
373321,1392108711,2022-02-10,3,0.013889637333620737,154,0.08823529411764706,0,1.3491259437246013,-0.010222755033326925,-0.7801585575495746,-0.4656175504707531,-0.10706422371476271,0.10613918028739722,-0.38132614608952586
373321,1358238076,2022-02-10,3,0.013889637333620737,154,0.1111111111111111,0,1.3491259437246013,-0.010222755033326925,-0.7801585575495746,-0.9930198502962408,0.053805850994334437,-0.259633621069959,-1.751268107873317
373321,1290926415,2022-02-10,3,0.013889637333620737,154,0.1875,0,1.3491259437246013,-0.010222755033326925,-0.7801585575495746,0.5271127907070282,,5.908082938168931,3.912023005428146
373321,1277308085,2022-02-10,3,0.013889637333620737,154,0.17647058823529413,0,1.3491259437246013,-0.010222755033326925,-0.7801585575495746,0.801042457658648,,5.6937321388027,0.0
176727,56260,2022-02-10,4,0.014929138373121776,154,0.006791171477079796,0,1.3029427647548197,0.010991346068460972,-0.7843631888316072,1.7867414978861154,-0.2856483828951919,0.4054651081081644,-2.833213344056216
176727,93910,2022-02-10,4,0.014929138373121776,154,0.8,0,1.3029427647548197,0.010991346068460972,-0.7843631888316072,1.2580540236347186,0.5796679785969919,-0.6822181100277547,-0.4054651081081645
176727,93414,2022-02-10,4,0.014929138373121776,154,0.8,0,1.3029427647548197,0.010991346068460972,-0.7843631888316072,1.099947521185366,0.21164168283752016,-0.711165686062623,0.0
176727,51530,2022-02-10,4,0.014929138373121776,154,0.8,0,1.3029427647548197,0.010991346068460972,-0.7843631888316072,1.5397371980288432,0.4349950719248079,-0.8542087379270509,0.2876820724517808
176727,52388,2022-02-10,4,0.014929138373121776,154,0.006756756756756757,0,1.3029427647548197,0.010991346068460972,-0.7843631888316072,2.2771503218236315,1.1510476382262453,-3.506557897319982,-4.882801922586371
176727,52300,2022-02-10,4,0.014929138373121776,154,0.09523809523809523,0,1.3029427647548197,0.010991346068460972,-0.7843631888316072,-0.5483898766215637,-1.8474679987368976,1.3160901024466414,-0.5877866649021195
176727,51573,2022-02-10,4,0.014929138373121776,154,0.006756756756756757,0,1.3029427647548197,0.010991346068460972,-0.7843631888316072,-0.2737376891103409,-2.0455545733176312,1.9810014688665833,-4.085976312551584
176727,176239,2022-02-10,4,0.014929138373121776,154,0.8,0,1.3029427647548197,0.010991346068460972,-0.7843631888316072,0.7933304470795001,-0.44250979893363984,-0.43121760421057864,1.0986122886681098
176727,184691,2022-02-10,4,0.014929138373121776,154,0.13333333333333333,0,1.3029427647548197,0.010991346068460972,-0.7843631888316072,-0.8859408474737568,0.14186999054539806,-0.21151243948875909,-0.5481771261163617
176727,214686,2022-02-10,4,0.014929138373121776,154,0.2222222222222222,0,1.3029427647548197,0.010991346068460972,-0.7843631888316072,0.8221348689687819,,5.659482215759621,0.0
176727,129172,2022-02-10,4,0.014929138373121776,154,0.05555555555555555,0,1.3029427647548197,0.010991346068460972,-0.7843631888316072,-0.5725126603623825,1.2206188708533052,-0.8764202768806006,0.13675686980585766
176727,168201,2022-02-10,4,0.014929138373121776,154,0.6666666666666666,0,1.3029427647548197,0.010991346068460972,-0.7843631888316072,1.2990498066551657,0.5224076519967124,-0.9118363815247745,-0.5108256237659905
176727,136480,2022-02-10,4,0.014929138373121776,154,0.05128205128205128,0,1.3029427647548197,0.010991346068460972,-0.7843631888316072,-3.820757606770932,-1.4049017277916205,1.2359203355277248,-0.03606247268560736
176727,1392111849,2022-02-10,4,0.014929138373121776,154,0.18181818181818182,0,1.3029427647548197,0.010991346068460972,-0.7843631888316072,0.7000041258831879,-0.8034721592913374,0.6497850622861874,0.6805683983530857
176727,1392108713,2022-02-10,4,0.014929138373121776,154,0.04597701149425287,0,1.3029427647548197,0.010991346068460972,-0.7843631888316072,-1.0549053580447019,0.134591439983484,-0.33406259690105955,-0.315608778986304
176727,1392108711,2022-02-10,4,0.014929138373121776,154,0.11764705882352941,0,1.3029427647548197,0.010991346068460972,-0.7843631888316072,-0.4656175504707531,-0.10706422371476271,0.10613918028739722,-0.38132614608952586
176727,1392158625,2022-02-10,4,0.014929138373121776,154,0.17391304347826086,0,1.3029427647548197,0.010991346068460972,-0.7843631888316072,-0.9629886247882223,-0.670650637325976,1.1367071637207928,-1.2519368635330625
176727,2018450532,2022-02-10,4,0.014929138373121776,154,0.03076923076923077,0,1.3029427647548197,0.010991346068460972,-0.7843631888316072,-2.6715201232455024,-0.02514746989576855,0.20060293256267947,-0.447185976990113
176727,1056233796,2022-02-10,4,0.014929138373121776,154,0.2222222222222222,0,1.3029427647548197,0.010991346068460972,-0.7843631888316072,0.6353938176327076,,5.860786223465865,0.0
176727,1037762248,2022-02-10,4,0.014929138373121776,154,0.2,0,1.3029427647548197,0.010991346068460972,-0.7843631888316072,0.6854823860904948,-0.5203648723910368,3.542073530280718,0.5089547158301793
176727,1019341940,2022-02-10,4,0.014929138373121776,154,0.21052631578947367,0,1.3029427647548197,0.010991346068460972,-0.7843631888316072,0.7198213167964603,-0.95497781724031,3.9091617731471135,-1.693024628542366
176727,1009076529,2022-02-10,4,0.014929138373121776,154,0.23529411764705882,0,1.3029427647548197,0.010991346068460972,-0.7843631888316072,0.8370578002514518,,5.598421958998375,0.0
176727,1392166028,2022-02-10,4,0.014929138373121776,154,0.12903225806451613,0,1.3029427647548197,0.010991346068460972,-0.7843631888316072,-0.6275531653652834,-1.1314143889952932,2.18670467833884,0.21113966288904962
176727,1392321470,2022-02-10,4,0.014929138373121776,154,0.21052631578947367,0,1.3029427647548197,0.010991346068460972,-0.7843631888316072,-1.0767078705910784,0.07630908453377594,-0.37159892273900574,1.6628511114443079
176727,1392162219,2022-02-10,4,0.014929138373121776,154,0.23529411764705882,0,1.3029427647548197,0.010991346068460972,-0.7843631888316072,0.9411752173872854,1.3739234474038928,-0.1599325619004759,0.6931471805599453
176727,1746143216,2022-02-10,4,0.014929138373121776,154,0.2222222222222222,0,1.3029427647548197,0.010991346068460972,-0.7843631888316072,0.780263924406414,,5.739792912179234,0.0
176727,1392139747,2022-02-10,4,0.014929138373121776,154,0.10526315789473684,0,1.3029427647548197,0.010991346068460972,-0.7843631888316072,1.6002850928402215,-0.2246462088704515,0.8183103235139519,0.9133879722161931
176727,1746521229,2022-02-10,4,0.014929138373121776,154,0.1,0,1.3029427647548197,0.010991346068460972,-0.7843631888316072,-2.381592541720022,-0.2939797195075333,-0.019499426234370176,-0.2936189114744536
176727,2080904040,2022-02-10,4,0.014929138373121776,154,0.04878048780487805,0,1.3029427647548197,0.010991346068460972,-0.7843631888316072,-5.385732199816076,0.024943352205315072,-0.027111938192062368,-0.21606407109470993
176727,300531239,2022-02-10,4,0.014929138373121776,154,0.05128205128205128,0,1.3029427647548197,0.010991346068460972,-0.7843631888316072,-0.3983655096699226,1.7124275499093222,-1.1444057238436436,-0.17279812429620467
176727,2144220670,2022-02-10,4,0.014929138373121776,154,0.23529411764705882,0,1.3029427647548197,0.010991346068460972,-0.7843631888316072,0.817735116276223,,5.736572297479192,-4.07753744390572
176727,600923975,2022-02-10,4,0.014929138373121776,154,0.09090909090909091,0,1.3029427647548197,0.010991346068460972,-0.7843631888316072,-0.012169473185094494,0.18079864769636045,-0.05794524481542229,-1.2691690038824772
176727,397993501,2022-02-10,4,0.014929138373121776,154,0.0784313725490196,0,1.3029427647548197,0.010991346068460972,-0.7843631888316072,-2.3875574245427247,-0.3994238730758519,1.2890331015721213,-0.6271432458173365
176727,2142862519,2022-02-10,4,0.014929138373121776,154,0.0425531914893617,0,1.3029427647548197,0.010991346068460972,-0.7843631888316072,-4.329027246802783,-0.12565657047255385,0.1745453840734168,-0.806066979872023
176727,113959970,2022-02-10,4,0.014929138373121776,154,0.23529411764705882,0,1.3029427647548197,0.010991346068460972,-0.7843631888316072,0.802478587745928,,5.69035945432406,0.0
176727,74977478,2022-02-10,4,0.014929138373121776,154,0.2222222222222222,0,1.3029427647548197,0.010991346068460972,-0.7843631888316072,0.7433802771295215,0.8887258118359822,0.7250987803665474,-5.220355825078324
176727,162642547,2022-02-10,4,0.014929138373121776,154,0.25,0,1.3029427647548197,0.010991346068460972,-0.7843631888316072,0.6930310894984452,,5.942799375126701,0.7156200364120036
176727,263678655,2022-02-10,4,0.014929138373121776,154,0.058823529411764705,0,1.3029427647548197,0.010991346068460972,-0.7843631888316072,-0.4525751490145109,0.2083428996741652,-0.8246340008099917,1.2664532881040511
174734,2144220670,2022-02-10,2,0.007396130840114243,241,0.11764705882352941,0,1.2869100741732495,0.019461059294841876,-0.4751984461228398,0.817735116276223,,5.736572297479192,-4.07753744390572
174734,2142864304,2022-02-10,2,0.007396130840114243,241,0.028169014084507043,0,1.2869100741732495,0.019461059294841876,-0.4751984461228398,-2.07197797763963,-0.1281010754280918,0.23775891374519276,-0.0536608277211883
174734,49403,2022-02-10,2,0.007396130840114243,241,0.4,0,1.2869100741732495,0.019461059294841876,-0.4751984461228398,0.9010616012570883,-0.26601536890469435,-0.7659065348423741,-0.6931471805599453
174734,48570,2022-02-10,2,0.007396130840114243,241,0.4,0,1.2869100741732495,0.019461059294841876,-0.4751984461228398,1.525445664001127,0.3409937643374057,-0.8131064956389249,0.4054651081081645
174734,48300,2022-02-10,2,0.007396130840114243,241,0.05405405405405406,0,1.2869100741732495,0.019461059294841876,-0.4751984461228398,1.5302745323361973,1.734687289074244,-2.0629449617063447,-2.386466576974748
174734,47978,2022-02-10,2,0.007396130840114243,241,0.04878048780487805,0,1.2869100741732495,0.019461059294841876,-0.4751984461228398,0.5694099453436888,-0.40572994832009024,0.0925927868278249,-0.9808292530117266
174734,47921,2022-02-10,2,0.007396130840114243,241,0.3333333333333333,0,1.2869100741732495,0.019461059294841876,-0.4751984461228398,1.1227539869545724,0.31306476062489574,-1.1614131899071403,-0.6931471805599453
174734,46541,2022-02-10,2,0.007396130840114243,241,0.11764705882352941,0,1.2869100741732495,0.019461059294841876,-0.4751984461228398,0.8791572709879716,-1.7446698659996789,4.941642422609304,0.0
174734,2142862519,2022-02-10,2,0.007396130840114243,241,0.02127659574468085,0,1.2869100741732495,0.019461059294841876,-0.4751984461228398,-4.329027246802783,-0.12565657047255385,0.1745453840734168,-0.806066979872023
174734,2116182225,2022-02-10,2,0.007396130840114243,241,0.038461538461538464,0,1.2869100741732495,0.019461059294841876,-0.4751984461228398,-2.1020370472773036,-0.12347127436580707,0.17096595072739795,0.06814398473940564
174734,2080904040,2022-02-10,2,0.007396130840114243,241,0.024390243902439025,0,1.2869100741732495,0.019461059294841876,-0.4751984461228398,-5.385732199816076,0.024943352205315072,-0.027111938192062368,-0.21606407109470993
174734,2018450532,2022-02-10,2,0.007396130840114243,241,0.015384615384615385,0,1.2869100741732495,0.019461059294841876,-0.4751984461228398,-2.6715201232455024,-0.02514746989576855,0.20060293256267947,-0.447185976990113
174734,2004429834,2022-02-10,2,0.007396130840114243,241,0.03508771929824561,0,1.2869100741732495,0.019461059294841876,-0.4751984461228398,-3.4401387033418547,-0.027451874124654996,0.025995015257448628,-0.1509757221876864
174734,1868462368,2022-02-10,2,0.007396130840114243,241,0.16666666666666666,0,1.2869100741732495,0.019461059294841876,-0.4751984461228398,0.9809005920545878,-0.22834105890273915,0.5193002507569631,-0.2662679779479644
174734,1769772275,2022-02-10,2,0.007396130840114243,241,0.021505376344086023,0,1.2869100741732495,0.019461059294841876,-0.4751984461228398,2.082952852359916,,2.3978952727983707,-0.3175350356014617
174734,1746521229,2022-02-10,2,0.007396130840114243,241,0.05,0,1.2869100741732495,0.019461059294841876,-0.4751984461228398,-2.381592541720022,-0.2939797195075333,-0.019499426234370176,-0.2936189114744536
174734,74354,2022-02-10,2,0.007396130840114243,241,0.5,0,1.2869100741732495,0.019461059294841876,-0.4751984461228398,1.5137217108189915,0.5266470405584847,-0.9019019944220554,-0.2876820724517808
174734,67700,2022-02-10,2,0.007396130840114243,241,0.04878048780487805,0,1.2869100741732495,0.019461059294841876,-0.4751984461228398,0.6108071896359535,-0.5091230544002037,-0.27115277050056985,2.9813435361018916
174734,59451,2022-02-10,2,0.007396130840114243,241,0.5,0,1.2869100741732495,0.019461059294841876,-0.4751984461228398,1.2541707479793227,0.6433110368745436,-0.4929244134367501,-0.6931471805599453
174734,56554,2022-02-10,2,0.007396130840114243,241,0.06451612903225806,0,1.2869100741732495,0.019461059294841876,-0.4751984461228398,-0.13507877049669229,0.3673129354200081,-0.9688530619650102,-0.1173698978690565
174734,56260,2022-02-10,2,0.007396130840114243,241,0.003395585738539898,0,1.2869100741732495,0.019461059294841876,-0.4751984461228398,1.7867414978861154,-0.2856483828951919,0.4054651081081644,-2.833213344056216
174734,55653,2022-02-10,2,0.007396130840114243,241,0.4,0,1.2869100741732495,0.019461059294841876,-0.4751984461228398,1.6501040389300605,0.7056238982721064,-0.9714571131828631,-0.2876820724517808
174734,54726,2022-02-10,2,0.007396130840114243,241,0.028985507246376812,0,1.2869100741732495,0.019461059294841876,-0.4751984461228398,0.5001472623831966,-2.123679874604454,2.803360380906535,3.091042453358316
174734,52388,2022-02-10,2,0.007396130840114243,241,0.0033783783783783786,0,1.2869100741732495,0.019461059294841876,-0.4751984461228398,2.2771503218236315,1.1510476382262453,-3.506557897319982,-4.882801922586371
174734,52300,2022-02-10,2,0.007396130840114243,241,0.047619047619047616,0,1.2869100741732495,0.019461059294841876,-0.4751984461228398,-0.5483898766215637,-1.8474679987368976,1.3160901024466414,-0.5877866649021195
174734,51573,2022-02-10,2,0.007396130840114243,241,0.0033783783783783786,0,1.2869100741732495,0.019461059294841876,-0.4751984461228398,-0.2737376891103409,-2.0455545733176312,1.9810014688665833,-4.085976312551584
174734,51530,2022-02-10,2,0.007396130840114243,241,0.4,0,1.2869100741732495,0.019461059294841876,-0.4751984461228398,1.5397371980288432,0.4349950719248079,-0.8542087379270509,0.2876820724517808
174734,50278,2022-02-10,2,0.007396130840114243,241,0.2857142857142857,0,1.2869100741732495,0.019461059294841876,-0.4751984461228398,1.2500420406271961,0.04006209015402984,0.06656076651833853,-0.7654678421395715
174734,50276,2022-02-10,2,0.007396130840114243,241,0.5,0,1.2869100741732495,0.019461059294841876,-0.4751984461228398,1.6428248844940871,0.5840127282322503,-0.8927602344639611,-0.5108256237659905
174734,1746143216,2022-02-10,2,0.007396130840114243,241,0.1111111111111111,0,1.2869100741732495,0.019461059294841876,-0.4751984461228398,0.780263924406414,,5.739792912179234,0.0
174734,1540869033,2022-02-10,2,0.007396130840114243,241,0.11764705882352941,0,1.2869100741732495,0.019461059294841876,-0.4751984461228398,0.6312094851572003,,5.720311776607412,0.0
174734,1482563072,2022-02-10,2,0.007396130840114243,241,0.058823529411764705,0,1.2869100741732495,0.019461059294841876,-0.4751984461228398,1.5321890148017325,,4.553876891600541,-0.4618180446592959
174734,1474282524,2022-02-10,2,0.007396130840114243,241,0.11764705882352941,0,1.2869100741732495,0.019461059294841876,-0.4751984461228398,0.7855944558994022,,5.655991810819852,0.0
174734,1469695839,2022-02-10,2,0.007396130840114243,241,0.047619047619047616,0,1.2869100741732495,0.019461059294841876,-0.4751984461228398,-0.7659386906291744,-0.11484247747155796,0.3208469187181322,0.8285457440953712
174734,1395542724,2022-02-10,2,0.007396130840114243,241,0.022988505747126436,0,1.2869100741732495,0.019461059294841876,-0.4751984461228398,-2.8292368092701183,-0.8897364480820107,0.9416112434708772,0.6654085589491405
174734,1392525569,2022-02-10,2,0.007396130840114243,241,0.029411764705882353,0,1.2869100741732495,0.019461059294841876,-0.4751984461228398,1.8656717987267768,0.034686347622175484,-0.03822121282019708,0.015504186535965303
174734,1392321470,2022-02-10,2,0.007396130840114243,241,0.10526315789473684,0,1.2869100741732495,0.019461059294841876,-0.4751984461228398,-1.0767078705910784,0.07630908453377594,-0.37159892273900574,1.6628511114443079
174734,1392166028,2022-02-10,2,0.007396130840114243,241,0.06451612903225806,0,1.2869100741732495,0.019461059294841876,-0.4751984461228398,-0.6275531653652834,-1.1314143889952932,2.18670467833884,0.21113966288904962
328464,49403,2022-02-10,4,0.025937830104705073,83,0.8,0,0.5463045421224507,0.43782134381041327,-0.9628107475090486,0.9010616012570883,-0.26601536890469435,-0.7659065348423741,-0.6931471805599453
328464,47921,2022-02-10,4,0.025937830104705073,83,0.6666666666666666,0,0.5463045421224507,0.43782134381041327,-0.9628107475090486,1.1227539869545724,0.31306476062489574,-1.1614131899071403,-0.6931471805599453
328464,47978,2022-02-10,4,0.025937830104705073,83,0.0975609756097561,0,0.5463045421224507,0.43782134381041327,-0.9628107475090486,0.5694099453436888,-0.40572994832009024,0.0925927868278249,-0.9808292530117266
328464,52388,2022-02-10,4,0.025937830104705073,83,0.006756756756756757,0,0.5463045421224507,0.43782134381041327,-0.9628107475090486,2.2771503218236315,1.1510476382262453,-3.506557897319982,-4.882801922586371
328464,56260,2022-02-10,4,0.025937830104705073,83,0.006791171477079796,0,0.5463045421224507,0.43782134381041327,-0.9628107475090486,1.7867414978861154,-0.2856483828951919,0.4054651081081644,-2.833213344056216
328464,51573,2022-02-10,4,0.025937830104705073,83,0.006756756756756757,0,0.5463045421224507,0.43782134381041327,-0.9628107475090486,-0.2737376891103409,-2.0455545733176312,1.9810014688665833,-4.085976312551584
328464,52300,2022-02-10,4,0.025937830104705073,83,0.09523809523809523,0,0.5463045421224507,0.43782134381041327,-0.9628107475090486,-0.5483898766215637,-1.8474679987368976,1.3160901024466414,-0.5877866649021195
328464,1392139747,2022-02-10,4,0.025937830104705073,83,0.10526315789473684,0,0.5463045421224507,0.43782134381041327,-0.9628107475090486,1.6002850928402215,-0.2246462088704515,0.8183103235139519,0.9133879722161931
328464,2080904040,2022-02-10,4,0.025937830104705073,83,0.04878048780487805,0,0.5463045421224507,0.43782134381041327,-0.9628107475090486,-5.385732199816076,0.024943352205315072,-0.027111938192062368,-0.21606407109470993
328464,2018450532,2022-02-10,4,0.025937830104705073,83,0.03076923076923077,0,0.5463045421224507,0.43782134381041327,-0.9628107475090486,-2.6715201232455024,-0.02514746989576855,0.20060293256267947,-0.447185976990113
328464,2142862519,2022-02-10,4,0.025937830104705073,83,0.0425531914893617,0,0.5463045421224507,0.43782134381041327,-0.9628107475090486,-4.329027246802783,-0.12565657047255385,0.1745453840734168,-0.806066979872023
328464,129172,2022-02-10,4,0.025937830104705073,83,0.05555555555555555,0,0.5463045421224507,0.43782134381041327,-0.9628107475090486,-0.5725126603623825,1.2206188708533052,-0.8764202768806006,0.13675686980585766
328464,1199730922,2022-02-10,4,0.025937830104705073,83,0.01818181818181818,0,0.5463045421224507,0.43782134381041327,-0.9628107475090486,-2.821016266417385,0.2228642394544238,-0.2138213313119781,-0.7630527671963918
328464,1392108713,2022-02-10,4,0.025937830104705073,83,0.04597701149425287,0,0.5463045421224507,0.43782134381041327,-0.9628107475090486,-1.0549053580447019,0.134591439983484,-0.33406259690105955,-0.315608778986304
328464,1392108711,2022-02-10,4,0.025937830104705073,83,0.11764705882352941,0,0.5463045421224507,0.43782134381041327,-0.9628107475090486,-0.4656175504707531,-0.10706422371476271,0.10613918028739722,-0.38132614608952586
328464,300531239,2022-02-10,4,0.025937830104705073,83,0.05128205128205128,0,0.5463045421224507,0.43782134381041327,-0.9628107475090486,-0.3983655096699226,1.7124275499093222,-1.1444057238436436,-0.17279812429620467
328464,44680,2022-02-10,4,0.025937830104705073,83,0.006872852233676976,0,0.5463045421224507,0.43782134381041327,-0.9628107475090486,-1.863033420916099,,6.5638555265321274,-4.983606621708336
328464,263678655,2022-02-10,4,0.025937830104705073,83,0.058823529411764705,0,0.5463045421224507,0.43782134381041327,-0.9628107475090486,-0.4525751490145109,0.2083428996741652,-0.8246340008099917,1.2664532881040511
328464,869463199,2022-02-10,4,0.025937830104705073,83,0.23529411764705882,0,0.5463045421224507,0.43782134381041327,-0.9628107475090486,0.93439536596085,,5.564520407322694,0.0
328464,141177,2022-02-10,4,0.025937830104705073,83,0.8,0,0.5463045421224507,0.43782134381041327,-0.9628107475090486,1.5120801755631557,0.8999709675380517,-0.5441913176097914,-0.6931471805599452
328464,136480,2022-02-10,4,0.025937830104705073,83,0.05128205128205128,0,0.5463045421224507,0.43782134381041327,-0.9628107475090486,-3.820757606770932,-1.4049017277916205,1.2359203355277248,-0.03606247268560736
328464,397993501,2022-02-10,4,0.025937830104705073,83,0.0784313725490196,0,0.5463045421224507,0.43782134381041327,-0.9628107475090486,-2.3875574245427247,-0.3994238730758519,1.2890331015721213,-0.6271432458173365
328464,212087,2022-02-10,3,0.02269107685795183,83,0.6,0,0.5463045421224507,0.43782134381041327,-0.9628107475090486,0.7993478500584711,-0.6465538397601859,-0.4986832369402654,0.2876820724517808
328464,87194,2022-02-10,3,0.02269107685795183,83,0.07142857142857142,0,0.5463045421224507,0.43782134381041327,-0.9628107475090486,1.5538715270284211,0.039670887136157074,-1.2286654169163072,1.400893160541043
328464,142407,2022-02-10,3,0.02269107685795183,83,0.06818181818181818,0,0.5463045421224507,0.43782134381041327,-0.9628107475090486,2.5843095781962204,1.6688148890747239,-4.135166556742356,0.5411309732613194
328464,1392184298,2022-02-10,3,0.02269107685795183,83,0.1111111111111111,0,0.5463045421224507,0.43782134381041327,-0.9628107475090486,1.7915756636030054,,1.791759469228055,4.729913072579535
328464,55497,2022-02-10,3,0.02269107685795183,83,0.07317073170731707,0,0.5463045421224507,0.43782134381041327,-0.9628107475090486,1.1276743688363688,0.08410173619992034,-0.37306168405350526,-0.3483066942682158
328464,146667,2022-02-10,3,0.02269107685795183,83,0.07142857142857142,0,0.5463045421224507,0.43782134381041327,-0.9628107475090486,0.8717992627583514,0.17865948638001272,1.4213856809311607,-0.4700036292457357
328464,137372,2022-02-10,3,0.021788452511344078,83,0.5,0,0.5463045421224507,0.43782134381041327,-0.9628107475090486,0.8110392292250127,-0.20417149766826548,-0.679541528504167,-1.6094379124341003
328464,228404,2022-02-10,3,0.021788452511344078,83,0.5,0,0.5463045421224507,0.43782134381041327,-0.9628107475090486,0.9306239752588013,-0.07250954014254773,-0.6877563319250681,-0.6931471805599452
328464,571184990,2022-02-10,3,0.021788452511344078,83,0.06521739130434782,0,0.5463045421224507,0.43782134381041327,-0.9628107475090486,-3.3998402882963545,0.007451705750152637,0.1733866838097029,0.5676963038547118
328464,48300,2022-02-10,3,0.01944432361119858,83,0.07894736842105263,0,0.5463045421224507,0.43782134381041327,-0.9628107475090486,1.5302745323361973,1.734687289074244,-2.0629449617063447,-2.386466576974748
328464,2142864304,2022-02-10,3,0.01944432361119858,83,0.041666666666666664,0,0.5463045421224507,0.43782134381041327,-0.9628107475090486,-2.07197797763963,-0.1281010754280918,0.23775891374519276,-0.0536608277211883
328464,67700,2022-02-10,3,0.01944432361119858,83,0.07142857142857142,0,0.5463045421224507,0.43782134381041327,-0.9628107475090486,0.6108071896359535,-0.5091230544002037,-0.27115277050056985,2.9813435361018916
328464,1482563072,2022-02-10,3,0.01944432361119858,83,0.08571428571428572,0,0.5463045421224507,0.43782134381041327,-0.9628107475090486,1.5321890148017325,,4.553876891600541,-0.4618180446592959
328464,136835,2022-02-10,3,0.01944432361119858,83,0.5,0,0.5463045421224507,0.43782134381041327,-0.9628107475090486,1.6671691134133164,0.45059133686817443,-0.9822987609910863,-1.791759469228055
328464,1395542724,2022-02-10,3,0.01944432361119858,83,0.03409090909090909,0,0.5463045421224507,0.43782134381041327,-0.9628107475090486,-2.8292368092701183,-0.8897364480820107,0.9416112434708772,0.6654085589491405
93910,52388,2022-02-10,4,0.014929138373121776,154,0.006756756756756757,0,0.6783860450377267,0.5796679785969919,-0.6822181100277547,2.2771503218236315,1.1510476382262453,-3.506557897319982,-4.882801922586371
93910,56260,2022-02-10,4,0.014929138373121776,154,0.006791171477079796,0,0.6783860450377267,0.5796679785969919,-0.6822181100277547,1.7867414978861154,-0.2856483828951919,0.4054651081081644,-2.833213344056216
93910,93414,2022-02-10,4,0.014929138373121776,154,0.8,0,0.6783860450377267,0.5796679785969919,-0.6822181100277547,1.099947521185366,0.21164168283752016,-0.711165686062623,0.0
93910,51530,2022-02-10,4,0.014929138373121776,154,0.8,0,0.6783860450377267,0.5796679785969919,-0.6822181100277547,1.5397371980288432,0.4349950719248079,-0.8542087379270509,0.2876820724517808
93910,51573,2022-02-10,4,0.014929138373121776,154,0.006756756756756757,0,0.6783860450377267,0.5796679785969919,-0.6822181100277547,-0.2737376891103409,-2.0455545733176312,1.9810014688665833,-4.085976312551584
93910,52300,2022-02-10,4,0.014929138373121776,154,0.09523809523809523,0,0.6783860450377267,0.5796679785969919,-0.6822181100277547,-0.5483898766215637,-1.8474679987368976,1.3160901024466414,-0.5877866649021195
93910,136480,2022-02-10,4,0.014929138373121776,154,0.05128205128205128,0,0.6783860450377267,0.5796679785969919,-0.6822181100277547,-3.820757606770932,-1.4049017277916205,1.2359203355277248,-0.03606247268560736
93910,176727,2022-02-10,4,0.014929138373121776,154,0.8,0,0.6783860450377267,0.5796679785969919,-0.6822181100277547,1.3139341108232807,0.010991346068460972,-0.7843631888316072,-0.5108256237659905
93910,184691,2022-02-10,4,0.014929138373121776,154,0.13333333333333333,0,0.6783860450377267,0.5796679785969919,-0.6822181100277547,-0.8859408474737568,0.14186999054539806,-0.21151243948875909,-0.5481771261163617
93910,214686,2022-02-10,4,0.014929138373121776,154,0.2222222222222222,0,0.6783860450377267,0.5796679785969919,-0.6822181100277547,0.8221348689687819,,5.659482215759621,0.0
93910,176239,2022-02-10,4,0.014929138373121776,154,0.8,0,0.6783860450377267,0.5796679785969919,-0.6822181100277547,0.7933304470795001,-0.44250979893363984,-0.43121760421057864,1.0986122886681098
93910,168201,2022-02-10,4,0.014929138373121776,154,0.6666666666666666,0,0.6783860450377267,0.5796679785969919,-0.6822181100277547,1.2990498066551657,0.5224076519967124,-0.9118363815247745,-0.5108256237659905
93910,129172,2022-02-10,4,0.014929138373121776,154,0.05555555555555555,0,0.6783860450377267,0.5796679785969919,-0.6822181100277547,-0.5725126603623825,1.2206188708533052,-0.8764202768806006,0.13675686980585766
93910,1392111849,2022-02-10,4,0.014929138373121776,154,0.18181818181818182,0,0.6783860450377267,0.5796679785969919,-0.6822181100277547,0.7000041258831879,-0.8034721592913374,0.6497850622861874,0.6805683983530857
93910,1392108713,2022-02-10,4,0.014929138373121776,154,0.04597701149425287,0,0.6783860450377267,0.5796679785969919,-0.6822181100277547,-1.0549053580447019,0.134591439983484,-0.33406259690105955,-0.315608778986304
93910,1392108711,2022-02-10,4,0.014929138373121776,154,0.11764705882352941,0,0.6783860450377267,0.5796679785969919,-0.6822181100277547,-0.4656175504707531,-0.10706422371476271,0.10613918028739722,-0.38132614608952586
93910,1392158625,2022-02-10,4,0.014929138373121776,154,0.17391304347826086,0,0.6783860450377267,0.5796679785969919,-0.6822181100277547,-0.9629886247882223,-0.670650637325976,1.1367071637207928,-1.2519368635330625
93910,2018450532,2022-02-10,4,0.014929138373121776,154,0.03076923076923077,0,0.6783860450377267,0.5796679785969919,-0.6822181100277547,-2.6715201232455024,-0.02514746989576855,0.20060293256267947,-0.447185976990113
93910,1056233796,2022-02-10,4,0.014929138373121776,154,0.2222222222222222,0,0.6783860450377267,0.5796679785969919,-0.6822181100277547,0.6353938176327076,,5.860786223465865,0.0
93910,1037762248,2022-02-10,4,0.014929138373121776,154,0.2,0,0.6783860450377267,0.5796679785969919,-0.6822181100277547,0.6854823860904948,-0.5203648723910368,3.542073530280718,0.5089547158301793
93910,1019341940,2022-02-10,4,0.014929138373121776,154,0.21052631578947367,0,0.6783860450377267,0.5796679785969919,-0.6822181100277547,0.7198213167964603,-0.95497781724031,3.9091617731471135,-1.693024628542366
93910,1009076529,2022-02-10,4,0.014929138373121776,154,0.23529411764705882,0,0.6783860450377267,0.5796679785969919,-0.6822181100277547,0.8370578002514518,,5.598421958998375,0.0
93910,1392166028,2022-02-10,4,0.014929138373121776,154,0.12903225806451613,0,0.6783860450377267,0.5796679785969919,-0.6822181100277547,-0.6275531653652834,-1.1314143889952932,2.18670467833884,0.21113966288904962
93910,1392321470,2022-02-10,4,0.014929138373121776,154,0.21052631578947367,0,0.6783860450377267,0.5796679785969919,-0.6822181100277547,-1.0767078705910784,0.07630908453377594,-0.37159892273900574,1.6628511114443079
93910,1392162219,2022-02-10,4,0.014929138373121776,154,0.23529411764705882,0,0.6783860450377267,0.5796679785969919,-0.6822181100277547,0.9411752173872854,1.3739234474038928,-0.1599325619004759,0.6931471805599453
93910,1746143216,2022-02-10,4,0.014929138373121776,154,0.2222222222222222,0,0.6783860450377267,0.5796679785969919,-0.6822181100277547,0.780263924406414,,5.739792912179234,0.0
93910,1392139747,2022-02-10,4,0.014929138373121776,154,0.10526315789473684,0,0.6783860450377267,0.5796679785969919,-0.6822181100277547,1.6002850928402215,-0.2246462088704515,0.8183103235139519,0.9133879722161931
93910,1746521229,2022-02-10,4,0.014929138373121776,154,0.1,0,0.6783860450377267,0.5796679785969919,-0.6822181100277547,-2.381592541720022,-0.2939797195075333,-0.019499426234370176,-0.2936189114744536
93910,2080904040,2022-02-10,4,0.014929138373121776,154,0.04878048780487805,0,0.6783860450377267,0.5796679785969919,-0.6822181100277547,-5.385732199816076,0.024943352205315072,-0.027111938192062368,-0.21606407109470993
93910,300531239,2022-02-10,4,0.014929138373121776,154,0.05128205128205128,0,0.6783860450377267,0.5796679785969919,-0.6822181100277547,-0.3983655096699226,1.7124275499093222,-1.1444057238436436,-0.17279812429620467
93910,2144220670,2022-02-10,4,0.014929138373121776,154,0.23529411764705882,0,0.6783860450377267,0.5796679785969919,-0.6822181100277547,0.817735116276223,,5.736572297479192,-4.07753744390572
93910,600923975,2022-02-10,4,0.014929138373121776,154,0.09090909090909091,0,0.6783860450377267,0.5796679785969919,-0.6822181100277547,-0.012169473185094494,0.18079864769636045,-0.05794524481542229,-1.2691690038824772
93910,397993501,2022-02-10,4,0.014929138373121776,154,0.0784313725490196,0,0.6783860450377267,0.5796679785969919,-0.6822181100277547,-2.3875574245427247,-0.3994238730758519,1.2890331015721213,-0.6271432458173365
93910,2142862519,2022-02-10,4,0.014929138373121776,154,0.0425531914893617,0,0.6783860450377267,0.5796679785969919,-0.6822181100277547,-4.329027246802783,-0.12565657047255385,0.1745453840734168,-0.806066979872023
93910,113959970,2022-02-10,4,0.014929138373121776,154,0.23529411764705882,0,0.6783860450377267,0.5796679785969919,-0.6822181100277547,0.802478587745928,,5.69035945432406,0.0
93910,74977478,2022-02-10,4,0.014929138373121776,154,0.2222222222222222,0,0.6783860450377267,0.5796679785969919,-0.6822181100277547,0.7433802771295215,0.8887258118359822,0.7250987803665474,-5.220355825078324
93910,162642547,2022-02-10,4,0.014929138373121776,154,0.25,0,0.6783860450377267,0.5796679785969919,-0.6822181100277547,0.6930310894984452,,5.942799375126701,0.7156200364120036
93910,263678655,2022-02-10,4,0.014929138373121776,154,0.058823529411764705,0,0.6783860450377267,0.5796679785969919,-0.6822181100277547,-0.4525751490145109,0.2083428996741652,-0.8246340008099917,1.2664532881040511
79132,2144220670,2022-02-10,3,0.013889637333620737,154,0.17647058823529413,0,1.0696384108790051,0.25075712617312984,-0.6752895631599385,0.817735116276223,,5.736572297479192,-4.07753744390572
79132,49403,2022-02-10,3,0.013889637333620737,154,0.6,0,1.0696384108790051,0.25075712617312984,-0.6752895631599385,0.9010616012570883,-0.26601536890469435,-0.7659065348423741,-0.6931471805599453
79132,48570,2022-02-10,3,0.013889637333620737,154,0.6,0,1.0696384108790051,0.25075712617312984,-0.6752895631599385,1.525445664001127,0.3409937643374057,-0.8131064956389249,0.4054651081081645
79132,47978,2022-02-10,3,0.013889637333620737,154,0.07317073170731707,0,1.0696384108790051,0.25075712617312984,-0.6752895631599385,0.5694099453436888,-0.40572994832009024,0.0925927868278249,-0.9808292530117266
79132,47921,2022-02-10,3,0.013889637333620737,154,0.5,0,1.0696384108790051,0.25075712617312984,-0.6752895631599385,1.1227539869545724,0.31306476062489574,-1.1614131899071403,-0.6931471805599453
79132,46541,2022-02-10,3,0.013889637333620737,154,0.17647058823529413,0,1.0696384108790051,0.25075712617312984,-0.6752895631599385,0.8791572709879716,-1.7446698659996789,4.941642422609304,0.0
79132,2142862519,2022-02-10,3,0.013889637333620737,154,0.031914893617021274,0,1.0696384108790051,0.25075712617312984,-0.6752895631599385,-4.329027246802783,-0.12565657047255385,0.1745453840734168,-0.806066979872023
79132,2080904040,2022-02-10,3,0.013889637333620737,154,0.036585365853658534,0,1.0696384108790051,0.25075712617312984,-0.6752895631599385,-5.385732199816076,0.024943352205315072,-0.027111938192062368,-0.21606407109470993
79132,2018450532,2022-02-10,3,0.013889637333620737,154,0.023076923076923078,0,1.0696384108790051,0.25075712617312984,-0.6752895631599385,-2.6715201232455024,-0.02514746989576855,0.20060293256267947,-0.447185976990113
79132,1746521229,2022-02-10,3,0.013889637333620737,154,0.075,0,1.0696384108790051,0.25075712617312984,-0.6752895631599385,-2.381592541720022,-0.2939797195075333,-0.019499426234370176,-0.2936189114744536
79132,1746143216,2022-02-10,3,0.013889637333620737,154,0.16666666666666666,0,1.0696384108790051,0.25075712617312984,-0.6752895631599385,0.780263924406414,,5.739792912179234,0.0
79132,1540869033,2022-02-10,3,0.013889637333620737,154,0.17647058823529413,0,1.0696384108790051,0.25075712617312984,-0.6752895631599385,0.6312094851572003,,5.720311776607412,0.0
79132,1474282524,2022-02-10,3,0.013889637333620737,154,0.17647058823529413,0,1.0696384108790051,0.25075712617312984,-0.6752895631599385,0.7855944558994022,,5.655991810819852,0.0
79132,1469695839,2022-02-10,3,0.013889637333620737,154,0.07142857142857142,0,1.0696384108790051,0.25075712617312984,-0.6752895631599385,-0.7659386906291744,-0.11484247747155796,0.3208469187181322,0.8285457440953712
79132,1392525569,2022-02-10,3,0.013889637333620737,154,0.04411764705882353,0,1.0696384108790051,0.25075712617312984,-0.6752895631599385,1.8656717987267768,0.034686347622175484,-0.03822121282019708,0.015504186535965303
79132,1392321470,2022-02-10,3,0.013889637333620737,154,0.15789473684210525,0,1.0696384108790051,0.25075712617312984,-0.6752895631599385,-1.0767078705910784,0.07630908453377594,-0.37159892273900574,1.6628511114443079
79132,1392166028,2022-02-10,3,0.013889637333620737,154,0.0967741935483871,0,1.0696384108790051,0.25075712617312984,-0.6752895631599385,-0.6275531653652834,-1.1314143889952932,2.18670467833884,0.21113966288904962
79132,1392162219,2022-02-10,3,0.013889637333620737,154,0.17647058823529413,0,1.0696384108790051,0.25075712617312984,-0.6752895631599385,0.9411752173872854,1.3739234474038928,-0.1599325619004759,0.6931471805599453
79132,1392158625,2022-02-10,3,0.013889637333620737,154,0.13043478260869565,0,1.0696384108790051,0.25075712617312984,-0.6752895631599385,-0.9629886247882223,-0.670650637325976,1.1367071637207928,-1.2519368635330625
79132,1392139747,2022-02-10,3,0.013889637333620737,154,0.07894736842105263,0,1.0696384108790051,0.25075712617312984,-0.6752895631599385,1.6002850928402215,-0.2246462088704515,0.8183103235139519,0.9133879722161931
79132,74354,2022-02-10,3,0.013889637333620737,154,0.75,0,1.0696384108790051,0.25075712617312984,-0.6752895631599385,1.5137217108189915,0.5266470405584847,-0.9019019944220554,-0.2876820724517808
79132,59451,2022-02-10,3,0.013889637333620737,154,0.75,0,1.0696384108790051,0.25075712617312984,-0.6752895631599385,1.2541707479793227,0.6433110368745436,-0.4929244134367501,-0.6931471805599453
79132,56260,2022-02-10,3,0.013889637333620737,154,0.0050933786078098476,0,1.0696384108790051,0.25075712617312984,-0.6752895631599385,1.7867414978861154,-0.2856483828951919,0.4054651081081644,-2.833213344056216
79132,55653,2022-02-10,3,0.013889637333620737,154,0.6,0,1.0696384108790051,0.25075712617312984,-0.6752895631599385,1.6501040389300605,0.7056238982721064,-0.9714571131828631,-0.2876820724517808
79132,54726,2022-02-10,3,0.013889637333620737,154,0.043478260869565216,0,1.0696384108790051,0.25075712617312984,-0.6752895631599385,0.5001472623831966,-2.123679874604454,2.803360380906535,3.091042453358316
79132,52388,2022-02-10,3,0.013889637333620737,154,0.005067567567567568,0,1.0696384108790051,0.25075712617312984,-0.6752895631599385,2.2771503218236315,1.1510476382262453,-3.506557897319982,-4.882801922586371
79132,52300,2022-02-10,3,0.013889637333620737,154,0.07142857142857142,0,1.0696384108790051,0.25075712617312984,-0.6752895631599385,-0.5483898766215637,-1.8474679987368976,1.3160901024466414,-0.5877866649021195
79132,51573,2022-02-10,3,0.013889637333620737,154,0.005067567567567568,0,1.0696384108790051,0.25075712617312984,-0.6752895631599385,-0.2737376891103409,-2.0455545733176312,1.9810014688665833,-4.085976312551584
79132,51530,2022-02-10,3,0.013889637333620737,154,0.6,0,1.0696384108790051,0.25075712617312984,-0.6752895631599385,1.5397371980288432,0.4349950719248079,-0.8542087379270509,0.2876820724517808
79132,50278,2022-02-10,3,0.013889637333620737,154,0.42857142857142855,0,1.0696384108790051,0.25075712617312984,-0.6752895631599385,1.2500420406271961,0.04006209015402984,0.06656076651833853,-0.7654678421395715
79132,50276,2022-02-10,3,0.013889637333620737,154,0.75,0,1.0696384108790051,0.25075712617312984,-0.6752895631599385,1.6428248844940871,0.5840127282322503,-0.8927602344639611,-0.5108256237659905
79132,1392117675,2022-02-10,3,0.013889637333620737,154,0.09375,0,1.0696384108790051,0.25075712617312984,-0.6752895631599385,-0.9303866738517901,0.702543097945383,-0.7596562036365313,-0.11807010326277645
79132,1392111849,2022-02-10,3,0.013889637333620737,154,0.13636363636363635,0,1.0696384108790051,0.25075712617312984,-0.6752895631599385,0.7000041258831879,-0.8034721592913374,0.6497850622861874,0.6805683983530857
79132,1392108845,2022-02-10,3,0.013889637333620737,154,0.0234375,0,1.0696384108790051,0.25075712617312984,-0.6752895631599385,-1.2107066877796675,-0.12835473654364304,0.28821477301402787,-0.5002435144354536
79132,1392108713,2022-02-10,3,0.013889637333620737,154,0.034482758620689655,0,1.0696384108790051,0.25075712617312984,-0.6752895631599385,-1.0549053580447019,0.134591439983484,-0.33406259690105955,-0.315608778986304
79132,1392108711,2022-02-10,3,0.013889637333620737,154,0.08823529411764706,0,1.0696384108790051,0.25075712617312984,-0.6752895631599385,-0.4656175504707531,-0.10706422371476271,0.10613918028739722,-0.38132614608952586
79132,1358238076,2022-02-10,3,0.013889637333620737,154,0.1111111111111111,0,1.0696384108790051,0.25075712617312984,-0.6752895631599385,-0.9930198502962408,0.053805850994334437,-0.259633621069959,-1.751268107873317
79132,1290926415,2022-02-10,3,0.013889637333620737,154,0.1875,0,1.0696384108790051,0.25075712617312984,-0.6752895631599385,0.5271127907070282,,5.908082938168931,3.912023005428146
79132,1277308085,2022-02-10,3,0.013889637333620737,154,0.17647058823529413,0,1.0696384108790051,0.25075712617312984,-0.6752895631599385,0.801042457658648,,5.6937321388027,0.0
322725,2144220670,2022-02-10,3,0.013889637333620737,154,0.16666666666666666,0,0.9620638402139621,0.48823239105683713,-0.545227050483323,0.817735116276223,,5.736572297479192,-4.07753744390572
322725,49403,2022-02-10,3,0.013889637333620737,154,0.5,0,0.9620638402139621,0.48823239105683713,-0.545227050483323,0.9010616012570883,-0.26601536890469435,-0.7659065348423741,-0.6931471805599453
322725,48570,2022-02-10,3,0.013889637333620737,154,0.5,0,0.9620638402139621,0.48823239105683713,-0.545227050483323,1.525445664001127,0.3409937643374057,-0.8131064956389249,0.4054651081081645
322725,47978,2022-02-10,3,0.013889637333620737,154,0.07317073170731707,0,0.9620638402139621,0.48823239105683713,-0.545227050483323,0.5694099453436888,-0.40572994832009024,0.0925927868278249,-0.9808292530117266
322725,47921,2022-02-10,3,0.013889637333620737,154,0.42857142857142855,0,0.9620638402139621,0.48823239105683713,-0.545227050483323,1.1227539869545724,0.31306476062489574,-1.1614131899071403,-0.6931471805599453
322725,46541,2022-02-10,3,0.013889637333620737,154,0.16666666666666666,0,0.9620638402139621,0.48823239105683713,-0.545227050483323,0.8791572709879716,-1.7446698659996789,4.941642422609304,0.0
322725,2142862519,2022-02-10,3,0.013889637333620737,154,0.031914893617021274,0,0.9620638402139621,0.48823239105683713,-0.545227050483323,-4.329027246802783,-0.12565657047255385,0.1745453840734168,-0.806066979872023
322725,2080904040,2022-02-10,3,0.013889637333620737,154,0.036585365853658534,0,0.9620638402139621,0.48823239105683713,-0.545227050483323,-5.385732199816076,0.024943352205315072,-0.027111938192062368,-0.21606407109470993
322725,2018450532,2022-02-10,3,0.013889637333620737,154,0.023076923076923078,0,0.9620638402139621,0.48823239105683713,-0.545227050483323,-2.6715201232455024,-0.02514746989576855,0.20060293256267947,-0.447185976990113
322725,1746521229,2022-02-10,3,0.013889637333620737,154,0.075,0,0.9620638402139621,0.48823239105683713,-0.545227050483323,-2.381592541720022,-0.2939797195075333,-0.019499426234370176,-0.2936189114744536
322725,1746143216,2022-02-10,3,0.013889637333620737,154,0.15789473684210525,0,0.9620638402139621,0.48823239105683713,-0.545227050483323,0.780263924406414,,5.739792912179234,0.0
322725,1540869033,2022-02-10,3,0.013889637333620737,154,0.16666666666666666,0,0.9620638402139621,0.48823239105683713,-0.545227050483323,0.6312094851572003,,5.720311776607412,0.0
322725,1474282524,2022-02-10,3,0.013889637333620737,154,0.16666666666666666,0,0.9620638402139621,0.48823239105683713,-0.545227050483323,0.7855944558994022,,5.655991810819852,0.0
322725,1469695839,2022-02-10,3,0.013889637333620737,154,0.07142857142857142,0,0.9620638402139621,0.48823239105683713,-0.545227050483323,-0.7659386906291744,-0.11484247747155796,0.3208469187181322,0.8285457440953712
322725,1392525569,2022-02-10,3,0.013889637333620737,154,0.04411764705882353,0,0.9620638402139621,0.48823239105683713,-0.545227050483323,1.8656717987267768,0.034686347622175484,-0.03822121282019708,0.015504186535965303
322725,1392321470,2022-02-10,3,0.013889637333620737,154,0.15,0,0.9620638402139621,0.48823239105683713,-0.545227050483323,-1.0767078705910784,0.07630908453377594,-0.37159892273900574,1.6628511114443079
322725,1392166028,2022-02-10,3,0.013889637333620737,154,0.0967741935483871,0,0.9620638402139621,0.48823239105683713,-0.545227050483323,-0.6275531653652834,-1.1314143889952932,2.18670467833884,0.21113966288904962
322725,1392162219,2022-02-10,3,0.013889637333620737,154,0.16666666666666666,0,0.9620638402139621,0.48823239105683713,-0.545227050483323,0.9411752173872854,1.3739234474038928,-0.1599325619004759,0.6931471805599453
322725,1392158625,2022-02-10,3,0.013889637333620737,154,0.13043478260869565,0,0.9620638402139621,0.48823239105683713,-0.545227050483323,-0.9629886247882223,-0.670650637325976,1.1367071637207928,-1.2519368635330625
322725,1392139747,2022-02-10,3,0.013889637333620737,154,0.07894736842105263,0,0.9620638402139621,0.48823239105683713,-0.545227050483323,1.6002850928402215,-0.2246462088704515,0.8183103235139519,0.9133879722161931
322725,74354,2022-02-10,3,0.013889637333620737,154,0.6,0,0.9620638402139621,0.48823239105683713,-0.545227050483323,1.5137217108189915,0.5266470405584847,-0.9019019944220554,-0.2876820724517808
322725,59451,2022-02-10,3,0.013889637333620737,154,0.6,0,0.9620638402139621,0.48823239105683713,-0.545227050483323,1.2541707479793227,0.6433110368745436,-0.4929244134367501,-0.6931471805599453
322725,56260,2022-02-10,3,0.013889637333620737,154,0.0050933786078098476,0,0.9620638402139621,0.48823239105683713,-0.545227050483323,1.7867414978861154,-0.2856483828951919,0.4054651081081644,-2.833213344056216
322725,55653,2022-02-10,3,0.013889637333620737,154,0.5,0,0.9620638402139621,0.48823239105683713,-0.545227050483323,1.6501040389300605,0.7056238982721064,-0.9714571131828631,-0.2876820724517808
322725,54726,2022-02-10,3,0.013889637333620737,154,0.043478260869565216,0,0.9620638402139621,0.48823239105683713,-0.545227050483323,0.5001472623831966,-2.123679874604454,2.803360380906535,3.091042453358316
322725,52388,2022-02-10,3,0.013889637333620737,154,0.005067567567567568,0,0.9620638402139621,0.48823239105683713,-0.545227050483323,2.2771503218236315,1.1510476382262453,-3.506557897319982,-4.882801922586371
322725,52300,2022-02-10,3,0.013889637333620737,154,0.07142857142857142,0,0.9620638402139621,0.48823239105683713,-0.545227050483323,-0.5483898766215637,-1.8474679987368976,1.3160901024466414,-0.5877866649021195
322725,51573,2022-02-10,3,0.013889637333620737,154,0.005067567567567568,0,0.9620638402139621,0.48823239105683713,-0.545227050483323,-0.2737376891103409,-2.0455545733176312,1.9810014688665833,-4.085976312551584
322725,51530,2022-02-10,3,0.013889637333620737,154,0.5,0,0.9620638402139621,0.48823239105683713,-0.545227050483323,1.5397371980288432,0.4349950719248079,-0.8542087379270509,0.2876820724517808
322725,50278,2022-02-10,3,0.013889637333620737,154,0.42857142857142855,0,0.9620638402139621,0.48823239105683713,-0.545227050483323,1.2500420406271961,0.04006209015402984,0.06656076651833853,-0.7654678421395715
322725,50276,2022-02-10,3,0.013889637333620737,154,0.6,0,0.9620638402139621,0.48823239105683713,-0.545227050483323,1.6428248844940871,0.5840127282322503,-0.8927602344639611,-0.5108256237659905
322725,1392117675,2022-02-10,3,0.013889637333620737,154,0.09375,0,0.9620638402139621,0.48823239105683713,-0.545227050483323,-0.9303866738517901,0.702543097945383,-0.7596562036365313,-0.11807010326277645
322725,1392111849,2022-02-10,3,0.013889637333620737,154,0.13636363636363635,0,0.9620638402139621,0.48823239105683713,-0.545227050483323,0.7000041258831879,-0.8034721592913374,0.6497850622861874,0.6805683983530857
322725,1392108845,2022-02-10,3,0.013889637333620737,154,0.0234375,0,0.9620638402139621,0.48823239105683713,-0.545227050483323,-1.2107066877796675,-0.12835473654364304,0.28821477301402787,-0.5002435144354536
322725,1392108713,2022-02-10,3,0.013889637333620737,154,0.034482758620689655,0,0.9620638402139621,0.48823239105683713,-0.545227050483323,-1.0549053580447019,0.134591439983484,-0.33406259690105955,-0.315608778986304
322725,1392108711,2022-02-10,3,0.013889637333620737,154,0.08823529411764706,0,0.9620638402139621,0.48823239105683713,-0.545227050483323,-0.4656175504707531,-0.10706422371476271,0.10613918028739722,-0.38132614608952586
322725,1358238076,2022-02-10,3,0.013889637333620737,154,0.1111111111111111,0,0.9620638402139621,0.48823239105683713,-0.545227050483323,-0.9930198502962408,0.053805850994334437,-0.259633621069959,-1.751268107873317
322725,1290926415,2022-02-10,3,0.013889637333620737,154,0.17647058823529413,0,0.9620638402139621,0.48823239105683713,-0.545227050483323,0.5271127907070282,,5.908082938168931,3.912023005428146
322725,1277308085,2022-02-10,3,0.013889637333620737,154,0.16666666666666666,0,0.9620638402139621,0.48823239105683713,-0.545227050483323,0.801042457658648,,5.6937321388027,0.0
106861,46541,2022-02-10,4,0.023413446857430263,105,0.23529411764705882,0,0.855738943395833,0.24349847379702483,-0.6093772974944871,0.8791572709879716,-1.7446698659996789,4.941642422609304,0.0
106861,44680,2022-02-10,4,0.023413446857430263,105,0.006872852233676976,0,0.855738943395833,0.24349847379702483,-0.6093772974944871,-1.863033420916099,,6.5638555265321274,-4.983606621708336
106861,126531,2022-02-10,4,0.023413446857430263,105,0.8,0,0.855738943395833,0.24349847379702483,-0.6093772974944871,1.2355963480292536,0.36997993677780106,-0.6879252365787938,-0.2876820724517808
106861,56260,2022-02-10,4,0.023413446857430263,105,0.006791171477079796,0,0.855738943395833,0.24349847379702483,-0.6093772974944871,1.7867414978861154,-0.2856483828951919,0.4054651081081644,-2.833213344056216
106861,51573,2022-02-10,4,0.023413446857430263,105,0.006756756756756757,0,0.855738943395833,0.24349847379702483,-0.6093772974944871,-0.2737376891103409,-2.0455545733176312,1.9810014688665833,-4.085976312551584
106861,52300,2022-02-10,4,0.023413446857430263,105,0.09523809523809523,0,0.855738943395833,0.24349847379702483,-0.6093772974944871,-0.5483898766215637,-1.8474679987368976,1.3160901024466414,-0.5877866649021195
106861,52388,2022-02-10,4,0.023413446857430263,105,0.006756756756756757,0,0.855738943395833,0.24349847379702483,-0.6093772974944871,2.2771503218236315,1.1510476382262453,-3.506557897319982,-4.882801922586371
106861,129172,2022-02-10,4,0.023413446857430263,105,0.05555555555555555,0,0.855738943395833,0.24349847379702483,-0.6093772974944871,-0.5725126603623825,1.2206188708533052,-0.8764202768806006,0.13675686980585766
106861,250080,2022-02-10,4,0.023413446857430263,105,0.8,0,0.855738943395833,0.24349847379702483,-0.6093772974944871,1.4379518289319542,0.3726486147238157,-1.1082277473675513,0.6931471805599453
106861,194389,2022-02-10,4,0.023413446857430263,105,0.4444444444444444,0,0.855738943395833,0.24349847379702483,-0.6093772974944871,1.400342668321555,0.10134610080440187,-0.4878082538792423,0.29048712337939
106861,214686,2022-02-10,4,0.023413446857430263,105,0.2222222222222222,0,0.855738943395833,0.24349847379702483,-0.6093772974944871,0.8221348689687819,,5.659482215759621,0.0
106861,143134,2022-02-10,4,0.023413446857430263,105,0.8,0,0.855738943395833,0.24349847379702483,-0.6093772974944871,0.9404106049810824,-0.18096780035689786,-0.6680832118967288,-0.2231435513142097
106861,146457,2022-02-10,4,0.023413446857430263,105,0.8,0,0.855738943395833,0.24349847379702483,-0.6093772974944871,1.6003708653395252,0.33084361506393534,-0.44240862329984854,0.0
106861,153492,2022-02-10,4,0.023413446857430263,105,0.5714285714285714,0,0.855738943395833,0.24349847379702483,-0.6093772974944871,1.6358233126001276,0.48131644681585684,-0.7393092223231079,-0.27286698666664
106861,804059039,2022-02-10,4,0.023413446857430263,105,0.2222222222222222,0,0.855738943395833,0.24349847379702483,-0.6093772974944871,0.6172484244343971,0.5699913489304334,1.8458266904983311,-2.0825616690160795
106861,1746143216,2022-02-10,4,0.023413446857430263,105,0.2222222222222222,0,0.855738943395833,0.24349847379702483,-0.6093772974944871,0.780263924406414,,5.739792912179234,0.0
106861,1540869033,2022-02-10,4,0.023413446857430263,105,0.23529411764705882,0,0.855738943395833,0.24349847379702483,-0.6093772974944871,0.6312094851572003,,5.720311776607412,0.0
106861,1474282524,2022-02-10,4,0.023413446857430263,105,0.23529411764705882,0,0.855738943395833,0.24349847379702483,-0.6093772974944871,0.7855944558994022,,5.655991810819852,0.0
106861,1392166028,2022-02-10,4,0.023413446857430263,105,0.12903225806451613,0,0.855738943395833,0.24349847379702483,-0.6093772974944871,-0.6275531653652834,-1.1314143889952932,2.18670467833884,0.21113966288904962
106861,1392321470,2022-02-10,4,0.023413446857430263,105,0.21052631578947367,0,0.855738943395833,0.24349847379702483,-0.6093772974944871,-1.0767078705910784,0.07630908453377594,-0.37159892273900574,1.6628511114443079
106861,263678655,2022-02-10,4,0.023413446857430263,105,0.058823529411764705,0,0.855738943395833,0.24349847379702483,-0.6093772974944871,-0.4525751490145109,0.2083428996741652,-0.8246340008099917,1.2664532881040511
106861,300531239,2022-02-10,4,0.023413446857430263,105,0.05128205128205128,0,0.855738943395833,0.24349847379702483,-0.6093772974944871,-0.3983655096699226,1.7124275499093222,-1.1444057238436436,-0.17279812429620467
106861,1392158625,2022-02-10,4,0.023413446857430263,105,0.17391304347826086,0,0.855738943395833,0.24349847379702483,-0.6093772974944871,-0.9629886247882223,-0.670650637325976,1.1367071637207928,-1.2519368635330625
106861,1392162219,2022-02-10,4,0.023413446857430263,105,0.23529411764705882,0,0.855738943395833,0.24349847379702483,-0.6093772974944871,0.9411752173872854,1.3739234474038928,-0.1599325619004759,0.6931471805599453
106861,1392139747,2022-02-10,4,0.023413446857430263,105,0.10526315789473684,0,0.855738943395833,0.24349847379702483,-0.6093772974944871,1.6002850928402215,-0.2246462088704515,0.8183103235139519,0.9133879722161931
106861,600923975,2022-02-10,4,0.023413446857430263,105,0.09090909090909091,0,0.855738943395833,0.24349847379702483,-0.6093772974944871,-0.012169473185094494,0.18079864769636045,-0.05794524481542229,-1.2691690038824772
106861,1277308085,2022-02-10,4,0.023413446857430263,105,0.23529411764705882,0,0.855738943395833,0.24349847379702483,-0.6093772974944871,0.801042457658648,,5.6937321388027,0.0
106861,1392108713,2022-02-10,4,0.023413446857430263,105,0.04597701149425287,0,0.855738943395833,0.24349847379702483,-0.6093772974944871,-1.0549053580447019,0.134591439983484,-0.33406259690105955,-0.315608778986304
106861,1392108845,2022-02-10,4,0.023413446857430263,105,0.03125,0,0.855738943395833,0.24349847379702483,-0.6093772974944871,-1.2107066877796675,-0.12835473654364304,0.28821477301402787,-0.5002435144354536
106861,1392117675,2022-02-10,4,0.023413446857430263,105,0.125,0,0.855738943395833,0.24349847379702483,-0.6093772974944871,-0.9303866738517901,0.702543097945383,-0.7596562036365313,-0.11807010326277645
106861,668311614,2022-02-10,4,0.023413446857430263,105,0.2222222222222222,0,0.855738943395833,0.24349847379702483,-0.6093772974944871,0.7482819796287913,,5.703782474656201,-3.6888794541139363
106861,1746521229,2022-02-10,4,0.023413446857430263,105,0.1,0,0.855738943395833,0.24349847379702483,-0.6093772974944871,-2.381592541720022,-0.2939797195075333,-0.019499426234370176,-0.2936189114744536
106861,802185666,2022-02-10,4,0.023413446857430263,105,0.2,0,0.855738943395833,0.24349847379702483,-0.6093772974944871,0.5907143360886495,-0.6242057865593091,1.9205280757838956,0.0
106861,47978,2022-02-10,4,0.023413446857430263,105,0.0975609756097561,0,0.855738943395833,0.24349847379702483,-0.6093772974944871,0.5694099453436888,-0.40572994832009024,0.0925927868278249,-0.9808292530117266
106861,807147052,2022-02-10,4,0.023413446857430263,105,0.23529411764705882,0,0.855738943395833,0.24349847379702483,-0.6093772974944871,0.6795200954460618,,5.82600010738045,-4.0943445622221
106861,828337656,2022-02-10,4,0.023413446857430263,105,0.08695652173913043,0,0.855738943395833,0.24349847379702483,-0.6093772974944871,-1.7881698839346565,-0.15572475219717985,0.19682114906472847,-0.7801762615214614
106861,817600422,2022-02-10,4,0.023413446857430263,105,0.25,0,0.855738943395833,0.24349847379702483,-0.6093772974944871,0.7920210482213225,,5.666426688112432,0.0
106861,998269223,2022-02-10,4,0.023413446857430263,105,0.08695652173913043,0,0.855738943395833,0.24349847379702483,-0.6093772974944871,-1.9560287719554343,-0.30143343195973293,0.4309843855995048,0.1527130947222357
193248,1392117675,2022-02-10,4,0.021206194650178055,105,0.125,0,1.0364950160388933,0.05949329250588131,-1.0332295294052578,-0.9303866738517901,0.702543097945383,-0.7596562036365313,-0.11807010326277645
193248,300531239,2022-02-10,4,0.021206194650178055,105,0.05128205128205128,0,1.0364950160388933,0.05949329250588131,-1.0332295294052578,-0.3983655096699226,1.7124275499093222,-1.1444057238436436,-0.17279812429620467
193248,1392166028,2022-02-10,4,0.021206194650178055,105,0.12903225806451613,0,1.0364950160388933,0.05949329250588131,-1.0332295294052578,-0.6275531653652834,-1.1314143889952932,2.18670467833884,0.21113966288904962
193248,214686,2022-02-10,4,0.021206194650178055,105,0.2222222222222222,0,1.0364950160388933,0.05949329250588131,-1.0332295294052578,0.8221348689687819,,5.659482215759621,0.0
193248,1178392155,2022-02-10,4,0.021206194650178055,105,0.21052631578947367,0,1.0364950160388933,0.05949329250588131,-1.0332295294052578,0.9678254763822786,-0.8237501872207268,3.9186675481468147,0.6815729772788082
193248,267131,2022-02-10,4,0.021206194650178055,105,0.19047619047619047,0,1.0364950160388933,0.05949329250588131,-1.0332295294052578,0.39058954418492725,-0.14897182373752654,0.2707071266616481,0.7222716318390887
193248,397993501,2022-02-10,4,0.021206194650178055,105,0.0784313725490196,0,1.0364950160388933,0.05949329250588131,-1.0332295294052578,-2.3875574245427247,-0.3994238730758519,1.2890331015721213,-0.6271432458173365
193248,263678655,2022-02-10,4,0.021206194650178055,105,0.058823529411764705,0,1.0364950160388933,0.05949329250588131,-1.0332295294052578,-0.4525751490145109,0.2083428996741652,-0.8246340008099917,1.2664532881040511
193248,600923975,2022-02-10,4,0.021206194650178055,105,0.09090909090909091,0,1.0364950160388933,0.05949329250588131,-1.0332295294052578,-0.012169473185094494,0.18079864769636045,-0.05794524481542229,-1.2691690038824772
193248,2144220670,2022-02-10,4,0.021206194650178055,105,0.23529411764705882,0,1.0364950160388933,0.05949329250588131,-1.0332295294052578,0.817735116276223,,5.736572297479192,-4.07753744390572
193248,1392162219,2022-02-10,4,0.021206194650178055,105,0.23529411764705882,0,1.0364950160388933,0.05949329250588131,-1.0332295294052578,0.9411752173872854,1.3739234474038928,-0.1599325619004759,0.6931471805599453
193248,1392139747,2022-02-10,4,0.021206194650178055,105,0.10526315789473684,0,1.0364950160388933,0.05949329250588131,-1.0332295294052578,1.6002850928402215,-0.2246462088704515,0.8183103235139519,0.9133879722161931
193248,668311614,2022-02-10,4,0.021206194650178055,105,0.2222222222222222,0,1.0364950160388933,0.05949329250588131,-1.0332295294052578,0.7482819796287913,,5.703782474656201,-3.6888794541139363
193248,802185666,2022-02-10,4,0.021206194650178055,105,0.2,0,1.0364950160388933,0.05949329250588131,-1.0332295294052578,0.5907143360886495,-0.6242057865593091,1.9205280757838956,0.0
193248,804059039,2022-02-10,4,0.021206194650178055,105,0.2222222222222222,0,1.0364950160388933,0.05949329250588131,-1.0332295294052578,0.6172484244343971,0.5699913489304334,1.8458266904983311,-2.0825616690160795
193248,2142862519,2022-02-10,4,0.021206194650178055,105,0.0425531914893617,0,1.0364950160388933,0.05949329250588131,-1.0332295294052578,-4.329027246802783,-0.12565657047255385,0.1745453840734168,-0.806066979872023
193248,56260,2022-02-10,4,0.021206194650178055,105,0.006791171477079796,0,1.0364950160388933,0.05949329250588131,-1.0332295294052578,1.7867414978861154,-0.2856483828951919,0.4054651081081644,-2.833213344056216
193248,807147052,2022-02-10,4,0.021206194650178055,105,0.23529411764705882,0,1.0364950160388933,0.05949329250588131,-1.0332295294052578,0.6795200954460618,,5.82600010738045,-4.0943445622221
193248,1199730922,2022-02-10,4,0.021206194650178055,105,0.01818181818181818,0,1.0364950160388933,0.05949329250588131,-1.0332295294052578,-2.821016266417385,0.2228642394544238,-0.2138213313119781,-0.7630527671963918
193248,817600422,2022-02-10,4,0.021206194650178055,105,0.25,0,1.0364950160388933,0.05949329250588131,-1.0332295294052578,0.7920210482213225,,5.666426688112432,0.0
193248,828337656,2022-02-10,4,0.021206194650178055,105,0.08695652173913043,0,1.0364950160388933,0.05949329250588131,-1.0332295294052578,-1.7881698839346565,-0.15572475219717985,0.19682114906472847,-0.7801762615214614
193248,1392158625,2022-02-10,4,0.021206194650178055,105,0.17391304347826086,0,1.0364950160388933,0.05949329250588131,-1.0332295294052578,-0.9629886247882223,-0.670650637325976,1.1367071637207928,-1.2519368635330625
193248,1271054083,2022-02-10,4,0.021206194650178055,105,0.10526315789473684,0,1.0364950160388933,0.05949329250588131,-1.0332295294052578,-2.953776246730992,0.08797412765516821,-0.1093391311501577,-0.05797782372473215
193248,2018450532,2022-02-10,4,0.021206194650178055,105,0.03076923076923077,0,1.0364950160388933,0.05949329250588131,-1.0332295294052578,-2.6715201232455024,-0.02514746989576855,0.20060293256267947,-0.447185976990113
193248,87194,2022-02-10,4,0.021206194650178055,105,0.0975609756097561,0,1.0364950160388933,0.05949329250588131,-1.0332295294052578,1.5538715270284211,0.039670887136157074,-1.2286654169163072,1.400893160541043
193248,1277308085,2022-02-10,4,0.021206194650178055,105,0.23529411764705882,0,1.0364950160388933,0.05949329250588131,-1.0332295294052578,0.801042457658648,,5.6937321388027,0.0
193248,998269223,2022-02-10,4,0.021206194650178055,105,0.08695652173913043,0,1.0364950160388933,0.05949329250588131,-1.0332295294052578,-1.9560287719554343,-0.30143343195973293,0.4309843855995048,0.1527130947222357
193248,1009076529,2022-02-10,4,0.021206194650178055,105,0.23529411764705882,0,1.0364950160388933,0.05949329250588131,-1.0332295294052578,0.8370578002514518,,5.598421958998375,0.0
193248,1019341940,2022-02-10,4,0.021206194650178055,105,0.21052631578947367,0,1.0364950160388933,0.05949329250588131,-1.0332295294052578,0.7198213167964603,-0.95497781724031,3.9091617731471135,-1.693024628542366
193248,55497,2022-02-10,4,0.021206194650178055,105,0.1,0,1.0364950160388933,0.05949329250588131,-1.0332295294052578,1.1276743688363688,0.08410173619992034,-0.37306168405350526,-0.3483066942682158
193248,52388,2022-02-10,4,0.021206194650178055,105,0.006756756756756757,0,1.0364950160388933,0.05949329250588131,-1.0332295294052578,2.2771503218236315,1.1510476382262453,-3.506557897319982,-4.882801922586371
193248,1746521229,2022-02-10,4,0.021206194650178055,105,0.1,0,1.0364950160388933,0.05949329250588131,-1.0332295294052578,-2.381592541720022,-0.2939797195075333,-0.019499426234370176,-0.2936189114744536
193248,52300,2022-02-10,4,0.021206194650178055,105,0.09523809523809523,0,1.0364950160388933,0.05949329250588131,-1.0332295294052578,-0.5483898766215637,-1.8474679987368976,1.3160901024466414,-0.5877866649021195
193248,51573,2022-02-10,4,0.021206194650178055,105,0.006756756756756757,0,1.0364950160388933,0.05949329250588131,-1.0332295294052578,-0.2737376891103409,-2.0455545733176312,1.9810014688665833,-4.085976312551584
193248,1746143216,2022-02-10,4,0.021206194650178055,105,0.2222222222222222,0,1.0364950160388933,0.05949329250588131,-1.0332295294052578,0.780263924406414,,5.739792912179234,0.0
193248,47978,2022-02-10,4,0.021206194650178055,105,0.0975609756097561,0,1.0364950160388933,0.05949329250588131,-1.0332295294052578,0.5694099453436888,-0.40572994832009024,0.0925927868278249,-0.9808292530117266
193248,129172,2022-02-10,4,0.021206194650178055,105,0.05555555555555555,0,1.0364950160388933,0.05949329250588131,-1.0332295294052578,-0.5725126603623825,1.2206188708533052,-0.8764202768806006,0.13675686980585766
193248,46541,2022-02-10,4,0.021206194650178055,105,0.23529411764705882,0,1.0364950160388933,0.05949329250588131,-1.0332295294052578,0.8791572709879716,-1.7446698659996789,4.941642422609304,0.0
253186,2144220670,2022-02-10,3,0.013889637333620737,154,0.17647058823529413,0,1.164375062054961,0.2775846550007164,-0.789424010995365,0.817735116276223,,5.736572297479192,-4.07753744390572
253186,49403,2022-02-10,3,0.013889637333620737,154,0.6,0,1.164375062054961,0.2775846550007164,-0.789424010995365,0.9010616012570883,-0.26601536890469435,-0.7659065348423741,-0.6931471805599453
253186,48570,2022-02-10,3,0.013889637333620737,154,0.6,0,1.164375062054961,0.2775846550007164,-0.789424010995365,1.525445664001127,0.3409937643374057,-0.8131064956389249,0.4054651081081645
253186,47978,2022-02-10,3,0.013889637333620737,154,0.07317073170731707,0,1.164375062054961,0.2775846550007164,-0.789424010995365,0.5694099453436888,-0.40572994832009024,0.0925927868278249,-0.9808292530117266
253186,47921,2022-02-10,3,0.013889637333620737,154,0.5,0,1.164375062054961,0.2775846550007164,-0.789424010995365,1.1227539869545724,0.31306476062489574,-1.1614131899071403,-0.6931471805599453
253186,46541,2022-02-10,3,0.013889637333620737,154,0.17647058823529413,0,1.164375062054961,0.2775846550007164,-0.789424010995365,0.8791572709879716,-1.7446698659996789,4.941642422609304,0.0
253186,2142862519,2022-02-10,3,0.013889637333620737,154,0.031914893617021274,0,1.164375062054961,0.2775846550007164,-0.789424010995365,-4.329027246802783,-0.12565657047255385,0.1745453840734168,-0.806066979872023
253186,2080904040,2022-02-10,3,0.013889637333620737,154,0.036585365853658534,0,1.164375062054961,0.2775846550007164,-0.789424010995365,-5.385732199816076,0.024943352205315072,-0.027111938192062368,-0.21606407109470993
253186,2018450532,2022-02-10,3,0.013889637333620737,154,0.023076923076923078,0,1.164375062054961,0.2775846550007164,-0.789424010995365,-2.6715201232455024,-0.02514746989576855,0.20060293256267947,-0.447185976990113
253186,1746521229,2022-02-10,3,0.013889637333620737,154,0.075,0,1.164375062054961,0.2775846550007164,-0.789424010995365,-2.381592541720022,-0.2939797195075333,-0.019499426234370176,-0.2936189114744536
253186,1746143216,2022-02-10,3,0.013889637333620737,154,0.16666666666666666,0,1.164375062054961,0.2775846550007164,-0.789424010995365,0.780263924406414,,5.739792912179234,0.0
253186,1540869033,2022-02-10,3,0.013889637333620737,154,0.17647058823529413,0,1.164375062054961,0.2775846550007164,-0.789424010995365,0.6312094851572003,,5.720311776607412,0.0
253186,1474282524,2022-02-10,3,0.013889637333620737,154,0.17647058823529413,0,1.164375062054961,0.2775846550007164,-0.789424010995365,0.7855944558994022,,5.655991810819852,0.0
253186,1469695839,2022-02-10,3,0.013889637333620737,154,0.07142857142857142,0,1.164375062054961,0.2775846550007164,-0.789424010995365,-0.7659386906291744,-0.11484247747155796,0.3208469187181322,0.8285457440953712
253186,1392525569,2022-02-10,3,0.013889637333620737,154,0.04411764705882353,0,1.164375062054961,0.2775846550007164,-0.789424010995365,1.8656717987267768,0.034686347622175484,-0.03822121282019708,0.015504186535965303
253186,1392321470,2022-02-10,3,0.013889637333620737,154,0.15789473684210525,0,1.164375062054961,0.2775846550007164,-0.789424010995365,-1.0767078705910784,0.07630908453377594,-0.37159892273900574,1.6628511114443079
253186,1392166028,2022-02-10,3,0.013889637333620737,154,0.0967741935483871,0,1.164375062054961,0.2775846550007164,-0.789424010995365,-0.6275531653652834,-1.1314143889952932,2.18670467833884,0.21113966288904962
253186,1392162219,2022-02-10,3,0.013889637333620737,154,0.17647058823529413,0,1.164375062054961,0.2775846550007164,-0.789424010995365,0.9411752173872854,1.3739234474038928,-0.1599325619004759,0.6931471805599453
253186,1392158625,2022-02-10,3,0.013889637333620737,154,0.13043478260869565,0,1.164375062054961,0.2775846550007164,-0.789424010995365,-0.9629886247882223,-0.670650637325976,1.1367071637207928,-1.2519368635330625
253186,1392139747,2022-02-10,3,0.013889637333620737,154,0.07894736842105263,0,1.164375062054961,0.2775846550007164,-0.789424010995365,1.6002850928402215,-0.2246462088704515,0.8183103235139519,0.9133879722161931
253186,74354,2022-02-10,3,0.013889637333620737,154,0.75,0,1.164375062054961,0.2775846550007164,-0.789424010995365,1.5137217108189915,0.5266470405584847,-0.9019019944220554,-0.2876820724517808
253186,59451,2022-02-10,3,0.013889637333620737,154,0.75,0,1.164375062054961,0.2775846550007164,-0.789424010995365,1.2541707479793227,0.6433110368745436,-0.4929244134367501,-0.6931471805599453
253186,56260,2022-02-10,3,0.013889637333620737,154,0.0050933786078098476,0,1.164375062054961,0.2775846550007164,-0.789424010995365,1.7867414978861154,-0.2856483828951919,0.4054651081081644,-2.833213344056216
253186,55653,2022-02-10,3,0.013889637333620737,154,0.6,0,1.164375062054961,0.2775846550007164,-0.789424010995365,1.6501040389300605,0.7056238982721064,-0.9714571131828631,-0.2876820724517808
253186,54726,2022-02-10,3,0.013889637333620737,154,0.043478260869565216,0,1.164375062054961,0.2775846550007164,-0.789424010995365,0.5001472623831966,-2.123679874604454,2.803360380906535,3.091042453358316
253186,52388,2022-02-10,3,0.013889637333620737,154,0.005067567567567568,0,1.164375062054961,0.2775846550007164,-0.789424010995365,2.2771503218236315,1.1510476382262453,-3.506557897319982,-4.882801922586371
253186,52300,2022-02-10,3,0.013889637333620737,154,0.07142857142857142,0,1.164375062054961,0.2775846550007164,-0.789424010995365,-0.5483898766215637,-1.8474679987368976,1.3160901024466414,-0.5877866649021195
253186,51573,2022-02-10,3,0.013889637333620737,154,0.005067567567567568,0,1.164375062054961,0.2775846550007164,-0.789424010995365,-0.2737376891103409,-2.0455545733176312,1.9810014688665833,-4.085976312551584
253186,51530,2022-02-10,3,0.013889637333620737,154,0.6,0,1.164375062054961,0.2775846550007164,-0.789424010995365,1.5397371980288432,0.4349950719248079,-0.8542087379270509,0.2876820724517808
253186,50278,2022-02-10,3,0.013889637333620737,154,0.42857142857142855,0,1.164375062054961,0.2775846550007164,-0.789424010995365,1.2500420406271961,0.04006209015402984,0.06656076651833853,-0.7654678421395715
253186,50276,2022-02-10,3,0.013889637333620737,154,0.75,0,1.164375062054961,0.2775846550007164,-0.789424010995365,1.6428248844940871,0.5840127282322503,-0.8927602344639611,-0.5108256237659905
253186,1392117675,2022-02-10,3,0.013889637333620737,154,0.09375,0,1.164375062054961,0.2775846550007164,-0.789424010995365,-0.9303866738517901,0.702543097945383,-0.7596562036365313,-0.11807010326277645
253186,1392111849,2022-02-10,3,0.013889637333620737,154,0.13636363636363635,0,1.164375062054961,0.2775846550007164,-0.789424010995365,0.7000041258831879,-0.8034721592913374,0.6497850622861874,0.6805683983530857
253186,1392108845,2022-02-10,3,0.013889637333620737,154,0.0234375,0,1.164375062054961,0.2775846550007164,-0.789424010995365,-1.2107066877796675,-0.12835473654364304,0.28821477301402787,-0.5002435144354536
253186,1392108713,2022-02-10,3,0.013889637333620737,154,0.034482758620689655,0,1.164375062054961,0.2775846550007164,-0.789424010995365,-1.0549053580447019,0.134591439983484,-0.33406259690105955,-0.315608778986304
253186,1392108711,2022-02-10,3,0.013889637333620737,154,0.08823529411764706,0,1.164375062054961,0.2775846550007164,-0.789424010995365,-0.4656175504707531,-0.10706422371476271,0.10613918028739722,-0.38132614608952586
253186,1358238076,2022-02-10,3,0.013889637333620737,154,0.1111111111111111,0,1.164375062054961,0.2775846550007164,-0.789424010995365,-0.9930198502962408,0.053805850994334437,-0.259633621069959,-1.751268107873317
253186,1290926415,2022-02-10,3,0.013889637333620737,154,0.1875,0,1.164375062054961,0.2775846550007164,-0.789424010995365,0.5271127907070282,,5.908082938168931,3.912023005428146
253186,1277308085,2022-02-10,3,0.013889637333620737,154,0.17647058823529413,0,1.164375062054961,0.2775846550007164,-0.789424010995365,0.801042457658648,,5.6937321388027,0.0
207701,2144220670,2022-02-10,3,0.013889637333620737,154,0.17647058823529413,0,0.48575838632766,1.1129232018488286,-0.8912609838083201,0.817735116276223,,5.736572297479192,-4.07753744390572
207701,49403,2022-02-10,3,0.013889637333620737,154,0.6,0,0.48575838632766,1.1129232018488286,-0.8912609838083201,0.9010616012570883,-0.26601536890469435,-0.7659065348423741,-0.6931471805599453
207701,48570,2022-02-10,3,0.013889637333620737,154,0.6,0,0.48575838632766,1.1129232018488286,-0.8912609838083201,1.525445664001127,0.3409937643374057,-0.8131064956389249,0.4054651081081645
207701,47978,2022-02-10,3,0.013889637333620737,154,0.07317073170731707,0,0.48575838632766,1.1129232018488286,-0.8912609838083201,0.5694099453436888,-0.40572994832009024,0.0925927868278249,-0.9808292530117266
207701,47921,2022-02-10,3,0.013889637333620737,154,0.5,0,0.48575838632766,1.1129232018488286,-0.8912609838083201,1.1227539869545724,0.31306476062489574,-1.1614131899071403,-0.6931471805599453
207701,46541,2022-02-10,3,0.013889637333620737,154,0.17647058823529413,0,0.48575838632766,1.1129232018488286,-0.8912609838083201,0.8791572709879716,-1.7446698659996789,4.941642422609304,0.0
207701,2142862519,2022-02-10,3,0.013889637333620737,154,0.031914893617021274,0,0.48575838632766,1.1129232018488286,-0.8912609838083201,-4.329027246802783,-0.12565657047255385,0.1745453840734168,-0.806066979872023
207701,2080904040,2022-02-10,3,0.013889637333620737,154,0.036585365853658534,0,0.48575838632766,1.1129232018488286,-0.8912609838083201,-5.385732199816076,0.024943352205315072,-0.027111938192062368,-0.21606407109470993
207701,2018450532,2022-02-10,3,0.013889637333620737,154,0.023076923076923078,0,0.48575838632766,1.1129232018488286,-0.8912609838083201,-2.6715201232455024,-0.02514746989576855,0.20060293256267947,-0.447185976990113
207701,1746521229,2022-02-10,3,0.013889637333620737,154,0.075,0,0.48575838632766,1.1129232018488286,-0.8912609838083201,-2.381592541720022,-0.2939797195075333,-0.019499426234370176,-0.2936189114744536
207701,1746143216,2022-02-10,3,0.013889637333620737,154,0.16666666666666666,0,0.48575838632766,1.1129232018488286,-0.8912609838083201,0.780263924406414,,5.739792912179234,0.0
207701,1540869033,2022-02-10,3,0.013889637333620737,154,0.17647058823529413,0,0.48575838632766,1.1129232018488286,-0.8912609838083201,0.6312094851572003,,5.720311776607412,0.0
207701,1474282524,2022-02-10,3,0.013889637333620737,154,0.17647058823529413,0,0.48575838632766,1.1129232018488286,-0.8912609838083201,0.7855944558994022,,5.655991810819852,0.0
207701,1469695839,2022-02-10,3,0.013889637333620737,154,0.07142857142857142,0,0.48575838632766,1.1129232018488286,-0.8912609838083201,-0.7659386906291744,-0.11484247747155796,0.3208469187181322,0.8285457440953712
207701,1392525569,2022-02-10,3,0.013889637333620737,154,0.04411764705882353,0,0.48575838632766,1.1129232018488286,-0.8912609838083201,1.8656717987267768,0.034686347622175484,-0.03822121282019708,0.015504186535965303
207701,1392321470,2022-02-10,3,0.013889637333620737,154,0.15789473684210525,0,0.48575838632766,1.1129232018488286,-0.8912609838083201,-1.0767078705910784,0.07630908453377594,-0.37159892273900574,1.6628511114443079
207701,1392166028,2022-02-10,3,0.013889637333620737,154,0.0967741935483871,0,0.48575838632766,1.1129232018488286,-0.8912609838083201,-0.6275531653652834,-1.1314143889952932,2.18670467833884,0.21113966288904962
207701,1392162219,2022-02-10,3,0.013889637333620737,154,0.17647058823529413,0,0.48575838632766,1.1129232018488286,-0.8912609838083201,0.9411752173872854,1.3739234474038928,-0.1599325619004759,0.6931471805599453
207701,1392158625,2022-02-10,3,0.013889637333620737,154,0.13043478260869565,0,0.48575838632766,1.1129232018488286,-0.8912609838083201,-0.9629886247882223,-0.670650637325976,1.1367071637207928,-1.2519368635330625
207701,1392139747,2022-02-10,3,0.013889637333620737,154,0.07894736842105263,0,0.48575838632766,1.1129232018488286,-0.8912609838083201,1.6002850928402215,-0.2246462088704515,0.8183103235139519,0.9133879722161931
207701,74354,2022-02-10,3,0.013889637333620737,154,0.75,0,0.48575838632766,1.1129232018488286,-0.8912609838083201,1.5137217108189915,0.5266470405584847,-0.9019019944220554,-0.2876820724517808
207701,59451,2022-02-10,3,0.013889637333620737,154,0.75,0,0.48575838632766,1.1129232018488286,-0.8912609838083201,1.2541707479793227,0.6433110368745436,-0.4929244134367501,-0.6931471805599453
207701,56260,2022-02-10,3,0.013889637333620737,154,0.0050933786078098476,0,0.48575838632766,1.1129232018488286,-0.8912609838083201,1.7867414978861154,-0.2856483828951919,0.4054651081081644,-2.833213344056216
207701,55653,2022-02-10,3,0.013889637333620737,154,0.6,0,0.48575838632766,1.1129232018488286,-0.8912609838083201,1.6501040389300605,0.7056238982721064,-0.9714571131828631,-0.2876820724517808
207701,54726,2022-02-10,3,0.013889637333620737,154,0.043478260869565216,0,0.48575838632766,1.1129232018488286,-0.8912609838083201,0.5001472623831966,-2.123679874604454,2.803360380906535,3.091042453358316
207701,52388,2022-02-10,3,0.013889637333620737,154,0.005067567567567568,0,0.48575838632766,1.1129232018488286,-0.8912609838083201,2.2771503218236315,1.1510476382262453,-3.506557897319982,-4.882801922586371
207701,52300,2022-02-10,3,0.013889637333620737,154,0.07142857142857142,0,0.48575838632766,1.1129232018488286,-0.8912609838083201,-0.5483898766215637,-1.8474679987368976,1.3160901024466414,-0.5877866649021195
207701,51573,2022-02-10,3,0.013889637333620737,154,0.005067567567567568,0,0.48575838632766,1.1129232018488286,-0.8912609838083201,-0.2737376891103409,-2.0455545733176312,1.9810014688665833,-4.085976312551584
207701,51530,2022-02-10,3,0.013889637333620737,154,0.6,0,0.48575838632766,1.1129232018488286,-0.8912609838083201,1.5397371980288432,0.4349950719248079,-0.8542087379270509,0.2876820724517808
207701,50278,2022-02-10,3,0.013889637333620737,154,0.42857142857142855,0,0.48575838632766,1.1129232018488286,-0.8912609838083201,1.2500420406271961,0.04006209015402984,0.06656076651833853,-0.7654678421395715
207701,50276,2022-02-10,3,0.013889637333620737,154,0.75,0,0.48575838632766,1.1129232018488286,-0.8912609838083201,1.6428248844940871,0.5840127282322503,-0.8927602344639611,-0.5108256237659905
207701,1392117675,2022-02-10,3,0.013889637333620737,154,0.09375,0,0.48575838632766,1.1129232018488286,-0.8912609838083201,-0.9303866738517901,0.702543097945383,-0.7596562036365313,-0.11807010326277645
207701,1392111849,2022-02-10,3,0.013889637333620737,154,0.13636363636363635,0,0.48575838632766,1.1129232018488286,-0.8912609838083201,0.7000041258831879,-0.8034721592913374,0.6497850622861874,0.6805683983530857
207701,1392108845,2022-02-10,3,0.013889637333620737,154,0.0234375,0,0.48575838632766,1.1129232018488286,-0.8912609838083201,-1.2107066877796675,-0.12835473654364304,0.28821477301402787,-0.5002435144354536
207701,1392108713,2022-02-10,3,0.013889637333620737,154,0.034482758620689655,0,0.48575838632766,1.1129232018488286,-0.8912609838083201,-1.0549053580447019,0.134591439983484,-0.33406259690105955,-0.315608778986304
207701,1392108711,2022-02-10,3,0.013889637333620737,154,0.08823529411764706,0,0.48575838632766,1.1129232018488286,-0.8912609838083201,-0.4656175504707531,-0.10706422371476271,0.10613918028739722,-0.38132614608952586
207701,1358238076,2022-02-10,3,0.013889637333620737,154,0.1111111111111111,0,0.48575838632766,1.1129232018488286,-0.8912609838083201,-0.9930198502962408,0.053805850994334437,-0.259633621069959,-1.751268107873317
207701,1290926415,2022-02-10,3,0.013889637333620737,154,0.1875,0,0.48575838632766,1.1129232018488286,-0.8912609838083201,0.5271127907070282,,5.908082938168931,3.912023005428146
207701,1277308085,2022-02-10,3,0.013889637333620737,154,0.17647058823529413,0,0.48575838632766,1.1129232018488286,-0.8912609838083201,0.801042457658648,,5.6937321388027,0.0
111114,2144220670,2022-02-10,3,0.013889637333620737,154,0.15789473684210525,0,0.8474796725026542,0.3184048591493428,-0.6685759198294399,0.817735116276223,,5.736572297479192,-4.07753744390572
111114,49403,2022-02-10,3,0.013889637333620737,154,0.42857142857142855,0,0.8474796725026542,0.3184048591493428,-0.6685759198294399,0.9010616012570883,-0.26601536890469435,-0.7659065348423741,-0.6931471805599453
111114,48570,2022-02-10,3,0.013889637333620737,154,0.5,0,0.8474796725026542,0.3184048591493428,-0.6685759198294399,1.525445664001127,0.3409937643374057,-0.8131064956389249,0.4054651081081645
111114,47978,2022-02-10,3,0.013889637333620737,154,0.07142857142857142,0,0.8474796725026542,0.3184048591493428,-0.6685759198294399,0.5694099453436888,-0.40572994832009024,0.0925927868278249,-0.9808292530117266
111114,47921,2022-02-10,3,0.013889637333620737,154,0.375,0,0.8474796725026542,0.3184048591493428,-0.6685759198294399,1.1227539869545724,0.31306476062489574,-1.1614131899071403,-0.6931471805599453
111114,46541,2022-02-10,3,0.013889637333620737,154,0.15789473684210525,0,0.8474796725026542,0.3184048591493428,-0.6685759198294399,0.8791572709879716,-1.7446698659996789,4.941642422609304,0.0
111114,2142862519,2022-02-10,3,0.013889637333620737,154,0.031914893617021274,0,0.8474796725026542,0.3184048591493428,-0.6685759198294399,-4.329027246802783,-0.12565657047255385,0.1745453840734168,-0.806066979872023
111114,2080904040,2022-02-10,3,0.013889637333620737,154,0.036585365853658534,0,0.8474796725026542,0.3184048591493428,-0.6685759198294399,-5.385732199816076,0.024943352205315072,-0.027111938192062368,-0.21606407109470993
111114,2018450532,2022-02-10,3,0.013889637333620737,154,0.023076923076923078,0,0.8474796725026542,0.3184048591493428,-0.6685759198294399,-2.6715201232455024,-0.02514746989576855,0.20060293256267947,-0.447185976990113
111114,1746521229,2022-02-10,3,0.013889637333620737,154,0.075,0,0.8474796725026542,0.3184048591493428,-0.6685759198294399,-2.381592541720022,-0.2939797195075333,-0.019499426234370176,-0.2936189114744536
111114,1746143216,2022-02-10,3,0.013889637333620737,154,0.15,0,0.8474796725026542,0.3184048591493428,-0.6685759198294399,0.780263924406414,,5.739792912179234,0.0
111114,1540869033,2022-02-10,3,0.013889637333620737,154,0.15789473684210525,0,0.8474796725026542,0.3184048591493428,-0.6685759198294399,0.6312094851572003,,5.720311776607412,0.0
111114,1474282524,2022-02-10,3,0.013889637333620737,154,0.15789473684210525,0,0.8474796725026542,0.3184048591493428,-0.6685759198294399,0.7855944558994022,,5.655991810819852,0.0
111114,1469695839,2022-02-10,3,0.013889637333620737,154,0.07142857142857142,0,0.8474796725026542,0.3184048591493428,-0.6685759198294399,-0.7659386906291744,-0.11484247747155796,0.3208469187181322,0.8285457440953712
111114,1392525569,2022-02-10,3,0.013889637333620737,154,0.04411764705882353,0,0.8474796725026542,0.3184048591493428,-0.6685759198294399,1.8656717987267768,0.034686347622175484,-0.03822121282019708,0.015504186535965303
111114,1392321470,2022-02-10,3,0.013889637333620737,154,0.14285714285714285,0,0.8474796725026542,0.3184048591493428,-0.6685759198294399,-1.0767078705910784,0.07630908453377594,-0.37159892273900574,1.6628511114443079
111114,1392166028,2022-02-10,3,0.013889637333620737,154,0.09375,0,0.8474796725026542,0.3184048591493428,-0.6685759198294399,-0.6275531653652834,-1.1314143889952932,2.18670467833884,0.21113966288904962
111114,1392162219,2022-02-10,3,0.013889637333620737,154,0.15789473684210525,0,0.8474796725026542,0.3184048591493428,-0.6685759198294399,0.9411752173872854,1.3739234474038928,-0.1599325619004759,0.6931471805599453
111114,1392158625,2022-02-10,3,0.013889637333620737,154,0.125,0,0.8474796725026542,0.3184048591493428,-0.6685759198294399,-0.9629886247882223,-0.670650637325976,1.1367071637207928,-1.2519368635330625
111114,1392139747,2022-02-10,3,0.013889637333620737,154,0.075,0,0.8474796725026542,0.3184048591493428,-0.6685759198294399,1.6002850928402215,-0.2246462088704515,0.8183103235139519,0.9133879722161931
111114,74354,2022-02-10,3,0.013889637333620737,154,0.5,0,0.8474796725026542,0.3184048591493428,-0.6685759198294399,1.5137217108189915,0.5266470405584847,-0.9019019944220554,-0.2876820724517808
111114,59451,2022-02-10,3,0.013889637333620737,154,0.5,0,0.8474796725026542,0.3184048591493428,-0.6685759198294399,1.2541707479793227,0.6433110368745436,-0.4929244134367501,-0.6931471805599453
111114,56260,2022-02-10,3,0.013889637333620737,154,0.005084745762711864,0,0.8474796725026542,0.3184048591493428,-0.6685759198294399,1.7867414978861154,-0.2856483828951919,0.4054651081081644,-2.833213344056216
111114,55653,2022-02-10,3,0.013889637333620737,154,0.42857142857142855,0,0.8474796725026542,0.3184048591493428,-0.6685759198294399,1.6501040389300605,0.7056238982721064,-0.9714571131828631,-0.2876820724517808
111114,54726,2022-02-10,3,0.013889637333620737,154,0.043478260869565216,0,0.8474796725026542,0.3184048591493428,-0.6685759198294399,0.5001472623831966,-2.123679874604454,2.803360380906535,3.091042453358316
111114,52388,2022-02-10,3,0.013889637333620737,154,0.00505902192242833,0,0.8474796725026542,0.3184048591493428,-0.6685759198294399,2.2771503218236315,1.1510476382262453,-3.506557897319982,-4.882801922586371
111114,52300,2022-02-10,3,0.013889637333620737,154,0.06976744186046512,0,0.8474796725026542,0.3184048591493428,-0.6685759198294399,-0.5483898766215637,-1.8474679987368976,1.3160901024466414,-0.5877866649021195
111114,51573,2022-02-10,3,0.013889637333620737,154,0.00505902192242833,0,0.8474796725026542,0.3184048591493428,-0.6685759198294399,-0.2737376891103409,-2.0455545733176312,1.9810014688665833,-4.085976312551584
111114,51530,2022-02-10,3,0.013889637333620737,154,0.42857142857142855,0,0.8474796725026542,0.3184048591493428,-0.6685759198294399,1.5397371980288432,0.4349950719248079,-0.8542087379270509,0.2876820724517808
111114,50278,2022-02-10,3,0.013889637333620737,154,0.375,0,0.8474796725026542,0.3184048591493428,-0.6685759198294399,1.2500420406271961,0.04006209015402984,0.06656076651833853,-0.7654678421395715
111114,50276,2022-02-10,3,0.013889637333620737,154,0.5,0,0.8474796725026542,0.3184048591493428,-0.6685759198294399,1.6428248844940871,0.5840127282322503,-0.8927602344639611,-0.5108256237659905
111114,1392117675,2022-02-10,3,0.013889637333620737,154,0.09375,0,0.8474796725026542,0.3184048591493428,-0.6685759198294399,-0.9303866738517901,0.702543097945383,-0.7596562036365313,-0.11807010326277645
111114,1392111849,2022-02-10,3,0.013889637333620737,154,0.13043478260869565,0,0.8474796725026542,0.3184048591493428,-0.6685759198294399,0.7000041258831879,-0.8034721592913374,0.6497850622861874,0.6805683983530857
111114,1392108845,2022-02-10,3,0.013889637333620737,154,0.0234375,0,0.8474796725026542,0.3184048591493428,-0.6685759198294399,-1.2107066877796675,-0.12835473654364304,0.28821477301402787,-0.5002435144354536
111114,1392108713,2022-02-10,3,0.013889637333620737,154,0.034482758620689655,0,0.8474796725026542,0.3184048591493428,-0.6685759198294399,-1.0549053580447019,0.134591439983484,-0.33406259690105955,-0.315608778986304
111114,1392108711,2022-02-10,3,0.013889637333620737,154,0.08823529411764706,0,0.8474796725026542,0.3184048591493428,-0.6685759198294399,-0.4656175504707531,-0.10706422371476271,0.10613918028739722,-0.38132614608952586
111114,1358238076,2022-02-10,3,0.013889637333620737,154,0.1111111111111111,0,0.8474796725026542,0.3184048591493428,-0.6685759198294399,-0.9930198502962408,0.053805850994334437,-0.259633621069959,-1.751268107873317
111114,1290926415,2022-02-10,3,0.013889637333620737,154,0.16666666666666666,0,0.8474796725026542,0.3184048591493428,-0.6685759198294399,0.5271127907070282,,5.908082938168931,3.912023005428146
111114,1277308085,2022-02-10,3,0.013889637333620737,154,0.15789473684210525,0,0.8474796725026542,0.3184048591493428,-0.6685759198294399,0.801042457658648,,5.6937321388027,0.0
318701,2144220670,2022-02-10,2,0.007396130840114243,241,0.11764705882352941,0,1.0812073982241939,0.1645657719270195,-0.7142005897577777,0.817735116276223,,5.736572297479192,-4.07753744390572
318701,2142864304,2022-02-10,2,0.007396130840114243,241,0.028169014084507043,0,1.0812073982241939,0.1645657719270195,-0.7142005897577777,-2.07197797763963,-0.1281010754280918,0.23775891374519276,-0.0536608277211883
318701,49403,2022-02-10,2,0.007396130840114243,241,0.4,0,1.0812073982241939,0.1645657719270195,-0.7142005897577777,0.9010616012570883,-0.26601536890469435,-0.7659065348423741,-0.6931471805599453
318701,48570,2022-02-10,2,0.007396130840114243,241,0.4,0,1.0812073982241939,0.1645657719270195,-0.7142005897577777,1.525445664001127,0.3409937643374057,-0.8131064956389249,0.4054651081081645
318701,48300,2022-02-10,2,0.007396130840114243,241,0.05405405405405406,0,1.0812073982241939,0.1645657719270195,-0.7142005897577777,1.5302745323361973,1.734687289074244,-2.0629449617063447,-2.386466576974748
318701,47978,2022-02-10,2,0.007396130840114243,241,0.04878048780487805,0,1.0812073982241939,0.1645657719270195,-0.7142005897577777,0.5694099453436888,-0.40572994832009024,0.0925927868278249,-0.9808292530117266
318701,47921,2022-02-10,2,0.007396130840114243,241,0.3333333333333333,0,1.0812073982241939,0.1645657719270195,-0.7142005897577777,1.1227539869545724,0.31306476062489574,-1.1614131899071403,-0.6931471805599453
318701,46541,2022-02-10,2,0.007396130840114243,241,0.11764705882352941,0,1.0812073982241939,0.1645657719270195,-0.7142005897577777,0.8791572709879716,-1.7446698659996789,4.941642422609304,0.0
318701,2142862519,2022-02-10,2,0.007396130840114243,241,0.02127659574468085,0,1.0812073982241939,0.1645657719270195,-0.7142005897577777,-4.329027246802783,-0.12565657047255385,0.1745453840734168,-0.806066979872023
318701,2116182225,2022-02-10,2,0.007396130840114243,241,0.038461538461538464,0,1.0812073982241939,0.1645657719270195,-0.7142005897577777,-2.1020370472773036,-0.12347127436580707,0.17096595072739795,0.06814398473940564
318701,2080904040,2022-02-10,2,0.007396130840114243,241,0.024390243902439025,0,1.0812073982241939,0.1645657719270195,-0.7142005897577777,-5.385732199816076,0.024943352205315072,-0.027111938192062368,-0.21606407109470993
318701,2018450532,2022-02-10,2,0.007396130840114243,241,0.015384615384615385,0,1.0812073982241939,0.1645657719270195,-0.7142005897577777,-2.6715201232455024,-0.02514746989576855,0.20060293256267947,-0.447185976990113
318701,2004429834,2022-02-10,2,0.007396130840114243,241,0.03508771929824561,0,1.0812073982241939,0.1645657719270195,-0.7142005897577777,-3.4401387033418547,-0.027451874124654996,0.025995015257448628,-0.1509757221876864
318701,1868462368,2022-02-10,2,0.007396130840114243,241,0.16666666666666666,0,1.0812073982241939,0.1645657719270195,-0.7142005897577777,0.9809005920545878,-0.22834105890273915,0.5193002507569631,-0.2662679779479644
318701,1769772275,2022-02-10,2,0.007396130840114243,241,0.021505376344086023,0,1.0812073982241939,0.1645657719270195,-0.7142005897577777,2.082952852359916,,2.3978952727983707,-0.3175350356014617
318701,1746521229,2022-02-10,2,0.007396130840114243,241,0.05,0,1.0812073982241939,0.1645657719270195,-0.7142005897577777,-2.381592541720022,-0.2939797195075333,-0.019499426234370176,-0.2936189114744536
318701,74354,2022-02-10,2,0.007396130840114243,241,0.5,0,1.0812073982241939,0.1645657719270195,-0.7142005897577777,1.5137217108189915,0.5266470405584847,-0.9019019944220554,-0.2876820724517808
318701,67700,2022-02-10,2,0.007396130840114243,241,0.04878048780487805,0,1.0812073982241939,0.1645657719270195,-0.7142005897577777,0.6108071896359535,-0.5091230544002037,-0.27115277050056985,2.9813435361018916
318701,59451,2022-02-10,2,0.007396130840114243,241,0.5,0,1.0812073982241939,0.1645657719270195,-0.7142005897577777,1.2541707479793227,0.6433110368745436,-0.4929244134367501,-0.6931471805599453
318701,56554,2022-02-10,2,0.007396130840114243,241,0.06451612903225806,0,1.0812073982241939,0.1645657719270195,-0.7142005897577777,-0.13507877049669229,0.3673129354200081,-0.9688530619650102,-0.1173698978690565
318701,56260,2022-02-10,2,0.007396130840114243,241,0.003395585738539898,0,1.0812073982241939,0.1645657719270195,-0.7142005897577777,1.7867414978861154,-0.2856483828951919,0.4054651081081644,-2.833213344056216
318701,55653,2022-02-10,2,0.007396130840114243,241,0.4,0,1.0812073982241939,0.1645657719270195,-0.7142005897577777,1.6501040389300605,0.7056238982721064,-0.9714571131828631,-0.2876820724517808
318701,54726,2022-02-10,2,0.007396130840114243,241,0.028985507246376812,0,1.0812073982241939,0.1645657719270195,-0.7142005897577777,0.5001472623831966,-2.123679874604454,2.803360380906535,3.091042453358316
318701,52388,2022-02-10,2,0.007396130840114243,241,0.0033783783783783786,0,1.0812073982241939,0.1645657719270195,-0.7142005897577777,2.2771503218236315,1.1510476382262453,-3.506557897319982,-4.882801922586371
318701,52300,2022-02-10,2,0.007396130840114243,241,0.047619047619047616,0,1.0812073982241939,0.1645657719270195,-0.7142005897577777,-0.5483898766215637,-1.8474679987368976,1.3160901024466414,-0.5877866649021195
318701,51573,2022-02-10,2,0.007396130840114243,241,0.0033783783783783786,0,1.0812073982241939,0.1645657719270195,-0.7142005897577777,-0.2737376891103409,-2.0455545733176312,1.9810014688665833,-4.085976312551584
318701,51530,2022-02-10,2,0.007396130840114243,241,0.4,0,1.0812073982241939,0.1645657719270195,-0.7142005897577777,1.5397371980288432,0.4349950719248079,-0.8542087379270509,0.2876820724517808
318701,50278,2022-02-10,2,0.007396130840114243,241,0.2857142857142857,0,1.0812073982241939,0.1645657719270195,-0.7142005897577777,1.2500420406271961,0.04006209015402984,0.06656076651833853,-0.7654678421395715
318701,50276,2022-02-10,2,0.007396130840114243,241,0.5,0,1.0812073982241939,0.1645657719270195,-0.7142005897577777,1.6428248844940871,0.5840127282322503,-0.8927602344639611,-0.5108256237659905
318701,1746143216,2022-02-10,2,0.007396130840114243,241,0.1111111111111111,0,1.0812073982241939,0.1645657719270195,-0.7142005897577777,0.780263924406414,,5.739792912179234,0.0
318701,1540869033,2022-02-10,2,0.007396130840114243,241,0.11764705882352941,0,1.0812073982241939,0.1645657719270195,-0.7142005897577777,0.6312094851572003,,5.720311776607412,0.0
318701,1482563072,2022-02-10,2,0.007396130840114243,241,0.058823529411764705,0,1.0812073982241939,0.1645657719270195,-0.7142005897577777,1.5321890148017325,,4.553876891600541,-0.4618180446592959
318701,1474282524,2022-02-10,2,0.007396130840114243,241,0.11764705882352941,0,1.0812073982241939,0.1645657719270195,-0.7142005897577777,0.7855944558994022,,5.655991810819852,0.0
318701,1469695839,2022-02-10,2,0.007396130840114243,241,0.047619047619047616,0,1.0812073982241939,0.1645657719270195,-0.7142005897577777,-0.7659386906291744,-0.11484247747155796,0.3208469187181322,0.8285457440953712
318701,1395542724,2022-02-10,2,0.007396130840114243,241,0.022988505747126436,0,1.0812073982241939,0.1645657719270195,-0.7142005897577777,-2.8292368092701183,-0.8897364480820107,0.9416112434708772,0.6654085589491405
318701,1392525569,2022-02-10,2,0.007396130840114243,241,0.029411764705882353,0,1.0812073982241939,0.1645657719270195,-0.7142005897577777,1.8656717987267768,0.034686347622175484,-0.03822121282019708,0.015504186535965303
318701,1392321470,2022-02-10,2,0.007396130840114243,241,0.10526315789473684,0,1.0812073982241939,0.1645657719270195,-0.7142005897577777,-1.0767078705910784,0.07630908453377594,-0.37159892273900574,1.6628511114443079
318701,1392166028,2022-02-10,2,0.007396130840114243,241,0.06451612903225806,0,1.0812073982241939,0.1645657719270195,-0.7142005897577777,-0.6275531653652834,-1.1314143889952932,2.18670467833884,0.21113966288904962
187441,41597,2022-02-10,1,0.004149377593360996,241,0.02564102564102564,0,0.9895891360198394,0.36568925361904947,-0.7295148247308196,1.0478408700951982,-0.3753750129754396,0.48884671704721505,1.0169342576538423
187441,41731,2022-02-10,1,0.004149377593360996,241,0.3333333333333333,0,0.9895891360198394,0.36568925361904947,-0.7295148247308196,1.4762640644397302,0.3609244833723875,-0.9387635877262133,-0.4054651081081645
187441,43261,2022-02-10,1,0.004149377593360996,241,0.0625,0,0.9895891360198394,0.36568925361904947,-0.7295148247308196,2.3000552688626255,0.04650476105820145,-0.03390155167568132,0.3272129112084161
187441,43575,2022-02-10,1,0.004149377593360996,241,0.1,0,0.9895891360198394,0.36568925361904947,-0.7295148247308196,1.2432087262193983,0.025549396614827247,-0.2027535956111608,-0.10848064299406968
187441,44680,2022-02-10,1,0.004149377593360996,241,0.001718213058419244,0,0.9895891360198394,0.36568925361904947,-0.7295148247308196,-1.863033420916099,,6.5638555265321274,-4.983606621708336
187441,44764,2022-02-10,1,0.004149377593360996,241,0.02631578947368421,0,0.9895891360198394,0.36568925361904947,-0.7295148247308196,-0.30080262877664893,-1.4416538344786463,-0.01652930195121094,0.801781021562741
187441,46541,2022-02-10,1,0.004149377593360996,241,0.058823529411764705,0,0.9895891360198394,0.36568925361904947,-0.7295148247308196,0.8791572709879716,-1.7446698659996789,4.941642422609304,0.0
187441,47921,2022-02-10,1,0.004149377593360996,241,0.16666666666666666,0,0.9895891360198394,0.36568925361904947,-0.7295148247308196,1.1227539869545724,0.31306476062489574,-1.1614131899071403,-0.6931471805599453
187441,47978,2022-02-10,1,0.004149377593360996,241,0.024390243902439025,0,0.9895891360198394,0.36568925361904947,-0.7295148247308196,0.5694099453436888,-0.40572994832009024,0.0925927868278249,-0.9808292530117266
187441,48300,2022-02-10,1,0.004149377593360996,241,0.02702702702702703,0,0.9895891360198394,0.36568925361904947,-0.7295148247308196,1.5302745323361973,1.734687289074244,-2.0629449617063447,-2.386466576974748
187441,48473,2022-02-10,1,0.004149377593360996,241,0.02702702702702703,0,0.9895891360198394,0.36568925361904947,-0.7295148247308196,1.2200109230701994,-0.20923465431282406,0.4187103348581851,-1.897119984885881
187441,48570,2022-02-10,1,0.004149377593360996,241,0.2,0,0.9895891360198394,0.36568925361904947,-0.7295148247308196,1.525445664001127,0.3409937643374057,-0.8131064956389249,0.4054651081081645
187441,49403,2022-02-10,1,0.004149377593360996,241,0.2,0,0.9895891360198394,0.36568925361904947,-0.7295148247308196,0.9010616012570883,-0.26601536890469435,-0.7659065348423741,-0.6931471805599453
187441,49486,2022-02-10,1,0.004149377593360996,241,0.3333333333333333,0,0.9895891360198394,0.36568925361904947,-0.7295148247308196,-0.9901951607043793,0.8616875120396781,-1.1373983137032662,0.0
187441,50276,2022-02-10,1,0.004149377593360996,241,0.25,0,0.9895891360198394,0.36568925361904947,-0.7295148247308196,1.6428248844940871,0.5840127282322503,-0.8927602344639611,-0.5108256237659905
187441,50278,2022-02-10,1,0.004149377593360996,241,0.14285714285714285,0,0.9895891360198394,0.36568925361904947,-0.7295148247308196,1.2500420406271961,0.04006209015402984,0.06656076651833853,-0.7654678421395715
187441,50942,2022-02-10,1,0.004149377593360996,241,0.02702702702702703,0,0.9895891360198394,0.36568925361904947,-0.7295148247308196,0.8677743670520074,-1.217788033326443,3.725693427236653,2.181224235989778
187441,51530,2022-02-10,1,0.004149377593360996,241,0.2,0,0.9895891360198394,0.36568925361904947,-0.7295148247308196,1.5397371980288432,0.4349950719248079,-0.8542087379270509,0.2876820724517808
187441,51573,2022-02-10,1,0.004149377593360996,241,0.0016891891891891893,0,0.9895891360198394,0.36568925361904947,-0.7295148247308196,-0.2737376891103409,-2.0455545733176312,1.9810014688665833,-4.085976312551584
187441,52161,2022-02-10,1,0.004149377593360996,241,0.02702702702702703,0,0.9895891360198394,0.36568925361904947,-0.7295148247308196,2.6238271369876505,1.312834229748511,-3.828641396489095,-1.4328143767547838
187441,52300,2022-02-10,1,0.004149377593360996,241,0.023809523809523808,0,0.9895891360198394,0.36568925361904947,-0.7295148247308196,-0.5483898766215637,-1.8474679987368976,1.3160901024466414,-0.5877866649021195
187441,52388,2022-02-10,1,0.004149377593360996,241,0.0016891891891891893,0,0.9895891360198394,0.36568925361904947,-0.7295148247308196,2.2771503218236315,1.1510476382262453,-3.506557897319982,-4.882801922586371
187441,54726,2022-02-10,1,0.004149377593360996,241,0.014492753623188406,0,0.9895891360198394,0.36568925361904947,-0.7295148247308196,0.5001472623831966,-2.123679874604454,2.803360380906535,3.091042453358316
187441,55497,2022-02-10,1,0.004149377593360996,241,0.025,0,0.9895891360198394,0.36568925361904947,-0.7295148247308196,1.1276743688363688,0.08410173619992034,-0.37306168405350526,-0.3483066942682158
187441,55653,2022-02-10,1,0.004149377593360996,241,0.2,0,0.9895891360198394,0.36568925361904947,-0.7295148247308196,1.6501040389300605,0.7056238982721064,-0.9714571131828631,-0.2876820724517808
187441,56260,2022-02-10,1,0.004149377593360996,241,0.001697792869269949,0,0.9895891360198394,0.36568925361904947,-0.7295148247308196,1.7867414978861154,-0.2856483828951919,0.4054651081081644,-2.833213344056216
187441,56554,2022-02-10,1,0.004149377593360996,241,0.03225806451612903,0,0.9895891360198394,0.36568925361904947,-0.7295148247308196,-0.13507877049669229,0.3673129354200081,-0.9688530619650102,-0.1173698978690565
187441,59451,2022-02-10,1,0.004149377593360996,241,0.25,0,0.9895891360198394,0.36568925361904947,-0.7295148247308196,1.2541707479793227,0.6433110368745436,-0.4929244134367501,-0.6931471805599453
187441,64144,2022-02-10,1,0.004149377593360996,241,0.024390243902439025,0,0.9895891360198394,0.36568925361904947,-0.7295148247308196,1.0793904185597027,-0.013134290315511166,0.031951599806602005,0.7687845947655649
187441,67700,2022-02-10,1,0.004149377593360996,241,0.024390243902439025,0,0.9895891360198394,0.36568925361904947,-0.7295148247308196,0.6108071896359535,-0.5091230544002037,-0.27115277050056985,2.9813435361018916
187441,74354,2022-02-10,1,0.004149377593360996,241,0.25,0,0.9895891360198394,0.36568925361904947,-0.7295148247308196,1.5137217108189915,0.5266470405584847,-0.9019019944220554,-0.2876820724517808
187441,77331,2022-02-10,1,0.004149377593360996,241,0.25,0,0.9895891360198394,0.36568925361904947,-0.7295148247308196,1.4509106457121934,0.29962780145173484,-0.8829037158414179,-0.6931471805599453
187441,77334,2022-02-10,1,0.004149377593360996,241,0.25,0,0.9895891360198394,0.36568925361904947,-0.7295148247308196,0.956124570986343,-0.12755414915994867,-0.6457449416653613,-1.0986122886681098
141177,49403,2022-02-11,4,0.025937830104705073,83,0.8,0,0.6124320935918972,1.0278924774813296,-0.9509762898620453,0.9792890132293914,0.0020739483844388618,-1.180625440328945,-0.6931471805599453
141177,47921,2022-02-11,4,0.025937830104705073,83,0.6666666666666666,0,0.6124320935918972,1.0278924774813296,-0.9509762898620453,1.0886178747178163,0.4682159544302287,-1.3697650591686799,-0.6931471805599453
141177,47978,2022-02-11,4,0.025937830104705073,83,0.0975609756097561,0,0.6124320935918972,1.0278924774813296,-0.9509762898620453,0.49882029926937993,-0.47631959439439914,0.38536392878707737,-1.729239112246721
141177,52388,2022-02-11,4,0.025937830104705073,83,0.006756756756756757,0,0.6124320935918972,1.0278924774813296,-0.9509762898620453,2.2771503218236315,1.1510476382262453,-3.506557897319982,-4.882801922586371
141177,56260,2022-02-11,4,0.025937830104705073,83,0.006791171477079796,0,0.6124320935918972,1.0278924774813296,-0.9509762898620453,1.7867414978861154,-0.2856483828951919,0.4054651081081644,-2.833213344056216
141177,51573,2022-02-11,4,0.025937830104705073,83,0.006756756756756757,0,0.6124320935918972,1.0278924774813296,-0.9509762898620453,-0.2737376891103409,-2.0455545733176312,1.9810014688665833,-4.085976312551584
141177,52300,2022-02-11,4,0.025937830104705073,83,0.09523809523809523,0,0.6124320935918972,1.0278924774813296,-0.9509762898620453,-0.5483898766215637,-1.7630255270217612,1.3505762785178108,0.08338160893905133
141177,136480,2022-02-11,4,0.025937830104705073,83,0.05128205128205128,0,0.6124320935918972,1.0278924774813296,-0.9509762898620453,-3.9082135714490707,-1.364080568740452,1.2670047372393576,-0.03196453350248696
141177,2080904040,2022-02-11,4,0.025937830104705073,83,0.04878048780487805,0,0.6124320935918972,1.0278924774813296,-0.9509762898620453,-5.377383712349279,0.04405264621243887,-0.0461082768315908,-0.27599094711324135
141177,2018450532,2022-02-11,4,0.025937830104705073,83,0.03076923076923077,0,0.6124320935918972,1.0278924774813296,-0.9509762898620453,-2.6969642049439426,-0.17836471229532957,0.28808717677168083,-0.04479772988194597
141177,2142862519,2022-02-11,4,0.025937830104705073,83,0.0425531914893617,0,0.6124320935918972,1.0278924774813296,-0.9509762898620453,-4.259052138833938,-0.04329694085105906,0.07791967171534608,-0.8601530443342398
141177,129172,2022-02-11,4,0.025937830104705073,83,0.05555555555555555,0,0.6124320935918972,1.0278924774813296,-0.9509762898620453,-0.5643266383568463,1.2519653277266025,-0.8878811461801179,-0.14344658421131307
141177,328464,2022-02-11,4,0.025937830104705073,83,0.8,0,0.6124320935918972,1.0278924774813296,-0.9509762898620453,0.9699956138677812,0.35307072430665265,-1.2254790095468993,-0.6931471805599453
141177,1392108713,2022-02-11,4,0.025937830104705073,83,0.04597701149425287,0,0.6124320935918972,1.0278924774813296,-0.9509762898620453,-1.0006494558704175,0.22504027399643345,-0.4301806338088987,-0.30850726256660366
141177,1392108711,2022-02-11,4,0.025937830104705073,83,0.11764705882352941,0,0.6124320935918972,1.0278924774813296,-0.9509762898620453,-0.4418612769392852,-0.1142526211678907,0.12177505692592128,-0.34672172846602045
141177,1199730922,2022-02-11,4,0.025937830104705073,83,0.01818181818181818,0,0.6124320935918972,1.0278924774813296,-0.9509762898620453,-2.877095802193743,0.1271177398180643,-0.12390656772357644,-1.139781402104873
141177,44680,2022-02-11,4,0.025937830104705073,83,0.006872852233676976,0,0.6124320935918972,1.0278924774813296,-0.9509762898620453,-1.863033420916099,,6.5638555265321274,-4.948759890378168
141177,263678655,2022-02-11,4,0.025937830104705073,83,0.058823529411764705,0,0.6124320935918972,1.0278924774813296,-0.9509762898620453,-0.33718292059039806,0.18581251092770018,-0.6559844341765535,1.3658317938890248
141177,869463199,2022-02-11,4,0.025937830104705073,83,0.23529411764705882,0,0.6124320935918972,1.0278924774813296,-0.9509762898620453,0.93439536596085,,5.564520407322694,0.0
141177,300531239,2022-02-11,4,0.025937830104705073,83,0.05128205128205128,0,0.6124320935918972,1.0278924774813296,-0.9509762898620453,-0.4398952108961474,1.677858216346874,-0.9195755402109871,0.026014473518023884
141177,1392139747,2022-02-11,4,0.025937830104705073,83,0.10526315789473684,0,0.6124320935918972,1.0278924774813296,-0.9509762898620453,1.5413361555934715,-0.26802850607152506,0.8454163922874978,0.7425399358895222
141177,397993501,2022-02-11,4,0.025937830104705073,83,0.0784313725490196,0,0.6124320935918972,1.0278924774813296,-0.9509762898620453,-2.360355724246406,-0.3581179111782973,1.2669810355233704,-0.470772745524501
141177,212087,2022-02-11,3,0.02269107685795183,83,0.6,0,0.6124320935918972,1.0278924774813296,-0.9509762898620453,0.7516160146703778,-0.5348822364897418,-0.7227059828014895,0.2876820724517808
141177,87194,2022-02-11,3,0.02269107685795183,83,0.07142857142857142,0,0.6124320935918972,1.0278924774813296,-0.9509762898620453,1.5538715270284211,0.039670887136157074,-1.2286654169163072,1.3766324502081537
141177,142407,2022-02-11,3,0.02269107685795183,83,0.06818181818181818,0,0.6124320935918972,1.0278924774813296,-0.9509762898620453,2.5843095781962204,1.5120762559742273,-3.737669618283368,0.5148989491536269
141177,1392184298,2022-02-11,3,0.02269107685795183,83,0.1111111111111111,0,0.6124320935918972,1.0278924774813296,-0.9509762898620453,1.7915756636030054,,1.791759469228055,4.8930308139264636
141177,55497,2022-02-11,3,0.02269107685795183,83,0.07317073170731707,0,0.6124320935918972,1.0278924774813296,-0.9509762898620453,0.8550892044672207,-0.1884834281692278,0.17027321827777975,-0.3483066942682158
141177,146667,2022-02-11,3,0.02269107685795183,83,0.07142857142857142,0,0.6124320935918972,1.0278924774813296,-0.9509762898620453,0.9313639761245586,0.2989578216745017,2.0748011621233333,-0.4700036292457357
141177,571184990,2022-02-11,3,0.021788452511344078,83,0.06521739130434782,0,0.6124320935918972,1.0278924774813296,-0.9509762898620453,-3.4116360379765545,0.044811338147153545,0.11721090237699627,0.5316164847819103
141177,228404,2022-02-11,3,0.021788452511344078,83,0.5,0,0.6124320935918972,1.0278924774813296,-0.9509762898620453,0.9358839694415833,0.13376243719557546,-0.9858167945227656,-0.5108256237659905
141177,137372,2022-02-11,3,0.021788452511344078,83,0.5,0,0.6124320935918972,1.0278924774813296,-0.9509762898620453,0.8526576857040262,-0.1213702274576608,-1.0586069540544107,-1.6094379124341003
141177,48300,2022-02-11,3,0.01944432361119858,83,0.07894736842105263,0,0.6124320935918972,1.0278924774813296,-0.9509762898620453,1.5251791851022216,1.7535067512043359,-1.9811747340493788,-2.639057329615259
141177,2142864304,2022-02-11,3,0.01944432361119858,83,0.041666666666666664,0,0.6124320935918972,1.0278924774813296,-0.9509762898620453,-2.0637040035023477,-0.09785966479567576,0.2053502238485283,-0.029868552853617558
141177,67700,2022-02-11,3,0.01944432361119858,83,0.07142857142857142,0,0.6124320935918972,1.0278924774813296,-0.9509762898620453,0.6184147628964765,-0.5015154811396807,-0.14310084364067333,1.2616519159126143
141177,1392108685,2022-02-11,3,0.01944432361119858,83,0.08333333333333333,0,0.6124320935918972,1.0278924774813296,-0.9509762898620453,-0.9554087717229411,0.3864240154427807,-1.7923152409313516,-0.8925742052568388
141177,1482563072,2022-02-11,3,0.01944432361119858,83,0.08571428571428572,0,0.6124320935918972,1.0278924774813296,-0.9509762898620453,1.4838837364379929,,4.6913478822291435,-0.4618180446592959
141177,1395542724,2022-02-11,3,0.01944432361119858,83,0.03409090909090909,0,0.6124320935918972,1.0278924774813296,-0.9509762898620453,-2.8126744526545884,-0.7924403953275378,0.7798090341077817,0.48432733401889116
194379,2144220670,2022-02-11,3,0.013889637333620737,154,0.17647058823529413,0,0.8573336985688949,0.1788372534664875,-1.1071229783360188,0.817735116276223,,5.736572297479192,-4.07753744390572
194379,49403,2022-02-11,3,0.013889637333620737,154,0.6,0,0.8573336985688949,0.1788372534664875,-1.1071229783360188,0.9792890132293914,0.0020739483844388618,-1.180625440328945,-0.6931471805599453
194379,48570,2022-02-11,3,0.013889637333620737,154,0.6,0,0.8573336985688949,0.1788372534664875,-1.1071229783360188,1.673504623290844,0.7218612379852466,-1.3160251652733344,0.4054651081081645
194379,47978,2022-02-11,3,0.013889637333620737,154,0.07317073170731707,0,0.8573336985688949,0.1788372534664875,-1.1071229783360188,0.49882029926937993,-0.47631959439439914,0.38536392878707737,-1.729239112246721
194379,47921,2022-02-11,3,0.013889637333620737,154,0.5,0,0.8573336985688949,0.1788372534664875,-1.1071229783360188,1.0886178747178163,0.4682159544302287,-1.3697650591686799,-0.6931471805599453
194379,46541,2022-02-11,3,0.013889637333620737,154,0.17647058823529413,0,0.8573336985688949,0.1788372534664875,-1.1071229783360188,0.8791572709879716,-1.7446698659996789,4.941642422609304,0.0
194379,2142862519,2022-02-11,3,0.013889637333620737,154,0.031914893617021274,0,0.8573336985688949,0.1788372534664875,-1.1071229783360188,-4.259052138833938,-0.04329694085105906,0.07791967171534608,-0.8601530443342398
194379,2080904040,2022-02-11,3,0.013889637333620737,154,0.036585365853658534,0,0.8573336985688949,0.1788372534664875,-1.1071229783360188,-5.377383712349279,0.04405264621243887,-0.0461082768315908,-0.27599094711324135
194379,2018450532,2022-02-11,3,0.013889637333620737,154,0.023076923076923078,0,0.8573336985688949,0.1788372534664875,-1.1071229783360188,-2.6969642049439426,-0.17836471229532957,0.28808717677168083,-0.04479772988194597
194379,1746521229,2022-02-11,3,0.013889637333620737,154,0.075,0,0.8573336985688949,0.1788372534664875,-1.1071229783360188,-2.364323273183362,-0.2066135975028165,-0.01572790518832079,-0.4126921623447739
194379,1746143216,2022-02-11,3,0.013889637333620737,154,0.16666666666666666,0,0.8573336985688949,0.1788372534664875,-1.1071229783360188,0.780263924406414,,5.739792912179234,0.0
194379,1540869033,2022-02-11,3,0.013889637333620737,154,0.17647058823529413,0,0.8573336985688949,0.1788372534664875,-1.1071229783360188,0.6312094851572003,,5.720311776607412,0.0
194379,1474282524,2022-02-11,3,0.013889637333620737,154,0.17647058823529413,0,0.8573336985688949,0.1788372534664875,-1.1071229783360188,0.7855944558994022,,5.655991810819852,0.0
194379,1469695839,2022-02-11,3,0.013889637333620737,154,0.07142857142857142,0,0.8573336985688949,0.1788372534664875,-1.1071229783360188,-0.8356899073370763,-0.17219069068599524,0.4244122455842767,0.32192310372108324
194379,1392525569,2022-02-11,3,0.013889637333620737,154,0.04411764705882353,0,0.8573336985688949,0.1788372534664875,-1.1071229783360188,1.8558062759189402,0.024820824814339115,-0.02531780798428951,-0.07522342123758818
194379,1392321470,2022-02-11,3,0.013889637333620737,154,0.15789473684210525,0,0.8573336985688949,0.1788372534664875,-1.1071229783360188,-0.9952515405850189,0.10969809395446783,-0.3595509115432147,1.6022763604864902
194379,1392166028,2022-02-11,3,0.013889637333620737,154,0.0967741935483871,0,0.8573336985688949,0.1788372534664875,-1.1071229783360188,-0.6280144962204781,-1.0603779481800624,2.042807408500056,0.12220624326746865
194379,1392162219,2022-02-11,3,0.013889637333620737,154,0.17647058823529413,0,0.8573336985688949,0.1788372534664875,-1.1071229783360188,0.9411752173872854,1.3739234474038928,-0.1599325619004759,0.6931471805599453
194379,1392158625,2022-02-11,3,0.013889637333620737,154,0.13043478260869565,0,0.8573336985688949,0.1788372534664875,-1.1071229783360188,-1.1126442520797923,-0.773560962577654,1.3381161230875263,-1.1558706625241353
194379,1392139747,2022-02-11,3,0.013889637333620737,154,0.07894736842105263,0,0.8573336985688949,0.1788372534664875,-1.1071229783360188,1.5413361555934715,-0.26802850607152506,0.8454163922874978,0.7425399358895222
194379,74354,2022-02-11,3,0.013889637333620737,154,0.75,0,0.8573336985688949,0.1788372534664875,-1.1071229783360188,1.639464969901551,0.6777028011895858,-1.3065876185091483,0.0
194379,59451,2022-02-11,3,0.013889637333620737,154,0.75,0,0.8573336985688949,0.1788372534664875,-1.1071229783360188,1.3360567623644914,0.7034834868934937,-0.7911275889201494,-0.6931471805599453
194379,56260,2022-02-11,3,0.013889637333620737,154,0.0050933786078098476,0,0.8573336985688949,0.1788372534664875,-1.1071229783360188,1.7867414978861154,-0.2856483828951919,0.4054651081081644,-2.833213344056216
194379,55653,2022-02-11,3,0.013889637333620737,154,0.6,0,0.8573336985688949,0.1788372534664875,-1.1071229783360188,1.7580173072962095,0.8062691306288539,-1.3308645561805599,-0.916290731874155
194379,54726,2022-02-11,3,0.013889637333620737,154,0.043478260869565216,0,0.8573336985688949,0.1788372534664875,-1.1071229783360188,1.5619871996854235,-1.061839937302227,2.833213344056216,3.091042453358316
194379,52388,2022-02-11,3,0.013889637333620737,154,0.005067567567567568,0,0.8573336985688949,0.1788372534664875,-1.1071229783360188,2.2771503218236315,1.1510476382262453,-3.506557897319982,-4.882801922586371
194379,52300,2022-02-11,3,0.013889637333620737,154,0.07142857142857142,0,0.8573336985688949,0.1788372534664875,-1.1071229783360188,-0.5483898766215637,-1.7630255270217612,1.3505762785178108,0.08338160893905133
194379,51573,2022-02-11,3,0.013889637333620737,154,0.005067567567567568,0,0.8573336985688949,0.1788372534664875,-1.1071229783360188,-0.2737376891103409,-2.0455545733176312,1.9810014688665833,-4.085976312551584
194379,51530,2022-02-11,3,0.013889637333620737,154,0.6,0,0.8573336985688949,0.1788372534664875,-1.1071229783360188,1.7018861895916417,0.8437143834763172,-1.4193248867963728,0.2876820724517808
194379,50278,2022-02-11,3,0.013889637333620737,154,0.42857142857142855,0,0.8573336985688949,0.1788372534664875,-1.1071229783360188,1.3265993918165144,0.22212499542845854,-0.05448818528406996,-0.6931471805599454
194379,50276,2022-02-11,3,0.013889637333620737,154,0.75,0,0.8573336985688949,0.1788372534664875,-1.1071229783360188,1.8902326012039237,0.8774478619368511,-1.3529579408522991,-0.6931471805599452
194379,1392117675,2022-02-11,3,0.013889637333620737,154,0.09375,0,0.8573336985688949,0.1788372534664875,-1.1071229783360188,-1.0250939283008915,0.5217351191129735,-0.6433923041847098,-0.09914731945161925
194379,1392111849,2022-02-11,3,0.013889637333620737,154,0.13636363636363635,0,0.8573336985688949,0.1788372534664875,-1.1071229783360188,0.7458518934959228,-0.8844892831482492,0.9211569215253279,0.6869036639202601
194379,1392108845,2022-02-11,3,0.013889637333620737,154,0.0234375,0,0.8573336985688949,0.1788372534664875,-1.1071229783360188,-1.1222093046090607,0.09257124324976429,-0.17767282682055807,-0.647577058133499
194379,1392108713,2022-02-11,3,0.013889637333620737,154,0.034482758620689655,0,0.8573336985688949,0.1788372534664875,-1.1071229783360188,-1.0006494558704175,0.22504027399643345,-0.4301806338088987,-0.30850726256660366
194379,1392108711,2022-02-11,3,0.013889637333620737,154,0.08823529411764706,0,0.8573336985688949,0.1788372534664875,-1.1071229783360188,-0.4418612769392852,-0.1142526211678907,0.12177505692592128,-0.34672172846602045
194379,1358238076,2022-02-11,3,0.013889637333620737,154,0.1111111111111111,0,0.8573336985688949,0.1788372534664875,-1.1071229783360188,-1.2058800179598685,-0.20735764800335,0.05442317162161814,-1.7917594692280545
194379,1290926415,2022-02-11,3,0.013889637333620737,154,0.1875,0,0.8573336985688949,0.1788372534664875,-1.1071229783360188,0.5271127907070282,,5.908082938168931,3.912023005428146
194379,1277308085,2022-02-11,3,0.013889637333620737,154,0.17647058823529413,0,0.8573336985688949,0.1788372534664875,-1.1071229783360188,0.801042457658648,,5.6937321388027,0.0
441296,2142862519,2022-02-12,4,0.017959441403424807,105,0.0425531914893617,0,0.8172407854236781,0.6702710079242216,-1.625632598354081,-4.277119530597029,-0.06522689776333479,0.12691800636566164,-0.8729217400888896
441296,2116182225,2022-02-12,4,0.017959441403424807,105,0.07692307692307693,0,0.8172407854236781,0.6702710079242216,-1.625632598354081,-2.0829841498883614,-0.05780156073623255,0.07987236643262996,0.11453860680971673
441296,52300,2022-02-12,4,0.017959441403424807,105,0.09523809523809523,0,0.8172407854236781,0.6702710079242216,-1.625632598354081,-0.5483898766215637,-1.7630255270217612,1.3505762785178108,0.1199593150789795
441296,125855,2022-02-12,4,0.017959441403424807,105,0.11428571428571428,0,0.8172407854236781,0.6702710079242216,-1.625632598354081,0.9818133280793528,-0.05057913960460447,0.16285900771904327,-2.028148247292285
441296,67700,2022-02-12,4,0.017959441403424807,105,0.0975609756097561,0,0.8172407854236781,0.6702710079242216,-1.625632598354081,0.6184147628964765,-0.6113573400385257,0.10109611687136866,1.0712133144799956
441296,51573,2022-02-12,4,0.017959441403424807,105,0.006756756756756757,0,0.8172407854236781,0.6702710079242216,-1.625632598354081,-0.2737376891103409,-2.0455545733176312,1.9810014688665833,-3.169685580677429
441296,300531239,2022-02-12,4,0.017959441403424807,105,0.05128205128205128,0,0.8172407854236781,0.6702710079242216,-1.625632598354081,-0.14929755874476952,1.9804129076615837,-1.162598337478025,0.0763650935618756
441296,1009076529,2022-02-12,4,0.017959441403424807,105,0.23529411764705882,0,0.8172407854236781,0.6702710079242216,-1.625632598354081,0.8370578002514518,,5.598421958998375,0.0
441296,1019341940,2022-02-12,4,0.017959441403424807,105,0.21052631578947367,0,0.8172407854236781,0.6702710079242216,-1.625632598354081,0.7198213167964603,-0.95497781724031,3.9091617731471135,-4.824305715904762
441296,600923975,2022-02-12,4,0.017959441403424807,105,0.09090909090909091,0,0.8172407854236781,0.6702710079242216,-1.625632598354081,0.09834764565599785,0.3510962139860205,-0.3384543978252035,-0.24625112632435986
441296,668311614,2022-02-12,4,0.017959441403424807,105,0.2222222222222222,0,0.8172407854236781,0.6702710079242216,-1.625632598354081,0.7482819796287913,,5.703782474656201,-3.6888794541139363
441296,804059039,2022-02-12,4,0.017959441403424807,105,0.2222222222222222,0,0.8172407854236781,0.6702710079242216,-1.625632598354081,0.6172484244343971,0.5699913489304334,1.8458266904983311,-2.2003062438736274
441296,2142864304,2022-02-12,4,0.017959441403424807,105,0.056338028169014086,0,0.8172407854236781,0.6702710079242216,-1.625632598354081,-2.0815532755273254,-0.11203014019150292,0.21978743143668744,-0.04226642572311867
441296,2144220670,2022-02-12,4,0.017959441403424807,105,0.23529411764705882,0,0.8172407854236781,0.6702710079242216,-1.625632598354081,0.817735116276223,,5.736572297479192,-4.07753744390572
441296,1392321470,2022-02-12,4,0.017959441403424807,105,0.21052631578947367,0,0.8172407854236781,0.6702710079242216,-1.625632598354081,-0.889948386412078,0.21665800270554347,-0.48636301505636936,1.6311861942632344
441296,1746521229,2022-02-12,4,0.017959441403424807,105,0.1,0,0.8172407854236781,0.6702710079242216,-1.625632598354081,-2.297769671796072,-0.07538437350066252,-0.039346940281953735,-0.49594824716417385
441296,2004429834,2022-02-12,4,0.017959441403424807,105,0.07017543859649122,0,0.8172407854236781,0.6702710079242216,-1.625632598354081,-3.4725984375602956,-0.049779189904983756,0.06719388204449928,-0.29080032464668015
441296,129172,2022-02-12,4,0.017959441403424807,105,0.05555555555555555,0,0.8172407854236781,0.6702710079242216,-1.625632598354081,-0.6184346997127559,1.150471602334404,-0.841403488299739,-0.1817370638249507
441296,141008,2022-02-12,4,0.017959441403424807,105,0.09523809523809523,0,0.8172407854236781,0.6702710079242216,-1.625632598354081,1.0082803708564094,-0.1589747738565066,0.5811421221834507,0.8850381883700504
441296,1769772275,2022-02-12,4,0.017959441403424807,105,0.043010752688172046,0,0.8172407854236781,0.6702710079242216,-1.625632598354081,1.6123843677883956,,4.07753744390572,-0.7707723425904813
441296,1392166028,2022-02-12,4,0.017959441403424807,105,0.12903225806451613,0,0.8172407854236781,0.6702710079242216,-1.625632598354081,-0.7780408439382084,-1.3392161444974944,2.1149500817125757,0.05266917699764484
441296,1395542724,2022-02-12,4,0.017959441403424807,105,0.04597701149425287,0,0.8172407854236781,0.6702710079242216,-1.625632598354081,-2.8362096508704338,-0.7717834358975924,0.7454606994028499,0.38639165955278365
441296,2018450532,2022-02-12,4,0.017959441403424807,105,0.03076923076923077,0,0.8172407854236781,0.6702710079242216,-1.625632598354081,-2.849630704377695,-0.34181260504751476,0.3885832424961766,0.27044860146166805
441296,1482563072,2022-02-12,4,0.017959441403424807,105,0.11764705882352941,0,0.8172407854236781,0.6702710079242216,-1.625632598354081,1.4070273384957925,-0.6917075814798013,3.277144732992176,-0.4618180446592959
441296,1540869033,2022-02-12,4,0.017959441403424807,105,0.23529411764705882,0,0.8172407854236781,0.6702710079242216,-1.625632598354081,0.6312094851572003,,5.720311776607412,0.0
441296,1392108845,2022-02-12,4,0.017959441403424807,105,0.03125,0,0.8172407854236781,0.6702710079242216,-1.625632598354081,-1.1924740271077268,0.010506597860817868,-0.05300492509328514,-0.5582487337238904
441296,1392117675,2022-02-12,4,0.017959441403424807,105,0.125,0,0.8172407854236781,0.6702710079242216,-1.625632598354081,-1.0838395860370515,0.28982978047313135,-0.5339277766912289,-0.31538856153757155
441296,1392139747,2022-02-12,4,0.017959441403424807,105,0.10526315789473684,0,0.8172407854236781,0.6702710079242216,-1.625632598354081,1.5711034554167287,-0.27006667593986067,0.8881198549074591,0.7978581346489761
441296,1392158625,2022-02-12,4,0.017959441403424807,105,0.17391304347826086,0,0.8172407854236781,0.6702710079242216,-1.625632598354081,-1.0893959139570735,-0.5713152880270825,0.9540770675402923,-1.177813953398883
441296,1392162219,2022-02-12,4,0.017959441403424807,105,0.23529411764705882,0,0.8172407854236781,0.6702710079242216,-1.625632598354081,0.9411752173872854,1.3739234474038928,-0.1599325619004759,0.6931471805599453
441296,1746143216,2022-02-12,4,0.017959441403424807,105,0.2222222222222222,0,0.8172407854236781,0.6702710079242216,-1.625632598354081,0.9442680747509418,,5.7430031878094825,0.0
441296,107954,2022-02-12,4,0.017959441403424807,105,0.10256410256410256,0,0.8172407854236781,0.6702710079242216,-1.625632598354081,0.8970778207774813,0.025780064435810712,1.0206507471983977,-2.014903020542265
441296,263678655,2022-02-12,4,0.017959441403424807,105,0.058823529411764705,0,0.8172407854236781,0.6702710079242216,-1.625632598354081,-0.22557756063054324,0.2208562732147753,-0.5877132730999506,1.4789990012956657
441296,397993501,2022-02-12,4,0.017959441403424807,105,0.0784313725490196,0,0.8172407854236781,0.6702710079242216,-1.625632598354081,-2.4977692078972176,-0.6864166474102418,1.6435049183301356,0.37541227246268605
441296,47978,2022-02-12,4,0.017959441403424807,105,0.0975609756097561,0,0.8172407854236781,0.6702710079242216,-1.625632598354081,0.4351079281459551,-0.4896667666906762,0.7251499116461195,-1.729239112246721
441296,56260,2022-02-12,4,0.017959441403424807,105,0.006791171477079796,0,0.8172407854236781,0.6702710079242216,-1.625632598354081,1.7867414978861154,-0.2856483828951919,0.4054651081081644,-0.8873031950009029
441296,52388,2022-02-12,4,0.017959441403424807,105,0.006756756756756757,0,0.8172407854236781,0.6702710079242216,-1.625632598354081,2.2771503218236315,1.1510476382262453,-3.506557897319982,-4.882801922586371
441296,998269223,2022-02-12,4,0.017959441403424807,105,0.08695652173913043,0,0.8172407854236781,0.6702710079242216,-1.625632598354081,-1.9600945474428557,-0.2711784290998891,0.3666309486956312,0.16425270347174603
441296,828337656,2022-02-12,4,0.017959441403424807,105,0.08695652173913043,0,0.8172407854236781,0.6702710079242216,-1.625632598354081,-1.7459709255366878,-0.06801316673381264,0.07193169273112687,-0.8292271876363149
86200,2144220670,2022-02-12,3,0.013889637333620737,154,0.17647058823529413,0,1.008392192135647,0.5749829926723813,-1.4574706395877852,0.817735116276223,,5.736572297479192,-4.07753744390572
86200,49403,2022-02-12,3,0.013889637333620737,154,0.6,0,1.008392192135647,0.5749829926723813,-1.4574706395877852,1.0898502791312938,0.145596199218468,-1.6835458845878217,-0.6931471805599453
86200,48570,2022-02-12,3,0.013889637333620737,154,0.6,0,1.008392192135647,0.5749829926723813,-1.4574706395877852,1.8485635460519703,0.9297693906045241,-1.9017603644423837,0.4054651081081645
86200,47978,2022-02-12,3,0.013889637333620737,154,0.07317073170731707,0,1.008392192135647,0.5749829926723813,-1.4574706395877852,0.4351079281459551,-0.4896667666906762,0.7251499116461195,-1.729239112246721
86200,47921,2022-02-12,3,0.013889637333620737,154,0.5,0,1.008392192135647,0.5749829926723813,-1.4574706395877852,1.2272066563866921,0.6002485349211543,-1.996210887530112,-0.6931471805599453
86200,46541,2022-02-12,3,0.013889637333620737,154,0.17647058823529413,0,1.008392192135647,0.5749829926723813,-1.4574706395877852,0.9900279663504828,-1.6337991706371677,4.952299717083292,0.2876820724517808
86200,2142862519,2022-02-12,3,0.013889637333620737,154,0.031914893617021274,0,1.008392192135647,0.5749829926723813,-1.4574706395877852,-4.277119530597029,-0.06522689776333479,0.12691800636566164,-0.8729217400888896
86200,2080904040,2022-02-12,3,0.013889637333620737,154,0.036585365853658534,0,1.008392192135647,0.5749829926723813,-1.4574706395877852,-5.382213960199619,0.04437715603178738,-0.04534988784414118,-0.32296817512722953
86200,2018450532,2022-02-12,3,0.013889637333620737,154,0.023076923076923078,0,1.008392192135647,0.5749829926723813,-1.4574706395877852,-2.849630704377695,-0.34181260504751476,0.3885832424961766,0.27044860146166805
86200,1746521229,2022-02-12,3,0.013889637333620737,154,0.075,0,1.008392192135647,0.5749829926723813,-1.4574706395877852,-2.297769671796072,-0.07538437350066252,-0.039346940281953735,-0.49594824716417385
86200,1746143216,2022-02-12,3,0.013889637333620737,154,0.16666666666666666,0,1.008392192135647,0.5749829926723813,-1.4574706395877852,0.9442680747509418,,5.7430031878094825,0.0
86200,1540869033,2022-02-12,3,0.013889637333620737,154,0.17647058823529413,0,1.008392192135647,0.5749829926723813,-1.4574706395877852,0.6312094851572003,,5.720311776607412,0.0
86200,1474282524,2022-02-12,3,0.013889637333620737,154,0.17647058823529413,0,1.008392192135647,0.5749829926723813,-1.4574706395877852,0.7855944558994022,,5.655991810819852,0.0
86200,1469695839,2022-02-12,3,0.013889637333620737,154,0.07142857142857142,0,1.008392192135647,0.5749829926723813,-1.4574706395877852,-0.8004027602753707,-0.10030303396669915,0.35168264225525103,0.4289956055183586
86200,1392525569,2022-02-12,3,0.013889637333620737,154,0.04411764705882353,0,1.008392192135647,0.5749829926723813,-1.4574706395877852,1.817735152435344,-0.08411977414107885,0.11778303565638382,-0.15656906069153997
86200,1392321470,2022-02-12,3,0.013889637333620737,154,0.15789473684210525,0,1.008392192135647,0.5749829926723813,-1.4574706395877852,-0.889948386412078,0.21665800270554347,-0.48636301505636936,1.6311861942632344
86200,1392166028,2022-02-12,3,0.013889637333620737,154,0.0967741935483871,0,1.008392192135647,0.5749829926723813,-1.4574706395877852,-0.7780408439382084,-1.3392161444974944,2.1149500817125757,0.05266917699764484
86200,1392162219,2022-02-12,3,0.013889637333620737,154,0.17647058823529413,0,1.008392192135647,0.5749829926723813,-1.4574706395877852,0.9411752173872854,1.3739234474038928,-0.1599325619004759,0.6931471805599453
86200,1392158625,2022-02-12,3,0.013889637333620737,154,0.13043478260869565,0,1.008392192135647,0.5749829926723813,-1.4574706395877852,-1.0893959139570735,-0.5713152880270825,0.9540770675402923,-1.177813953398883
86200,1392139747,2022-02-12,3,0.013889637333620737,154,0.07894736842105263,0,1.008392192135647,0.5749829926723813,-1.4574706395877852,1.5711034554167287,-0.27006667593986067,0.8881198549074591,0.7978581346489761
86200,74354,2022-02-12,3,0.013889637333620737,154,0.75,0,1.008392192135647,0.5749829926723813,-1.4574706395877852,1.80627301783348,0.8601445929685206,-1.807888851157938,-0.33647223662121295
86200,59451,2022-02-12,3,0.013889637333620737,154,0.75,0,1.008392192135647,0.5749829926723813,-1.4574706395877852,1.6739246182490455,1.0458455020018818,-1.2159013751912102,-0.6931471805599453
86200,56260,2022-02-12,3,0.013889637333620737,154,0.0050933786078098476,0,1.008392192135647,0.5749829926723813,-1.4574706395877852,1.7867414978861154,-0.2856483828951919,0.4054651081081644,-0.8873031950009029
86200,55653,2022-02-12,3,0.013889637333620737,154,0.6,0,1.008392192135647,0.5749829926723813,-1.4574706395877852,1.9616861537856856,1.0335018773203881,-2.0430738975089615,-0.916290731874155
86200,54726,2022-02-12,3,0.013889637333620737,154,0.043478260869565216,0,1.008392192135647,0.5749829926723813,-1.4574706395877852,1.5619871996854235,-1.061839937302227,2.833213344056216,3.091042453358316
86200,52388,2022-02-12,3,0.013889637333620737,154,0.005067567567567568,0,1.008392192135647,0.5749829926723813,-1.4574706395877852,2.2771503218236315,1.1510476382262453,-3.506557897319982,-4.882801922586371
86200,52300,2022-02-12,3,0.013889637333620737,154,0.07142857142857142,0,1.008392192135647,0.5749829926723813,-1.4574706395877852,-0.5483898766215637,-1.7630255270217612,1.3505762785178108,0.1199593150789795
86200,51573,2022-02-12,3,0.013889637333620737,154,0.005067567567567568,0,1.008392192135647,0.5749829926723813,-1.4574706395877852,-0.2737376891103409,-2.0455545733176312,1.9810014688665833,-3.169685580677429
86200,51530,2022-02-12,3,0.013889637333620737,154,0.6,0,1.008392192135647,0.5749829926723813,-1.4574706395877852,1.8264213769144717,1.119582105794747,-1.7647307968401358,0.2876820724517808
86200,50278,2022-02-12,3,0.013889637333620737,154,0.42857142857142855,0,1.008392192135647,0.5749829926723813,-1.4574706395877852,1.408850251969161,0.41510045954926633,-0.190125782285536,-0.48183808689273855
86200,50276,2022-02-12,3,0.013889637333620737,154,0.75,0,1.008392192135647,0.5749829926723813,-1.4574706395877852,2.1217315026986303,1.1330416448552654,-1.864080130807681,-0.6931471805599452
86200,1392117675,2022-02-12,3,0.013889637333620737,154,0.09375,0,1.008392192135647,0.5749829926723813,-1.4574706395877852,-1.0838395860370515,0.28982978047313135,-0.5339277766912289,-0.31538856153757155
86200,1392111849,2022-02-12,3,0.013889637333620737,154,0.13636363636363635,0,1.008392192135647,0.5749829926723813,-1.4574706395877852,0.653607007694508,-0.976734168949664,0.972256022301238,0.41697271495964383
86200,1392108845,2022-02-12,3,0.013889637333620737,154,0.0234375,0,1.008392192135647,0.5749829926723813,-1.4574706395877852,-1.1924740271077268,0.010506597860817868,-0.05300492509328514,-0.5582487337238904
86200,1392108713,2022-02-12,3,0.013889637333620737,154,0.034482758620689655,0,1.008392192135647,0.5749829926723813,-1.4574706395877852,-0.9645973969466944,0.20053238307131183,-0.3725753655147894,-0.250604390086524
86200,1392108711,2022-02-12,3,0.013889637333620737,154,0.08823529411764706,0,1.008392192135647,0.5749829926723813,-1.4574706395877852,-0.3398543814540052,0.08137098344767235,-0.029151100377147188,-0.3055497874246331
86200,1358238076,2022-02-12,3,0.013889637333620737,154,0.1111111111111111,0,1.008392192135647,0.5749829926723813,-1.4574706395877852,-1.2663850406977395,-0.2598552733358772,0.09688233471115915,-1.7920722624742709
86200,1290926415,2022-02-12,3,0.013889637333620737,154,0.1875,0,1.008392192135647,0.5749829926723813,-1.4574706395877852,0.5271127907070282,,5.908082938168931,3.912023005428146
86200,1277308085,2022-02-12,3,0.013889637333620737,154,0.17647058823529413,0,1.008392192135647,0.5749829926723813,-1.4574706395877852,0.801042457658648,,5.6937321388027,0.0
321957,43575,2022-02-12,2,0.01064288408686749,154,0.2,0,0.9690517284631177,0.4543390395394429,-1.6486586255873816,1.4253745147338897,0.398657385759293,-0.7522623681275258,-0.0749013081731178
321957,44680,2022-02-12,2,0.01064288408686749,154,0.003436426116838488,0,0.9690517284631177,0.4543390395394429,-1.6486586255873816,-1.863033420916099,,6.5638555265321274,-3.8501476017100584
321957,46541,2022-02-12,2,0.01064288408686749,154,0.11764705882352941,0,0.9690517284631177,0.4543390395394429,-1.6486586255873816,0.9900279663504828,-1.6337991706371677,4.952299717083292,0.2876820724517808
321957,47921,2022-02-12,2,0.01064288408686749,154,0.3333333333333333,0,0.9690517284631177,0.4543390395394429,-1.6486586255873816,1.2272066563866921,0.6002485349211543,-1.996210887530112,-0.6931471805599453
321957,47978,2022-02-12,2,0.01064288408686749,154,0.04878048780487805,0,0.9690517284631177,0.4543390395394429,-1.6486586255873816,0.4351079281459551,-0.4896667666906762,0.7251499116461195,-1.729239112246721
321957,54726,2022-02-12,2,0.01064288408686749,154,0.028985507246376812,0,0.9690517284631177,0.4543390395394429,-1.6486586255873816,1.5619871996854235,-1.061839937302227,2.833213344056216,3.091042453358316
321957,51530,2022-02-12,2,0.01064288408686749,154,0.4,0,0.9690517284631177,0.4543390395394429,-1.6486586255873816,1.8264213769144717,1.119582105794747,-1.7647307968401358,0.2876820724517808
321957,51573,2022-02-12,2,0.01064288408686749,154,0.0033783783783783786,0,0.9690517284631177,0.4543390395394429,-1.6486586255873816,-0.2737376891103409,-2.0455545733176312,1.9810014688665833,-3.169685580677429
321957,52388,2022-02-12,2,0.01064288408686749,154,0.0033783783783783786,0,0.9690517284631177,0.4543390395394429,-1.6486586255873816,2.2771503218236315,1.1510476382262453,-3.506557897319982,-4.882801922586371
321957,52300,2022-02-12,2,0.01064288408686749,154,0.047619047619047616,0,0.9690517284631177,0.4543390395394429,-1.6486586255873816,-0.5483898766215637,-1.7630255270217612,1.3505762785178108,0.1199593150789795
321957,49403,2022-02-12,2,0.01064288408686749,154,0.4,0,0.9690517284631177,0.4543390395394429,-1.6486586255873816,1.0898502791312938,0.145596199218468,-1.6835458845878217,-0.6931471805599453
321957,50276,2022-02-12,2,0.01064288408686749,154,0.5,0,0.9690517284631177,0.4543390395394429,-1.6486586255873816,2.1217315026986303,1.1330416448552654,-1.864080130807681,-0.6931471805599452
321957,50278,2022-02-12,2,0.01064288408686749,154,0.2857142857142857,0,0.9690517284631177,0.4543390395394429,-1.6486586255873816,1.408850251969161,0.41510045954926633,-0.190125782285536,-0.48183808689273855
321957,48570,2022-02-12,2,0.01064288408686749,154,0.4,0,0.9690517284631177,0.4543390395394429,-1.6486586255873816,1.8485635460519703,0.9297693906045241,-1.9017603644423837,0.4054651081081645
321957,55497,2022-02-12,2,0.01064288408686749,154,0.05,0,0.9690517284631177,0.4543390395394429,-1.6486586255873816,0.8550892044672207,-0.34582511977520225,0.569768159399441,-0.5913644862500034
321957,93910,2022-02-12,2,0.01064288408686749,154,0.4,0,0.9690517284631177,0.4543390395394429,-1.6486586255873816,1.5010500886023137,0.7992450813991365,-1.549333988364395,0.2876820724517808
321957,94165,2022-02-12,2,0.01064288408686749,154,0.5,0,0.9690517284631177,0.4543390395394429,-1.6486586255873816,1.5489526457519331,0.4365281204309859,-1.342375127185056,-1.0986122886681098
321957,95540,2022-02-12,2,0.01064288408686749,154,0.5,0,0.9690517284631177,0.4543390395394429,-1.6486586255873816,1.5679543727234657,0.8006162580847966,-1.5095270015438382,-0.6931471805599453
321957,106861,2022-02-12,2,0.01064288408686749,154,0.4,0,0.9690517284631177,0.4543390395394429,-1.6486586255873816,1.2334696210466927,0.604983185327498,-1.242651658891047,0.4054651081081645
321957,86200,2022-02-12,2,0.01064288408686749,154,0.5,0,0.9690517284631177,0.4543390395394429,-1.6486586255873816,1.5833751848080282,0.5749829926723813,-1.4574706395877852,-0.6931471805599453
321957,87194,2022-02-12,2,0.01064288408686749,154,0.04878048780487805,0,0.9690517284631177,0.4543390395394429,-1.6486586255873816,1.5538715270284211,0.039670887136157074,-1.2286654169163072,1.3766324502081537
321957,92118,2022-02-12,2,0.01064288408686749,154,0.028985507246376812,0,0.9690517284631177,0.4543390395394429,-1.6486586255873816,-0.9901951607043793,,5.4638318050256105,1.3862943611198906
321957,77334,2022-02-12,2,0.01064288408686749,154,0.5,0,0.9690517284631177,0.4543390395394429,-1.6486586255873816,1.2242334436943536,0.4293973161353163,-1.6841288050356895,-1.0986122886681098
321957,77335,2022-02-12,2,0.01064288408686749,154,0.5,0,0.9690517284631177,0.4543390395394429,-1.6486586255873816,1.611547960554591,0.751202161148207,-1.3862943611198908,-0.6931471805599453
321957,79132,2022-02-12,2,0.01064288408686749,154,0.5,0,0.9690517284631177,0.4543390395394429,-1.6486586255873816,1.6319171312271952,0.8523101030857109,-1.6680627557816234,-0.6931471805599453
321957,74354,2022-02-12,2,0.01064288408686749,154,0.5,0,0.9690517284631177,0.4543390395394429,-1.6486586255873816,1.80627301783348,0.8601445929685206,-1.807888851157938,-0.33647223662121295
321957,77331,2022-02-12,2,0.01064288408686749,154,0.5,0,0.9690517284631177,0.4543390395394429,-1.6486586255873816,1.896944947527362,1.1301833488397781,-1.8072636557640203,-0.2876820724517808
321957,59451,2022-02-12,2,0.01064288408686749,154,0.5,0,0.9690517284631177,0.4543390395394429,-1.6486586255873816,1.6739246182490455,1.0458455020018818,-1.2159013751912102,-0.6931471805599453
321957,56260,2022-02-12,2,0.01064288408686749,154,0.003395585738539898,0,0.9690517284631177,0.4543390395394429,-1.6486586255873816,1.7867414978861154,-0.2856483828951919,0.4054651081081644,-0.8873031950009029
321957,55653,2022-02-12,2,0.01064288408686749,154,0.4,0,0.9690517284631177,0.4543390395394429,-1.6486586255873816,1.9616861537856856,1.0335018773203881,-2.0430738975089615,-0.916290731874155
321957,126531,2022-02-12,2,0.01064288408686749,154,0.4,0,0.9690517284631177,0.4543390395394429,-1.6486586255873816,1.4521484620650438,0.6005596711010978,-1.4620544070014256,-0.2876820724517808
321957,127058,2022-02-12,2,0.01064288408686749,154,0.5,0,0.9690517284631177,0.4543390395394429,-1.6486586255873816,1.271019801921104,0.25545426001028537,-1.2868088099050858,-0.916290731874155
321957,111114,2022-02-12,2,0.01064288408686749,154,0.3333333333333333,0,0.9690517284631177,0.4543390395394429,-1.6486586255873816,1.342434668052783,0.5026650874728464,-1.4237207666390077,-0.6931471805599453
321957,108440,2022-02-12,2,0.01064288408686749,154,0.5,0,0.9690517284631177,0.4543390395394429,-1.6486586255873816,1.3376120479387783,0.5908299921612896,-2.0037297199441397,1.0986122886681098
321957,95595,2022-02-12,2,0.01064288408686749,154,0.5,0,0.9690517284631177,0.4543390395394429,-1.6486586255873816,1.385039979190735,0.5332910921630535,-1.436725214746783,-0.2876820724517808
321957,93414,2022-02-12,2,0.01064288408686749,154,0.4,0,0.9690517284631177,0.4543390395394429,-1.6486586255873816,1.3343599159034927,0.5032058790220321,-1.5809662383527883,0.4054651081081645
321957,195828,2022-02-12,2,0.01064288408686749,154,0.3333333333333333,0,0.9690517284631177,0.4543390395394429,-1.6486586255873816,1.627186030958566,0.44540949924351403,-1.1359998207397304,0.30830135965451655
321957,212087,2022-02-12,2,0.01064288408686749,154,0.5,0,0.9690517284631177,0.4543390395394429,-1.6486586255873816,0.8205297109117423,-0.2580733191442405,-1.2110902720947996,0.2876820724517808
136835,44680,2022-02-12,3,0.01944432361119858,83,0.005154639175257732,0,1.137021235930864,0.826198647564687,-1.888546754175393,-1.863033420916099,,6.5638555265321274,-3.8501476017100584
136835,67700,2022-02-12,3,0.01944432361119858,83,0.07317073170731707,0,1.137021235930864,0.826198647564687,-1.888546754175393,0.6184147628964765,-0.6113573400385257,0.10109611687136866,1.0712133144799956
136835,56554,2022-02-12,3,0.01944432361119858,83,0.0967741935483871,0,1.137021235930864,0.826198647564687,-1.888546754175393,-0.221758165719315,0.19295525144822534,-0.8963085373345487,-0.21227387907730577
136835,52388,2022-02-12,3,0.01944432361119858,83,0.005067567567567568,0,1.137021235930864,0.826198647564687,-1.888546754175393,2.2771503218236315,1.1510476382262453,-3.506557897319982,-4.882801922586371
136835,56260,2022-02-12,3,0.01944432361119858,83,0.0050933786078098476,0,1.137021235930864,0.826198647564687,-1.888546754175393,1.7867414978861154,-0.2856483828951919,0.4054651081081644,-0.8873031950009029
136835,51573,2022-02-12,3,0.01944432361119858,83,0.005067567567567568,0,1.137021235930864,0.826198647564687,-1.888546754175393,-0.2737376891103409,-2.0455545733176312,1.9810014688665833,-3.169685580677429
136835,48300,2022-02-12,3,0.01944432361119858,83,0.08108108108108109,0,1.137021235930864,0.826198647564687,-1.888546754175393,1.6043280546535055,1.7539128981732706,-1.8065745550131957,-2.7577736364546404
136835,49403,2022-02-12,3,0.01944432361119858,83,0.5,0,1.137021235930864,0.826198647564687,-1.888546754175393,1.0898502791312938,0.145596199218468,-1.6835458845878217,-0.6931471805599453
136835,129172,2022-02-12,3,0.01944432361119858,83,0.041666666666666664,0,1.137021235930864,0.826198647564687,-1.888546754175393,-0.6184346997127559,1.150471602334404,-0.841403488299739,-0.1817370638249507
136835,125855,2022-02-12,3,0.01944432361119858,83,0.08571428571428572,0,1.137021235930864,0.826198647564687,-1.888546754175393,0.9818133280793528,-0.05057913960460447,0.16285900771904327,-2.028148247292285
136835,123526,2022-02-12,3,0.01944432361119858,83,0.04838709677419355,0,1.137021235930864,0.826198647564687,-1.888546754175393,-2.59830475568916,-1.567286850936816,1.9154720961697045,-0.8694011384478735
136835,2142864304,2022-02-12,3,0.01944432361119858,83,0.04225352112676056,0,1.137021235930864,0.826198647564687,-1.888546754175393,-2.0815532755273254,-0.11203014019150292,0.21978743143668744,-0.04226642572311867
136835,2080904040,2022-02-12,3,0.01944432361119858,83,0.036585365853658534,0,1.137021235930864,0.826198647564687,-1.888546754175393,-5.382213960199619,0.04437715603178738,-0.04534988784414118,-0.32296817512722953
136835,2116182225,2022-02-12,3,0.01944432361119858,83,0.057692307692307696,0,1.137021235930864,0.826198647564687,-1.888546754175393,-2.0829841498883614,-0.05780156073623255,0.07987236643262996,0.11453860680971673
136835,2142862519,2022-02-12,3,0.01944432361119858,83,0.031914893617021274,0,1.137021235930864,0.826198647564687,-1.888546754175393,-4.277119530597029,-0.06522689776333479,0.12691800636566164,-0.8729217400888896
136835,136480,2022-02-12,3,0.01944432361119858,83,0.038461538461538464,0,1.137021235930864,0.826198647564687,-1.888546754175393,-3.908554379298355,-1.2882424895734714,1.0570738184954855,-0.031768290226919405
136835,107954,2022-02-12,3,0.01944432361119858,83,0.07692307692307693,0,1.137021235930864,0.826198647564687,-1.888546754175393,0.8970778207774813,0.025780064435810712,1.0206507471983977,-2.014903020542265
136835,52300,2022-02-12,3,0.01944432361119858,83,0.07142857142857142,0,1.137021235930864,0.826198647564687,-1.888546754175393,-0.5483898766215637,-1.7630255270217612,1.3505762785178108,0.1199593150789795
136835,47978,2022-02-12,3,0.01944432361119858,83,0.07317073170731707,0,1.137021235930864,0.826198647564687,-1.888546754175393,0.4351079281459551,-0.4896667666906762,0.7251499116461195,-1.729239112246721
136835,47921,2022-02-12,3,0.01944432361119858,83,0.42857142857142855,0,1.137021235930864,0.826198647564687,-1.888546754175393,1.2272066563866921,0.6002485349211543,-1.996210887530112,-0.6931471805599453
136835,397993501,2022-02-12,3,0.01944432361119858,83,0.058823529411764705,0,1.137021235930864,0.826198647564687,-1.888546754175393,-2.4977692078972176,-0.6864166474102418,1.6435049183301356,0.37541227246268605
136835,869463199,2022-02-12,3,0.01944432361119858,83,0.16666666666666666,0,1.137021235930864,0.826198647564687,-1.888546754175393,0.93439536596085,,5.564520407322694,0.0
136835,300531239,2022-02-12,3,0.01944432361119858,83,0.038461538461538464,0,1.137021235930864,0.826198647564687,-1.888546754175393,-0.14929755874476952,1.9804129076615837,-1.162598337478025,0.0763650935618756
136835,671804639,2022-02-12,3,0.01944432361119858,83,0.037037037037037035,0,1.137021235930864,0.826198647564687,-1.888546754175393,-1.157336569102295,0.1041035010494864,-0.19478461582362527,-0.19217720156522944
136835,1392108711,2022-02-12,3,0.01944432361119858,83,0.08823529411764706,0,1.137021235930864,0.826198647564687,-1.888546754175393,-0.3398543814540052,0.08137098344767235,-0.029151100377147188,-0.3055497874246331
136835,1392108713,2022-02-12,3,0.01944432361119858,83,0.034482758620689655,0,1.137021235930864,0.826198647564687,-1.888546754175393,-0.9645973969466944,0.20053238307131183,-0.3725753655147894,-0.250604390086524
136835,1392139747,2022-02-12,3,0.01944432361119858,83,0.07894736842105263,0,1.137021235930864,0.826198647564687,-1.888546754175393,1.5711034554167287,-0.27006667593986067,0.8881198549074591,0.7978581346489761
136835,1769772275,2022-02-12,3,0.01944432361119858,83,0.03225806451612903,0,1.137021235930864,0.826198647564687,-1.888546754175393,1.6123843677883956,,4.07753744390572,-0.7707723425904813
136835,1482563072,2022-02-12,3,0.01944432361119858,83,0.08823529411764706,0,1.137021235930864,0.826198647564687,-1.888546754175393,1.4070273384957925,-0.6917075814798013,3.277144732992176,-0.4618180446592959
136835,1395542724,2022-02-12,3,0.01944432361119858,83,0.034482758620689655,0,1.137021235930864,0.826198647564687,-1.888546754175393,-2.8362096508704338,-0.7717834358975924,0.7454606994028499,0.38639165955278365
136835,328464,2022-02-12,3,0.01944432361119858,83,0.5,0,1.137021235930864,0.826198647564687,-1.888546754175393,1.0592495561312012,0.4316610543805236,-1.7501655719292177,-0.6931471805599453
136835,309731,2022-02-12,3,0.01944432361119858,83,0.08823529411764706,0,1.137021235930864,0.826198647564687,-1.888546754175393,1.992750973490888,-0.10598394648470633,0.489548225318706,-0.9028677115420143
136835,2018450532,2022-02-12,3,0.01944432361119858,83,0.023076923076923078,0,1.137021235930864,0.826198647564687,-1.888546754175393,-2.849630704377695,-0.34181260504751476,0.3885832424961766,0.27044860146166805
136835,2004429834,2022-02-12,3,0.01944432361119858,83,0.05263157894736842,0,1.137021235930864,0.826198647564687,-1.888546754175393,-3.4725984375602956,-0.049779189904983756,0.06719388204449928,-0.29080032464668015
136835,145190,2022-02-12,3,0.01944432361119858,83,0.06382978723404255,0,1.137021235930864,0.826198647564687,-1.888546754175393,-0.6127492825008732,-0.4063890811058111,0.5741614989378014,-0.9231945563837192
136835,141177,2022-02-12,3,0.01944432361119858,83,0.5,0,1.137021235930864,0.826198647564687,-1.888546754175393,1.8385580598544167,1.2463145231632455,-1.6055086342942109,-1.0986122886681096
206215,2144220670,2022-02-13,3,0.013889637333620737,154,0.16666666666666666,0,0.7629660083631575,1.279656176854281,-2.162974654293141,0.8411101100112522,,5.780743515792329,1.4439234739565263
206215,49403,2022-02-13,3,0.013889637333620737,154,0.5,0,0.7629660083631575,1.279656176854281,-2.162974654293141,1.2975593026655177,0.3778344816481445,-2.4244749106030827,-0.2876820724517808
206215,48570,2022-02-13,3,0.013889637333620737,154,0.5,0,0.7629660083631575,1.279656176854281,-2.162974654293141,2.018739308485517,1.0927732822710898,-2.4211908354018927,-0.4054651081081645
206215,47978,2022-02-13,3,0.013889637333620737,154,0.07317073170731707,0,0.7629660083631575,1.279656176854281,-2.162974654293141,0.4016734143023506,-0.5231012805342807,0.9015484501369517,-1.729239112246721
206215,47921,2022-02-13,3,0.013889637333620737,154,0.42857142857142855,0,0.7629660083631575,1.279656176854281,-2.162974654293141,1.2674764321750436,0.5827728681156779,-2.492126897761487,-0.6931471805599453
206215,46541,2022-02-13,3,0.013889637333620737,154,0.16666666666666666,0,0.7629660083631575,1.279656176854281,-2.162974654293141,0.9966268593062685,-1.627200277681382,5.000584958242754,0.2876820724517808
206215,2142862519,2022-02-13,3,0.013889637333620737,154,0.031914893617021274,0,0.7629660083631575,1.279656176854281,-2.162974654293141,-4.274062815983588,-0.008149772865976956,0.006248576231536518,-0.9341152959998187
206215,2080904040,2022-02-13,3,0.013889637333620737,154,0.036585365853658534,0,0.7629660083631575,1.279656176854281,-2.162974654293141,-5.380653986069392,0.029700543861849837,-0.03117270623913626,-0.3617326748177341
206215,2018450532,2022-02-13,3,0.013889637333620737,154,0.023076923076923078,0,0.7629660083631575,1.279656176854281,-2.162974654293141,-2.930639335196711,-0.5541465533124881,0.5886668554943082,0.31948587512051496
206215,1746521229,2022-02-13,3,0.013889637333620737,154,0.075,0,0.7629660083631575,1.279656176854281,-2.162974654293141,-2.2235587930541105,0.11165321071587941,-0.057338268485178645,-0.5524138927951547
206215,1746143216,2022-02-13,3,0.013889637333620737,154,0.15789473684210525,0,0.7629660083631575,1.279656176854281,-2.162974654293141,0.9558564098278627,,5.786897381366708,1.0986122886681098
206215,1540869033,2022-02-13,3,0.013889637333620737,154,0.16666666666666666,0,0.7629660083631575,1.279656176854281,-2.162974654293141,0.7140603299400576,,5.746203190540153,0.0
206215,1474282524,2022-02-13,3,0.013889637333620737,154,0.16666666666666666,0,0.7629660083631575,1.279656176854281,-2.162974654293141,0.8869090338921065,,5.66988092298052,0.0
206215,1469695839,2022-02-13,3,0.013889637333620737,154,0.07142857142857142,0,0.7629660083631575,1.279656176854281,-2.162974654293141,-0.7712425916307215,-0.11685315271432228,0.4028555032869132,0.29729818230629057
206215,1392525569,2022-02-13,3,0.013889637333620737,154,0.04411764705882353,0,0.7629660083631575,1.279656176854281,-2.162974654293141,1.7802285655059116,-0.14997309588481111,0.182321556793954,-0.07637297878457439
206215,1392321470,2022-02-13,3,0.013889637333620737,154,0.15,0,0.7629660083631575,1.279656176854281,-2.162974654293141,-0.7871064717377855,0.3795367528528909,-0.7822507580463594,1.7166273291211995
206215,1392166028,2022-02-13,3,0.013889637333620737,154,0.0967741935483871,0,0.7629660083631575,1.279656176854281,-2.162974654293141,-0.8022057978221809,-1.319412717208082,2.067152833596581,0.03717541284176562
206215,1392162219,2022-02-13,3,0.013889637333620737,154,0.16666666666666666,0,0.7629660083631575,1.279656176854281,-2.162974654293141,0.981308976404086,2.079053415719145,0.028987536873251507,0.6931471805599453
206215,1392158625,2022-02-13,3,0.013889637333620737,154,0.13043478260869565,0,0.7629660083631575,1.279656176854281,-2.162974654293141,-0.9748841654699858,-0.4093174605219504,0.8032417277324502,-1.1296329823255666
206215,1392139747,2022-02-13,3,0.013889637333620737,154,0.07894736842105263,0,0.7629660083631575,1.279656176854281,-2.162974654293141,1.4319490166754123,-0.37264436473821805,1.382716539772006,0.8225582542114482
206215,74354,2022-02-13,3,0.013889637333620737,154,0.6,0,0.7629660083631575,1.279656176854281,-2.162974654293141,2.073782080944673,1.1467347160321006,-2.7191000372887952,-0.18232155679395468
206215,59451,2022-02-13,3,0.013889637333620737,154,0.6,0,0.7629660083631575,1.279656176854281,-2.162974654293141,1.8607749269290885,1.2202964819484063,-1.669157147135722,-0.6931471805599453
206215,56260,2022-02-13,3,0.013889637333620737,154,0.0050933786078098476,0,0.7629660083631575,1.279656176854281,-2.162974654293141,1.9861335179636415,-0.0862563628176658,0.5596157879354227,-0.35667494393873267
206215,55653,2022-02-13,3,0.013889637333620737,154,0.5,0,0.7629660083631575,1.279656176854281,-2.162974654293141,2.0810035904245026,1.0971961008826934,-2.4159137783010487,-0.916290731874155
206215,54726,2022-02-13,3,0.013889637333620737,154,0.043478260869565216,0,0.7629660083631575,1.279656176854281,-2.162974654293141,1.5619871996854235,-1.061839937302227,2.833213344056216,3.091042453358316
206215,52388,2022-02-13,3,0.013889637333620737,154,0.005067567567567568,0,0.7629660083631575,1.279656176854281,-2.162974654293141,2.0836628729724613,0.9575601893750751,-2.6592600369327783,-4.867534450455582
206215,52300,2022-02-13,3,0.013889637333620737,154,0.07142857142857142,0,0.7629660083631575,1.279656176854281,-2.162974654293141,-0.5483898766215637,-1.7499846059257256,1.442383827770934,0.1199593150789795
206215,51573,2022-02-13,3,0.013889637333620737,154,0.005067567567567568,0,0.7629660083631575,1.279656176854281,-2.162974654293141,-0.2737376891103409,-2.0455545733176312,1.9810014688665833,-3.401197381662155
206215,51530,2022-02-13,3,0.013889637333620737,154,0.5,0,0.7629660083631575,1.279656176854281,-2.162974654293141,1.9926626750054113,1.2569858423516815,-2.2037392583574125,0.6931471805599453
206215,50278,2022-02-13,3,0.013889637333620737,154,0.42857142857142855,0,0.7629660083631575,1.279656176854281,-2.162974654293141,1.4909123478777835,0.5405497948153424,-0.419717130815366,-0.3184537311185345
206215,50276,2022-02-13,3,0.013889637333620737,154,0.6,0,0.7629660083631575,1.279656176854281,-2.162974654293141,2.261894934458357,1.2593962018388856,-2.306281954875372,-1.252762968495368
206215,1392117675,2022-02-13,3,0.013889637333620737,154,0.09375,0,0.7629660083631575,1.279656176854281,-2.162974654293141,-0.9935490279322252,0.4048108139543416,-0.6406040544918898,-0.3200069054528232
206215,1392111849,2022-02-13,3,0.013889637333620737,154,0.13636363636363635,0,0.7629660083631575,1.279656176854281,-2.162974654293141,0.6923858286889252,-0.7350339532073941,0.5476395968887067,0.37931239529770533
206215,1392108845,2022-02-13,3,0.013889637333620737,154,0.0234375,0,0.7629660083631575,1.279656176854281,-2.162974654293141,-1.1719144141620588,0.030759293577038216,-0.07399125199018108,-0.3502282775752814
206215,1392108713,2022-02-13,3,0.013889637333620737,154,0.034482758620689655,0,0.7629660083631575,1.279656176854281,-2.162974654293141,-0.9569005148917252,0.17048696486442816,-0.3367389388497557,-0.10143026010736023
206215,1392108711,2022-02-13,3,0.013889637333620737,154,0.08823529411764706,0,0.7629660083631575,1.279656176854281,-2.162974654293141,-0.24541140225994668,0.1072759029265451,0.08783566608699633,-0.16147712964532346
206215,1358238076,2022-02-13,3,0.013889637333620737,154,0.1111111111111111,0,0.7629660083631575,1.279656176854281,-2.162974654293141,-1.116834197899586,-0.009909308349492774,-0.032670084608396266,-1.7423197434898272
206215,1290926415,2022-02-13,3,0.013889637333620737,154,0.17647058823529413,0,0.7629660083631575,1.279656176854281,-2.162974654293141,0.5923687565084707,,5.937536205082426,-3.912023005428146
206215,1277308085,2022-02-13,3,0.013889637333620737,154,0.16666666666666666,0,0.7629660083631575,1.279656176854281,-2.162974654293141,0.8256783582888371,,5.739792912179234,0.0
212087,2142862519,2022-02-13,3,0.02269107685795183,83,0.031914893617021274,0,1.0163003419824432,0.5477472608428338,-2.079441541679836,-4.274062815983588,-0.008149772865976956,0.006248576231536518,-0.9341152959998187
212087,142407,2022-02-13,3,0.02269107685795183,83,0.06976744186046512,0,1.0163003419824432,0.5477472608428338,-2.079441541679836,2.5843095781962204,1.5120762559742273,-3.737669618283368,-1.302524478054432
212087,141177,2022-02-13,3,0.02269107685795183,83,0.6,0,1.0163003419824432,0.5477472608428338,-2.079441541679836,2.141311496226394,1.525172072639155,-2.1827838931814254,-1.0986122886681096
212087,55497,2022-02-13,3,0.02269107685795183,83,0.075,0,1.0163003419824432,0.5477472608428338,-2.079441541679836,0.8550892044672207,-0.34582511977520225,0.569768159399441,-0.5913644862500034
212087,136480,2022-02-13,3,0.02269107685795183,83,0.038461538461538464,0,1.0163003419824432,0.5477472608428338,-2.079441541679836,-3.775736798403638,-1.0447271412274572,0.7713468443726654,-2.3546924889007013
212087,129172,2022-02-13,3,0.02269107685795183,83,0.041666666666666664,0,1.0163003419824432,0.5477472608428338,-2.079441541679836,-0.5815992765606776,1.1466240181490295,-0.837787397720871,-0.13985337512643525
212087,87194,2022-02-13,3,0.02269107685795183,83,0.07317073170731707,0,1.0163003419824432,0.5477472608428338,-2.079441541679836,2.024483603015461,0.6605418405961843,-2.7013612129514133,2.032039302785252
212087,56260,2022-02-13,3,0.02269107685795183,83,0.0050933786078098476,0,1.0163003419824432,0.5477472608428338,-2.079441541679836,1.9861335179636415,-0.0862563628176658,0.5596157879354227,-0.35667494393873267
212087,263678655,2022-02-13,3,0.02269107685795183,83,0.04411764705882353,0,1.0163003419824432,0.5477472608428338,-2.079441541679836,0.004756541935292212,0.40926910215823165,-0.6215535273729369,1.6005790738835701
212087,349798,2022-02-13,3,0.02269107685795183,83,0.0967741935483871,0,1.0163003419824432,0.5477472608428338,-2.079441541679836,2.6238271369876505,,0.6931471805599453,1.0986122886681096
212087,328464,2022-02-13,3,0.02269107685795183,83,0.6,0,1.0163003419824432,0.5477472608428338,-2.079441541679836,1.0443876035889885,0.3655341063422055,-2.1754845906998135,-0.6931471805599453
212087,2080904040,2022-02-13,3,0.02269107685795183,83,0.036585365853658534,0,1.0163003419824432,0.5477472608428338,-2.079441541679836,-5.380653986069392,0.029700543861849837,-0.03117270623913626,-0.3617326748177341
212087,146667,2022-02-13,3,0.02269107685795183,83,0.07317073170731707,0,1.0163003419824432,0.5477472608428338,-2.079441541679836,1.0372070023871276,0.46700798962495793,1.1773045572437741,-0.11332868530700324
212087,1392184298,2022-02-13,3,0.02269107685795183,83,0.11538461538461539,0,1.0163003419824432,0.5477472608428338,-2.079441541679836,1.7915756636030054,,1.791759469228055,5.3561931156341185
212087,2018450532,2022-02-13,3,0.02269107685795183,83,0.023076923076923078,0,1.0163003419824432,0.5477472608428338,-2.079441541679836,-2.930639335196711,-0.5541465533124881,0.5886668554943082,0.31948587512051496
212087,1392108711,2022-02-13,3,0.02269107685795183,83,0.08823529411764706,0,1.0163003419824432,0.5477472608428338,-2.079441541679836,-0.24541140225994668,0.1072759029265451,0.08783566608699633,-0.16147712964532346
212087,1392108713,2022-02-13,3,0.02269107685795183,83,0.034482758620689655,0,1.0163003419824432,0.5477472608428338,-2.079441541679836,-0.9569005148917252,0.17048696486442816,-0.3367389388497557,-0.10143026010736023
212087,1392139747,2022-02-13,3,0.02269107685795183,83,0.07894736842105263,0,1.0163003419824432,0.5477472608428338,-2.079441541679836,1.4319490166754123,-0.37264436473821805,1.382716539772006,0.8225582542114482
212087,44680,2022-02-13,3,0.02269107685795183,83,0.005154639175257732,0,1.0163003419824432,0.5477472608428338,-2.079441541679836,-1.863033420916099,,6.5638555265321274,-3.8501476017100584
212087,52388,2022-02-13,3,0.02269107685795183,83,0.005067567567567568,0,1.0163003419824432,0.5477472608428338,-2.079441541679836,2.0836628729724613,0.9575601893750751,-2.6592600369327783,-4.867534450455582
212087,52300,2022-02-13,3,0.02269107685795183,83,0.07142857142857142,0,1.0163003419824432,0.5477472608428338,-2.079441541679836,-0.5483898766215637,-1.7499846059257256,1.442383827770934,0.1199593150789795
212087,51573,2022-02-13,3,0.02269107685795183,83,0.005067567567567568,0,1.0163003419824432,0.5477472608428338,-2.079441541679836,-0.2737376891103409,-2.0455545733176312,1.9810014688665833,-3.401197381662155
212087,49403,2022-02-13,3,0.02269107685795183,83,0.6,0,1.0163003419824432,0.5477472608428338,-2.079441541679836,1.2975593026655177,0.3778344816481445,-2.4244749106030827,-0.2876820724517808
212087,47921,2022-02-13,3,0.02269107685795183,83,0.5,0,1.0163003419824432,0.5477472608428338,-2.079441541679836,1.2674764321750436,0.5827728681156779,-2.492126897761487,-0.6931471805599453
212087,47978,2022-02-13,3,0.02269107685795183,83,0.07317073170731707,0,1.0163003419824432,0.5477472608428338,-2.079441541679836,0.4016734143023506,-0.5231012805342807,0.9015484501369517,-1.729239112246721
212087,1199730922,2022-02-13,3,0.02269107685795183,83,0.013636363636363636,0,1.0163003419824432,0.5477472608428338,-2.079441541679836,-2.9193009731430144,0.07503179608445842,-0.10640722182045437,-1.2455938445474999
212087,397993501,2022-02-13,3,0.02269107685795183,83,0.058823529411764705,0,1.0163003419824432,0.5477472608428338,-2.079441541679836,-2.590123720104873,-0.7105994344785571,1.689050632330991,0.42012339577567737
212087,300531239,2022-02-13,3,0.02269107685795183,83,0.038461538461538464,0,1.0163003419824432,0.5477472608428338,-2.079441541679836,-0.1432685875324997,1.924438234022536,-1.1902863572470874,0.08604619249553558
212087,869463199,2022-02-13,3,0.02269107685795183,83,0.17647058823529413,0,1.0163003419824432,0.5477472608428338,-2.079441541679836,0.9578753089538989,,5.60947179518496,0.0
212087,228404,2022-02-13,2,0.01854169926459083,83,0.3333333333333333,0,1.0163003419824432,0.5477472608428338,-2.079441541679836,1.1630658568864682,0.3817042024736401,-2.2216160304603783,-1.0986122886681096
212087,137372,2022-02-13,2,0.01854169926459083,83,0.3333333333333333,0,1.0163003419824432,0.5477472608428338,-2.079441541679836,1.066935855065303,0.15393492314342272,-2.231357583705678,-1.6094379124341003
212087,571184990,2022-02-13,2,0.01854169926459083,83,0.043478260869565216,0,1.0163003419824432,0.5477472608428338,-2.079441541679836,-3.3658557459014036,0.11361690158742022,0.009981896553552971,0.60292154904438
212087,2142864304,2022-02-13,2,0.016197570364445333,83,0.027777777777777776,0,1.0163003419824432,0.5477472608428338,-2.079441541679836,-2.0783227877429544,-0.11630041835457705,0.22787730748391688,-0.05593392146485421
212087,1395542724,2022-02-13,2,0.016197570364445333,83,0.022727272727272728,0,1.0163003419824432,0.5477472608428338,-2.079441541679836,-2.8648791399221407,-0.7324118103689736,0.7078128879625769,0.2959636626102551
212087,1769772275,2022-02-13,2,0.016197570364445333,83,0.02127659574468085,0,1.0163003419824432,0.5477472608428338,-2.079441541679836,1.6123843677883956,,4.07753744390572,-0.7707723425904813
212087,2004429834,2022-02-13,2,0.016197570364445333,83,0.034482758620689655,0,1.0163003419824432,0.5477472608428338,-2.079441541679836,-3.40071731979635,0.057138081029958876,-0.04438405219709374,-0.2603064997186362
212087,2116182225,2022-02-13,2,0.016197570364445333,83,0.03773584905660377,0,1.0163003419824432,0.5477472608428338,-2.079441541679836,-2.0799316100574123,-0.05233536638323333,0.07314519667527364,0.16520875764853926
571184990,52388,2022-03-16,33,1.5610393030835656,3,0.05509181969949917,1,-4.100680621678435,-0.23761051853767512,0.07416778300779114,2.5843095781962204,3.01218997868204,-3.9796816539019604,0.5108256237659905
571184990,51573,2022-03-16,33,1.5610393030835656,3,0.05509181969949917,1,-4.100680621678435,-0.23761051853767512,0.07416778300779114,2.017924356940894,0.4767823956774222,0.0,-7.2633296174768365
571184990,56260,2022-03-16,32,1.2277059697502324,5,0.05360134003350084,1,-4.100680621678435,-0.23761051853767512,0.07416778300779114,2.3200649399984825,1.2900440079272508,0.6931471805599452,-0.8472978603872034
571184990,44680,2022-03-16,32,1.2277059697502324,5,0.05423728813559322,1,-4.100680621678435,-0.23761051853767512,0.07416778300779114,1.9277398785898758,-0.6960872583977746,2.1400661634962708,-5.6131281063880705
571184990,1392108845,2022-03-16,31,0.7929450450488582,6,0.22962962962962963,1,-4.100680621678435,-0.23761051853767512,0.07416778300779114,-1.0474698203914727,-0.2516828073355425,0.24015865632019207,-0.12187809956852824
571184990,1199730922,2022-03-16,31,0.7211683964690102,9,0.13596491228070176,1,-4.100680621678435,-0.23761051853767512,0.07416778300779114,-2.547217901771153,0.4099291370254039,-0.610421895928619,1.2546348315451237
571184990,2018450532,2022-03-16,29,0.41956294099258695,16,0.20863309352517986,1,-4.100680621678435,-0.23761051853767512,0.07416778300779114,-3.6999373587919915,-0.11739129258540526,0.2144363990071767,-1.5822868844881803
571184990,671804639,2022-03-16,22,0.39592181800981163,9,0.2268041237113402,1,-4.100680621678435,-0.23761051853767512,0.07416778300779114,-0.658265984186753,0.3421536474382513,-0.0773623888247883,-1.1404877605588855
571184990,92118,2022-03-16,20,0.3536222060142304,11,0.2247191011235955,1,-4.100680621678435,-0.23761051853767512,0.07416778300779114,2.6238271369876505,1.5518444099861135,-3.1135153092103742,2.6390573296152584
571184990,1392525569,2022-03-16,20,0.3536222060142304,11,0.22727272727272727,1,-4.100680621678435,-0.23761051853767512,0.07416778300779114,1.6401141842774847,0.05025170837970139,-0.20875481386211092,4.937347498326424
571184990,1392108713,2022-03-16,23,0.3134268889934799,18,0.22330097087378642,1,-4.100680621678435,-0.23761051853767512,0.07416778300779114,-1.1057752144051052,0.3699190299210988,-0.2547820231131883,-0.3631344576285471
571184990,1395542724,2022-03-16,23,0.27828196333028343,20,0.22549019607843138,1,-4.100680621678435,-0.23761051853767512,0.07416778300779114,-1.6651989342286044,1.0427702089478341,-1.602236376220704,-1.151858448617931
571184990,136480,2022-03-16,24,0.2771842639866164,20,0.2608695652173913,1,-4.100680621678435,-0.23761051853767512,0.07416778300779114,-3.4057533603382573,0.2505192945110286,-0.4641006889453845,0.04536927759430398
571184990,665872424,2022-03-16,13,0.26922560157037095,11,0.1780821917808219,1,-4.100680621678435,-0.23761051853767512,0.07416778300779114,-0.6838981196500655,-1.648885060314421,3.7503787540560136,3.0667643240021114
571184990,2142862519,2022-03-16,19,0.2342595255424383,16,0.168141592920354,1,-4.100680621678435,-0.23761051853767512,0.07416778300779114,-4.211111239561211,0.3182228454270426,-0.4812510115573474,0.20197905792307225
571184990,2080904040,2022-03-16,22,0.22415230225677674,18,0.22448979591836735,1,-4.100680621678435,-0.23761051853767512,0.07416778300779114,-5.350367032509174,0.03246033832152051,-0.041835182838687146,-0.05991551550040697
571184990,129172,2022-03-16,22,0.20060219718080885,32,0.24719101123595505,0,-4.100680621678435,-0.23761051853767512,0.07416778300779114,-0.6149874285909205,-0.28257155624970276,0.419960677460371,0.5791160172897936
571184990,300531239,2022-03-16,18,0.20015423346472686,16,0.1836734693877551,1,-4.100680621678435,-0.23761051853767512,0.07416778300779114,0.04205517802754056,0.6927212925634312,0.14517429001263693,0.7200816649817074
571184990,184224,2022-03-16,17,0.1860707941231465,14,0.17708333333333334,1,-4.100680621678435,-0.23761051853767512,0.07416778300779114,-0.3469709048144947,0.6866999037429826,-0.8296592013226052,0.07216931077339428
571184990,123526,2022-03-16,18,0.18215136412680635,20,0.21951219512195122,1,-4.100680621678435,-0.23761051853767512,0.07416778300779114,-1.5761638995499083,-1.0798461917102373,1.4328629588853135,-0.02756079957887092
571184990,311477,2022-03-16,6,0.18001751215278047,6,0.09523809523809523,1,-4.100680621678435,-0.23761051853767512,0.07416778300779114,-0.7229140480416402,-0.3709943322263348,0.6137461903777304,-0.5688694011596942
571184990,568228234,2022-03-16,15,0.17875586635929977,20,0.18072289156626506,1,-4.100680621678435,-0.23761051853767512,0.07416778300779114,1.9516361019583552,0.07254113934658091,-0.4432054360910116,0.5727834983100699
571184990,263678655,2022-03-16,19,0.16958456728185312,32,0.2159090909090909,0,-4.100680621678435,-0.23761051853767512,0.07416778300779114,-0.053429522416269117,-0.31888316575954617,0.41814597800844133,0.6269273812552285
571184990,734194786,2022-03-16,16,0.1639745307243661,25,0.18823529411764706,1,-4.100680621678435,-0.23761051853767512,0.07416778300779114,-0.7504059368541814,0.022597118236281633,0.11397318825643055,-0.033323795280217006
571184990,397993501,2022-03-16,18,0.15967569471527993,32,0.2535211267605634,0,-4.100680621678435,-0.23761051853767512,0.07416778300779114,-2.5820987838929597,-0.02165595102531981,-0.3285640261997784,-1.309056830420964
571184990,349798,2022-03-16,10,0.15793979096596228,16,0.15625,1,-4.100680621678435,-0.23761051853767512,0.07416778300779114,2.6238271369876505,0.9078041347410879,-2.5649493574615363,-0.6931471805599452
571184990,145190,2022-03-16,14,0.15324468242992234,20,0.1917808219178082,1,-4.100680621678435,-0.23761051853767512,0.07416778300779114,-1.5630169988075109,-1.2670790859035366,1.551640280245084,-0.12532341220669352
571184990,543125625,2022-03-16,16,0.14861813756021788,28,0.19753086419753085,0,-4.100680621678435,-0.23761051853767512,0.07416778300779114,1.45764458300374,-0.28721098665311784,0.03774032798284743,0.5610292157325691
571184990,593279071,2022-03-16,15,0.14107137931846336,28,0.1744186046511628,0,-4.100680621678435,-0.23761051853767512,0.07416778300779114,1.7910466867031591,0.015335611689304862,-0.24397763821705176,0.8143607513131181
571184990,48300,2022-03-16,12,0.14084124428390993,20,0.18181818181818182,1,-4.100680621678435,-0.23761051853767512,0.07416778300779114,1.7343738324348508,0.12868958706338618,-1.081633952133692,1.9449573143000416
571184990,1392184298,2022-03-16,11,0.13815794220000463,25,0.19642857142857142,1,-4.100680621678435,-0.23761051853767512,0.07416778300779114,1.7915756636030054,0.0,0.0,-4.99833776628585
179056,2144220670,2022-05-01,1,0.0010395010395010396,962,0.05263157894736842,0,0.5251684757948641,-1.3596432650645196,-0.5065392905853061,1.4819186203300445,0.3132486260415235,-1.1060334730057262,-0.008048333182828493
179056,2142879863,2022-05-01,1,0.0010395010395010396,962,0.06666666666666667,0,0.5251684757948641,-1.3596432650645196,-0.5065392905853061,-1.7510988120033535,-0.013810272308488969,0.0028726127366169862,-0.1720121871350937
179056,2142878670,2022-05-01,1,0.0010395010395010396,962,0.058823529411764705,0,0.5251684757948641,-1.3596432650645196,-0.5065392905853061,-1.7835431606776768,-0.003764230254178269,-0.023818111213214976,-0.1336673268325761
179056,2142877002,2022-05-01,1,0.0010395010395010396,962,0.038461538461538464,0,0.5251684757948641,-1.3596432650645196,-0.5065392905853061,-1.7580416221551949,0.013986090968026943,-0.0370194087391269,-0.17319916163602933
179056,2142870385,2022-05-01,1,0.0010395010395010396,962,0.06666666666666667,0,0.5251684757948641,-1.3596432650645196,-0.5065392905853061,-1.7740114516636216,0.0003207630899013658,-0.016534591850941638,-0.13150183093072343
179056,2142869398,2022-05-01,1,0.0010395010395010396,962,0.05555555555555555,0,0.5251684757948641,-1.3596432650645196,-0.5065392905853061,-1.7774065580364795,-0.016635310313565244,0.005775417122931614,-0.12701866847198673
179056,2142869226,2022-05-01,1,0.0010395010395010396,962,0.03571428571428571,0,0.5251684757948641,-1.3596432650645196,-0.5065392905853061,-1.831759216331765,-0.047735315081453455,0.05807886480936553,-0.14746529376688677
179056,2142865506,2022-05-01,1,0.0010395010395010396,962,0.047619047619047616,0,0.5251684757948641,-1.3596432650645196,-0.5065392905853061,-1.7657940061803197,-0.013823949398900526,0.008032171697264445,-0.16372057902960968
179056,2142865418,2022-05-01,1,0.0010395010395010396,962,0.05555555555555555,0,0.5251684757948641,-1.3596432650645196,-0.5065392905853061,-1.8069372714038803,0.017028086231359874,-0.03213896718919251,-0.11093000064366265
179056,2142864862,2022-05-01,1,0.0010395010395010396,962,0.04,0,0.5251684757948641,-1.3596432650645196,-0.5065392905853061,-1.7502041822635028,0.04139639743557977,-0.06384122640564982,-0.13865397975016158
179056,2142864304,2022-05-01,1,0.0010395010395010396,962,0.014084507042253521,0,0.5251684757948641,-1.3596432650645196,-0.5065392905853061,-1.9066887452266508,0.0037248875441828755,-0.0023434459364146676,-0.2608755281828099
179056,2142862748,2022-05-01,1,0.0010395010395010396,962,0.058823529411764705,0,0.5251684757948641,-1.3596432650645196,-0.5065392905853061,-1.7758801875661574,-0.043646871142878574,0.04268974166483552,-0.2005358987198811
179056,2142862519,2022-05-01,1,0.0010395010395010396,962,0.010638297872340425,0,0.5251684757948641,-1.3596432650645196,-0.5065392905853061,-5.188484435258304,-0.2583955211249398,0.32624931391287326,0.277659096567783
179056,2130921131,2022-05-01,1,0.0010395010395010396,962,0.07692307692307693,0,0.5251684757948641,-1.3596432650645196,-0.5065392905853061,-0.04756000529094599,-0.5477072676741426,0.7230001437096267,0.05715841383994835
179056,2129632899,2022-05-01,1,0.0010395010395010396,962,0.06666666666666667,0,0.5251684757948641,-1.3596432650645196,-0.5065392905853061,-1.7562962112352587,0.05815454698985478,-0.08773234110498329,-0.13517100604316035
179056,2123493281,2022-05-01,1,0.0010395010395010396,962,0.08333333333333333,0,0.5251684757948641,-1.3596432650645196,-0.5065392905853061,-1.7931783438884903,-0.0004927688477067704,-0.02956083208223248,-0.24034217193093177
179056,47278,2022-05-01,1,0.0010395010395010396,962,0.1,0,0.5251684757948641,-1.3596432650645196,-0.5065392905853061,1.4681697667507994,0.457822219247922,-2.7743899836094217,0.9889133714116847
179056,47059,2022-05-01,1,0.0010395010395010396,962,0.09090909090909091,0,0.5251684757948641,-1.3596432650645196,-0.5065392905853061,1.5639099267012302,0.4579562843730054,0.2035989552412394,-0.17768117723745247
179056,46541,2022-05-01,1,0.0010395010395010396,962,0.05263157894736842,0,0.5251684757948641,-1.3596432650645196,-0.5065392905853061,1.6196481936627014,0.6854615199264475,-1.1826954058786514,0.1472040146963618
179056,46484,2022-05-01,1,0.0010395010395010396,962,0.14285714285714285,0,0.5251684757948641,-1.3596432650645196,-0.5065392905853061,0.38088737773646697,,5.929589143389895,3.044522437723423
179056,46237,2022-05-01,1,0.0010395010395010396,962,0.16666666666666666,0,0.5251684757948641,-1.3596432650645196,-0.5065392905853061,-1.4439928365650037,0.09579953744889091,-0.07188984071913218,1.6325467397605653
179056,46016,2022-05-01,1,0.0010395010395010396,962,0.1111111111111111,0,0.5251684757948641,-1.3596432650645196,-0.5065392905853061,1.2814288746786082,-0.26121156272813306,-0.10969891725642444,-1.1574527886910428
179056,45672,2022-05-01,1,0.0010395010395010396,962,0.1,0,0.5251684757948641,-1.3596432650645196,-0.5065392905853061,2.492554082734636,-0.13127305425301428,0.33647223662121295,-0.14310084364067333
179056,45022,2022-05-01,1,0.0010395010395010396,962,0.09090909090909091,0,0.5251684757948641,-1.3596432650645196,-0.5065392905853061,1.0058357901269943,-0.5034512417384152,0.940388283453216,0.3923440201454671
179056,44948,2022-05-01,1,0.0010395010395010396,962,0.2,0,0.5251684757948641,-1.3596432650645196,-0.5065392905853061,-1.8516004526701892,0.04253762386339055,-0.13657553500575048,-0.05862484334752338
179056,44792,2022-05-01,1,0.0010395010395010396,962,0.09090909090909091,0,0.5251684757948641,-1.3596432650645196,-0.5065392905853061,1.3122412541543285,-0.04626196222954437,-0.44590607766667567,0.3067302674224752
179056,44764,2022-05-01,1,0.0010395010395010396,962,0.02564102564102564,0,0.5251684757948641,-1.3596432650645196,-0.5065392905853061,1.257163876614238,0.9683468518333072,-0.8334328202500316,-4.308559482792009
179056,44755,2022-05-01,1,0.0010395010395010396,962,0.16666666666666666,0,0.5251684757948641,-1.3596432650645196,-0.5065392905853061,-0.29601212785916037,-0.4208255107370478,0.26842425584736684,0.626920895308654
179056,49491,2022-05-01,1,0.0010395010395010396,962,0.1111111111111111,0,0.5251684757948641,-1.3596432650645196,-0.5065392905853061,2.217418346625322,0.23137805135831035,-0.2876820724517808,-2.159484249353372
179056,48814,2022-05-01,1,0.0010395010395010396,962,0.1111111111111111,0,0.5251684757948641,-1.3596432650645196,-0.5065392905853061,2.007095483892545,1.0044747218735166,-1.5518087995974645,0.3624056186477178
179056,48813,2022-05-01,1,0.0010395010395010396,962,0.125,0,0.5251684757948641,-1.3596432650645196,-0.5065392905853061,1.3883272677042104,0.7403000998442498,-2.4593900544061773,-0.2623642644674904
179056,48496,2022-05-01,1,0.0010395010395010396,962,0.09090909090909091,0,0.5251684757948641,-1.3596432650645196,-0.5065392905853061,2.5214407181967875,2.905300031564433,-3.0540011816779664,-2.2686835413183646
179056,48474,2022-05-01,1,0.0010395010395010396,962,0.03571428571428571,0,0.5251684757948641,-1.3596432650645196,-0.5065392905853061,1.7155668278717178,-0.9082603091159327,2.4423470353692043,0.2876820724517808
179056,48473,2022-05-01,1,0.0010395010395010396,962,0.02631578947368421,0,0.5251684757948641,-1.3596432650645196,-0.5065392905853061,1.356004539426945,0.9022893441679614,-0.9289758914014712,1.9299098077088725
179056,48300,2022-05-01,1,0.0010395010395010396,962,0.02702702702702703,0,0.5251684757948641,-1.3596432650645196,-0.5065392905853061,1.6010450523134045,2.053198143271783,-0.044059989794030585,-0.016978336534418048
1396889702,263678655,2022-06-22,4,0.01271317678713789,148,0.058823529411764705,0,-1.9833831774522457,1.6355946227600624,1.8691773846990563,-1.744432046084697,-0.3602328125621732,3.0514552888244513,-0.015471770048937294
1396889702,397993501,2022-06-22,4,0.01271317678713789,148,0.0784313725490196,0,-1.9833831774522457,1.6355946227600624,1.8691773846990563,-4.211229124021296,0.7785793659852738,2.108102491963045,-0.07448267835776612
1396889702,468388162,2022-06-22,4,0.01271317678713789,148,0.14814814814814814,0,-1.9833831774522457,1.6355946227600624,1.8691773846990563,-0.3836204657284715,-0.38198651765584024,3.2923586016280044,0.12348105677102161
1396889702,657155370,2022-06-22,4,0.01271317678713789,148,0.057971014492753624,0,-1.9833831774522457,1.6355946227600624,1.8691773846990563,-1.957911704476553,-0.5296338502756441,3.835193384227469,0.5606569498224285
1396889702,828337656,2022-06-22,4,0.01271317678713789,148,0.08695652173913043,0,-1.9833831774522457,1.6355946227600624,1.8691773846990563,-1.2034136581799604,0.44979784894733954,3.14384707494641,-0.5175092775531596
1396889702,1392108685,2022-06-22,4,0.01271317678713789,148,0.11428571428571428,0,-1.9833831774522457,1.6355946227600624,1.8691773846990563,-1.6870597484702448,-1.2469889588201135,5.614128312396205,0.15890961178929253
1396889702,2080904040,2022-06-22,4,0.01271317678713789,148,0.04878048780487805,0,-1.9833831774522457,1.6355946227600624,1.8691773846990563,-5.515458018337162,-0.017167747763545904,2.591059649726162,-0.087159813750743
1396889702,129172,2022-06-22,4,0.01271317678713789,148,0.05555555555555555,0,-1.9833831774522457,1.6355946227600624,1.8691773846990563,-1.3249641694108076,-1.1083622270569888,6.969514205328764,0.11276277012338021
1396889702,1392525569,2022-06-22,4,0.01271317678713789,148,0.058823529411764705,0,-1.9833831774522457,1.6355946227600624,1.8691773846990563,1.7759032926794995,-0.007768859165219855,2.4567357728213044,-0.802346472524937
1396889702,1392108713,2022-06-22,4,0.01271317678713789,148,0.04597701149425287,0,-1.9833831774522457,1.6355946227600624,1.8691773846990563,-1.5715417905021267,3.775068523204431,-2.367586902996008,2.6487376901387414
1396889702,1392108845,2022-06-22,4,0.01271317678713789,148,0.03125,0,-1.9833831774522457,1.6355946227600624,1.8691773846990563,-1.2757089711776806,0.8037905236022229,2.0409579305374823,-0.1855153498101476
1396889702,612176483,2022-06-22,4,0.01271317678713789,148,0.0784313725490196,0,-1.9833831774522457,1.6355946227600624,1.8691773846990563,-1.0781008806509713,1.0698298344339996,1.6633267056550132,1.506775589710422
1396889702,1392109457,2022-06-22,3,0.01155844237605244,148,0.08571428571428572,0,-1.9833831774522457,1.6355946227600624,1.8691773846990563,2.21817142351685,1.154602107238571,-0.2231435513142097,-0.8051208521094884
1396889702,2142864304,2022-06-22,3,0.01155844237605244,148,0.041666666666666664,0,-1.9833831774522457,1.6355946227600624,1.8691773846990563,-2.011275623204408,-0.17966492427138614,2.8143346595413172,-0.14939212308621563
1396889702,311477,2022-06-22,3,0.01155844237605244,148,0.0967741935483871,0,-1.9833831774522457,1.6355946227600624,1.8691773846990563,-0.6533757890517394,-0.36010663133452225,3.1130423841601793,-0.5321483932348121
1396889702,432195,2022-06-22,3,0.01155844237605244,148,0.12,0,-1.9833831774522457,1.6355946227600624,1.8691773846990563,1.9810398154452928,0.6486410796774515,0.5978370007556202,2.772588722239781
1396889702,48474,2022-06-22,3,0.01155844237605244,148,0.10344827586206896,0,-1.9833831774522457,1.6355946227600624,1.8691773846990563,2.6238271369876505,0.03951755879143004,0.4054651081081645,-5.802118375377063
1396889702,2123373236,2022-06-22,3,0.010997910920928626,148,0.3333333333333333,0,-1.9833831774522457,1.6355946227600624,1.8691773846990563,1.3209563756170808,1.4305772714780862,0.7807452398779313,-1.8128128784258877
1396889702,593279071,2022-06-22,3,0.010997910920928626,148,0.047619047619047616,0,-1.9833831774522457,1.6355946227600624,1.8691773846990563,0.0885032394280067,-1.3909734729534813,4.537367082636729,0.6317782341836535
1396889702,568228234,2022-06-22,3,0.010997910920928626,148,0.05,0,-1.9833831774522457,1.6355946227600624,1.8691773846990563,0.07349209154910019,-1.247051376581312,4.395570859781639,0.5172565140962808
1396889702,184224,2022-06-22,3,0.010997910920928626,148,0.04,0,-1.9833831774522457,1.6355946227600624,1.8691773846990563,-0.37520181323964175,-2.6721109144589885,6.352629396319566,0.09799835346612529
1396889702,300531239,2022-06-22,3,0.010997910920928626,148,0.0379746835443038,0,-1.9833831774522457,1.6355946227600624,1.8691773846990563,-1.4560339303938203,-1.153251262209235,7.359789277386136,-1.0062511046803504
1396889702,253405494,2022-06-22,3,0.010997910920928626,148,0.16666666666666666,0,-1.9833831774522457,1.6355946227600624,1.8691773846990563,0.08570139552204806,-0.11497751855178662,2.8858262955244904,-3.528145070922837
1396889702,102912232,2022-06-22,3,0.010997910920928626,148,0.06818181818181818,0,-1.9833831774522457,1.6355946227600624,1.8691773846990563,-1.9877573304548417,0.8353796569790048,1.6519598187513065,0.21069696260291337
1396889702,432187,2022-06-22,3,0.010997910920928626,148,0.23076923076923078,0,-1.9833831774522457,1.6355946227600624,1.8691773846990563,0.12149108793434864,,6.386879319362645,0.6931471805599453
1396889702,2024552199,2022-06-22,3,0.010997910920928626,148,0.04918032786885246,0,-1.9833831774522457,1.6355946227600624,1.8691773846990563,0.02540036074740084,-1.5482423422161367,4.7106556938340685,0.3370623812237632
1396889702,136480,2022-06-22,3,0.010997910920928626,148,0.0379746835443038,0,-1.9833831774522457,1.6355946227600624,1.8691773846990563,-3.4057582270911433,0.4695881897891825,2.0689783953933905,0.1304294965395485
1396889702,2024380045,2022-06-22,3,0.010997910920928626,148,0.047619047619047616,0,-1.9833831774522457,1.6355946227600624,1.8691773846990563,0.035613207968973236,0.714751376818227,1.90573660114676,0.6574290979578663
1396889702,131846,2022-06-22,3,0.010997910920928626,148,0.07692307692307693,0,-1.9833831774522457,1.6355946227600624,1.8691773846990563,1.2309536957814335,2.300322235854675,-0.2953449451973498,-0.40817146970590734
104634312,48293,2022-06-25,4,0.005594772238408281,522,0.2,0,-0.9839063815936266,0.3043730155336466,0.5616131469319798,-0.29825321828139256,-1.39075503296054,2.9854757733868023,-0.09657680441951833
104634312,358263,2022-06-25,4,0.005594772238408281,522,0.13793103448275862,0,-0.9839063815936266,0.3043730155336466,0.5616131469319798,-0.7974610043736335,0.10044378652209973,2.3066245424691454,0.5013193467373398
104634312,1392108713,2022-06-25,4,0.005594772238408281,522,0.04597701149425287,0,-0.9839063815936266,0.3043730155336466,0.5616131469319798,-1.5984342163120144,-0.3312493582883971,2.4501973962406574,2.5153309295688135
104634312,1762279368,2022-06-25,4,0.005594772238408281,522,0.08163265306122448,0,-0.9839063815936266,0.3043730155336466,0.5616131469319798,-1.6090924994678357,-0.4426320066504721,2.8954095519261216,-0.41095332918521876
104634312,1901707513,2022-06-25,4,0.005594772238408281,522,0.08888888888888889,0,-0.9839063815936266,0.3043730155336466,0.5616131469319798,-1.6567896163780809,0.15911095071662418,1.2357516226688317,-0.5142594436289585
104634312,1843548408,2022-06-25,4,0.005594772238408281,522,0.14285714285714285,0,-0.9839063815936266,0.3043730155336466,0.5616131469319798,-0.9113888387094271,0.1245890477621503,1.844639618649011,0.21105854559198534
104634312,61416813,2022-06-25,4,0.005594772238408281,522,0.18181818181818182,0,-0.9839063815936266,0.3043730155336466,0.5616131469319798,0.016126177039714855,-0.37722933397793623,2.5461252722159013,-1.5268149877562278
104634312,1199730922,2022-06-25,4,0.005594772238408281,522,0.01809954751131222,0,-0.9839063815936266,0.3043730155336466,0.5616131469319798,-4.87319095012182,-0.3236890015080194,2.513936363017475,-0.3320260878182797
104634312,1746521229,2022-06-25,4,0.005594772238408281,522,0.1,0,-0.9839063815936266,0.3043730155336466,0.5616131469319798,-1.947539443000759,0.15670697148570945,1.9705793317420977,0.4397535294329433
104634312,102912232,2022-06-25,4,0.005594772238408281,522,0.09302325581395349,0,-0.9839063815936266,0.3043730155336466,0.5616131469319798,-2.0230632247570943,0.3919399721493404,1.6102582829089123,0.19804338539663746
104634312,2080904040,2022-06-25,4,0.005594772238408281,522,0.04878048780487805,0,-0.9839063815936266,0.3043730155336466,0.5616131469319798,-5.5356189646288385,-0.13864874063496657,2.130273694330361,0.0003592637245688479
104634312,1396292015,2022-06-25,4,0.005594772238408281,522,0.13333333333333333,0,-0.9839063815936266,0.3043730155336466,0.5616131469319798,-2.6740478542024344,0.17760789302849211,1.8760719728892923,-0.027103787869735996
104634312,1395542724,2022-06-25,4,0.005594772238408281,522,0.04597701149425287,0,-0.9839063815936266,0.3043730155336466,0.5616131469319798,-1.6797920049874933,0.40991851644634614,1.195859169551766,0.08147216864135842
104634312,230486425,2022-06-25,4,0.005594772238408281,522,0.2222222222222222,0,-0.9839063815936266,0.3043730155336466,0.5616131469319798,0.27195751530859863,-1.1364500561905302,3.9266523154441053,1.6564049220420172
104634312,257552031,2022-06-25,4,0.005594772238408281,522,0.25,0,-0.9839063815936266,0.3043730155336466,0.5616131469319798,-0.1768711123477182,-0.22098481737371645,2.320752396949495,0.825318953668428
104634312,288704213,2022-06-25,4,0.005594772238408281,522,0.15384615384615385,0,-0.9839063815936266,0.3043730155336466,0.5616131469319798,0.18447569474905462,-0.6748089883099258,3.1879682874051243,0.20504980787151084
104634312,152211,2022-06-25,4,0.005594772238408281,522,0.19047619047619047,0,-0.9839063815936266,0.3043730155336466,0.5616131469319798,0.6074756764077931,1.2710843912442031,-0.4792993701192172,-0.7942842002318748
104634312,998269223,2022-06-25,4,0.005594772238408281,522,0.08695652173913043,0,-0.9839063815936266,0.3043730155336466,0.5616131469319798,-1.687855100518728,0.1441228442676734,1.7903792067590958,0.18104700705881704
104634312,1055903707,2022-06-25,4,0.005594772238408281,522,0.18181818181818182,0,-0.9839063815936266,0.3043730155336466,0.5616131469319798,0.0006162171205724209,-1.860018106137291,4.35799005684564,-1.5383725013451768
104634312,2004429834,2022-06-25,4,0.005594772238408281,522,0.07017543859649122,0,-0.9839063815936266,0.3043730155336466,0.5616131469319798,-2.6239712724481215,-0.285694446083816,2.36330969314859,0.08820452772108212
104634312,136480,2022-06-25,4,0.005594772238408281,522,0.05128205128205128,0,-0.9839063815936266,0.3043730155336466,0.5616131469319798,-3.399602802977856,-0.48001170100033486,2.643002888420652,-0.0528633023875571
104634312,184224,2022-06-25,4,0.005594772238408281,522,0.05405405405405406,0,-0.9839063815936266,0.3043730155336466,0.5616131469319798,-0.4625545153488137,-0.20658371459205682,2.409074004032341,0.40500332098381886
104634312,2018450532,2022-06-25,4,0.005594772238408281,522,0.03076923076923077,0,-0.9839063815936266,0.3043730155336466,0.5616131469319798,-3.266384391224559,1.2464717748016154,1.0072832204854034,-1.3164869456178696
104634312,2142890311,2022-06-25,4,0.005594772238408281,522,0.13793103448275862,0,-0.9839063815936266,0.3043730155336466,0.5616131469319798,-1.9856117176807122,-0.002307763865384338,1.9868942838272412,-0.03280043746376471
104634312,2142862519,2022-06-25,4,0.005594772238408281,522,0.0425531914893617,0,-0.9839063815936266,0.3043730155336466,0.5616131469319798,-5.03595041398851,-0.27400994350770613,2.3727046451090743,0.5314032162661331
104634312,468388162,2022-06-25,4,0.005594772238408281,522,0.14814814814814814,0,-0.9839063815936266,0.3043730155336466,0.5616131469319798,-0.4556549703004145,-0.185530688247381,2.3913805917771773,0.39512096370272065
104634312,748587452,2022-06-25,4,0.005594772238408281,522,0.06153846153846154,0,-0.9839063815936266,0.3043730155336466,0.5616131469319798,-5.480544404334792,-0.11421845538134612,2.155123934523493,-1.5763901944423129
104634312,423811,2022-06-25,3,0.004541031458640104,522,0.1,0,-0.9839063815936266,0.3043730155336466,0.5616131469319798,-1.0956452014952738,-0.014534598010493172,2.0096259634414206,0.5865715979239514
104634312,220288062,2022-06-25,3,0.004541031458640104,522,0.2,0,-0.9839063815936266,0.3043730155336466,0.5616131469319798,-0.11257921614306948,-1.85930736423227,4.06044301054642,3.2188758248682006
104634312,334458496,2022-06-25,3,0.004541031458640104,522,0.2727272727272727,0,-0.9839063815936266,0.3043730155336466,0.5616131469319798,1.5800565551112793,0.0004487844776857042,1.6986690461620433,-0.06575137756278071
104634312,2142864862,2022-06-25,3,0.004440037827322831,522,0.11538461538461539,0,-0.9839063815936266,0.3043730155336466,0.5616131469319798,-1.992322305287552,-0.09030271820464697,2.070783478936721,-0.09067593097713633
104634312,799803478,2022-06-25,3,0.004440037827322831,522,0.11538461538461539,0,-0.9839063815936266,0.3043730155336466,0.5616131469319798,-2.666611363984996,0.043669114011838595,1.9823666860659284,0.051105087190340015
104634312,666009161,2022-06-25,3,0.004440037827322831,522,0.17647058823529413,0,-0.9839063815936266,0.3043730155336466,0.5616131469319798,-1.7755919609568074,-0.8926824348461687,3.756469549178905,0.37294191640260443
104634312,671804639,2022-06-25,3,0.004440037827322831,522,0.036585365853658534,0,-0.9839063815936266,0.3043730155336466,0.5616131469319798,-0.7928609284554472,-0.02795668124363382,2.681569323852613,0.5641961542890019
104634312,2142864304,2022-06-25,3,0.004440037827322831,522,0.041666666666666664,0,-0.9839063815936266,0.3043730155336466,0.5616131469319798,-2.0692890694484096,-0.03206772403986102,2.0020385424294895,-0.044315172318613705
104634312,1130915637,2022-06-25,3,0.004440037827322831,522,0.11538461538461539,0,-0.9839063815936266,0.3043730155336466,0.5616131469319798,-1.0901611058002207,-0.18454472432169133,2.2242392071470443,-0.5791286021590043
104634312,431475,2022-06-25,3,0.004440037827322831,522,0.15,0,-0.9839063815936266,0.3043730155336466,0.5616131469319798,1.4249055532668828,,5.771441123130016,0.511403491450376
104634312,2142869226,2022-06-25,3,0.004440037827322831,522,0.10344827586206896,0,-0.9839063815936266,0.3043730155336466,0.5616131469319798,-2.00277749735675,0.08611506655703316,1.8353216673115984,-0.04036580419467484
398506290,397993501,2022-06-26,2,0.0030638144379781023,522,0.0392156862745098,0,-1.2360908318163542,0.7596053046362187,-0.4150862696387776,-4.46490503290549,-1.5589749285144614,3.6779493014046096,1.8233092123038581
398506290,357886,2022-06-26,2,0.0030638144379781023,522,0.18181818181818182,0,-1.2360908318163542,0.7596053046362187,-0.4150862696387776,0.027264652073625273,-1.1440818741038465,4.480740107609914,0.774936613568423
398506290,358263,2022-06-26,2,0.0030638144379781023,522,0.06896551724137931,0,-1.2360908318163542,0.7596053046362187,-0.4150862696387776,-0.732791110046857,0.4968791854375928,1.1225704771363603,0.3707082463304481
398506290,242853,2022-06-26,2,0.0030638144379781023,522,0.06896551724137931,0,-1.2360908318163542,0.7596053046362187,-0.4150862696387776,-1.952860726545051,0.064264725914986,1.4523061727875382,0.8841115671160757
398506290,61416813,2022-06-26,2,0.0030638144379781023,522,0.09090909090909091,0,-1.2360908318163542,0.7596053046362187,-0.4150862696387776,-0.10525858605336746,-0.7017037363095238,2.5035719440073603,-1.4240346891027382
398506290,2144797380,2022-06-26,2,0.0030638144379781023,522,0.08695652173913043,0,-1.2360908318163542,0.7596053046362187,-0.4150862696387776,-1.643732475691642,0.44049545088505626,0.9934532138430221,-0.1866416755769027
398506290,242858,2022-06-26,2,0.0030638144379781023,522,0.13333333333333333,0,-1.2360908318163542,0.7596053046362187,-0.4150862696387776,-1.5302688517856873,0.5404445916103651,1.0513227045497109,-0.04308311590777336
398506290,2142869226,2022-06-26,2,0.0030638144379781023,522,0.07142857142857142,0,-1.2360908318163542,0.7596053046362187,-0.4150862696387776,-2.0291266396443737,0.007904175619979803,1.5411620375041402,-0.021096117046260687
398506290,361588,2022-06-26,2,0.0030638144379781023,522,0.10526315789473684,0,-1.2360908318163542,0.7596053046362187,-0.4150862696387776,0.19671752375044632,-0.7831653537679164,2.933659844911613,0.7257841098729676
398506290,2142877002,2022-06-26,2,0.0030638144379781023,522,0.08,0,-1.2360908318163542,0.7596053046362187,-0.4150862696387776,-2.0207134775385285,-0.048373795951577314,1.6658957285883105,-0.07339052815814284
398506290,2142890311,2022-06-26,2,0.0030638144379781023,522,0.06896551724137931,0,-1.2360908318163542,0.7596053046362187,-0.4150862696387776,-2.0212391583692315,-0.05648862908227015,1.6651232570347858,-0.032814519712772494
398506290,2142906570,2022-06-26,2,0.0030638144379781023,522,0.13333333333333333,0,-1.2360908318163542,0.7596053046362187,-0.4150862696387776,2.6238271369876505,,0.6931471805599453,0.0
398506290,2142926031,2022-06-26,2,0.0030638144379781023,522,0.11764705882352941,0,-1.2360908318163542,0.7596053046362187,-0.4150862696387776,-1.9590685009897348,-0.04811479741698199,1.6537240983839743,-0.06133923570014588
398506290,189592917,2022-06-26,2,0.0030638144379781023,522,0.2,0,-1.2360908318163542,0.7596053046362187,-0.4150862696387776,-0.09972247336744583,-2.2229029051313374,4.668815451148447,0.0
398506290,2143076342,2022-06-26,2,0.0030638144379781023,522,0.2222222222222222,0,-1.2360908318163542,0.7596053046362187,-0.4150862696387776,0.0854085341817534,-1.2469902015860879,1.6451559950361796,1.3570239788197775
398506290,471132,2022-06-26,2,0.0030638144379781023,522,0.05405405405405406,0,-1.2360908318163542,0.7596053046362187,-0.4150862696387776,-0.6485256112907366,0.3563079022011816,1.248122588938867,-0.5301918383675375
398506290,275849,2022-06-26,2,0.0030638144379781023,522,0.16666666666666666,0,-1.2360908318163542,0.7596053046362187,-0.4150862696387776,-1.052318320266788,-0.18954243407732085,2.365265453175785,-0.14484401665616708
398506290,288704213,2022-06-26,2,0.0030638144379781023,522,0.07692307692307693,0,-1.2360908318163542,0.7596053046362187,-0.4150862696387776,0.10642485925797682,-0.6814441401063768,2.9737175238989586,0.40472573654028565
398506290,220313378,2022-06-26,2,0.0030638144379781023,522,0.10526315789473684,0,-1.2360908318163542,0.7596053046362187,-0.4150862696387776,-1.6559872771089221,-0.10339837672770646,1.7287126905088304,-0.471364010362187
398506290,2143241071,2022-06-26,2,0.0030638144379781023,522,0.05555555555555555,0,-1.2360908318163542,0.7596053046362187,-0.4150862696387776,1.1851857387172664,0.46006972469467844,0.2791088417412926,-0.9821534641961822
398506290,184281,2022-06-26,2,0.0030638144379781023,522,0.09523809523809523,0,-1.2360908318163542,0.7596053046362187,-0.4150862696387776,0.13030099102654844,-1.7303333322313148,4.4355674016019115,-3.7727609380946383
398506290,136525569,2022-06-26,2,0.0030638144379781023,522,0.14285714285714285,0,-1.2360908318163542,0.7596053046362187,-0.4150862696387776,-2.261203495606234,-0.43053324200816045,0.9020000699921162,-0.19053213833241678
398506290,3902962,2022-06-26,2,0.0030638144379781023,522,0.11764705882352941,0,-1.2360908318163542,0.7596053046362187,-0.4150862696387776,0.3514201378072877,0.8315497524572588,0.7669859133133423,0.09443285850225625
398506290,399022,2022-06-26,2,0.0030638144379781023,522,0.08,0,-1.2360908318163542,0.7596053046362187,-0.4150862696387776,-0.9723598573428774,0.7044116175589957,1.2526836443371536,0.49121306105102214
398506290,444382,2022-06-26,2,0.0030638144379781023,522,0.1111111111111111,0,-1.2360908318163542,0.7596053046362187,-0.4150862696387776,-0.4271000963305158,0.39141749946229065,1.617633219303526,0.3384707090432437
398506290,398470004,2022-06-26,2,0.0030638144379781023,522,0.2222222222222222,0,-1.2360908318163542,0.7596053046362187,-0.4150862696387776,0.045747037277125195,-1.1441770342563937,3.195628975169453,-2.814319394696254
398506290,445015,2022-06-26,2,0.0030638144379781023,522,0.1,0,-1.2360908318163542,0.7596053046362187,-0.4150862696387776,-5.15798137987413,-0.7881629266014682,2.6411172889925982,-0.014370078821082544
398506290,325515999,2022-06-26,2,0.0030638144379781023,522,0.0625,0,-1.2360908318163542,0.7596053046362187,-0.4150862696387776,-0.8288800767341122,-0.1689686037691297,1.7340733508903723,-0.46284594187785544
398506290,95440340,2022-06-26,2,0.0030638144379781023,522,0.14285714285714285,0,-1.2360908318163542,0.7596053046362187,-0.4150862696387776,2.2900626668384776,-0.3337644701491729,2.0149030205422647,-1.4816045409242158
398506290,446117,2022-06-26,2,0.0030638144379781023,522,0.18181818181818182,0,-1.2360908318163542,0.7596053046362187,-0.4150862696387776,1.2273802334417487,-0.5858455494186599,2.9444389791664403,0.4250588020085653
398506290,102912232,2022-06-26,2,0.0030638144379781023,522,0.046511627906976744,0,-1.2360908318163542,0.7596053046362187,-0.4150862696387776,-2.019379268144927,0.30833550000176313,1.3134649006265242,0.1910657142387553
398506290,133070,2022-06-26,2,0.0030638144379781023,522,0.25,0,-1.2360908318163542,0.7596053046362187,-0.4150862696387776,1.8134572876169004,1.0220279711164884,-0.3334916084830746,-2.547038430895007
398506290,136480,2022-06-26,2,0.0030638144379781023,522,0.02564102564102564,0,-1.2360908318163542,0.7596053046362187,-0.4150862696387776,-3.37929814200547,-0.29283676207081966,1.9666231119269995,-0.17097745678034926
398506290,138294,2022-06-26,2,0.0030638144379781023,522,0.125,0,-1.2360908318163542,0.7596053046362187,-0.4150862696387776,2.284491214388475,0.6864612671779706,-1.2527629684953676,5.2832037287379885
398506290,600923975,2022-06-26,2,0.0030638144379781023,522,0.045454545454545456,0,-1.2360908318163542,0.7596053046362187,-0.4150862696387776,-0.21673691844045723,-0.597384175184164,2.3345200322428523,0.5461324375981356
98989,44050,2022-07-12,1,0.004830917874396135,207,0.024390243902439025,0,0.06316673056608145,1.3562905685849949,-1.9881105035456903,0.3740487029160802,-0.5047994165515923,0.6931471805599454,-1.3182408978748752
98989,47978,2022-07-12,1,0.004830917874396135,207,0.023809523809523808,0,0.06316673056608145,1.3562905685849949,-1.9881105035456903,0.8188371253772676,0.010435343009041143,-2.781477669657027,-1.0986122886681098
98989,48293,2022-07-12,1,0.004830917874396135,207,0.05,0,0.06316673056608145,1.3562905685849949,-1.9881105035456903,0.9619104288060867,1.2412090217133382,-0.8852045583439816,-0.32188179040706544
98989,48300,2022-07-12,1,0.004830917874396135,207,0.02702702702702703,0,0.06316673056608145,1.3562905685849949,-1.9881105035456903,0.0347353369026301,0.12601934036929222,-2.7286025740555315,-0.557345639400884
98989,50942,2022-07-12,1,0.004830917874396135,207,0.02702702702702703,0,0.06316673056608145,1.3562905685849949,-1.9881105035456903,2.6238271369876505,1.1789282885486638,-1.5040773967762742,-4.330733340286331
98989,53702,2022-07-12,1,0.004830917874396135,207,0.125,0,0.06316673056608145,1.3562905685849949,-1.9881105035456903,1.6476627087490852,0.21324210974370472,0.5901992113075032,2.685577345250151
98989,55497,2022-07-12,1,0.004830917874396135,207,0.024390243902439025,0,0.06316673056608145,1.3562905685849949,-1.9881105035456903,0.7278354047245545,,4.919980925828125,-1.586090548437109
98989,56085,2022-07-12,1,0.004830917874396135,207,0.14285714285714285,0,0.06316673056608145,1.3562905685849949,-1.9881105035456903,2.5843095781962204,-0.03951755879143004,-0.4054651081081645,-0.6931471805599453
98989,64144,2022-07-12,1,0.004830917874396135,207,0.024390243902439025,0,0.06316673056608145,1.3562905685849949,-1.9881105035456903,0.4838800279487938,-0.5449048612002008,0.10697211955216801,-1.1430640512389436
98989,67700,2022-07-12,1,0.004830917874396135,207,0.024390243902439025,0,0.06316673056608145,1.3562905685849949,-1.9881105035456903,0.15061417595280704,-0.4068316952415263,-1.1051269696893038,-1.3062516534463544
98989,87194,2022-07-12,1,0.004830917874396135,207,0.024390243902439025,0,0.06316673056608145,1.3562905685849949,-1.9881105035456903,1.0301089585154806,1.3352758758688272,-1.7707060600302227,-0.1577607920513575
98989,91584,2022-07-12,1,0.004830917874396135,207,0.14285714285714285,0,0.06316673056608145,1.3562905685849949,-1.9881105035456903,1.6954506178749875,,4.343805421853684,5.680172609017068
98989,92118,2022-07-12,1,0.004830917874396135,207,0.014492753623188406,0,0.06316673056608145,1.3562905685849949,-1.9881105035456903,0.8416897351013213,,5.402677381872279,0.0
98989,101362,2022-07-12,1,0.004830917874396135,207,0.25,0,0.06316673056608145,1.3562905685849949,-1.9881105035456903,1.679675635299414,0.040439526950933,0.47608267532211723,2.5649493574615363
98989,107954,2022-07-12,1,0.004830917874396135,207,0.02564102564102564,0,0.06316673056608145,1.3562905685849949,-1.9881105035456903,0.25143161492775523,-0.7715420108085541,0.5074300347648526,-2.0412203288596387
98989,108313,2022-07-12,1,0.004830917874396135,207,0.25,0,0.06316673056608145,1.3562905685849949,-1.9881105035456903,1.6642567031230637,0.14548484064463962,-0.295845383090942,-0.8047694574417479
98989,123526,2022-07-12,1,0.004830917874396135,207,0.016129032258064516,0,0.06316673056608145,1.3562905685849949,-1.9881105035456903,-1.3970814268433576,0.07348165200155754,-0.009104273583025346,-0.16424360850791064
98989,129172,2022-07-12,1,0.004830917874396135,207,0.013888888888888888,0,0.06316673056608145,1.3562905685849949,-1.9881105035456903,-0.7767062143487424,0.41932453397191005,-1.4573030736394124,-0.017496502550034876
98989,131846,2022-07-12,1,0.004830917874396135,207,0.02631578947368421,0,0.06316673056608145,1.3562905685849949,-1.9881105035456903,1.1147418030564586,-0.07945764628661878,0.6631449302561467,-0.1883095986385772
98989,136480,2022-07-12,1,0.004830917874396135,207,0.01282051282051282,0,0.06316673056608145,1.3562905685849949,-1.9881105035456903,-2.632572413407722,0.6319293791252103,0.16696575743362274,-0.23398700227914482
98989,138294,2022-07-12,1,0.004830917874396135,207,0.058823529411764705,0,0.06316673056608145,1.3562905685849949,-1.9881105035456903,0.24402474139075747,-2.102385237802011,4.0125145439744685,-3.8969093676180977
98989,138774,2022-07-12,1,0.004830917874396135,207,0.045454545454545456,0,0.06316673056608145,1.3562905685849949,-1.9881105035456903,0.7947207743177731,-0.44213444809383184,0.7860255370362541,-1.3426990138275627
98989,141008,2022-07-12,1,0.004830917874396135,207,0.023809523809523808,0,0.06316673056608145,1.3562905685849949,-1.9881105035456903,1.4311237315224297,1.0927519996217314,-1.1526795099383853,-1.4663370687934267
98989,142407,2022-07-12,1,0.004830917874396135,207,0.023255813953488372,0,0.06316673056608145,1.3562905685849949,-1.9881105035456903,0.209022401898849,-0.048378548975842456,0.04445176257083405,-1.6012411452299218
295524,44050,2022-07-12,1,0.009174311926605505,109,0.025,0,-0.05373294281127269,0.23830085683329025,-2.863343085508246,0.3740487029160802,-0.5047994165515923,0.6931471805599454,-1.3182408978748752
295524,46541,2022-07-12,1,0.009174311926605505,109,0.058823529411764705,0,-0.05373294281127269,0.23830085683329025,-2.863343085508246,0.3220517305195429,-1.7149794149244346,3.215441362419566,1.084427653676153
295524,47978,2022-07-12,1,0.009174311926605505,109,0.024390243902439025,0,-0.05373294281127269,0.23830085683329025,-2.863343085508246,0.8188371253772676,0.010435343009041143,-2.781477669657027,-1.0986122886681098
295524,50942,2022-07-12,1,0.009174311926605505,109,0.027777777777777776,0,-0.05373294281127269,0.23830085683329025,-2.863343085508246,2.6238271369876505,1.1789282885486638,-1.5040773967762742,-4.330733340286331
295524,55117,2022-07-12,1,0.009174311926605505,109,0.2,0,-0.05373294281127269,0.23830085683329025,-2.863343085508246,2.5223388486498597,0.0669104243952896,-0.15415067982725827,0.4054651081081645
295524,55497,2022-07-12,1,0.009174311926605505,109,0.025,0,-0.05373294281127269,0.23830085683329025,-2.863343085508246,0.7278354047245545,,4.919980925828125,-1.586090548437109
295524,56554,2022-07-12,1,0.009174311926605505,109,0.03225806451612903,0,-0.05373294281127269,0.23830085683329025,-2.863343085508246,0.03086743648348186,-0.027830518252297074,0.07075414005529002,1.2713299301078838
295524,64144,2022-07-12,1,0.009174311926605505,109,0.025,0,-0.05373294281127269,0.23830085683329025,-2.863343085508246,0.4838800279487938,-0.5449048612002008,0.10697211955216801,-1.1430640512389436
295524,67700,2022-07-12,1,0.009174311926605505,109,0.025,0,-0.05373294281127269,0.23830085683329025,-2.863343085508246,0.15061417595280704,-0.4068316952415263,-1.1051269696893038,-1.3062516534463544
295524,87194,2022-07-12,1,0.009174311926605505,109,0.025,0,-0.05373294281127269,0.23830085683329025,-2.863343085508246,1.0301089585154806,1.3352758758688272,-1.7707060600302227,-0.1577607920513575
295524,107954,2022-07-12,1,0.009174311926605505,109,0.02631578947368421,0,-0.05373294281127269,0.23830085683329025,-2.863343085508246,0.25143161492775523,-0.7715420108085541,0.5074300347648526,-2.0412203288596387
295524,132082,2022-07-12,1,0.009174311926605505,109,0.125,0,-0.05373294281127269,0.23830085683329025,-2.863343085508246,2.0987349199755942,0.0,0.0,0.0
295524,141008,2022-07-12,1,0.009174311926605505,109,0.024390243902439025,0,-0.05373294281127269,0.23830085683329025,-2.863343085508246,1.4311237315224297,1.0927519996217314,-1.1526795099383853,-1.4663370687934267
295524,142407,2022-07-12,1,0.009174311926605505,109,0.023809523809523808,0,-0.05373294281127269,0.23830085683329025,-2.863343085508246,0.209022401898849,-0.048378548975842456,0.04445176257083405,-1.6012411452299218
295524,146667,2022-07-12,1,0.009174311926605505,109,0.025,0,-0.05373294281127269,0.23830085683329025,-2.863343085508246,0.8788481194676725,0.742556647358994,-1.0068047394149873,-1.817734955631316
295524,211383,2022-07-12,1,0.009174311926605505,109,0.017543859649122806,0,-0.05373294281127269,0.23830085683329025,-2.863343085508246,-0.047478081646472346,-1.0068022718648328,2.014903020542265,0.0
295524,214686,2022-07-12,1,0.009174311926605505,109,0.05555555555555555,0,-0.05373294281127269,0.23830085683329025,-2.863343085508246,0.2837967434002776,-1.8098368965731195,3.480140584002275,0.7179760422138157
295524,267131,2022-07-12,1,0.009174311926605505,109,0.047619047619047616,0,-0.05373294281127269,0.23830085683329025,-2.863343085508246,0.12798508635342115,-0.7611339825856767,0.34614853095174514,0.31015492830383895
295524,309731,2022-07-12,1,0.009174311926605505,109,0.029411764705882353,0,-0.05373294281127269,0.23830085683329025,-2.863343085508246,0.933958512033537,0.14164884714095471,-0.18062807628762112,0.45198512374305766
295524,349798,2022-07-12,1,0.009174311926605505,109,0.03333333333333333,0,-0.05373294281127269,0.23830085683329025,-2.863343085508246,2.492554082734636,0.3815964068648938,-0.6190392084062235,0.0
295524,423811,2022-07-12,1,0.009174311926605505,109,0.034482758620689655,0,-0.05373294281127269,0.23830085683329025,-2.863343085508246,-0.8593343012005242,0.20657485646680385,-0.3028876365778439,-0.5697610208509216
295524,425059,2022-07-12,1,0.009174311926605505,109,0.025,0,-0.05373294281127269,0.23830085683329025,-2.863343085508246,0.7321604622642329,-0.03176483333190128,-0.7279811332355779,-0.4709090163605474
295524,433313,2022-07-12,1,0.009174311926605505,109,0.058823529411764705,0,-0.05373294281127269,0.23830085683329025,-2.863343085508246,-0.7421517041995698,0.041222699798462825,-0.13105069675788528,-0.8913055546697457
295524,74977478,2022-07-12,1,0.009174311926605505,109,0.05555555555555555,0,-0.05373294281127269,0.23830085683329025,-2.863343085508246,0.20791155826841523,-1.8852293864448337,3.5399235911637823,1.0305907625707906
295524,113959970,2022-07-12,1,0.009174311926605505,109,0.058823529411764705,0,-0.05373294281127269,0.23830085683329025,-2.863343085508246,0.22204091670090137,-1.9270926867158538,3.4573676531292095,0.8728056199344163
295524,162642547,2022-07-12,1,0.009174311926605505,109,0.0625,0,-0.05373294281127269,0.23830085683329025,-2.863343085508246,0.2142049954720775,-1.8112997414961935,3.337979309669088,-0.34412711046529765
324984724,2142862519,2022-07-22,3,0.0034905264729049095,780,0.031914893617021274,0,-0.17217601146193248,0.21876054393248345,-0.8191978318925974,-5.27028007959492,-0.02038375701729489,-0.008939939400924857,0.15625013691161804
324984724,2114973344,2022-07-22,3,0.0034905264729049095,780,0.07894736842105263,0,-0.17217601146193248,0.21876054393248345,-0.8191978318925974,1.3132216248994342,0.9290143080865516,-2.0926353690826174,0.15656906069153997
324984724,2080904040,2022-07-22,3,0.0034905264729049095,780,0.036585365853658534,0,-0.17217601146193248,0.21876054393248345,-0.8191978318925974,-5.339318951774727,0.16897846184634258,-0.21976126073354862,0.07484448826667389
324984724,234774,2022-07-22,3,0.0034905264729049095,780,0.10344827586206896,0,-0.17217601146193248,0.21876054393248345,-0.8191978318925974,-3.109395258606404,0.3462620499747069,-0.48424278662162124,-0.1493361482460056
324984724,242853,2022-07-22,3,0.0034905264729049095,780,0.10344827586206896,0,-0.17217601146193248,0.21876054393248345,-0.8191978318925974,-1.6167833560743816,0.1267778415967089,-0.14997401380685105,-0.33264738768845525
324984724,657155370,2022-07-22,3,0.0034905264729049095,780,0.043478260869565216,0,-0.17217601146193248,0.21876054393248345,-0.8191978318925974,-1.4407780904756904,0.06265564262066836,0.06849574457776164,0.2349425787498678
324984724,1392109453,2022-07-22,3,0.0034905264729049095,780,0.25,0,-0.17217601146193248,0.21876054393248345,-0.8191978318925974,1.2641450631900617,0.9049552870551163,-1.802454758344803,0.5533852381847861
324984724,734194786,2022-07-22,3,0.0034905264729049095,780,0.04838709677419355,0,-0.17217601146193248,0.21876054393248345,-0.8191978318925974,-0.7079771653097693,0.42738261134109856,-0.5191121464713921,0.7094619008141505
324984724,998269223,2022-07-22,3,0.0034905264729049095,780,0.06521739130434782,0,-0.17217601146193248,0.21876054393248345,-0.8191978318925974,-1.9234382889317476,0.22085896613789724,-0.24010532912949678,0.07298863365441655
324984724,1055903707,2022-07-22,3,0.0034905264729049095,780,0.13636363636363635,0,-0.17217601146193248,0.21876054393248345,-0.8191978318925974,0.9617178914862694,-0.2527163071742715,-0.5973561159182701,1.2391367167836034
324984724,1392108713,2022-07-22,3,0.0034905264729049095,780,0.034482758620689655,0,-0.17217601146193248,0.21876054393248345,-0.8191978318925974,-0.9878377117438714,0.8307348809857903,-0.35997403454847365,-1.020805997596776
324984724,129172,2022-07-22,3,0.0034905264729049095,780,0.041666666666666664,0,-0.17217601146193248,0.21876054393248345,-0.8191978318925974,-1.3171933677493668,-0.7642706712375943,2.257305785279356,0.8538985444185556
324984724,1287033460,2022-07-22,3,0.0034905264729049095,780,0.15789473684210525,0,-0.17217601146193248,0.21876054393248345,-0.8191978318925974,-0.5752579770982049,0.10210109780143373,0.20002344624861657,-0.8907521919678869
324984724,123526,2022-07-22,3,0.0034905264729049095,780,0.04838709677419355,0,-0.17217601146193248,0.21876054393248345,-0.8191978318925974,-1.6140342663167397,-0.23740112166484062,0.2783938830235435,-0.0003954914032169299
324984724,131846,2022-07-22,3,0.0034905264729049095,780,0.07894736842105263,0,-0.17217601146193248,0.21876054393248345,-0.8191978318925974,1.3235729501945066,0.28560969054430774,-0.09357471389211192,0.36489792311916425
324984724,136480,2022-07-22,3,0.0034905264729049095,780,0.038461538461538464,0,-0.17217601146193248,0.21876054393248345,-0.8191978318925974,-3.7226897301292525,-1.2985662049078628,1.710783849927191,-0.383123746989126
324984724,358263,2022-07-22,3,0.0034905264729049095,780,0.10344827586206896,0,-0.17217601146193248,0.21876054393248345,-0.8191978318925974,-0.2670967825839142,0.527570252532945,-0.3654427381546528,0.09374212770396095
324984724,466980,2022-07-22,3,0.0034905264729049095,780,0.125,0,-0.17217601146193248,0.21876054393248345,-0.8191978318925974,-1.4531883656568787,0.705253781004912,-0.8348823158107468,0.054107862590312195
324984724,462262,2022-07-22,3,0.0034905264729049095,780,0.125,0,-0.17217601146193248,0.21876054393248345,-0.8191978318925974,1.2006758937380566,0.5243156098335169,-1.1018277255220843,0.6521731063496397
324984724,1395542724,2022-07-22,3,0.0034905264729049095,780,0.034482758620689655,0,-0.17217601146193248,0.21876054393248345,-0.8191978318925974,-1.5894835224961203,-0.052361159734905405,0.08927486247851135,0.3298526070394576
324984724,1199730922,2022-07-22,3,0.0034905264729049095,780,0.013574660633484163,0,-0.17217601146193248,0.21876054393248345,-0.8191978318925974,-4.301071093171798,0.5727144827196922,-0.7169067227243424,1.2090394220888694
324984724,1392108845,2022-07-22,3,0.0034905264729049095,780,0.0234375,0,-0.17217601146193248,0.21876054393248345,-0.8191978318925974,-1.2316682483135346,0.3477766954780297,-0.446745314504124,0.36957428907266454
324984724,48293,2022-07-22,3,0.0034905264729049095,780,0.15,0,-0.17217601146193248,0.21876054393248345,-0.8191978318925974,1.7309319226793172,1.1171193879266532,-1.6003646162284255,-0.654557183290077
324984724,2001124710,2022-07-22,3,0.0034905264729049095,780,0.07317073170731707,0,-0.17217601146193248,0.21876054393248345,-0.8191978318925974,-1.321581058553395,-0.26971086435603864,0.4324893800463574,-1.0015113662096926
324984724,2024380045,2022-07-22,3,0.0034905264729049095,780,0.04838709677419355,0,-0.17217601146193248,0.21876054393248345,-0.8191978318925974,0.9157863854151785,0.10595856422197136,0.25938102105115934,1.2305920906012142
324984724,2018450532,2022-07-22,3,0.0034905264729049095,780,0.023076923076923078,0,-0.17217601146193248,0.21876054393248345,-0.8191978318925974,-2.455600649100094,1.010055275745478,-1.8424115647477954,2.2088493296689506
324984724,2004429834,2022-07-22,3,0.0034905264729049095,780,0.05263157894736842,0,-0.17217601146193248,0.21876054393248345,-0.8191978318925974,-2.709919596019958,0.10022427309586934,-0.08116103489529713,0.14048919420637596
324984724,2024552199,2022-07-22,3,0.0034905264729049095,780,0.05,0,-0.17217601146193248,0.21876054393248345,-0.8191978318925974,1.2397914023299796,0.23938105149500566,0.07527062778986604,0.2519917056518679
324984724,2142890311,2022-07-22,3,0.0034905264729049095,780,0.10344827586206896,0,-0.17217601146193248,0.21876054393248345,-0.8191978318925974,-1.8223576555773935,0.04111578299828911,-0.10851861125803097,0.2846545974349617
324984724,184224,2022-07-22,3,0.0034905264729049095,780,0.04054054054054054,0,-0.17217601146193248,0.21876054393248345,-0.8191978318925974,0.5520200477310946,-0.10200480532353973,0.12279557747992786,-0.46010054349680196
324984724,102912232,2022-07-22,3,0.0034905264729049095,780,0.06976744186046512,0,-0.17217601146193248,0.21876054393248345,-0.8191978318925974,-2.8048281214375157,-0.6299456556234007,0.6333652253929625,-0.07945099395348976
324984724,1762279368,2022-07-22,3,0.0034905264729049095,780,0.061224489795918366,0,-0.17217601146193248,0.21876054393248345,-0.8191978318925974,-3.4189156094960604,0.6780786649873964,-0.640296290218755,0.29726280753877177
324984724,593279071,2022-07-22,3,0.0034905264729049095,780,0.04838709677419355,0,-0.17217601146193248,0.21876054393248345,-0.8191978318925974,1.4133151539854276,0.4200319118428314,-0.3012040977837547,0.10594857800938051
324984724,468388162,2022-07-22,3,0.0034905264729049095,780,0.1111111111111111,0,-0.17217601146193248,0.21876054393248345,-0.8191978318925974,-0.8013350827056893,0.10220594987030629,0.477672688023862,-0.42314941628364267
324984724,600923975,2022-07-22,3,0.0034905264729049095,780,0.06818181818181818,0,-0.17217601146193248,0.21876054393248345,-0.8191978318925974,-0.8043851396487061,0.23454545921903014,-0.19882910211483207,1.2127098384461235
324984724,103858369,2022-07-22,3,0.0034905264729049095,780,0.15789473684210525,0,-0.17217601146193248,0.21876054393248345,-0.8191978318925974,0.9411855993442249,-0.32169962139532027,0.12568821516349704,-0.4647944861657667
324984724,471114,2022-07-22,3,0.0034905264729049095,780,0.1875,0,-0.17217601146193248,0.21876054393248345,-0.8191978318925974,-1.1618980473652307,0.27450767179769664,-0.30277565034799636,0.01712344191287052
324984724,257552031,2022-07-22,3,0.0034905264729049095,780,0.1875,0,-0.17217601146193248,0.21876054393248345,-0.8191978318925974,0.5659012206742118,-0.045548896644014736,-0.37867075497064384,1.4134453501858415
324984724,325515999,2022-07-22,3,0.0034905264729049095,780,0.09375,0,-0.17217601146193248,0.21876054393248345,-0.8191978318925974,-1.2354948209559529,-0.1498654094795795,0.1426454094391154,0.08823801454296198
482617,1199730922,2022-07-22,5,0.044204917296622216,45,0.022727272727272728,0,-0.31606151517725767,0.43390982185647853,-0.9435258924817571,-4.301071093171798,0.5727144827196922,-0.7169067227243424,1.2090394220888694
482617,1392108845,2022-07-22,5,0.044204917296622216,45,0.0390625,0,-0.31606151517725767,0.43390982185647853,-0.9435258924817571,-1.2316682483135346,0.3477766954780297,-0.446745314504124,0.36957428907266454
482617,736915937,2022-07-22,4,0.0427343290613281,45,0.10526315789473684,0,-0.31606151517725767,0.43390982185647853,-0.9435258924817571,-1.5612056861076622,1.7543800643431566,-1.2936392913215897,0.8952424022630563
482617,44680,2022-07-22,3,0.03559757236227824,45,0.005128205128205128,0,-0.31606151517725767,0.43390982185647853,-0.9435258924817571,1.5341251441721075,1.9111838311338079,-2.5745188084776873,1.791759469228055
482617,2142862519,2022-07-22,3,0.03559757236227824,45,0.03125,0,-0.31606151517725767,0.43390982185647853,-0.9435258924817571,-5.27028007959492,-0.02038375701729489,-0.008939939400924857,0.15625013691161804
482617,52388,2022-07-22,3,0.03559757236227824,45,0.005042016806722689,0,-0.31606151517725767,0.43390982185647853,-0.9435258924817571,2.2969091012193465,,1.0986122886681098,-1.7491998548092593
482617,51573,2022-07-22,3,0.03559757236227824,45,0.005042016806722689,0,-0.31606151517725767,0.43390982185647853,-0.9435258924817571,0.20477785686304828,-1.5630872714650992,-0.4054651081081644,0.0
482617,83062,2022-07-22,4,0.03230015539186031,45,0.13793103448275862,0,-0.31606151517725767,0.43390982185647853,-0.9435258924817571,-0.2720483778932314,0.469930417544744,-0.4283007460604624,0.30480732197724425
482617,1594960231,2022-07-22,4,0.03230015539186031,45,0.13333333333333333,0,-0.31606151517725767,0.43390982185647853,-0.9435258924817571,0.10260244867258479,0.7213515160341872,-0.5533852381847861,-0.203672494566427
482617,1392525569,2022-07-22,3,0.030829567156566196,45,0.04225352112676056,0,-0.31606151517725767,0.43390982185647853,-0.9435258924817571,1.9308899644940138,0.14852089955250247,-0.31365755885504143,1.2580400255962116
482617,54726,2022-07-22,3,0.030829567156566196,45,0.041666666666666664,0,-0.31606151517725767,0.43390982185647853,-0.9435258924817571,2.6238271369876505,,1.0986122886681098,0.0
482617,1271054083,2022-07-22,3,0.030829567156566196,45,0.075,0,-0.31606151517725767,0.43390982185647853,-0.9435258924817571,-2.9184465359530725,-0.4510294053195518,0.20460210465325623,-0.6318521802579902
482617,657155370,2022-07-22,3,0.030829567156566196,45,0.04225352112676056,0,-0.31606151517725767,0.43390982185647853,-0.9435258924817571,-1.4407780904756904,0.06265564262066836,0.06849574457776164,0.2349425787498678
482617,92118,2022-07-22,3,0.030829567156566196,45,0.041666666666666664,0,-0.31606151517725767,0.43390982185647853,-0.9435258924817571,-0.12178486155890894,-0.9634745966602303,-1.0851892683359692,0.0
482617,138527572,2022-07-22,2,0.028801169590643275,45,0.06451612903225806,0,-0.31606151517725767,0.43390982185647853,-0.9435258924817571,1.457436085458754,-0.00023328068405459312,-0.09201889872025149,0.5671064596645801
482617,1392111849,2022-07-22,3,0.02572120802343926,45,0.125,0,-0.31606151517725767,0.43390982185647853,-0.9435258924817571,0.7409599544786509,0.8760503141976507,-0.9989336064777143,0.4922590228809973
482617,432465,2022-07-22,2,0.024250619788145144,45,0.125,0,-0.31606151517725767,0.43390982185647853,-0.9435258924817571,-1.082463285094135,0.6712728275694768,-0.8663281096723097,-0.5019586422021804
482617,137370,2022-07-22,2,0.024250619788145144,45,0.14285714285714285,0,-0.31606151517725767,0.43390982185647853,-0.9435258924817571,2.5843095781962204,2.017323693524807,-4.948759890378168,2.0412203288596382
482617,129172,2022-07-22,2,0.024250619788145144,45,0.02666666666666667,0,-0.31606151517725767,0.43390982185647853,-0.9435258924817571,-1.3171933677493668,-0.7642706712375943,2.257305785279356,0.8538985444185556
482617,1392113492,2022-07-22,2,0.024250619788145144,45,0.16666666666666666,0,-0.31606151517725767,0.43390982185647853,-0.9435258924817571,-4.22870370051954,-0.44304494701753816,0.34631893858180973,-0.7136163556469679
482617,47344,2022-07-22,2,0.024250619788145144,45,0.05714285714285714,0,-0.31606151517725767,0.43390982185647853,-0.9435258924817571,-4.080202946998904,0.7663206404411076,0.018117106694296226,1.8598560449274064
482617,2080904040,2022-07-22,2,0.02369281045751634,45,0.023529411764705882,0,-0.31606151517725767,0.43390982185647853,-0.9435258924817571,-5.339318951774727,0.16897846184634258,-0.21976126073354862,0.07484448826667389
482617,1778321788,2022-07-22,2,0.02369281045751634,45,0.07142857142857142,0,-0.31606151517725767,0.43390982185647853,-0.9435258924817571,-2.9092543997272444,0.7031662144159778,-0.3560786409991774,0.11485431553215442
482617,612176483,2022-07-22,2,0.02369281045751634,45,0.03636363636363636,0,-0.31606151517725767,0.43390982185647853,-0.9435258924817571,-1.8164321954152778,0.21988596689262807,-0.07918388057029979,0.5832722114271718
482617,748587452,2022-07-22,2,0.02369281045751634,45,0.029411764705882353,0,-0.31606151517725767,0.43390982185647853,-0.9435258924817571,-5.504354344408698,0.032402756486137996,-0.14542798024485393,0.923450877344056
482617,56847,2022-07-22,1,0.022222222222222223,45,0.0625,0,-0.31606151517725767,0.43390982185647853,-0.9435258924817571,0.31272615560956163,-0.08645361011534108,0.2071162154071713,0.28980747176409416
482617,1392108685,2022-07-22,1,0.022222222222222223,45,0.02564102564102564,0,-0.31606151517725767,0.43390982185647853,-0.9435258924817571,-1.0244408351361374,-0.4525216510553983,1.119819180170432,-0.34713235117813923
482617,2005474714,2022-07-22,1,0.022222222222222223,45,0.05,0,-0.31606151517725767,0.43390982185647853,-0.9435258924817571,2.2077014002953277,-0.4161257366923228,0.6931471805599452,1.6094379124341005
482617,1944045799,2022-07-22,1,0.022222222222222223,45,0.02564102564102564,0,-0.31606151517725767,0.43390982185647853,-0.9435258924817571,-3.6550788864258514,-0.09627536804863679,1.7676860581466922,-3.8711011946604454
482617,190732457,2022-07-22,1,0.022222222222222223,45,0.08333333333333333,0,-0.31606151517725767,0.43390982185647853,-0.9435258924817571,1.3445182105850806,-0.1687782867810097,0.3789734926611885,1.262915339959386
482617,86230660,2022-07-22,1,0.022222222222222223,45,0.06666666666666667,0,-0.31606151517725767,0.43390982185647853,-0.9435258924817571,0.8791762027153002,-0.32667105576623146,3.152078343944685,0.0
482617,1587928377,2022-07-22,1,0.022222222222222223,45,0.05263157894736842,0,-0.31606151517725767,0.43390982185647853,-0.9435258924817571,0.20754880883227225,0.023242498349987456,0.2286330435989825,1.2799083095297048
482617,1392501163,2022-07-22,1,0.022222222222222223,45,0.04,0,-0.31606151517725767,0.43390982185647853,-0.9435258924817571,1.598088214751835,-0.10896648031973388,0.2076393647782444,0.3677247801253172
482617,939834965,2022-07-22,1,0.022222222222222223,45,0.07142857142857142,0,-0.31606151517725767,0.43390982185647853,-0.9435258924817571,2.098734919975594,,2.1972245773362196,0.0
104169131,48293,2022-07-22,4,0.012347871264852685,152,0.2,0,-0.155118156132601,0.31506287724601323,-0.8149190527775616,1.7309319226793172,1.1171193879266532,-1.6003646162284255,-0.654557183290077
104169131,600923975,2022-07-22,4,0.012347871264852685,152,0.09090909090909091,0,-0.155118156132601,0.31506287724601323,-0.8149190527775616,-0.8043851396487061,0.23454545921903014,-0.19882910211483207,1.2127098384461235
104169131,496549942,2022-07-22,4,0.012347871264852685,152,0.16666666666666666,0,-0.155118156132601,0.31506287724601323,-0.8149190527775616,0.7030654397367636,-0.20618609808808774,0.5715811637867896,-1.5119996564319846
104169131,545742453,2022-07-22,4,0.012347871264852685,152,0.2,0,-0.155118156132601,0.31506287724601323,-0.8149190527775616,1.8483577434627643,0.8447039135415728,-1.3892312207932003,0.15415067982725827
104169131,184224,2022-07-22,4,0.012347871264852685,152,0.05405405405405406,0,-0.155118156132601,0.31506287724601323,-0.8149190527775616,0.5520200477310946,-0.10200480532353973,0.12279557747992786,-0.46010054349680196
104169131,2143241071,2022-07-22,4,0.012347871264852685,152,0.1111111111111111,0,-0.155118156132601,0.31506287724601323,-0.8149190527775616,1.0466214201811483,0.3190796878237644,-0.6202791341695439,-0.20221214206922244
104169131,929358148,2022-07-22,4,0.012347871264852685,152,0.11764705882352941,0,-0.155118156132601,0.31506287724601323,-0.8149190527775616,-0.9334321683849411,-0.17510035932359636,0.19879036450722243,0.39112960249403983
104169131,1199730922,2022-07-22,4,0.012347871264852685,152,0.01809954751131222,0,-0.155118156132601,0.31506287724601323,-0.8149190527775616,-4.301071093171798,0.5727144827196922,-0.7169067227243424,1.2090394220888694
104169131,136480,2022-07-22,4,0.012347871264852685,152,0.05128205128205128,0,-0.155118156132601,0.31506287724601323,-0.8149190527775616,-3.7226897301292525,-1.2985662049078628,1.710783849927191,-0.383123746989126
104169131,123526,2022-07-22,4,0.012347871264852685,152,0.06451612903225806,0,-0.155118156132601,0.31506287724601323,-0.8149190527775616,-1.6140342663167397,-0.23740112166484062,0.2783938830235435,-0.0003954914032169299
104169131,102912232,2022-07-22,4,0.012347871264852685,152,0.09302325581395349,0,-0.155118156132601,0.31506287724601323,-0.8149190527775616,-2.8048281214375157,-0.6299456556234007,0.6333652253929625,-0.07945099395348976
104169131,1392134357,2022-07-22,4,0.012347871264852685,152,0.16,0,-0.155118156132601,0.31506287724601323,-0.8149190527775616,-0.6195824008313097,0.16970861114085556,-0.40589847756240083,-0.07655789660335444
104169131,1392108713,2022-07-22,4,0.012347871264852685,152,0.04597701149425287,0,-0.155118156132601,0.31506287724601323,-0.8149190527775616,-0.9878377117438714,0.8307348809857903,-0.35997403454847365,-1.020805997596776
104169131,62558686,2022-07-22,4,0.012347871264852685,152,0.17391304347826086,0,-0.155118156132601,0.31506287724601323,-0.8149190527775616,-0.4528832477130761,0.1347464325143819,0.041898338131511004,0.36286797938703597
104169131,1130915637,2022-07-22,4,0.012347871264852685,152,0.16,0,-0.155118156132601,0.31506287724601323,-0.8149190527775616,-0.960853899240088,-0.006286144299980423,0.14579887495566446,-0.07661586729060232
104169131,793432116,2022-07-22,4,0.012347871264852685,152,0.2,0,-0.155118156132601,0.31506287724601323,-0.8149190527775616,0.27887571082473994,0.2133856125793286,-0.06257471071544884,0.3704965102704172
104169131,325515999,2022-07-22,4,0.012347871264852685,152,0.125,0,-0.155118156132601,0.31506287724601323,-0.8149190527775616,-1.2354948209559529,-0.1498654094795795,0.1426454094391154,0.08823801454296198
104169131,1843548408,2022-07-22,4,0.012347871264852685,152,0.14285714285714285,0,-0.155118156132601,0.31506287724601323,-0.8149190527775616,0.8755869916790308,1.3620808855157167,-1.2694614442998278,0.25097716014954763
104169131,1746521229,2022-07-22,4,0.012347871264852685,152,0.1,0,-0.155118156132601,0.31506287724601323,-0.8149190527775616,-2.123180066394,0.28504825910201514,-0.21008554790881284,-0.035266566252024845
104169131,828337656,2022-07-22,4,0.012347871264852685,152,0.08695652173913043,0,-0.155118156132601,0.31506287724601323,-0.8149190527775616,-1.3119781004904438,-0.0645929890796364,0.09994386199083216,0.5963722444585233
104169131,734194786,2022-07-22,4,0.012347871264852685,152,0.06451612903225806,0,-0.155118156132601,0.31506287724601323,-0.8149190527775616,-0.7079771653097693,0.42738261134109856,-0.5191121464713921,0.7094619008141505
104169131,1901707513,2022-07-22,4,0.012347871264852685,152,0.08888888888888889,0,-0.155118156132601,0.31506287724601323,-0.8149190527775616,-1.3213628348721047,0.22351338651055186,-0.028637978187529,0.207998413160281
104169131,2018450532,2022-07-22,4,0.012347871264852685,152,0.03076923076923077,0,-0.155118156132601,0.31506287724601323,-0.8149190527775616,-2.455600649100094,1.010055275745478,-1.8424115647477954,2.2088493296689506
104169131,468388162,2022-07-22,4,0.012347871264852685,152,0.14814814814814814,0,-0.155118156132601,0.31506287724601323,-0.8149190527775616,-0.8013350827056893,0.10220594987030629,0.477672688023862,-0.42314941628364267
104169131,423811,2022-07-22,4,0.012347871264852685,152,0.13793103448275862,0,-0.155118156132601,0.31506287724601323,-0.8149190527775616,-0.7590399295607612,0.15844168825619087,-0.27548440007103103,0.2914522922169116
104169131,662457437,2022-07-22,4,0.012347871264852685,152,0.23529411764705882,0,-0.155118156132601,0.31506287724601323,-0.8149190527775616,-0.8541212593268722,-0.01933152776915048,0.07429157630369154,0.7022951352579483
104169131,657155370,2022-07-22,4,0.012347871264852685,152,0.057971014492753624,0,-0.155118156132601,0.31506287724601323,-0.8149190527775616,-1.4407780904756904,0.06265564262066836,0.06849574457776164,0.2349425787498678
104169131,2142864304,2022-07-22,4,0.012347871264852685,152,0.056338028169014086,0,-0.155118156132601,0.31506287724601323,-0.8149190527775616,-2.028097178760845,0.08461301352346684,-0.1165054522173321,-0.0021898706995386874
104169131,2116182225,2022-07-22,4,0.012347871264852685,152,0.07692307692307693,0,-0.155118156132601,0.31506287724601323,-0.8149190527775616,-1.8503519625574911,0.06611832823198682,-0.13039684857178457,-0.006418025781128378
104169131,242853,2022-07-22,4,0.012347871264852685,152,0.13793103448275862,0,-0.155118156132601,0.31506287724601323,-0.8149190527775616,-1.6167833560743816,0.1267778415967089,-0.14997401380685105,-0.33264738768845525
104169131,224157523,2022-07-22,4,0.012347871264852685,152,0.14814814814814814,0,-0.155118156132601,0.31506287724601323,-0.8149190527775616,0.2519238245296255,-0.9105353320521786,0.9650808960435864,-0.961499486872059
104169131,230486425,2022-07-22,4,0.012347871264852685,152,0.2222222222222222,0,-0.155118156132601,0.31506287724601323,-0.8149190527775616,1.1073357212795367,0.6139717428850717,-1.0881409888008147,-1.52165799435374
104169131,1392108711,2022-07-22,4,0.012347871264852685,152,0.11764705882352941,0,-0.155118156132601,0.31506287724601323,-0.8149190527775616,-0.7757712723922037,0.21981630199034896,-0.21076043641983055,0.582446032447911
104169131,329354127,2022-07-22,3,0.01052305374660451,152,0.2727272727272727,0,-0.155118156132601,0.31506287724601323,-0.8149190527775616,1.5827701348566279,0.5222350335994022,-1.2067467312086606,0.6675703387702958
104169131,396073,2022-07-22,3,0.01052305374660451,152,0.13636363636363635,0,-0.155118156132601,0.31506287724601323,-0.8149190527775616,-0.6140261816670076,1.8782546751070202,-1.225240738938191,0.7090837728227584
104169131,1469695839,2022-07-22,3,0.01052305374660451,152,0.06976744186046512,0,-0.155118156132601,0.31506287724601323,-0.8149190527775616,-0.7297090982911307,0.3877036770636777,-0.2143892069863078,0.3341960596141984
104169131,288704213,2022-07-22,3,0.01052305374660451,152,0.1111111111111111,0,-0.155118156132601,0.31506287724601323,-0.8149190527775616,-0.3259387795509724,-0.2753094003449054,0.38891787038495274,0.3238718408150758
104169131,571016844,2022-07-22,3,0.01052305374660451,152,0.125,0,-0.155118156132601,0.31506287724601323,-0.8149190527775616,1.5080391806577955,0.9600632885273084,-0.7602243426487583,3.9084873505958386
104169131,138774,2022-07-22,3,0.01052305374660451,152,0.13043478260869565,0,-0.155118156132601,0.31506287724601323,-0.8149190527775616,1.1281408755472653,-0.3661620397767553,1.8747563887990228,-0.15382521196433618
58594608,2018450532,2022-07-22,5,0.05267652849434515,22,0.038461538461538464,1,-0.11705015485677653,0.30119527268911267,-0.9482037462236113,-2.455600649100094,1.010055275745478,-1.8424115647477954,2.2088493296689506
58594608,2004429834,2022-07-22,5,0.05267652849434515,22,0.08771929824561403,1,-0.11705015485677653,0.30119527268911267,-0.9482037462236113,-2.709919596019958,0.10022427309586934,-0.08116103489529713,0.14048919420637596
58594608,1199730922,2022-07-22,5,0.05267652849434515,22,0.02262443438914027,1,-0.11705015485677653,0.30119527268911267,-0.9482037462236113,-4.301071093171798,0.5727144827196922,-0.7169067227243424,1.2090394220888694
58594608,288704213,2022-07-22,5,0.05267652849434515,22,0.19230769230769232,1,-0.11705015485677653,0.30119527268911267,-0.9482037462236113,-0.3259387795509724,-0.2753094003449054,0.38891787038495274,0.3238718408150758
58594608,102912232,2022-07-22,5,0.05267652849434515,22,0.11627906976744186,1,-0.11705015485677653,0.30119527268911267,-0.9482037462236113,-2.8048281214375157,-0.6299456556234007,0.6333652253929625,-0.07945099395348976
58594608,2116182225,2022-07-22,4,0.0515217940832597,22,0.07547169811320754,1,-0.11705015485677653,0.30119527268911267,-0.9482037462236113,-1.8503519625574911,0.06611832823198682,-0.13039684857178457,-0.006418025781128378
58594608,2142864304,2022-07-22,4,0.0515217940832597,22,0.05555555555555555,1,-0.11705015485677653,0.30119527268911267,-0.9482037462236113,-2.028097178760845,0.08461301352346684,-0.1165054522173321,-0.0021898706995386874
58594608,2142862519,2022-07-22,4,0.05064813092842223,22,0.042105263157894736,1,-0.11705015485677653,0.30119527268911267,-0.9482037462236113,-5.27028007959492,-0.02038375701729489,-0.008939939400924857,0.15625013691161804
58594608,51573,2022-07-22,3,0.04949339651733678,22,0.0050335570469798654,1,-0.11705015485677653,0.30119527268911267,-0.9482037462236113,0.20477785686304828,-1.5630872714650992,-0.4054651081081644,0.0
58594608,44680,2022-07-22,3,0.04949339651733678,22,0.005119453924914676,1,-0.11705015485677653,0.30119527268911267,-0.9482037462236113,1.5341251441721075,1.9111838311338079,-2.5745188084776873,1.791759469228055
58594608,52388,2022-07-22,3,0.04949339651733678,22,0.0050335570469798654,1,-0.11705015485677653,0.30119527268911267,-0.9482037462236113,2.2969091012193465,,1.0986122886681098,-1.7491998548092593
58594608,300531239,2022-07-22,3,0.04873242211616169,22,0.0375,1,-0.11705015485677653,0.30119527268911267,-0.9482037462236113,-2.215974863555723,-0.6760851789838622,0.427245517567302,-1.0872811747734854
58594608,1392139747,2022-07-22,2,0.04757768770507624,22,0.045454545454545456,1,-0.11705015485677653,0.30119527268911267,-0.9482037462236113,1.8832931612562858,0.18209142470563977,-0.6260078777223166,1.8354345327307158
58594608,665872424,2022-07-22,2,0.04748294302046838,22,0.04,1,-0.11705015485677653,0.30119527268911267,-0.9482037462236113,1.4988870355245376,0.5593244880267854,-0.9842019374903659,2.562406213493234
58594608,425059,2022-07-22,1,0.045454545454545456,22,0.02127659574468085,1,-0.11705015485677653,0.30119527268911267,-0.9482037462236113,1.6037217666540289,0.9179511639294136,-1.0830598756606244,-0.6486954179891109
58594608,74969,2022-07-22,4,0.007221983039799693,471,0.2,0,-0.11705015485677653,0.30119527268911267,-0.9482037462236113,0.6790491440073578,-0.07290115457934321,-0.512621762551519,0.2680460979349215
58594608,2001124710,2022-07-22,4,0.007221983039799693,471,0.09523809523809523,0,-0.11705015485677653,0.30119527268911267,-0.9482037462236113,-1.321581058553395,-0.26971086435603864,0.4324893800463574,-1.0015113662096926
58594608,1843548408,2022-07-22,4,0.007221983039799693,471,0.13793103448275862,0,-0.11705015485677653,0.30119527268911267,-0.9482037462236113,0.8755869916790308,1.3620808855157167,-1.2694614442998278,0.25097716014954763
58594608,123526,2022-07-22,4,0.007221983039799693,471,0.06349206349206349,0,-0.11705015485677653,0.30119527268911267,-0.9482037462236113,-1.6140342663167397,-0.23740112166484062,0.2783938830235435,-0.0003954914032169299
58594608,136480,2022-07-22,4,0.007221983039799693,471,0.05063291139240506,0,-0.11705015485677653,0.30119527268911267,-0.9482037462236113,-3.7226897301292525,-1.2985662049078628,1.710783849927191,-0.383123746989126
58594608,48293,2022-07-22,4,0.007221983039799693,471,0.19047619047619047,0,-0.11705015485677653,0.30119527268911267,-0.9482037462236113,1.7309319226793172,1.1171193879266532,-1.6003646162284255,-0.654557183290077
58594608,1417253430,2022-07-22,4,0.007221983039799693,471,0.19047619047619047,0,-0.11705015485677653,0.30119527268911267,-0.9482037462236113,1.0503993108425498,1.1147591094319855,-1.8975310845833455,-0.8689281196959087
58594608,358263,2022-07-22,4,0.007221983039799693,471,0.12903225806451613,0,-0.11705015485677653,0.30119527268911267,-0.9482037462236113,-0.2670967825839142,0.527570252532945,-0.3654427381546528,0.09374212770396095
58594608,229066,2022-07-22,4,0.007221983039799693,471,0.21052631578947367,0,-0.11705015485677653,0.30119527268911267,-0.9482037462236113,1.7276808997599897,1.116128840441462,-1.966112856372832,1.2362336665441571
58594608,998269223,2022-07-22,4,0.007221983039799693,471,0.0851063829787234,0,-0.11705015485677653,0.30119527268911267,-0.9482037462236113,-1.9234382889317476,0.22085896613789724,-0.24010532912949678,0.07298863365441655
58594608,224157523,2022-07-22,4,0.007221983039799693,471,0.14285714285714285,0,-0.11705015485677653,0.30119527268911267,-0.9482037462236113,0.2519238245296255,-0.9105353320521786,0.9650808960435864,-0.961499486872059
58594608,657155370,2022-07-22,4,0.007221983039799693,471,0.05714285714285714,0,-0.11705015485677653,0.30119527268911267,-0.9482037462236113,-1.4407780904756904,0.06265564262066836,0.06849574457776164,0.2349425787498678
58594608,152211,2022-07-22,4,0.007221983039799693,471,0.18181818181818182,0,-0.11705015485677653,0.30119527268911267,-0.9482037462236113,-0.5362320282849069,-0.6113044940137243,0.6680766830752471,-0.30440210897006814
58594608,257552031,2022-07-22,4,0.007221983039799693,471,0.2222222222222222,0,-0.11705015485677653,0.30119527268911267,-0.9482037462236113,0.5659012206742118,-0.045548896644014736,-0.37867075497064384,1.4134453501858415
58594608,396073,2022-07-22,4,0.007221983039799693,471,0.18181818181818182,0,-0.11705015485677653,0.30119527268911267,-0.9482037462236113,-0.6140261816670076,1.8782546751070202,-1.225240738938191,0.7090837728227584
58594608,423811,2022-07-22,4,0.007221983039799693,471,0.13333333333333333,0,-0.11705015485677653,0.30119527268911267,-0.9482037462236113,-0.7590399295607612,0.15844168825619087,-0.27548440007103103,0.2914522922169116
58594608,462262,2022-07-22,4,0.007221983039799693,471,0.15384615384615385,0,-0.11705015485677653,0.30119527268911267,-0.9482037462236113,1.2006758937380566,0.5243156098335169,-1.1018277255220843,0.6521731063496397
58594608,242853,2022-07-22,4,0.007221983039799693,471,0.13333333333333333,0,-0.11705015485677653,0.30119527268911267,-0.9482037462236113,-1.6167833560743816,0.1267778415967089,-0.14997401380685105,-0.33264738768845525
58594608,184224,2022-07-22,4,0.007221983039799693,471,0.05333333333333334,0,-0.11705015485677653,0.30119527268911267,-0.9482037462236113,0.5520200477310946,-0.10200480532353973,0.12279557747992786,-0.46010054349680196
545742922,92118,2022-07-22,2,0.007463180174618573,184,0.02857142857142857,0,-0.11642807081511759,0.31630191567766874,-0.8750495380184802,-0.12178486155890894,-0.9634745966602303,-1.0851892683359692,0.0
545742922,47344,2022-07-22,2,0.007463180174618573,184,0.0625,0,-0.11642807081511759,0.31630191567766874,-0.8750495380184802,-4.080202946998904,0.7663206404411076,0.018117106694296226,1.8598560449274064
545742922,129172,2022-07-22,2,0.007463180174618573,184,0.027777777777777776,0,-0.11642807081511759,0.31630191567766874,-0.8750495380184802,-1.3171933677493668,-0.7642706712375943,2.257305785279356,0.8538985444185556
545742922,123526,2022-07-22,2,0.007463180174618573,184,0.03225806451612903,0,-0.11642807081511759,0.31630191567766874,-0.8750495380184802,-1.6140342663167397,-0.23740112166484062,0.2783938830235435,-0.0003954914032169299
545742922,136480,2022-07-22,2,0.007463180174618573,184,0.02564102564102564,0,-0.11642807081511759,0.31630191567766874,-0.8750495380184802,-3.7226897301292525,-1.2985662049078628,1.710783849927191,-0.383123746989126
545742922,131846,2022-07-22,2,0.007463180174618573,184,0.05263157894736842,0,-0.11642807081511759,0.31630191567766874,-0.8750495380184802,1.3235729501945066,0.28560969054430774,-0.09357471389211192,0.36489792311916425
545742922,184224,2022-07-22,2,0.007463180174618573,184,0.02702702702702703,0,-0.11642807081511759,0.31630191567766874,-0.8750495380184802,0.5520200477310946,-0.10200480532353973,0.12279557747992786,-0.46010054349680196
545742922,1392108711,2022-07-22,2,0.007463180174618573,184,0.058823529411764705,0,-0.11642807081511759,0.31630191567766874,-0.8750495380184802,-0.7757712723922037,0.21981630199034896,-0.21076043641983055,0.582446032447911
545742922,1271054083,2022-07-22,2,0.007463180174618573,184,0.05263157894736842,0,-0.11642807081511759,0.31630191567766874,-0.8750495380184802,-2.9184465359530725,-0.4510294053195518,0.20460210465325623,-0.6318521802579902
545742922,1156530869,2022-07-22,2,0.007463180174618573,184,0.07407407407407407,0,-0.11642807081511759,0.31630191567766874,-0.8750495380184802,-1.6780976652234307,-0.02446437034319593,0.07355101495436855,0.09501942779297323
545742922,2018450532,2022-07-22,2,0.007463180174618573,184,0.015384615384615385,0,-0.11642807081511759,0.31630191567766874,-0.8750495380184802,-2.455600649100094,1.010055275745478,-1.8424115647477954,2.2088493296689506
545742922,2143689183,2022-07-22,2,0.007463180174618573,184,0.058823529411764705,0,-0.11642807081511759,0.31630191567766874,-0.8750495380184802,-3.14227624056246,0.038897378468986776,-0.051098849042283234,0.013210186932655077
545742922,1392108845,2022-07-22,2,0.007463180174618573,184,0.015625,0,-0.11642807081511759,0.31630191567766874,-0.8750495380184802,-1.2316682483135346,0.3477766954780297,-0.446745314504124,0.36957428907266454
545742922,1392111849,2022-07-22,2,0.007463180174618573,184,0.08695652173913043,0,-0.11642807081511759,0.31630191567766874,-0.8750495380184802,0.7409599544786509,0.8760503141976507,-0.9989336064777143,0.4922590228809973
545742922,2004429834,2022-07-22,2,0.007463180174618573,184,0.03508771929824561,0,-0.11642807081511759,0.31630191567766874,-0.8750495380184802,-2.709919596019958,0.10022427309586934,-0.08116103489529713,0.14048919420637596
545742922,1861534450,2022-07-22,2,0.007463180174618573,184,0.07407407407407407,0,-0.11642807081511759,0.31630191567766874,-0.8750495380184802,-1.0990758605911266,-0.05058747550801157,0.1282881827710547,0.08889896027143784
545742922,2142864304,2022-07-22,2,0.007463180174618573,184,0.028169014084507043,0,-0.11642807081511759,0.31630191567766874,-0.8750495380184802,-2.028097178760845,0.08461301352346684,-0.1165054522173321,-0.0021898706995386874
545742922,2116182225,2022-07-22,2,0.007463180174618573,184,0.038461538461538464,0,-0.11642807081511759,0.31630191567766874,-0.8750495380184802,-1.8503519625574911,0.06611832823198682,-0.13039684857178457,-0.006418025781128378
545742922,998269223,2022-07-22,2,0.007463180174618573,184,0.043478260869565216,0,-0.11642807081511759,0.31630191567766874,-0.8750495380184802,-1.9234382889317476,0.22085896613789724,-0.24010532912949678,0.07298863365441655
545742922,1066188998,2022-07-22,2,0.007463180174618573,184,0.09523809523809523,0,-0.11642807081511759,0.31630191567766874,-0.8750495380184802,-1.458722228269469,-0.05417308334981219,0.09834508349947946,0.16106443446055074
545742922,263678655,2022-07-22,2,0.007463180174618573,184,0.029411764705882353,0,-0.11642807081511759,0.31630191567766874,-0.8750495380184802,-1.6037761367636616,0.9325585738347497,-1.0422511074141987,0.11676956337896449
545742922,54726,2022-07-22,2,0.007463180174618573,184,0.02857142857142857,0,-0.11642807081511759,0.31630191567766874,-0.8750495380184802,2.6238271369876505,,1.0986122886681098,0.0
545742922,657155370,2022-07-22,2,0.007463180174618573,184,0.028985507246376812,0,-0.11642807081511759,0.31630191567766874,-0.8750495380184802,-1.4407780904756904,0.06265564262066836,0.06849574457776164,0.2349425787498678
545742922,607934623,2022-07-22,2,0.007463180174618573,184,0.08333333333333333,0,-0.11642807081511759,0.31630191567766874,-0.8750495380184802,-2.3522496104547472,0.012719214144662594,-0.04433015525747308,0.28101855422100996
545742922,600923975,2022-07-22,2,0.007463180174618573,184,0.045454545454545456,0,-0.11642807081511759,0.31630191567766874,-0.8750495380184802,-0.8043851396487061,0.23454545921903014,-0.19882910211483207,1.2127098384461235
545742922,529897242,2022-07-22,2,0.007463180174618573,184,0.0392156862745098,0,-0.11642807081511759,0.31630191567766874,-0.8750495380184802,-0.6914116156513036,-0.5652057253602423,-0.08216170696081804,-0.5728800082181458
545742922,486159336,2022-07-22,2,0.007463180174618573,184,0.08695652173913043,0,-0.11642807081511759,0.31630191567766874,-0.8750495380184802,-0.776270208943109,0.4191462980304681,-0.7554106992195901,0.16823209191865196
545742922,468388162,2022-07-22,2,0.007463180174618573,184,0.07407407407407407,0,-0.11642807081511759,0.31630191567766874,-0.8750495380184802,-0.8013350827056893,0.10220594987030629,0.477672688023862,-0.42314941628364267
545742922,665872424,2022-07-22,2,0.007463180174618573,184,0.0425531914893617,0,-0.11642807081511759,0.31630191567766874,-0.8750495380184802,1.4988870355245376,0.5593244880267854,-0.9842019374903659,2.562406213493234
545742922,1392117675,2022-07-22,2,0.007463180174618573,184,0.0625,0,-0.11642807081511759,0.31630191567766874,-0.8750495380184802,-1.2171213337282576,-0.042009255816828794,0.2574526632380305,-0.29513587252012385
545742922,1392525569,2022-07-22,2,0.007463180174618573,184,0.028985507246376812,0,-0.11642807081511759,0.31630191567766874,-0.8750495380184802,1.9308899644940138,0.14852089955250247,-0.31365755885504143,1.2580400255962116
545742922,1395542724,2022-07-22,2,0.007463180174618573,184,0.022988505747126436,0,-0.11642807081511759,0.31630191567766874,-0.8750495380184802,-1.5894835224961203,-0.052361159734905405,0.08927486247851135,0.3298526070394576
545742922,1396292015,2022-07-22,2,0.007463180174618573,184,0.06666666666666667,0,-0.11642807081511759,0.31630191567766874,-0.8750495380184802,-2.3026217190831253,0.08226726170162202,-0.1404991064579857,0.047754613231596466
545742922,1469695839,2022-07-22,2,0.007463180174618573,184,0.047619047619047616,0,-0.11642807081511759,0.31630191567766874,-0.8750495380184802,-0.7297090982911307,0.3877036770636777,-0.2143892069863078,0.3341960596141984
545742922,1594960231,2022-07-22,2,0.007463180174618573,184,0.06896551724137931,0,-0.11642807081511759,0.31630191567766874,-0.8750495380184802,0.10260244867258479,0.7213515160341872,-0.5533852381847861,-0.203672494566427
545742922,1746521229,2022-07-22,2,0.007463180174618573,184,0.05,0,-0.11642807081511759,0.31630191567766874,-0.8750495380184802,-2.123180066394,0.28504825910201514,-0.21008554790881284,-0.035266566252024845
545742922,1234087176,2022-07-22,2,0.007463180174618573,184,0.1111111111111111,0,-0.11642807081511759,0.31630191567766874,-0.8750495380184802,-1.4330583296755766,-0.3209317333107611,0.6155575015054264,0.39385692040216647
432481,1901707513,2022-07-22,6,0.017216410071957042,94,0.13333333333333333,0,-0.3300935599875571,0.5089145949124698,-0.9125100090342491,-1.3213628348721047,0.22351338651055186,-0.028637978187529,0.207998413160281
432481,2018450532,2022-07-22,6,0.017216410071957042,94,0.046153846153846156,0,-0.3300935599875571,0.5089145949124698,-0.9125100090342491,-2.455600649100094,1.010055275745478,-1.8424115647477954,2.2088493296689506
432481,2080904040,2022-07-22,6,0.017216410071957042,94,0.07317073170731707,0,-0.3300935599875571,0.5089145949124698,-0.9125100090342491,-5.339318951774727,0.16897846184634258,-0.21976126073354862,0.07484448826667389
432481,2004429834,2022-07-22,6,0.017216410071957042,94,0.10526315789473684,0,-0.3300935599875571,0.5089145949124698,-0.9125100090342491,-2.709919596019958,0.10022427309586934,-0.08116103489529713,0.14048919420637596
432481,998269223,2022-07-22,6,0.017216410071957042,94,0.13043478260869565,0,-0.3300935599875571,0.5089145949124698,-0.9125100090342491,-1.9234382889317476,0.22085896613789724,-0.24010532912949678,0.07298863365441655
432481,664868651,2022-07-22,6,0.017216410071957042,94,0.20689655172413793,0,-0.3300935599875571,0.5089145949124698,-0.9125100090342491,-1.4702116283010243,0.3886662290662144,-0.40882073665570395,0.4578590248817207
432481,2114973344,2022-07-22,6,0.017216410071957042,94,0.15789473684210525,0,-0.3300935599875571,0.5089145949124698,-0.9125100090342491,1.3132216248994342,0.9290143080865516,-2.0926353690826174,0.15656906069153997
432481,129172,2022-07-22,6,0.017216410071957042,94,0.08333333333333333,0,-0.3300935599875571,0.5089145949124698,-0.9125100090342491,-1.3171933677493668,-0.7642706712375943,2.257305785279356,0.8538985444185556
432481,234774,2022-07-22,6,0.017216410071957042,94,0.20689655172413793,0,-0.3300935599875571,0.5089145949124698,-0.9125100090342491,-3.109395258606404,0.3462620499747069,-0.48424278662162124,-0.1493361482460056
432481,242853,2022-07-22,6,0.017216410071957042,94,0.20689655172413793,0,-0.3300935599875571,0.5089145949124698,-0.9125100090342491,-1.6167833560743816,0.1267778415967089,-0.14997401380685105,-0.33264738768845525
432481,184224,2022-07-22,6,0.017216410071957042,94,0.08108108108108109,0,-0.3300935599875571,0.5089145949124698,-0.9125100090342491,0.5520200477310946,-0.10200480532353973,0.12279557747992786,-0.46010054349680196
432481,230486425,2022-07-22,5,0.016176909032456003,94,0.2631578947368421,0,-0.3300935599875571,0.5089145949124698,-0.9125100090342491,1.1073357212795367,0.6139717428850717,-1.0881409888008147,-1.52165799435374
432481,328059628,2022-07-22,5,0.016176909032456003,94,0.25,0,-0.3300935599875571,0.5089145949124698,-0.9125100090342491,0.9392578172247878,0.27553127403333,-0.5648928450362671,1.3215098072587264
432481,257552031,2022-07-22,5,0.016176909032456003,94,0.29411764705882354,0,-0.3300935599875571,0.5089145949124698,-0.9125100090342491,0.5659012206742118,-0.045548896644014736,-0.37867075497064384,1.4134453501858415
432481,229066,2022-07-22,5,0.016162669292188864,94,0.2777777777777778,0,-0.3300935599875571,0.5089145949124698,-0.9125100090342491,1.7276808997599897,1.116128840441462,-1.966112856372832,1.2362336665441571
432481,44680,2022-07-22,5,0.01606167566087159,94,0.008547008547008548,0,-0.3300935599875571,0.5089145949124698,-0.9125100090342491,1.5341251441721075,1.9111838311338079,-2.5745188084776873,1.791759469228055
432481,52388,2022-07-22,5,0.01606167566087159,94,0.008403361344537815,0,-0.3300935599875571,0.5089145949124698,-0.9125100090342491,2.2969091012193465,,1.0986122886681098,-1.7491998548092593
432481,51573,2022-07-22,5,0.01606167566087159,94,0.008403361344537815,0,-0.3300935599875571,0.5089145949124698,-0.9125100090342491,0.20477785686304828,-1.5630872714650992,-0.4054651081081644,0.0
432481,929358148,2022-07-22,5,0.01606167566087159,94,0.14285714285714285,0,-0.3300935599875571,0.5089145949124698,-0.9125100090342491,-0.9334321683849411,-0.17510035932359636,0.19879036450722243,0.39112960249403983
432481,1392134357,2022-07-22,5,0.01606167566087159,94,0.19230769230769232,0,-0.3300935599875571,0.5089145949124698,-0.9125100090342491,-0.6195824008313097,0.16970861114085556,-0.40589847756240083,-0.07655789660335444
432481,1392108845,2022-07-22,5,0.015300701259696507,94,0.03875968992248062,0,-0.3300935599875571,0.5089145949124698,-0.9125100090342491,-1.2316682483135346,0.3477766954780297,-0.446745314504124,0.36957428907266454
432481,466980,2022-07-22,5,0.015300701259696507,94,0.2,0,-0.3300935599875571,0.5089145949124698,-0.9125100090342491,-1.4531883656568787,0.705253781004912,-0.8348823158107468,0.054107862590312195
432481,142288,2022-07-22,4,0.015022174621370553,94,0.2222222222222222,0,-0.3300935599875571,0.5089145949124698,-0.9125100090342491,-0.6193767867895918,0.07663556965080265,-0.16692347668283247,-0.09250709457720863
432481,229069,2022-07-22,4,0.014647248503870178,94,0.23529411764705882,0,-0.3300935599875571,0.5089145949124698,-0.9125100090342491,2.4851185580902095,2.0544181459182145,-3.4812400893356914,-1.3480731482996933
432481,1861534450,2022-07-22,4,0.014145966848611056,94,0.13793103448275862,0,-0.3300935599875571,0.5089145949124698,-0.9125100090342491,-1.0990758605911266,-0.05058747550801157,0.1282881827710547,0.08889896027143784
432481,1255694784,2022-07-22,4,0.014145966848611056,94,0.16666666666666666,0,-0.3300935599875571,0.5089145949124698,-0.9125100090342491,-1.9139891839536651,-0.1776207872463227,0.31057803523720473,-0.5923203147813219
432481,242856,2022-07-22,3,0.013968433841602377,94,0.2,0,-0.3300935599875571,0.5089145949124698,-0.9125100090342491,2.6238271369876505,0.15357962818629423,0.0,-0.6443570163905132
432481,1394559056,2022-07-22,3,0.013968433841602377,94,0.125,0,-0.3300935599875571,0.5089145949124698,-0.9125100090342491,0.9943244420740143,0.22753706349584135,-0.5705448584676134,0.24877709892118194
432481,242859,2022-07-22,3,0.013968433841602377,94,0.17647058823529413,0,-0.3300935599875571,0.5089145949124698,-0.9125100090342491,1.5614639209322574,0.635462750556445,-0.6023179641906564,-1.7719568419318756
432481,44737,2022-07-22,3,0.013968433841602377,94,0.1875,0,-0.3300935599875571,0.5089145949124698,-0.9125100090342491,1.3753918813133443,1.0627574738762124,-2.4285428327320133,1.0610213147293006
432481,242885,2022-07-22,3,0.01320745944042729,94,0.21428571428571427,0,-0.3300935599875571,0.5089145949124698,-0.9125100090342491,-3.0185264935585567,-2.105954948772886,-1.3862943611198904,-2.5494451709255714
432481,486159336,2022-07-22,3,0.01309222606884288,94,0.11538461538461539,0,-0.3300935599875571,0.5089145949124698,-0.9125100090342491,-0.776270208943109,0.4191462980304681,-0.7554106992195901,0.16823209191865196
432481,138540,2022-07-22,3,0.01309222606884288,94,0.13043478260869565,0,-0.3300935599875571,0.5089145949124698,-0.9125100090342491,0.29251327177271097,1.6225367331994047,-4.304520501181679,-1.0986122886681096
432481,1134559216,2022-07-22,3,0.012731539691609641,94,0.23076923076923078,0,-0.3300935599875571,0.5089145949124698,-0.9125100090342491,1.0489982129010806,-0.2955156815522777,0.553385238184787,3.838149569411309
432481,50687,2022-07-22,2,0.01205272502934184,94,0.15384615384615385,0,-0.3300935599875571,0.5089145949124698,-0.9125100090342491,1.692824928863235,-0.09769227146863724,0.4507216996962855,1.4271163556401456
313661,138774,2022-07-22,5,0.013699936776903471,152,0.22727272727272727,0,-0.028393570960999242,0.17838887767437472,-0.8277313895652734,1.1281408755472653,-0.3661620397767553,1.8747563887990228,-0.15382521196433618
313661,184224,2022-07-22,5,0.013699936776903471,152,0.06756756756756757,0,-0.028393570960999242,0.17838887767437472,-0.8277313895652734,0.5520200477310946,-0.10200480532353973,0.12279557747992786,-0.46010054349680196
313661,136480,2022-07-22,5,0.013699936776903471,152,0.0641025641025641,0,-0.028393570960999242,0.17838887767437472,-0.8277313895652734,-3.7226897301292525,-1.2985662049078628,1.710783849927191,-0.383123746989126
313661,998269223,2022-07-22,5,0.013699936776903471,152,0.10869565217391304,0,-0.028393570960999242,0.17838887767437472,-0.8277313895652734,-1.9234382889317476,0.22085896613789724,-0.24010532912949678,0.07298863365441655
313661,1392108713,2022-07-22,5,0.013699936776903471,152,0.05747126436781609,0,-0.028393570960999242,0.17838887767437472,-0.8277313895652734,-0.9878377117438714,0.8307348809857903,-0.35997403454847365,-1.020805997596776
313661,358263,2022-07-22,5,0.013699936776903471,152,0.1724137931034483,0,-0.028393570960999242,0.17838887767437472,-0.8277313895652734,-0.2670967825839142,0.527570252532945,-0.3654427381546528,0.09374212770396095
313661,1271054083,2022-07-22,5,0.013699936776903471,152,0.13157894736842105,0,-0.028393570960999242,0.17838887767437472,-0.8277313895652734,-2.9184465359530725,-0.4510294053195518,0.20460210465325623,-0.6318521802579902
313661,1199730922,2022-07-22,5,0.013699936776903471,152,0.02262443438914027,0,-0.028393570960999242,0.17838887767437472,-0.8277313895652734,-4.301071093171798,0.5727144827196922,-0.7169067227243424,1.2090394220888694
313661,311477,2022-07-22,5,0.013699936776903471,152,0.16666666666666666,0,-0.028393570960999242,0.17838887767437472,-0.8277313895652734,-0.43951593626993385,0.23619632243806338,-0.37884123939599235,0.0121446043640141
313661,1469695839,2022-07-22,5,0.013699936776903471,152,0.11904761904761904,0,-0.028393570960999242,0.17838887767437472,-0.8277313895652734,-0.7297090982911307,0.3877036770636777,-0.2143892069863078,0.3341960596141984
313661,1392134357,2022-07-22,5,0.013699936776903471,152,0.2,0,-0.028393570960999242,0.17838887767437472,-0.8277313895652734,-0.6195824008313097,0.16970861114085556,-0.40589847756240083,-0.07655789660335444
313661,1392108711,2022-07-22,5,0.013699936776903471,152,0.14705882352941177,0,-0.028393570960999242,0.17838887767437472,-0.8277313895652734,-0.7757712723922037,0.21981630199034896,-0.21076043641983055,0.582446032447911
313661,102912232,2022-07-22,5,0.013699936776903471,152,0.11627906976744186,0,-0.028393570960999242,0.17838887767437472,-0.8277313895652734,-2.8048281214375157,-0.6299456556234007,0.6333652253929625,-0.07945099395348976
313661,224157523,2022-07-22,5,0.013699936776903471,152,0.18518518518518517,0,-0.028393570960999242,0.17838887767437472,-0.8277313895652734,0.2519238245296255,-0.9105353320521786,0.9650808960435864,-0.961499486872059
313661,123526,2022-07-22,5,0.013699936776903471,152,0.08064516129032258,0,-0.028393570960999242,0.17838887767437472,-0.8277313895652734,-1.6140342663167397,-0.23740112166484062,0.2783938830235435,-0.0003954914032169299
313661,48293,2022-07-22,5,0.013699936776903471,152,0.25,0,-0.028393570960999242,0.17838887767437472,-0.8277313895652734,1.7309319226793172,1.1171193879266532,-1.6003646162284255,-0.654557183290077
313661,471132,2022-07-22,5,0.013699936776903471,152,0.13513513513513514,0,-0.028393570960999242,0.17838887767437472,-0.8277313895652734,-0.6625945756794671,0.5860831769934502,-2.006624164337145,0.22747050651115597
313661,496549942,2022-07-22,5,0.013699936776903471,152,0.20833333333333334,0,-0.028393570960999242,0.17838887767437472,-0.8277313895652734,0.7030654397367636,-0.20618609808808774,0.5715811637867896,-1.5119996564319846
313661,468388162,2022-07-22,5,0.013699936776903471,152,0.18518518518518517,0,-0.028393570960999242,0.17838887767437472,-0.8277313895652734,-0.8013350827056893,0.10220594987030629,0.477672688023862,-0.42314941628364267
313661,379399457,2022-07-22,5,0.013699936776903471,152,0.1724137931034483,0,-0.028393570960999242,0.17838887767437472,-0.8277313895652734,0.9746821967388953,0.4353824038903137,-1.0509132320810117,0.729019919989879
313661,325515999,2022-07-22,5,0.013699936776903471,152,0.15625,0,-0.028393570960999242,0.17838887767437472,-0.8277313895652734,-1.2354948209559529,-0.1498654094795795,0.1426454094391154,0.08823801454296198
313661,462262,2022-07-22,5,0.013699936776903471,152,0.20833333333333334,0,-0.028393570960999242,0.17838887767437472,-0.8277313895652734,1.2006758937380566,0.5243156098335169,-1.1018277255220843,0.6521731063496397
313661,288704213,2022-07-22,5,0.013699936776903471,152,0.19230769230769232,0,-0.028393570960999242,0.17838887767437472,-0.8277313895652734,-0.3259387795509724,-0.2753094003449054,0.38891787038495274,0.3238718408150758
313661,257552031,2022-07-22,5,0.013699936776903471,152,0.3125,0,-0.028393570960999242,0.17838887767437472,-0.8277313895652734,0.5659012206742118,-0.045548896644014736,-0.37867075497064384,1.4134453501858415
313661,878445230,2022-07-22,5,0.013699936776903471,152,0.21739130434782608,0,-0.028393570960999242,0.17838887767437472,-0.8277313895652734,0.12991791698019434,0.07489262164102391,0.14107859825990587,0.3004930173921023
313661,929358148,2022-07-22,5,0.013699936776903471,152,0.14705882352941177,0,-0.028393570960999242,0.17838887767437472,-0.8277313895652734,-0.9334321683849411,-0.17510035932359636,0.19879036450722243,0.39112960249403983
313661,793432116,2022-07-22,5,0.013699936776903471,152,0.25,0,-0.028393570960999242,0.17838887767437472,-0.8277313895652734,0.27887571082473994,0.2133856125793286,-0.06257471071544884,0.3704965102704172
313661,736915937,2022-07-22,5,0.013699936776903471,152,0.13157894736842105,0,-0.028393570960999242,0.17838887767437472,-0.8277313895652734,-1.5612056861076622,1.7543800643431566,-1.2936392913215897,0.8952424022630563
313661,728181331,2022-07-22,5,0.013699936776903471,152,0.25,0,-0.028393570960999242,0.17838887767437472,-0.8277313895652734,-1.1458938495276567,-0.16700518369781103,0.2660596084386153,0.25713045999561945
313661,600923975,2022-07-22,5,0.013699936776903471,152,0.11363636363636363,0,-0.028393570960999242,0.17838887767437472,-0.8277313895652734,-0.8043851396487061,0.23454545921903014,-0.19882910211483207,1.2127098384461235
313661,657155370,2022-07-22,5,0.013699936776903471,152,0.07246376811594203,0,-0.028393570960999242,0.17838887767437472,-0.8277313895652734,-1.4407780904756904,0.06265564262066836,0.06849574457776164,0.2349425787498678
313661,571016844,2022-07-22,5,0.013699936776903471,152,0.21739130434782608,0,-0.028393570960999242,0.17838887767437472,-0.8277313895652734,1.5080391806577955,0.9600632885273084,-0.7602243426487583,3.9084873505958386
313661,1130915637,2022-07-22,5,0.013699936776903471,152,0.2,0,-0.028393570960999242,0.17838887767437472,-0.8277313895652734,-0.960853899240088,-0.006286144299980423,0.14579887495566446,-0.07661586729060232
313661,935065722,2022-07-22,5,0.013699936776903471,152,0.18518518518518517,0,-0.028393570960999242,0.17838887767437472,-0.8277313895652734,0.9859319525282383,0.39530612653034713,-0.47076245057973054,-0.4113633172833495
313661,828337656,2022-07-22,5,0.013699936776903471,152,0.10869565217391304,0,-0.028393570960999242,0.17838887767437472,-0.8277313895652734,-1.3119781004904438,-0.0645929890796364,0.09994386199083216,0.5963722444585233
313661,2018450532,2022-07-22,5,0.013699936776903471,152,0.038461538461538464,0,-0.028393570960999242,0.17838887767437472,-0.8277313895652734,-2.455600649100094,1.010055275745478,-1.8424115647477954,2.2088493296689506
313661,2143241071,2022-07-22,5,0.013699936776903471,152,0.1388888888888889,0,-0.028393570960999242,0.17838887767437472,-0.8277313895652734,1.0466214201811483,0.3190796878237644,-0.6202791341695439,-0.20221214206922244
313661,218669,2022-07-22,5,0.013699936776903471,152,0.2,0,-0.028393570960999242,0.17838887767437472,-0.8277313895652734,0.8268780118522141,0.23246344787474327,0.14707100423919695,-0.7780237345037975
313661,2142864304,2022-07-22,5,0.013699936776903471,152,0.07042253521126761,0,-0.028393570960999242,0.17838887767437472,-0.8277313895652734,-2.028097178760845,0.08461301352346684,-0.1165054522173321,-0.0021898706995386874
313661,242853,2022-07-22,5,0.013699936776903471,152,0.1724137931034483,0,-0.028393570960999242,0.17838887767437472,-0.8277313895652734,-1.6167833560743816,0.1267778415967089,-0.14997401380685105,-0.33264738768845525
234571930,41873,2022-07-24,2,0.003944106378183457,493,0.1111111111111111,0,-0.09557162343612777,0.5567583103053801,-1.6372571101286653,0.6455677764046766,0.3794027336141746,-0.8168340361079816,0.34165807365357814
234571930,2144797380,2022-07-24,2,0.003944106378183457,493,0.08695652173913043,0,-0.09557162343612777,0.5567583103053801,-1.6372571101286653,-1.7165020420665116,-0.34622185983283327,0.10070554851210822,-0.3932744809477615
234571930,2143689183,2022-07-24,2,0.003944106378183457,493,0.058823529411764705,0,-0.09557162343612777,0.5567583103053801,-1.6372571101286653,-3.1208485653817823,0.045201440631934986,-0.08896985783498224,-0.10206355643849108
234571930,2143241071,2022-07-24,2,0.003944106378183457,493,0.05555555555555555,0,-0.09557162343612777,0.5567583103053801,-1.6372571101286653,1.017339671784548,0.45646723354432406,-0.6533758571330486,-0.44623036343012856
234571930,2142941753,2022-07-24,2,0.003944106378183457,493,0.14285714285714285,0,-0.09557162343612777,0.5567583103053801,-1.6372571101286653,1.7915756636030054,2.005722178182009,-4.769271196668518,0.0
234571930,2142873355,2022-07-24,2,0.003944106378183457,493,0.2,0,-0.09557162343612777,0.5567583103053801,-1.6372571101286653,0.9259728768792346,0.251671844225818,0.3944500478774877,-0.5308002348961143
234571930,2024592101,2022-07-24,2,0.003944106378183457,493,0.125,0,-0.09557162343612777,0.5567583103053801,-1.6372571101286653,0.6610059412655513,-1.9628211957220991,1.8718021769015913,2.3978952727983707
234571930,2036625307,2022-07-24,2,0.003944106378183457,493,0.125,0,-0.09557162343612777,0.5567583103053801,-1.6372571101286653,0.6082465088027214,-0.704442489920031,1.0880858756811218,0.1692152092886543
234571930,2114973344,2022-07-24,2,0.003944106378183457,493,0.05263157894736842,0,-0.09557162343612777,0.5567583103053801,-1.6372571101286653,1.49598534136802,0.9282290349644414,-2.2539300548298193,-1.5883845032362682
234571930,2116182225,2022-07-24,2,0.003944106378183457,493,0.038461538461538464,0,-0.09557162343612777,0.5567583103053801,-1.6372571101286653,-1.8462660701000326,-0.04883713237373111,0.10837589012345461,0.015751128582923712
234571930,1811110380,2022-07-24,2,0.003944106378183457,493,0.125,0,-0.09557162343612777,0.5567583103053801,-1.6372571101286653,0.9169939814335204,0.4623464024221191,-0.43966017314081096,0.25534669180884517
234571930,129172,2022-07-24,2,0.003944106378183457,493,0.027777777777777776,0,-0.09557162343612777,0.5567583103053801,-1.6372571101286653,-1.01451272190221,-0.1883953258462775,-0.4988532001963524,0.815333302448705
234571930,136480,2022-07-24,2,0.003944106378183457,493,0.02564102564102564,0,-0.09557162343612777,0.5567583103053801,-1.6372571101286653,-3.622589914532294,-1.0175586146312723,0.7104875353077595,-0.7243037766891938
234571930,138294,2022-07-24,2,0.003944106378183457,493,0.11764705882352941,0,-0.09557162343612777,0.5567583103053801,-1.6372571101286653,1.2567497132844103,1.0127249718936528,-0.9477893989335264,2.224623551524334
234571930,138774,2022-07-24,2,0.003944106378183457,493,0.09090909090909091,0,-0.09557162343612777,0.5567583103053801,-1.6372571101286653,1.3795334382927535,0.3687121583592159,-0.44521828238534855,-0.26929803646892925
234571930,142288,2022-07-24,2,0.003944106378183457,493,0.125,0,-0.09557162343612777,0.5567583103053801,-1.6372571101286653,-0.4926784220602031,0.282952110747211,-0.4102232455545822,-0.29341274716076615
234571930,57154,2022-07-24,2,0.003944106378183457,493,0.2,0,-0.09557162343612777,0.5567583103053801,-1.6372571101286653,1.7809087420215877,-0.1365581868477268,0.1872115420881464,0.15057285847937507
234571930,1843548408,2022-07-24,2,0.003944106378183457,493,0.07142857142857142,0,-0.09557162343612777,0.5567583103053801,-1.6372571101286653,1.0759182259588205,1.5668617401085418,-1.7153131470865226,0.058764710868324244
234571930,1901707513,2022-07-24,2,0.003944106378183457,493,0.044444444444444446,0,-0.09557162343612777,0.5567583103053801,-1.6372571101286653,-1.2606713842011967,0.35274881603336916,-0.4942766656019426,-0.2291487233905709
234571930,1905231687,2022-07-24,2,0.003944106378183457,493,0.11764705882352941,0,-0.09557162343612777,0.5567583103053801,-1.6372571101286653,1.5123590316959932,-0.3324649483546469,0.9520088144762342,0.1476359988060647
234571930,1978527800,2022-07-24,2,0.003944106378183457,493,0.07692307692307693,0,-0.09557162343612777,0.5567583103053801,-1.6372571101286653,0.8297052686191319,-0.5646914266518123,0.1726668215681233,1.3305837541058851
234571930,2001124710,2022-07-24,2,0.003944106378183457,493,0.04878048780487805,0,-0.09557162343612777,0.5567583103053801,-1.6372571101286653,-1.3569608849865111,-0.26308560688188165,0.4320705620247143,-1.1248659047463594
234571930,2004429834,2022-07-24,2,0.003944106378183457,493,0.03508771929824561,0,-0.09557162343612777,0.5567583103053801,-1.6372571101286653,-2.7007458968766946,0.0929600517362612,-0.0880660702911431,0.16978581654315228
234571930,1594960231,2022-07-24,2,0.003944106378183457,493,0.06896551724137931,0,-0.09557162343612777,0.5567583103053801,-1.6372571101286653,0.17064552817588785,0.7946811342458652,-0.5639722104070266,-0.40345395467408895
234571930,184224,2022-07-24,2,0.003944106378183457,493,0.02702702702702703,0,-0.09557162343612777,0.5567583103053801,-1.6372571101286653,0.47823653956222456,-0.2348523816741105,0.18952979427026673,-0.18520756168309038
234571930,184281,2022-07-24,2,0.003944106378183457,493,0.09523809523809523,0,-0.09557162343612777,0.5567583103053801,-1.6372571101286653,1.5604203555523526,0.35141504487786523,-1.0622446444972349,-1.9740810260220096
234571930,1604904707,2022-07-24,2,0.003944106378183457,493,0.1,0,-0.09557162343612777,0.5567583103053801,-1.6372571101286653,1.4959994318994403,-0.6276672685243117,2.214174135649993,-4.356708826689593
234571930,1692935183,2022-07-24,2,0.003944106378183457,493,0.09523809523809523,0,-0.09557162343612777,0.5567583103053801,-1.6372571101286653,0.9435665253369419,0.280525066185932,0.26859752375936985,-0.8139057763288928
234571930,1746521229,2022-07-24,2,0.003944106378183457,493,0.05,0,-0.09557162343612777,0.5567583103053801,-1.6372571101286653,-2.266927178069839,0.08922908521727191,-0.14355832872840146,-0.09628820488304868
234571930,1752918060,2022-07-24,2,0.003944106378183457,493,0.11764705882352941,0,-0.09557162343612777,0.5567583103053801,-1.6372571101286653,1.5992796213661433,1.1729000754945496,-1.1888142438950942,-2.014903020542265
234571930,1762279368,2022-07-24,2,0.003944106378183457,493,0.04081632653061224,0,-0.09557162343612777,0.5567583103053801,-1.6372571101286653,-3.135466204661796,1.2254259543147423,-0.821883652923395,0.17160768567016227
234571930,1425619204,2022-07-24,2,0.003944106378183457,493,0.2222222222222222,0,-0.09557162343612777,0.5567583103053801,-1.6372571101286653,2.405881779808781,-0.21794535717886943,1.0986122886681096,-1.6094379124341003
234571930,1469695839,2022-07-24,2,0.003944106378183457,493,0.047619047619047616,0,-0.09557162343612777,0.5567583103053801,-1.6372571101286653,-0.6867689652650889,0.4961048111135459,-0.3552259878783808,0.22374638464905416
202207,2018450532,2022-07-25,1,0.0011547344110854503,866,0.007692307692307693,0,1.6754706990211239,0.2722500984739431,-0.7213180575266418,-2.5646801535177226,0.3549663239815577,-1.6128563930302562,-0.7533752667746558
202207,2004611455,2022-07-25,1,0.0011547344110854503,866,0.3333333333333333,0,1.6754706990211239,0.2722500984739431,-0.7213180575266418,-3.379452856147229,-0.003313418023342951,0.004232659882273282,0.1564097489770866
202207,2004429834,2022-07-25,1,0.0011547344110854503,866,0.017543859649122806,0,1.6754706990211239,0.2722500984739431,-0.7213180575266418,-2.742801535249112,0.06790212460394862,-0.03600346258746434,0.29983836255346397
202207,2001124710,2022-07-25,1,0.0011547344110854503,866,0.024390243902439025,0,1.6754706990211239,0.2722500984739431,-0.7213180575266418,-1.295203543740729,-0.12131056839649279,0.2987693265829314,-0.25629087821949526
202207,1910737169,2022-07-25,1,0.0011547344110854503,866,0.3333333333333333,0,1.6754706990211239,0.2722500984739431,-0.7213180575266418,-4.079967276716426,-0.5740949517409493,0.18571714579509324,-0.012422519998557924
202207,1901707513,2022-07-25,1,0.0011547344110854503,866,0.022222222222222223,0,1.6754706990211239,0.2722500984739431,-0.7213180575266418,-1.2167827220216159,0.45208360067101183,-0.5719910981244993,-0.1082955014946716
202207,1886278751,2022-07-25,1,0.0011547344110854503,866,0.5,0,1.6754706990211239,0.2722500984739431,-0.7213180575266418,1.7954339227422633,0.6244038199299584,-1.176170523013984,-0.5824816126724262
202207,1843548408,2022-07-25,1,0.0011547344110854503,866,0.03571428571428571,0,1.6754706990211239,0.2722500984739431,-0.7213180575266418,1.1458006813974468,1.6813575145502155,-2.1043390933015633,0.1720791222269682
202207,1803340140,2022-07-25,1,0.0011547344110854503,866,0.5,0,1.6754706990211239,0.2722500984739431,-0.7213180575266418,2.6238271369876505,0.0,0.0,-0.35139788683788886
202207,50838,2022-07-25,1,0.0011547344110854503,866,0.3333333333333333,0,1.6754706990211239,0.2722500984739431,-0.7213180575266418,1.5963328618958474,0.581725128939186,-0.2384110234449981,0.5108256237659909
202207,49164,2022-07-25,1,0.0011547344110854503,866,0.125,0,1.6754706990211239,0.2722500984739431,-0.7213180575266418,2.6238271369876505,0.03951755879143004,0.4054651081081645,1.2039728043259361
202207,48293,2022-07-25,1,0.0011547344110854503,866,0.05,0,1.6754706990211239,0.2722500984739431,-0.7213180575266418,1.7543660535103662,0.905608615324094,-1.3681570131427723,-0.2004439637981026
202207,48176,2022-07-25,1,0.0011547344110854503,866,0.5,0,1.6754706990211239,0.2722500984739431,-0.7213180575266418,2.6040683575919354,-0.01975877939571502,0.4054651081081645,0.8472978603872034
202207,47881,2022-07-25,1,0.0011547344110854503,866,0.3333333333333333,0,1.6754706990211239,0.2722500984739431,-0.7213180575266418,2.3612810284816224,-0.2625461085060281,0.916290731874155,0.0
202207,47880,2022-07-25,1,0.0011547344110854503,866,0.3333333333333333,0,1.6754706990211239,0.2722500984739431,-0.7213180575266418,2.364174839253681,1.124296606439316,-1.1895840668738367,0.36290549368936853
202207,47701,2022-07-25,1,0.0011547344110854503,866,0.5,0,1.6754706990211239,0.2722500984739431,-0.7213180575266418,2.1945288806981846,0.93695661320397,-0.4780358009429997,-0.5108256237659905
202207,47439,2022-07-25,1,0.0011547344110854503,866,0.5,0,1.6754706990211239,0.2722500984739431,-0.7213180575266418,1.9183045255940323,0.9727554522922288,-0.3313571359544425,0.3022808718729335
202207,47368,2022-07-25,1,0.0011547344110854503,866,0.25,0,1.6754706990211239,0.2722500984739431,-0.7213180575266418,2.2224719507270416,0.4612895311269041,-0.9444616088408515,0.5877866649021186
202207,47328,2022-07-25,1,0.0011547344110854503,866,0.5,0,1.6754706990211239,0.2722500984739431,-0.7213180575266418,2.488509419203929,-0.10567954869014917,0.0,1.0986122886681098
202207,47217,2022-07-25,1,0.0011547344110854503,866,0.3333333333333333,0,1.6754706990211239,0.2722500984739431,-0.7213180575266418,2.265177776728882,0.8010581976717839,-0.9555114450274362,0.2076393647782444
202207,47059,2022-07-25,1,0.0011547344110854503,866,0.1111111111111111,0,1.6754706990211239,0.2722500984739431,-0.7213180575266418,2.284491214388475,0.20451251146110616,-1.0055218656020979,0.0
202207,46710,2022-07-25,1,0.0011547344110854503,866,0.3333333333333333,0,1.6754706990211239,0.2722500984739431,-0.7213180575266418,2.537157933196646,-0.04715164499957458,1.0986122886681096,0.5877866649021193
202207,64013,2022-07-25,1,0.0011547344110854503,866,0.25,0,1.6754706990211239,0.2722500984739431,-0.7213180575266418,2.3166678806150616,-0.20214081297017739,-0.47000362924573547,0.0
202207,60817,2022-07-25,1,0.0011547344110854503,866,0.5,0,1.6754706990211239,0.2722500984739431,-0.7213180575266418,2.6238271369876505,,0.6931471805599453,1.0986122886681096
202207,58198,2022-07-25,1,0.0011547344110854503,866,0.2,0,1.6754706990211239,0.2722500984739431,-0.7213180575266418,1.8906627542248815,-0.42600512639018007,1.2992829841302609,-1.6094379124341003
202207,57320,2022-07-25,1,0.0011547344110854503,866,0.08333333333333333,0,1.6754706990211239,0.2722500984739431,-0.7213180575266418,2.299261764820189,0.8845729361421171,-1.1962507582320256,0.485507815781701
202207,56847,2022-07-25,1,0.0011547344110854503,866,0.09090909090909091,0,1.6754706990211239,0.2722500984739431,-0.7213180575266418,0.4084930345789444,0.2724646764154115,-0.32524394054301453,0.34219307602242655
202207,56647,2022-07-25,1,0.0011547344110854503,866,0.25,0,1.6754706990211239,0.2722500984739431,-0.7213180575266418,1.7272685738516544,-0.876799783740281,3.191847152480281,0.6931471805599453
156676,2018450532,2022-07-25,1,0.0011547344110854503,866,0.007692307692307693,0,1.8187076342964557,0.21176967315189632,-0.6641596436866934,-2.5646801535177226,0.3549663239815577,-1.6128563930302562,-0.7533752667746558
156676,2004611455,2022-07-25,1,0.0011547344110854503,866,0.3333333333333333,0,1.8187076342964557,0.21176967315189632,-0.6641596436866934,-3.379452856147229,-0.003313418023342951,0.004232659882273282,0.1564097489770866
156676,2004429834,2022-07-25,1,0.0011547344110854503,866,0.017543859649122806,0,1.8187076342964557,0.21176967315189632,-0.6641596436866934,-2.742801535249112,0.06790212460394862,-0.03600346258746434,0.29983836255346397
156676,2001124710,2022-07-25,1,0.0011547344110854503,866,0.024390243902439025,0,1.8187076342964557,0.21176967315189632,-0.6641596436866934,-1.295203543740729,-0.12131056839649279,0.2987693265829314,-0.25629087821949526
156676,1910737169,2022-07-25,1,0.0011547344110854503,866,0.3333333333333333,0,1.8187076342964557,0.21176967315189632,-0.6641596436866934,-4.079967276716426,-0.5740949517409493,0.18571714579509324,-0.012422519998557924
156676,1901707513,2022-07-25,1,0.0011547344110854503,866,0.022222222222222223,0,1.8187076342964557,0.21176967315189632,-0.6641596436866934,-1.2167827220216159,0.45208360067101183,-0.5719910981244993,-0.1082955014946716
156676,1886278751,2022-07-25,1,0.0011547344110854503,866,0.5,0,1.8187076342964557,0.21176967315189632,-0.6641596436866934,1.7954339227422633,0.6244038199299584,-1.176170523013984,-0.5824816126724262
156676,1843548408,2022-07-25,1,0.0011547344110854503,866,0.03571428571428571,0,1.8187076342964557,0.21176967315189632,-0.6641596436866934,1.1458006813974468,1.6813575145502155,-2.1043390933015633,0.1720791222269682
156676,1803340140,2022-07-25,1,0.0011547344110854503,866,0.5,0,1.8187076342964557,0.21176967315189632,-0.6641596436866934,2.6238271369876505,0.0,0.0,-0.35139788683788886
156676,50838,2022-07-25,1,0.0011547344110854503,866,0.3333333333333333,0,1.8187076342964557,0.21176967315189632,-0.6641596436866934,1.5963328618958474,0.581725128939186,-0.2384110234449981,0.5108256237659909
156676,49164,2022-07-25,1,0.0011547344110854503,866,0.125,0,1.8187076342964557,0.21176967315189632,-0.6641596436866934,2.6238271369876505,0.03951755879143004,0.4054651081081645,1.2039728043259361
156676,48293,2022-07-25,1,0.0011547344110854503,866,0.05,0,1.8187076342964557,0.21176967315189632,-0.6641596436866934,1.7543660535103662,0.905608615324094,-1.3681570131427723,-0.2004439637981026
156676,48176,2022-07-25,1,0.0011547344110854503,866,0.5,0,1.8187076342964557,0.21176967315189632,-0.6641596436866934,2.6040683575919354,-0.01975877939571502,0.4054651081081645,0.8472978603872034
156676,47881,2022-07-25,1,0.0011547344110854503,866,0.3333333333333333,0,1.8187076342964557,0.21176967315189632,-0.6641596436866934,2.3612810284816224,-0.2625461085060281,0.916290731874155,0.0
156676,47880,2022-07-25,1,0.0011547344110854503,866,0.3333333333333333,0,1.8187076342964557,0.21176967315189632,-0.6641596436866934,2.364174839253681,1.124296606439316,-1.1895840668738367,0.36290549368936853
156676,47701,2022-07-25,1,0.0011547344110854503,866,0.5,0,1.8187076342964557,0.21176967315189632,-0.6641596436866934,2.1945288806981846,0.93695661320397,-0.4780358009429997,-0.5108256237659905
156676,47439,2022-07-25,1,0.0011547344110854503,866,0.5,0,1.8187076342964557,0.21176967315189632,-0.6641596436866934,1.9183045255940323,0.9727554522922288,-0.3313571359544425,0.3022808718729335
156676,47368,2022-07-25,1,0.0011547344110854503,866,0.25,0,1.8187076342964557,0.21176967315189632,-0.6641596436866934,2.2224719507270416,0.4612895311269041,-0.9444616088408515,0.5877866649021186
156676,47328,2022-07-25,1,0.0011547344110854503,866,0.5,0,1.8187076342964557,0.21176967315189632,-0.6641596436866934,2.488509419203929,-0.10567954869014917,0.0,1.0986122886681098
156676,47217,2022-07-25,1,0.0011547344110854503,866,0.3333333333333333,0,1.8187076342964557,0.21176967315189632,-0.6641596436866934,2.265177776728882,0.8010581976717839,-0.9555114450274362,0.2076393647782444
156676,47059,2022-07-25,1,0.0011547344110854503,866,0.1111111111111111,0,1.8187076342964557,0.21176967315189632,-0.6641596436866934,2.284491214388475,0.20451251146110616,-1.0055218656020979,0.0
156676,46710,2022-07-25,1,0.0011547344110854503,866,0.3333333333333333,0,1.8187076342964557,0.21176967315189632,-0.6641596436866934,2.537157933196646,-0.04715164499957458,1.0986122886681096,0.5877866649021193
156676,64013,2022-07-25,1,0.0011547344110854503,866,0.25,0,1.8187076342964557,0.21176967315189632,-0.6641596436866934,2.3166678806150616,-0.20214081297017739,-0.47000362924573547,0.0
156676,60817,2022-07-25,1,0.0011547344110854503,866,0.5,0,1.8187076342964557,0.21176967315189632,-0.6641596436866934,2.6238271369876505,,0.6931471805599453,1.0986122886681096
156676,58198,2022-07-25,1,0.0011547344110854503,866,0.2,0,1.8187076342964557,0.21176967315189632,-0.6641596436866934,1.8906627542248815,-0.42600512639018007,1.2992829841302609,-1.6094379124341003
156676,57320,2022-07-25,1,0.0011547344110854503,866,0.08333333333333333,0,1.8187076342964557,0.21176967315189632,-0.6641596436866934,2.299261764820189,0.8845729361421171,-1.1962507582320256,0.485507815781701
156676,56847,2022-07-25,1,0.0011547344110854503,866,0.09090909090909091,0,1.8187076342964557,0.21176967315189632,-0.6641596436866934,0.4084930345789444,0.2724646764154115,-0.32524394054301453,0.34219307602242655
156676,56647,2022-07-25,1,0.0011547344110854503,866,0.25,0,1.8187076342964557,0.21176967315189632,-0.6641596436866934,1.7272685738516544,-0.876799783740281,3.191847152480281,0.6931471805599453
1258105118,2018450532,2022-08-09,1,0.0011547344110854503,866,0.007692307692307693,0,2.021945105882447,-0.6272303042527796,0.7985076962177713,-2.257559591201549,0.35030614156951234,-0.9758960919177326,-1.4312572826148813
1258105118,2004611455,2022-08-09,1,0.0011547344110854503,866,0.25,0,2.021945105882447,-0.6272303042527796,0.7985076962177713,-3.474419721217799,-0.09269226757803439,0.2559271426020171,-2.4717138463034374
1258105118,2004429834,2022-08-09,1,0.0011547344110854503,866,0.017543859649122806,0,2.021945105882447,-0.6272303042527796,0.7985076962177713,-2.484177079441767,0.2727493183473704,-0.3781059516705927,-3.1411119817215445
1258105118,2001124710,2022-08-09,1,0.0011547344110854503,866,0.024390243902439025,0,2.021945105882447,-0.6272303042527796,0.7985076962177713,-1.3027053237552715,-0.06960733313008727,0.13005806653199592,-3.4495845962351295
1258105118,1910737169,2022-08-09,1,0.0011547344110854503,866,0.25,0,2.021945105882447,-0.6272303042527796,0.7985076962177713,-2.798324679650127,1.3328150858927983,0.031252543504104224,-1.8647846042429448
1258105118,1901707513,2022-08-09,1,0.0011547344110854503,866,0.022222222222222223,0,2.021945105882447,-0.6272303042527796,0.7985076962177713,-1.3579723912986223,-0.17498666634877247,0.045309618901880455,-0.6389578517127426
1258105118,1886278751,2022-08-09,1,0.0011547344110854503,866,0.3333333333333333,0,2.021945105882447,-0.6272303042527796,0.7985076962177713,0.7039050424406981,-0.9386678149026502,1.3730491343698699,-3.4339872044851463
1258105118,1843548408,2022-08-09,1,0.0011547344110854503,866,0.03571428571428571,0,2.021945105882447,-0.6272303042527796,0.7985076962177713,0.7608383791022293,-0.2828401368258009,0.5241413997417625,-3.067496421122927
1258105118,1803340140,2022-08-09,1,0.0011547344110854503,866,0.3333333333333333,0,2.021945105882447,-0.6272303042527796,0.7985076962177713,1.648997959329277,-0.9748291776583735,2.0794415416798357,-1.8055527913603906
1258105118,50838,2022-08-09,1,0.0011547344110854503,866,0.25,0,2.021945105882447,-0.6272303042527796,0.7985076962177713,2.019570795580816,0.22799513197781085,0.6390799592896697,-2.70805020110221
1258105118,48293,2022-08-09,1,0.0011547344110854503,866,0.05,0,2.021945105882447,-0.6272303042527796,0.7985076962177713,1.2966355646258356,-0.4331896119499896,1.043279025909742,-4.301358731606427
1258105118,48176,2022-08-09,1,0.0011547344110854503,866,0.3333333333333333,0,2.021945105882447,-0.6272303042527796,0.7985076962177713,2.193104334099549,0.0360951152895006,0.5798184952529422,-1.9459101490553132
1258105118,47881,2022-08-09,1,0.0011547344110854503,866,0.25,0,2.021945105882447,-0.6272303042527796,0.7985076962177713,2.1876562904432095,0.055202560109871346,0.6466271649250523,-1.6094379124341003
1258105118,47880,2022-08-09,1,0.0011547344110854503,866,0.25,0,2.021945105882447,-0.6272303042527796,0.7985076962177713,1.7379132332911673,-0.7650884367775002,1.998095902225884,-3.091042453358316
1258105118,47701,2022-08-09,1,0.0011547344110854503,866,0.3333333333333333,0,2.021945105882447,-0.6272303042527796,0.7985076962177713,1.9471450854774222,-0.4454340874430669,0.8472978603872034,-3.044522437723423
1258105118,47439,2022-08-09,1,0.0011547344110854503,866,0.3333333333333333,0,2.021945105882447,-0.6272303042527796,0.7985076962177713,1.7068768593448616,-0.33389043502809934,0.575364144903562,-3.091042453358316
1258105118,47368,2022-08-09,1,0.0011547344110854503,866,0.2,0,2.021945105882447,-0.6272303042527796,0.7985076962177713,1.8736089162925111,-0.48013608868754476,1.7346010553881062,-2.8903717578961645
1258105118,47328,2022-08-09,1,0.0011547344110854503,866,0.3333333333333333,0,2.021945105882447,-0.6272303042527796,0.7985076962177713,2.2222667107186727,-0.16879908367817276,1.2163953243244934,-2.1972245773362196
1258105118,47217,2022-08-09,1,0.0011547344110854503,866,0.3333333333333333,0,2.021945105882447,-0.6272303042527796,0.7985076962177713,2.223153526843425,-0.1310795650219183,0.7801585575495751,-2.772588722239781
1258105118,47059,2022-08-09,1,0.0011547344110854503,866,0.1111111111111111,0,2.021945105882447,-0.6272303042527796,0.7985076962177713,2.2416547067561963,-0.3821724302314542,1.3862943611198906,-3.044522437723423
1258105118,46710,2022-08-09,1,0.0011547344110854503,866,0.25,0,2.021945105882447,-0.6272303042527796,0.7985076962177713,2.2600144112457126,-0.23304551143461616,1.1786549963416464,-2.1972245773362196
1258105118,64013,2022-08-09,1,0.0011547344110854503,866,0.2,0,2.021945105882447,-0.6272303042527796,0.7985076962177713,2.6238271369876505,0.3071592563725889,-0.916290731874155,-1.6094379124341003
1258105118,57320,2022-08-09,1,0.0011547344110854503,866,0.08333333333333333,0,2.021945105882447,-0.6272303042527796,0.7985076962177713,2.1924766626213787,-0.28031864071754287,1.5198257537444133,-3.258096538021482
1258105118,56847,2022-08-09,1,0.0011547344110854503,866,0.09090909090909091,0,2.021945105882447,-0.6272303042527796,0.7985076962177713,0.1575419336920512,-0.13033491919878895,-0.19868106184072065,-5.256337294307153
1258105118,56647,2022-08-09,1,0.0011547344110854503,866,0.2,0,2.021945105882447,-0.6272303042527796,0.7985076962177713,1.9895478332762284,0.3968454435768738,-1.1394342831883644,-1.3862943611198906
105223,41873,2022-08-12,1,0.009174311926605505,109,0.05555555555555555,0,1.7509399919464674,0.3964869786261924,-2.4012566205010755,-0.3168986663143151,-0.7948158403761558,1.3620120178928863,-0.8160590043570073
105223,42359,2022-08-12,1,0.009174311926605505,109,0.25,0,1.7509399919464674,0.3964869786261924,-2.4012566205010755,2.076428346042314,0.15221077517495396,-0.4462871026284194,2.0794415416798357
105223,48236,2022-08-12,1,0.009174311926605505,109,0.125,0,1.7509399919464674,0.3964869786261924,-2.4012566205010755,-1.4231475926163177,1.6584947248642046,1.6905598825048767,-1.2148835700592038
105223,50035,2022-08-12,1,0.009174311926605505,109,0.3333333333333333,0,1.7509399919464674,0.3964869786261924,-2.4012566205010755,1.1516443840048038,-0.5802650461476093,-0.2876820724517808,0.0
105223,52388,2022-08-12,1,0.009174311926605505,109,0.0016891891891891893,0,1.7509399919464674,0.3964869786261924,-2.4012566205010755,1.4844164072304167,-0.8124926939889299,1.0986122886681098,0.0
105223,54726,2022-08-12,1,0.009174311926605505,109,0.014492753623188406,0,1.7509399919464674,0.3964869786261924,-2.4012566205010755,-0.13181875576501023,-2.7556458927526606,3.232121051618221,0.0
105223,56260,2022-08-12,1,0.009174311926605505,109,0.001697792869269949,0,1.7509399919464674,0.3964869786261924,-2.4012566205010755,0.21795037646019155,,1.3862943611198906,0.0
105223,74969,2022-08-12,1,0.009174311926605505,109,0.05263157894736842,0,1.7509399919464674,0.3964869786261924,-2.4012566205010755,0.7479163358168555,0.284066798352774,-0.9385180549400038,-1.0771719574302399
105223,76377,2022-08-12,1,0.009174311926605505,109,0.16666666666666666,0,1.7509399919464674,0.3964869786261924,-2.4012566205010755,2.5214407181967875,0.23137805135830947,-0.47000362924573547,1.252762968495368
105223,92040,2022-08-12,1,0.009174311926605505,109,0.08333333333333333,0,1.7509399919464674,0.3964869786261924,-2.4012566205010755,0.8684982934911222,-0.42950707568797675,0.5471156251711911,-4.700480365792417
105223,92118,2022-08-12,1,0.009174311926605505,109,0.014492753623188406,0,1.7509399919464674,0.3964869786261924,-2.4012566205010755,1.4499594073626334,1.8816989178250254,1.0848569135996238,0.0
105223,95967,2022-08-12,1,0.009174311926605505,109,0.1111111111111111,0,1.7509399919464674,0.3964869786261924,-2.4012566205010755,0.5133606217524322,0.20721932408036992,-1.5216357089896535,-1.9536024946784694
105223,98905,2022-08-12,1,0.009174311926605505,109,0.14285714285714285,0,1.7509399919464674,0.3964869786261924,-2.4012566205010755,0.6630724100033067,0.038469164062539085,0.010741241831413006,-0.044735893841391317
105223,129172,2022-08-12,1,0.009174311926605505,109,0.013888888888888888,0,1.7509399919464674,0.3964869786261924,-2.4012566205010755,-0.9437492058693527,-0.3135075616842815,1.1740222944756944,3.4399707675881164
105223,132082,2022-08-12,1,0.009174311926605505,109,0.14285714285714285,0,1.7509399919464674,0.3964869786261924,-2.4012566205010755,1.992750973490888,-0.1786282666978618,1.2367626271489267,0.3794896217049035
105223,208911,2022-08-12,1,0.009174311926605505,109,0.14285714285714285,0,1.7509399919464674,0.3964869786261924,-2.4012566205010755,2.6238271369876505,,0.6931471805599453,-0.4054651081081645
105223,233851,2022-08-12,1,0.009174311926605505,109,0.038461538461538464,0,1.7509399919464674,0.3964869786261924,-2.4012566205010755,-0.7300914342321504,-0.6090490751578838,0.9472777188404935,-0.7798981069686004
105223,309703,2022-08-12,1,0.009174311926605505,109,0.125,0,1.7509399919464674,0.3964869786261924,-2.4012566205010755,-0.03192602930451793,-0.6663789395759262,3.110630493692307,-2.5517128968357055
105223,309731,2022-08-12,1,0.009174311926605505,109,0.029411764705882353,0,1.7509399919464674,0.3964869786261924,-2.4012566205010755,0.6962223500825216,0.08491857245981571,0.5498338196514441,3.49650756146648
105223,341235,2022-08-12,1,0.009174311926605505,109,0.09090909090909091,0,1.7509399919464674,0.3964869786261924,-2.4012566205010755,0.06196645224328167,-0.23122683622644674,-0.35717282794204763,-2.887308968365619
147573,41558,2022-08-18,1,0.001148105625717566,871,0.1111111111111111,0,0.5392287219661308,1.2580656316411947,-2.026599060305456,0.9325095088836045,0.5902590644956486,-1.8132326869347901,4.418840607796598
147573,41606,2022-08-18,1,0.001148105625717566,871,0.16666666666666666,0,0.5392287219661308,1.2580656316411947,-2.026599060305456,1.5109822482992687,-0.4768866639506022,1.679642171107349,2.035381551885805
147573,41651,2022-08-18,1,0.001148105625717566,871,0.25,0,0.5392287219661308,1.2580656316411947,-2.026599060305456,1.8785273400158686,-0.2401351948890993,0.7472144018302211,4.48863636973214
147573,41679,2022-08-18,1,0.001148105625717566,871,0.14285714285714285,0,0.5392287219661308,1.2580656316411947,-2.026599060305456,1.3125225530275209,-0.30101920304538954,-0.9162907318741547,-0.32038609886958813
147573,41683,2022-08-18,1,0.001148105625717566,871,0.16666666666666666,0,0.5392287219661308,1.2580656316411947,-2.026599060305456,0.39161285983627403,-0.003227037182000292,-0.28388700148322865,4.007333185232471
147573,2143689183,2022-08-18,1,0.001148105625717566,871,0.029411764705882353,0,0.5392287219661308,1.2580656316411947,-2.026599060305456,-3.012779367280706,-0.1946907662013393,0.2897408021573149,1.3123065552764857
147573,2143380362,2022-08-18,1,0.001148105625717566,871,0.125,0,0.5392287219661308,1.2580656316411947,-2.026599060305456,1.3323987357678413,0.11976728454678076,-2.0329215260449427,5.43372200355424
147573,2143241071,2022-08-18,1,0.001148105625717566,871,0.027777777777777776,0,0.5392287219661308,1.2580656316411947,-2.026599060305456,1.6108417341204484,1.063136726637152,-0.7372849713856571,1.2975662455112067
147573,2143076342,2022-08-18,1,0.001148105625717566,871,0.125,0,0.5392287219661308,1.2580656316411947,-2.026599060305456,0.927229767086602,-0.07292481422210051,1.9203768470501483,2.595254706956865
147573,2143012084,2022-08-18,1,0.001148105625717566,871,0.2,0,0.5392287219661308,1.2580656316411947,-2.026599060305456,-0.7849943978806814,,5.8998973535824915,0.0
147573,2142945257,2022-08-18,1,0.001148105625717566,871,0.14285714285714285,0,0.5392287219661308,1.2580656316411947,-2.026599060305456,0.9227563108300766,1.013616554635829,0.2876820724517808,0.5596157879354227
147573,2142926031,2022-08-18,1,0.001148105625717566,871,0.058823529411764705,0,0.5392287219661308,1.2580656316411947,-2.026599060305456,-1.7605815754726744,-0.041495948080974454,0.1821866261384688,1.3501428630646313
147573,44899,2022-08-18,1,0.001148105625717566,871,0.2,0,0.5392287219661308,1.2580656316411947,-2.026599060305456,1.4943760283603076,0.4203762612203956,-0.06518597988469566,0.6975791216946554
147573,44792,2022-08-18,1,0.001148105625717566,871,0.1,0,0.5392287219661308,1.2580656316411947,-2.026599060305456,1.2275196630666179,-0.2760630021845678,-0.3378718169756363,4.056988775678332
147573,44505,2022-08-18,1,0.001148105625717566,871,0.25,0,0.5392287219661308,1.2580656316411947,-2.026599060305456,2.5481679121345007,0.22652543886344967,-0.4274440148269396,0.5877866649021193
147573,44365,2022-08-18,1,0.001148105625717566,871,0.14285714285714285,0,0.5392287219661308,1.2580656316411947,-2.026599060305456,1.0827036207510257,-0.4168460579425157,0.14058195062118983,0.9734491457141035
147573,44211,2022-08-18,1,0.001148105625717566,871,0.14285714285714285,0,0.5392287219661308,1.2580656316411947,-2.026599060305456,2.046203105443252,1.248501649187705,-1.958813553891221,-2.9080472690548866
147573,44070,2022-08-18,1,0.001148105625717566,871,0.2,0,0.5392287219661308,1.2580656316411947,-2.026599060305456,0.3161733861172267,0.9307649329900057,-1.1927665531701193,2.4216493588064782
147573,44018,2022-08-18,1,0.001148105625717566,871,0.125,0,0.5392287219661308,1.2580656316411947,-2.026599060305456,1.4292128208649213,0.28747163119603014,-0.14028563969008623,-1.2059126691437623
147573,44015,2022-08-18,1,0.001148105625717566,871,0.14285714285714285,0,0.5392287219661308,1.2580656316411947,-2.026599060305456,1.7863896745252437,0.5228351692502213,-1.150980274185426,2.816263785742443
147573,43910,2022-08-18,1,0.001148105625717566,871,0.125,0,0.5392287219661308,1.2580656316411947,-2.026599060305456,1.8529656148286915,0.0023622069290305525,-0.683294884116934,3.4431615807611875
147573,43268,2022-08-18,1,0.001148105625717566,871,0.16666666666666666,0,0.5392287219661308,1.2580656316411947,-2.026599060305456,2.0161173542433897,0.5645093497006834,-1.203972804325936,2.180626685927182
147573,43185,2022-08-18,1,0.001148105625717566,871,0.16666666666666666,0,0.5392287219661308,1.2580656316411947,-2.026599060305456,1.6385166876579504,-0.44346359596351115,0.3794896217049035,0.4344341878158824
147573,43075,2022-08-18,1,0.001148105625717566,871,0.125,0,0.5392287219661308,1.2580656316411947,-2.026599060305456,-0.9478064902033239,-0.6930746259594616,-2.044650465067811,0.0
147573,42883,2022-08-18,1,0.001148105625717566,871,0.125,0,0.5392287219661308,1.2580656316411947,-2.026599060305456,0.9068653299828949,0.6890964811126588,-1.6574837520436754,4.219507705176107
147573,42839,2022-08-18,1,0.001148105625717566,871,0.1111111111111111,0,0.5392287219661308,1.2580656316411947,-2.026599060305456,-0.9481625042464898,-0.39661839821658995,-2.024720145347681,0.0
147573,42817,2022-08-18,1,0.001148105625717566,871,0.14285714285714285,0,0.5392287219661308,1.2580656316411947,-2.026599060305456,1.2829551760480873,0.3974122802299127,-0.5828906942899126,-0.2130246950154424
147573,47377,2022-08-18,1,0.001148105625717566,871,0.16666666666666666,0,0.5392287219661308,1.2580656316411947,-2.026599060305456,-0.06148608068559726,-0.06267352567231636,0.2240119838481638,5.92247167562103
147573,47344,2022-08-18,1,0.001148105625717566,871,0.03125,0,0.5392287219661308,1.2580656316411947,-2.026599060305456,-4.649023037296713,-1.54370243603551,-0.23345962640231832,2.8286946274911386
47344,748587452,2022-09-01,24,0.1712910609442385,38,0.3582089552238806,0,-4.649023037296713,2.6012381519242043,-1.5309613674259062,-5.355496082030741,0.09281651720771578,-0.07427995715524283,0.4016062964974694
47344,2080904040,2022-09-01,24,0.1630592745817806,38,0.2857142857142857,0,-4.649023037296713,2.6012381519242043,-1.5309613674259062,-5.473289804362055,-0.040893328282645136,0.06580122035700953,0.3687420132710155
47344,1392108845,2022-09-01,22,0.13044591745150239,45,0.16666666666666666,0,-4.649023037296713,2.6012381519242043,-1.5309613674259062,-1.5743525658968434,-0.5140834232429794,1.32604144350133,-0.09731800809666424
47344,2018450532,2022-09-01,24,0.1297075551886392,50,0.18181818181818182,0,-4.649023037296713,2.6012381519242043,-1.5309613674259062,-3.2778124551947627,-0.7421065981347823,1.5718360003781076,-0.008113907565512335
47344,1762279368,2022-09-01,21,0.12112796809833586,38,0.3888888888888889,0,-4.649023037296713,2.6012381519242043,-1.5309613674259062,-1.7957735302067601,-0.49007963773783203,0.4903378565156178,2.0042503395814943
47344,129172,2022-09-01,18,0.116791788648229,45,0.225,0,-4.649023037296713,2.6012381519242043,-1.5309613674259062,-1.103127357292626,-0.3125404859143729,1.2028852566385382,0.8542033085050118
47344,1392109457,2022-09-01,20,0.11614250475532034,50,0.5,0,-4.649023037296713,2.6012381519242043,-1.5309613674259062,1.415899833984824,0.4903583046661495,-0.6389256263933065,3.545778610473263
47344,1778321788,2022-09-01,18,0.1134565864965771,45,0.5454545454545454,0,-4.649023037296713,2.6012381519242043,-1.5309613674259062,-0.7190689650217841,1.8782155777780056,-2.8420891419701846,1.0198503388867444
47344,136480,2022-09-01,23,0.1097075551886392,62,0.2839506172839506,0,-4.649023037296713,2.6012381519242043,-1.5309613674259062,-2.88788470511966,0.4745031271379192,-0.19384299539554917,-0.3830302639831924
47344,1469695839,2022-09-01,18,0.10803693303950732,38,0.36,0,-4.649023037296713,2.6012381519242043,-1.5309613674259062,-1.3015147128279096,-0.4045178766533807,0.20403126656082904,0.790059176097544
47344,2142864304,2022-09-01,22,0.10786423721628897,50,0.29333333333333333,0,-4.649023037296713,2.6012381519242043,-1.5309613674259062,-1.9343055018627668,0.05961225755609534,-0.157455363227621,0.527445434295613
47344,657155370,2022-09-01,21,0.10717910763296842,45,0.28378378378378377,0,-4.649023037296713,2.6012381519242043,-1.5309613674259062,-1.4539551640336081,0.0822983916144604,-0.08471102617978943,0.10663164840811135
47344,1944045799,2022-09-01,19,0.10020611253652893,45,0.4523809523809524,0,-4.649023037296713,2.6012381519242043,-1.5309613674259062,-4.733677693248934,-0.2157536709706056,0.175408522913731,0.7801118280493071
47344,2004429834,2022-09-01,20,0.09798261827531952,38,0.31746031746031744,0,-4.649023037296713,2.6012381519242043,-1.5309613674259062,-2.392751196152061,0.06377919669240129,-0.19622552409840033,0.7193533364401858
47344,1199730922,2022-09-01,19,0.09292076128689755,45,0.08333333333333333,0,-4.649023037296713,2.6012381519242043,-1.5309613674259062,-3.887681313296952,-1.1216972759441228,2.2096350589935287,0.29740007398042323
47344,1417297960,2022-09-01,20,0.08959515451148994,62,0.36363636363636365,0,-4.649023037296713,2.6012381519242043,-1.5309613674259062,-3.4834594856360632,,10.95687581081439,2.624187140613394
47344,671804639,2022-09-01,19,0.08666771444081883,50,0.2159090909090909,0,-4.649023037296713,2.6012381519242043,-1.5309613674259062,-0.7797796016336059,-0.048317754496219334,-0.6822848877433145,0.525225971921909
47344,1521144100,2022-09-01,16,0.0788978386237379,50,0.32653061224489793,0,-4.649023037296713,2.6012381519242043,-1.5309613674259062,-4.1117473517178835,-0.037098860877049944,0.04694656116224749,0.39806106663822405
47344,2001124710,2022-09-01,17,0.07864883579464214,50,0.34,0,-4.649023037296713,2.6012381519242043,-1.5309613674259062,-1.0220816311993666,0.16805027559330554,-0.0331980694095968,0.13579674132417452
47344,83062,2022-09-01,13,0.07829609644983017,45,0.3170731707317073,0,-4.649023037296713,2.6012381519242043,-1.5309613674259062,-1.339766126057777,-0.8471103188717375,0.8313641106808731,1.0092355071714598
47344,2142862519,2022-09-01,16,0.07819477928607972,45,0.15384615384615385,0,-4.649023037296713,2.6012381519242043,-1.5309613674259062,-5.212373976663079,-0.22920559377048821,0.34579454269276866,0.887987382498661
47344,1392501163,2022-09-01,13,0.07722052358214392,45,0.38235294117647056,0,-4.649023037296713,2.6012381519242043,-1.5309613674259062,2.3924490856293406,-0.2313780513583099,0.8472978603872034,0.5877866649021193
47344,734194786,2022-09-01,14,0.0771344102926257,50,0.1891891891891892,0,-4.649023037296713,2.6012381519242043,-1.5309613674259062,-1.0476825800420912,-0.17470048786625136,-0.27493555219216503,0.7392679547482732
47344,1392525569,2022-09-01,13,0.07591216142918725,45,0.15853658536585366,0,-4.649023037296713,2.6012381519242043,-1.5309613674259062,1.6580713369434112,-0.31183651212536057,0.30294954458257006,0.23361485118150505
47344,92118,2022-09-01,13,0.07591216142918725,45,0.1566265060240964,0,-4.649023037296713,2.6012381519242043,-1.5309613674259062,0.5542698796356073,0.1718832273495709,-1.5719228567903718,0.6931471805599453
47344,54726,2022-09-01,13,0.07591216142918725,45,0.1566265060240964,0,-4.649023037296713,2.6012381519242043,-1.5309613674259062,2.6238271369876505,2.7556458927526606,-3.6375861597263857,0.0
47344,1901707513,2022-09-01,18,0.07446383255539754,76,0.33962264150943394,0,-4.649023037296713,2.6012381519242043,-1.5309613674259062,-1.174937178670712,-0.22731613397399664,0.25925012676319525,0.10700285662723097
47344,1395542724,2022-09-01,18,0.07406928179712019,76,0.18947368421052632,0,-4.649023037296713,2.6012381519242043,-1.5309613674259062,-1.5781400938327466,0.31759701427577447,-0.8821257066448407,-0.2660006954818712
47344,1394365269,2022-09-01,14,0.07199458249091445,38,0.3181818181818182,0,-4.649023037296713,2.6012381519242043,-1.5309613674259062,-1.7570760249611148,0.14852834723910502,-0.09072591977310651,-0.1106226383928739
361776,41508,2022-09-01,1,0.0018248175182481751,548,0.2,0,,,2.302585092994046,1.4009990031266384,0.8492086916953496,-0.8529958815018412,0.5108256237659905
361776,42547,2022-09-01,1,0.0018248175182481751,548,0.1,0,,,2.302585092994046,0.9274814076838311,0.050894308131022026,0.4362779945376989,0.028987536873252395
361776,2142890311,2022-09-01,1,0.0018248175182481751,548,0.034482758620689655,0,,,2.302585092994046,-1.598965321509187,0.14546097424466553,-0.31988521294641536,0.3942007589248444
361776,2142884713,2022-09-01,1,0.0018248175182481751,548,0.06666666666666667,0,,,2.302585092994046,-1.632199800035082,0.12123482949738706,-0.3025434615110907,0.33713476541314336
361776,2142879863,2022-09-01,1,0.0018248175182481751,548,0.06666666666666667,0,,,2.302585092994046,-1.6119120648323348,0.15405479487313034,-0.2953197182175984,0.37926927316446957
361776,2142878670,2022-09-01,1,0.0018248175182481751,548,0.058823529411764705,0,,,2.302585092994046,-1.6062223870021524,0.15415553033782303,-0.3273617770371615,0.3217585584163629
361776,2142877002,2022-09-01,1,0.0018248175182481751,548,0.04,0,,,2.302585092994046,-1.5839074703752425,0.18650165973476995,-0.3426215943187305,0.3950497910976889
361776,2142870385,2022-09-01,1,0.0018248175182481751,548,0.06666666666666667,0,,,2.302585092994046,-1.58780878679234,0.13977765220327143,-0.3050107349571469,0.3894608867849261
361776,2142869398,2022-09-01,1,0.0018248175182481751,548,0.05555555555555555,0,,,2.302585092994046,-1.6377781867597745,0.11547173079786854,-0.26564849874953644,0.333308437094626
361776,2142869226,2022-09-01,1,0.0018248175182481751,548,0.03571428571428571,0,,,2.302585092994046,-1.6219308337739151,0.16048228578089874,-0.3232034940156261,0.2331807291864081
361776,2142865506,2022-09-01,1,0.0018248175182481751,548,0.047619047619047616,0,,,2.302585092994046,-1.6853725458479114,0.143897840682774,-0.2788108275248735,0.33597903513841487
361776,2142864862,2022-09-01,1,0.0018248175182481751,548,0.04,0,,,2.302585092994046,-1.6359601078970574,0.11512922416896165,-0.27102283776864944,0.40755530904602466
361776,2142864304,2022-09-01,1,0.0018248175182481751,548,0.014084507042253521,0,,,2.302585092994046,-1.9343055018627668,0.05961225755609534,-0.157455363227621,0.527445434295613
361776,2142862748,2022-09-01,1,0.0018248175182481751,548,0.058823529411764705,0,,,2.302585092994046,-1.5931638497360774,0.20141307833922606,-0.4329885555731252,0.39030629669727723
361776,2142862519,2022-09-01,1,0.0018248175182481751,548,0.010638297872340425,0,,,2.302585092994046,-5.212373976663079,-0.22920559377048821,0.34579454269276866,0.887987382498661
361776,2136116610,2022-09-01,1,0.0018248175182481751,548,0.1,0,,,2.302585092994046,-2.0841501161739133,-0.42427072465991,0.8187495630430739,1.0235541976780667
361776,103272,2022-09-01,1,0.0018248175182481751,548,0.09090909090909091,0,,,2.302585092994046,2.6238271369876505,1.8588226069015537,-4.817589773939325,1.0986122886681098
361776,103032,2022-09-01,1,0.0018248175182481751,548,0.14285714285714285,0,,,2.302585092994046,0.7427087055810622,-0.016229613514494257,-1.4874795053672365,-0.23951052877841583
361776,91589,2022-09-01,1,0.0018248175182481751,548,0.25,0,,,2.302585092994046,2.098734919975594,1.0018703166620375,-3.224573845982838,5.123963979403259
361776,82580,2022-09-01,1,0.0018248175182481751,548,0.5,0,,,2.302585092994046,1.4844164072304167,0.7107842295280813,-0.9382696385929301,-1.6376087894007967
361776,73480,2022-09-01,1,0.0018248175182481751,548,0.125,0,,,2.302585092994046,2.5082681985996444,0.04535228495858057,-0.33647223662121295,0.16989903679539742
361776,52784,2022-09-01,1,0.0018248175182481751,548,0.5,0,,,2.302585092994046,1.536130268867088,0.1632836917052387,-0.04879016416943216,0.0
361776,141592,2022-09-01,1,0.0018248175182481751,548,0.3333333333333333,0,,,2.302585092994046,1.0822692963092255,-0.6254814731616267,-0.5974719706365823,5.020585624949423
361776,138294,2022-09-01,1,0.0018248175182481751,548,0.0625,0,,,2.302585092994046,1.637719986655035,0.5077718490260357,0.3254224004346278,-1.5841201044498106
361776,138291,2022-09-01,1,0.0018248175182481751,548,0.05555555555555555,0,,,2.302585092994046,-1.1447092694717582,-0.4829475846021194,0.3634148179725898,1.6439872790880878
361776,136480,2022-09-01,1,0.0018248175182481751,548,0.01282051282051282,0,,,2.302585092994046,-2.88788470511966,0.4745031271379192,-0.19384299539554917,-0.3830302639831924
132051,41508,2022-09-03,1,0.0018248175182481751,548,0.2,0,-0.13181875576501023,1.7054614587285477,-2.2512917986064953,0.9933896251729677,0.18398752609853897,-0.7132147436107541,0.5108256237659905
132051,42547,2022-09-03,1,0.0018248175182481751,548,0.1,0,-0.13181875576501023,1.7054614587285477,-2.2512917986064953,1.2001253658905568,0.41107679050699797,-0.08393445148515077,0.028987536873252395
132051,2142890311,2022-09-03,1,0.0018248175182481751,548,0.034482758620689655,0,-0.13181875576501023,1.7054614587285477,-2.2512917986064953,-1.6123496322989028,0.10953883691425492,-0.27741534883055685,0.18882521312535516
132051,2142884713,2022-09-03,1,0.0018248175182481751,548,0.06666666666666667,0,-0.13181875576501023,1.7054614587285477,-2.2512917986064953,-1.6494508346392627,0.07990076597407758,-0.2507431071898889,0.16280339141412092
132051,2142879863,2022-09-03,1,0.0018248175182481751,548,0.06666666666666667,0,-0.13181875576501023,1.7054614587285477,-2.2512917986064953,-1.6173290992391707,0.13860568206445323,-0.2743426127578541,0.20648408449431344
132051,2142878670,2022-09-03,1,0.0018248175182481751,548,0.058823529411764705,0,-0.13181875576501023,1.7054614587285477,-2.2512917986064953,-1.6208747426324153,0.12764687470234182,-0.29565880328168426,0.15506294992245628
132051,2142877002,2022-09-03,1,0.0018248175182481751,548,0.04,0,-0.13181875576501023,1.7054614587285477,-2.2512917986064953,-1.590990086439512,0.1668937258622729,-0.3173214418864063,0.21929307326955083
132051,2142870385,2022-09-03,1,0.0018248175182481751,548,0.06666666666666667,0,-0.13181875576501023,1.7054614587285477,-2.2512917986064953,-1.6145152702795216,0.09023844881400978,-0.24674156038159367,0.18869980205679404
132051,2142869398,2022-09-03,1,0.0018248175182481751,548,0.05555555555555555,0,-0.13181875576501023,1.7054614587285477,-2.2512917986064953,-1.6383772611932232,0.11487963761289532,-0.26896251822049244,0.16887376896667305
132051,2142869226,2022-09-03,1,0.0018248175182481751,548,0.03571428571428571,0,-0.13181875576501023,1.7054614587285477,-2.2512917986064953,-1.642195650964448,0.11454249839789732,-0.26824911515824823,0.04824919457912635
132051,2142865506,2022-09-03,1,0.0018248175182481751,548,0.047619047619047616,0,-0.13181875576501023,1.7054614587285477,-2.2512917986064953,-1.675759830415874,0.14069018219856622,-0.27741052212995143,0.1560233125751278
132051,2142864862,2022-09-03,1,0.0018248175182481751,548,0.04,0,-0.13181875576501023,1.7054614587285477,-2.2512917986064953,-1.6539261595136765,0.07398597945492957,-0.22241656114669617,0.20752585954742386
132051,2142864304,2022-09-03,1,0.0018248175182481751,548,0.014084507042253521,0,-0.13181875576501023,1.7054614587285477,-2.2512917986064953,-1.9470434720495007,0.009038996948869338,-0.09926505293637256,0.35529107631253964
132051,2142862748,2022-09-03,1,0.0018248175182481751,548,0.058823529411764705,0,-0.13181875576501023,1.7054614587285477,-2.2512917986064953,-1.6195807588188291,0.14420667700227852,-0.3717757494024685,0.1860852796574708
132051,2142862519,2022-09-03,1,0.0018248175182481751,548,0.010638297872340425,0,-0.13181875576501023,1.7054614587285477,-2.2512917986064953,-5.2767634235737235,-0.3576111205685262,0.4660546105971921,0.594830757466843
132051,2136116610,2022-09-03,1,0.0018248175182481751,548,0.1,0,-0.13181875576501023,1.7054614587285477,-2.2512917986064953,-1.8102525604405155,-0.030632207029573255,0.3681125931073712,0.8292896328521611
132051,103272,2022-09-03,1,0.0018248175182481751,548,0.09090909090909091,0,-0.13181875576501023,1.7054614587285477,-2.2512917986064953,2.6238271369876505,1.8588226069015537,-4.817589773939325,1.252762968495368
132051,103032,2022-09-03,1,0.0018248175182481751,548,0.14285714285714285,0,-0.13181875576501023,1.7054614587285477,-2.2512917986064953,0.7427087055810622,-0.016229613514494257,-1.4874795053672365,-0.23951052877841583
132051,91589,2022-09-03,1,0.0018248175182481751,548,0.25,0,-0.13181875576501023,1.7054614587285477,-2.2512917986064953,2.098734919975594,1.0018703166620375,-3.224573845982838,5.123963979403259
132051,82580,2022-09-03,1,0.0018248175182481751,548,0.5,0,-0.13181875576501023,1.7054614587285477,-2.2512917986064953,1.4844164072304167,,2.1972245773362196,-1.6376087894007967
132051,73480,2022-09-03,1,0.0018248175182481751,548,0.125,0,-0.13181875576501023,1.7054614587285477,-2.2512917986064953,2.4504887294056408,-0.14370023848843694,-0.2231435513142097,-0.047628048989254435
132051,52784,2022-09-03,1,0.0018248175182481751,548,0.5,0,-0.13181875576501023,1.7054614587285477,-2.2512917986064953,1.4395244309064945,0.5385885054712514,0.2814124594381857,0.0
132051,146007,2022-09-03,1,0.0018248175182481751,548,0.5,0,-0.13181875576501023,1.7054614587285477,-2.2512917986064953,1.8161110626830448,0.22011554308440484,-0.6613984822453651,5.675040005790547
132051,141592,2022-09-03,1,0.0018248175182481751,548,0.3333333333333333,0,-0.13181875576501023,1.7054614587285477,-2.2512917986064953,1.2304017557411115,-0.4773490137297407,-0.5546082662048004,5.0238805208462765
132051,139449,2022-09-03,1,0.0018248175182481751,548,0.07692307692307693,0,-0.13181875576501023,1.7054614587285477,-2.2512917986064953,-1.9252202652329695,,6.692083742506628,0.0
132051,138294,2022-09-03,1,0.0018248175182481751,548,0.0625,0,-0.13181875576501023,1.7054614587285477,-2.2512917986064953,1.6571872793414366,0.5272391417124374,0.47957308026188583,-2.1282317058492684
132051,138291,2022-09-03,1,0.0018248175182481751,548,0.05555555555555555,0,-0.13181875576501023,1.7054614587285477,-2.2512917986064953,-1.1648203876201666,-0.5973516026896889,0.5332880710288821,1.427094861588623
232592,2146807181,2022-09-19,1,0.0015772870662460567,634,0.14285714285714285,0,2.6238271369876505,-1.0501844340241129,1.3862943611198904,1.1953296830300981,,4.532599493153256,-1.396657148155437
232592,41508,2022-09-19,1,0.0015772870662460567,634,0.2,0,2.6238271369876505,-1.0501844340241129,1.3862943611198904,1.360831214014115,0.47367040549542927,0.32721291120841567,0.3345133721358797
232592,41873,2022-09-19,1,0.0015772870662460567,634,0.05555555555555555,0,2.6238271369876505,-1.0501844340241129,1.3862943611198904,-0.13861299068936342,0.2980821121701138,-0.6418307917508503,-0.7329726105226237
232592,42334,2022-09-19,1,0.0015772870662460567,634,0.3333333333333333,0,2.6238271369876505,-1.0501844340241129,1.3862943611198904,1.3897449807225346,,3.970291913552122,-0.5623075796011343
232592,42357,2022-09-19,1,0.0015772870662460567,634,0.07142857142857142,0,2.6238271369876505,-1.0501844340241129,1.3862943611198904,2.118291329406232,-0.3899768691934118,1.2237754316221159,1.0986122886681098
232592,43751,2022-09-19,1,0.0015772870662460567,634,0.16666666666666666,0,2.6238271369876505,-1.0501844340241129,1.3862943611198904,-0.2506240741598238,0.8142371812343789,-0.7544918312086395,-2.632120885618601
232592,44306,2022-09-19,1,0.0015772870662460567,634,0.25,0,2.6238271369876505,-1.0501844340241129,1.3862943611198904,1.6055582839826799,-0.2993736463221546,0.5074300347648526,0.24512245803298516
232592,2143689183,2022-09-19,1,0.0015772870662460567,634,0.030303030303030304,0,2.6238271369876505,-1.0501844340241129,1.3862943611198904,-2.7442500713615843,0.08960362035494418,-0.09650892126948385,-0.02284986376022502
232592,2143550854,2022-09-19,1,0.0015772870662460567,634,0.5,0,2.6238271369876505,-1.0501844340241129,1.3862943611198904,1.929692982912721,,1.6094379124341003,0.0
232592,2143241071,2022-09-19,1,0.0015772870662460567,634,0.027777777777777776,0,2.6238271369876505,-1.0501844340241129,1.3862943611198904,0.7091712568984023,-0.049156051246528776,-0.4096544732634406,-0.4430715260515754
232592,234774,2022-09-19,1,0.0015772870662460567,634,0.034482758620689655,0,2.6238271369876505,-1.0501844340241129,1.3862943611198904,-3.472149870870624,-0.545069086083001,0.7064397457085168,-0.37263461803272513
232592,233851,2022-09-19,1,0.0015772870662460567,634,0.038461538461538464,0,2.6238271369876505,-1.0501844340241129,1.3862943611198904,-0.9166456264260174,-0.38939885459638235,0.4510756193602168,0.6514744841593778
232592,219091,2022-09-19,1,0.0015772870662460567,634,0.3333333333333333,0,2.6238271369876505,-1.0501844340241129,1.3862943611198904,1.0808869384114117,,3.6635616461296463,1.3539589804769543
232592,184224,2022-09-19,1,0.0015772870662460567,634,0.013513513513513514,0,2.6238271369876505,-1.0501844340241129,1.3862943611198904,0.7290010306618427,0.276419910751126,0.16200531880338165,-0.07432407156028997
232592,172558,2022-09-19,1,0.0015772870662460567,634,0.25,0,2.6238271369876505,-1.0501844340241129,1.3862943611198904,1.332183455814163,-0.4593922077888424,1.8325814637483098,-0.9876337807060596
232592,160682,2022-09-19,1,0.0015772870662460567,634,0.25,0,2.6238271369876505,-1.0501844340241129,1.3862943611198904,1.9645741659488636,-0.5577646827009961,1.203972804325936,-0.6931471805599454
232592,152211,2022-09-19,1,0.0015772870662460567,634,0.047619047619047616,0,2.6238271369876505,-1.0501844340241129,1.3862943611198904,0.7910583172036831,0.14806937391821862,-0.12900308299977503,0.6000418032166364
232592,142755,2022-09-19,1,0.0015772870662460567,634,0.125,0,2.6238271369876505,-1.0501844340241129,1.3862943611198904,1.6451435623226367,1.546242540793543,-3.0103785890712302,0.2835752904991269
232592,142288,2022-09-19,1,0.0015772870662460567,634,0.0625,0,2.6238271369876505,-1.0501844340241129,1.3862943611198904,-1.0126948509476505,-1.4433691862327986,2.243667600601019,-0.2524983548764723
232592,136480,2022-09-19,1,0.0015772870662460567,634,0.01282051282051282,0,2.6238271369876505,-1.0501844340241129,1.3862943611198904,-3.9712841734899067,-0.4422156817276939,0.29467242983089825,1.5631564321024243
232592,135725,2022-09-19,1,0.0015772870662460567,634,0.14285714285714285,0,2.6238271369876505,-1.0501844340241129,1.3862943611198904,-0.3508027285005197,-0.39521099757665934,0.09606589493570006,0.5547356772826575
232592,131846,2022-09-19,1,0.0015772870662460567,634,0.02631578947368421,0,2.6238271369876505,-1.0501844340241129,1.3862943611198904,0.967826768487552,-0.3674188856018127,1.07436228644465,0.4834266495778765
1392197125,42623,2022-10-02,2,0.0020932418192692167,949,0.15384615384615385,0,-0.30631862525184594,0.2873806778443791,-2.0540372509488005,1.181632191194144,-0.37669354312499825,0.6931471805599454,3.086393444520072
1392197125,45022,2022-10-02,2,0.0020932418192692167,949,0.16666666666666666,0,-0.30631862525184594,0.2873806778443791,-2.0540372509488005,1.2518618095131653,0.12065069116869487,-0.38566248081198484,0.9923176300184862
1392197125,44755,2022-10-02,2,0.0020932418192692167,949,0.2857142857142857,0,-0.30631862525184594,0.2873806778443791,-2.0540372509488005,-0.39496634911615647,-1.6464984188432665,0.42736150997973255,-0.04478360262697301
1392197125,44515,2022-10-02,2,0.0020932418192692167,949,0.2857142857142857,0,-0.30631862525184594,0.2873806778443791,-2.0540372509488005,0.9959515857209847,0.08716294615754538,-0.7328875092094593,0.0288204385354911
1392197125,41939,2022-10-02,2,0.0020932418192692167,949,0.2222222222222222,0,-0.30631862525184594,0.2873806778443791,-2.0540372509488005,1.7836721518447194,0.5007153372789148,-4.731802836921457,0.0791373205587238
1392197125,2018450532,2022-10-02,2,0.0020932418192692167,949,0.015384615384615385,0,-0.30631862525184594,0.2873806778443791,-2.0540372509488005,-3.332383739402558,0.00014748419661669843,-0.06367737310879917,-1.2381904268378658
1392197125,47695,2022-10-02,2,0.0020932418192692167,949,0.2222222222222222,0,-0.30631862525184594,0.2873806778443791,-2.0540372509488005,1.2162916543946714,0.14716708151457758,-1.0169342576538423,0.4082161414800538
1392197125,47344,2022-10-02,2,0.0020932418192692167,949,0.0625,0,-0.30631862525184594,0.2873806778443791,-2.0540372509488005,-4.540438034052493,-1.7105707814365152,0.1784274428688306,0.5877900539284511
1392197125,46541,2022-10-02,2,0.0020932418192692167,949,0.1,0,-0.30631862525184594,0.2873806778443791,-2.0540372509488005,0.4763409144148344,-0.6489039802600894,0.746572347233526,-0.005808341595746391
1392197125,48300,2022-10-02,2,0.0020932418192692167,949,0.05405405405405406,0,-0.30631862525184594,0.2873806778443791,-2.0540372509488005,1.3323987357678413,0.25804606922155804,-2.4696391776572115,2.5552874465498
1392197125,2122397525,2022-10-02,2,0.0020932418192692167,949,0.11764705882352941,0,-0.30631862525184594,0.2873806778443791,-2.0540372509488005,-1.7673036763843324,-0.12463745230403811,-0.5375680453007945,-0.1303876513149831
1392197125,2142890311,2022-10-02,2,0.0020932418192692167,949,0.06896551724137931,0,-0.30631862525184594,0.2873806778443791,-2.0540372509488005,-1.759845589751022,-0.08711149096738313,-0.582204620157599,-0.17486896734503077
1392197125,2144220670,2022-10-02,2,0.0020932418192692167,949,0.1,0,-0.30631862525184594,0.2873806778443791,-2.0540372509488005,0.44490590988628304,-0.6114808577887754,0.631169480284048,-0.11540696800864136
1392197125,2144216834,2022-10-02,2,0.0020932418192692167,949,0.10526315789473684,0,-0.30631862525184594,0.2873806778443791,-2.0540372509488005,-2.055467603668258,-0.06913624278346386,-0.5845640348897341,0.24350590201331457
1392197125,2143689183,2022-10-02,2,0.0020932418192692167,949,0.058823529411764705,0,-0.30631862525184594,0.2873806778443791,-2.0540372509488005,-2.6833213653575854,0.011887059746968909,0.08369215551564757,-0.39758692047458943
1392197125,2143241071,2022-10-02,2,0.0020932418192692167,949,0.05555555555555555,0,-0.30631862525184594,0.2873806778443791,-2.0540372509488005,0.9782068855040785,-0.08488172935102833,0.33916402828692416,0.05685367515101447
1392197125,2142862519,2022-10-02,2,0.0020932418192692167,949,0.02127659574468085,0,-0.30631862525184594,0.2873806778443791,-2.0540372509488005,-4.754348554231997,0.429825947694499,-0.7337496403637775,-0.4302983689664899
1392197125,2122514680,2022-10-02,2,0.0020932418192692167,949,0.125,0,-0.30631862525184594,0.2873806778443791,-2.0540372509488005,-1.7311649021100166,-0.06971516731259997,-0.6020618885337896,-0.11639051364968722
1392197125,2122437132,2022-10-02,2,0.0020932418192692167,949,0.15384615384615385,0,-0.30631862525184594,0.2873806778443791,-2.0540372509488005,-1.2329787164651602,0.4201719313265797,-0.5801324177166727,-0.12289968344979307
1392197125,51408,2022-10-02,2,0.0020932418192692167,949,0.2,0,-0.30631862525184594,0.2873806778443791,-2.0540372509488005,-1.2456597128041527,-0.1901011259323071,-0.4776162573467122,0.814261823110181
1392197125,2116182225,2022-10-02,2,0.0020932418192692167,949,0.038461538461538464,0,-0.30631862525184594,0.2873806778443791,-2.0540372509488005,-1.5307697093277137,0.41463412862910576,-0.7040552978420873,0.22146897654387665
1392197125,2114973344,2022-10-02,2,0.0020932418192692167,949,0.05263157894736842,0,-0.30631862525184594,0.2873806778443791,-2.0540372509488005,0.5491350612086505,-0.3981734022991157,-0.18742546871213062,-0.28441942681696464
1392197125,2080904040,2022-10-02,2,0.0020932418192692167,949,0.024390243902439025,0,-0.30631862525184594,0.2873806778443791,-2.0540372509488005,-4.71122849335958,0.7953153521376013,-0.7148283833548366,0.05589860683657122
1392197125,2080900357,2022-10-02,2,0.0020932418192692167,949,0.10526315789473684,0,-0.30631862525184594,0.2873806778443791,-2.0540372509488005,-6.8612863877681125,0.15080722220641807,-0.799993257786932,0.03780081016466674
1392197125,1853374889,2022-10-02,2,0.0020932418192692167,949,0.2857142857142857,0,-0.30631862525184594,0.2873806778443791,-2.0540372509488005,2.2077014002953277,0.046679053903209144,-1.7346010553881066,1.2130226398458537
1392197125,1843548408,2022-10-02,2,0.0020932418192692167,949,0.07142857142857142,0,-0.30631862525184594,0.2873806778443791,-2.0540372509488005,0.8968506690136873,-0.4165429022503848,-0.8026657063664349,-0.17864169983555467
1392197125,62524,2022-10-02,2,0.0020932418192692167,949,0.14285714285714285,0,-0.30631862525184594,0.2873806778443791,-2.0540372509488005,0.09952248300060121,-2.370725025800755,2.639057329615259,-2.2469684023347885
1392197125,56847,2022-10-02,2,0.0020932418192692167,949,0.18181818181818182,0,-0.30631862525184594,0.2873806778443791,-2.0540372509488005,0.5172385342357213,-0.22716843669482722,0.1802096235908106,0.03373335724252069
1392197125,56554,2022-10-02,2,0.0020932418192692167,949,0.06451612903225806,0,-0.30631862525184594,0.2873806778443791,-2.0540372509488005,-0.2817984576554337,0.5129557915130261,-1.7302246807883082,0.10781545584030816
998300365,2018450532,2022-12-13,2,0.012003593890386344,159,0.015384615384615385,0,1.3870374064378068,-0.3847977416856143,3.725693427236652,-3.448084008366852,0.04373211544720368,3.0226923268714767,-11.840299293463321
998300365,2080904040,2022-12-13,2,0.012003593890386344,159,0.024390243902439025,0,1.3870374064378068,-0.3847977416856143,3.725693427236652,-5.315824561089502,0.049241595654589077,2.5760555280900004,-13.608727441885078
998300365,55115,2022-12-13,2,0.012003593890386344,159,0.2222222222222222,0,1.3870374064378068,-0.3847977416856143,3.725693427236652,0.9392000620730798,-1.1331898187082274,4.537961436294641,-7.175489713624222
998300365,56554,2022-12-13,2,0.012003593890386344,159,0.06451612903225806,0,1.3870374064378068,-0.3847977416856143,3.725693427236652,-1.125641902617254,0.23551721685418436,2.7440606386252435,-7.029087564149662
998300365,998269223,2022-12-13,2,0.012003593890386344,159,0.043478260869565216,0,1.3870374064378068,-0.3847977416856143,3.725693427236652,-2.1510777817845774,-0.1964334148281548,2.935133662100829,-9.23853902633486
998300365,1059891476,2022-12-13,2,0.012003593890386344,159,0.4,0,1.3870374064378068,-0.3847977416856143,3.725693427236652,1.0757023490720898,-0.3157258972314314,3.8897773964808264,-6.767343125265392
998300365,1055924553,2022-12-13,2,0.012003593890386344,159,0.4,0,1.3870374064378068,-0.3847977416856143,3.725693427236652,1.1102923321975078,1.3011376683607256,1.3553321355159236,-3.8501476017100584
998300365,1041544707,2022-12-13,2,0.012003593890386344,159,0.4,0,1.3870374064378068,-0.3847977416856143,3.725693427236652,1.2666239687220051,0.7257007986548641,2.3058057076940877,-6.652863029353347
998300365,1004157220,2022-12-13,2,0.012003593890386344,159,0.3333333333333333,0,1.3870374064378068,-0.3847977416856143,3.725693427236652,1.005567278370435,-0.12590076536592698,3.314186004672526,-6.723832440821209
998300365,1062263846,2022-12-13,2,0.012003593890386344,159,0.4,0,1.3870374064378068,-0.3847977416856143,3.725693427236652,0.8894754893737524,0.15152056925498425,3.0985896589936988,-6.588926477533519
998300365,379399457,2022-12-13,2,0.012003593890386344,159,0.06896551724137931,0,1.3870374064378068,-0.3847977416856143,3.725693427236652,0.17552557902470914,-0.653190936050416,4.152164133110928,-7.1929342212158
998300365,671804639,2022-12-13,2,0.012003593890386344,159,0.024691358024691357,0,1.3870374064378068,-0.3847977416856143,3.725693427236652,-0.8308498682319482,-1.4554645682446061,5.199680229984024,-6.236369590203704
998300365,95440340,2022-12-13,2,0.012003593890386344,159,0.15384615384615385,0,1.3870374064378068,-0.3847977416856143,3.725693427236652,2.6238271369876505,,1.3862943611198906,0.0
998300365,288704213,2022-12-13,2,0.012003593890386344,159,0.07692307692307693,0,1.3870374064378068,-0.3847977416856143,3.725693427236652,0.8189779125308753,-0.330729004493839,3.6853016327660524,-5.69035945432406
998300365,568228234,2022-12-13,2,0.012003593890386344,159,0.03389830508474576,0,1.3870374064378068,-0.3847977416856143,3.725693427236652,-1.6616979560862029,0.02632718260344813,2.6125010849050305,-4.6913478822291435
998300365,571184990,2022-12-13,2,0.012003593890386344,159,0.044444444444444446,0,1.3870374064378068,-0.3847977416856143,3.725693427236652,-3.6688145441721107,0.41307104012517515,2.1970794920983874,-10.97176090140117
998300365,657155370,2022-12-13,2,0.012003593890386344,159,0.028985507246376812,0,1.3870374064378068,-0.3847977416856143,3.725693427236652,-1.1235481658154765,-0.2512056567350105,3.138733609756402,-8.130059039992796
998300365,275241,2022-12-13,2,0.012003593890386344,159,0.25,0,1.3870374064378068,-0.3847977416856143,3.725693427236652,-2.1249369698050855,-1.2650572714195596,6.2038806070192365,-9.452109387413557
998300365,129172,2022-12-13,2,0.012003593890386344,159,0.027777777777777776,0,1.3870374064378068,-0.3847977416856143,3.725693427236652,-0.010430742377681131,0.002948370227772508,3.4819498965345463,-9.84739327818122
998300365,136480,2022-12-13,2,0.012003593890386344,159,0.02564102564102564,0,1.3870374064378068,-0.3847977416856143,3.725693427236652,-4.283385016063859,-0.3798101569361365,3.2598773241348997,-11.661388572607851
998300365,138291,2022-12-13,2,0.012003593890386344,159,0.1111111111111111,0,1.3870374064378068,-0.3847977416856143,3.725693427236652,-1.6434682954216508,-0.38648526419260176,3.680109769307437,-8.343077871169383
998300365,184224,2022-12-13,2,0.012003593890386344,159,0.02702702702702703,0,1.3870374064378068,-0.3847977416856143,3.725693427236652,0.4631433515891244,1.0485855602889547,1.4663370687934263,-5.793013608384144
998300365,1394365269,2022-12-13,2,0.012003593890386344,159,0.0625,0,1.3870374064378068,-0.3847977416856143,3.725693427236652,-1.460537194214813,-0.686927804645649,3.772306259771713,-8.866017398810255
998300365,1392109457,2022-12-13,2,0.012003593890386344,159,0.058823529411764705,0,1.3870374064378068,-0.3847977416856143,3.725693427236652,0.3998345904743067,-0.35763131317698915,3.4845789906012063,-6.289715570908998
998300365,1392108845,2022-12-13,2,0.012003593890386344,159,0.015625,0,1.3870374064378068,-0.3847977416856143,3.725693427236652,-1.9332899757619795,0.24821431814114447,2.3925995852236595,-8.70549681988774
998300365,47344,2022-12-13,2,0.012003593890386344,159,0.0625,0,1.3870374064378068,-0.3847977416856143,3.725693427236652,-1.7480067706731328,5.088667373279419,-3.082202089079873,-12.630392219152869
998300365,1417297960,2022-12-13,2,0.012003593890386344,159,0.04081632653061224,0,1.3870374064378068,-0.3847977416856143,3.725693427236652,-4.764354345469975,0.22013041895753105,2.271576802198215,-10.607525215927247
998300365,998294180,2022-12-13,2,0.012003593890386344,159,0.2222222222222222,0,1.3870374064378068,-0.3847977416856143,3.725693427236652,0.7644653375287404,0.697072535515965,2.0576541874949292,-4.48863636973214
1201054710,1905231687,2023-02-07,4,0.0060358415399378255,493,0.23529411764705882,0,0.1662088103461785,0.18732942521055249,-0.9289469637495271,0.07837261972850403,0.14683645766768016,-0.1617022695912187,5.768320995793772
1201054710,1861534450,2023-02-07,4,0.0060358415399378255,493,0.14814814814814814,0,0.1662088103461785,0.18732942521055249,-0.9289469637495271,-0.5698106577376832,0.280065753420892,0.6627853277329221,7.6787889981991535
1201054710,1901707513,2023-02-07,4,0.0060358415399378255,493,0.08888888888888889,0,0.1662088103461785,0.18732942521055249,-0.9289469637495271,-1.8604167333408,-0.5841800567629503,1.7888122227681222,8.696175846944678
1201054710,1978527800,2023-02-07,4,0.0060358415399378255,493,0.15384615384615385,0,0.1662088103461785,0.18732942521055249,-0.9289469637495271,1.231086823500001,0.4464467476887961,-0.7178397931503175,7.141245122350491
1201054710,1762279368,2023-02-07,4,0.0060358415399378255,493,0.08163265306122448,0,0.1662088103461785,0.18732942521055249,-0.9289469637495271,-1.7043655850547919,-0.19404141900454497,1.4001116945855774,8.976135873302548
1201054710,2001124710,2023-02-07,4,0.0060358415399378255,493,0.0975609756097561,0,0.1662088103461785,0.18732942521055249,-0.9289469637495271,-0.17494824488789576,0.7722969127706565,-0.9087901451987115,7.489412083508719
1201054710,2004429834,2023-02-07,4,0.0060358415399378255,493,0.07017543859649122,0,0.1662088103461785,0.18732942521055249,-0.9289469637495271,-1.8383998538642834,0.03726749706353116,0.26558727457123155,8.713417653379183
1201054710,2018450532,2023-02-07,4,0.0060358415399378255,493,0.03076923076923077,0,0.1662088103461785,0.18732942521055249,-0.9289469637495271,-3.493555414460694,-0.08737690482182359,0.6431436325466908,11.1543487137419
1201054710,1469695839,2023-02-07,4,0.0060358415399378255,493,0.09523809523809523,0,0.1662088103461785,0.18732942521055249,-0.9289469637495271,-1.6100427084904345,-0.32007382847406474,1.5432260566821743,8.80537513890967
1201054710,2142869226,2023-02-07,4,0.0060358415399378255,493,0.14285714285714285,0,0.1662088103461785,0.18732942521055249,-0.9289469637495271,-1.809456032333155,-0.19614314085539086,0.6890655422402965,8.686260632531775
1201054710,2114973344,2023-02-07,4,0.0060358415399378255,493,0.10526315789473684,0,0.1662088103461785,0.18732942521055249,-0.9289469637495271,0.20145505699160055,-0.43706367647298544,0.9387043267110551,5.676753802268282
1201054710,2142864304,2023-02-07,4,0.0060358415399378255,493,0.056338028169014086,0,0.1662088103461785,0.18732942521055249,-0.9289469637495271,-2.325481818349394,-0.2873541205165706,1.1471813353894706,9.403601868808472
1201054710,2142864862,2023-02-07,4,0.0060358415399378255,493,0.16,0,0.1662088103461785,0.18732942521055249,-0.9289469637495271,-1.829366997284943,-0.21114544859349782,0.7162521762262539,8.746716349694486
1201054710,1594960231,2023-02-07,4,0.0060358415399378255,493,0.13793103448275862,0,0.1662088103461785,0.18732942521055249,-0.9289469637495271,-0.4178462057923284,0.023302633289330188,0.46599560784819705,7.077498053569231
1201054710,361588,2023-02-07,4,0.0060358415399378255,493,0.21052631578947367,0,0.1662088103461785,0.18732942521055249,-0.9289469637495271,0.39837937017787034,-0.16856752379826306,0.7454466799627939,6.810142450115136
1201054710,2024380837,2023-02-07,4,0.0060358415399378255,493,0.19047619047619047,0,0.1662088103461785,0.18732942521055249,-0.9289469637495271,2.1493131355122106,0.0450330613560177,-0.382992252256106,2.772588722239781
1201054710,2015978076,2023-02-07,4,0.0060358415399378255,493,0.23529411764705882,0,0.1662088103461785,0.18732942521055249,-0.9289469637495271,0.9853197585492693,0.4631362495708584,1.9233358270167744,4.8283137373023015
1201054710,2036625307,2023-02-07,4,0.0060358415399378255,493,0.25,0,0.1662088103461785,0.18732942521055249,-0.9289469637495271,1.5563540686244537,0.8534495721108775,1.0513061712711727,6.352629396319567
1201054710,242853,2023-02-07,4,0.0060358415399378255,493,0.13793103448275862,0,0.1662088103461785,0.18732942521055249,-0.9289469637495271,-1.9100009386861394,0.22919473497449672,0.09143246197789523,9.486607541612665
1201054710,725774710,2023-02-07,4,0.0060358415399378255,493,0.15384615384615385,0,0.1662088103461785,0.18732942521055249,-0.9289469637495271,-0.24465898287221238,0.16520381011171437,0.8136403498972609,7.846589975291186
1201054710,600923975,2023-02-07,4,0.0060358415399378255,493,0.09090909090909091,0,0.1662088103461785,0.18732942521055249,-0.9289469637495271,-1.616492698277988,-0.3186145230019388,1.6281527483040286,9.007856923358275
1201054710,998269223,2023-02-07,4,0.0060358415399378255,493,0.08695652173913043,0,0.1662088103461785,0.18732942521055249,-0.9289469637495271,-2.2050218478888612,-0.0672024554934918,0.8748973570525838,9.492658081928813
1201054710,1392108711,2023-02-07,4,0.0060358415399378255,493,0.11764705882352941,0,0.1662088103461785,0.18732942521055249,-0.9289469637495271,-1.5274357301274617,-0.3185362215917382,1.645423804357545,8.771990436532242
1201054710,1392108845,2023-02-07,4,0.0060358415399378255,493,0.03125,0,0.1662088103461785,0.18732942521055249,-0.9289469637495271,-2.0628610442334145,-0.5629427861374923,1.6453315327161757,9.318387276059317
1201054710,1392108840,2023-02-07,4,0.0060358415399378255,493,0.17391304347826086,0,0.1662088103461785,0.18732942521055249,-0.9289469637495271,0.1328486723687235,0.5196627401497387,0.22512739779169078,7.284820912568604
1201054710,102912232,2023-02-07,4,0.0060358415399378255,493,0.09302325581395349,0,0.1662088103461785,0.18732942521055249,-0.9289469637495271,-1.8837155442628168,0.4954585284941684,0.42472840718374805,8.989943046329998
1201054710,1199730922,2023-02-07,4,0.0060358415399378255,493,0.01809954751131222,0,0.1662088103461785,0.18732942521055249,-0.9289469637495271,-2.922570144242852,0.18243037554935126,0.47745279875261204,11.332278505255585
1201054710,1130915637,2023-02-07,4,0.0060358415399378255,493,0.16,0,0.1662088103461785,0.18732942521055249,-0.9289469637495271,-1.659726423212241,-0.8588765220469636,1.5931284547153108,8.925587339030281
1201054710,61416813,2023-02-07,4,0.0060358415399378255,493,0.18181818181818182,0,0.1662088103461785,0.18732942521055249,-0.9289469637495271,-1.4262727498425627,-0.304244402016836,1.7508758287122799,8.587278798982926
1201054710,444382,2023-02-07,4,0.0060358415399378255,493,0.2222222222222222,0,0.1662088103461785,0.18732942521055249,-0.9289469637495271,-0.9662836720856782,0.04968266432441526,0.4212272558020409,8.277666160851503
1201054710,1271054083,2023-02-07,4,0.0060358415399378255,493,0.10526315789473684,0,0.1662088103461785,0.18732942521055249,-0.9289469637495271,-2.9972394465313728,0.04713889155305262,0.3869711677682499,10.692899003066138
1201054710,471132,2023-02-07,4,0.0060358415399378255,493,0.10810810810810811,0,0.1662088103461785,0.18732942521055249,-0.9289469637495271,-1.4927714031034978,-0.21661171730629514,1.597641466366813,8.920389060080359
1201054710,471114,2023-02-07,4,0.0060358415399378255,493,0.25,0,0.1662088103461785,0.18732942521055249,-0.9289469637495271,-0.12490695571360713,0.6643440446940999,-0.11918851726511814,8.122668023346407
1201054710,1395542724,2023-02-07,4,0.0060358415399378255,493,0.04597701149425287,0,0.1662088103461785,0.18732942521055249,-0.9289469637495271,0.19542624341549222,-0.6381077627587334,1.0829179989055202,7.8160138391590275
1201054710,2144797380,2023-02-07,4,0.0060358415399378255,493,0.17391304347826086,0,0.1662088103461785,0.18732942521055249,-0.9289469637495271,-0.1910507551026386,0.8328688823315835,-0.3226241858543588,8.195885391314796
1201054710,2143241071,2023-02-07,4,0.0060358415399378255,493,0.1111111111111111,0,0.1662088103461785,0.18732942521055249,-0.9289469637495271,0.8941753158292252,-0.21904664237211047,-0.12908519725232903,6.45833828334479
1201054710,2143689183,2023-02-07,4,0.0060358415399378255,493,0.11764705882352941,0,0.1662088103461785,0.18732942521055249,-0.9289469637495271,-2.205857548557395,0.24901543942587523,-0.053489280529234406,9.833172378621102
1201054710,136480,2023-02-07,4,0.0060358415399378255,493,0.05128205128205128,0,0.1662088103461785,0.18732942521055249,-0.9289469637495271,-3.6150101949414903,-0.09870128259608357,0.7362157142841728,12.29491650915678
1201054710,609927275,2023-02-07,4,0.0060358415399378255,493,0.14285714285714285,0,0.1662088103461785,0.18732942521055249,-0.9289469637495271,-1.6264372789441015,-0.10578309751788129,1.4947547836706878,8.990815266184685
1201054710,604823041,2023-02-07,4,0.0060358415399378255,493,0.21052631578947367,0,0.1662088103461785,0.18732942521055249,-0.9289469637495271,0.5127490438089785,0.41423777844950277,-0.5351203238612507,6.532334292222349
1296685797,2080904040,2023-02-13,5,0.038340207060085535,33,0.06097560975609756,0,-0.8683116280911243,0.693970453366422,-0.56653559226931,-5.113085618770506,0.008366268285515233,0.43478135764964954,1.4328760715420454
1296685797,2018450532,2023-02-13,5,0.038340207060085535,33,0.038461538461538464,0,-0.8683116280911243,0.693970453366422,-0.56653559226931,-3.5221040519427933,-0.31797243850517765,0.8986217447014937,1.594647118294457
1296685797,1392108845,2023-02-13,5,0.038340207060085535,33,0.0390625,0,-0.8683116280911243,0.693970453366422,-0.56653559226931,-2.6958456189004294,-0.6874095850968227,1.282159964206251,1.2826286331383638
1296685797,543125625,2023-02-13,5,0.038340207060085535,33,0.08620689655172414,0,-0.8683116280911243,0.693970453366422,-0.56653559226931,-1.8020088304698454,-0.27319082525667304,0.8088064484183466,1.4117360464657516
1296685797,657155370,2023-02-13,5,0.038340207060085535,33,0.07246376811594203,0,-0.8683116280911243,0.693970453366422,-0.56653559226931,-0.7670135978431037,-0.10020877994733557,0.5631514427677304,1.35460573188477
1296685797,593279071,2023-02-13,4,0.037300706020584495,33,0.06349206349206349,0,-0.8683116280911243,0.693970453366422,-0.56653559226931,-1.7916172399257324,-0.23126862540941717,0.7593269024273823,1.51005144051764
1296685797,568228234,2023-02-13,4,0.037300706020584495,33,0.06666666666666667,0,-0.8683116280911243,0.693970453366422,-0.56653559226931,-1.7854591530151873,-0.26036067929501705,0.7938597677944905,1.5045869509274272
1296685797,551495238,2023-02-13,4,0.037300706020584495,33,0.07017543859649122,0,-0.8683116280911243,0.693970453366422,-0.56653559226931,-1.8188773475775777,-0.2710950400905279,0.8068602471779371,1.4969162408534462
1296685797,2024552199,2023-02-13,4,0.037300706020584495,33,0.06557377049180328,0,-0.8683116280911243,0.693970453366422,-0.56653559226931,-1.7901849939793049,-0.25827684838523557,0.7848101932932572,1.4544814898149347
1296685797,2024380045,2023-02-13,4,0.037300706020584495,33,0.06349206349206349,0,-0.8683116280911243,0.693970453366422,-0.56653559226931,-1.7871851323046781,-0.22793927704350447,0.7453291897092491,1.4337716317154046
1296685797,131846,2023-02-13,4,0.03719210143436797,33,0.10256410256410256,0,-0.8683116280911243,0.693970453366422,-0.56653559226931,1.3541844814882535,0.06862032412903107,0.07503518594291414,1.8325814637483098
1296685797,1417297960,2023-02-13,4,0.03718547264900008,33,0.08,0,-0.8683116280911243,0.693970453366422,-0.56653559226931,-2.3808546127970365,1.3543257501088775,-1.1641507019151653,0.39286222662222237
1296685797,54726,2023-02-13,3,0.03615260039486693,33,0.041666666666666664,0,-0.8683116280911243,0.693970453366422,-0.56653559226931,2.6238271369876505,0.5250922170120567,-0.6931471805599453,0.0
1296685797,1392525569,2023-02-13,3,0.03615260039486693,33,0.04225352112676056,0,-0.8683116280911243,0.693970453366422,-0.56653559226931,2.0905679943983695,-0.2311471751746521,0.9734491457141035,1.4916548767777167
1296685797,736915937,2023-02-13,4,0.03364537137933436,33,0.10256410256410256,0,-0.8683116280911243,0.693970453366422,-0.56653559226931,1.3222587338721787,0.4842985716204605,-3.4566100865920806,1.4673696608239482
1296685797,597667031,2023-02-13,3,0.03260587033983332,33,0.05172413793103448,0,-0.8683116280911243,0.693970453366422,-0.56653559226931,-1.7968988709256395,-0.24824907171225696,0.7759916123519179,1.455623687497023
1296685797,1287033460,2023-02-13,3,0.03260587033983332,33,0.14285714285714285,0,-0.8683116280911243,0.693970453366422,-0.56653559226931,1.0958095980856635,0.11525356907283069,-0.2015529187218421,1.8139005951052685
1296685797,152211,2023-02-13,2,0.03145776471411575,33,0.08333333333333333,0,-0.8683116280911243,0.693970453366422,-0.56653559226931,1.0745933251464412,-0.06595365273220666,2.304591111720912,-1.9573715925743196
1296685797,91007,2023-02-13,1,0.030303030303030304,33,0.05263157894736842,0,-0.8683116280911243,0.693970453366422,-0.56653559226931,2.2417277075824793,0.034026307287151614,1.6739764335716716,2.3978952727983707
1296685797,754937606,2023-02-13,1,0.030303030303030304,33,0.07692307692307693,0,-0.8683116280911243,0.693970453366422,-0.56653559226931,0.23375511868500365,0.7827750938826622,-1.576101492166508,-2.70805020110221
1296685797,440123091,2023-02-13,1,0.030303030303030304,33,0.09090909090909091,0,-0.8683116280911243,0.693970453366422,-0.56653559226931,0.8425476606521256,,3.044522437723423,0.0
1296685797,748587452,2023-02-13,4,0.00803717675705523,213,0.06060606060606061,0,-0.8683116280911243,0.693970453366422,-0.56653559226931,-3.844298093768416,0.2404545560339062,0.2777694217260773,0.3342094649275271
1296685797,1901707513,2023-02-13,4,0.00803717675705523,213,0.08695652173913043,0,-0.8683116280911243,0.693970453366422,-0.56653559226931,-2.6176423181038366,-0.853109938615104,1.3145266873424735,1.656835989855189
1296685797,1392117675,2023-02-13,4,0.00803717675705523,213,0.12121212121212122,0,-0.8683116280911243,0.693970453366422,-0.56653559226931,-2.640548648000891,-0.44444748113801635,1.1345359478988772,1.331765540089565
1296685797,1521144100,2023-02-13,4,0.00803717675705523,213,0.1,0,-0.8683116280911243,0.693970453366422,-0.56653559226931,1.9191850925878622,2.494933513254751,-5.034335941522458,1.4970991187884106
1296685797,1392108797,2023-02-13,4,0.00803717675705523,213,0.10810810810810811,0,-0.8683116280911243,0.693970453366422,-0.56653559226931,-3.5114888820020207,-0.7671631641543635,1.6596329683052815,1.0568343321143008
163238,2018450532,2023-02-27,1,0.0011547344110854503,866,0.007692307692307693,0,1.81694448604539,0.353845760862709,-1.120591195386885,-2.2946572763321496,1.2274467756106437,-2.335183749972437,0.1714745440596186
163238,2004611455,2023-02-27,1,0.0011547344110854503,866,0.3333333333333333,0,1.81694448604539,0.353845760862709,-1.120591195386885,-3.3859173315104667,0.01628355023736816,-0.7043140031762363,-0.003345283884366168
163238,2004429834,2023-02-27,1,0.0011547344110854503,866,0.017543859649122806,0,1.81694448604539,0.353845760862709,-1.120591195386885,-1.5091648191127958,0.3299003517681449,-1.0856256747346258,-0.014465954548002813
163238,2001124710,2023-02-27,1,0.0011547344110854503,866,0.024390243902439025,0,1.81694448604539,0.353845760862709,-1.120591195386885,-0.6492122738035281,-0.21582464449208477,-0.5433589903005505,0.19117341737236337
163238,1901707513,2023-02-27,1,0.0011547344110854503,866,0.022222222222222223,0,1.81694448604539,0.353845760862709,-1.120591195386885,-3.4082895039105074,-0.7906471858066708,0.05477663376241004,1.5126607334090245
163238,1886278751,2023-02-27,1,0.0011547344110854503,866,0.5,0,1.81694448604539,0.353845760862709,-1.120591195386885,0.9003726194476894,-0.0943885602150849,-0.4891641269848117,3.526360524616161
163238,1843548408,2023-02-27,1,0.0011547344110854503,866,0.03571428571428571,0,1.81694448604539,0.353845760862709,-1.120591195386885,0.08694708393626165,0.06724022171088911,-0.8472978603872034,0.6837783857328965
163238,1803340140,2023-02-27,1,0.0011547344110854503,866,0.5,0,1.81694448604539,0.353845760862709,-1.120591195386885,1.1776639880922566,-0.4835569759753693,-0.3980301296206461,-0.5479651707154471
163238,50838,2023-02-27,1,0.0011547344110854503,866,0.3333333333333333,0,1.81694448604539,0.353845760862709,-1.120591195386885,1.6528766448431207,-0.4380056637299088,0.3364722366212125,1.6739764335716716
163238,49758,2023-02-27,1,0.0011547344110854503,866,0.1111111111111111,0,1.81694448604539,0.353845760862709,-1.120591195386885,2.610654617390507,0.33705760004845864,-0.6931471805599452,0.6931471805599453
163238,49164,2023-02-27,1,0.0011547344110854503,866,0.14285714285714285,0,1.81694448604539,0.353845760862709,-1.120591195386885,2.2969091012193465,0.1836080591533129,-0.8472978603872034,-0.6931471805599453
163238,48527,2023-02-27,1,0.0011547344110854503,866,0.25,0,1.81694448604539,0.353845760862709,-1.120591195386885,2.6040683575919354,0.9697187745186902,-3.857214768933151,0.2876820724517808
163238,48293,2023-02-27,1,0.0011547344110854503,866,0.05,0,1.81694448604539,0.353845760862709,-1.120591195386885,-0.02674297519494495,0.055866983077479324,-1.0643081334843396,0.5948224280489596
163238,48176,2023-02-27,1,0.0011547344110854503,866,0.3333333333333333,0,1.81694448604539,0.353845760862709,-1.120591195386885,2.065969391299645,-0.33662235774470073,0.8649974374866045,-1.2527629684953678
163238,47881,2023-02-27,1,0.0011547344110854503,866,0.3333333333333333,0,1.81694448604539,0.353845760862709,-1.120591195386885,2.0619007040071136,-0.21524961781651797,2.0368819272610397,-0.08004270767353638
163238,47880,2023-02-27,1,0.0011547344110854503,866,0.5,0,1.81694448604539,0.353845760862709,-1.120591195386885,2.304060239938878,-0.061012261212809005,-0.06453852113757108,-0.9087938204599766
163238,47701,2023-02-27,1,0.0011547344110854503,866,0.5,0,1.81694448604539,0.353845760862709,-1.120591195386885,1.9779904221798688,0.8052829487532331,-3.570471223063634,-0.22314355131421015
163238,47439,2023-02-27,1,0.0011547344110854503,866,0.5,0,1.81694448604539,0.353845760862709,-1.120591195386885,1.9359727033380902,-0.1159840953795277,0.40546510810816416,0.2006706954621511
163238,47368,2023-02-27,1,0.0011547344110854503,866,0.3333333333333333,0,1.81694448604539,0.353845760862709,-1.120591195386885,2.061985041343136,0.2164538411679049,-1.9560625205193314,0.0
163238,47328,2023-02-27,1,0.0011547344110854503,866,0.3333333333333333,0,1.81694448604539,0.353845760862709,-1.120591195386885,2.1760851681889397,-0.2837860606734117,0.5306282510621703,-0.21130909366720685
163238,47217,2023-02-27,1,0.0011547344110854503,866,0.3333333333333333,0,1.81694448604539,0.353845760862709,-1.120591195386885,2.223295233201863,-0.053855088621768576,0.7884573603642704,0.5389965007326871
163238,47059,2023-02-27,1,0.0011547344110854503,866,0.1111111111111111,0,1.81694448604539,0.353845760862709,-1.120591195386885,2.1976112504693806,0.06475897893529936,0.0,-0.7731898882334818
163238,46710,2023-02-27,1,0.0011547344110854503,866,0.3333333333333333,0,1.81694448604539,0.353845760862709,-1.120591195386885,2.0590688470017926,-0.4914711710739108,0.8266785731844679,1.0414538748281612
163238,64013,2023-02-27,1,0.0011547344110854503,866,0.25,0,1.81694448604539,0.353845760862709,-1.120591195386885,2.3166678806150616,0.011643138471122416,-1.2039728043259361,0.0
163238,60817,2023-02-27,1,0.0011547344110854503,866,0.5,0,1.81694448604539,0.353845760862709,-1.120591195386885,2.6238271369876505,0.23710290966944703,-1.2039728043259361,-0.6931471805599453
163238,58198,2023-02-27,1,0.0011547344110854503,866,0.25,0,1.81694448604539,0.353845760862709,-1.120591195386885,2.2473399555058986,1.1504549206021735,-3.0845277723371223,-1.0729698580547717
163238,57320,2023-02-27,1,0.0011547344110854503,866,0.07692307692307693,0,1.81694448604539,0.353845760862709,-1.120591195386885,2.0776776055458352,-0.030254224396237817,-0.18232155679395445,0.08701137698962969
163238,56847,2023-02-27,1,0.0011547344110854503,866,0.09090909090909091,0,1.81694448604539,0.353845760862709,-1.120591195386885,0.8239721771730193,-0.49645574507058,-0.42845462633286324,0.04012884095899416
163238,56647,2023-02-27,1,0.0011547344110854503,866,0.3333333333333333,0,1.81694448604539,0.353845760862709,-1.120591195386885,2.115483617246253,0.05075381356879349,-0.4054651081081646,1.0116009116784799
190732457,1392525569,2023-03-01,3,0.041558774815125855,45,0.043478260869565216,0,0.19483923975139547,0.4546264046660601,-1.5047759647404142,2.2967139702826236,0.24773923092310435,-1.5892352051165806,0.0281708769666964
190732457,2080904040,2023-03-01,3,0.041558774815125855,45,0.036585365853658534,0,0.19483923975139547,0.4546264046660601,-1.5047759647404142,-5.087904563341321,-0.004921638828662367,-1.0227146862568937,-0.06622407362212179
190732457,1199730922,2023-03-01,3,0.041558774815125855,45,0.013636363636363636,0,0.19483923975139547,0.4546264046660601,-1.5047759647404142,-4.600123491768372,-0.8127210754447951,-1.045978875443847,-1.231453898558863
190732457,612176483,2023-03-01,3,0.041558774815125855,45,0.057692307692307696,0,0.19483923975139547,0.4546264046660601,-1.5047759647404142,-1.3076459156440978,0.5524520770504155,-1.3602460039736801,-0.6486691791897972
190732457,92118,2023-03-01,3,0.041558774815125855,45,0.04285714285714286,0,0.19483923975139547,0.4546264046660601,-1.5047759647404142,2.6238271369876505,,0.6931471805599453,-2.4849066497880004
190732457,1392108845,2023-03-01,3,0.041558774815125855,45,0.0234375,0,0.19483923975139547,0.4546264046660601,-1.5047759647404142,-3.400142038963426,-0.36330019848022843,-0.5897992296958829,1.1176034908947372
190732457,129172,2023-03-01,3,0.041558774815125855,45,0.041666666666666664,0,0.19483923975139547,0.4546264046660601,-1.5047759647404142,0.5173831982135928,0.33349332233067686,-1.9007897137748442,-0.75492120332453
190732457,657155370,2023-03-01,3,0.041558774815125855,45,0.043478260869565216,0,0.19483923975139547,0.4546264046660601,-1.5047759647404142,-0.6551149868469855,0.14127441486639825,-1.164532889067437,-0.485293123685123
190732457,736915937,2023-03-01,2,0.023376956633307674,45,0.05263157894736842,0,0.19483923975139547,0.4546264046660601,-1.5047759647404142,1.303740873296092,0.05448429349705797,-1.8765983491650848,-0.03436106185988663
190732457,748587452,2023-03-01,2,0.023376956633307674,45,0.030303030303030304,0,0.19483923975139547,0.4546264046660601,-1.5047759647404142,-4.21004968682909,-0.4571253565530782,-0.6658010384660944,-0.13542443346560695
190732457,56847,2023-03-01,2,0.023376956633307674,45,0.15384615384615385,0,0.19483923975139547,0.4546264046660601,-1.5047759647404142,0.8787739676421696,-0.28043894847307793,-1.0093811549401668,-0.35933806135821644
190732457,86230660,2023-03-01,2,0.023376956633307674,45,0.16666666666666666,0,0.19483923975139547,0.4546264046660601,-1.5047759647404142,2.058684615480168,-0.12904344486946462,-1.128465251817791,-1.3862943611198906
190732457,1392108946,2023-03-01,2,0.023376956633307674,45,0.1111111111111111,0,0.19483923975139547,0.4546264046660601,-1.5047759647404142,0.5475094298657126,-0.5438485376093112,-0.6340582641899388,-0.11054187439982321
190732457,1392108685,2023-03-01,2,0.023376956633307674,45,0.05555555555555555,0,0.19483923975139547,0.4546264046660601,-1.5047759647404142,-1.1023848799814764,-0.36683410229935143,-0.8187826900791828,-0.6251990592986161
190732457,2142862519,2023-03-01,2,0.023376956633307674,45,0.021052631578947368,0,0.19483923975139547,0.4546264046660601,-1.5047759647404142,-4.790552028897629,-0.1901792744837536,-0.7917060603322952,-0.5758230787357892
190732457,47344,2023-03-01,1,0.022222222222222223,45,0.029411764705882353,0,0.19483923975139547,0.4546264046660601,-1.5047759647404142,-5.592158658072364,-1.6727136731427374,-1.1712871198450419,6.030685260261263
190732457,83062,2023-03-01,1,0.022222222222222223,45,0.03333333333333333,0,0.19483923975139547,0.4546264046660601,-1.5047759647404142,-3.327362954001857,-0.5065116463043298,-0.5479306202373788,1.3895105608711198
190732457,137370,2023-03-01,1,0.022222222222222223,45,0.07692307692307693,0,0.19483923975139547,0.4546264046660601,-1.5047759647404142,0.10156213501000766,-0.2261835921453224,-0.8125162593719635,-0.04762804898925488
190732457,432465,2023-03-01,1,0.022222222222222223,45,0.06666666666666667,0,0.19483923975139547,0.4546264046660601,-1.5047759647404142,0.06313642738443227,0.46675022834224644,-1.945444708041559,0.8071981483107731
190732457,482617,2023-03-01,1,0.022222222222222223,45,0.08333333333333333,0,0.19483923975139547,0.4546264046660601,-1.5047759647404142,-0.9819490507521611,0.3711006503364609,-1.5217753507954752,-0.9995397939245496
190732457,138527572,2023-03-01,1,0.022222222222222223,45,0.03333333333333333,0,0.19483923975139547,0.4546264046660601,-1.5047759647404142,2.6238271369876505,0.6111816279440543,-1.5404450409471486,-0.6931471805599454
190732457,773546902,2023-03-01,1,0.022222222222222223,45,0.05263157894736842,0,0.19483923975139547,0.4546264046660601,-1.5047759647404142,-2.1242473358266434,0.003588993826733944,-1.1418521071743513,-0.9785042112761193
190732457,939834965,2023-03-01,1,0.022222222222222223,45,0.08333333333333333,0,0.19483923975139547,0.4546264046660601,-1.5047759647404142,2.6238271369876505,0.12660119219524812,-1.0986122886681098,0.9555114450274365
190732457,1271054083,2023-03-01,1,0.022222222222222223,45,0.025,0,0.19483923975139547,0.4546264046660601,-1.5047759647404142,-3.8722411869031186,-0.2528256611809989,-0.6437977251797058,0.22671167607278164
190732457,1392111849,2023-03-01,1,0.022222222222222223,45,0.041666666666666664,0,0.19483923975139547,0.4546264046660601,-1.5047759647404142,-0.26787739593068377,-0.40187959117805827,-0.47862968396550265,-0.3663368548504691
190732457,1392113492,2023-03-01,1,0.022222222222222223,45,0.09090909090909091,0,0.19483923975139547,0.4546264046660601,-1.5047759647404142,-4.607109495330588,-0.30830014504047565,-0.5102278573343924,0.48180601786044264
190732457,1392501163,2023-03-01,1,0.022222222222222223,45,0.043478260869565216,0,0.19483923975139547,0.4546264046660601,-1.5047759647404142,1.277135659519508,-0.8010392563710529,0.9745596399981307,0.998528830111127
184924548,47344,2023-03-01,1,0.013157894736842105,76,0.030303030303030304,0,,,1.6094379124341003,-5.592158658072364,-1.6727136731427374,-1.1712871198450419,6.030685260261263
184924548,54093,2023-03-01,1,0.013157894736842105,76,0.3333333333333333,0,,,1.6094379124341003,1.24667755968792,-0.14059165137211527,-1.7491998548092593,-0.6931471805599453
184924548,123526,2023-03-01,1,0.013157894736842105,76,0.016129032258064516,0,,,1.6094379124341003,-3.270225544443484,-0.5000731003472643,-0.5404403858763303,1.4488540610406577
184924548,129172,2023-03-01,1,0.013157894736842105,76,0.013888888888888888,0,,,1.6094379124341003,0.5173831982135928,0.33349332233067686,-1.9007897137748442,-0.75492120332453
184924548,136480,2023-03-01,1,0.013157894736842105,76,0.01282051282051282,0,,,1.6094379124341003,-3.602368945576056,0.2184863431923305,-1.2362886743019352,-0.06335276505718568
184924548,163280,2023-03-01,1,0.013157894736842105,76,0.2,0,,,1.6094379124341003,2.4702475088013562,0.0677889461830099,-1.0986122886681098,1.3862943611198904
184924548,184224,2023-03-01,1,0.013157894736842105,76,0.013333333333333334,0,,,1.6094379124341003,-0.07530308744541438,-0.26495424791504907,-0.6262842353308189,0.27614791920649395
184924548,233851,2023-03-01,1,0.013157894736842105,76,0.037037037037037035,0,,,1.6094379124341003,0.7156797146750061,0.9556845872791153,-2.736221078068907,1.754019141245208
184924548,234774,2023-03-01,1,0.013157894736842105,76,0.03333333333333333,0,,,1.6094379124341003,-1.5804596053668363,0.7184645518178663,-1.790836534229454,-0.5201450331762327
184924548,242931,2023-03-01,1,0.013157894736842105,76,0.16666666666666666,0,,,1.6094379124341003,-2.0744206686485374,0.054764993866239564,-1.2700506330791628,-0.5468767621579937
184924548,336693,2023-03-01,1,0.013157894736842105,76,0.125,0,,,1.6094379124341003,1.5156967363577185,0.3527629597589581,-1.3217558399823188,0.05370417897186108
184924548,397993501,2023-03-01,1,0.013157894736842105,76,0.0196078431372549,0,,,1.6094379124341003,-4.412622527929099,-0.8965927748954217,-0.5004882019140773,-0.8770138059396544
184924548,748587452,2023-03-01,1,0.013157894736842105,76,0.015384615384615385,0,,,1.6094379124341003,-4.21004968682909,-0.4571253565530782,-0.6658010384660944,-0.13542443346560695
184924548,768650233,2023-03-01,1,0.013157894736842105,76,0.04,0,,,1.6094379124341003,-4.376124252145019,-0.72253839232499,-0.2794141380972235,-0.3249813860945139
184924548,828337656,2023-03-01,1,0.013157894736842105,76,0.021739130434782608,0,,,1.6094379124341003,-3.2983694089511664,-0.5237017137962474,-0.5197574303686867,1.4943646273140896
184924548,1199730922,2023-03-01,1,0.013157894736842105,76,0.004545454545454545,0,,,1.6094379124341003,-4.600123491768372,-0.8127210754447951,-1.045978875443847,-1.231453898558863
184924548,1287033460,2023-03-01,1,0.013157894736842105,76,0.05263157894736842,0,,,1.6094379124341003,1.19180387302431,0.15558215338659243,-1.2921553702060287,0.295587251958894
184924548,1392109457,2023-03-01,1,0.013157894736842105,76,0.02857142857142857,0,,,1.6094379124341003,1.2997426973716444,-0.05493113805278549,-1.021651247531981,-0.2539710151094692
52161,146667,2023-03-01,32,0.6198893591527745,19,0.8,1,0.6373198450391429,1.057032777563752,-1.911718784307034,2.119674966418638,0.5470795383465166,-1.4170660197866445,-2.302585092994046
52161,64144,2023-03-01,32,0.6198893591527745,19,0.8,1,0.6373198450391429,1.057032777563752,-1.911718784307034,0.8079213370155383,0.21913985784464363,-0.3165176220916681,-1.2039728043259361
52161,141008,2023-03-01,32,0.6198893591527745,19,0.7804878048780488,1,0.6373198450391429,1.057032777563752,-1.911718784307034,-0.09290658933957983,-2.3517113905136253,1.836211231798889,-1.0986122886681098
52161,44050,2023-03-01,32,0.6198893591527745,19,0.8,1,0.6373198450391429,1.057032777563752,-1.911718784307034,1.9253965123935846,0.8172980723994765,-2.833213344056216,-1.3862943611198906
52161,67700,2023-03-01,32,0.6198893591527745,19,0.8,1,0.6373198450391429,1.057032777563752,-1.911718784307034,1.8541843490201408,1.0423972912980046,-2.2407096892759584,1.6094379124341003
52161,52300,2023-03-01,32,0.6198893591527745,19,0.7804878048780488,1,0.6373198450391429,1.057032777563752,-1.911718784307034,0.7592563243211595,0.1654833808005931,-0.921780224158927,-1.0986122886681098
52161,55497,2023-03-01,32,0.6198893591527745,19,0.8,1,0.6373198450391429,1.057032777563752,-1.911718784307034,0.9190848752311982,-0.8212088157363859,0.8888917576860407,-1.9459101490553132
52161,107954,2023-03-01,31,0.6073893591527746,19,0.7948717948717948,1,0.6373198450391429,1.057032777563752,-1.911718784307034,1.3498195423566968,0.3002570203545447,-1.3748656652962676,0.0
52161,44764,2023-03-01,30,0.5803623321257475,19,0.7692307692307693,1,0.6373198450391429,1.057032777563752,-1.911718784307034,2.2870297115214893,0.05797150099587611,-0.7884573603642704,1.0986122886681098
52161,47978,2023-03-01,31,0.5672577802054062,20,0.7380952380952381,1,0.6373198450391429,1.057032777563752,-1.911718784307034,1.6472262168943996,0.4795439612042489,-1.924027437805806,-0.4054651081081644
52161,48473,2023-03-01,30,0.5547577802054061,20,0.7894736842105263,1,0.6373198450391429,1.057032777563752,-1.911718784307034,2.2969091012193465,0.41793474500982897,-1.6094379124341003,0.0
52161,50942,2023-03-01,28,0.5484256327045531,19,0.7,1,0.6373198450391429,1.057032777563752,-1.911718784307034,2.5843095781962204,1.2983493830695878,-3.6506582412937387,0.0
52161,125855,2023-03-01,29,0.5071387325863586,20,0.7631578947368421,1,0.6373198450391429,1.057032777563752,-1.911718784307034,2.3166678806150616,1.2524494081358855,-2.833213344056216,0.0
52161,1199730922,2023-03-01,29,0.502551897852465,21,0.13004484304932734,1,0.6373198450391429,1.057032777563752,-1.911718784307034,-4.600123491768372,-0.8127210754447951,-1.045978875443847,-1.231453898558863
52161,1392108845,2023-03-01,24,0.342922425497791,29,0.17647058823529413,0,0.6373198450391429,1.057032777563752,-1.911718784307034,-3.400142038963426,-0.36330019848022843,-0.5897992296958829,1.1176034908947372
52161,2142862519,2023-03-01,21,0.3230482499447379,31,0.2,0,0.6373198450391429,1.057032777563752,-1.911718784307034,-4.790552028897629,-0.1901792744837536,-0.7917060603322952,-0.5758230787357892
52161,300531239,2023-03-01,19,0.27537765705205225,37,0.2087912087912088,0,0.6373198450391429,1.057032777563752,-1.911718784307034,-1.7472935536226215,-0.6042032178686165,-0.35478746606440303,-2.0004971520289807
52161,425059,2023-03-01,14,0.2702934133150084,21,0.23333333333333334,1,0.6373198450391429,1.057032777563752,-1.911718784307034,1.6298120444668747,0.4986002818206976,-1.6765242056504701,-2.824043641496363
52161,92118,2023-03-01,16,0.2683307366500206,29,0.18604651162790697,0,0.6373198450391429,1.057032777563752,-1.911718784307034,2.6238271369876505,,0.6931471805599453,-2.4849066497880004
52161,1392525569,2023-03-01,16,0.2683307366500206,29,0.18823529411764706,0,0.6373198450391429,1.057032777563752,-1.911718784307034,2.2967139702826236,0.24773923092310435,-1.5892352051165806,0.0281708769666964
52161,671804639,2023-03-01,20,0.25201767307886075,37,0.21505376344086022,0,0.6373198450391429,1.057032777563752,-1.911718784307034,-0.8127774253912511,-0.8630361552735007,-0.05185765123729347,-1.8861751405293008
52161,665872424,2023-03-01,16,0.24331657612679838,37,0.25396825396825395,0,0.6373198450391429,1.057032777563752,-1.911718784307034,1.4638991828708046,0.8111566552840984,-5.228793466059251,0.2857116284644823
52161,2018450532,2023-03-01,20,0.21828019768442616,37,0.14084507042253522,0,0.6373198450391429,1.057032777563752,-1.911718784307034,-2.0817395121359965,1.3517862805122576,-3.175179420917635,-0.14828208359540085
52161,1395542724,2023-03-01,18,0.2141444129357441,23,0.1782178217821782,1,0.6373198450391429,1.057032777563752,-1.911718784307034,0.5237088460225557,0.06346562126192323,-1.1287220901394797,0.26411762552451457
52161,263678655,2023-03-01,15,0.15866270344218578,37,0.17647058823529413,0,0.6373198450391429,1.057032777563752,-1.911718784307034,1.281869854080625,0.6625687177538683,-2.4411712562801924,-0.496624544651163
52161,1392139747,2023-03-01,12,0.1568367751891461,37,0.2,0,0.6373198450391429,1.057032777563752,-1.911718784307034,2.439531583164097,0.12645282701932903,-1.0986122886681096,2.131255972366848
52161,597667031,2023-03-01,9,0.14816456779027934,19,0.11392405063291139,1,0.6373198450391429,1.057032777563752,-1.911718784307034,-1.6251229867675927,0.11361451609459139,-1.2224673869621006,-0.23602810227706073
42965,2018450532,2023-03-04,2,0.1721915285451197,6,0.015267175572519083,1,0.2820612194283651,0.12841737399295328,-2.246495626343002,-1.7820066446430767,1.2488755642373688,-4.110762169075989,-0.3204308382331611
42965,42983,2023-03-04,1,0.0055248618784530384,181,0.1,0,0.2820612194283651,0.12841737399295328,-2.246495626343002,2.0723898807813073,0.13105540494088697,-2.4423470353692043,0.09531017980432477
42965,42986,2023-03-04,1,0.0055248618784530384,181,0.1111111111111111,0,0.2820612194283651,0.12841737399295328,-2.246495626343002,2.6238271369876505,0.0,-0.4054651081081645,-3.9269116179218964
42965,45045,2023-03-04,1,0.0055248618784530384,181,0.08333333333333333,0,0.2820612194283651,0.12841737399295328,-2.246495626343002,1.1893816089851024,-0.98777823834721,-0.14310084364067333,1.0414538748281612
42965,47344,2023-03-04,1,0.0055248618784530384,181,0.02857142857142857,0,0.2820612194283651,0.12841737399295328,-2.246495626343002,-5.592158658072364,-2.7681738189902174,0.04248968457751623,1.0637434630172864
42965,48236,2023-03-04,1,0.0055248618784530384,181,0.09090909090909091,0,0.2820612194283651,0.12841737399295328,-2.246495626343002,-2.619884392477216,-1.7740861940254253,0.47076091818764443,-1.0521619910239721
42965,48293,2023-03-04,1,0.0055248618784530384,181,0.043478260869565216,0,0.2820612194283651,0.12841737399295328,-2.246495626343002,-0.00977175743259584,0.07768196995069929,-2.3599363894655117,0.15456952800092072
42965,48300,2023-03-04,1,0.0055248618784530384,181,0.025,0,0.2820612194283651,0.12841737399295328,-2.246495626343002,0.04985143691754712,-0.2690193164719031,-1.3557699029092447,0.7459896619343258
42965,53709,2023-03-04,1,0.0055248618784530384,181,0.09090909090909091,0,0.2820612194283651,0.12841737399295328,-2.246495626343002,2.098734919975594,-0.4855746582206266,0.6931471805599453,2.0794415416798357
42965,59750,2023-03-04,1,0.0055248618784530384,181,0.07692307692307693,0,0.2820612194283651,0.12841737399295328,-2.246495626343002,2.3166678806150616,0.7659882062606811,-2.456735772821304,-2.512305623976115
42965,83062,2023-03-04,1,0.0055248618784530384,181,0.03225806451612903,0,0.2820612194283651,0.12841737399295328,-2.246495626343002,-2.6598510675176814,0.5446814283953336,-2.019922134195621,1.8085818171993555
42965,91584,2023-03-04,1,0.0055248618784530384,181,0.1111111111111111,0,0.2820612194283651,0.12841737399295328,-2.246495626343002,2.6238271369876505,,0.6931471805599453,4.770684624465665
42965,92118,2023-03-04,1,0.0055248618784530384,181,0.013888888888888888,0,0.2820612194283651,0.12841737399295328,-2.246495626343002,2.6238271369876505,,0.6931471805599453,-2.4849066497880004
42965,96701,2023-03-04,1,0.0055248618784530384,181,0.08333333333333333,0,0.2820612194283651,0.12841737399295328,-2.246495626343002,2.098734919975594,,1.3862943611198906,1.7829488395459006
42965,123526,2023-03-04,1,0.0055248618784530384,181,0.015625,0,0.2820612194283651,0.12841737399295328,-2.246495626343002,-2.5119778523779095,0.6403072071322065,-2.0009832117262043,1.844618106836812
42965,129172,2023-03-04,1,0.0055248618784530384,181,0.013513513513513514,0,0.2820612194283651,0.12841737399295328,-2.246495626343002,0.9523740141419306,0.6600698600164485,-3.080160953170781,-0.503245607537326
42965,131846,2023-03-04,1,0.0055248618784530384,181,0.024390243902439025,0,0.2820612194283651,0.12841737399295328,-2.246495626343002,1.929692982912721,0.5979523765291568,-2.967561396587295,-0.25131442828090655
42965,136480,2023-03-04,1,0.0055248618784530384,181,0.0125,0,0.2820612194283651,0.12841737399295328,-2.246495626343002,-3.027384158632675,0.8002701561354937,-2.547119474772943,0.17733178906926028
468412982,1843548408,2023-03-04,4,0.006211831368901775,493,0.14285714285714285,0,-1.2685913217895965,0.4567988971136716,-2.542182858970457,0.21222175218799827,0.1958792083746925,-2.236220343913364,0.3066506047370039
468412982,1594960231,2023-03-04,4,0.006211831368901775,493,0.13793103448275862,0,-1.2685913217895965,0.4567988971136716,-2.542182858970457,-0.8128509961153053,-0.5345544924720449,-1.4462862717478666,0.2580729671341935
468412982,224157523,2023-03-04,4,0.006211831368901775,493,0.14814814814814814,0,-1.2685913217895965,0.4567988971136716,-2.542182858970457,1.4462462807157301,0.8533200260444845,-3.2875723561544357,-0.0872223252026254
468412982,263678655,2023-03-04,4,0.006211831368901775,493,0.058823529411764705,0,-1.2685913217895965,0.4567988971136716,-2.542182858970457,1.7070546950715688,0.741349721776205,-3.589908736554881,0.20771570551242569
468412982,2142864304,2023-03-04,4,0.006211831368901775,493,0.056338028169014086,0,-1.2685913217895965,0.4567988971136716,-2.542182858970457,-2.9037600644951063,0.5084380527921133,-2.026049448644182,1.3938405405780045
468412982,657155370,2023-03-04,4,0.006211831368901775,493,0.057971014492753624,0,-1.2685913217895965,0.4567988971136716,-2.542182858970457,-0.425302401058743,0.3010294561876749,-2.452330479353387,-0.329605621970515
468412982,828337656,2023-03-04,4,0.006211831368901775,493,0.08695652173913043,0,-1.2685913217895965,0.4567988971136716,-2.542182858970457,-2.5698746383151794,0.6048155148162295,-1.997179004956923,1.962319436070473
468412982,311477,2023-03-04,4,0.006211831368901775,493,0.13333333333333333,0,-1.2685913217895965,0.4567988971136716,-2.542182858970457,-0.5676482637109247,-0.031160364820365216,-1.9485521585181518,0.12320427846867332
468412982,2114973344,2023-03-04,4,0.006211831368901775,493,0.10526315789473684,0,-1.2685913217895965,0.4567988971136716,-2.542182858970457,0.2002752876410613,0.16181145039122702,-2.394139399838565,0.529174762434188
468412982,1392108713,2023-03-04,4,0.006211831368901775,493,0.04597701149425287,0,-1.2685913217895965,0.4567988971136716,-2.542182858970457,-2.7711615870452384,0.4221592853454359,-1.9965756665273258,1.337609579018384
468412982,1392108845,2023-03-04,4,0.006211831368901775,493,0.03125,0,-1.2685913217895965,0.4567988971136716,-2.542182858970457,-2.797799816677415,0.5344313718197129,-2.021213094541361,1.490188415489909
468412982,1392117675,2023-03-04,4,0.006211831368901775,493,0.125,0,-1.2685913217895965,0.4567988971136716,-2.542182858970457,-3.1577447476727167,0.1488015447339932,-1.9575530337658815,1.4734030927332338
468412982,468388162,2023-03-04,4,0.006211831368901775,493,0.14814814814814814,0,-1.2685913217895965,0.4567988971136716,-2.542182858970457,-2.529204452499385,0.9196209297208435,-2.110281681922311,1.9506028235987767
468412982,129172,2023-03-04,4,0.006211831368901775,493,0.05555555555555555,0,-1.2685913217895965,0.4567988971136716,-2.542182858970457,0.9523740141419306,0.6600698600164485,-3.080160953170781,-0.503245607537326
468412982,138774,2023-03-04,4,0.006211831368901775,493,0.18181818181818182,0,-1.2685913217895965,0.4567988971136716,-2.542182858970457,1.3126399563721263,0.009168910571959232,-3.107436263133992,0.5391930223015615
468412982,1752918060,2023-03-04,4,0.006211831368901775,493,0.23529411764705882,0,-1.2685913217895965,0.4567988971136716,-2.542182858970457,0.23421248681365467,-0.0508318068497082,-1.915696370458817,-0.6659346170350604
468412982,103858369,2023-03-04,4,0.006211831368901775,493,0.21052631578947367,0,-1.2685913217895965,0.4567988971136716,-2.542182858970457,0.1427297777922548,0.06199441611154689,-1.9447385027584225,0.16966787102539538
468412982,92118,2023-03-04,3,0.0051580905891335975,493,0.04225352112676056,0,-1.2685913217895965,0.4567988971136716,-2.542182858970457,2.6238271369876505,,0.6931471805599453,-2.4849066497880004
468412982,1392525569,2023-03-04,3,0.0051580905891335975,493,0.04285714285714286,0,-1.2685913217895965,0.4567988971136716,-2.542182858970457,2.4702475088013562,0.40450869554649316,-2.484906649788001,0.13062018241706408
468412982,397993501,2023-03-04,3,0.0051580905891335975,493,0.057692307692307696,0,-1.2685913217895965,0.4567988971136716,-2.542182858970457,-4.589423475731204,-0.7924418380973757,-1.2581670019545381,0.6372209966437818
468412982,1134563745,2023-03-04,3,0.0051580905891335975,493,0.21428571428571427,0,-1.2685913217895965,0.4567988971136716,-2.542182858970457,0.41876278161255437,0.15149092869542513,-2.113901880294443,0.04609110720026699
468412982,793920703,2023-03-04,3,0.00479740421190036,493,0.25,0,-1.2685913217895965,0.4567988971136716,-2.542182858970457,2.098734919975594,0.029473050636255937,-2.374905754573672,0.3364722366212125
468412982,397995320,2023-03-04,3,0.00479740421190036,493,0.2,0,-1.2685913217895965,0.4567988971136716,-2.542182858970457,0.174532718432299,0.09807560080737505,-2.0605730573754535,-1.0377849874290224
468412982,393106372,2023-03-04,3,0.00479740421190036,493,0.15,0,-1.2685913217895965,0.4567988971136716,-2.542182858970457,-0.1137816258785756,-2.584029134679932,2.9177707320842794,2.8903717578961645
468412982,1574460878,2023-03-04,3,0.004496565502692512,493,0.1875,0,-1.2685913217895965,0.4567988971136716,-2.542182858970457,0.43956799618063125,0.30494038381091304,-2.3560591064759038,0.4495250979021952
468412982,228447,2023-03-04,3,0.004496565502692512,493,0.16666666666666666,0,-1.2685913217895965,0.4567988971136716,-2.542182858970457,0.4555727629497852,0.17506018521467115,-2.562749136551935,-1.2720561714300467
468412982,234774,2023-03-04,3,0.004496565502692512,493,0.1,0,-1.2685913217895965,0.4567988971136716,-2.542182858970457,-1.5587540545425673,0.5901165224242968,-2.8747188253281175,-0.311659971024417
468412982,242853,2023-03-04,3,0.004496565502692512,493,0.1,0,-1.2685913217895965,0.4567988971136716,-2.542182858970457,-1.815388017340588,0.12425668290621927,-2.1532745585120656,-0.03215293371708228
468412982,152211,2023-03-04,3,0.004496565502692512,493,0.13636363636363635,0,-1.2685913217895965,0.4567988971136716,-2.542182858970457,0.7125201302989377,-0.6481044134559342,-2.5003629080246927,-0.009009069942366388
468412982,1861534450,2023-03-04,3,0.004496565502692512,493,0.10714285714285714,0,-1.2685913217895965,0.4567988971136716,-2.542182858970457,0.5145959421961963,0.7716975643970703,-3.2154966278317216,0.34910398352711436
468412982,1901707513,2023-03-04,3,0.004496565502692512,493,0.06521739130434782,0,-1.2685913217895965,0.4567988971136716,-2.542182858970457,-2.5302169275485524,0.6904455896361457,-2.0075647217807475,2.0323402022151598
468412982,1905231687,2023-03-04,3,0.004496565502692512,493,0.16666666666666666,0,-1.2685913217895965,0.4567988971136716,-2.542182858970457,1.8980722964982748,0.10649663289526945,-1.627456417936779,0.3317216338626148
468412982,1392134357,2023-03-04,3,0.004496565502692512,493,0.11538461538461539,0,-1.2685913217895965,0.4567988971136716,-2.542182858970457,-2.4128603373126536,0.7507884177497739,-2.00186602607865,2.150420312510045
468412982,1978527800,2023-03-04,3,0.004496565502692512,493,0.1111111111111111,0,-1.2685913217895965,0.4567988971136716,-2.542182858970457,1.2218702987243886,1.9119174965630652,-1.4959140861371125,1.2508563902247865
468412982,2001124710,2023-03-04,3,0.004496565502692512,493,0.07142857142857142,0,-1.2685913217895965,0.4567988971136716,-2.542182858970457,-0.2359767058373589,0.42461417501647253,-2.4789630958871527,0.05596735552395238
468412982,2004429834,2023-03-04,3,0.004496565502692512,493,0.05172413793103448,0,-1.2685913217895965,0.4567988971136716,-2.542182858970457,-1.4970374193122984,0.24230355531823977,-1.9997705121373208,0.3539483909300838
