a_death,a_succ,t_A,shared_ips,overlap_frac,in_core,bA_pre,dA_b,dA_v,bB_post,dB_b,dB_v,dB_v_placebo
111768,787,2019-07-05,9,0.1666666666666666,0,0.621992418111666,1.2541118936976583,-3.450639648886975,-3.025851293465256,-0.0444372355486115,0.0531716943784061,0.9216794206818176
111768,2,2019-07-05,5,0.0925925925925925,0,0.621992418111666,1.2541118936976583,-3.450639648886975,-3.24155257619488,0.2000894638534989,-0.2909095690488641,-0.5546386438125595
111768,2134,2019-07-05,5,0.0925925925925925,0,0.621992418111666,1.2541118936976583,-3.450639648886975,-2.292608696289085,0.2943668995130344,-0.5591691152543508,-1.8459622269638276
111768,15,2019-07-05,4,0.074074074074074,0,0.621992418111666,1.2541118936976583,-3.450639648886975,-6.119671703020122,-0.0754091245097692,0.1312079968858661,0.9726086049640372
111768,3297,2019-07-05,3,0.0555555555555555,0,0.621992418111666,1.2541118936976583,-3.450639648886975,-1.8779674747643085,-0.3884875485033967,0.4031745847273917,0.6838763692359784
111768,889,2019-07-05,2,0.037037037037037,0,0.621992418111666,1.2541118936976583,-3.450639648886975,-2.8328364338698586,-0.1103990288231102,0.1394700640837047,0.8619453828584298
111768,25,2019-07-05,2,0.037037037037037,0,0.621992418111666,1.2541118936976583,-3.450639648886975,-4.709013102457253,-0.0680900520493974,0.1058625112776727,1.293835885959572
111768,129172,2019-07-05,2,0.037037037037037,0,0.621992418111666,1.2541118936976583,-3.450639648886975,-2.590942467394028,0.1888968491734428,-0.6931212061966399,6.966024187106113
111768,50,2019-07-05,2,0.037037037037037,0,0.621992418111666,1.2541118936976583,-3.450639648886975,-3.938458949875836,0.3333989063583051,-0.4649015832806569,0.6730851190816871
111768,2135,2019-07-05,2,0.037037037037037,0,0.621992418111666,1.2541118936976583,-3.450639648886975,-0.4599107553179631,0.4531119581987334,-0.5882428692895925,-0.5388073038727903
111768,4619,2019-07-05,2,0.037037037037037,0,0.621992418111666,1.2541118936976583,-3.450639648886975,0.9682008010363622,-0.5369269969684131,0.8446970786871457,2.002865041982786
250362,502,2019-09-04,304,0.642706131078224,1,-2.7772895134965294,1.6020103418029523,-2.0819193597900227,-4.724855067792539,0.297223609269408,-0.5622100245502342,-0.1290282639594924
250362,543,2019-09-04,114,0.241014799154334,0,-2.7772895134965294,1.6020103418029523,-2.0819193597900227,-2.4330809209943114,0.2339875717465158,-0.6405472629601796,-0.1753971251424104
250362,15,2019-09-04,111,0.2346723044397463,0,-2.7772895134965294,1.6020103418029523,-2.0819193597900227,-6.163209794313305,0.164110699741478,-0.3120941840144553,0.1194875132624844
250362,460,2019-09-04,93,0.1966173361522198,0,-2.7772895134965294,1.6020103418029523,-2.0819193597900227,-2.318664795415072,-1.6901683822599842,2.794968218434676,0.8216624606826208
250362,101,2019-09-04,84,0.1775898520084566,0,-2.7772895134965294,1.6020103418029523,-2.0819193597900227,-4.2444511877155895,0.1051416808153389,-0.4611829349037197,-0.0231439062206817
250362,47,2019-09-04,83,0.175475687103594,0,-2.7772895134965294,1.6020103418029523,-2.0819193597900227,-5.578916081344768,0.0841766749010686,-0.4138587913076819,-0.0274915508615034
250362,8,2019-09-04,75,0.1585623678646934,0,-2.7772895134965294,1.6020103418029523,-2.0819193597900227,-7.891869805666403,0.7268629396256774,-0.6154605148079852,0.0049457601158309
250362,1711,2019-09-04,68,0.1437632135306553,0,-2.7772895134965294,1.6020103418029523,-2.0819193597900227,-2.9440559450562174,0.4777403372470257,-0.5713582725640318,0.1170538396962559
250362,5,2019-09-04,67,0.1416490486257928,0,-2.7772895134965294,1.6020103418029523,-2.0819193597900227,-6.896249802032673,0.1140527530059616,-0.4694908249089629,0.002905987729715
250362,711,2019-09-04,66,0.1395348837209302,0,-2.7772895134965294,1.6020103418029523,-2.0819193597900227,-3.507080228677649,0.0863369505363529,0.4724733505501781,0.2875155435433978
250362,2134,2019-09-04,61,0.1289640591966173,0,-2.7772895134965294,1.6020103418029523,-2.0819193597900227,-2.0210370254307053,0.4481888716471771,-0.8532130007171599,-0.5589189765764697
136756,21088,2019-10-02,16,0.5925925925925926,1,,,4.219507705176107,1.7524606036668238,-0.3226466812031865,0.6690496289808849,0.0
136756,23779,2019-10-02,15,0.5555555555555556,1,,,4.219507705176107,2.1559750417377272,-0.3542696739217286,0.9360933591703348,0.0
136756,202645,2019-10-02,15,0.5555555555555556,1,,,4.219507705176107,2.11646754026882,0.0309051398903692,2.4423470353692043,0.0
136756,16810,2019-10-02,15,0.5555555555555556,1,,,4.219507705176107,1.654452896769122,-0.1134951317282995,0.2876820724517808,0.0
136756,137225,2019-10-02,15,0.5555555555555556,1,,,4.219507705176107,2.263203804980123,0.5884046709433526,1.7917594692280552,0.0
136756,137242,2019-10-02,15,0.5555555555555556,1,,,4.219507705176107,1.7726574446793808,0.7241069587278994,1.7047480922384255,0.0
136756,20921,2019-10-02,15,0.5555555555555556,1,,,4.219507705176107,1.6268983816467455,-0.2749718593051429,0.6286086594223734,0.0
136756,6389,2019-10-02,14,0.5185185185185185,1,,,4.219507705176107,1.336315743352779,-0.1238236861852357,0.2990847045495926,0.060624621816435
136756,147084,2019-10-02,14,0.5185185185185185,1,,,4.219507705176107,1.9199947021583776,-0.3769143990609687,2.639057329615259,0.0
136756,10850,2019-10-02,13,0.4814814814814814,0,,,4.219507705176107,1.5387076851341384,-0.6636486296883808,1.2173958246580772,2.70805020110221
136756,17427,2019-10-02,12,0.4444444444444444,0,,,4.219507705176107,1.510384602609888,-0.3470434437688938,0.7006943861953285,0.0
136756,20711,2019-10-02,12,0.4444444444444444,0,,,4.219507705176107,1.3972267515241232,-0.4941155822251653,0.9501922835498364,0.0
89399,15,2020-02-07,144,0.45141065830721,0,-2.2479072135774456,0.2323434586892316,-1.7272003372329028,-5.999799567758392,0.0077184681493527,-0.027370930261366,-0.8706024017966367
89399,4088,2020-02-07,102,0.3197492163009404,0,-2.2479072135774456,0.2323434586892316,-1.7272003372329028,-4.683725953513657,-1.226383668496259,0.8857127027434046,3.4751715834993107
89399,40,2020-02-07,99,0.3103448275862069,0,-2.2479072135774456,0.2323434586892316,-1.7272003372329028,-3.518891412294551,-0.2705833806099309,0.1374296971704147,-0.8543117805228562
89399,460,2020-02-07,92,0.2884012539184953,0,-2.2479072135774456,0.2323434586892316,-1.7272003372329028,-1.9800250588292825,-0.021558745945539,0.0283748287082019,-0.1662891693519448
89399,2134,2020-02-07,90,0.2821316614420062,0,-2.2479072135774456,0.2323434586892316,-1.7272003372329028,-4.720875696904099,-0.3679745651366799,0.5143210039985426,-0.9948513740565854
89399,82,2020-02-07,87,0.2727272727272727,0,-2.2479072135774456,0.2323434586892316,-1.7272003372329028,-2.943842183525084,-0.0366957325198913,0.0411884794755685,-0.818870514058144
89399,502,2020-02-07,86,0.2695924764890282,0,-2.2479072135774456,0.2323434586892316,-1.7272003372329028,-4.702754509656635,-0.0467292677284847,0.0559011743800414,-0.7240785081437178
89399,5,2020-02-07,71,0.2225705329153605,0,-2.2479072135774456,0.2323434586892316,-1.7272003372329028,-7.287680834888657,-0.0591085948054201,0.0802143654469169,-0.8391750048721445
89399,711,2020-02-07,70,0.219435736677116,0,-2.2479072135774456,0.2323434586892316,-1.7272003372329028,-4.1746506270417445,0.5796787715890872,-1.050548658251909,-0.6251115437336523
89399,8,2020-02-07,68,0.2131661442006269,0,-2.2479072135774456,0.2323434586892316,-1.7272003372329028,-6.350005771060771,-0.0592638263871583,0.0792931623549186,-0.8801336149755858
89399,445015,2020-02-07,68,0.2131661442006269,0,-2.2479072135774456,0.2323434586892316,-1.7272003372329028,-4.001543754309079,-0.2568573764367952,0.3389296865987603,-0.8537750737986798
46942,117,2020-02-16,85,0.3035714285714285,0,2.3166678806150616,-0.0147549291368567,2.2335922215070942,-1.6814423583451663,0.0346240461129665,-0.0459104754893342,-0.4264448985773583
46942,889,2020-02-16,24,0.0857142857142857,0,2.3166678806150616,-0.0147549291368567,2.2335922215070942,-3.5025715863141538,0.0269868443513159,-0.0383678911966995,-0.0419036192233956
46942,93,2020-02-16,11,0.0392857142857142,0,2.3166678806150616,-0.0147549291368567,2.2335922215070942,-1.2223698351959469,0.0076909629825001,-0.0102359594206227,-0.2892511924975638
46942,41477,2020-02-16,11,0.0392857142857142,0,2.3166678806150616,-0.0147549291368567,2.2335922215070942,2.1058993148391605,-0.1052943014259235,0.2451224580329851,-0.3894647667617232
46942,3066,2020-02-16,11,0.0392857142857142,0,2.3166678806150616,-0.0147549291368567,2.2335922215070942,1.6333866420790868,0.0127417580854574,-0.0219789067187754,-0.2353140869344652
46942,12154,2020-02-16,11,0.0392857142857142,0,2.3166678806150616,-0.0147549291368567,2.2335922215070942,2.6238271369876505,0.1309674917022971,-0.5108256237659905,-0.2006706954621511
46942,46800,2020-02-16,10,0.0357142857142857,0,2.3166678806150616,-0.0147549291368567,2.2335922215070942,2.5202902340897086,,2.833213344056216,0.6931471805599453
46942,46745,2020-02-16,10,0.0357142857142857,0,2.3166678806150616,-0.0147549291368567,2.2335922215070942,2.3166678806150616,,1.0986122886681098,1.9459101490553128
46942,16789,2020-02-16,10,0.0357142857142857,0,2.3166678806150616,-0.0147549291368567,2.2335922215070942,2.041306148908162,-0.1472641203842051,0.239229689065834,-0.1000834585569827
46942,46849,2020-02-16,10,0.0357142857142857,0,2.3166678806150616,-0.0147549291368567,2.2335922215070942,2.3166678806150616,,1.6094379124341005,0.0
566865170,188,2020-05-12,2,0.1428571428571428,0,0.6453234642833163,0.7093705053632873,-1.1610653033146594,-2.4391904775564432,0.0747236947240779,-0.4879273088000744,-0.6872979262489647
566865170,71097797,2020-05-12,1,0.0714285714285714,0,0.6453234642833163,0.7093705053632873,-1.1610653033146594,1.9032309023237013,-0.0502532006055929,0.0813456394539517,-1.5433992528445808
920066779,5,2020-07-17,1,1.0,0,0.2282547749489115,1.1745896684185753,-0.5252663079207842,-7.419239645514738,-0.038311778044096,0.0608229029882956,0.0304013623992567
920066779,5300,2020-07-17,1,1.0,0,0.2282547749489115,1.1745896684185753,-0.5252663079207842,-0.2187496845383239,-0.0223902271168988,0.0300839189226769,0.0350378567408729
920066779,104478,2020-07-17,1,1.0,0,0.2282547749489115,1.1745896684185753,-0.5252663079207842,0.3550375035483654,-0.0936751110424905,0.0838586323222418,0.0374575625349002
469704,212178,2020-07-31,17,0.7727272727272727,1,2.5016819388010725,0.0032521305602002,0.7884573603642704,2.5202443433733563,-0.0180158346585233,0.064538521137571,-0.6931471805599453
469704,36005798,2020-07-31,17,0.7727272727272727,1,2.5016819388010725,0.0032521305602002,0.7884573603642704,2.482969179100871,-0.1408579578867796,0.9444616088408512,0.0
469704,200051585,2020-07-31,17,0.7727272727272727,1,2.5016819388010725,0.0032521305602002,0.7884573603642704,2.380626499567634,-0.1664108233268693,0.2719337154836418,0.0
469704,321286,2020-07-31,16,0.7272727272727273,1,2.5016819388010725,0.0032521305602002,0.7884573603642704,2.6238271369876505,0.0098793896978577,-0.5108256237659905,0.0
469704,469761,2020-07-31,16,0.7272727272727273,1,2.5016819388010725,0.0032521305602002,0.7884573603642704,2.2429804528359205,-0.3808466841517299,2.2686835413183646,0.0
469704,470836,2020-07-31,16,0.7272727272727273,1,2.5016819388010725,0.0032521305602002,0.7884573603642704,2.547037322894503,0.1857562944128807,0.1823215567939546,0.0
469704,470023,2020-07-31,16,0.7272727272727273,1,2.5016819388010725,0.0032521305602002,0.7884573603642704,2.366216074628276,-0.2444385427622313,1.3862943611198906,0.0
469704,483912685,2020-07-31,16,0.7272727272727273,1,2.5016819388010725,0.0032521305602002,0.7884573603642704,2.491123272830653,-0.1327038641569973,1.7346010553881064,0.0
469704,470413,2020-07-31,16,0.7272727272727273,1,2.5016819388010725,0.0032521305602002,0.7884573603642704,2.4643972058510677,0.0175583792180606,0.693147180559945,0.0
469704,311308326,2020-07-31,16,0.7272727272727273,1,2.5016819388010725,0.0032521305602002,0.7884573603642704,2.518448090701018,0.0010489369000872,0.9808292530117262,0.0
469704,469330,2020-07-31,16,0.7272727272727273,1,2.5016819388010725,0.0032521305602002,0.7884573603642704,2.4751570731159767,-0.1486700638716738,1.2809338454620642,0.0
469704,469588,2020-07-31,16,0.7272727272727273,1,2.5016819388010725,0.0032521305602002,0.7884573603642704,2.5505400180757034,-0.073287118911947,1.252762968495368,0.0
44680,711,2020-08-27,170,0.7024793388429752,1,1.7852530721957278,0.7727542241406538,-2.044102175234527,-5.676599077043792,0.1533641543311992,0.3124460026538553,-0.9632504087333532
44680,5825,2020-08-27,73,0.3016528925619834,0,1.7852530721957278,0.7727542241406538,-2.044102175234527,2.6238271369876505,0.0877597875350253,-1.6094379124341005,1.7287846700666665
44680,56260,2020-08-27,67,0.2768595041322314,0,1.7852530721957278,0.7727542241406538,-2.044102175234527,0.942093481692808,-1.6619748758991273,3.784189633918261,-0.6931471805599452
44680,3499,2020-08-27,66,0.2727272727272727,0,1.7852530721957278,0.7727542241406538,-2.044102175234527,-3.3274031420576726,-0.0356929282501132,0.0470189931368771,-0.0046750380829418
44680,258,2020-08-27,66,0.2727272727272727,0,1.7852530721957278,0.7727542241406538,-2.044102175234527,1.7642394660597616,-0.0575824141932201,0.1459539126230797,-0.851050210005754
44680,4977,2020-08-27,65,0.268595041322314,0,1.7852530721957278,0.7727542241406538,-2.044102175234527,-0.4181013418516143,0.0993273187898486,-0.3034702122059141,-0.0562975870188209
44680,27799,2020-08-27,65,0.268595041322314,0,1.7852530721957278,0.7727542241406538,-2.044102175234527,2.5843095781962204,0.4968653893038919,-1.791759469228055,-4.051784947803305
44680,5300,2020-08-27,65,0.268595041322314,0,1.7852530721957278,0.7727542241406538,-2.044102175234527,-0.0185328682582476,0.2418954585147087,-0.1444095107717053,-0.0986306034416273
44680,28112,2020-08-27,64,0.2644628099173554,0,1.7852530721957278,0.7727542241406538,-2.044102175234527,1.4354552625789847,-0.1055109070525845,0.9777758155248356,-0.6931471805599453
44680,10768,2020-08-27,63,0.2603305785123967,0,1.7852530721957278,0.7727542241406538,-2.044102175234527,1.6349727721784202,0.2619216734120217,-0.4777857696877907,-0.8702467933727487
44680,6611,2020-08-27,61,0.2520661157024793,0,1.7852530721957278,0.7727542241406538,-2.044102175234527,1.2952047294488618,0.0462466921986819,0.4168938039317877,1.2864981515810552
44680,586,2020-08-27,61,0.2520661157024793,0,1.7852530721957278,0.7727542241406538,-2.044102175234527,-0.4185662083294827,0.0835919340413185,-0.0535264485883839,0.0520811950158108
939313413,739573649,2020-09-22,739,0.6278674596431606,1,-3.4365418202902984,-0.0211945371905,0.0271947204991445,-1.7969722762832452,-0.3821998768720054,0.565363184277107,1.3777725134151266
939313413,381539,2020-09-22,573,0.4868309260832625,0,-3.4365418202902984,-0.0211945371905,0.0271947204991445,-1.706068838084518,-0.0059619560224866,0.0072134174307141,0.0978306778747981
939313413,761355551,2020-09-22,445,0.3780798640611725,0,-3.4365418202902984,-0.0211945371905,0.0271947204991445,-0.9991825004170496,0.5133051828034111,-0.7273642470735098,1.6924954813389093
939313413,138,2020-09-22,180,0.1529311809685641,0,-3.4365418202902984,-0.0211945371905,0.0271947204991445,-2.5564051753567587,0.1230937255047046,-0.1717181561274614,0.2335064098947654
939313413,471114,2020-09-22,154,0.1308411214953271,0,-3.4365418202902984,-0.0211945371905,0.0271947204991445,-2.6262699382707098,0.4854939316689863,-0.6388909639710363,-0.0563930130875469
939313413,725774710,2020-09-22,129,0.1096006796941376,0,-3.4365418202902984,-0.0211945371905,0.0271947204991445,-2.7411544973045205,0.7235449113772252,-0.9278120516156942,0.0153117370702204
939313413,659883951,2020-09-22,126,0.1070518266779949,0,-3.4365418202902984,-0.0211945371905,0.0271947204991445,-3.4325777130678428,0.0008183865228992,-0.0010354709909705,0.1514601668722495
1155312104,4234,2020-09-23,336,0.8912466843501327,1,0.4000785188154005,-0.5397913396906965,-0.8071824275803969,-2.711256517910912,0.1522826266952748,-0.3030474779602219,0.0359840640919042
1155312104,1155312101,2020-09-23,324,0.8594164456233422,1,0.4000785188154005,-0.5397913396906965,-0.8071824275803969,0.0476857336342828,0.4910024435335787,-1.184148956645454,0.0
1155312104,1055930336,2020-09-23,213,0.5649867374005305,1,0.4000785188154005,-0.5397913396906965,-0.8071824275803969,0.3096350549864112,0.4861869437326733,-1.3586035609747045,0.0
1155312104,502,2020-09-23,54,0.143236074270557,0,0.4000785188154005,-0.5397913396906965,-0.8071824275803969,-5.181623565194353,-0.0430316063920424,0.0511184455715802,0.0200959918029131
1155312104,15,2020-09-23,48,0.1273209549071618,0,0.4000785188154005,-0.5397913396906965,-0.8071824275803969,-5.95004974494041,-0.1083742519630952,0.1493162079695551,0.1324950996135712
1155312104,711,2020-09-23,34,0.0901856763925729,0,0.4000785188154005,-0.5397913396906965,-0.8071824275803969,-4.633395982759777,1.1917274102493716,-1.8448024956898688,0.1815731215508922
1155312104,47,2020-09-23,32,0.0848806366047745,0,0.4000785188154005,-0.5397913396906965,-0.8071824275803969,-6.77821119109771,-0.0464910119362542,0.0554178129844782,0.0164842910324338
1155312104,543,2020-09-23,31,0.0822281167108753,0,0.4000785188154005,-0.5397913396906965,-0.8071824275803969,-3.9475555596553535,-0.0436127693934071,0.0618429627253096,0.0355762081195685
1155312104,8,2020-09-23,30,0.0795755968169761,0,0.4000785188154005,-0.5397913396906965,-0.8071824275803969,-6.418115339153443,-0.0022176063830743,0.0982540714729811,0.2039096458821596
1155312104,571184990,2020-09-23,27,0.0716180371352785,0,0.4000785188154005,-0.5397913396906965,-0.8071824275803969,-3.308778204506432,-0.1613902757617218,0.2339114993869717,1.5279185014261143
58077,113300,2020-09-25,575,0.6944444444444444,1,0.136184135210842,1.3390956962338525,-1.5536231333277044,1.303617775327178,0.4196347803628334,-1.301290009390028,-0.4274440148269396
58077,32727,2020-09-25,574,0.6932367149758454,1,0.136184135210842,1.3390956962338525,-1.5536231333277044,0.9713948523705332,0.1032680555740623,-1.0571125577613572,0.55206858230004
58077,31436,2020-09-25,570,0.6884057971014492,1,0.136184135210842,1.3390956962338525,-1.5536231333277044,1.1312184652738553,0.395223668208192,-1.2755884958375925,0.0186921330121525
58077,25356,2020-09-25,569,0.6871980676328503,1,0.136184135210842,1.3390956962338525,-1.5536231333277044,1.132106313358453,0.1035944896588907,-1.2455944790167557,-0.6632942174102641
58077,32729,2020-09-25,567,0.6847826086956522,1,0.136184135210842,1.3390956962338525,-1.5536231333277044,1.4645688992650971,0.62056952220546,-1.6641628121233474,-0.3973017974690034
58077,2560,2020-09-25,566,0.6835748792270532,1,0.136184135210842,1.3390956962338525,-1.5536231333277044,-1.6830600801167397,0.2534284394749388,-0.5674562262310126,0.1323632260180591
58077,32723,2020-09-25,566,0.6835748792270532,1,0.136184135210842,1.3390956962338525,-1.5536231333277044,0.9874150676283532,0.3107780787424994,-1.1892201658508972,0.1541506798272585
58077,685,2020-09-25,566,0.6835748792270532,1,0.136184135210842,1.3390956962338525,-1.5536231333277044,-2.195382159508425,0.0293422746140308,-0.03878166647082,-0.0320385125145872
58077,19030,2020-09-25,565,0.6823671497584541,1,0.136184135210842,1.3390956962338525,-1.5536231333277044,1.1406669488098926,0.4916086163145827,-1.2630617206959425,0.0870113769896292
58077,127265,2020-09-25,564,0.6811594202898551,1,0.136184135210842,1.3390956962338525,-1.5536231333277044,1.6868648814418694,0.8271558920304964,-1.839901545234816,-0.2478361639045814
58077,5498,2020-09-25,563,0.6799516908212561,1,0.136184135210842,1.3390956962338525,-1.5536231333277044,1.4202297800083463,0.5564811415596175,-1.461329547062804,-0.1855525773754012
58077,5499,2020-09-25,563,0.6799516908212561,1,0.136184135210842,1.3390956962338525,-1.5536231333277044,1.372421172541651,0.5217089144665115,-1.4400555380113431,-0.0347861160854154
106069,237,2020-09-25,581,0.6755813953488372,1,1.0749662633882509,0.3187181831105223,-1.4357278189750646,1.1691313696903574,0.7557775263786525,-1.463109958288051,-0.1921600057942418
106069,110225,2020-09-25,578,0.672093023255814,1,1.0749662633882509,0.3187181831105223,-1.4357278189750646,1.3796893875953222,0.5261672380475177,-1.5550027058790832,0.4795730802618863
106069,32724,2020-09-25,577,0.6709302325581395,1,1.0749662633882509,0.3187181831105223,-1.4357278189750646,1.3432313666378195,0.4863035153730619,-1.5465240870235304,-0.1643030512912764
106069,32727,2020-09-25,574,0.6674418604651163,1,1.0749662633882509,0.3187181831105223,-1.4357278189750646,0.9713948523705332,0.1032680555740623,-1.0571125577613572,0.55206858230004
106069,105843,2020-09-25,574,0.6674418604651163,1,1.0749662633882509,0.3187181831105223,-1.4357278189750646,1.1072956499051605,0.3169919529415618,-1.1743723345496448,-0.5389965007326871
106069,2560,2020-09-25,573,0.6662790697674419,1,1.0749662633882509,0.3187181831105223,-1.4357278189750646,-1.6830600801167397,0.2534284394749388,-0.5674562262310126,0.1323632260180591
106069,32719,2020-09-25,573,0.6662790697674419,1,1.0749662633882509,0.3187181831105223,-1.4357278189750646,1.4480567795061572,1.1785551166237556,-1.3521613547504323,-0.5877866649021186
106069,87582,2020-09-25,573,0.6662790697674419,1,1.0749662633882509,0.3187181831105223,-1.4357278189750646,0.6551668737764843,-0.0496605063692334,-0.6305417063295495,0.0
106069,6352,2020-09-25,573,0.6662790697674419,1,1.0749662633882509,0.3187181831105223,-1.4357278189750646,0.6980627112479952,0.4178715184455658,-0.8945879954286609,-0.0806889112501423
106069,25093,2020-09-25,572,0.6651162790697674,1,1.0749662633882509,0.3187181831105223,-1.4357278189750646,1.232770948247575,0.3563056772173201,-1.279470787410304,1.0986122886681096
106069,113300,2020-09-25,572,0.6651162790697674,1,1.0749662633882509,0.3187181831105223,-1.4357278189750646,1.303617775327178,0.4196347803628334,-1.301290009390028,-0.4274440148269396
106069,11069,2020-09-25,572,0.6651162790697674,1,1.0749662633882509,0.3187181831105223,-1.4357278189750646,0.3456846572190539,0.3099049190485818,-0.6310489604416487,-0.1335313926245227
116372,9223,2020-09-25,576,0.6923076923076923,1,0.8947013494765611,0.2692111224604593,-1.2953225829141637,0.9253594890017092,0.6201331193374298,-1.13444070392325,-0.0056657375356774
116372,55820,2020-09-25,576,0.6923076923076923,1,0.8947013494765611,0.2692111224604593,-1.2953225829141637,1.5432575423036816,1.1445881125441484,-1.674476308613322,-0.1251631429540061
116372,237,2020-09-25,576,0.6923076923076923,1,0.8947013494765611,0.2692111224604593,-1.2953225829141637,1.1691313696903574,0.7557775263786525,-1.463109958288051,-0.1921600057942418
116372,19455,2020-09-25,574,0.6899038461538461,1,0.8947013494765611,0.2692111224604593,-1.2953225829141637,0.8325192463458134,0.1807575116316324,-0.9529440495221904,-0.4828517717235843
116372,105843,2020-09-25,573,0.6887019230769231,1,0.8947013494765611,0.2692111224604593,-1.2953225829141637,1.1072956499051605,0.3169919529415618,-1.1743723345496448,-0.5389965007326871
116372,24122,2020-09-25,573,0.6887019230769231,1,0.8947013494765611,0.2692111224604593,-1.2953225829141637,1.332967688068018,0.5251726670710631,-1.5705329389035017,-0.3209077200801014
116372,16758,2020-09-25,572,0.6875,1,0.8947013494765611,0.2692111224604593,-1.2953225829141637,1.111697205970356,0.6314335156743638,-1.326028046663339,0.5045560107523954
116372,32724,2020-09-25,572,0.6875,1,0.8947013494765611,0.2692111224604593,-1.2953225829141637,1.3432313666378195,0.4863035153730619,-1.5465240870235304,-0.1643030512912764
116372,2560,2020-09-25,570,0.6850961538461539,1,0.8947013494765611,0.2692111224604593,-1.2953225829141637,-1.6830600801167397,0.2534284394749388,-0.5674562262310126,0.1323632260180591
116372,2605,2020-09-25,570,0.6850961538461539,1,0.8947013494765611,0.2692111224604593,-1.2953225829141637,-1.2331060352447138,0.0860285094518569,-0.1120806915498224,-0.0393522719054164
116372,11069,2020-09-25,569,0.6838942307692307,1,0.8947013494765611,0.2692111224604593,-1.2953225829141637,0.3456846572190539,0.3099049190485818,-0.6310489604416487,-0.1335313926245227
116372,10315,2020-09-25,569,0.6838942307692307,1,0.8947013494765611,0.2692111224604593,-1.2953225829141637,0.8716013524769777,0.4272179874985336,-1.0140549006400468,-0.0953101798043247
124213,82,2020-09-25,1988,0.774746687451286,1,0.7550744485785018,0.1917149933981944,-1.0778052961621487,-2.7939513608909943,0.0225747184345634,-0.0333469954397092,-0.0745377779950065
124213,2560,2020-09-25,1977,0.7704598597038191,1,0.7550744485785018,0.1917149933981944,-1.0778052961621487,-1.6830600801167397,0.2534284394749388,-0.5674562262310126,0.1323632260180591
124213,545,2020-09-25,1950,0.759937646141855,1,0.7550744485785018,0.1917149933981944,-1.0778052961621487,-1.7579923527592654,0.0296113174198873,-0.0766414757423419,0.1521336487527982
124213,685,2020-09-25,1919,0.7478565861262666,1,0.7550744485785018,0.1917149933981944,-1.0778052961621487,-2.195382159508425,0.0293422746140308,-0.03878166647082,-0.0320385125145872
124213,1274,2020-09-25,1912,0.745128604832424,1,0.7550744485785018,0.1917149933981944,-1.0778052961621487,-1.836930544641185,0.0078068170406617,-0.0118703250095002,0.3083406431240387
124213,172,2020-09-25,1906,0.7427903351519876,1,0.7550744485785018,0.1917149933981944,-1.0778052961621487,-3.7682869072366345,0.0200839744847223,-0.0260438337205801,-0.0534888476186186
124213,19455,2020-09-25,1888,0.7357755261106781,1,0.7550744485785018,0.1917149933981944,-1.0778052961621487,0.8325192463458134,0.1807575116316324,-0.9529440495221904,-0.4828517717235843
124213,3863,2020-09-25,1880,0.7326578332034295,1,0.7550744485785018,0.1917149933981944,-1.0778052961621487,1.0651687219525157,0.441937373630266,-0.9797224460365346,-0.0470675108579854
124213,2113,2020-09-25,1875,0.730709275136399,1,0.7550744485785018,0.1917149933981944,-1.0778052961621487,0.6412679904233486,0.7750287333223109,-1.096310791679831,-1.091896346702673
124213,1711,2020-09-25,1854,0.7225253312548714,1,0.7550744485785018,0.1917149933981944,-1.0778052961621487,-3.555263288759249,0.0037875258783537,-0.0049864579538407,-0.0740808013894618
124213,2595,2020-09-25,1847,0.7197973499610288,1,0.7550744485785018,0.1917149933981944,-1.0778052961621487,-1.382134541724824,0.055996370303587,-0.0822438528212181,-0.0522727492360317
124213,24130,2020-09-25,1844,0.7186282151208107,1,0.7550744485785018,0.1917149933981944,-1.0778052961621487,0.6308656220533576,0.2269859505559295,-0.8155976692638234,-0.2548922496287895
118503,2560,2020-09-25,608,0.6681318681318681,1,0.6793670702512346,0.3317417018710754,-1.071292113581726,-1.6830600801167397,0.2534284394749388,-0.5674562262310126,0.1323632260180591
118503,82,2020-09-25,598,0.6571428571428571,1,0.6793670702512346,0.3317417018710754,-1.071292113581726,-2.7939513608909943,0.0225747184345634,-0.0333469954397092,-0.0745377779950065
118503,1711,2020-09-25,596,0.654945054945055,1,0.6793670702512346,0.3317417018710754,-1.071292113581726,-3.555263288759249,0.0037875258783537,-0.0049864579538407,-0.0740808013894618
118503,31436,2020-09-25,596,0.654945054945055,1,0.6793670702512346,0.3317417018710754,-1.071292113581726,1.1312184652738553,0.395223668208192,-1.2755884958375925,0.0186921330121525
118503,4685,2020-09-25,593,0.6516483516483517,1,0.6793670702512346,0.3317417018710754,-1.071292113581726,2.1160861465425764,1.918605205095637,-2.208274413522804,-0.2954642128938358
118503,16758,2020-09-25,592,0.6505494505494506,1,0.6793670702512346,0.3317417018710754,-1.071292113581726,1.111697205970356,0.6314335156743638,-1.326028046663339,0.5045560107523954
118503,685,2020-09-25,592,0.6505494505494506,1,0.6793670702512346,0.3317417018710754,-1.071292113581726,-2.195382159508425,0.0293422746140308,-0.03878166647082,-0.0320385125145872
118503,11069,2020-09-25,591,0.6494505494505495,1,0.6793670702512346,0.3317417018710754,-1.071292113581726,0.3456846572190539,0.3099049190485818,-0.6310489604416487,-0.1335313926245227
118503,6352,2020-09-25,591,0.6494505494505495,1,0.6793670702512346,0.3317417018710754,-1.071292113581726,0.6980627112479952,0.4178715184455658,-0.8945879954286609,-0.0806889112501423
118503,19030,2020-09-25,591,0.6494505494505495,1,0.6793670702512346,0.3317417018710754,-1.071292113581726,1.1406669488098926,0.4916086163145827,-1.2630617206959425,0.0870113769896292
118503,19455,2020-09-25,591,0.6494505494505495,1,0.6793670702512346,0.3317417018710754,-1.071292113581726,0.8325192463458134,0.1807575116316324,-0.9529440495221904,-0.4828517717235843
118503,32729,2020-09-25,589,0.6472527472527473,1,0.6793670702512346,0.3317417018710754,-1.071292113581726,1.4645688992650971,0.62056952220546,-1.6641628121233474,-0.3973017974690034
97240,32727,2020-09-25,584,0.6870588235294117,1,0.5442412448745384,0.6248101942333386,-1.3648153294427663,0.9713948523705332,0.1032680555740623,-1.0571125577613572,0.55206858230004
97240,32721,2020-09-25,578,0.68,1,0.5442412448745384,0.6248101942333386,-1.3648153294427663,1.6713565851292038,0.7946981470390299,-1.7961744874371712,0.5423242908253618
97240,10315,2020-09-25,577,0.6788235294117647,1,0.5442412448745384,0.6248101942333386,-1.3648153294427663,0.8716013524769777,0.4272179874985336,-1.0140549006400468,-0.0953101798043247
97240,2560,2020-09-25,577,0.6788235294117647,1,0.5442412448745384,0.6248101942333386,-1.3648153294427663,-1.6830600801167397,0.2534284394749388,-0.5674562262310126,0.1323632260180591
97240,98928,2020-09-25,577,0.6788235294117647,1,0.5442412448745384,0.6248101942333386,-1.3648153294427663,1.3829908638575077,0.5694888155381025,-1.5077990236992689,0.4769240720903096
97240,32723,2020-09-25,576,0.6776470588235294,1,0.5442412448745384,0.6248101942333386,-1.3648153294427663,0.9874150676283532,0.3107780787424994,-1.1892201658508972,0.1541506798272585
97240,16758,2020-09-25,576,0.6776470588235294,1,0.5442412448745384,0.6248101942333386,-1.3648153294427663,1.111697205970356,0.6314335156743638,-1.326028046663339,0.5045560107523954
97240,6352,2020-09-25,575,0.6764705882352942,1,0.5442412448745384,0.6248101942333386,-1.3648153294427663,0.6980627112479952,0.4178715184455658,-0.8945879954286609,-0.0806889112501423
97240,237,2020-09-25,574,0.6752941176470588,1,0.5442412448745384,0.6248101942333386,-1.3648153294427663,1.1691313696903574,0.7557775263786525,-1.463109958288051,-0.1921600057942418
97240,25356,2020-09-25,573,0.6741176470588235,1,0.5442412448745384,0.6248101942333386,-1.3648153294427663,1.132106313358453,0.1035944896588907,-1.2455944790167557,-0.6632942174102641
97240,19030,2020-09-25,573,0.6741176470588235,1,0.5442412448745384,0.6248101942333386,-1.3648153294427663,1.1406669488098926,0.4916086163145827,-1.2630617206959425,0.0870113769896292
97240,32725,2020-09-25,572,0.6729411764705883,1,0.5442412448745384,0.6248101942333386,-1.3648153294427663,0.9270503642099108,0.3485099806345779,-0.9557984302496676,0.25489224962879
106095,2560,2020-09-25,1984,0.7716841695838196,1,0.1281547872826017,1.564044610317912,-1.960382181663848,-1.6830600801167397,0.2534284394749388,-0.5674562262310126,0.1323632260180591
106095,82,2020-09-25,1983,0.7712952158693116,1,0.1281547872826017,1.564044610317912,-1.960382181663848,-2.7939513608909943,0.0225747184345634,-0.0333469954397092,-0.0745377779950065
106095,545,2020-09-25,1926,0.7491248541423571,1,0.1281547872826017,1.564044610317912,-1.960382181663848,-1.7579923527592654,0.0296113174198873,-0.0766414757423419,0.1521336487527982
106095,685,2020-09-25,1918,0.7460132244262933,1,0.1281547872826017,1.564044610317912,-1.960382181663848,-2.195382159508425,0.0293422746140308,-0.03878166647082,-0.0320385125145872
106095,172,2020-09-25,1910,0.7429015947102294,1,0.1281547872826017,1.564044610317912,-1.960382181663848,-3.7682869072366345,0.0200839744847223,-0.0260438337205801,-0.0534888476186186
106095,1274,2020-09-25,1900,0.7390120575651498,1,0.1281547872826017,1.564044610317912,-1.960382181663848,-1.836930544641185,0.0078068170406617,-0.0118703250095002,0.3083406431240387
106095,19455,2020-09-25,1887,0.733955659276546,1,0.1281547872826017,1.564044610317912,-1.960382181663848,0.8325192463458134,0.1807575116316324,-0.9529440495221904,-0.4828517717235843
106095,24130,2020-09-25,1877,0.7300661221314664,1,0.1281547872826017,1.564044610317912,-1.960382181663848,0.6308656220533576,0.2269859505559295,-0.8155976692638234,-0.2548922496287895
106095,3863,2020-09-25,1875,0.7292882147024504,1,0.1281547872826017,1.564044610317912,-1.960382181663848,1.0651687219525157,0.441937373630266,-0.9797224460365346,-0.0470675108579854
106095,1711,2020-09-25,1859,0.7230649552703229,1,0.1281547872826017,1.564044610317912,-1.960382181663848,-3.555263288759249,0.0037875258783537,-0.0049864579538407,-0.0740808013894618
106095,2113,2020-09-25,1855,0.721509140412291,1,0.1281547872826017,1.564044610317912,-1.960382181663848,0.6412679904233486,0.7750287333223109,-1.096310791679831,-1.091896346702673
106095,2595,2020-09-25,1852,0.720342279268767,1,0.1281547872826017,1.564044610317912,-1.960382181663848,-1.382134541724824,0.055996370303587,-0.0822438528212181,-0.0522727492360317
110225,1711,2020-09-25,594,0.6674157303370787,1,0.8535221495478045,0.5261672380475177,-1.5550027058790832,-3.555263288759249,0.0037875258783537,-0.0049864579538407,-0.0740808013894618
110225,10315,2020-09-25,592,0.6651685393258427,1,0.8535221495478045,0.5261672380475177,-1.5550027058790832,0.8716013524769777,0.4272179874985336,-1.0140549006400468,-0.0953101798043247
110225,19030,2020-09-25,590,0.6629213483146067,1,0.8535221495478045,0.5261672380475177,-1.5550027058790832,1.1406669488098926,0.4916086163145827,-1.2630617206959425,0.0870113769896292
110225,360,2020-09-25,590,0.6629213483146067,1,0.8535221495478045,0.5261672380475177,-1.5550027058790832,-1.8802222652076264,0.0302767409442787,-0.0407883144695073,-0.0356103391495619
110225,82,2020-09-25,589,0.6617977528089888,1,0.8535221495478045,0.5261672380475177,-1.5550027058790832,-2.7939513608909943,0.0225747184345634,-0.0333469954397092,-0.0745377779950065
110225,32727,2020-09-25,588,0.6606741573033708,1,0.8535221495478045,0.5261672380475177,-1.5550027058790832,0.9713948523705332,0.1032680555740623,-1.0571125577613572,0.55206858230004
110225,2560,2020-09-25,588,0.6606741573033708,1,0.8535221495478045,0.5261672380475177,-1.5550027058790832,-1.6830600801167397,0.2534284394749388,-0.5674562262310126,0.1323632260180591
110225,11069,2020-09-25,588,0.6606741573033708,1,0.8535221495478045,0.5261672380475177,-1.5550027058790832,0.3456846572190539,0.3099049190485818,-0.6310489604416487,-0.1335313926245227
110225,16758,2020-09-25,585,0.6573033707865169,1,0.8535221495478045,0.5261672380475177,-1.5550027058790832,1.111697205970356,0.6314335156743638,-1.326028046663339,0.5045560107523954
110225,113300,2020-09-25,585,0.6573033707865169,1,0.8535221495478045,0.5261672380475177,-1.5550027058790832,1.303617775327178,0.4196347803628334,-1.301290009390028,-0.4274440148269396
110225,105842,2020-09-25,584,0.6561797752808989,1,0.8535221495478045,0.5261672380475177,-1.5550027058790832,1.1513969335588423,0.3712836749832781,-1.290052896740841,0.042559614418796
110225,105843,2020-09-25,584,0.6561797752808989,1,0.8535221495478045,0.5261672380475177,-1.5550027058790832,1.1072956499051605,0.3169919529415618,-1.1743723345496448,-0.5389965007326871
105842,32727,2020-09-25,594,0.7029585798816568,1,0.7801132585755645,0.3712836749832781,-1.290052896740841,0.9713948523705332,0.1032680555740623,-1.0571125577613572,0.55206858230004
105842,113300,2020-09-25,585,0.6923076923076923,1,0.7801132585755645,0.3712836749832781,-1.290052896740841,1.303617775327178,0.4196347803628334,-1.301290009390028,-0.4274440148269396
105842,110225,2020-09-25,584,0.6911242603550296,1,0.7801132585755645,0.3712836749832781,-1.290052896740841,1.3796893875953222,0.5261672380475177,-1.5550027058790832,0.4795730802618863
105842,1711,2020-09-25,580,0.6863905325443787,1,0.7801132585755645,0.3712836749832781,-1.290052896740841,-3.555263288759249,0.0037875258783537,-0.0049864579538407,-0.0740808013894618
105842,17654,2020-09-25,580,0.6863905325443787,1,0.7801132585755645,0.3712836749832781,-1.290052896740841,1.098464285371114,0.4109628118069571,-1.1560231958814482,-0.0224728558520586
105842,21975,2020-09-25,577,0.6828402366863905,1,0.7801132585755645,0.3712836749832781,-1.290052896740841,1.1035063317890814,0.3541121690177358,-1.285489661997925,-0.1776811772374524
105842,105843,2020-09-25,577,0.6828402366863905,1,0.7801132585755645,0.3712836749832781,-1.290052896740841,1.1072956499051605,0.3169919529415618,-1.1743723345496448,-0.5389965007326871
105842,19030,2020-09-25,576,0.6816568047337278,1,0.7801132585755645,0.3712836749832781,-1.290052896740841,1.1406669488098926,0.4916086163145827,-1.2630617206959425,0.0870113769896292
105842,32725,2020-09-25,576,0.6816568047337278,1,0.7801132585755645,0.3712836749832781,-1.290052896740841,0.9270503642099108,0.3485099806345779,-0.9557984302496676,0.25489224962879
105842,116373,2020-09-25,575,0.6804733727810651,1,0.7801132585755645,0.3712836749832781,-1.290052896740841,0.9732179889937738,0.1619108325060351,-1.1013186502658527,-0.130053128248198
105842,127265,2020-09-25,575,0.6804733727810651,1,0.7801132585755645,0.3712836749832781,-1.290052896740841,1.6868648814418694,0.8271558920304964,-1.839901545234816,-0.2478361639045814
105842,32724,2020-09-25,575,0.6804733727810651,1,0.7801132585755645,0.3712836749832781,-1.290052896740841,1.3432313666378195,0.4863035153730619,-1.5465240870235304,-0.1643030512912764
100576,32727,2020-09-25,573,0.7022058823529411,1,-0.1371514491164235,1.8101209049550937,-1.8789140203893089,0.9713948523705332,0.1032680555740623,-1.0571125577613572,0.55206858230004
100576,25093,2020-09-25,573,0.7022058823529411,1,-0.1371514491164235,1.8101209049550937,-1.8789140203893089,1.232770948247575,0.3563056772173201,-1.279470787410304,1.0986122886681096
100576,55820,2020-09-25,573,0.7022058823529411,1,-0.1371514491164235,1.8101209049550937,-1.8789140203893089,1.5432575423036816,1.1445881125441484,-1.674476308613322,-0.1251631429540061
100576,113300,2020-09-25,571,0.6997549019607843,1,-0.1371514491164235,1.8101209049550937,-1.8789140203893089,1.303617775327178,0.4196347803628334,-1.301290009390028,-0.4274440148269396
100576,1274,2020-09-25,570,0.6985294117647058,1,-0.1371514491164235,1.8101209049550937,-1.8789140203893089,-1.836930544641185,0.0078068170406617,-0.0118703250095002,0.3083406431240387
100576,5217,2020-09-25,569,0.6973039215686274,1,-0.1371514491164235,1.8101209049550937,-1.8789140203893089,-0.4722201494905631,0.1573217254647186,-0.2409467576578761,-0.0819903446933052
100576,2560,2020-09-25,568,0.696078431372549,1,-0.1371514491164235,1.8101209049550937,-1.8789140203893089,-1.6830600801167397,0.2534284394749388,-0.5674562262310126,0.1323632260180591
100576,110225,2020-09-25,567,0.6948529411764706,1,-0.1371514491164235,1.8101209049550937,-1.8789140203893089,1.3796893875953222,0.5261672380475177,-1.5550027058790832,0.4795730802618863
100576,685,2020-09-25,567,0.6948529411764706,1,-0.1371514491164235,1.8101209049550937,-1.8789140203893089,-2.195382159508425,0.0293422746140308,-0.03878166647082,-0.0320385125145872
100576,237,2020-09-25,567,0.6948529411764706,1,-0.1371514491164235,1.8101209049550937,-1.8789140203893089,1.1691313696903574,0.7557775263786525,-1.463109958288051,-0.1921600057942418
100576,32723,2020-09-25,566,0.6936274509803921,1,-0.1371514491164235,1.8101209049550937,-1.8789140203893089,0.9874150676283532,0.3107780787424994,-1.1892201658508972,0.1541506798272585
100576,32729,2020-09-25,565,0.6924019607843137,1,-0.1371514491164235,1.8101209049550937,-1.8789140203893089,1.4645688992650971,0.62056952220546,-1.6641628121233474,-0.3973017974690034
100575,2560,2020-09-25,582,0.6705069124423964,1,0.6751681275964206,0.3184395751512471,-1.1886663830432598,-1.6830600801167397,0.2534284394749388,-0.5674562262310126,0.1323632260180591
100575,17654,2020-09-25,582,0.6705069124423964,1,0.6751681275964206,0.3184395751512471,-1.1886663830432598,1.098464285371114,0.4109628118069571,-1.1560231958814482,-0.0224728558520586
100575,10315,2020-09-25,580,0.6682027649769585,1,0.6751681275964206,0.3184395751512471,-1.1886663830432598,0.8716013524769777,0.4272179874985336,-1.0140549006400468,-0.0953101798043247
100575,685,2020-09-25,579,0.6670506912442397,1,0.6751681275964206,0.3184395751512471,-1.1886663830432598,-2.195382159508425,0.0293422746140308,-0.03878166647082,-0.0320385125145872
100575,19030,2020-09-25,578,0.6658986175115207,1,0.6751681275964206,0.3184395751512471,-1.1886663830432598,1.1406669488098926,0.4916086163145827,-1.2630617206959425,0.0870113769896292
100575,98928,2020-09-25,577,0.6647465437788018,1,0.6751681275964206,0.3184395751512471,-1.1886663830432598,1.3829908638575077,0.5694888155381025,-1.5077990236992689,0.4769240720903096
100575,55820,2020-09-25,577,0.6647465437788018,1,0.6751681275964206,0.3184395751512471,-1.1886663830432598,1.5432575423036816,1.1445881125441484,-1.674476308613322,-0.1251631429540061
100575,32728,2020-09-25,577,0.6647465437788018,1,0.6751681275964206,0.3184395751512471,-1.1886663830432598,1.082862338718352,0.438743705874525,-1.1884342008981568,-0.6931471805599454
100575,6352,2020-09-25,577,0.6647465437788018,1,0.6751681275964206,0.3184395751512471,-1.1886663830432598,0.6980627112479952,0.4178715184455658,-0.8945879954286609,-0.0806889112501423
100575,11069,2020-09-25,577,0.6647465437788018,1,0.6751681275964206,0.3184395751512471,-1.1886663830432598,0.3456846572190539,0.3099049190485818,-0.6310489604416487,-0.1335313926245227
100575,21975,2020-09-25,576,0.663594470046083,1,0.6751681275964206,0.3184395751512471,-1.1886663830432598,1.1035063317890814,0.3541121690177358,-1.285489661997925,-0.1776811772374524
100575,32727,2020-09-25,576,0.663594470046083,1,0.6751681275964206,0.3184395751512471,-1.1886663830432598,0.9713948523705332,0.1032680555740623,-1.0571125577613572,0.55206858230004
97239,685,2020-09-25,597,0.6662946428571429,1,0.8363308739263667,0.2576081513085421,-1.101610791664366,-2.195382159508425,0.0293422746140308,-0.03878166647082,-0.0320385125145872
97239,4685,2020-09-25,592,0.6607142857142857,1,0.8363308739263667,0.2576081513085421,-1.101610791664366,2.1160861465425764,1.918605205095637,-2.208274413522804,-0.2954642128938358
97239,1274,2020-09-25,592,0.6607142857142857,1,0.8363308739263667,0.2576081513085421,-1.101610791664366,-1.836930544641185,0.0078068170406617,-0.0118703250095002,0.3083406431240387
97239,32723,2020-09-25,590,0.6584821428571429,1,0.8363308739263667,0.2576081513085421,-1.101610791664366,0.9874150676283532,0.3107780787424994,-1.1892201658508972,0.1541506798272585
97239,17654,2020-09-25,589,0.6573660714285714,1,0.8363308739263667,0.2576081513085421,-1.101610791664366,1.098464285371114,0.4109628118069571,-1.1560231958814482,-0.0224728558520586
97239,4523,2020-09-25,588,0.65625,1,0.8363308739263667,0.2576081513085421,-1.101610791664366,1.057416686119108,0.4871638055306969,-1.1717631703037252,-0.1394195352497451
97239,19030,2020-09-25,588,0.65625,1,0.8363308739263667,0.2576081513085421,-1.101610791664366,1.1406669488098926,0.4916086163145827,-1.2630617206959425,0.0870113769896292
97239,2560,2020-09-25,588,0.65625,1,0.8363308739263667,0.2576081513085421,-1.101610791664366,-1.6830600801167397,0.2534284394749388,-0.5674562262310126,0.1323632260180591
97239,24122,2020-09-25,586,0.6540178571428571,1,0.8363308739263667,0.2576081513085421,-1.101610791664366,1.332967688068018,0.5251726670710631,-1.5705329389035017,-0.3209077200801014
97239,11069,2020-09-25,585,0.6529017857142857,1,0.8363308739263667,0.2576081513085421,-1.101610791664366,0.3456846572190539,0.3099049190485818,-0.6310489604416487,-0.1335313926245227
97239,18303,2020-09-25,585,0.6529017857142857,1,0.8363308739263667,0.2576081513085421,-1.101610791664366,1.1584825988388476,0.5578764169640098,-1.0411640617555635,-0.3184537311185345
97239,1711,2020-09-25,585,0.6529017857142857,1,0.8363308739263667,0.2576081513085421,-1.101610791664366,-3.555263288759249,0.0037875258783537,-0.0049864579538407,-0.0740808013894618
105843,2560,2020-09-25,591,0.6880093131548312,1,0.7903036969635985,0.3169919529415618,-1.1743723345496448,-1.6830600801167397,0.2534284394749388,-0.5674562262310126,0.1323632260180591
105843,32723,2020-09-25,588,0.6845168800931315,1,0.7903036969635985,0.3169919529415618,-1.1743723345496448,0.9874150676283532,0.3107780787424994,-1.1892201658508972,0.1541506798272585
105843,10315,2020-09-25,587,0.6833527357392316,1,0.7903036969635985,0.3169919529415618,-1.1743723345496448,0.8716013524769777,0.4272179874985336,-1.0140549006400468,-0.0953101798043247
105843,127265,2020-09-25,586,0.6821885913853318,1,0.7903036969635985,0.3169919529415618,-1.1743723345496448,1.6868648814418694,0.8271558920304964,-1.839901545234816,-0.2478361639045814
105843,19455,2020-09-25,585,0.681024447031432,1,0.7903036969635985,0.3169919529415618,-1.1743723345496448,0.8325192463458134,0.1807575116316324,-0.9529440495221904,-0.4828517717235843
105843,110225,2020-09-25,584,0.6798603026775321,1,0.7903036969635985,0.3169919529415618,-1.1743723345496448,1.3796893875953222,0.5261672380475177,-1.5550027058790832,0.4795730802618863
105843,24122,2020-09-25,582,0.6775320139697323,1,0.7903036969635985,0.3169919529415618,-1.1743723345496448,1.332967688068018,0.5251726670710631,-1.5705329389035017,-0.3209077200801014
105843,19030,2020-09-25,582,0.6775320139697323,1,0.7903036969635985,0.3169919529415618,-1.1743723345496448,1.1406669488098926,0.4916086163145827,-1.2630617206959425,0.0870113769896292
105843,55820,2020-09-25,582,0.6775320139697323,1,0.7903036969635985,0.3169919529415618,-1.1743723345496448,1.5432575423036816,1.1445881125441484,-1.674476308613322,-0.1251631429540061
105843,25093,2020-09-25,582,0.6775320139697323,1,0.7903036969635985,0.3169919529415618,-1.1743723345496448,1.232770948247575,0.3563056772173201,-1.279470787410304,1.0986122886681096
105843,17654,2020-09-25,581,0.6763678696158324,1,0.7903036969635985,0.3169919529415618,-1.1743723345496448,1.098464285371114,0.4109628118069571,-1.1560231958814482,-0.0224728558520586
105843,113300,2020-09-25,581,0.6763678696158324,1,0.7903036969635985,0.3169919529415618,-1.1743723345496448,1.303617775327178,0.4196347803628334,-1.301290009390028,-0.4274440148269396
116373,32725,2020-09-26,586,0.6894117647058824,1,0.663144649649397,0.3674678534267891,-1.2878542883066375,0.9946126147249827,0.5247743365989576,-1.1968679787021914,0.2035989552412394
116373,32727,2020-09-26,585,0.6882352941176471,1,0.663144649649397,0.3674678534267891,-1.2878542883066375,1.026338835103335,0.3039240137955947,-1.2342439207281304,0.4700036292457357
116373,2560,2020-09-26,582,0.6847058823529412,1,0.663144649649397,0.3674678534267891,-1.2878542883066375,-1.6641799569394042,0.3144795515255731,-0.6248304873393415,0.0713829600516184
116373,127265,2020-09-26,578,0.68,1,0.663144649649397,0.3674678534267891,-1.2878542883066375,1.7760090235573291,1.027384123145172,-2.177239284955963,-0.2876820724517808
116373,6813,2020-09-26,578,0.68,1,0.663144649649397,0.3674678534267891,-1.2878542883066375,0.0623032252838491,0.3017459447798691,-0.5349760839982745,-0.0806040324146293
116373,1711,2020-09-26,578,0.68,1,0.663144649649397,0.3674678534267891,-1.2878542883066375,-3.555058627644583,0.0042753284062087,-0.0056275816534192,-0.1541143194963758
116373,25093,2020-09-26,577,0.6788235294117647,1,0.663144649649397,0.3674678534267891,-1.2878542883066375,1.3237644056999538,0.6088797993168177,-1.6494708633469406,0.6931471805599454
116373,10315,2020-09-26,577,0.6788235294117647,1,0.663144649649397,0.3674678534267891,-1.2878542883066375,0.9455401771168008,0.618975530545693,-1.2804783683419148,0.0259754864032606
116373,6352,2020-09-26,576,0.6776470588235294,1,0.663144649649397,0.3674678534267891,-1.2878542883066375,0.7556331346796232,0.539551712309891,-1.036293524268852,-0.2099730881244648
116373,105842,2020-09-26,575,0.6764705882352942,1,0.663144649649397,0.3674678534267891,-1.2878542883066375,1.1985621983127992,0.5175526940862252,-1.4280570894818654,0.0
116373,17654,2020-09-26,575,0.6764705882352942,1,0.663144649649397,0.3674678534267891,-1.2878542883066375,1.1748384337776776,0.5939922361871433,-1.4412532454006488,-0.11247798342669
116373,19030,2020-09-26,574,0.6752941176470588,1,0.663144649649397,0.3674678534267891,-1.2878542883066375,1.223055815785864,0.6860649715618949,-1.5594274918594389,-0.0558804583944567
1265482905,1384,2020-09-30,1,0.1428571428571428,0,1.257581220330621,1.2030767453804163,-1.4961092271270977,2.2441047954807494,-0.0725630851343117,0.2436220826577502,-0.2318016140573244
1265482905,1265873883,2020-09-30,1,0.1428571428571428,0,1.257581220330621,1.2030767453804163,-1.4961092271270977,2.58430957819622,0.7219638717238108,-2.0193376176101308,0.0
1265482905,5300,2020-09-30,1,0.1428571428571428,0,1.257581220330621,1.2030767453804163,-1.4961092271270977,-0.2506688454108586,-0.0514777695050615,0.076155563847311,-0.2907924948661735
1265482905,1272420104,2020-09-30,1,0.1428571428571428,0,1.257581220330621,1.2030767453804163,-1.4961092271270977,2.58430957819622,0.8713571987161921,-1.791759469228055,0.0
1265482905,40176,2020-09-30,1,0.1428571428571428,0,1.257581220330621,1.2030767453804163,-1.4961092271270977,-2.962690002911616,-0.1367416609007374,0.1987456273433938,0.1278670273366788
1265482905,220313378,2020-09-30,1,0.1428571428571428,0,1.257581220330621,1.2030767453804163,-1.4961092271270977,-1.0266609909099944,-0.1047423931823822,0.1554716839823715,-0.3300413462909226
1265482905,609927275,2020-09-30,1,0.1428571428571428,0,1.257581220330621,1.2030767453804163,-1.4961092271270977,-1.8356774244293657,-0.1902407742938834,0.2534882513015652,-2.01273196692736
1265482905,828337656,2020-09-30,1,0.1428571428571428,0,1.257581220330621,1.2030767453804163,-1.4961092271270977,-1.973377249313501,-0.0151262668640046,0.0208532037231243,-1.347338154814258
1265482905,983115295,2020-09-30,1,0.1428571428571428,0,1.257581220330621,1.2030767453804163,-1.4961092271270977,2.6238271369876505,0.0,0.0,-1.6247053845648884
1265482905,1070096153,2020-09-30,1,0.1428571428571428,0,1.257581220330621,1.2030767453804163,-1.4961092271270977,2.254877514873248,0.0150961929172068,-0.0307716586667536,1.6094379124341005
202272,202645,2020-10-04,15,0.7894736842105263,1,,,2.5649493574615367,2.423905893290151,-0.1999212436974993,0.382992252256106,-0.2231435513142097
202272,16810,2020-10-04,13,0.6842105263157895,1,,,2.5649493574615367,2.278857628155233,-0.3449695088324174,0.8183103235139515,-0.2231435513142097
202272,17427,2020-10-04,13,0.6842105263157895,1,,,2.5649493574615367,2.4764151149913567,-0.1474120219962937,0.4274440148269396,-0.2231435513142097
202272,137225,2020-10-04,13,0.6842105263157895,1,,,2.5649493574615367,1.9198135932148637,,1.6094379124341005,0.0
202272,6389,2020-10-04,12,0.631578947368421,1,,,2.5649493574615367,1.7906581438474962,-0.1390348390652243,-0.0176995770994006,-0.2363887780642306
202272,20921,2020-10-04,12,0.631578947368421,1,,,2.5649493574615367,2.47031040626855,-0.1535167307191005,0.2876820724517808,-0.2231435513142097
202272,23779,2020-10-04,12,0.631578947368421,1,,,2.5649493574615367,1.8735945074090388,,2.302585092994046,0.0
202272,19807,2020-10-04,11,0.5789473684210527,1,,,2.5649493574615367,2.0855624003784503,,1.3862943611198906,0.0
202272,21088,2020-10-04,11,0.5789473684210527,1,,,2.5649493574615367,1.7678651283281477,,1.791759469228055,0.0
202272,136756,2020-10-04,11,0.5789473684210527,1,,,2.5649493574615367,2.165731744429133,-0.1509361361859276,0.0984400728132524,-0.2318016140573244
202272,137242,2020-10-04,11,0.5789473684210527,1,,,2.5649493574615367,2.0035281384590333,-0.0649256539495022,-0.1150693297847871,-0.2348395910774008
202272,20711,2020-10-04,10,0.5263157894736842,1,,,2.5649493574615367,2.2418008262957456,-0.0748670543193155,-0.109199291964992,-0.2318016140573244
131550,8,2020-10-12,69,0.1742424242424242,0,-2.4296244950037607,0.052376501695905,-2.1623656975962176,-6.468112348431788,-0.0178336071889892,-1.9847965803206868,0.4405432299436018
131550,15,2020-10-12,53,0.1338383838383838,0,-2.4296244950037607,0.052376501695905,-2.1623656975962176,-6.00807323849291,-0.0397280999477498,-1.813051523943214,0.1740353199656574
131550,5,2020-10-12,46,0.1161616161616161,0,-2.4296244950037607,0.052376501695905,-2.1623656975962176,-7.453842580388121,0.0257411286417834,-1.9700765518104115,0.2405665010448103
131550,768650233,2020-10-12,46,0.1161616161616161,0,-2.4296244950037607,0.052376501695905,-2.1623656975962176,-4.666026355935721,0.0804450096594049,-2.0783681721136915,0.2450911870945429
131550,1656,2020-10-12,39,0.0984848484848484,0,-2.4296244950037607,0.052376501695905,-2.1623656975962176,-1.3540132952089814,-0.031923390173197,-1.9065244429138584,0.2165045724151344
1392112139,1392112125,2021-01-18,766,0.8906976744186047,1,-2.1871633412474303,2.6299248921768266,-0.9807711117866748,0.4372521130774592,2.6197391924969944,-0.9890698536903866,0.0
1392112139,1392110536,2021-01-18,759,0.8825581395348837,1,-2.1871633412474303,2.6299248921768266,-0.9807711117866748,0.3618920592042122,2.569035598916399,-0.9908920887871036,0.0
1392112139,1392110596,2021-01-18,759,0.8825581395348837,1,-2.1871633412474303,2.6299248921768266,-0.9807711117866748,0.4261791549783121,2.583959459396989,-0.9358400892737252,0.0
1392112139,1392110641,2021-01-18,758,0.8813953488372093,1,-2.1871633412474303,2.6299248921768266,-0.9807711117866748,0.6178894755349387,2.8125311172541494,-1.0549328050708136,0.0
1392112139,1392110640,2021-01-18,756,0.8790697674418605,1,-2.1871633412474303,2.6299248921768266,-0.9807711117866748,0.4478251793998813,2.631220921132009,-0.9707369453213212,0.0
1392112139,1392110676,2021-01-18,756,0.8790697674418605,1,-2.1871633412474303,2.6299248921768266,-0.9807711117866748,0.122127239146435,2.3044695506017923,-0.8759592253993294,0.0
1392112139,1392110550,2021-01-18,754,0.8767441860465116,1,-2.1871633412474303,2.6299248921768266,-0.9807711117866748,-2.194001191689701,0.3110455905754037,0.6363395279428925,0.0
1392112139,1392110766,2021-01-18,754,0.8767441860465116,1,-2.1871633412474303,2.6299248921768266,-0.9807711117866748,0.5379489988566396,2.7073707914284504,-0.9353800923783266,0.0
1392112139,1392109700,2021-01-18,753,0.8755813953488372,1,-2.1871633412474303,2.6299248921768266,-0.9807711117866748,0.6100679302014994,2.7898960177078123,-0.9597074279824432,0.0
1392112139,1392109964,2021-01-18,753,0.8755813953488372,1,-2.1871633412474303,2.6299248921768266,-0.9807711117866748,0.4471916137437511,2.6224725409168466,-0.9507893021299738,0.0
1392112139,1392111650,2021-01-18,746,0.8674418604651163,1,-2.1871633412474303,2.6299248921768266,-0.9807711117866748,0.3691776846494515,2.534421374241003,-0.93403196475899,0.0
1392112139,1392110758,2021-01-18,744,0.8651162790697674,1,-2.1871633412474303,2.6299248921768266,-0.9807711117866748,0.5238046903477009,2.5903783564541483,-0.9333992600634716,0.0
1392110676,1392110640,2021-01-18,764,0.8822170900692841,1,-2.1823423114553573,2.3044695506017923,-0.8759592253993294,0.4478251793998813,2.631220921132009,-0.9707369453213212,0.0
1392110676,1392112125,2021-01-18,763,0.8810623556581986,1,-2.1823423114553573,2.3044695506017923,-0.8759592253993294,0.4372521130774592,2.6197391924969944,-0.9890698536903866,0.0
1392110676,1392110641,2021-01-18,761,0.8787528868360277,1,-2.1823423114553573,2.3044695506017923,-0.8759592253993294,0.6178894755349387,2.8125311172541494,-1.0549328050708136,0.0
1392110676,1392110596,2021-01-18,759,0.8764434180138568,1,-2.1823423114553573,2.3044695506017923,-0.8759592253993294,0.4261791549783121,2.583959459396989,-0.9358400892737252,0.0
1392110676,1392109964,2021-01-18,757,0.874133949191686,1,-2.1823423114553573,2.3044695506017923,-0.8759592253993294,0.4471916137437511,2.6224725409168466,-0.9507893021299738,0.0
1392110676,1392110536,2021-01-18,757,0.874133949191686,1,-2.1823423114553573,2.3044695506017923,-0.8759592253993294,0.3618920592042122,2.569035598916399,-0.9908920887871036,0.0
1392110676,1392109700,2021-01-18,756,0.8729792147806005,1,-2.1823423114553573,2.3044695506017923,-0.8759592253993294,0.6100679302014994,2.7898960177078123,-0.9597074279824432,0.0
1392110676,1392112139,2021-01-18,756,0.8729792147806005,1,-2.1823423114553573,2.3044695506017923,-0.8759592253993294,0.4427615509293964,2.6299248921768266,-0.9807711117866748,0.0
1392110676,1392110766,2021-01-18,753,0.8695150115473441,1,-2.1823423114553573,2.3044695506017923,-0.8759592253993294,0.5379489988566396,2.7073707914284504,-0.9353800923783266,0.0
1392110676,1392110758,2021-01-18,752,0.8683602771362586,1,-2.1823423114553573,2.3044695506017923,-0.8759592253993294,0.5238046903477009,2.5903783564541483,-0.9333992600634716,0.0
1392110676,1392111650,2021-01-18,752,0.8683602771362586,1,-2.1823423114553573,2.3044695506017923,-0.8759592253993294,0.3691776846494515,2.534421374241003,-0.93403196475899,0.0
1392110676,1392110550,2021-01-18,752,0.8683602771362586,1,-2.1823423114553573,2.3044695506017923,-0.8759592253993294,-2.194001191689701,0.3110455905754037,0.6363395279428925,0.0
1392110596,1392112125,2021-01-19,774,0.8845714285714286,1,-2.110628921829813,2.765898844283364,-1.4866458712784114,0.6753844693347718,2.802363132246377,-1.524725713661863,0.0
1392110596,1392110640,2021-01-19,772,0.8822857142857143,1,-2.110628921829813,2.765898844283364,-1.4866458712784114,0.6871970181442715,2.817825025452885,-1.5125405087438422,0.0
1392110596,1392109964,2021-01-19,767,0.8765714285714286,1,-2.110628921829813,2.765898844283364,-1.4866458712784114,0.6863354219247795,2.809669012453022,-1.4859836533335755,0.0
1392110596,1392110550,2021-01-19,764,0.8731428571428571,1,-2.110628921829813,2.765898844283364,-1.4866458712784114,-2.1620160013920398,0.3256591234286654,0.4343344165275997,0.0
1392110596,1392110641,2021-01-19,762,0.8708571428571429,1,-2.110628921829813,2.765898844283364,-1.4866458712784114,0.8610510427616394,2.9950222838960268,-1.6017926152561488,0.0
1392110596,1392110766,2021-01-19,761,0.8697142857142857,1,-2.110628921829813,2.765898844283364,-1.4866458712784114,0.794597039048327,2.922160770965978,-1.5182219041624396,0.0
1392110596,1392109700,2021-01-19,760,0.8685714285714285,1,-2.110628921829813,2.765898844283364,-1.4866458712784114,0.8638219700414963,2.993304946917288,-1.5103821462070135,0.0
1392110596,1392110676,2021-01-19,759,0.8674285714285714,1,-2.110628921829813,2.765898844283364,-1.4866458712784114,0.3304285598376318,2.467979496207694,-1.4047516512799714,0.0
1392110596,1392112139,2021-01-19,759,0.8674285714285714,1,-2.110628921829813,2.765898844283364,-1.4866458712784114,0.6815307831317522,2.8138923747717053,-1.5192521947955084,0.0
1392110596,1392111650,2021-01-19,758,0.8662857142857143,1,-2.110628921829813,2.765898844283364,-1.4866458712784114,0.5923149672346615,2.70625779349462,-1.4634898666169258,0.0
1392110596,1392110536,2021-01-19,758,0.8662857142857143,1,-2.110628921829813,2.765898844283364,-1.4866458712784114,0.5894595731497899,2.7486561476844686,-1.564256286470331,0.0
1392110596,1392110758,2021-01-19,755,0.8628571428571429,1,-2.110628921829813,2.765898844283364,-1.4866458712784114,0.7544872608854261,2.767488579357088,-1.452630434933832,0.0
1392110536,1392112125,2021-01-19,777,0.8890160183066361,1,-2.1591965745346786,2.7486561476844686,-1.564256286470331,0.6753844693347718,2.802363132246377,-1.524725713661863,0.0
1392110536,1392110766,2021-01-19,771,0.8821510297482837,1,-2.1591965745346786,2.7486561476844686,-1.564256286470331,0.794597039048327,2.922160770965978,-1.5182219041624396,0.0
1392110536,1392110640,2021-01-19,767,0.8775743707093822,1,-2.1591965745346786,2.7486561476844686,-1.564256286470331,0.6871970181442715,2.817825025452885,-1.5125405087438422,0.0
1392110536,1392110550,2021-01-19,763,0.8729977116704806,1,-2.1591965745346786,2.7486561476844686,-1.564256286470331,-2.1620160013920398,0.3256591234286654,0.4343344165275997,0.0
1392110536,1392110641,2021-01-19,763,0.8729977116704806,1,-2.1591965745346786,2.7486561476844686,-1.564256286470331,0.8610510427616394,2.9950222838960268,-1.6017926152561488,0.0
1392110536,1392109964,2021-01-19,762,0.8718535469107551,1,-2.1591965745346786,2.7486561476844686,-1.564256286470331,0.6863354219247795,2.809669012453022,-1.4859836533335755,0.0
1392110536,1392112139,2021-01-19,759,0.868421052631579,1,-2.1591965745346786,2.7486561476844686,-1.564256286470331,0.6815307831317522,2.8138923747717053,-1.5192521947955084,0.0
1392110536,1392110596,2021-01-19,758,0.8672768878718535,1,-2.1591965745346786,2.7486561476844686,-1.564256286470331,0.6552699224535503,2.765898844283364,-1.4866458712784114,0.0
1392110536,1392111650,2021-01-19,757,0.8661327231121282,1,-2.1591965745346786,2.7486561476844686,-1.564256286470331,0.5923149672346615,2.70625779349462,-1.4634898666169258,0.0
1392110536,1392110676,2021-01-19,757,0.8661327231121282,1,-2.1591965745346786,2.7486561476844686,-1.564256286470331,0.3304285598376318,2.467979496207694,-1.4047516512799714,0.0
1392110536,1392109700,2021-01-19,756,0.8649885583524027,1,-2.1591965745346786,2.7486561476844686,-1.564256286470331,0.8638219700414963,2.993304946917288,-1.5103821462070135,0.0
1392110536,1392110758,2021-01-19,750,0.8581235697940504,1,-2.1591965745346786,2.7486561476844686,-1.564256286470331,0.7544872608854261,2.767488579357088,-1.452630434933832,0.0
1392110758,1392110641,2021-01-19,759,0.8846153846153846,1,-2.013001318471662,2.767488579357088,-1.452630434933832,0.8610510427616394,2.9950222838960268,-1.6017926152561488,0.0
1392110758,1392110640,2021-01-19,755,0.87995337995338,1,-2.013001318471662,2.767488579357088,-1.452630434933832,0.6871970181442715,2.817825025452885,-1.5125405087438422,0.0
1392110758,1392110596,2021-01-19,755,0.87995337995338,1,-2.013001318471662,2.767488579357088,-1.452630434933832,0.6552699224535503,2.765898844283364,-1.4866458712784114,0.0
1392110758,1392110550,2021-01-19,754,0.8787878787878788,1,-2.013001318471662,2.767488579357088,-1.452630434933832,-2.1620160013920398,0.3256591234286654,0.4343344165275997,0.0
1392110758,1392110676,2021-01-19,752,0.8764568764568764,1,-2.013001318471662,2.767488579357088,-1.452630434933832,0.3304285598376318,2.467979496207694,-1.4047516512799714,0.0
1392110758,1392110766,2021-01-19,752,0.8764568764568764,1,-2.013001318471662,2.767488579357088,-1.452630434933832,0.794597039048327,2.922160770965978,-1.5182219041624396,0.0
1392110758,1392112125,2021-01-19,752,0.8764568764568764,1,-2.013001318471662,2.767488579357088,-1.452630434933832,0.6753844693347718,2.802363132246377,-1.524725713661863,0.0
1392110758,1392109964,2021-01-19,751,0.8752913752913752,1,-2.013001318471662,2.767488579357088,-1.452630434933832,0.6863354219247795,2.809669012453022,-1.4859836533335755,0.0
1392110758,1392110536,2021-01-19,750,0.8741258741258742,1,-2.013001318471662,2.767488579357088,-1.452630434933832,0.5894595731497899,2.7486561476844686,-1.564256286470331,0.0
1392110758,1392112139,2021-01-19,744,0.8671328671328671,1,-2.013001318471662,2.767488579357088,-1.452630434933832,0.6815307831317522,2.8138923747717053,-1.5192521947955084,0.0
1392110758,1392109700,2021-01-19,743,0.865967365967366,1,-2.013001318471662,2.767488579357088,-1.452630434933832,0.8638219700414963,2.993304946917288,-1.5103821462070135,0.0
1392110758,1392111650,2021-01-19,740,0.8624708624708625,1,-2.013001318471662,2.767488579357088,-1.452630434933832,0.5923149672346615,2.70625779349462,-1.4634898666169258,0.0
1392111650,1392110596,2021-01-20,758,0.8886283704572099,1,-2.082576520556353,2.9006673544285624,-2.3225287739613814,0.8888221263158725,2.974694361927809,-2.4568765088710744,0.0
1392111650,1392110536,2021-01-20,757,0.8874560375146542,1,-2.082576520556353,2.9006673544285624,-2.3225287739613814,0.8148794858626983,2.93553302566239,-2.450445329468736,0.0
1392111650,1392112125,2021-01-20,754,0.8839390386869871,1,-2.082576520556353,2.9006673544285624,-2.3225287739613814,0.9149002804017188,3.004996983998359,-2.386449240093132,0.0
1392111650,1392110640,2021-01-20,752,0.8815943728018757,1,-2.082576520556353,2.9006673544285624,-2.3225287739613814,0.9279806154266692,3.0237409009373604,-2.388541697038753,0.0
1392111650,1392110676,2021-01-20,752,0.8815943728018757,1,-2.082576520556353,2.9006673544285624,-2.3225287739613814,0.5385368728724679,2.643707954583169,-2.1876825202030155,0.0
1392111650,1392110641,2021-01-20,751,0.88042203985932,1,-2.082576520556353,2.9006673544285624,-2.3225287739613814,1.105552849733028,3.1988685699390613,-2.5116159212106552,0.0
1392111650,1392110766,2021-01-20,751,0.88042203985932,1,-2.082576520556353,2.9006673544285624,-2.3225287739613814,1.0506497828628982,3.147124307273345,-2.4571061603434794,0.0
1392111650,1392109700,2021-01-20,750,0.8792497069167644,1,-2.082576520556353,2.9006673544285624,-2.3225287739613814,1.1218279112880964,3.22385389766958,-2.482432421721648,0.0
1392111650,1392110550,2021-01-20,750,0.8792497069167644,1,-2.082576520556353,2.9006673544285624,-2.3225287739613814,-2.14327437845486,0.3338995867536365,0.2644139671949883,0.0
1392111650,1392109964,2021-01-20,749,0.8780773739742087,1,-2.082576520556353,2.9006673544285624,-2.3225287739613814,0.9287248296784844,3.021444378891472,-2.380546634463757,0.0
1392111650,1392112139,2021-01-20,746,0.8745603751465416,1,-2.082576520556353,2.9006673544285624,-2.3225287739613814,0.9213296560618492,3.016606422294801,-2.378578280615285,0.0
1392111650,1392110758,2021-01-20,740,0.8675263774912075,1,-2.082576520556353,2.9006673544285624,-2.3225287739613814,0.9914743110365078,2.978818626138608,-2.3684048442876646,0.0
1392110641,1392112125,2021-01-20,774,0.8765571913929785,1,-2.093315720206033,3.1988685699390613,-2.5116159212106552,0.9149002804017188,3.004996983998359,-2.386449240093132,0.0
1392110641,1392110640,2021-01-20,770,0.8720271800679502,1,-2.093315720206033,3.1988685699390613,-2.5116159212106552,0.9279806154266692,3.0237409009373604,-2.388541697038753,0.0
1392110641,1392109964,2021-01-20,766,0.8674971687429218,1,-2.093315720206033,3.1988685699390613,-2.5116159212106552,0.9287248296784844,3.021444378891472,-2.380546634463757,0.0
1392110641,1392110536,2021-01-20,763,0.8640996602491506,1,-2.093315720206033,3.1988685699390613,-2.5116159212106552,0.8148794858626983,2.93553302566239,-2.450445329468736,0.0
1392110641,1392109700,2021-01-20,762,0.8629671574178935,1,-2.093315720206033,3.1988685699390613,-2.5116159212106552,1.1218279112880964,3.22385389766958,-2.482432421721648,0.0
1392110641,1392110596,2021-01-20,762,0.8629671574178935,1,-2.093315720206033,3.1988685699390613,-2.5116159212106552,0.8888221263158725,2.974694361927809,-2.4568765088710744,0.0
1392110641,1392110550,2021-01-20,761,0.8618346545866364,1,-2.093315720206033,3.1988685699390613,-2.5116159212106552,-2.14327437845486,0.3338995867536365,0.2644139671949883,0.0
1392110641,1392110676,2021-01-20,761,0.8618346545866364,1,-2.093315720206033,3.1988685699390613,-2.5116159212106552,0.5385368728724679,2.643707954583169,-2.1876825202030155,0.0
1392110641,1392110758,2021-01-20,759,0.8595696489241224,1,-2.093315720206033,3.1988685699390613,-2.5116159212106552,0.9914743110365078,2.978818626138608,-2.3684048442876646,0.0
1392110641,1392112139,2021-01-20,758,0.8584371460928653,1,-2.093315720206033,3.1988685699390613,-2.5116159212106552,0.9213296560618492,3.016606422294801,-2.378578280615285,0.0
1392110641,1392110766,2021-01-20,755,0.855039637599094,1,-2.093315720206033,3.1988685699390613,-2.5116159212106552,1.0506497828628982,3.147124307273345,-2.4571061603434794,0.0
1392110641,1392111650,2021-01-20,751,0.8505096262740657,1,-2.093315720206033,3.1988685699390613,-2.5116159212106552,0.8180908338722094,2.9006673544285624,-2.3225287739613814,0.0
1392112125,1392109964,2021-01-20,777,0.8633333333333333,1,-2.09009670359664,3.004996983998359,-2.386449240093132,0.9287248296784844,3.021444378891472,-2.380546634463757,0.0
1392112125,1392110536,2021-01-20,777,0.8633333333333333,1,-2.09009670359664,3.004996983998359,-2.386449240093132,0.8148794858626983,2.93553302566239,-2.450445329468736,0.0
1392112125,1392110596,2021-01-20,774,0.86,1,-2.09009670359664,3.004996983998359,-2.386449240093132,0.8888221263158725,2.974694361927809,-2.4568765088710744,0.0
1392112125,1392110641,2021-01-20,774,0.86,1,-2.09009670359664,3.004996983998359,-2.386449240093132,1.105552849733028,3.1988685699390613,-2.5116159212106552,0.0
1392112125,1392110640,2021-01-20,771,0.8566666666666667,1,-2.09009670359664,3.004996983998359,-2.386449240093132,0.9279806154266692,3.0237409009373604,-2.388541697038753,0.0
1392112125,1392110766,2021-01-20,770,0.8555555555555555,1,-2.09009670359664,3.004996983998359,-2.386449240093132,1.0506497828628982,3.147124307273345,-2.4571061603434794,0.0
1392112125,1392112139,2021-01-20,766,0.8511111111111112,1,-2.09009670359664,3.004996983998359,-2.386449240093132,0.9213296560618492,3.016606422294801,-2.378578280615285,0.0
1392112125,1392110550,2021-01-20,766,0.8511111111111112,1,-2.09009670359664,3.004996983998359,-2.386449240093132,-2.14327437845486,0.3338995867536365,0.2644139671949883,0.0
1392112125,1392109700,2021-01-20,766,0.8511111111111112,1,-2.09009670359664,3.004996983998359,-2.386449240093132,1.1218279112880964,3.22385389766958,-2.482432421721648,0.0
1392112125,1392110676,2021-01-20,763,0.8477777777777777,1,-2.09009670359664,3.004996983998359,-2.386449240093132,0.5385368728724679,2.643707954583169,-2.1876825202030155,0.0
1392112125,1392111650,2021-01-20,754,0.8377777777777777,1,-2.09009670359664,3.004996983998359,-2.386449240093132,0.8180908338722094,2.9006673544285624,-2.3225287739613814,0.0
1392112125,1392110758,2021-01-20,752,0.8355555555555556,1,-2.09009670359664,3.004996983998359,-2.386449240093132,0.9914743110365078,2.978818626138608,-2.3684048442876646,0.0
1449710829,1449727642,2021-01-26,731,0.6046319272125724,1,-0.682192014501578,1.5645113080366428,-0.5651448885455252,1.1942586927730474,2.423878419221057,-0.6224866718537685,0.0
1449710829,1449733727,2021-01-26,729,0.6029776674937966,1,-0.682192014501578,1.5645113080366428,-0.5651448885455252,1.074827649759714,2.2911432390792417,-0.5399940070498133,0.0
1449710829,1449751546,2021-01-26,728,0.6021505376344086,1,-0.682192014501578,1.5645113080366428,-0.5651448885455252,0.832833603753226,2.065713750199074,-0.6482472889204427,0.0
1449710829,1449730189,2021-01-26,726,0.6004962779156328,1,-0.682192014501578,1.5645113080366428,-0.5651448885455252,0.8932985667444425,2.140069231261883,-0.6137086702996326,0.0
1449710829,1449815476,2021-01-26,725,0.5996691480562448,1,-0.682192014501578,1.5645113080366428,-0.5651448885455252,1.0879427327941449,2.303273684103069,-0.6587795370557377,0.0
1449710829,1449880779,2021-01-26,723,0.598014888337469,1,-0.682192014501578,1.5645113080366428,-0.5651448885455252,0.8198114521286949,2.075245365779306,-0.6224242048352107,0.0
1449710829,1449747475,2021-01-26,722,0.597187758478081,1,-0.682192014501578,1.5645113080366428,-0.5651448885455252,0.8162592829132166,2.0696537879242447,-0.6103622249558969,0.0
1449710829,1449887314,2021-01-26,722,0.597187758478081,1,-0.682192014501578,1.5645113080366428,-0.5651448885455252,0.6823181327043105,1.917856868749234,-0.5170320052085273,0.0
1449710829,1449727643,2021-01-26,721,0.5963606286186931,1,-0.682192014501578,1.5645113080366428,-0.5651448885455252,0.7727053095692311,2.046147688350848,-0.6998933271253032,0.0
1449710829,1449783150,2021-01-26,721,0.5963606286186931,1,-0.682192014501578,1.5645113080366428,-0.5651448885455252,1.204391520522399,2.4195900426731263,-0.6584507794663725,0.0
1449710829,1449710885,2021-01-26,720,0.5955334987593052,1,-0.682192014501578,1.5645113080366428,-0.5651448885455252,0.9778133045701636,1.6754638757818112,-0.6259290981988919,0.0
1449710829,1449710900,2021-01-26,720,0.5955334987593052,1,-0.682192014501578,1.5645113080366428,-0.5651448885455252,0.8232242229314305,1.5834964413020474,-0.6686704341333911,0.0
1449814274,1449710825,2021-01-26,740,0.611065235342692,1,-1.188071897434544,2.073160698092888,-0.5285680246668676,1.2049414701152297,1.9027531864570335,-0.6996077475628892,0.0
1449814274,1449747475,2021-01-26,733,0.6052848885218828,1,-1.188071897434544,2.073160698092888,-0.5285680246668676,0.8162592829132166,2.0696537879242447,-0.6103622249558969,0.0
1449814274,1449710900,2021-01-26,732,0.6044591246903386,1,-1.188071897434544,2.073160698092888,-0.5285680246668676,0.8232242229314305,1.5834964413020474,-0.6686704341333911,0.0
1449814274,1449887314,2021-01-26,731,0.6036333608587944,1,-1.188071897434544,2.073160698092888,-0.5285680246668676,0.6823181327043105,1.917856868749234,-0.5170320052085273,0.0
1449814274,1449746136,2021-01-26,729,0.601981833195706,1,-1.188071897434544,2.073160698092888,-0.5285680246668676,0.755989717074152,1.9616543135444635,-0.5601015785692169,0.0
1449814274,1449891244,2021-01-26,723,0.597027250206441,1,-1.188071897434544,2.073160698092888,-0.5285680246668676,0.8087088679983463,2.029647799217748,-0.4901865422264144,0.0
1449814274,1449727643,2021-01-26,722,0.5962014863748968,1,-1.188071897434544,2.073160698092888,-0.5285680246668676,0.7727053095692311,2.046147688350848,-0.6998933271253032,0.0
1449814274,1449710918,2021-01-26,721,0.5953757225433526,1,-1.188071897434544,2.073160698092888,-0.5285680246668676,0.5210423168475984,1.2457107168924688,-0.5383209619648497,0.0
1449814274,1449950362,2021-01-26,720,0.5945499587118084,1,-1.188071897434544,2.073160698092888,-0.5285680246668676,0.7572688052559443,1.9841599195463275,-0.5684826663871512,0.0
1449814274,1449879875,2021-01-26,718,0.5928984310487201,1,-1.188071897434544,2.073160698092888,-0.5285680246668676,0.8918845443811839,2.0947408813683346,-0.5695108849633819,0.0
1449814274,1449880254,2021-01-26,718,0.5928984310487201,1,-1.188071897434544,2.073160698092888,-0.5285680246668676,0.8163673883186445,2.0503348077116774,-0.579378093463891,0.0
1449814274,1449815476,2021-01-26,718,0.5928984310487201,1,-1.188071897434544,2.073160698092888,-0.5285680246668676,1.0879427327941449,2.303273684103069,-0.6587795370557377,0.0
1449710843,1449727642,2021-01-26,719,0.6208981001727115,1,-0.6487574565482623,1.5675320133902026,-0.6444502086928967,1.1942586927730474,2.423878419221057,-0.6224866718537685,0.0
1449710843,1449887314,2021-01-26,709,0.6122625215889465,1,-0.6487574565482623,1.5675320133902026,-0.6444502086928967,0.6823181327043105,1.917856868749234,-0.5170320052085273,0.0
1449710843,1449727652,2021-01-26,708,0.6113989637305699,1,-0.6487574565482623,1.5675320133902026,-0.6444502086928967,0.6075686886999073,1.8237007157620784,-0.5321379058328031,0.0
1449710843,1449751546,2021-01-26,707,0.6105354058721935,1,-0.6487574565482623,1.5675320133902026,-0.6444502086928967,0.832833603753226,2.065713750199074,-0.6482472889204427,0.0
1449710843,1449815684,2021-01-26,707,0.6105354058721935,1,-0.6487574565482623,1.5675320133902026,-0.6444502086928967,0.9010246324772644,2.097704876120497,-0.5902203482644159,0.0
1449710843,1449710900,2021-01-26,706,0.6096718480138169,1,-0.6487574565482623,1.5675320133902026,-0.6444502086928967,0.8232242229314305,1.5834964413020474,-0.6686704341333911,0.0
1449710843,1449950362,2021-01-26,706,0.6096718480138169,1,-0.6487574565482623,1.5675320133902026,-0.6444502086928967,0.7572688052559443,1.9841599195463275,-0.5684826663871512,0.0
1449710843,1449727577,2021-01-26,705,0.6088082901554405,1,-0.6487574565482623,1.5675320133902026,-0.6444502086928967,1.353219858755354,2.5631581513948287,-0.6250318870143534,0.0
1449710843,1449759604,2021-01-26,705,0.6088082901554405,1,-0.6487574565482623,1.5675320133902026,-0.6444502086928967,0.7197531356943994,1.9618615409207116,-0.6233776100048214,0.0
1449710843,1449710825,2021-01-26,705,0.6088082901554405,1,-0.6487574565482623,1.5675320133902026,-0.6444502086928967,1.2049414701152297,1.9027531864570335,-0.6996077475628892,0.0
1449710843,1449747475,2021-01-26,704,0.6079447322970639,1,-0.6487574565482623,1.5675320133902026,-0.6444502086928967,0.8162592829132166,2.0696537879242447,-0.6103622249558969,0.0
1449710843,1449709188,2021-01-26,704,0.6079447322970639,1,-0.6487574565482623,1.5675320133902026,-0.6444502086928967,0.7543989176330282,1.5200013232007654,-0.584141630724786,0.0
1449814364,1449710825,2021-01-26,734,0.6126878130217028,1,-1.2204928689602046,2.047143682767836,-0.6098219376998024,1.2049414701152297,1.9027531864570335,-0.6996077475628892,0.0
1449814364,1449729914,2021-01-26,730,0.6093489148580968,1,-1.2204928689602046,2.047143682767836,-0.6098219376998024,0.8966191613749077,2.121602077366276,-0.6345042894695787,0.0
1449814364,1449758577,2021-01-26,729,0.6085141903171953,1,-1.2204928689602046,2.047143682767836,-0.6098219376998024,0.7093000497712596,1.9216382871580613,-0.6001618823297727,0.0
1449814364,1449881293,2021-01-26,728,0.6076794657762938,1,-1.2204928689602046,2.047143682767836,-0.6098219376998024,1.1925116518800365,2.4210881641722537,-0.6247834377505548,0.0
1449814364,1449879875,2021-01-26,727,0.6068447412353923,1,-1.2204928689602046,2.047143682767836,-0.6098219376998024,0.8918845443811839,2.0947408813683346,-0.5695108849633819,0.0
1449814364,1449727643,2021-01-26,724,0.6043405676126878,1,-1.2204928689602046,2.047143682767836,-0.6098219376998024,0.7727053095692311,2.046147688350848,-0.6998933271253032,0.0
1449814364,1449733727,2021-01-26,721,0.6018363939899833,1,-1.2204928689602046,2.047143682767836,-0.6098219376998024,1.074827649759714,2.2911432390792417,-0.5399940070498133,0.0
1449814364,1449783150,2021-01-26,720,0.6010016694490818,1,-1.2204928689602046,2.047143682767836,-0.6098219376998024,1.204391520522399,2.4195900426731263,-0.6584507794663725,0.0
1449814364,1449751719,2021-01-26,720,0.6010016694490818,1,-1.2204928689602046,2.047143682767836,-0.6098219376998024,0.7533681228809327,2.0031101162712432,-0.5818968708460552,0.0
1449814364,1449727642,2021-01-26,719,0.6001669449081803,1,-1.2204928689602046,2.047143682767836,-0.6098219376998024,1.1942586927730474,2.423878419221057,-0.6224866718537685,0.0
1449814364,1449747475,2021-01-26,719,0.6001669449081803,1,-1.2204928689602046,2.047143682767836,-0.6098219376998024,0.8162592829132166,2.0696537879242447,-0.6103622249558969,0.0
1449814364,1449814752,2021-01-26,719,0.6001669449081803,1,-1.2204928689602046,2.047143682767836,-0.6098219376998024,0.8347113693059206,2.069320967894605,-0.6537131113145378,0.0
1449759604,1449881293,2021-01-26,744,0.6220735785953178,1,-1.242108405226312,1.9618615409207116,-0.6233776100048214,1.1925116518800365,2.4210881641722537,-0.6247834377505548,0.0
1449759604,1449815476,2021-01-26,731,0.6112040133779264,1,-1.242108405226312,1.9618615409207116,-0.6233776100048214,1.0879427327941449,2.303273684103069,-0.6587795370557377,0.0
1449759604,1449815684,2021-01-26,730,0.6103678929765887,1,-1.242108405226312,1.9618615409207116,-0.6233776100048214,0.9010246324772644,2.097704876120497,-0.5902203482644159,0.0
1449759604,1449727642,2021-01-26,728,0.6086956521739131,1,-1.242108405226312,1.9618615409207116,-0.6233776100048214,1.1942586927730474,2.423878419221057,-0.6224866718537685,0.0
1449759604,1449710825,2021-01-26,726,0.6070234113712375,1,-1.242108405226312,1.9618615409207116,-0.6233776100048214,1.2049414701152297,1.9027531864570335,-0.6996077475628892,0.0
1449759604,1449709188,2021-01-26,725,0.6061872909698997,1,-1.242108405226312,1.9618615409207116,-0.6233776100048214,0.7543989176330282,1.5200013232007654,-0.584141630724786,0.0
1449759604,1449758747,2021-01-26,725,0.6061872909698997,1,-1.242108405226312,1.9618615409207116,-0.6233776100048214,0.6078098582181298,1.8708849485896135,-0.5918934468547725,0.0
1449759604,1449733727,2021-01-26,725,0.6061872909698997,1,-1.242108405226312,1.9618615409207116,-0.6233776100048214,1.074827649759714,2.2911432390792417,-0.5399940070498133,0.0
1449759604,1449751546,2021-01-26,724,0.6053511705685619,1,-1.242108405226312,1.9618615409207116,-0.6233776100048214,0.832833603753226,2.065713750199074,-0.6482472889204427,0.0
1449759604,1449740560,2021-01-26,723,0.6045150501672241,1,-1.242108405226312,1.9618615409207116,-0.6233776100048214,0.7075525388842143,1.9816597373578049,-0.6438675349118705,0.0
1449759604,1449751719,2021-01-26,723,0.6045150501672241,1,-1.242108405226312,1.9618615409207116,-0.6233776100048214,0.7533681228809327,2.0031101162712432,-0.5818968708460552,0.0
1449759604,1449741142,2021-01-26,721,0.6028428093645485,1,-1.242108405226312,1.9618615409207116,-0.6233776100048214,0.985460052276,2.195145064357858,-0.614848346582157,0.0
1449709188,1449727642,2021-01-26,747,0.6209476309226932,1,-0.7656024055677371,1.5200013232007654,-0.584141630724786,1.1942586927730474,2.423878419221057,-0.6224866718537685,0.0
1449709188,1449751546,2021-01-26,747,0.6209476309226932,1,-0.7656024055677371,1.5200013232007654,-0.584141630724786,0.832833603753226,2.065713750199074,-0.6482472889204427,0.0
1449709188,1449710900,2021-01-26,746,0.6201163757273483,1,-0.7656024055677371,1.5200013232007654,-0.584141630724786,0.8232242229314305,1.5834964413020474,-0.6686704341333911,0.0
1449709188,1449879505,2021-01-26,743,0.6176226101413134,1,-0.7656024055677371,1.5200013232007654,-0.584141630724786,1.0864909654337327,2.3407308172658965,-0.7055582798836548,0.0
1449709188,1449881293,2021-01-26,735,0.6109725685785536,1,-0.7656024055677371,1.5200013232007654,-0.584141630724786,1.1925116518800365,2.4210881641722537,-0.6247834377505548,0.0
1449709188,1449741142,2021-01-26,734,0.6101413133832086,1,-0.7656024055677371,1.5200013232007654,-0.584141630724786,0.985460052276,2.195145064357858,-0.614848346582157,0.0
1449709188,1449783045,2021-01-26,733,0.6093100581878637,1,-0.7656024055677371,1.5200013232007654,-0.584141630724786,0.5650096572094908,1.8009215284378262,-0.5989390226532727,0.0
1449709188,1449814752,2021-01-26,732,0.6084788029925187,1,-0.7656024055677371,1.5200013232007654,-0.584141630724786,0.8347113693059206,2.069320967894605,-0.6537131113145378,0.0
1449709188,1449758577,2021-01-26,730,0.6068162926018288,1,-0.7656024055677371,1.5200013232007654,-0.584141630724786,0.7093000497712596,1.9216382871580613,-0.6001618823297727,0.0
1449709188,1449740560,2021-01-26,728,0.6051537822111388,1,-0.7656024055677371,1.5200013232007654,-0.584141630724786,0.7075525388842143,1.9816597373578049,-0.6438675349118705,0.0
1449709188,1449730189,2021-01-26,727,0.6043225270157938,1,-0.7656024055677371,1.5200013232007654,-0.584141630724786,0.8932985667444425,2.140069231261883,-0.6137086702996326,0.0
1449758577,1449727577,2021-01-26,742,0.6127167630057804,1,-1.212338237386802,1.9216382871580613,-0.6001618823297727,1.353219858755354,2.5631581513948287,-0.6250318870143534,0.0
1449758577,1449887314,2021-01-26,735,0.6069364161849711,1,-1.212338237386802,1.9216382871580613,-0.6001618823297727,0.6823181327043105,1.917856868749234,-0.5170320052085273,0.0
1449758577,1449727642,2021-01-26,733,0.6052848885218828,1,-1.212338237386802,1.9216382871580613,-0.6001618823297727,1.1942586927730474,2.423878419221057,-0.6224866718537685,0.0
1449758577,1449710900,2021-01-26,730,0.6028075970272502,1,-1.212338237386802,1.9216382871580613,-0.6001618823297727,0.8232242229314305,1.5834964413020474,-0.6686704341333911,0.0
1449758577,1449709188,2021-01-26,730,0.6028075970272502,1,-1.212338237386802,1.9216382871580613,-0.6001618823297727,0.7543989176330282,1.5200013232007654,-0.584141630724786,0.0
1449758577,1449733727,2021-01-26,729,0.601981833195706,1,-1.212338237386802,1.9216382871580613,-0.6001618823297727,1.074827649759714,2.2911432390792417,-0.5399940070498133,0.0
1449758577,1449814364,2021-01-26,729,0.601981833195706,1,-1.212338237386802,1.9216382871580613,-0.6001618823297727,0.8266508138076311,2.047143682767836,-0.6098219376998024,0.0
1449758577,1449751719,2021-01-26,729,0.601981833195706,1,-1.212338237386802,1.9216382871580613,-0.6001618823297727,0.7533681228809327,2.0031101162712432,-0.5818968708460552,0.0
1449758577,1449747475,2021-01-26,728,0.6011560693641619,1,-1.212338237386802,1.9216382871580613,-0.6001618823297727,0.8162592829132166,2.0696537879242447,-0.6103622249558969,0.0
1449758577,1449710825,2021-01-26,726,0.5995045417010735,1,-1.212338237386802,1.9216382871580613,-0.6001618823297727,1.2049414701152297,1.9027531864570335,-0.6996077475628892,0.0
1449758577,1449879505,2021-01-26,725,0.5986787778695293,1,-1.212338237386802,1.9216382871580613,-0.6001618823297727,1.0864909654337327,2.3407308172658965,-0.7055582798836548,0.0
1449950362,1449710900,2021-01-26,748,0.6217788861180382,1,-1.2268911142903831,1.9841599195463275,-0.5684826663871512,0.8232242229314305,1.5834964413020474,-0.6686704341333911,0.0
1449950362,1449751546,2021-01-26,740,0.6151288445552785,1,-1.2268911142903831,1.9841599195463275,-0.5684826663871512,0.832833603753226,2.065713750199074,-0.6482472889204427,0.0
1449950362,1449879505,2021-01-26,736,0.6118038237738986,1,-1.2268911142903831,1.9841599195463275,-0.5684826663871512,1.0864909654337327,2.3407308172658965,-0.7055582798836548,0.0
1449950362,1449740560,2021-01-26,735,0.6109725685785536,1,-1.2268911142903831,1.9841599195463275,-0.5684826663871512,0.7075525388842143,1.9816597373578049,-0.6438675349118705,0.0
1449950362,1449746136,2021-01-26,735,0.6109725685785536,1,-1.2268911142903831,1.9841599195463275,-0.5684826663871512,0.755989717074152,1.9616543135444635,-0.5601015785692169,0.0
1449950362,1449747475,2021-01-26,735,0.6109725685785536,1,-1.2268911142903831,1.9841599195463275,-0.5684826663871512,0.8162592829132166,2.0696537879242447,-0.6103622249558969,0.0
1449950362,1449709350,2021-01-26,732,0.6084788029925187,1,-1.2268911142903831,1.9841599195463275,-0.5684826663871512,1.1907966046430811,1.8609133918414984,-0.5816954687585207,0.0
1449950362,1449814752,2021-01-26,730,0.6068162926018288,1,-1.2268911142903831,1.9841599195463275,-0.5684826663871512,0.8347113693059206,2.069320967894605,-0.6537131113145378,0.0
1449950362,1449739750,2021-01-26,730,0.6068162926018288,1,-1.2268911142903831,1.9841599195463275,-0.5684826663871512,0.8265702888182412,2.036465190710365,-0.6086157056452146,0.0
1449950362,1449727511,2021-01-26,729,0.6059850374064838,1,-1.2268911142903831,1.9841599195463275,-0.5684826663871512,0.9926386865022888,2.227380883302383,-0.692225096584977,0.0
1449950362,1449727577,2021-01-26,728,0.6051537822111388,1,-1.2268911142903831,1.9841599195463275,-0.5684826663871512,1.353219858755354,2.5631581513948287,-0.6250318870143534,0.0
1449950362,1449730189,2021-01-26,727,0.6043225270157938,1,-1.2268911142903831,1.9841599195463275,-0.5684826663871512,0.8932985667444425,2.140069231261883,-0.6137086702996326,0.0
1449880779,1449887314,2021-01-26,741,0.6108821104699094,1,-1.2554339136506114,2.075245365779306,-0.6224242048352107,0.6823181327043105,1.917856868749234,-0.5170320052085273,0.0
1449880779,1449727642,2021-01-26,732,0.6034624896949712,1,-1.2554339136506114,2.075245365779306,-0.6224242048352107,1.1942586927730474,2.423878419221057,-0.6224866718537685,0.0
1449880779,1449719953,2021-01-26,731,0.6026380873866447,1,-1.2554339136506114,2.075245365779306,-0.6224242048352107,0.9784681067468,1.6487739691799592,-0.6114320493008121,0.0
1449880779,1449710900,2021-01-26,730,0.6018136850783182,1,-1.2554339136506114,2.075245365779306,-0.6224242048352107,0.8232242229314305,1.5834964413020474,-0.6686704341333911,0.0
1449880779,1449891244,2021-01-26,730,0.6018136850783182,1,-1.2554339136506114,2.075245365779306,-0.6224242048352107,0.8087088679983463,2.029647799217748,-0.4901865422264144,0.0
1449880779,1449727577,2021-01-26,730,0.6018136850783182,1,-1.2554339136506114,2.075245365779306,-0.6224242048352107,1.353219858755354,2.5631581513948287,-0.6250318870143534,0.0
1449880779,1449733727,2021-01-26,729,0.6009892827699918,1,-1.2554339136506114,2.075245365779306,-0.6224242048352107,1.074827649759714,2.2911432390792417,-0.5399940070498133,0.0
1449880779,1449751719,2021-01-26,729,0.6009892827699918,1,-1.2554339136506114,2.075245365779306,-0.6224242048352107,0.7533681228809327,2.0031101162712432,-0.5818968708460552,0.0
1449880779,1449741142,2021-01-26,727,0.5993404781533388,1,-1.2554339136506114,2.075245365779306,-0.6224242048352107,0.985460052276,2.195145064357858,-0.614848346582157,0.0
1449880779,1449710918,2021-01-26,726,0.5985160758450123,1,-1.2554339136506114,2.075245365779306,-0.6224242048352107,0.5210423168475984,1.2457107168924688,-0.5383209619648497,0.0
1449880779,1449710825,2021-01-26,726,0.5985160758450123,1,-1.2554339136506114,2.075245365779306,-0.6224242048352107,1.2049414701152297,1.9027531864570335,-0.6996077475628892,0.0
1449880779,1449730189,2021-01-26,724,0.5968672712283595,1,-1.2554339136506114,2.075245365779306,-0.6224242048352107,0.8932985667444425,2.140069231261883,-0.6137086702996326,0.0
1449783045,1449710900,2021-01-27,750,0.6198347107438017,1,-1.249226547716254,1.995304909577552,-1.116674188473123,1.032503445507233,1.8672749382187352,-1.214503891946725,0.0
1449783045,1449747475,2021-01-27,740,0.6115702479338843,1,-1.249226547716254,1.995304909577552,-1.116674188473123,1.0236144314095423,2.287856775131141,-1.121340539745666,0.0
1449783045,1449727642,2021-01-27,736,0.6082644628099173,1,-1.249226547716254,1.995304909577552,-1.116674188473123,1.4385698559745046,2.6813326736220566,-1.163553954338454,0.0
1449783045,1449879505,2021-01-27,736,0.6082644628099173,1,-1.249226547716254,1.995304909577552,-1.116674188473123,1.3168813750601367,2.5770544983244115,-1.2431672814335126,0.0
1449783045,1449887314,2021-01-27,735,0.6074380165289256,1,-1.249226547716254,1.995304909577552,-1.116674188473123,0.8841225645503797,2.146107378295215,-1.0728762802040883,0.0
1449783045,1449746136,2021-01-27,733,0.6057851239669422,1,-1.249226547716254,1.995304909577552,-1.116674188473123,0.9585748177768986,2.1851123294097423,-1.108091032622653,0.0
1449783045,1449891244,2021-01-27,733,0.6057851239669422,1,-1.249226547716254,1.995304909577552,-1.116674188473123,1.019340785675322,2.262317604508256,-1.0262821465733127,0.0
1449783045,1449709188,2021-01-27,733,0.6057851239669422,1,-1.249226547716254,1.995304909577552,-1.116674188473123,0.9540455894866232,1.7877773191983826,-1.08864211634826,0.0
1449783045,1449727577,2021-01-27,731,0.6041322314049586,1,-1.249226547716254,1.995304909577552,-1.116674188473123,1.6147929968081187,2.844076683659619,-1.1857688983934531,0.0
1449783045,1449710918,2021-01-27,730,0.6033057851239669,1,-1.249226547716254,1.995304909577552,-1.116674188473123,0.6960408671197612,1.4926598155072188,-1.0165768041487802,0.0
1449783045,1449727643,2021-01-27,728,0.6016528925619835,1,-1.249226547716254,1.995304909577552,-1.116674188473123,0.9708772932465154,2.246683812809553,-1.2130578765484072,0.0
1449783045,1450196593,2021-01-27,725,0.5991735537190083,1,-1.249226547716254,1.995304909577552,-1.116674188473123,1.2010994476502774,2.4250453336708824,-1.1451323043030015,0.0
1449878775,1449733727,2021-01-27,735,0.6104651162790697,1,-1.191799412056501,2.4072674471836333,-1.1874637998683246,1.3045856466210757,2.530987433630149,-1.048487901485541,0.0
1449878775,1449710825,2021-01-27,726,0.6029900332225914,1,-1.191799412056501,2.4072674471836333,-1.1874637998683246,1.4452265719924142,2.2139688870796164,-1.2154503092085296,0.0
1449878775,1449751546,2021-01-27,726,0.6029900332225914,1,-1.191799412056501,2.4072674471836333,-1.1874637998683246,1.0396071615332636,2.2851025879092743,-1.1912439132898929,0.0
1449878775,1449709188,2021-01-27,725,0.6021594684385382,1,-1.191799412056501,2.4072674471836333,-1.1874637998683246,0.9540455894866232,1.7877773191983826,-1.08864211634826,0.0
1449878775,1449747475,2021-01-27,725,0.6021594684385382,1,-1.191799412056501,2.4072674471836333,-1.1874637998683246,1.0236144314095423,2.287856775131141,-1.121340539745666,0.0
1449878775,1449730189,2021-01-27,721,0.5988372093023255,1,-1.191799412056501,2.4072674471836333,-1.1874637998683246,1.11279325617903,2.3811861854864724,-1.1980196354565047,0.0
1449878775,1449710918,2021-01-27,721,0.5988372093023255,1,-1.191799412056501,2.4072674471836333,-1.1874637998683246,0.6960408671197612,1.4926598155072188,-1.0165768041487802,0.0
1449878775,1449727511,2021-01-27,720,0.5980066445182725,1,-1.191799412056501,2.4072674471836333,-1.1874637998683246,1.2104948783101048,2.448618335811103,-1.1985275421827497,0.0
1449878775,1449887314,2021-01-27,720,0.5980066445182725,1,-1.191799412056501,2.4072674471836333,-1.1874637998683246,0.8841225645503797,2.146107378295215,-1.0728762802040883,0.0
1449878775,1449950362,2021-01-27,719,0.5971760797342193,1,-1.191799412056501,2.4072674471836333,-1.1874637998683246,0.9625127570992384,2.212562129144667,-1.1320764069770544,0.0
1449878775,1449711005,2021-01-27,717,0.595514950166113,1,-1.191799412056501,2.4072674471836333,-1.1874637998683246,0.8949846972931005,1.6885246503073668,-1.09224284038263,0.0
1449863490,1449747475,2021-01-27,746,0.6109746109746109,1,-1.233717691867294,2.366181298648553,-1.2017005317449616,1.0236144314095423,2.287856775131141,-1.121340539745666,0.0
1449863490,1449751546,2021-01-27,740,0.6060606060606061,1,-1.233717691867294,2.366181298648553,-1.2017005317449616,1.0396071615332636,2.2851025879092743,-1.1912439132898929,0.0
1449863490,1449710918,2021-01-27,734,0.6011466011466011,1,-1.233717691867294,2.366181298648553,-1.2017005317449616,0.6960408671197612,1.4926598155072188,-1.0165768041487802,0.0
1449863490,1449741142,2021-01-27,733,0.6003276003276004,1,-1.233717691867294,2.366181298648553,-1.2017005317449616,1.2049183201950169,2.4247683430170706,-1.1296680786054203,0.0
1449863490,1449733727,2021-01-27,733,0.6003276003276004,1,-1.233717691867294,2.366181298648553,-1.2017005317449616,1.3045856466210757,2.530987433630149,-1.048487901485541,0.0
1449863490,1449880254,2021-01-27,730,0.5978705978705978,1,-1.233717691867294,2.366181298648553,-1.2017005317449616,1.0199785823971612,2.2600812296105746,-1.0649147561709382,0.0
1449863490,1449746136,2021-01-27,727,0.5954135954135954,1,-1.233717691867294,2.366181298648553,-1.2017005317449616,0.9585748177768986,2.1851123294097423,-1.108091032622653,0.0
1449863490,1449814752,2021-01-27,726,0.5945945945945946,1,-1.233717691867294,2.366181298648553,-1.2017005317449616,1.0433470727569538,2.294049178025958,-1.2132016107635577,0.0
1449863490,1449727511,2021-01-27,726,0.5945945945945946,1,-1.233717691867294,2.366181298648553,-1.2017005317449616,1.2104948783101048,2.448618335811103,-1.1985275421827497,0.0
1449863490,1449881293,2021-01-27,724,0.592956592956593,1,-1.233717691867294,2.366181298648553,-1.2017005317449616,1.4343602951320928,2.671303889318735,-1.1391304395642114,0.0
1449863490,1449815476,2021-01-27,722,0.5913185913185913,1,-1.233717691867294,2.366181298648553,-1.2017005317449616,1.322183389772667,2.5567065215784,-1.2319738299121807,0.0
1449863490,1449887314,2021-01-27,722,0.5913185913185913,1,-1.233717691867294,2.366181298648553,-1.2017005317449616,0.8841225645503797,2.146107378295215,-1.0728762802040883,0.0
1449879505,1449747475,2021-01-27,744,0.6143682906688687,1,-1.2601731232642746,2.5770544983244115,-1.2431672814335126,1.0236144314095423,2.287856775131141,-1.121340539745666,0.0
1449879505,1449709188,2021-01-27,743,0.6135425268373246,1,-1.2601731232642746,2.5770544983244115,-1.2431672814335126,0.9540455894866232,1.7877773191983826,-1.08864211634826,0.0
1449879505,1449950362,2021-01-27,736,0.6077621800165153,1,-1.2601731232642746,2.5770544983244115,-1.2431672814335126,0.9625127570992384,2.212562129144667,-1.1320764069770544,0.0
1449879505,1449783045,2021-01-27,736,0.6077621800165153,1,-1.2601731232642746,2.5770544983244115,-1.2431672814335126,0.7460783618612978,1.995304909577552,-1.116674188473123,0.0
1449879505,1449746136,2021-01-27,734,0.6061106523534269,1,-1.2601731232642746,2.5770544983244115,-1.2431672814335126,0.9585748177768986,2.1851123294097423,-1.108091032622653,0.0
1449879505,1449758747,2021-01-27,733,0.6052848885218828,1,-1.2601731232642746,2.5770544983244115,-1.2431672814335126,0.795653213926028,2.073049510432961,-1.121340539745666,0.0
1449879505,1449727643,2021-01-27,733,0.6052848885218828,1,-1.2601731232642746,2.5770544983244115,-1.2431672814335126,0.9708772932465154,2.246683812809553,-1.2130578765484072,0.0
1449879505,1449881293,2021-01-27,731,0.6036333608587944,1,-1.2601731232642746,2.5770544983244115,-1.2431672814335126,1.4343602951320928,2.671303889318735,-1.1391304395642114,0.0
1449879505,1449710825,2021-01-27,730,0.6028075970272502,1,-1.2601731232642746,2.5770544983244115,-1.2431672814335126,1.4452265719924142,2.2139688870796164,-1.2154503092085296,0.0
1449879505,1449729914,2021-01-27,730,0.6028075970272502,1,-1.2601731232642746,2.5770544983244115,-1.2431672814335126,1.11166042867688,2.3524713006967435,-1.1742356422301743,0.0
1449879505,1449887314,2021-01-27,729,0.601981833195706,1,-1.2601731232642746,2.5770544983244115,-1.2431672814335126,0.8841225645503797,2.146107378295215,-1.0728762802040883,0.0
1449879505,1449815476,2021-01-27,726,0.5995045417010735,1,-1.2601731232642746,2.5770544983244115,-1.2431672814335126,1.322183389772667,2.5567065215784,-1.2319738299121807,0.0
1449880254,1449727643,2021-01-27,741,0.6226890756302521,1,-1.2401026472134131,2.2600812296105746,-1.0649147561709382,0.9708772932465154,2.246683812809553,-1.2130578765484072,0.0
1449880254,1449710900,2021-01-27,741,0.6226890756302521,1,-1.2401026472134131,2.2600812296105746,-1.0649147561709382,1.032503445507233,1.8672749382187352,-1.214503891946725,0.0
1449880254,1449751546,2021-01-27,735,0.6176470588235294,1,-1.2401026472134131,2.2600812296105746,-1.0649147561709382,1.0396071615332636,2.2851025879092743,-1.1912439132898929,0.0
1449880254,1449887314,2021-01-27,732,0.6151260504201681,1,-1.2401026472134131,2.2600812296105746,-1.0649147561709382,0.8841225645503797,2.146107378295215,-1.0728762802040883,0.0
1449880254,1449733727,2021-01-27,731,0.6142857142857143,1,-1.2401026472134131,2.2600812296105746,-1.0649147561709382,1.3045856466210757,2.530987433630149,-1.048487901485541,0.0
1449880254,1449863490,2021-01-27,730,0.6134453781512605,1,-1.2401026472134131,2.2600812296105746,-1.0649147561709382,1.132463606781259,2.366181298648553,-1.2017005317449616,0.0
1449880254,1449710828,2021-01-27,730,0.6134453781512605,1,-1.2401026472134131,2.2600812296105746,-1.0649147561709382,1.3129154143787765,2.0754386487802265,-1.1697124599837148,0.0
1449880254,1449751719,2021-01-27,730,0.6134453781512605,1,-1.2401026472134131,2.2600812296105746,-1.0649147561709382,0.9537761284458868,2.213740075734573,-1.094216677195072,0.0
1449880254,1449747475,2021-01-27,729,0.6126050420168068,1,-1.2401026472134131,2.2600812296105746,-1.0649147561709382,1.0236144314095423,2.287856775131141,-1.121340539745666,0.0
1449880254,1449710825,2021-01-27,727,0.6109243697478992,1,-1.2401026472134131,2.2600812296105746,-1.0649147561709382,1.4452265719924142,2.2139688870796164,-1.2154503092085296,0.0
1449880254,1449719953,2021-01-27,727,0.6109243697478992,1,-1.2401026472134131,2.2600812296105746,-1.0649147561709382,1.2001968742518774,1.9507928890644008,-1.139030161138007,0.0
1449880254,1449730189,2021-01-27,726,0.6100840336134454,1,-1.2401026472134131,2.2600812296105746,-1.0649147561709382,1.11279325617903,2.3811861854864724,-1.1980196354565047,0.0
1449800511,1449751546,2021-01-27,722,0.611864406779661,1,-1.2056390882921342,2.405708625268328,-1.1306555023063094,1.0396071615332636,2.2851025879092743,-1.1912439132898929,0.0
1449800511,1449730189,2021-01-27,720,0.6101694915254238,1,-1.2056390882921342,2.405708625268328,-1.1306555023063094,1.11279325617903,2.3811861854864724,-1.1980196354565047,0.0
1449800511,1449740560,2021-01-27,719,0.6093220338983051,1,-1.2056390882921342,2.405708625268328,-1.1306555023063094,0.9056873882145524,2.1933917190096395,-1.193236989181341,0.0
1449800511,1449710900,2021-01-27,718,0.6084745762711864,1,-1.2056390882921342,2.405708625268328,-1.1306555023063094,1.032503445507233,1.8672749382187352,-1.214503891946725,0.0
1449800511,1449950362,2021-01-27,716,0.6067796610169491,1,-1.2056390882921342,2.405708625268328,-1.1306555023063094,0.9625127570992384,2.212562129144667,-1.1320764069770544,0.0
1449800511,1449863490,2021-01-27,714,0.6050847457627119,1,-1.2056390882921342,2.405708625268328,-1.1306555023063094,1.132463606781259,2.366181298648553,-1.2017005317449616,0.0
1449800511,1449880254,2021-01-27,712,0.6033898305084746,1,-1.2056390882921342,2.405708625268328,-1.1306555023063094,1.0199785823971612,2.2600812296105746,-1.0649147561709382,0.0
1449800511,1449887314,2021-01-27,712,0.6033898305084746,1,-1.2056390882921342,2.405708625268328,-1.1306555023063094,0.8841225645503797,2.146107378295215,-1.0728762802040883,0.0
1449800511,1449733727,2021-01-27,712,0.6033898305084746,1,-1.2056390882921342,2.405708625268328,-1.1306555023063094,1.3045856466210757,2.530987433630149,-1.048487901485541,0.0
1449800511,1449727511,2021-01-27,712,0.6033898305084746,1,-1.2056390882921342,2.405708625268328,-1.1306555023063094,1.2104948783101048,2.448618335811103,-1.1985275421827497,0.0
1449800511,1449710829,2021-01-27,709,0.6008474576271187,1,-1.2056390882921342,2.405708625268328,-1.1306555023063094,1.1031221893153789,1.8770953778652124,-1.1518936552810466,0.0
1449800511,1449746136,2021-01-27,709,0.6008474576271187,1,-1.2056390882921342,2.405708625268328,-1.1306555023063094,0.9585748177768986,2.1851123294097423,-1.108091032622653,0.0
1449848094,1449747475,2021-01-27,731,0.6215986394557823,1,-1.237598199551584,2.1963163968000727,-1.0838386120977077,1.0236144314095423,2.287856775131141,-1.121340539745666,0.0
1449848094,1449727642,2021-01-27,724,0.6156462585034014,1,-1.237598199551584,2.1963163968000727,-1.0838386120977077,1.4385698559745046,2.6813326736220566,-1.163553954338454,0.0
1449848094,1449887314,2021-01-27,723,0.6147959183673469,1,-1.237598199551584,2.1963163968000727,-1.0838386120977077,0.8841225645503797,2.146107378295215,-1.0728762802040883,0.0
1449848094,1449727511,2021-01-27,723,0.6147959183673469,1,-1.237598199551584,2.1963163968000727,-1.0838386120977077,1.2104948783101048,2.448618335811103,-1.1985275421827497,0.0
1449848094,1449710900,2021-01-27,722,0.6139455782312925,1,-1.237598199551584,2.1963163968000727,-1.0838386120977077,1.032503445507233,1.8672749382187352,-1.214503891946725,0.0
1449848094,1449710918,2021-01-27,720,0.6122448979591837,1,-1.237598199551584,2.1963163968000727,-1.0838386120977077,0.6960408671197612,1.4926598155072188,-1.0165768041487802,0.0
1449848094,1449751719,2021-01-27,720,0.6122448979591837,1,-1.237598199551584,2.1963163968000727,-1.0838386120977077,0.9537761284458868,2.213740075734573,-1.094216677195072,0.0
1449848094,1449815476,2021-01-27,720,0.6122448979591837,1,-1.237598199551584,2.1963163968000727,-1.0838386120977077,1.322183389772667,2.5567065215784,-1.2319738299121807,0.0
1449848094,1449783045,2021-01-27,719,0.6113945578231292,1,-1.237598199551584,2.1963163968000727,-1.0838386120977077,0.7460783618612978,1.995304909577552,-1.116674188473123,0.0
1449848094,1449733727,2021-01-27,717,0.6096938775510204,1,-1.237598199551584,2.1963163968000727,-1.0838386120977077,1.3045856466210757,2.530987433630149,-1.048487901485541,0.0
1449848094,1449814752,2021-01-27,717,0.6096938775510204,1,-1.237598199551584,2.1963163968000727,-1.0838386120977077,1.0433470727569538,2.294049178025958,-1.2132016107635577,0.0
1449848094,1449950362,2021-01-27,717,0.6096938775510204,1,-1.237598199551584,2.1963163968000727,-1.0838386120977077,0.9625127570992384,2.212562129144667,-1.1320764069770544,0.0
1449881750,1449887314,2021-01-27,715,0.6142611683848798,1,-1.1686363663032415,2.069053579564047,-1.0285773886047584,0.8841225645503797,2.146107378295215,-1.0728762802040883,0.0
1449881750,1449881293,2021-01-27,714,0.6134020618556701,1,-1.1686363663032415,2.069053579564047,-1.0285773886047584,1.4343602951320928,2.671303889318735,-1.1391304395642114,0.0
1449881750,1449727643,2021-01-27,712,0.6116838487972509,1,-1.1686363663032415,2.069053579564047,-1.0285773886047584,0.9708772932465154,2.246683812809553,-1.2130578765484072,0.0
1449881750,1449879505,2021-01-27,712,0.6116838487972509,1,-1.1686363663032415,2.069053579564047,-1.0285773886047584,1.3168813750601367,2.5770544983244115,-1.2431672814335126,0.0
1449881750,1449747475,2021-01-27,712,0.6116838487972509,1,-1.1686363663032415,2.069053579564047,-1.0285773886047584,1.0236144314095423,2.287856775131141,-1.121340539745666,0.0
1449881750,1449710900,2021-01-27,709,0.6091065292096219,1,-1.1686363663032415,2.069053579564047,-1.0285773886047584,1.032503445507233,1.8672749382187352,-1.214503891946725,0.0
1449881750,1449814274,2021-01-27,708,0.6082474226804123,1,-1.1686363663032415,2.069053579564047,-1.0285773886047584,1.1066899999696374,2.328982720102295,-1.1212303772558825,0.0
1449881750,1449733727,2021-01-27,708,0.6082474226804123,1,-1.1686363663032415,2.069053579564047,-1.0285773886047584,1.3045856466210757,2.530987433630149,-1.048487901485541,0.0
1449881750,1449710825,2021-01-27,706,0.6065292096219931,1,-1.1686363663032415,2.069053579564047,-1.0285773886047584,1.4452265719924142,2.2139688870796164,-1.2154503092085296,0.0
1449881750,1449878775,2021-01-27,704,0.6048109965635738,1,-1.1686363663032415,2.069053579564047,-1.0285773886047584,1.2154680351271323,2.4072674471836333,-1.1874637998683246,0.0
1449881750,1449729994,2021-01-27,700,0.6013745704467354,1,-1.1686363663032415,2.069053579564047,-1.0285773886047584,1.3279153504884502,2.5581657673967664,-1.257506712566924,0.0
1449881750,1449710918,2021-01-27,700,0.6013745704467354,1,-1.1686363663032415,2.069053579564047,-1.0285773886047584,0.6960408671197612,1.4926598155072188,-1.0165768041487802,0.0
1449736642,1449741142,2021-01-27,708,0.6156521739130435,1,-1.164373588916251,2.284505364174981,-1.1145231811912586,1.2049183201950169,2.4247683430170706,-1.1296680786054203,0.0
1449736642,1449879505,2021-01-27,708,0.6156521739130435,1,-1.164373588916251,2.284505364174981,-1.1145231811912586,1.3168813750601367,2.5770544983244115,-1.2431672814335126,0.0
1449736642,1449887314,2021-01-27,702,0.6104347826086957,1,-1.164373588916251,2.284505364174981,-1.1145231811912586,0.8841225645503797,2.146107378295215,-1.0728762802040883,0.0
1449736642,1449710900,2021-01-27,701,0.6095652173913043,1,-1.164373588916251,2.284505364174981,-1.1145231811912586,1.032503445507233,1.8672749382187352,-1.214503891946725,0.0
1449736642,1449751546,2021-01-27,699,0.6078260869565217,1,-1.164373588916251,2.284505364174981,-1.1145231811912586,1.0396071615332636,2.2851025879092743,-1.1912439132898929,0.0
1449736642,1449729914,2021-01-27,697,0.6060869565217392,1,-1.164373588916251,2.284505364174981,-1.1145231811912586,1.11166042867688,2.3524713006967435,-1.1742356422301743,0.0
1449736642,1449747475,2021-01-27,696,0.6052173913043478,1,-1.164373588916251,2.284505364174981,-1.1145231811912586,1.0236144314095423,2.287856775131141,-1.121340539745666,0.0
1449736642,1449815476,2021-01-27,696,0.6052173913043478,1,-1.164373588916251,2.284505364174981,-1.1145231811912586,1.322183389772667,2.5567065215784,-1.2319738299121807,0.0
1449736642,1449710825,2021-01-27,696,0.6052173913043478,1,-1.164373588916251,2.284505364174981,-1.1145231811912586,1.4452265719924142,2.2139688870796164,-1.2154503092085296,0.0
1449736642,1449758577,2021-01-27,695,0.6043478260869565,1,-1.164373588916251,2.284505364174981,-1.1145231811912586,0.9086717271751816,2.1459048903287616,-1.179451809132809,0.0
1449736642,1449814364,2021-01-27,693,0.6026086956521739,1,-1.164373588916251,2.284505364174981,-1.1145231811912586,1.0364561113299673,2.2773973507743097,-1.1716193432794446,0.0
1449736642,1441768662,2021-01-27,693,0.6026086956521739,1,-1.164373588916251,2.284505364174981,-1.1145231811912586,1.2224301229977843,1.9753558278089016,-1.270015151656951,0.0
1449751546,1449709188,2021-01-27,747,0.6063311688311688,1,-1.2454954263760107,2.2851025879092743,-1.1912439132898929,0.9540455894866232,1.7877773191983826,-1.08864211634826,0.0
1449751546,1449710900,2021-01-27,741,0.601461038961039,1,-1.2454954263760107,2.2851025879092743,-1.1912439132898929,1.032503445507233,1.8672749382187352,-1.214503891946725,0.0
1449751546,1449863490,2021-01-27,740,0.6006493506493507,1,-1.2454954263760107,2.2851025879092743,-1.1912439132898929,1.132463606781259,2.366181298648553,-1.2017005317449616,0.0
1449751546,1449950362,2021-01-27,740,0.6006493506493507,1,-1.2454954263760107,2.2851025879092743,-1.1912439132898929,0.9625127570992384,2.212562129144667,-1.1320764069770544,0.0
1449751546,1449727511,2021-01-27,738,0.599025974025974,1,-1.2454954263760107,2.2851025879092743,-1.1912439132898929,1.2104948783101048,2.448618335811103,-1.1985275421827497,0.0
1449751546,1449730189,2021-01-27,736,0.5974025974025974,1,-1.2454954263760107,2.2851025879092743,-1.1912439132898929,1.11279325617903,2.3811861854864724,-1.1980196354565047,0.0
1449751546,1449710828,2021-01-27,735,0.5965909090909091,1,-1.2454954263760107,2.2851025879092743,-1.1912439132898929,1.3129154143787765,2.0754386487802265,-1.1697124599837148,0.0
1449751546,1449880254,2021-01-27,735,0.5965909090909091,1,-1.2454954263760107,2.2851025879092743,-1.1912439132898929,1.0199785823971612,2.2600812296105746,-1.0649147561709382,0.0
1449751546,1449733727,2021-01-27,735,0.5965909090909091,1,-1.2454954263760107,2.2851025879092743,-1.1912439132898929,1.3045856466210757,2.530987433630149,-1.048487901485541,0.0
1449751546,1449887314,2021-01-27,734,0.5957792207792207,1,-1.2454954263760107,2.2851025879092743,-1.1912439132898929,0.8841225645503797,2.146107378295215,-1.0728762802040883,0.0
1449751546,1449727633,2021-01-27,734,0.5957792207792207,1,-1.2454954263760107,2.2851025879092743,-1.1912439132898929,1.626982840663583,2.8681499248107176,-1.243354431471036,0.0
1449719968,1449887314,2021-01-27,737,0.6219409282700422,1,-0.7376705631447846,1.636228734657112,-1.0904489780289488,0.8841225645503797,2.146107378295215,-1.0728762802040883,0.0
1449719968,1449746136,2021-01-27,735,0.620253164556962,1,-0.7376705631447846,1.636228734657112,-1.0904489780289488,0.9585748177768986,2.1851123294097423,-1.108091032622653,0.0
1449719968,1449730189,2021-01-27,731,0.6168776371308017,1,-0.7376705631447846,1.636228734657112,-1.0904489780289488,1.11279325617903,2.3811861854864724,-1.1980196354565047,0.0
1449719968,1449881293,2021-01-27,730,0.6160337552742616,1,-0.7376705631447846,1.636228734657112,-1.0904489780289488,1.4343602951320928,2.671303889318735,-1.1391304395642114,0.0
1449719968,1449710828,2021-01-27,727,0.6135021097046414,1,-0.7376705631447846,1.636228734657112,-1.0904489780289488,1.3129154143787765,2.0754386487802265,-1.1697124599837148,0.0
1449719968,1449747475,2021-01-27,727,0.6135021097046414,1,-0.7376705631447846,1.636228734657112,-1.0904489780289488,1.0236144314095423,2.287856775131141,-1.121340539745666,0.0
1449719968,1449710900,2021-01-27,723,0.610126582278481,1,-0.7376705631447846,1.636228734657112,-1.0904489780289488,1.032503445507233,1.8672749382187352,-1.214503891946725,0.0
1449719968,1449733727,2021-01-27,723,0.610126582278481,1,-0.7376705631447846,1.636228734657112,-1.0904489780289488,1.3045856466210757,2.530987433630149,-1.048487901485541,0.0
1449719968,1449710825,2021-01-27,721,0.6084388185654008,1,-0.7376705631447846,1.636228734657112,-1.0904489780289488,1.4452265719924142,2.2139688870796164,-1.2154503092085296,0.0
1449719968,1449727643,2021-01-27,721,0.6084388185654008,1,-0.7376705631447846,1.636228734657112,-1.0904489780289488,0.9708772932465154,2.246683812809553,-1.2130578765484072,0.0
1449719968,1449739750,2021-01-27,721,0.6084388185654008,1,-0.7376705631447846,1.636228734657112,-1.0904489780289488,1.0312213174746772,2.2527700474145784,-1.123551237015362,0.0
1449719968,1449815476,2021-01-27,719,0.6067510548523207,1,-0.7376705631447846,1.636228734657112,-1.0904489780289488,1.322183389772667,2.5567065215784,-1.2319738299121807,0.0
1449938569,1449710900,2021-01-27,737,0.608085808580858,1,-1.2236620416831845,2.1293264705444988,-1.1014782066993076,1.032503445507233,1.8672749382187352,-1.214503891946725,0.0
1449938569,1449727643,2021-01-27,736,0.6072607260726073,1,-1.2236620416831845,2.1293264705444988,-1.1014782066993076,0.9708772932465154,2.246683812809553,-1.2130578765484072,0.0
1449938569,1449730189,2021-01-27,734,0.6056105610561056,1,-1.2236620416831845,2.1293264705444988,-1.1014782066993076,1.11279325617903,2.3811861854864724,-1.1980196354565047,0.0
1449938569,1449815684,2021-01-27,732,0.6039603960396039,1,-1.2236620416831845,2.1293264705444988,-1.1014782066993076,1.1116627560794776,2.319407907258565,-1.0932079936607284,0.0
1449938569,1449710825,2021-01-27,730,0.6023102310231023,1,-1.2236620416831845,2.1293264705444988,-1.1014782066993076,1.4452265719924142,2.2139688870796164,-1.2154503092085296,0.0
1449938569,1449729868,2021-01-27,729,0.6014851485148515,1,-1.2236620416831845,2.1293264705444988,-1.1014782066993076,1.0363865126440952,2.2578714547359464,-1.1491645678309412,0.0
1449938569,1449887314,2021-01-27,729,0.6014851485148515,1,-1.2236620416831845,2.1293264705444988,-1.1014782066993076,0.8841225645503797,2.146107378295215,-1.0728762802040883,0.0
1449938569,1449739750,2021-01-27,728,0.6006600660066007,1,-1.2236620416831845,2.1293264705444988,-1.1014782066993076,1.0312213174746772,2.2527700474145784,-1.123551237015362,0.0
1449938569,1449727642,2021-01-27,728,0.6006600660066007,1,-1.2236620416831845,2.1293264705444988,-1.1014782066993076,1.4385698559745046,2.6813326736220566,-1.163553954338454,0.0
1449938569,1449747475,2021-01-27,728,0.6006600660066007,1,-1.2236620416831845,2.1293264705444988,-1.1014782066993076,1.0236144314095423,2.287856775131141,-1.121340539745666,0.0
1449938569,1449751546,2021-01-27,728,0.6006600660066007,1,-1.2236620416831845,2.1293264705444988,-1.1014782066993076,1.0396071615332636,2.2851025879092743,-1.1912439132898929,0.0
1449938569,1449740560,2021-01-27,725,0.5981848184818482,1,-1.2236620416831845,2.1293264705444988,-1.1014782066993076,0.9056873882145524,2.1933917190096395,-1.193236989181341,0.0
1449747357,1449727643,2021-01-27,723,0.6195372750642674,1,-1.197336721594347,2.5033669224382304,-1.1254933696342286,0.9708772932465154,2.246683812809553,-1.2130578765484072,0.0
1449747357,1449710825,2021-01-27,717,0.6143958868894601,1,-1.197336721594347,2.5033669224382304,-1.1254933696342286,1.4452265719924142,2.2139688870796164,-1.2154503092085296,0.0
1449747357,1449710900,2021-01-27,712,0.6101113967437874,1,-1.197336721594347,2.5033669224382304,-1.1254933696342286,1.032503445507233,1.8672749382187352,-1.214503891946725,0.0
1449747357,1449751546,2021-01-27,712,0.6101113967437874,1,-1.197336721594347,2.5033669224382304,-1.1254933696342286,1.0396071615332636,2.2851025879092743,-1.1912439132898929,0.0
1449747357,1449709188,2021-01-27,711,0.609254498714653,1,-1.197336721594347,2.5033669224382304,-1.1254933696342286,0.9540455894866232,1.7877773191983826,-1.08864211634826,0.0
1449747357,1449710885,2021-01-27,711,0.609254498714653,1,-1.197336721594347,2.5033669224382304,-1.1254933696342286,1.2060352341742655,1.9919209028412608,-1.2300721859965558,0.0
1449747357,1449733727,2021-01-27,711,0.609254498714653,1,-1.197336721594347,2.5033669224382304,-1.1254933696342286,1.3045856466210757,2.530987433630149,-1.048487901485541,0.0
1449747357,1449783150,2021-01-27,710,0.6083976006855184,1,-1.197336721594347,2.5033669224382304,-1.1254933696342286,1.4515484724370016,2.687641835256032,-1.259235483000985,0.0
1449747357,1450196593,2021-01-27,709,0.6075407026563839,1,-1.197336721594347,2.5033669224382304,-1.1254933696342286,1.2010994476502774,2.4250453336708824,-1.1451323043030015,0.0
1449747357,1449815476,2021-01-27,708,0.6066838046272494,1,-1.197336721594347,2.5033669224382304,-1.1254933696342286,1.322183389772667,2.5567065215784,-1.2319738299121807,0.0
1449747357,1449729868,2021-01-27,707,0.6058269065981148,1,-1.197336721594347,2.5033669224382304,-1.1254933696342286,1.0363865126440952,2.2578714547359464,-1.1491645678309412,0.0
1449735396,1449747475,2021-01-27,721,0.6162393162393163,1,-1.2257355058726715,2.3489895638360805,-1.1808385168348705,1.0236144314095423,2.287856775131141,-1.121340539745666,0.0
1449735396,1449727643,2021-01-27,720,0.6153846153846154,1,-1.2257355058726715,2.3489895638360805,-1.1808385168348705,0.9708772932465154,2.246683812809553,-1.2130578765484072,0.0
1449735396,1449710829,2021-01-27,716,0.611965811965812,1,-1.2257355058726715,2.3489895638360805,-1.1808385168348705,1.1031221893153789,1.8770953778652124,-1.1518936552810466,0.0
1449735396,1449739750,2021-01-27,715,0.6111111111111112,1,-1.2257355058726715,2.3489895638360805,-1.1808385168348705,1.0312213174746772,2.2527700474145784,-1.123551237015362,0.0
1449735396,1449815476,2021-01-27,715,0.6111111111111112,1,-1.2257355058726715,2.3489895638360805,-1.1808385168348705,1.322183389772667,2.5567065215784,-1.2319738299121807,0.0
1449735396,1449751546,2021-01-27,713,0.6094017094017095,1,-1.2257355058726715,2.3489895638360805,-1.1808385168348705,1.0396071615332636,2.2851025879092743,-1.1912439132898929,0.0
1449735396,1449709188,2021-01-27,711,0.6076923076923076,1,-1.2257355058726715,2.3489895638360805,-1.1808385168348705,0.9540455894866232,1.7877773191983826,-1.08864211634826,0.0
1449735396,1449730189,2021-01-27,710,0.6068376068376068,1,-1.2257355058726715,2.3489895638360805,-1.1808385168348705,1.11279325617903,2.3811861854864724,-1.1980196354565047,0.0
1449735396,1449710900,2021-01-27,709,0.6059829059829059,1,-1.2257355058726715,2.3489895638360805,-1.1808385168348705,1.032503445507233,1.8672749382187352,-1.214503891946725,0.0
1449735396,1449814752,2021-01-27,708,0.6051282051282051,1,-1.2257355058726715,2.3489895638360805,-1.1808385168348705,1.0433470727569538,2.294049178025958,-1.2132016107635577,0.0
1449735396,1449733727,2021-01-27,707,0.6042735042735042,1,-1.2257355058726715,2.3489895638360805,-1.1808385168348705,1.3045856466210757,2.530987433630149,-1.048487901485541,0.0
1449730189,1449815476,2021-01-27,747,0.6143092105263158,1,-1.2683929293074423,2.3811861854864724,-1.1980196354565047,1.322183389772667,2.5567065215784,-1.2319738299121807,0.0
1449730189,1449887314,2021-01-27,739,0.6077302631578947,1,-1.2683929293074423,2.3811861854864724,-1.1980196354565047,0.8841225645503797,2.146107378295215,-1.0728762802040883,0.0
1449730189,1449710934,2021-01-27,737,0.6060855263157895,1,-1.2683929293074423,2.3811861854864724,-1.1980196354565047,0.8951192869214113,1.6685852157892338,-1.0839788458144817,0.0
1449730189,1449710900,2021-01-27,737,0.6060855263157895,1,-1.2683929293074423,2.3811861854864724,-1.1980196354565047,1.032503445507233,1.8672749382187352,-1.214503891946725,0.0
1449730189,1449751546,2021-01-27,736,0.6052631578947368,1,-1.2683929293074423,2.3811861854864724,-1.1980196354565047,1.0396071615332636,2.2851025879092743,-1.1912439132898929,0.0
1449730189,1449938569,2021-01-27,734,0.6036184210526315,1,-1.2683929293074423,2.3811861854864724,-1.1980196354565047,0.9056644288613144,2.1293264705444988,-1.1014782066993076,0.0
1449730189,1449710825,2021-01-27,734,0.6036184210526315,1,-1.2683929293074423,2.3811861854864724,-1.1980196354565047,1.4452265719924142,2.2139688870796164,-1.2154503092085296,0.0
1449730189,1449783150,2021-01-27,733,0.602796052631579,1,-1.2683929293074423,2.3811861854864724,-1.1980196354565047,1.4515484724370016,2.687641835256032,-1.259235483000985,0.0
1449730189,1449881293,2021-01-27,732,0.6019736842105263,1,-1.2683929293074423,2.3811861854864724,-1.1980196354565047,1.4343602951320928,2.671303889318735,-1.1391304395642114,0.0
1449730189,1449719968,2021-01-27,731,0.6011513157894737,1,-1.2683929293074423,2.3811861854864724,-1.1980196354565047,0.8985581715123274,1.636228734657112,-1.0904489780289488,0.0
1449730189,1449727642,2021-01-27,731,0.6011513157894737,1,-1.2683929293074423,2.3811861854864724,-1.1980196354565047,1.4385698559745046,2.6813326736220566,-1.163553954338454,0.0
1449747475,1449710825,2021-01-27,749,0.5987210231814548,1,-1.2642423437215986,2.287856775131141,-1.121340539745666,1.4452265719924142,2.2139688870796164,-1.2154503092085296,0.0
1449747475,1449727642,2021-01-27,747,0.5971223021582733,1,-1.2642423437215986,2.287856775131141,-1.121340539745666,1.4385698559745046,2.6813326736220566,-1.163553954338454,0.0
1449747475,1449710918,2021-01-27,747,0.5971223021582733,1,-1.2642423437215986,2.287856775131141,-1.121340539745666,0.6960408671197612,1.4926598155072188,-1.0165768041487802,0.0
1449747475,1449863490,2021-01-27,746,0.5963229416466826,1,-1.2642423437215986,2.287856775131141,-1.121340539745666,1.132463606781259,2.366181298648553,-1.2017005317449616,0.0
1449747475,1449815476,2021-01-27,746,0.5963229416466826,1,-1.2642423437215986,2.287856775131141,-1.121340539745666,1.322183389772667,2.5567065215784,-1.2319738299121807,0.0
1449747475,1449879505,2021-01-27,744,0.5947242206235012,1,-1.2642423437215986,2.287856775131141,-1.121340539745666,1.3168813750601367,2.5770544983244115,-1.2431672814335126,0.0
1449747475,1449746136,2021-01-27,744,0.5947242206235012,1,-1.2642423437215986,2.287856775131141,-1.121340539745666,0.9585748177768986,2.1851123294097423,-1.108091032622653,0.0
1449747475,1449879875,2021-01-27,741,0.592326139088729,1,-1.2642423437215986,2.287856775131141,-1.121340539745666,1.1133366258342416,2.3480034870098048,-1.1828638411157009,0.0
1449747475,1449881293,2021-01-27,741,0.592326139088729,1,-1.2642423437215986,2.287856775131141,-1.121340539745666,1.4343602951320928,2.671303889318735,-1.1391304395642114,0.0
1449747475,1449710828,2021-01-27,740,0.5915267785771383,1,-1.2642423437215986,2.287856775131141,-1.121340539745666,1.3129154143787765,2.0754386487802265,-1.1697124599837148,0.0
1449747475,1449783045,2021-01-27,740,0.5915267785771383,1,-1.2642423437215986,2.287856775131141,-1.121340539745666,0.7460783618612978,1.995304909577552,-1.116674188473123,0.0
1449747475,1449887314,2021-01-27,739,0.5907274180655475,1,-1.2642423437215986,2.287856775131141,-1.121340539745666,0.8841225645503797,2.146107378295215,-1.0728762802040883,0.0
1443536413,1449879505,2021-01-27,724,0.6177474402730375,1,-0.7159585888564886,1.755273152399247,-1.0964510602496045,1.3168813750601367,2.5770544983244115,-1.2431672814335126,0.0
1443536413,1449729994,2021-01-27,723,0.6168941979522184,1,-0.7159585888564886,1.755273152399247,-1.0964510602496045,1.3279153504884502,2.5581657673967664,-1.257506712566924,0.0
1443536413,1449881293,2021-01-27,716,0.6109215017064846,1,-0.7159585888564886,1.755273152399247,-1.0964510602496045,1.4343602951320928,2.671303889318735,-1.1391304395642114,0.0
1443536413,1449887314,2021-01-27,715,0.6100682593856656,1,-0.7159585888564886,1.755273152399247,-1.0964510602496045,0.8841225645503797,2.146107378295215,-1.0728762802040883,0.0
1443536413,1449710825,2021-01-27,714,0.6092150170648464,1,-0.7159585888564886,1.755273152399247,-1.0964510602496045,1.4452265719924142,2.2139688870796164,-1.2154503092085296,0.0
1443536413,1449751546,2021-01-27,711,0.606655290102389,1,-0.7159585888564886,1.755273152399247,-1.0964510602496045,1.0396071615332636,2.2851025879092743,-1.1912439132898929,0.0
1443536413,1449751719,2021-01-27,711,0.606655290102389,1,-0.7159585888564886,1.755273152399247,-1.0964510602496045,0.9537761284458868,2.213740075734573,-1.094216677195072,0.0
1443536413,1449938569,2021-01-27,711,0.606655290102389,1,-0.7159585888564886,1.755273152399247,-1.0964510602496045,0.9056644288613144,2.1293264705444988,-1.1014782066993076,0.0
1443536413,1449815476,2021-01-27,710,0.60580204778157,1,-0.7159585888564886,1.755273152399247,-1.0964510602496045,1.322183389772667,2.5567065215784,-1.2319738299121807,0.0
1443536413,1449747475,2021-01-27,709,0.6049488054607508,1,-0.7159585888564886,1.755273152399247,-1.0964510602496045,1.0236144314095423,2.287856775131141,-1.121340539745666,0.0
1443536413,1449740560,2021-01-27,709,0.6049488054607508,1,-0.7159585888564886,1.755273152399247,-1.0964510602496045,0.9056873882145524,2.1933917190096395,-1.193236989181341,0.0
1443536413,1449783045,2021-01-27,709,0.6049488054607508,1,-0.7159585888564886,1.755273152399247,-1.0964510602496045,0.7460783618612978,1.995304909577552,-1.116674188473123,0.0
1449879875,1449747475,2021-01-27,741,0.6216442953020134,1,-1.2346668611755631,2.3480034870098048,-1.1828638411157009,1.0236144314095423,2.287856775131141,-1.121340539745666,0.0
1449879875,1449727643,2021-01-27,732,0.6140939597315436,1,-1.2346668611755631,2.3480034870098048,-1.1828638411157009,0.9708772932465154,2.246683812809553,-1.2130578765484072,0.0
1449879875,1449727652,2021-01-27,731,0.613255033557047,1,-1.2346668611755631,2.3480034870098048,-1.1828638411157009,0.7944148336969471,2.0295797973741805,-1.063478450946163,0.0
1449879875,1449815684,2021-01-27,728,0.610738255033557,1,-1.2346668611755631,2.3480034870098048,-1.1828638411157009,1.1116627560794776,2.319407907258565,-1.0932079936607284,0.0
1449879875,1449814364,2021-01-27,727,0.6098993288590604,1,-1.2346668611755631,2.3480034870098048,-1.1828638411157009,1.0364561113299673,2.2773973507743097,-1.1716193432794446,0.0
1449879875,1449881293,2021-01-27,724,0.6073825503355704,1,-1.2346668611755631,2.3480034870098048,-1.1828638411157009,1.4343602951320928,2.671303889318735,-1.1391304395642114,0.0
1449879875,1449710900,2021-01-27,724,0.6073825503355704,1,-1.2346668611755631,2.3480034870098048,-1.1828638411157009,1.032503445507233,1.8672749382187352,-1.214503891946725,0.0
1449879875,1449709350,2021-01-27,724,0.6073825503355704,1,-1.2346668611755631,2.3480034870098048,-1.1828638411157009,1.442543319322388,2.207110393812841,-1.201191161364059,0.0
1449879875,1449741142,2021-01-27,724,0.6073825503355704,1,-1.2346668611755631,2.3480034870098048,-1.1828638411157009,1.2049183201950169,2.4247683430170706,-1.1296680786054203,0.0
1449879875,1449891244,2021-01-27,723,0.6065436241610739,1,-1.2346668611755631,2.3480034870098048,-1.1828638411157009,1.019340785675322,2.262317604508256,-1.0262821465733127,0.0
1449879875,1449887314,2021-01-27,722,0.6057046979865772,1,-1.2346668611755631,2.3480034870098048,-1.1828638411157009,0.8841225645503797,2.146107378295215,-1.0728762802040883,0.0
1449879875,1449733727,2021-01-27,721,0.6048657718120806,1,-1.2346668611755631,2.3480034870098048,-1.1828638411157009,1.3045856466210757,2.530987433630149,-1.048487901485541,0.0
1449727652,1449879875,2021-01-27,731,0.6137699412258606,1,-1.2351649636772335,2.0295797973741805,-1.063478450946163,1.1133366258342416,2.3480034870098048,-1.1828638411157009,0.0
1449727652,1449751546,2021-01-27,724,0.6078925272879933,1,-1.2351649636772335,2.0295797973741805,-1.063478450946163,1.0396071615332636,2.2851025879092743,-1.1912439132898929,0.0
1449727652,1449783045,2021-01-27,723,0.6070528967254408,1,-1.2351649636772335,2.0295797973741805,-1.063478450946163,0.7460783618612978,1.995304909577552,-1.116674188473123,0.0
1449727652,1449747475,2021-01-27,723,0.6070528967254408,1,-1.2351649636772335,2.0295797973741805,-1.063478450946163,1.0236144314095423,2.287856775131141,-1.121340539745666,0.0
1449727652,1449727643,2021-01-27,722,0.6062132661628883,1,-1.2351649636772335,2.0295797973741805,-1.063478450946163,0.9708772932465154,2.246683812809553,-1.2130578765484072,0.0
1449727652,1449710900,2021-01-27,722,0.6062132661628883,1,-1.2351649636772335,2.0295797973741805,-1.063478450946163,1.032503445507233,1.8672749382187352,-1.214503891946725,0.0
1449727652,1449891244,2021-01-27,721,0.6053736356003359,1,-1.2351649636772335,2.0295797973741805,-1.063478450946163,1.019340785675322,2.262317604508256,-1.0262821465733127,0.0
1449727652,1449710825,2021-01-27,721,0.6053736356003359,1,-1.2351649636772335,2.0295797973741805,-1.063478450946163,1.4452265719924142,2.2139688870796164,-1.2154503092085296,0.0
1449727652,1449880779,2021-01-27,721,0.6053736356003359,1,-1.2351649636772335,2.0295797973741805,-1.063478450946163,1.0258314308203702,2.2891514994808824,-1.139185805115276,0.0
1449727652,1449758747,2021-01-27,719,0.6036943744752309,1,-1.2351649636772335,2.0295797973741805,-1.063478450946163,0.795653213926028,2.073049510432961,-1.121340539745666,0.0
1449727652,1449710918,2021-01-27,718,0.6028547439126785,1,-1.2351649636772335,2.0295797973741805,-1.063478450946163,0.6960408671197612,1.4926598155072188,-1.0165768041487802,0.0
1449727652,1449719968,2021-01-27,717,0.6020151133501259,1,-1.2351649636772335,2.0295797973741805,-1.063478450946163,0.8985581715123274,1.636228734657112,-1.0904489780289488,0.0
1449727511,1449710825,2021-01-27,739,0.6117549668874173,1,-1.238123457500998,2.448618335811103,-1.1985275421827497,1.4452265719924142,2.2139688870796164,-1.2154503092085296,0.0
1449727511,1449751546,2021-01-27,738,0.6109271523178808,1,-1.238123457500998,2.448618335811103,-1.1985275421827497,1.0396071615332636,2.2851025879092743,-1.1912439132898929,0.0
1449727511,1449710900,2021-01-27,735,0.6084437086092715,1,-1.238123457500998,2.448618335811103,-1.1985275421827497,1.032503445507233,1.8672749382187352,-1.214503891946725,0.0
1449727511,1449747475,2021-01-27,734,0.6076158940397351,1,-1.238123457500998,2.448618335811103,-1.1985275421827497,1.0236144314095423,2.287856775131141,-1.121340539745666,0.0
1449727511,1449741142,2021-01-27,733,0.6067880794701986,1,-1.238123457500998,2.448618335811103,-1.1985275421827497,1.2049183201950169,2.4247683430170706,-1.1296680786054203,0.0
1449727511,1449746136,2021-01-27,733,0.6067880794701986,1,-1.238123457500998,2.448618335811103,-1.1985275421827497,0.9585748177768986,2.1851123294097423,-1.108091032622653,0.0
1449727511,1449727642,2021-01-27,732,0.6059602649006622,1,-1.238123457500998,2.448618335811103,-1.1985275421827497,1.4385698559745046,2.6813326736220566,-1.163553954338454,0.0
1449727511,1449783150,2021-01-27,731,0.6051324503311258,1,-1.238123457500998,2.448618335811103,-1.1985275421827497,1.4515484724370016,2.687641835256032,-1.259235483000985,0.0
1449727511,1449740560,2021-01-27,729,0.6034768211920529,1,-1.238123457500998,2.448618335811103,-1.1985275421827497,0.9056873882145524,2.1933917190096395,-1.193236989181341,0.0
1449727511,1449950362,2021-01-27,729,0.6034768211920529,1,-1.238123457500998,2.448618335811103,-1.1985275421827497,0.9625127570992384,2.212562129144667,-1.1320764069770544,0.0
1449727511,1449733727,2021-01-27,728,0.6026490066225165,1,-1.238123457500998,2.448618335811103,-1.1985275421827497,1.3045856466210757,2.530987433630149,-1.048487901485541,0.0
1449727511,1449887314,2021-01-27,727,0.6018211920529801,1,-1.238123457500998,2.448618335811103,-1.1985275421827497,0.8841225645503797,2.146107378295215,-1.0728762802040883,0.0
1449751589,1449887314,2021-01-28,720,0.6196213425129088,1,-1.2459328963297338,2.4844815915591703,-1.8507930008122484,1.0777668870015564,2.345306067580263,-1.7069712654499467,0.0
1449751589,1449783045,2021-01-28,717,0.617039586919105,1,-1.2459328963297338,2.4844815915591703,-1.8507930008122484,0.9214492810775032,2.170690711647393,-1.7307420784890626,0.0
1449751589,1449814274,2021-01-28,715,0.6153184165232358,1,-1.2459328963297338,2.4844815915591703,-1.8507930008122484,1.3249739104498388,2.56712699215167,-1.912652927298831,0.0
1449751589,1449710900,2021-01-28,714,0.6144578313253012,1,-1.2459328963297338,2.4844815915591703,-1.8507930008122484,1.2336374729880286,2.1136825422613192,-1.858253420677526,0.0
1449751589,1449880779,2021-01-28,712,0.612736660929432,1,-1.2459328963297338,2.4844815915591703,-1.8507930008122484,1.2282732605358784,2.491246184745524,-1.7900072346812514,0.0
1449751589,1449758577,2021-01-28,711,0.6118760757314974,1,-1.2459328963297338,2.4844815915591703,-1.8507930008122484,1.0995267269700408,2.340526898632844,-1.863764391184998,0.0
1449751589,1449727643,2021-01-28,711,0.6118760757314974,1,-1.2459328963297338,2.4844815915591703,-1.8507930008122484,1.1654906366856148,2.436842641417895,-1.8700836681438904,0.0
1449751589,1449710885,2021-01-28,711,0.6118760757314974,1,-1.2459328963297338,2.4844815915591703,-1.8507930008122484,1.4217579868385335,2.256827789397723,-1.903292484539268,0.0
1449751589,1449729914,2021-01-28,708,0.6092943201376936,1,-1.2459328963297338,2.4844815915591703,-1.8507930008122484,1.3252132502967051,2.575290309394184,-1.9090255754337964,0.0
1449751589,1449751546,2021-01-28,707,0.608433734939759,1,-1.2459328963297338,2.4844815915591703,-1.8507930008122484,1.2405938118104431,2.4854236100040747,-1.8617642305053692,0.0
1449751589,1449863490,2021-01-28,706,0.6075731497418244,1,-1.2459328963297338,2.4844815915591703,-1.8507930008122484,1.3497737402338787,2.6002195624052487,-2.056767949278382,0.0
1449751589,1449880254,2021-01-28,706,0.6075731497418244,1,-1.2459328963297338,2.4844815915591703,-1.8507930008122484,1.2282209801873574,2.481029654761495,-1.7766529110890843,0.0
1449747111,1449710900,2021-01-28,734,0.6142259414225941,1,-1.26005701164962,2.603096127550661,-2.0285658710193823,1.2336374729880286,2.1136825422613192,-1.858253420677526,0.0
1449747111,1449727642,2021-01-28,729,0.6100418410041841,1,-1.26005701164962,2.603096127550661,-2.0285658710193823,1.683739132101988,2.9378609657697425,-1.9441579145085104,0.0
1449747111,1449710825,2021-01-28,726,0.6075313807531381,1,-1.26005701164962,2.603096127550661,-2.0285658710193823,1.688895286381248,2.518069242177436,-2.001758590544841,0.0
1449747111,1449881293,2021-01-28,723,0.605020920502092,1,-1.26005701164962,2.603096127550661,-2.0285658710193823,1.679514313514869,2.9285176256010903,-1.9034826786737105,0.0
1449747111,1449733727,2021-01-28,723,0.605020920502092,1,-1.26005701164962,2.603096127550661,-2.0285658710193823,1.543992476459825,2.7948443694464853,-1.9031550062203515,0.0
1449747111,1449880254,2021-01-28,723,0.605020920502092,1,-1.26005701164962,2.603096127550661,-2.0285658710193823,1.2282209801873574,2.481029654761495,-1.7766529110890843,0.0
1449747111,1449751546,2021-01-28,721,0.6033472803347281,1,-1.26005701164962,2.603096127550661,-2.0285658710193823,1.2405938118104431,2.4854236100040747,-1.8617642305053692,0.0
1449747111,1449730189,2021-01-28,719,0.601673640167364,1,-1.26005701164962,2.603096127550661,-2.0285658710193823,1.3252744723401952,2.597610522011649,-1.9232395790820205,0.0
1449747111,1449890798,2021-01-28,714,0.597489539748954,1,-1.26005701164962,2.603096127550661,-2.0285658710193823,1.6951313139925686,2.905522342417608,-1.9699353286423031,0.0
1449747111,1449747475,2021-01-28,712,0.59581589958159,1,-1.26005701164962,2.603096127550661,-2.0285658710193823,1.2331389024428003,2.5093134396369585,-1.8522575808286212,0.0
1449747111,1449727577,2021-01-28,712,0.59581589958159,1,-1.26005701164962,2.603096127550661,-2.0285658710193823,1.8806403439881076,3.1319129424712675,-2.090147912295468,0.0
1449747111,1449815684,2021-01-28,711,0.594979079497908,1,-1.26005701164962,2.603096127550661,-2.0285658710193823,1.3285532818997865,2.5555388176124314,-1.87684541525652,0.0
1449784607,1449710825,2021-01-28,715,0.6277436347673397,1,-1.2183613732566507,2.6330942710735057,-1.8136421804775624,1.688895286381248,2.518069242177436,-2.001758590544841,0.0
1449784607,1449881293,2021-01-28,712,0.6251097453906936,1,-1.2183613732566507,2.6330942710735057,-1.8136421804775624,1.679514313514869,2.9285176256010903,-1.9034826786737105,0.0
1449784607,1449730189,2021-01-28,708,0.6215978928884986,1,-1.2183613732566507,2.6330942710735057,-1.8136421804775624,1.3252744723401952,2.597610522011649,-1.9232395790820205,0.0
1449784607,1449889807,2021-01-28,703,0.617208077260755,1,-1.2183613732566507,2.6330942710735057,-1.8136421804775624,1.3235336152347004,2.549733146797485,-1.851577964438965,0.0
1449784607,1449891244,2021-01-28,703,0.617208077260755,1,-1.2183613732566507,2.6330942710735057,-1.8136421804775624,1.2361405160749612,2.506439422882704,-1.8645645096013608,0.0
1449784607,1449759604,2021-01-28,703,0.617208077260755,1,-1.2183613732566507,2.6330942710735057,-1.8136421804775624,1.1138182241047954,2.3838632412675564,-1.9629214948818496,0.0
1449784607,1449950362,2021-01-28,703,0.617208077260755,1,-1.2183613732566507,2.6330942710735057,-1.8136421804775624,1.1645258099622513,2.426289802108472,-1.8711120457492865,0.0
1449784607,1449710900,2021-01-28,700,0.6145741878841089,1,-1.2183613732566507,2.6330942710735057,-1.8136421804775624,1.2336374729880286,2.1136825422613192,-1.858253420677526,0.0
1449784607,1449727643,2021-01-28,700,0.6145741878841089,1,-1.2183613732566507,2.6330942710735057,-1.8136421804775624,1.1654906366856148,2.436842641417895,-1.8700836681438904,0.0
1449784607,1449815684,2021-01-28,699,0.6136962247585601,1,-1.2183613732566507,2.6330942710735057,-1.8136421804775624,1.3285532818997865,2.5555388176124314,-1.87684541525652,0.0
1449784607,1449710888,2021-01-28,698,0.6128182616330115,1,-1.2183613732566507,2.6330942710735057,-1.8136421804775624,1.3265138654879098,2.1486803445819214,-1.9037331407775984,0.0
1449747344,1449815476,2021-01-28,725,0.6133671742808798,1,-1.2483218909732685,2.345500304173224,-1.8562290034386209,1.554381355783221,2.7997239137676164,-2.0383840362730403,0.0
1449747344,1449887314,2021-01-28,722,0.61082910321489,1,-1.2483218909732685,2.345500304173224,-1.8562290034386209,1.0777668870015564,2.345306067580263,-1.7069712654499467,0.0
1449747344,1449938569,2021-01-28,721,0.6099830795262268,1,-1.2483218909732685,2.345500304173224,-1.8562290034386209,1.1013905961062826,2.33904057952018,-1.8319604283736943,0.0
1449747344,1449747475,2021-01-28,718,0.6074450084602369,1,-1.2483218909732685,2.345500304173224,-1.8562290034386209,1.2331389024428003,2.5093134396369585,-1.8522575808286212,0.0
1449747344,1449729868,2021-01-28,716,0.6057529610829103,1,-1.2483218909732685,2.345500304173224,-1.8562290034386209,1.238988570369464,2.4656361578487878,-1.8443737298358904,0.0
1449747344,1449710888,2021-01-28,714,0.6040609137055838,1,-1.2483218909732685,2.345500304173224,-1.8562290034386209,1.3265138654879098,2.1486803445819214,-1.9037331407775984,0.0
1449747344,1449814752,2021-01-28,713,0.6032148900169205,1,-1.2483218909732685,2.345500304173224,-1.8562290034386209,1.2484742694962978,2.505105868030087,-1.9563341489333328,0.0
1449747344,1449815684,2021-01-28,710,0.6006768189509306,1,-1.2483218909732685,2.345500304173224,-1.8562290034386209,1.3285532818997865,2.5555388176124314,-1.87684541525652,0.0
1449747344,1449950362,2021-01-28,709,0.5998307952622673,1,-1.2483218909732685,2.345500304173224,-1.8562290034386209,1.1645258099622513,2.426289802108472,-1.8711120457492865,0.0
1449747344,1449746136,2021-01-28,709,0.5998307952622673,1,-1.2483218909732685,2.345500304173224,-1.8562290034386209,1.155481166217992,2.3877355477648416,-1.7728674441569483,0.0
1449747344,1449863490,2021-01-28,708,0.5989847715736041,1,-1.2483218909732685,2.345500304173224,-1.8562290034386209,1.3497737402338787,2.6002195624052487,-2.056767949278382,0.0
1449814248,1449730189,2021-01-28,717,0.6138698630136986,1,-1.2409499891336155,2.2881738870623085,-1.8702020343253016,1.3252744723401952,2.597610522011649,-1.9232395790820205,0.0
1449814248,1449815476,2021-01-28,717,0.6138698630136986,1,-1.2409499891336155,2.2881738870623085,-1.8702020343253016,1.554381355783221,2.7997239137676164,-2.0383840362730403,0.0
1449814248,1449881293,2021-01-28,716,0.613013698630137,1,-1.2409499891336155,2.2881738870623085,-1.8702020343253016,1.679514313514869,2.9285176256010903,-1.9034826786737105,0.0
1449814248,1449733727,2021-01-28,715,0.6121575342465754,1,-1.2409499891336155,2.2881738870623085,-1.8702020343253016,1.543992476459825,2.7948443694464853,-1.9031550062203515,0.0
1449814248,1449710825,2021-01-28,714,0.6113013698630136,1,-1.2409499891336155,2.2881738870623085,-1.8702020343253016,1.688895286381248,2.518069242177436,-2.001758590544841,0.0
1449814248,1449729868,2021-01-28,712,0.6095890410958904,1,-1.2409499891336155,2.2881738870623085,-1.8702020343253016,1.238988570369464,2.4656361578487878,-1.8443737298358904,0.0
1449814248,1449879505,2021-01-28,711,0.6087328767123288,1,-1.2409499891336155,2.2881738870623085,-1.8702020343253016,1.545717948695095,2.8076218125484225,-1.9877009327372803,0.0
1449814248,1449783045,2021-01-28,711,0.6087328767123288,1,-1.2409499891336155,2.2881738870623085,-1.8702020343253016,0.9214492810775032,2.170690711647393,-1.7307420784890626,0.0
1449814248,1449747475,2021-01-28,711,0.6087328767123288,1,-1.2409499891336155,2.2881738870623085,-1.8702020343253016,1.2331389024428003,2.5093134396369585,-1.8522575808286212,0.0
1449814248,1449751546,2021-01-28,711,0.6087328767123288,1,-1.2409499891336155,2.2881738870623085,-1.8702020343253016,1.2405938118104431,2.4854236100040747,-1.8617642305053692,0.0
1449814248,1449710829,2021-01-28,708,0.6061643835616438,1,-1.2409499891336155,2.2881738870623085,-1.8702020343253016,1.313917695777103,2.1437091918688846,-1.8216439219940372,0.0
1449814248,1449758577,2021-01-28,708,0.6061643835616438,1,-1.2409499891336155,2.2881738870623085,-1.8702020343253016,1.0995267269700408,2.340526898632844,-1.863764391184998,0.0
1449814752,1449881293,2021-01-28,735,0.5980471928397071,1,-1.256631598533789,2.505105868030087,-1.9563341489333328,1.679514313514869,2.9285176256010903,-1.9034826786737105,0.0
1449814752,1449739750,2021-01-28,734,0.597233523189585,1,-1.256631598533789,2.505105868030087,-1.9563341489333328,1.236485047953612,2.467846377118719,-1.8357225926491711,0.0
1449814752,1449709188,2021-01-28,732,0.595606183889341,1,-1.256631598533789,2.505105868030087,-1.9563341489333328,1.157167273966179,2.0492940532081168,-1.8228134818599573,0.0
1449814752,1449887314,2021-01-28,731,0.5947925142392189,1,-1.256631598533789,2.505105868030087,-1.9563341489333328,1.0777668870015564,2.345306067580263,-1.7069712654499467,0.0
1449814752,1449733727,2021-01-28,731,0.5947925142392189,1,-1.256631598533789,2.505105868030087,-1.9563341489333328,1.543992476459825,2.7948443694464853,-1.9031550062203515,0.0
1449814752,1449950362,2021-01-28,730,0.5939788445890968,1,-1.256631598533789,2.505105868030087,-1.9563341489333328,1.1645258099622513,2.426289802108472,-1.8711120457492865,0.0
1449814752,1449751546,2021-01-28,727,0.5915378356387306,1,-1.256631598533789,2.505105868030087,-1.9563341489333328,1.2405938118104431,2.4854236100040747,-1.8617642305053692,0.0
1449814752,1449863490,2021-01-28,726,0.5907241659886087,1,-1.256631598533789,2.505105868030087,-1.9563341489333328,1.3497737402338787,2.6002195624052487,-2.056767949278382,0.0
1449814752,1449710900,2021-01-28,726,0.5907241659886087,1,-1.256631598533789,2.505105868030087,-1.9563341489333328,1.2336374729880286,2.1136825422613192,-1.858253420677526,0.0
1449814752,1449783150,2021-01-28,725,0.5899104963384866,1,-1.256631598533789,2.505105868030087,-1.9563341489333328,1.6879907339502749,2.921004519068205,-1.9643255457987372,0.0
1449814752,1449719953,2021-01-28,725,0.5899104963384866,1,-1.256631598533789,2.505105868030087,-1.9563341489333328,1.424391730526383,2.241271779719745,-1.915170377635258,0.0
1449739750,1449710825,2021-01-28,744,0.6205170975813178,1,-1.231361329165107,2.467846377118719,-1.8357225926491711,1.688895286381248,2.518069242177436,-2.001758590544841,0.0
1449739750,1449887314,2021-01-28,743,0.6196830692243537,1,-1.231361329165107,2.467846377118719,-1.8357225926491711,1.0777668870015564,2.345306067580263,-1.7069712654499467,0.0
1449739750,1449710900,2021-01-28,738,0.6155129274395329,1,-1.231361329165107,2.467846377118719,-1.8357225926491711,1.2336374729880286,2.1136825422613192,-1.858253420677526,0.0
1449739750,1449727643,2021-01-28,737,0.6146788990825688,1,-1.231361329165107,2.467846377118719,-1.8357225926491711,1.1654906366856148,2.436842641417895,-1.8700836681438904,0.0
1449739750,1449710828,2021-01-28,734,0.6121768140116765,1,-1.231361329165107,2.467846377118719,-1.8357225926491711,1.54450970469169,2.368155588767209,-1.9270548418478184,0.0
1449739750,1449814752,2021-01-28,734,0.6121768140116765,1,-1.231361329165107,2.467846377118719,-1.8357225926491711,1.2484742694962978,2.505105868030087,-1.9563341489333328,0.0
1449739750,1449751546,2021-01-28,731,0.609674728940784,1,-1.231361329165107,2.467846377118719,-1.8357225926491711,1.2405938118104431,2.4854236100040747,-1.8617642305053692,0.0
1449739750,1449950362,2021-01-28,730,0.6088407005838199,1,-1.231361329165107,2.467846377118719,-1.8357225926491711,1.1645258099622513,2.426289802108472,-1.8711120457492865,0.0
1449739750,1449758747,2021-01-28,728,0.6071726438698916,1,-1.231361329165107,2.467846377118719,-1.8357225926491711,0.983370982763824,2.271288406849665,-1.8461640155141783,0.0
1449739750,1449938569,2021-01-28,728,0.6071726438698916,1,-1.231361329165107,2.467846377118719,-1.8357225926491711,1.1013905961062826,2.33904057952018,-1.8319604283736943,0.0
1449739750,1449741224,2021-01-28,727,0.6063386155129274,1,-1.231361329165107,2.467846377118719,-1.8357225926491711,1.33570897187147,2.549678306950084,-1.9437322897553004,0.0
1449739750,1449729914,2021-01-28,726,0.6055045871559633,1,-1.231361329165107,2.467846377118719,-1.8357225926491711,1.3252132502967051,2.575290309394184,-1.9090255754337964,0.0
1449710885,1449747475,2021-01-28,738,0.6155129274395329,1,-0.8350698025591894,2.256827789397723,-1.903292484539268,1.2331389024428003,2.5093134396369585,-1.8522575808286212,0.0
1449710885,1449710900,2021-01-28,735,0.6130108423686406,1,-0.8350698025591894,2.256827789397723,-1.903292484539268,1.2336374729880286,2.1136825422613192,-1.858253420677526,0.0
1449710885,1449710918,2021-01-28,730,0.6088407005838199,1,-0.8350698025591894,2.256827789397723,-1.903292484539268,0.877753635705547,1.7407784612917632,-1.7371603867060044,0.0
1449710885,1449727643,2021-01-28,730,0.6088407005838199,1,-0.8350698025591894,2.256827789397723,-1.903292484539268,1.1654906366856148,2.436842641417895,-1.8700836681438904,0.0
1449710885,1449891244,2021-01-28,726,0.6055045871559633,1,-0.8350698025591894,2.256827789397723,-1.903292484539268,1.2361405160749612,2.506439422882704,-1.8645645096013608,0.0
1449710885,1449887314,2021-01-28,724,0.603836530442035,1,-0.8350698025591894,2.256827789397723,-1.903292484539268,1.0777668870015564,2.345306067580263,-1.7069712654499467,0.0
1449710885,1449880254,2021-01-28,724,0.603836530442035,1,-0.8350698025591894,2.256827789397723,-1.903292484539268,1.2282209801873574,2.481029654761495,-1.7766529110890843,0.0
1449710885,1449751546,2021-01-28,721,0.6013344453711427,1,-0.8350698025591894,2.256827789397723,-1.903292484539268,1.2405938118104431,2.4854236100040747,-1.8617642305053692,0.0
1449710885,1449783045,2021-01-28,721,0.6013344453711427,1,-0.8350698025591894,2.256827789397723,-1.903292484539268,0.9214492810775032,2.170690711647393,-1.7307420784890626,0.0
1449710885,1450196593,2021-01-28,721,0.6013344453711427,1,-0.8350698025591894,2.256827789397723,-1.903292484539268,1.426056986267827,2.6667383711661925,-1.9355042278941967,0.0
1449710885,1449730189,2021-01-28,720,0.6005004170141784,1,-0.8350698025591894,2.256827789397723,-1.903292484539268,1.3252744723401952,2.597610522011649,-1.9232395790820205,0.0
1449710885,1449814752,2021-01-28,720,0.6005004170141784,1,-0.8350698025591894,2.256827789397723,-1.903292484539268,1.2484742694962978,2.505105868030087,-1.9563341489333328,0.0
1449710888,1449887314,2021-01-28,740,0.6171809841534612,1,-0.8221664790940114,2.1486803445819214,-1.9037331407775984,1.0777668870015564,2.345306067580263,-1.7069712654499467,0.0
1449710888,1449710900,2021-01-28,735,0.6130108423686406,1,-0.8221664790940114,2.1486803445819214,-1.9037331407775984,1.2336374729880286,2.1136825422613192,-1.858253420677526,0.0
1449710888,1449727642,2021-01-28,735,0.6130108423686406,1,-0.8221664790940114,2.1486803445819214,-1.9037331407775984,1.683739132101988,2.9378609657697425,-1.9441579145085104,0.0
1449710888,1449815476,2021-01-28,734,0.6121768140116765,1,-0.8221664790940114,2.1486803445819214,-1.9037331407775984,1.554381355783221,2.7997239137676164,-2.0383840362730403,0.0
1449710888,1449751719,2021-01-28,730,0.6088407005838199,1,-0.8221664790940114,2.1486803445819214,-1.9037331407775984,1.1538637299592638,2.420933435581472,-1.7802830782717116,0.0
1449710888,1449730189,2021-01-28,725,0.6046705587989991,1,-0.8221664790940114,2.1486803445819214,-1.9037331407775984,1.3252744723401952,2.597610522011649,-1.9232395790820205,0.0
1449710888,1449710825,2021-01-28,725,0.6046705587989991,1,-0.8221664790940114,2.1486803445819214,-1.9037331407775984,1.688895286381248,2.518069242177436,-2.001758590544841,0.0
1449710888,1449710828,2021-01-28,725,0.6046705587989991,1,-0.8221664790940114,2.1486803445819214,-1.9037331407775984,1.54450970469169,2.368155588767209,-1.9270548418478184,0.0
1449710888,1449733727,2021-01-28,721,0.6013344453711427,1,-0.8221664790940114,2.1486803445819214,-1.9037331407775984,1.543992476459825,2.7948443694464853,-1.9031550062203515,0.0
1449710888,1449741142,2021-01-28,721,0.6013344453711427,1,-0.8221664790940114,2.1486803445819214,-1.9037331407775984,1.4303935631024542,2.668397050209391,-1.945553833355837,0.0
1449710888,1449727643,2021-01-28,721,0.6013344453711427,1,-0.8221664790940114,2.1486803445819214,-1.9037331407775984,1.1654906366856148,2.436842641417895,-1.8700836681438904,0.0
1449711005,1449727643,2021-01-28,723,0.6184773310521814,1,-0.8564580771800981,1.9489001913594424,-1.8237875455372892,1.1654906366856148,2.436842641417895,-1.8700836681438904,0.0
1449711005,1449729868,2021-01-28,718,0.6142001710863987,1,-0.8564580771800981,1.9489001913594424,-1.8237875455372892,1.238988570369464,2.4656361578487878,-1.8443737298358904,0.0
1449711005,1449878775,2021-01-28,717,0.613344739093242,1,-0.8564580771800981,1.9489001913594424,-1.8237875455372892,1.4323757424558845,2.630841757880264,-1.8918046788225364,0.0
1449711005,1449727511,2021-01-28,716,0.6124893071000855,1,-0.8564580771800981,1.9489001913594424,-1.8237875455372892,1.4341520026887302,2.684963037714322,-2.005731025811155,0.0
1449711005,1449814274,2021-01-28,715,0.611633875106929,1,-0.8564580771800981,1.9489001913594424,-1.8237875455372892,1.3249739104498388,2.56712699215167,-1.912652927298831,0.0
1449711005,1449891244,2021-01-28,715,0.611633875106929,1,-0.8564580771800981,1.9489001913594424,-1.8237875455372892,1.2361405160749612,2.506439422882704,-1.8645645096013608,0.0
1449711005,1449740560,2021-01-28,714,0.6107784431137725,1,-0.8564580771800981,1.9489001913594424,-1.8237875455372892,1.0999012310668486,2.3909416497664857,-1.90586541566691,0.0
1449711005,1449783045,2021-01-28,712,0.6090675791274593,1,-0.8564580771800981,1.9489001913594424,-1.8237875455372892,0.9214492810775032,2.170690711647393,-1.7307420784890626,0.0
1449711005,1449758747,2021-01-28,712,0.6090675791274593,1,-0.8564580771800981,1.9489001913594424,-1.8237875455372892,0.983370982763824,2.271288406849665,-1.8461640155141783,0.0
1449711005,1449710900,2021-01-28,711,0.6082121471343028,1,-0.8564580771800981,1.9489001913594424,-1.8237875455372892,1.2336374729880286,2.1136825422613192,-1.858253420677526,0.0
1449711005,1449887314,2021-01-28,711,0.6082121471343028,1,-0.8564580771800981,1.9489001913594424,-1.8237875455372892,1.0777668870015564,2.345306067580263,-1.7069712654499467,0.0
1449711005,1449710918,2021-01-28,711,0.6082121471343028,1,-0.8564580771800981,1.9489001913594424,-1.8237875455372892,0.877753635705547,1.7407784612917632,-1.7371603867060044,0.0
1449889807,1449741142,2021-01-28,731,0.6179205409974641,1,-1.2261995315627852,2.5497331467974855,-1.851577964438965,1.4303935631024542,2.668397050209391,-1.945553833355837,0.0
1449889807,1449887314,2021-01-28,728,0.6153846153846154,1,-1.2261995315627852,2.5497331467974855,-1.851577964438965,1.0777668870015564,2.345306067580263,-1.7069712654499467,0.0
1449889807,1449733727,2021-01-28,726,0.6136939983093829,1,-1.2261995315627852,2.5497331467974855,-1.851577964438965,1.543992476459825,2.7948443694464853,-1.9031550062203513,0.0
1449889807,1449881293,2021-01-28,724,0.6120033812341504,1,-1.2261995315627852,2.5497331467974855,-1.851577964438965,1.679514313514869,2.9285176256010903,-1.9034826786737105,0.0
1449889807,1449751546,2021-01-28,724,0.6120033812341504,1,-1.2261995315627852,2.5497331467974855,-1.851577964438965,1.2405938118104431,2.4854236100040747,-1.8617642305053694,0.0
1449889807,1449729994,2021-01-28,722,0.610312764158918,1,-1.2261995315627852,2.5497331467974855,-1.851577964438965,1.5538286603242608,2.7844344444676166,-2.004607616681165,0.0
1449889807,1449730189,2021-01-28,722,0.610312764158918,1,-1.2261995315627852,2.5497331467974855,-1.851577964438965,1.3252744723401952,2.5976105220116494,-1.9232395790820203,0.0
1449889807,1449950362,2021-01-28,721,0.6094674556213018,1,-1.2261995315627852,2.5497331467974855,-1.851577964438965,1.1645258099622513,2.4262898021084722,-1.8711120457492862,0.0
1449889807,1449747475,2021-01-28,720,0.6086221470836856,1,-1.2261995315627852,2.5497331467974855,-1.851577964438965,1.2331389024428003,2.5093134396369585,-1.8522575808286215,0.0
1449889807,1449727511,2021-01-28,720,0.6086221470836856,1,-1.2261995315627852,2.5497331467974855,-1.851577964438965,1.4341520026887302,2.684963037714322,-2.005731025811155,0.0
1449889807,1449783045,2021-01-28,720,0.6086221470836856,1,-1.2261995315627852,2.5497331467974855,-1.851577964438965,0.9214492810775032,2.170690711647393,-1.7307420784890626,0.0
1449889807,1449710900,2021-01-28,719,0.6077768385460693,1,-1.2261995315627852,2.5497331467974855,-1.851577964438965,1.2336374729880286,2.1136825422613192,-1.858253420677526,0.0
1449727643,1449733727,2021-01-28,754,0.6032,1,-1.2713520047322804,2.436842641417895,-1.8700836681438906,1.543992476459825,2.7948443694464853,-1.9031550062203513,0.0
1449727643,1449880254,2021-01-28,741,0.5928,1,-1.2713520047322804,2.436842641417895,-1.8700836681438906,1.2282209801873574,2.481029654761495,-1.7766529110890845,0.0
1449727643,1449710900,2021-01-28,739,0.5912,1,-1.2713520047322804,2.436842641417895,-1.8700836681438906,1.2336374729880286,2.1136825422613192,-1.858253420677526,0.0
1449727643,1449719953,2021-01-28,738,0.5904,1,-1.2713520047322804,2.436842641417895,-1.8700836681438906,1.4243917305263827,2.241271779719745,-1.915170377635258,0.0
1449727643,1449739750,2021-01-28,737,0.5896,1,-1.2713520047322804,2.436842641417895,-1.8700836681438906,1.236485047953612,2.467846377118719,-1.8357225926491711,0.0
1449727643,1449938569,2021-01-28,736,0.5888,1,-1.2713520047322804,2.436842641417895,-1.8700836681438906,1.1013905961062826,2.33904057952018,-1.8319604283736943,0.0
1449727643,1449709350,2021-01-28,736,0.5888,1,-1.2713520047322804,2.436842641417895,-1.8700836681438906,1.6835870357678377,2.5049663364549852,-1.9264920631982116,0.0
1449727643,1449740560,2021-01-28,734,0.5872,1,-1.2713520047322804,2.436842641417895,-1.8700836681438906,1.0999012310668486,2.3909416497664857,-1.9058654156669101,0.0
1449727643,1449879505,2021-01-28,733,0.5864,1,-1.2713520047322804,2.436842641417895,-1.8700836681438906,1.545717948695095,2.8076218125484225,-1.9877009327372805,0.0
1449727643,1449891244,2021-01-28,733,0.5864,1,-1.2713520047322804,2.436842641417895,-1.8700836681438906,1.2361405160749612,2.506439422882704,-1.8645645096013608,0.0
1449727643,1449879875,2021-01-28,732,0.5856,1,-1.2713520047322804,2.436842641417895,-1.8700836681438906,1.3240992147126325,2.5639173570238376,-1.8911581927229832,0.0
1449727643,1449747475,2021-01-28,732,0.5856,1,-1.2713520047322804,2.436842641417895,-1.8700836681438906,1.2331389024428003,2.5093134396369585,-1.8522575808286215,0.0
1449758747,1449746136,2021-01-28,746,0.622185154295246,1,-1.2879174240858409,2.271288406849665,-1.8461640155141783,1.155481166217992,2.3877355477648416,-1.7728674441569483,0.0
1449758747,1449887314,2021-01-28,737,0.6146788990825688,1,-1.2879174240858409,2.271288406849665,-1.8461640155141783,1.0777668870015564,2.345306067580263,-1.7069712654499467,0.0
1449758747,1449881293,2021-01-28,735,0.6130108423686406,1,-1.2879174240858409,2.271288406849665,-1.8461640155141783,1.679514313514869,2.9285176256010903,-1.9034826786737105,0.0
1449758747,1449879505,2021-01-28,733,0.6113427856547122,1,-1.2879174240858409,2.271288406849665,-1.8461640155141783,1.545717948695095,2.8076218125484225,-1.9877009327372805,0.0
1449758747,1449739750,2021-01-28,728,0.6071726438698916,1,-1.2879174240858409,2.271288406849665,-1.8461640155141783,1.236485047953612,2.467846377118719,-1.8357225926491711,0.0
1449758747,1450174776,2021-01-28,728,0.6071726438698916,1,-1.2879174240858409,2.271288406849665,-1.8461640155141783,1.3135484219856512,2.5594530318775797,-1.8175878995107588,0.0
1449758747,1449759604,2021-01-28,725,0.6046705587989991,1,-1.2879174240858409,2.271288406849665,-1.8461640155141783,1.1138182241047954,2.3838632412675564,-1.9629214948818499,0.0
1449758747,1449727643,2021-01-28,725,0.6046705587989991,1,-1.2879174240858409,2.271288406849665,-1.8461640155141783,1.1654906366856148,2.436842641417895,-1.8700836681438906,0.0
1449758747,1449729914,2021-01-28,725,0.6046705587989991,1,-1.2879174240858409,2.271288406849665,-1.8461640155141783,1.3252132502967053,2.575290309394184,-1.9090255754337964,0.0
1449758747,1449740560,2021-01-28,724,0.603836530442035,1,-1.2879174240858409,2.271288406849665,-1.8461640155141783,1.0999012310668486,2.3909416497664857,-1.9058654156669101,0.0
1449758747,1449710825,2021-01-28,724,0.603836530442035,1,-1.2879174240858409,2.271288406849665,-1.8461640155141783,1.6888952863812479,2.518069242177436,-2.001758590544841,0.0
1449758747,1449727511,2021-01-28,723,0.6030025020850709,1,-1.2879174240858409,2.271288406849665,-1.8461640155141783,1.4341520026887302,2.684963037714322,-2.005731025811155,0.0
1449737409,1449751546,2021-01-28,725,0.6260794473229706,1,-1.1984348444259667,2.523938992374471,-1.8154467351176544,1.2405938118104431,2.4854236100040747,-1.8617642305053694,0.0
1449737409,1449747475,2021-01-28,722,0.6234887737478411,1,-1.1984348444259667,2.523938992374471,-1.8154467351176544,1.2331389024428003,2.5093134396369585,-1.8522575808286215,0.0
1449737409,1449730189,2021-01-28,722,0.6234887737478411,1,-1.1984348444259667,2.523938992374471,-1.8154467351176544,1.3252744723401952,2.5976105220116494,-1.9232395790820203,0.0
1449737409,1449887314,2021-01-28,718,0.6200345423143351,1,-1.1984348444259667,2.523938992374471,-1.8154467351176544,1.0777668870015564,2.345306067580263,-1.7069712654499467,0.0
1449737409,1449881293,2021-01-28,717,0.6191709844559585,1,-1.1984348444259667,2.523938992374471,-1.8154467351176544,1.679514313514869,2.9285176256010903,-1.9034826786737105,0.0
1449737409,1449709188,2021-01-28,717,0.6191709844559585,1,-1.1984348444259667,2.523938992374471,-1.8154467351176544,1.157167273966179,2.0492940532081168,-1.8228134818599573,0.0
1449737409,1449729868,2021-01-28,713,0.6157167530224525,1,-1.1984348444259667,2.523938992374471,-1.8154467351176544,1.238988570369464,2.4656361578487873,-1.8443737298358904,0.0
1449737409,1449710825,2021-01-28,713,0.6157167530224525,1,-1.1984348444259667,2.523938992374471,-1.8154467351176544,1.6888952863812479,2.518069242177436,-2.001758590544841,0.0
1449737409,1449950362,2021-01-28,712,0.614853195164076,1,-1.1984348444259667,2.523938992374471,-1.8154467351176544,1.1645258099622513,2.4262898021084722,-1.8711120457492862,0.0
1449737409,1449814274,2021-01-28,710,0.613126079447323,1,-1.1984348444259667,2.523938992374471,-1.8154467351176544,1.3249739104498388,2.56712699215167,-1.912652927298831,0.0
1449737409,1449814752,2021-01-28,710,0.613126079447323,1,-1.1984348444259667,2.523938992374471,-1.8154467351176544,1.2484742694962978,2.505105868030087,-1.9563341489333332,0.0
1449737409,1449733727,2021-01-28,707,0.6105354058721935,1,-1.1984348444259667,2.523938992374471,-1.8154467351176544,1.543992476459825,2.7948443694464853,-1.9031550062203513,0.0
1449709315,1449727511,2021-01-28,717,0.620242214532872,1,-0.8029569371647027,2.233569167877028,-1.9487919954302022,1.4341520026887302,2.684963037714322,-2.005731025811155,0.0
1449709315,1449881293,2021-01-28,714,0.6176470588235294,1,-0.8029569371647027,2.233569167877028,-1.9487919954302022,1.679514313514869,2.9285176256010903,-1.9034826786737105,0.0
1449709315,1449758747,2021-01-28,710,0.6141868512110726,1,-0.8029569371647027,2.233569167877028,-1.9487919954302022,0.983370982763824,2.271288406849665,-1.8461640155141783,0.0
1449709315,1449709188,2021-01-28,709,0.6133217993079585,1,-0.8029569371647027,2.233569167877028,-1.9487919954302022,1.157167273966179,2.0492940532081168,-1.8228134818599573,0.0
1449709315,1449730189,2021-01-28,708,0.6124567474048442,1,-0.8029569371647027,2.233569167877028,-1.9487919954302022,1.3252744723401952,2.5976105220116494,-1.9232395790820203,0.0
1449709315,1449746136,2021-01-28,707,0.6115916955017301,1,-0.8029569371647027,2.233569167877028,-1.9487919954302022,1.155481166217992,2.3877355477648416,-1.7728674441569483,0.0
1449709315,1449751546,2021-01-28,707,0.6115916955017301,1,-0.8029569371647027,2.233569167877028,-1.9487919954302022,1.2405938118104431,2.4854236100040747,-1.8617642305053694,0.0
1449709315,1449727577,2021-01-28,705,0.6098615916955017,1,-0.8029569371647027,2.233569167877028,-1.9487919954302022,1.8806403439881074,3.1319129424712675,-2.0901479122954676,0.0
1449709315,1449863490,2021-01-28,705,0.6098615916955017,1,-0.8029569371647027,2.233569167877028,-1.9487919954302022,1.3497737402338787,2.6002195624052487,-2.056767949278382,0.0
1449709315,1449879875,2021-01-28,703,0.6081314878892734,1,-0.8029569371647027,2.233569167877028,-1.9487919954302022,1.3240992147126325,2.5639173570238376,-1.8911581927229832,0.0
1449709315,1450196593,2021-01-28,703,0.6081314878892734,1,-0.8029569371647027,2.233569167877028,-1.9487919954302022,1.426056986267827,2.6667383711661925,-1.9355042278941967,0.0
1449729994,1449747475,2021-01-29,735,0.6099585062240664,1,-1.1811669973869037,2.928949206728879,-2.705666409746934,1.4160886601995273,2.660205349442183,-2.5980102197224246,0.0
1449729994,1449727642,2021-01-29,731,0.6066390041493775,1,-1.1811669973869037,2.928949206728879,-2.705666409746934,1.8983852428877788,3.113861387373058,-2.723192030886336,0.0
1449729994,1449730189,2021-01-29,730,0.6058091286307054,1,-1.1811669973869037,2.928949206728879,-2.705666409746934,1.5064609199864967,2.733183090029062,-2.5860027666593695,0.0
1449729994,1449891244,2021-01-29,729,0.6049792531120332,1,-1.1811669973869037,2.928949206728879,-2.705666409746934,1.4122045973356632,2.6403874516854664,-2.520736283508496,0.0
1449729994,1449881293,2021-01-29,727,0.6033195020746888,1,-1.1811669973869037,2.928949206728879,-2.705666409746934,1.8961327625369722,3.110127191761819,-2.6873240705850936,0.0
1449729994,1443536413,2021-01-29,723,0.6,1,-1.1811669973869037,2.928949206728879,-2.705666409746934,1.4115241784480586,2.190655969807962,-2.428216839518014,0.0
1449729994,1449710918,2021-01-29,722,0.5991701244813278,1,-1.1811669973869037,2.928949206728879,-2.705666409746934,1.0224533352713983,1.886784565988713,-2.27401630685391,0.0
1449729994,1449889807,2021-01-29,722,0.5991701244813278,1,-1.1811669973869037,2.928949206728879,-2.705666409746934,1.5103497885267727,2.704819071255053,-2.5980493058878826,0.0
1449729994,1449740560,2021-01-29,720,0.5975103734439834,1,-1.1811669973869037,2.928949206728879,-2.705666409746934,1.2598226584800682,2.5001140548669025,-2.49534813050842,0.0
1449729994,1449783150,2021-01-29,720,0.5975103734439834,1,-1.1811669973869037,2.928949206728879,-2.705666409746934,1.8977741129132166,3.08692329807422,-2.6888188391743233,0.0
1449729994,1449815476,2021-01-29,719,0.5966804979253112,1,-1.1811669973869037,2.928949206728879,-2.705666409746934,1.7545692621438391,2.9585335032561844,-2.8478931053039123,0.0
1449729994,1449879875,2021-01-29,719,0.5966804979253112,1,-1.1811669973869037,2.928949206728879,-2.705666409746934,1.5027990348512024,2.696748311117074,-2.511646210829899,0.0
1449733727,1449727643,2021-01-29,754,0.6110210696920584,1,-1.2205462011421242,2.9722382239804173,-2.7809541717271653,1.33824214002631,2.5721222152927057,-2.5749188884990266,0.0
1449733727,1449710825,2021-01-29,752,0.6094003241491086,1,-1.2205462011421242,2.9722382239804173,-2.7809541717271653,1.8964198886388852,2.723337400018588,-2.6921433570210427,0.0
1449733727,1449710900,2021-01-29,743,0.6021069692058347,1,-1.2205462011421242,2.9722382239804173,-2.7809541717271653,1.4160886601995273,2.3061966143452333,-2.5989478662983876,0.0
1449733727,1449891244,2021-01-29,741,0.600486223662885,1,-1.2205462011421242,2.9722382239804173,-2.7809541717271653,1.4122045973356632,2.6403874516854664,-2.520736283508496,0.0
1449733727,1449746136,2021-01-29,741,0.600486223662885,1,-1.2205462011421242,2.9722382239804173,-2.7809541717271653,1.3243963011635562,2.5175552494282543,-2.376331989137346,0.0
1449733727,1449887314,2021-01-29,739,0.5988654781199352,1,-1.2205462011421242,2.9722382239804173,-2.7809541717271653,1.255544341168358,2.502721789731048,-2.4555880863267108,0.0
1449733727,1449878775,2021-01-29,735,0.5956239870340356,1,-1.2205462011421242,2.9722382239804173,-2.7809541717271653,1.6327019466927748,2.810559648815941,-2.822582014687489,0.0
1449733727,1449729914,2021-01-29,735,0.5956239870340356,1,-1.2205462011421242,2.9722382239804173,-2.7809541717271653,1.5093079916108734,2.720768404626586,-2.617427987691877,0.0
1449733727,1449751546,2021-01-29,735,0.5956239870340356,1,-1.2205462011421242,2.9722382239804173,-2.7809541717271653,1.4194841627020638,2.6294242288207528,-2.586548469264998,0.0
1449733727,1449747475,2021-01-29,734,0.5948136142625607,1,-1.2205462011421242,2.9722382239804173,-2.7809541717271653,1.4160886601995273,2.660205349442183,-2.5980102197224246,0.0
1449733727,1449863490,2021-01-29,733,0.5940032414910859,1,-1.2205462011421242,2.9722382239804173,-2.7809541717271653,1.5298335343438918,2.735345152218822,-2.8371272433773527,0.0
1449733727,1449729868,2021-01-29,733,0.5940032414910859,1,-1.2205462011421242,2.9722382239804173,-2.7809541717271653,1.4069377921724084,2.5836963590737714,-2.40234504909498,0.0
1449741224,1449710900,2021-01-29,741,0.6333333333333333,1,-1.166403572494341,2.677875159069877,-2.58493623919314,1.4160886601995273,2.3061966143452333,-2.5989478662983876,0.0
1449741224,1449881293,2021-01-29,737,0.6299145299145299,1,-1.166403572494341,2.677875159069877,-2.58493623919314,1.8961327625369722,3.110127191761819,-2.6873240705850936,0.0
1449741224,1449739750,2021-01-29,727,0.6213675213675214,1,-1.166403572494341,2.677875159069877,-2.58493623919314,1.409842436312395,2.599203699354648,-2.4565125336195726,0.0
1449741224,1449815476,2021-01-29,721,0.6162393162393163,1,-1.166403572494341,2.677875159069877,-2.58493623919314,1.7545692621438391,2.9585335032561844,-2.8478931053039123,0.0
1449741224,1449710825,2021-01-29,720,0.6153846153846154,1,-1.166403572494341,2.677875159069877,-2.58493623919314,1.8964198886388852,2.723337400018588,-2.6921433570210427,0.0
1449741224,1449758747,2021-01-29,720,0.6153846153846154,1,-1.166403572494341,2.677875159069877,-2.58493623919314,1.1375362241714124,2.381443927038303,-2.452330479353388,0.0
1449741224,1449938569,2021-01-29,719,0.6145299145299146,1,-1.166403572494341,2.677875159069877,-2.58493623919314,1.2691766644581643,2.4742437820511487,-2.5424911312242067,0.0
1449741224,1449727643,2021-01-29,719,0.6145299145299146,1,-1.166403572494341,2.677875159069877,-2.58493623919314,1.33824214002631,2.5721222152927057,-2.5749188884990266,0.0
1449741224,1449727511,2021-01-29,717,0.6128205128205129,1,-1.166403572494341,2.677875159069877,-2.58493623919314,1.619195695988186,2.819809509631976,-2.678408855771539,0.0
1449741224,1449730189,2021-01-29,716,0.611965811965812,1,-1.166403572494341,2.677875159069877,-2.58493623919314,1.5064609199864967,2.733183090029062,-2.5860027666593695,0.0
1449741224,1449848094,2021-01-29,713,0.6094017094017095,1,-1.166403572494341,2.677875159069877,-2.58493623919314,1.3390767472571687,2.5634516675373664,-2.577581104367437,0.0
1449741224,1449950362,2021-01-29,713,0.6094017094017095,1,-1.166403572494341,2.677875159069877,-2.58493623919314,1.3339959884630397,2.5542491027908607,-2.522349447271777,0.0
1450174776,1449887314,2021-01-29,736,0.6102819237147595,1,-1.2027816774871483,2.697229910350348,-2.4130420885583552,1.255544341168358,2.502721789731048,-2.4555880863267108,0.0
1450174776,1449747475,2021-01-29,733,0.6077943615257048,1,-1.2027816774871483,2.697229910350348,-2.4130420885583552,1.4160886601995273,2.660205349442183,-2.5980102197224246,0.0
1450174776,1449758747,2021-01-29,728,0.603648424543947,1,-1.2027816774871483,2.697229910350348,-2.4130420885583552,1.1375362241714124,2.381443927038303,-2.452330479353388,0.0
1450174776,1449891244,2021-01-29,727,0.6028192371475953,1,-1.2027816774871483,2.697229910350348,-2.4130420885583552,1.4122045973356632,2.6403874516854664,-2.520736283508496,0.0
1450174776,1449751719,2021-01-29,721,0.5978441127694859,1,-1.2027816774871483,2.697229910350348,-2.4130420885583552,1.3283165201607086,2.561036553557095,-2.454252908696999,0.0
1450174776,1449814752,2021-01-29,721,0.5978441127694859,1,-1.2027816774871483,2.697229910350348,-2.4130420885583552,1.4190734646703156,2.626606666641762,-2.5942808390013044,0.0
1450174776,1449709350,2021-01-29,721,0.5978441127694859,1,-1.2027816774871483,2.697229910350348,-2.4130420885583552,1.9040433804539971,2.7420501416354934,-2.8155705448134674,0.0
1450174776,1449710900,2021-01-29,719,0.5961857379767828,1,-1.2027816774871483,2.697229910350348,-2.4130420885583552,1.4160886601995273,2.3061966143452333,-2.5989478662983876,0.0
1450174776,1449727511,2021-01-29,719,0.5961857379767828,1,-1.2027816774871483,2.697229910350348,-2.4130420885583552,1.619195695988186,2.819809509631976,-2.678408855771539,0.0
1450174776,1449880779,2021-01-29,718,0.5953565505804311,1,-1.2027816774871483,2.697229910350348,-2.4130420885583552,1.4085807358206677,2.636852440787409,-2.470053293083013,0.0
1450174776,1449751546,2021-01-29,717,0.5945273631840796,1,-1.2027816774871483,2.697229910350348,-2.4130420885583552,1.4194841627020638,2.6294242288207528,-2.586548469264998,0.0
1450174776,1449815476,2021-01-29,716,0.593698175787728,1,-1.2027816774871483,2.697229910350348,-2.4130420885583552,1.7545692621438391,2.9585335032561844,-2.8478931053039123,0.0
1449729868,1449709350,2021-01-29,739,0.6008130081300813,1,-1.176758566901363,2.5836963590737714,-2.40234504909498,1.9040433804539971,2.7420501416354934,-2.8155705448134674,0.0
1449729868,1449747475,2021-01-29,734,0.5967479674796748,1,-1.176758566901363,2.5836963590737714,-2.40234504909498,1.4160886601995273,2.660205349442183,-2.5980102197224246,0.0
1449729868,1449733727,2021-01-29,733,0.5959349593495935,1,-1.176758566901363,2.5836963590737714,-2.40234504909498,1.751692022838293,2.9722382239804173,-2.7809541717271653,0.0
1449729868,1449727643,2021-01-29,730,0.5934959349593496,1,-1.176758566901363,2.5836963590737714,-2.40234504909498,1.33824214002631,2.5721222152927057,-2.5749188884990266,0.0
1449729868,1449938569,2021-01-29,729,0.5926829268292683,1,-1.176758566901363,2.5836963590737714,-2.40234504909498,1.2691766644581643,2.4742437820511487,-2.5424911312242067,0.0
1449729868,1449891244,2021-01-29,728,0.591869918699187,1,-1.176758566901363,2.5836963590737714,-2.40234504909498,1.4122045973356632,2.6403874516854664,-2.520736283508496,0.0
1449729868,1449751546,2021-01-29,727,0.5910569105691057,1,-1.176758566901363,2.5836963590737714,-2.40234504909498,1.4194841627020638,2.6294242288207528,-2.586548469264998,0.0
1449729868,1449887314,2021-01-29,727,0.5910569105691057,1,-1.176758566901363,2.5836963590737714,-2.40234504909498,1.255544341168358,2.502721789731048,-2.4555880863267108,0.0
1449729868,1449710900,2021-01-29,726,0.5902439024390244,1,-1.176758566901363,2.5836963590737714,-2.40234504909498,1.4160886601995273,2.3061966143452333,-2.5989478662983876,0.0
1449729868,1449879505,2021-01-29,725,0.5894308943089431,1,-1.176758566901363,2.5836963590737714,-2.40234504909498,1.7411374455423476,2.9524053215173964,-2.6578171359865896,0.0
1449729868,1449814752,2021-01-29,723,0.5878048780487805,1,-1.176758566901363,2.5836963590737714,-2.40234504909498,1.4190734646703156,2.626606666641762,-2.5942808390013044,0.0
1449729868,1449881293,2021-01-29,722,0.5869918699186992,1,-1.176758566901363,2.5836963590737714,-2.40234504909498,1.8961327625369722,3.110127191761819,-2.6873240705850936,0.0
1449710839,1449887314,2021-01-29,711,0.626431718061674,1,-0.7907645103927181,2.4039304437916647,-2.557124857599799,1.255544341168358,2.502721789731048,-2.4555880863267108,0.0
1449710839,1449727642,2021-01-29,705,0.6211453744493393,1,-0.7907645103927181,2.4039304437916647,-2.557124857599799,1.8983852428877788,3.113861387373058,-2.723192030886336,0.0
1449710839,1449747475,2021-01-29,701,0.6176211453744493,1,-0.7907645103927181,2.4039304437916647,-2.557124857599799,1.4160886601995273,2.660205349442183,-2.5980102197224246,0.0
1449710839,1449739750,2021-01-29,699,0.6158590308370044,1,-0.7907645103927181,2.4039304437916647,-2.557124857599799,1.409842436312395,2.599203699354648,-2.4565125336195726,0.0
1449710839,1449815476,2021-01-29,697,0.6140969162995594,1,-0.7907645103927181,2.4039304437916647,-2.557124857599799,1.7545692621438391,2.9585335032561844,-2.8478931053039123,0.0
1449710839,1449710825,2021-01-29,696,0.613215859030837,1,-0.7907645103927181,2.4039304437916647,-2.557124857599799,1.8964198886388852,2.723337400018588,-2.6921433570210427,0.0
1449710839,1449710900,2021-01-29,696,0.613215859030837,1,-0.7907645103927181,2.4039304437916647,-2.557124857599799,1.4160886601995273,2.3061966143452333,-2.5989478662983876,0.0
1449710839,1449727643,2021-01-29,694,0.6114537444933921,1,-0.7907645103927181,2.4039304437916647,-2.557124857599799,1.33824214002631,2.5721222152927057,-2.5749188884990266,0.0
1449710839,1449881293,2021-01-29,694,0.6114537444933921,1,-0.7907645103927181,2.4039304437916647,-2.557124857599799,1.8961327625369722,3.110127191761819,-2.6873240705850936,0.0
1449710839,1449950362,2021-01-29,693,0.6105726872246696,1,-0.7907645103927181,2.4039304437916647,-2.557124857599799,1.3339959884630397,2.5542491027908607,-2.522349447271777,0.0
1449710839,1449729868,2021-01-29,693,0.6105726872246696,1,-0.7907645103927181,2.4039304437916647,-2.557124857599799,1.4069377921724084,2.5836963590737714,-2.40234504909498,0.0
1449710839,1449709188,2021-01-29,692,0.6096916299559472,1,-0.7907645103927181,2.4039304437916647,-2.557124857599799,1.3193153532923005,2.200795124943573,-2.3416095545521536,0.0
1449719953,1449727643,2021-01-29,738,0.6074074074074074,1,-0.8247205676631426,2.4410309337248233,-2.6410213236999187,1.33824214002631,2.5721222152927057,-2.5749188884990266,0.0
1449719953,1449891244,2021-01-29,736,0.605761316872428,1,-0.8247205676631426,2.4410309337248233,-2.6410213236999187,1.4122045973356632,2.6403874516854664,-2.520736283508496,0.0
1449719953,1449880779,2021-01-29,731,0.6016460905349794,1,-0.8247205676631426,2.4410309337248233,-2.6410213236999187,1.4085807358206677,2.636852440787409,-2.470053293083013,0.0
1449719953,1449710825,2021-01-29,727,0.5983539094650205,1,-0.8247205676631426,2.4410309337248233,-2.6410213236999187,1.8964198886388852,2.723337400018588,-2.6921433570210427,0.0
1449719953,1449880254,2021-01-29,727,0.5983539094650205,1,-0.8247205676631426,2.4410309337248233,-2.6410213236999187,1.4102057999028064,2.632051818752345,-2.4832713264472694,0.0
1449719953,1449741142,2021-01-29,726,0.5975308641975309,1,-0.8247205676631426,2.4410309337248233,-2.6410213236999187,1.6199069354584683,2.8160890961514333,-2.6701619331827082,0.0
1449719953,1449710900,2021-01-29,726,0.5975308641975309,1,-0.8247205676631426,2.4410309337248233,-2.6410213236999187,1.4160886601995273,2.3061966143452333,-2.5989478662983876,0.0
1449719953,1449740560,2021-01-29,725,0.5967078189300411,1,-0.8247205676631426,2.4410309337248233,-2.6410213236999187,1.2598226584800682,2.5001140548669025,-2.49534813050842,0.0
1449719953,1449747475,2021-01-29,725,0.5967078189300411,1,-0.8247205676631426,2.4410309337248233,-2.6410213236999187,1.4160886601995273,2.660205349442183,-2.5980102197224246,0.0
1449719953,1449814752,2021-01-29,725,0.5967078189300411,1,-0.8247205676631426,2.4410309337248233,-2.6410213236999187,1.4190734646703156,2.626606666641762,-2.5942808390013044,0.0
1449719953,1449709188,2021-01-29,723,0.5950617283950618,1,-0.8247205676631426,2.4410309337248233,-2.6410213236999187,1.3193153532923005,2.200795124943573,-2.3416095545521536,0.0
1449719953,1449710918,2021-01-29,721,0.5934156378600823,1,-0.8247205676631426,2.4410309337248233,-2.6410213236999187,1.0224533352713983,1.886784565988713,-2.27401630685391,0.0
1449759754,1449710900,2021-01-29,726,0.634061135371179,1,-1.1962438164140603,2.6119850888706324,-2.5275679559211888,1.4160886601995273,2.3061966143452333,-2.5989478662983876,0.0
1449759754,1449747475,2021-01-29,713,0.622707423580786,1,-1.1962438164140603,2.6119850888706324,-2.5275679559211888,1.4160886601995273,2.660205349442183,-2.5980102197224246,0.0
1449759754,1449733727,2021-01-29,713,0.622707423580786,1,-1.1962438164140603,2.6119850888706324,-2.5275679559211888,1.751692022838293,2.9722382239804173,-2.7809541717271653,0.0
1449759754,1449710825,2021-01-29,707,0.617467248908297,1,-1.1962438164140603,2.6119850888706324,-2.5275679559211888,1.8964198886388852,2.723337400018588,-2.6921433570210427,0.0
1449759754,1449727643,2021-01-29,706,0.616593886462882,1,-1.1962438164140603,2.6119850888706324,-2.5275679559211888,1.33824214002631,2.5721222152927057,-2.5749188884990266,0.0
1449759754,1449740560,2021-01-29,705,0.6157205240174672,1,-1.1962438164140603,2.6119850888706324,-2.5275679559211888,1.2598226584800682,2.5001140548669025,-2.49534813050842,0.0
1449759754,1449880254,2021-01-29,704,0.6148471615720524,1,-1.1962438164140603,2.6119850888706324,-2.5275679559211888,1.4102057999028064,2.632051818752345,-2.4832713264472694,0.0
1449759754,1449730189,2021-01-29,701,0.6122270742358079,1,-1.1962438164140603,2.6119850888706324,-2.5275679559211888,1.5064609199864967,2.733183090029062,-2.5860027666593695,0.0
1449759754,1449727511,2021-01-29,701,0.6122270742358079,1,-1.1962438164140603,2.6119850888706324,-2.5275679559211888,1.619195695988186,2.819809509631976,-2.678408855771539,0.0
1449759754,1449751719,2021-01-29,699,0.6104803493449782,1,-1.1962438164140603,2.6119850888706324,-2.5275679559211888,1.3283165201607086,2.561036553557095,-2.454252908696999,0.0
1449759754,1449709350,2021-01-29,699,0.6104803493449782,1,-1.1962438164140603,2.6119850888706324,-2.5275679559211888,1.9040433804539971,2.7420501416354934,-2.8155705448134674,0.0
1449759754,1449727642,2021-01-29,699,0.6104803493449782,1,-1.1962438164140603,2.6119850888706324,-2.5275679559211888,1.8983852428877788,3.113861387373058,-2.723192030886336,0.0
1449751719,1449887314,2021-01-29,741,0.6200836820083682,1,-1.2327200333963864,2.561036553557095,-2.454252908696999,1.255544341168358,2.502721789731048,-2.4555880863267108,0.0
1449751719,1449815476,2021-01-29,731,0.6117154811715482,1,-1.2327200333963864,2.561036553557095,-2.454252908696999,1.7545692621438391,2.9585335032561844,-2.8478931053039123,0.0
1449751719,1449880254,2021-01-29,730,0.6108786610878661,1,-1.2327200333963864,2.561036553557095,-2.454252908696999,1.4102057999028064,2.632051818752345,-2.4832713264472694,0.0
1449751719,1449710888,2021-01-29,730,0.6108786610878661,1,-1.2327200333963864,2.561036553557095,-2.454252908696999,1.505794290114728,2.329256802373207,-2.545944853644327,0.0
1449751719,1449751546,2021-01-29,730,0.6108786610878661,1,-1.2327200333963864,2.561036553557095,-2.454252908696999,1.4194841627020638,2.6294242288207528,-2.586548469264998,0.0
1449751719,1449891041,2021-01-29,730,0.6108786610878661,1,-1.2327200333963864,2.561036553557095,-2.454252908696999,1.9032884986919736,3.112099697864564,-2.7832271204448373,0.0
1449751719,1449880779,2021-01-29,729,0.6100418410041841,1,-1.2327200333963864,2.561036553557095,-2.454252908696999,1.4085807358206677,2.636852440787409,-2.470053293083013,0.0
1449751719,1449758577,2021-01-29,729,0.6100418410041841,1,-1.2327200333963864,2.561036553557095,-2.454252908696999,1.2515964211505541,2.4351937906982144,-2.355363298341434,0.0
1449751719,1449950362,2021-01-29,726,0.6075313807531381,1,-1.2327200333963864,2.561036553557095,-2.454252908696999,1.3339959884630397,2.5542491027908607,-2.522349447271777,0.0
1449751719,1449729914,2021-01-29,725,0.606694560669456,1,-1.2327200333963864,2.561036553557095,-2.454252908696999,1.5093079916108734,2.720768404626586,-2.617427987691877,0.0
1449751719,1449881293,2021-01-29,723,0.605020920502092,1,-1.2327200333963864,2.561036553557095,-2.454252908696999,1.8961327625369722,3.110127191761819,-2.6873240705850936,0.0
1449751719,1449759604,2021-01-29,723,0.605020920502092,1,-1.2327200333963864,2.561036553557095,-2.454252908696999,1.2714380187564331,2.48948651837025,-2.5799577957869655,0.0
1449887314,1449815476,2021-01-29,752,0.6064516129032258,1,-1.24717744856269,2.502721789731048,-2.4555880863267108,1.7545692621438391,2.9585335032561844,-2.8478931053039123,0.0
1449887314,1449710825,2021-01-29,747,0.6024193548387097,1,-1.24717744856269,2.502721789731048,-2.4555880863267108,1.8964198886388852,2.723337400018588,-2.6921433570210427,0.0
1449887314,1449815684,2021-01-29,744,0.6,1,-1.24717744856269,2.502721789731048,-2.4555880863267108,1.515882255059793,2.7118478968269577,-2.6609253162518387,0.0
1449887314,1449739750,2021-01-29,743,0.5991935483870968,1,-1.24717744856269,2.502721789731048,-2.4555880863267108,1.409842436312395,2.599203699354648,-2.4565125336195726,0.0
1449887314,1449881293,2021-01-29,742,0.5983870967741935,1,-1.24717744856269,2.502721789731048,-2.4555880863267108,1.8961327625369722,3.110127191761819,-2.6873240705850936,0.0
1449887314,1449880779,2021-01-29,741,0.5975806451612903,1,-1.24717744856269,2.502721789731048,-2.4555880863267108,1.4085807358206677,2.636852440787409,-2.470053293083013,0.0
1449887314,1449751719,2021-01-29,741,0.5975806451612903,1,-1.24717744856269,2.502721789731048,-2.4555880863267108,1.3283165201607086,2.561036553557095,-2.454252908696999,0.0
1449887314,1449727633,2021-01-29,741,0.5975806451612903,1,-1.24717744856269,2.502721789731048,-2.4555880863267108,2.11100463324031,3.314464513670754,-2.9467389637518817,0.0
1449887314,1449710888,2021-01-29,740,0.5967741935483871,1,-1.24717744856269,2.502721789731048,-2.4555880863267108,1.505794290114728,2.329256802373207,-2.545944853644327,0.0
1449887314,1449741142,2021-01-29,740,0.5967741935483871,1,-1.24717744856269,2.502721789731048,-2.4555880863267108,1.6199069354584683,2.8160890961514333,-2.6701619331827082,0.0
1449887314,1449747475,2021-01-29,739,0.5959677419354839,1,-1.24717744856269,2.502721789731048,-2.4555880863267108,1.4160886601995273,2.660205349442183,-2.5980102197224246,0.0
1449887314,1449730189,2021-01-29,739,0.5959677419354839,1,-1.24717744856269,2.502721789731048,-2.4555880863267108,1.5064609199864967,2.733183090029062,-2.5860027666593695,0.0
1449746136,1449758747,2021-01-29,746,0.6165289256198347,1,-1.193158948264698,2.5175552494282543,-2.376331989137346,1.1375362241714124,2.381443927038303,-2.452330479353388,0.0
1449746136,1449747475,2021-01-29,744,0.6148760330578512,1,-1.193158948264698,2.5175552494282543,-2.376331989137346,1.4160886601995273,2.660205349442183,-2.5980102197224246,0.0
1449746136,1449733727,2021-01-29,741,0.6123966942148761,1,-1.193158948264698,2.5175552494282543,-2.376331989137346,1.751692022838293,2.9722382239804173,-2.7809541717271653,0.0
1449746136,1449719968,2021-01-29,735,0.6074380165289256,1,-1.193158948264698,2.5175552494282543,-2.376331989137346,1.261374423289405,2.0785334731130085,-2.4600525254472982,0.0
1449746136,1449950362,2021-01-29,735,0.6074380165289256,1,-1.193158948264698,2.5175552494282543,-2.376331989137346,1.3339959884630397,2.5542491027908607,-2.522349447271777,0.0
1449746136,1449879505,2021-01-29,734,0.6066115702479339,1,-1.193158948264698,2.5175552494282543,-2.376331989137346,1.7411374455423476,2.9524053215173964,-2.6578171359865896,0.0
1449746136,1449727511,2021-01-29,733,0.6057851239669422,1,-1.193158948264698,2.5175552494282543,-2.376331989137346,1.619195695988186,2.819809509631976,-2.678408855771539,0.0
1449746136,1449783045,2021-01-29,733,0.6057851239669422,1,-1.193158948264698,2.5175552494282543,-2.376331989137346,1.0683180950076747,2.2732344929076738,-2.248171671270251,0.0
1449746136,1449881293,2021-01-29,733,0.6057851239669422,1,-1.193158948264698,2.5175552494282543,-2.376331989137346,1.8961327625369722,3.110127191761819,-2.6873240705850936,0.0
1449746136,1449891244,2021-01-29,731,0.6041322314049586,1,-1.193158948264698,2.5175552494282543,-2.376331989137346,1.4122045973356632,2.6403874516854664,-2.520736283508496,0.0
1449746136,1449727642,2021-01-29,730,0.6033057851239669,1,-1.193158948264698,2.5175552494282543,-2.376331989137346,1.8983852428877788,3.113861387373058,-2.723192030886336,0.0
1449746136,1449814274,2021-01-29,729,0.6024793388429752,1,-1.193158948264698,2.5175552494282543,-2.376331989137346,1.5061175901753703,2.705943927479295,-2.5740344296840076,0.0
1449815684,1449887314,2021-01-29,744,0.6093366093366094,1,-1.1959656417671647,2.7118478968269577,-2.6609253162518387,1.255544341168358,2.502721789731048,-2.4555880863267108,0.0
1449815684,1449938569,2021-01-29,732,0.5995085995085995,1,-1.1959656417671647,2.7118478968269577,-2.6609253162518387,1.2691766644581643,2.4742437820511487,-2.5424911312242067,0.0
1449815684,1449727642,2021-01-29,732,0.5995085995085995,1,-1.1959656417671647,2.7118478968269577,-2.6609253162518387,1.8983852428877788,3.113861387373058,-2.723192030886336,0.0
1449815684,1449710900,2021-01-29,731,0.5986895986895987,1,-1.1959656417671647,2.7118478968269577,-2.6609253162518387,1.4160886601995273,2.3061966143452333,-2.5989478662983876,0.0
1449815684,1449759604,2021-01-29,730,0.5978705978705978,1,-1.1959656417671647,2.7118478968269577,-2.6609253162518387,1.2714380187564331,2.48948651837025,-2.5799577957869655,0.0
1449815684,1449879875,2021-01-29,728,0.5962325962325963,1,-1.1959656417671647,2.7118478968269577,-2.6609253162518387,1.5027990348512024,2.696748311117074,-2.511646210829899,0.0
1449815684,1449746136,2021-01-29,723,0.5921375921375921,1,-1.1959656417671647,2.7118478968269577,-2.6609253162518387,1.3243963011635562,2.5175552494282543,-2.376331989137346,0.0
1449815684,1449747475,2021-01-29,723,0.5921375921375921,1,-1.1959656417671647,2.7118478968269577,-2.6609253162518387,1.4160886601995273,2.660205349442183,-2.5980102197224246,0.0
1449815684,1449783150,2021-01-29,721,0.5904995904995906,1,-1.1959656417671647,2.7118478968269577,-2.6609253162518387,1.8977741129132166,3.08692329807422,-2.6888188391743233,0.0
1449815684,1449880779,2021-01-29,721,0.5904995904995906,1,-1.1959656417671647,2.7118478968269577,-2.6609253162518387,1.4085807358206677,2.636852440787409,-2.470053293083013,0.0
1449815684,1449881293,2021-01-29,720,0.5896805896805897,1,-1.1959656417671647,2.7118478968269577,-2.6609253162518387,1.8961327625369722,3.110127191761819,-2.6873240705850936,0.0
1449815684,1449733727,2021-01-29,718,0.588042588042588,1,-1.1959656417671647,2.7118478968269577,-2.6609253162518387,1.751692022838293,2.9722382239804173,-2.7809541717271653,0.0
1449740560,1449710825,2021-01-29,743,0.6080196399345336,1,-1.2402913963868343,2.5001140548669025,-2.49534813050842,1.8964198886388852,2.723337400018588,-2.6921433570210427,0.0
1449740560,1449710900,2021-01-29,738,0.6039279869067103,1,-1.2402913963868343,2.5001140548669025,-2.49534813050842,1.4160886601995273,2.3061966143452333,-2.5989478662983876,0.0
1449740560,1449950362,2021-01-29,735,0.6014729950900164,1,-1.2402913963868343,2.5001140548669025,-2.49534813050842,1.3339959884630397,2.5542491027908607,-2.522349447271777,0.0
1449740560,1449727643,2021-01-29,734,0.6006546644844517,1,-1.2402913963868343,2.5001140548669025,-2.49534813050842,1.33824214002631,2.5721222152927057,-2.5749188884990266,0.0
1449740560,1449891244,2021-01-29,733,0.599836333878887,1,-1.2402913963868343,2.5001140548669025,-2.49534813050842,1.4122045973356632,2.6403874516854664,-2.520736283508496,0.0
1449740560,1449881293,2021-01-29,733,0.599836333878887,1,-1.2402913963868343,2.5001140548669025,-2.49534813050842,1.8961327625369722,3.110127191761819,-2.6873240705850936,0.0
1449740560,1449733727,2021-01-29,732,0.5990180032733224,1,-1.2402913963868343,2.5001140548669025,-2.49534813050842,1.751692022838293,2.9722382239804173,-2.7809541717271653,0.0
1449740560,1449727511,2021-01-29,729,0.5965630114566285,1,-1.2402913963868343,2.5001140548669025,-2.49534813050842,1.619195695988186,2.819809509631976,-2.678408855771539,0.0
1449740560,1449783150,2021-01-29,729,0.5965630114566285,1,-1.2402913963868343,2.5001140548669025,-2.49534813050842,1.8977741129132166,3.08692329807422,-2.6888188391743233,0.0
1449740560,1449709188,2021-01-29,728,0.5957446808510638,1,-1.2402913963868343,2.5001140548669025,-2.49534813050842,1.3193153532923005,2.200795124943573,-2.3416095545521536,0.0
1449740560,1449747475,2021-01-29,728,0.5957446808510638,1,-1.2402913963868343,2.5001140548669025,-2.49534813050842,1.4160886601995273,2.660205349442183,-2.5980102197224246,0.0
1449740560,1449887314,2021-01-29,727,0.5949263502454992,1,-1.2402913963868343,2.5001140548669025,-2.49534813050842,1.255544341168358,2.502721789731048,-2.4555880863267108,0.0
1490594568,502,2021-02-01,3124,0.6013474494706449,1,-5.134874555759556,0.553046756311212,-0.6652948468809914,-5.349725586252808,0.03377839245802061,-0.04541525737500507,0.0
1490594568,15,2021-02-01,2050,0.3946102021174206,0,-5.134874555759556,0.553046756311212,-0.6652948468809914,-6.226771641075291,0.09997688191439558,-0.1225025200589922,0.0
1490594568,5,2021-02-01,1999,0.38479307025986526,0,-5.134874555759556,0.553046756311212,-0.6652948468809914,-7.667420448611318,-0.03780102413786324,0.04295128838533557,0.0
1490594568,8,2021-02-01,1986,0.38229066410009627,0,-5.134874555759556,0.553046756311212,-0.6652948468809914,-6.631071650497652,-0.04486999610199849,-0.000664855567148237,0.0
1490594568,47,2021-02-01,1602,0.30837343599615014,0,-5.134874555759556,0.553046756311212,-0.6652948468809914,-7.014217609339611,-0.023652319991919413,0.0353732335521002,0.0
1490594568,101,2021-02-01,1562,0.30067372473532245,0,-5.134874555759556,0.553046756311212,-0.6652948468809914,-5.2586644446260715,-0.012523106755619295,0.012916656101642943,0.0
1490594568,711,2021-02-01,1530,0.2945139557266602,0,-5.134874555759556,0.553046756311212,-0.6652948468809914,-6.158691474871957,-0.9042373400145411,0.9603577865410422,0.0
87194,313,2021-02-22,1249,0.9383921863260706,1,-0.7292054997921648,1.4960209130715194,-1.3446474437841456,-5.704056709384184,2.156314316259511e-05,-2.882915781299289e-05,0.0
87194,42,2021-02-22,1229,0.9233658903080391,1,-0.7292054997921648,1.4960209130715194,-1.3446474437841456,-4.412674391611166,0.019366043897629304,-0.023626007376257974,0.0
87194,3692,2021-02-22,1107,0.8317054845980466,1,-0.7292054997921648,1.4960209130715194,-1.3446474437841456,-1.150095702486301,0.17460271130223748,-0.23433609174648673,0.0
87194,82,2021-02-22,1097,0.8241923365890308,1,-0.7292054997921648,1.4960209130715194,-1.3446474437841456,-2.8585139143518683,0.05291125890558046,-0.06796479562876634,0.0
87194,26356,2021-02-22,1094,0.821938392186326,1,-0.7292054997921648,1.4960209130715194,-1.3446474437841456,-1.2187503568964166,0.18352729676770263,-0.2438399184291118,0.0
87194,2560,2021-02-22,1037,0.7791134485349361,1,-0.7292054997921648,1.4960209130715194,-1.3446474437841456,-2.3891893191387803,0.02437307609908901,-0.032334070335204856,0.0
87194,110,2021-02-22,1035,0.777610818933133,1,-0.7292054997921648,1.4960209130715194,-1.3446474437841456,-2.5809980556087853,-0.05738764661588247,0.0789701093638282,0.0
87194,54,2021-02-22,1004,0.754320060105184,1,-0.7292054997921648,1.4960209130715194,-1.3446474437841456,-1.339319670317204,0.01942271408724272,-0.02633897115693884,0.0
87194,1615,2021-02-22,1003,0.7535687453042825,1,-0.7292054997921648,1.4960209130715194,-1.3446474437841456,-0.8543948821953238,0.0706047155653503,-0.13540463700620275,0.0
87194,145,2021-02-22,1000,0.7513148009015778,1,-0.7292054997921648,1.4960209130715194,-1.3446474437841456,-1.2903709415288165,-0.01936646474623349,0.05079901232217132,0.0
87194,5734,2021-02-22,997,0.749060856498873,1,-0.7292054997921648,1.4960209130715194,-1.3446474437841456,-1.17223076738527,0.08540133266926975,-0.08181504359223624,0.0
87194,639,2021-02-22,973,0.7310293012772352,1,-0.7292054997921648,1.4960209130715194,-1.3446474437841456,-2.9070322851925776,0.01861177133521652,-0.024349523863442357,0.0
432465,445015,2021-03-25,5536,0.15847025820117935,0,-3.455251240863641,1.0339807488247632,-0.9030936882800145,-4.925537445576856,-0.39863371632173283,0.5658406238446201,-0.009471347335269442
432465,102912232,2021-03-25,4480,0.1282418274460411,0,-3.455251240863641,1.0339807488247632,-0.9030936882800145,-2.256174936449533,0.4898099602573218,-0.4834118755959018,0.2407154138209915
432465,1271054083,2021-03-25,4424,0.1266388046029656,0,-3.455251240863641,1.0339807488247632,-0.9030936882800145,-2.810865154135394,0.3781926058075298,-0.5500000738210247,0.22756180255671765
432465,358263,2021-03-25,3829,0.10960668689528826,0,-3.455251240863641,1.0339807488247632,-0.9030936882800145,-0.900096290686544,-0.057097922986512506,0.03421795731034116,0.46120269235069333
432465,311477,2021-03-25,3812,0.1091200549607832,0,-3.455251240863641,1.0339807488247632,-0.9030936882800145,-0.902236022740053,1.0854786501658968,-1.1367903108847575,0.23827476509896428
432465,136480,2021-03-25,3714,0.10631476498540104,0,-3.455251240863641,1.0339807488247632,-0.9030936882800145,-1.873549054222362,2.298794122611814,-1.8690183349672953,0.2525160976072467
432465,275241,2021-03-25,3431,0.09821377454628728,0,-3.455251240863641,1.0339807488247632,-0.9030936882800145,-2.6824837447168637,1.2832493391537954,-0.3812863843117995,0.3182321020170935
432465,1901707513,2021-03-25,3198,0.09154405450277667,0,-3.455251240863641,1.0339807488247632,-0.9030936882800145,-6.358966378679912,-3.163099567584638,3.304340911286925,0.0
432465,828337656,2021-03-25,3141,0.08991240625178909,0,-3.455251240863641,1.0339807488247632,-0.9030936882800145,-1.504676075116997,0.3990433589408622,-0.399231524077754,0.19953725945851453
470014,34560,2021-03-25,21,0.8076923076923077,1,1.7915756636030054,-0.45917692783516406,-1.7917594692280545,1.2711701789835315,0.12146326195881718,-1.7018112325651158,0.17693070815907763
470014,95704020,2021-03-25,20,0.7692307692307693,1,1.7915756636030054,-0.45917692783516406,-1.7917594692280545,1.3323987357678413,-0.45917692783516406,-1.7917594692280545,0.2373281863061658
470014,469987,2021-03-25,20,0.7692307692307693,1,1.7915756636030054,-0.45917692783516406,-1.7917594692280545,1.929692982912721,-0.38697489770234017,-1.6863989535702288,0.23180161405732447
470014,75391848,2021-03-25,20,0.7692307692307693,1,1.7915756636030054,-0.45917692783516406,-1.7917594692280545,2.3166678806150616,-0.3071592563725889,-1.5404450409471486,0.2231435513142097
470014,17155,2021-03-25,19,0.7307692307692307,1,1.7915756636030054,-0.45917692783516406,-1.7917594692280545,2.1452859454662256,0.6258278356920419,-1.1394342831883653,0.23947997063390325
470014,470177,2021-03-25,19,0.7307692307692307,1,1.7915756636030054,-0.45917692783516406,-1.7917594692280545,1.6747991340367703,-0.423935785938824,-1.742969305058623,0.25782910930209946
470014,161993,2021-03-25,19,0.7307692307692307,1,1.7915756636030054,-0.45917692783516406,-1.7917594692280545,1.3323987357678413,-0.45917692783516406,-1.7917594692280545,0.2373281863061658
470014,200513,2021-03-25,19,0.7307692307692307,1,1.7915756636030054,-0.45917692783516406,-1.7917594692280545,1.2058472584815316,-0.4689518755552391,-1.8044984950054848,0.23795863709935094
470014,56507988,2021-03-25,19,0.7307692307692307,1,1.7915756636030054,-0.45917692783516406,-1.7917594692280545,1.6747991340367703,-0.423935785938824,-1.742969305058623,0.23483959107740082
470014,225319,2021-03-25,19,0.7307692307692307,1,1.7915756636030054,-0.45917692783516406,-1.7917594692280545,1.4844164072304167,-0.44527657568230383,-1.7730673362159024,0.23638877806423064
470014,470344,2021-03-25,19,0.7307692307692307,1,1.7915756636030054,-0.45917692783516406,-1.7917594692280545,1.6747991340367703,-0.423935785938824,-1.742969305058623,0.23483959107740082
470014,85823059,2021-03-25,19,0.7307692307692307,1,1.7915756636030054,-0.45917692783516406,-1.7917594692280545,1.4844164072304167,-0.44527657568230383,-1.7730673362159024,0.23638877806423064
43261,4933,2021-03-31,175,0.41273584905660377,0,1.0505619669594544,1.1582009570017315,-1.4939250253122558,1.8914381803697384,0.740738671742821,-0.9096017437233588,0.23674920336998806
43261,3214,2021-03-31,174,0.41037735849056606,0,1.0505619669594544,1.1582009570017315,-1.4939250253122558,2.0568170110425203,0.39488924270636594,-0.603535021870258,-2.0543122528779305
43261,2630,2021-03-31,173,0.4080188679245283,0,1.0505619669594544,1.1582009570017315,-1.4939250253122558,2.1433729117321545,0.5300889895788037,-1.178654996341646,0.3689954283267731
43261,14959,2021-03-31,170,0.4009433962264151,0,1.0505619669594544,1.1582009570017315,-1.4939250253122558,2.095299615201282,1.6472130429237803,-2.3050211477919262,0.06575137756278071
43261,2710,2021-03-31,169,0.39858490566037735,0,1.0505619669594544,1.1582009570017315,-1.4939250253122558,2.070172660887248,1.0277604950540553,-1.2606681480024813,0.04255961441879563
43261,10423,2021-03-31,168,0.39622641509433965,0,1.0505619669594544,1.1582009570017315,-1.4939250253122558,2.265177776728882,1.101247763164069,-3.7079276490846307,0.05129329438755015
43261,16168,2021-03-31,166,0.3915094339622642,0,1.0505619669594544,1.1582009570017315,-1.4939250253122558,1.6043040552891636,0.1748169839185425,1.906008932303128,0.17062551703076334
43261,2691,2021-03-31,165,0.3891509433962264,0,1.0505619669594544,1.1582009570017315,-1.4939250253122558,2.05305028591093,1.0048058166806793,-1.585627263740382,-0.5856880282451984
43261,3109,2021-03-31,165,0.3891509433962264,0,1.0505619669594544,1.1582009570017315,-1.4939250253122558,1.226122792810622,3.790391189980393,-5.357769171515228,-0.00390249821233013
43261,1027,2021-03-31,165,0.3891509433962264,0,1.0505619669594544,1.1582009570017315,-1.4939250253122558,1.8471410878013481,0.8953012448242053,-0.9051174312760297,0.015151805020602538
43261,4676,2021-03-31,164,0.3867924528301887,0,1.0505619669594544,1.1582009570017315,-1.4939250253122558,2.2586781210505853,0.7256725304003504,-1.203972804325936,1.4970829226733908
43261,8933,2021-03-31,164,0.3867924528301887,0,1.0505619669594544,1.1582009570017315,-1.4939250253122558,1.5668045192902922,0.6035883565861135,0.8465336264944474,-0.5260930958967789
85375,313,2021-04-02,1931,0.8291112065264061,1,0.19180758993251962,1.1492715989456095,-1.1957423051894205,0.031169397589111653,3.6421205616451187,-6.649590056555469,0.000717359499592618
85375,42,2021-04-02,1787,0.7672820953198798,1,0.19180758993251962,1.1492715989456095,-1.1957423051894205,-3.36170894911539,0.6683679701419445,-1.0581964115905027,0.11916657221708427
85375,5734,2021-04-02,1712,0.7350794332331473,1,0.19180758993251962,1.1492715989456095,-1.1957423051894205,-0.20762644774169142,0.6162056954529715,-0.38400393373333763,0.2556998345094694
85375,82,2021-04-02,1669,0.716616573636754,1,0.19180758993251962,1.1492715989456095,-1.1957423051894205,-3.145137324158418,-0.09688095520600104,0.5029818970187492,0.05711542702725936
85375,3700,2021-04-02,1660,0.712752254186346,1,0.19180758993251962,1.1492715989456095,-1.1957423051894205,0.7216730739462411,1.0641015806629084,-1.304528406423323,-0.02131708751181982
85375,8270,2021-04-02,1647,0.7071704594246457,1,0.19180758993251962,1.1492715989456095,-1.1957423051894205,1.1777313812920036,1.1018976903837068,-1.176864485567858,0.0559942693545743
85375,8589,2021-04-02,1644,0.7058823529411765,1,0.19180758993251962,1.1492715989456095,-1.1957423051894205,0.8189220720908577,0.8609476762068557,-1.2812503512409377,0.013225762219260417
85375,43199,2021-04-02,1618,0.6947187634177758,1,0.19180758993251962,1.1492715989456095,-1.1957423051894205,1.0752549296031246,0.878605974768339,-0.7400715143178411,0.01892341766336525
85375,22272,2021-04-02,1607,0.6899957063117218,1,0.19180758993251962,1.1492715989456095,-1.1957423051894205,1.5016438903884326,1.3603730103598568,-1.7938537108311694,0.005604872216055767
85375,110,2021-04-02,1604,0.6887075998282525,1,0.19180758993251962,1.1492715989456095,-1.1957423051894205,-2.4256428299167294,0.3417806557791465,0.3260559528927036,-0.05649861096166653
85375,83654,2021-04-02,1598,0.6861313868613139,1,0.19180758993251962,1.1492715989456095,-1.1957423051894205,1.6398718744450935,1.3712124876258263,-1.921245221574508,-0.0040342969492517256
85375,456,2021-04-02,1595,0.6848432803778446,1,0.19180758993251962,1.1492715989456095,-1.1957423051894205,0.6599426254951518,0.7683175426419556,-0.7610685277011369,-0.038874152761664504
83651,313,2021-04-02,1870,0.9157688540646425,1,0.6204479245239917,1.3827474057157554,-2.6594523261363316,0.031169397589111653,3.6421205616451187,-6.649590056555469,0.000717359499592618
83651,42,2021-04-02,1742,0.8530852105778648,1,0.6204479245239917,1.3827474057157554,-2.6594523261363316,-3.36170894911539,0.6683679701419445,-1.0581964115905027,0.11916657221708427
83651,82,2021-04-02,1631,0.7987267384916749,1,0.6204479245239917,1.3827474057157554,-2.6594523261363316,-3.145137324158418,-0.09688095520600104,0.5029818970187492,0.05711542702725936
83651,110,2021-04-02,1567,0.767384916748286,1,0.6204479245239917,1.3827474057157554,-2.6594523261363316,-2.4256428299167294,0.3417806557791465,0.3260559528927036,-0.05649861096166653
83651,26356,2021-04-02,1560,0.7639569049951028,1,0.6204479245239917,1.3827474057157554,-2.6594523261363316,-0.32789917224759974,0.710143115567325,-0.5703975635387106,-0.6594784622736238
83651,3692,2021-04-02,1549,0.7585700293829579,1,0.6204479245239917,1.3827474057157554,-2.6594523261363316,-0.5844045991052145,0.45189251346453796,-0.24191762919888582,-1.4432873828277764
83651,639,2021-04-02,1539,0.7536728697355534,1,0.6204479245239917,1.3827474057157554,-2.6594523261363316,-3.8438405181466018,-0.5264055779575649,0.8613205868037141,0.003697743820922028
83651,54,2021-04-02,1518,0.7433888344760039,1,0.6204479245239917,1.3827474057157554,-2.6594523261363316,-0.16696370663962123,0.5441210432359934,0.5349560911956823,0.01568012319921941
83651,145,2021-04-02,1516,0.742409402546523,1,0.6204479245239917,1.3827474057157554,-2.6594523261363316,0.32232219032822723,1.5818037223570458,-1.9130636352830175,0.021845791440748386
83651,1615,2021-04-02,1511,0.7399608227228207,1,0.6204479245239917,1.3827474057157554,-2.6594523261363316,-2.276480813484674,-0.7805426557651414,0.7025178290434599,-0.0586487270815077
83651,707,2021-04-02,1509,0.7389813907933399,1,0.6204479245239917,1.3827474057157554,-2.6594523261363316,-0.7584641878925176,0.8022529351975969,-0.61394785269413,-0.015694203275780083
83651,39033,2021-04-02,1508,0.7384916748285995,1,0.6204479245239917,1.3827474057157554,-2.6594523261363316,-1.5293731304665623,0.4340935657251799,0.19611628492244115,0.12801765978333712
96054,32727,2021-04-07,590,0.6916764361078547,1,-0.08550088212080723,0.6870542504818239,-0.7546884527384758,0.49152831385391044,0.46338669876634375,-0.5197109810926053,-0.11197367154954385
96054,113300,2021-04-07,583,0.6834701055099648,1,-0.08550088212080723,0.6870542504818239,-0.7546884527384758,0.4973115590920968,0.3644216000280647,-0.35974714297570287,-0.14624550032014483
96054,11069,2021-04-07,580,0.6799531066822978,1,-0.08550088212080723,0.6870542504818239,-0.7546884527384758,0.20811201100941537,0.6311602338609517,-0.4114454762096509,-0.10194754306158593
96054,10315,2021-04-07,580,0.6799531066822978,1,-0.08550088212080723,0.6870542504818239,-0.7546884527384758,0.47261672758328965,0.39836663419749896,-0.585444743457038,-0.12083647314327361
96054,2560,2021-04-07,580,0.6799531066822978,1,-0.08550088212080723,0.6870542504818239,-0.7546884527384758,-1.0042190894132832,-0.39749271981508716,0.13406181219883173,-0.014024957696811668
96054,21975,2021-04-07,576,0.675263774912075,1,-0.08550088212080723,0.6870542504818239,-0.7546884527384758,0.16623777849091612,0.29872994442639433,-0.11947365313429081,-0.0791373205587238
96054,19030,2021-04-07,576,0.675263774912075,1,-0.08550088212080723,0.6870542504818239,-0.7546884527384758,0.6780260884826597,0.5906710770304154,-0.7960480263095313,-0.0303974771843718
96054,32725,2021-04-07,575,0.6740914419695193,1,-0.08550088212080723,0.6870542504818239,-0.7546884527384758,0.4795506148396993,0.5196295778644524,-0.6048723795235436,-0.09732834396056234
96054,127265,2021-04-07,575,0.6740914419695193,1,-0.08550088212080723,0.6870542504818239,-0.7546884527384758,0.7344615904202971,0.583159576736121,-0.7993476794674974,-0.0881072675102672
96054,237,2021-04-07,575,0.6740914419695193,1,-0.08550088212080723,0.6870542504818239,-0.7546884527384758,0.23503920140534426,0.45502239345805306,-0.30345685836701897,-0.017910926566529817
96054,32720,2021-04-07,575,0.6740914419695193,1,-0.08550088212080723,0.6870542504818239,-0.7546884527384758,0.31274511432198215,0.40640519910295886,-0.19992526121220244,0.026317308317374
96054,55820,2021-04-07,575,0.6740914419695193,1,-0.08550088212080723,0.6870542504818239,-0.7546884527384758,0.09089292757053445,0.20241305797697484,0.24808139885451563,-0.11383514264879846
102398,1711,2021-04-08,579,0.6959134615384616,1,0.013604141443582131,0.6202564835643058,-1.2644590082585596,-0.5506216408225476,0.5236531779423524,-2.0678271566877413,0.0031257788139722464
102398,82,2021-04-08,578,0.6947115384615384,1,0.013604141443582131,0.6202564835643058,-1.2644590082585596,-3.3572443722884397,-0.3136012845537235,0.42401021913048176,0.09057808082230956
102398,19030,2021-04-08,576,0.6923076923076923,1,0.013604141443582131,0.6202564835643058,-1.2644590082585596,0.7496491999870756,0.6671975454902249,-1.0618128842038388,-0.018127384592556695
102398,32723,2021-04-08,576,0.6923076923076923,1,0.013604141443582131,0.6202564835643058,-1.2644590082585596,0.19567698358490207,0.3693201550376508,-0.4278465103042999,-0.04145671367834591
102398,32725,2021-04-08,576,0.6923076923076923,1,0.013604141443582131,0.6202564835643058,-1.2644590082585596,0.5466030104683219,0.5943039719288161,-0.8821965205311786,-0.06453852113757108
102398,32724,2021-04-08,575,0.6911057692307693,1,0.013604141443582131,0.6202564835643058,-1.2644590082585596,0.6005218013511566,0.6406995174011827,-1.1028228212044526,-0.12783337150988494
102398,2560,2021-04-08,575,0.6911057692307693,1,0.013604141443582131,0.6202564835643058,-1.2644590082585596,-0.9904227913563163,-0.33376442189978184,-0.020330733264286138,-0.013528382328166444
102398,11069,2021-04-08,574,0.6899038461538461,1,0.013604141443582131,0.6202564835643058,-1.2644590082585596,0.27397462401901973,0.7055072568018921,-0.6877728873941686,-0.05575214163519515
102398,32727,2021-04-08,574,0.6899038461538461,1,0.013604141443582131,0.6202564835643058,-1.2644590082585596,0.5830878433262647,0.5877325070100476,-0.853067800664733,-0.11197367154954385
102398,237,2021-04-08,573,0.6887019230769231,1,0.013604141443582131,0.6202564835643058,-1.2644590082585596,0.29075355062541025,0.5250854197656348,-0.5539756150591613,-0.041797128678461526
102398,18303,2021-04-08,573,0.6887019230769231,1,0.013604141443582131,0.6202564835643058,-1.2644590082585596,0.4376045920036526,0.4846051016716195,-1.2045714275105288,-0.06939199342399949
102398,685,2021-04-08,573,0.6887019230769231,1,0.013604141443582131,0.6202564835643058,-1.2644590082585596,-2.5337217578877596,-0.21165055981727,0.26074120260557265,-0.014881541123854092
98928,6352,2021-04-10,583,0.6826697892271663,1,-0.1364220436692686,0.8300198269369137,-1.9230467846122412,0.4986663666217811,0.768894678899692,-1.180223624114273,-0.057867382320548444
98928,1711,2021-04-10,583,0.6826697892271663,1,-0.1364220436692686,0.8300198269369137,-1.9230467846122412,-0.38082052743728123,0.4829114089741775,-0.7895165222124163,0.0031671143656524237
98928,127265,2021-04-10,579,0.6779859484777517,1,-0.1364220436692686,0.8300198269369137,-1.9230467846122412,1.0810259107406834,1.0845212498996746,-1.9113046198778383,-0.0881072675102672
98928,32727,2021-04-10,579,0.6779859484777517,1,-0.1364220436692686,0.8300198269369137,-1.9230467846122412,0.8584464439545011,0.9802423556126497,-1.8117057334104345,-0.11197367154954385
98928,25093,2021-04-10,578,0.6768149882903981,1,-0.1364220436692686,0.8300198269369137,-1.9230467846122412,0.4167452721034497,0.7092489878131596,-1.172224106011356,-0.020619287202735315
98928,97240,2021-04-10,577,0.6756440281030445,1,-0.1364220436692686,0.8300198269369137,-1.9230467846122412,1.0790255289520618,1.1030373644853095,-1.7559866206137489,-0.043350440873613394
98928,100575,2021-04-10,577,0.6756440281030445,1,-0.1364220436692686,0.8300198269369137,-1.9230467846122412,0.7689797477000692,0.800211343215413,-1.587847279841733,-0.05913052322682244
98928,32723,2021-04-10,575,0.6733021077283372,1,-0.1364220436692686,0.8300198269369137,-1.9230467846122412,0.35077537646721885,0.6434951929519703,-1.1035750780102385,-0.04652001563489261
98928,2605,2021-04-10,573,0.6709601873536299,1,-0.1364220436692686,0.8300198269369137,-1.9230467846122412,-1.6218165426848583,0.0007140635166824616,-0.2959301717552467,0.02164346416016727
98928,17654,2021-04-10,573,0.6709601873536299,1,-0.1364220436692686,0.8300198269369137,-1.9230467846122412,0.3956461184462059,0.6606177953206205,-1.0243266492846415,0.005633817718256218
98928,105843,2021-04-10,573,0.6709601873536299,1,-0.1364220436692686,0.8300198269369137,-1.9230467846122412,0.7375737705875307,0.7244886462435334,-1.5511885163148857,-0.04520543676804678
98928,19030,2021-04-10,573,0.6709601873536299,1,-0.1364220436692686,0.8300198269369137,-1.9230467846122412,0.9520737210718769,0.9335030723358007,-1.7392815319794384,-0.01204833851617515
55820,82,2021-04-14,2008,0.7669977081741788,1,-0.22023614522492638,0.9495216357747251,-2.2410941321588886,-3.5044559726631754,-0.3920935973506565,-0.5374406191632861,0.06922895900466308
55820,2560,2021-04-14,2007,0.7666157372039725,1,-0.22023614522492638,0.9495216357747251,-2.2410941321588886,-1.6082131755177453,-1.1541597342061067,0.4640752906758552,-0.023407361760728662
55820,545,2021-04-14,1974,0.7540106951871658,1,-0.22023614522492638,0.9495216357747251,-2.2410941321588886,-2.521640472367076,-0.12843523505335286,-0.8899620146498481,-0.010054929320213901
55820,685,2021-04-14,1943,0.7421695951107716,1,-0.22023614522492638,0.9495216357747251,-2.2410941321588886,-2.463437611361779,-0.06881108279222214,-0.969330641514146,-0.05119621845329192
55820,1274,2021-04-14,1931,0.7375859434682964,1,-0.22023614522492638,0.9495216357747251,-2.2410941321588886,-3.239148666210318,0.9563347741659518,-1.438722383036728,0.025779145358235667
55820,172,2021-04-14,1927,0.7360580595874714,1,-0.22023614522492638,0.9495216357747251,-2.2410941321588886,-2.0938810296517127,0.07047772725459023,-1.1181976169397636,0.03328500634557763
55820,19455,2021-04-14,1911,0.7299465240641712,1,-0.22023614522492638,0.9495216357747251,-2.2410941321588886,0.7954859552583983,1.0109746501748749,-2.2768845098854653,-0.11314265609988094
55820,3863,2021-04-14,1898,0.7249809014514896,1,-0.22023614522492638,0.9495216357747251,-2.2410941321588886,0.6566765509135355,0.794084932915572,-2.062405354527268,-0.09166718852582356
55820,24130,2021-04-14,1895,0.7238349885408709,1,-0.22023614522492638,0.9495216357747251,-2.2410941321588886,0.9308833785126108,1.193899508917684,-2.415027907875479,0.21200300806601824
55820,2113,2021-04-14,1894,0.7234530175706646,1,-0.22023614522492638,0.9495216357747251,-2.2410941321588886,-1.1978384375657547,0.19175276498771376,-1.2669017245618006,-0.05635293655113216
55820,360,2021-04-14,1880,0.7181054239877769,1,-0.22023614522492638,0.9495216357747251,-2.2410941321588886,-2.1635386809466977,-0.1264816922158003,-0.9455162112132456,0.0015238098186660665
55820,2595,2021-04-14,1863,0.7116119174942704,1,-0.22023614522492638,0.9495216357747251,-2.2410941321588886,-1.5954757844793193,0.05426061193183318,-1.1067002892852766,0.015602590747745282
83654,313,2021-05-13,1837,0.8157193605683837,1,0.6855766372408817,0.6961492777139889,-2.915558530041965,-1.4784138934149382,-0.9553401698631584,0.9336646998102083,-0.15326444831925734
83654,42,2021-05-13,1708,0.7584369449378331,1,0.6855766372408817,0.6961492777139889,-2.915558530041965,-3.033314050876207,0.12406959765039138,0.4875814222935979,-0.020098437627950716
83654,5734,2021-05-13,1648,0.7317939609236235,1,0.6855766372408817,0.6961492777139889,-2.915558530041965,0.16421825475640744,0.4550001173831059,-0.47646419624867953,-0.2742790423244408
83654,3700,2021-05-13,1628,0.7229129662522202,1,0.6855766372408817,0.6961492777139889,-2.915558530041965,0.40736563499834355,0.25989325156211135,-0.5145421133105454,-0.19801288658863125
83654,8270,2021-05-13,1622,0.7202486678507993,1,0.6855766372408817,0.6961492777139889,-2.915558530041965,0.5210920483638518,0.09443405481906081,-0.04667513857013006,-0.28998887854969624
83654,22272,2021-05-13,1619,0.7189165186500888,1,0.6855766372408817,0.6961492777139889,-2.915558530041965,1.664598176043395,0.08193596977091833,-0.3432519236065916,-0.2255937427521415
83654,8589,2021-05-13,1600,0.7104795737122558,1,0.6855766372408817,0.6961492777139889,-2.915558530041965,0.41009258640583585,-0.07479773988956118,-0.030153038170687374,-0.20279186820498118
83654,85375,2021-05-13,1598,0.7095914742451155,1,0.6855766372408817,0.6961492777139889,-2.915558530041965,1.5113120000041167,0.1962745098484051,-0.3113136769850575,-0.22658589550518204
83654,82,2021-05-13,1585,0.7038188277087034,1,0.6855766372408817,0.6961492777139889,-2.915558530041965,-3.1226128918887843,0.04842483101185957,-0.024516501718800043,-0.07382655154061801
83654,43199,2021-05-13,1578,0.7007104795737122,1,0.6855766372408817,0.6961492777139889,-2.915558530041965,1.1730269770191084,0.1801547540936168,-0.21486971697681323,-0.26288387996372364
83654,22264,2021-05-13,1571,0.6976021314387212,1,0.6855766372408817,0.6961492777139889,-2.915558530041965,1.584271042790932,0.08109499657744412,-0.49353412665592966,-0.22364467886165595
83654,22276,2021-05-13,1569,0.6967140319715808,1,0.6855766372408817,0.6961492777139889,-2.915558530041965,1.4524415191025166,0.24071554629181935,-0.3692620594442042,-0.2451572678841769
214058,4786,2021-06-19,362,0.863961813842482,1,,,1.6094379124341003,-2.1444589345903236,-0.10783563075407487,-0.010676383802501022,-0.7858053253491306
214058,326,2021-06-19,196,0.4677804295942721,0,,,1.6094379124341003,-2.533630324009228,0.2370898643073054,-0.3862205183833858,-0.9278110947979545
214058,15,2021-06-19,169,0.4033412887828162,0,,,1.6094379124341003,-6.260029421739032,-0.0787348231879843,0.07550770993147005,-0.4990274336963285
214058,463597124,2021-06-19,156,0.3723150357995227,0,,,1.6094379124341003,2.3727569787453384,-0.011332744653436144,0.40546510810816416,0.0
214058,463272781,2021-06-19,153,0.36515513126491644,0,,,1.6094379124341003,2.3166678806150616,,1.0986122886681098,0.0
214058,113205,2021-06-19,150,0.35799522673031026,0,,,1.6094379124341003,2.6238271369876505,0.0,0.0,-1.6094379124341003
1392113492,2142862519,2021-07-15,4313,0.29650763096383886,0,-5.545785248810212,0.6186615869198961,-0.7263988243180837,-4.2679254587342985,-0.4042687854460367,0.5207807353851823,-1.6613418956236021
1392113492,445015,2021-07-15,3914,0.2690774095971401,0,-5.545785248810212,0.6186615869198961,-0.7263988243180837,-4.552500222249589,-0.7012185688124091,1.1964771512089563,0.17467317827570916
1392113492,15,2021-07-15,3822,0.2627526467757459,0,-5.545785248810212,0.6186615869198961,-0.7263988243180837,-6.378501063869087,-0.007704333565389909,0.01139621204874608,0.010193523917164882
1392113492,28402,2021-07-15,3615,0.24852193042760898,0,-5.545785248810212,0.6186615869198961,-0.7263988243180837,-2.820609566199143,0.5301233811205313,-0.5204457154332776,-1.946961842817256
1392113492,571184990,2021-07-15,2985,0.20521105458545305,0,-5.545785248810212,0.6186615869198961,-0.7263988243180837,-3.0479207941157327,0.0765836031943623,0.022406607824397184,-0.03277932671843331
1392113492,8,2021-07-15,2826,0.19428021449195657,0,-5.545785248810212,0.6186615869198961,-0.7263988243180837,-5.808710756366084,-0.011289395917878586,0.2600721414245193,0.02857394726397544
1392113492,612176483,2021-07-15,2705,0.18596177643338374,0,-5.545785248810212,0.6186615869198961,-0.7263988243180837,-1.9700412888579848,-0.8558234114166217,0.6739121919023354,0.6460016958028358
1392113492,5,2021-07-15,2673,0.18376185893029012,0,-5.545785248810212,0.6186615869198961,-0.7263988243180837,-6.644385532632546,0.012176450264656857,0.0043822916105149545,0.1021546991332496
1392113492,2018450532,2021-07-15,2579,0.17729960126495256,0,-5.545785248810212,0.6186615869198961,-0.7263988243180837,-3.1892329122337104,-0.6555352267016232,1.3357753885535555,-0.43863341266696665
1392113492,47,2021-07-15,2446,0.16815619414271965,0,-5.545785248810212,0.6186615869198961,-0.7263988243180837,-5.641540826237838,-0.05531051158631328,0.09460821585767931,-0.048058547814008534
1392113492,502,2021-07-15,2321,0.15956276639626013,0,-5.545785248810212,0.6186615869198961,-0.7263988243180837,-3.8857000133220256,-0.1353601823199817,0.04593717213072779,-0.3479418994825476
1392113492,5745,2021-07-15,2228,0.15316925615289426,0,-5.545785248810212,0.6186615869198961,-0.7263988243180837,-2.472090540317217,-0.29174482490940523,0.2367691818402502,0.6113040798554863
431475,2143689183,2021-07-21,3563,0.14869997078586036,0,-1.0703146298925594,0.6586928503992416,-0.8046378713886426,-6.2849262288867935,0.012441420522721458,-0.01620088755681337,2.628793079670084
431475,2142864304,2021-07-21,3557,0.1484495638746296,0,-1.0703146298925594,0.6586928503992416,-0.8046378713886426,-3.0959350118096447,-0.036185667791007514,-0.00413125658994673,-3.147852900580933
431475,2004429834,2021-07-21,3519,0.14686365343683486,0,-1.0703146298925594,0.6586928503992416,-0.8046378713886426,-4.46220818625305,0.17427625552111436,-0.2256654765393602,-0.05319344057161146
431475,2018450532,2021-07-21,3132,0.13071240766245149,0,-1.0703146298925594,0.6586928503992416,-0.8046378713886426,-3.3328060301884586,-0.9565138001404656,1.7112268542515476,-1.0095446879419203
431475,2001124710,2021-07-21,3002,0.12528692458578525,0,-1.0703146298925594,0.6586928503992416,-0.8046378713886426,-4.574275229287548,1.6305292788400552,-1.5578070873396825,2.5505998462624504
431475,228447,2021-07-21,2967,0.12382621760360586,0,-1.0703146298925594,0.6586928503992416,-0.8046378713886426,-1.2678591066145257,0.3597825867693889,0.05352448041570401,0.15913822133829747
431475,138294,2021-07-21,2951,0.12315846584032386,0,-1.0703146298925594,0.6586928503992416,-0.8046378713886426,0.8242574826974802,0.4279263530080102,0.2816397579958183,-3.286856690196745
431475,399022,2021-07-21,2851,0.11898501731981136,0,-1.0703146298925594,0.6586928503992416,-0.8046378713886426,-1.7476389061909512,-0.1139940739410159,0.984481014095401,-0.3009823516392611
431475,1762279368,2021-07-21,2831,0.11815032761570886,0,-1.0703146298925594,0.6586928503992416,-0.8046378713886426,-2.571403724317921,1.2395045038632917,-0.7126267297264608,-0.11808199802872288
431475,471114,2021-07-21,2678,0.11176495137932474,0,-1.0703146298925594,0.6586928503992416,-0.8046378713886426,-2.3421161068057716,0.06804387693822678,-0.1802356502870115,0.12495284469650692
431475,37980,2021-07-21,2607,0.10880180292976085,0,-1.0703146298925594,0.6586928503992416,-0.8046378713886426,0.47750881611839424,-1.0928770645990957,1.160487692386197,-0.09986599634018578
431475,462294,2021-07-21,2425,0.10120612662242812,0,-1.0703146298925594,0.6586928503992416,-0.8046378713886426,0.05763500900099934,-0.06393081211289489,0.27549071195829633,0.11870393083151054
208521843,96648,2021-07-24,8,0.2857142857142857,0,,,0.6931471805599453,2.6238271369876505,,0.6931471805599453,0.0
208521843,8195,2021-07-24,8,0.2857142857142857,0,,,0.6931471805599453,1.2862237712201003,-0.12744850942086772,0.20951729960244503,2.633326654906274
208521843,46841,2021-07-24,8,0.2857142857142857,0,,,0.6931471805599453,2.6238271369876505,0.27741715779488185,-0.5596157879354227,1.6094379124341003
1515874322,2142864304,2021-07-28,203,0.6189024390243902,1,2.2440235604019056,-0.11668715933601215,1.2878542883066384,-3.004737565475952,0.11686587490478395,-0.23571396562680214,-1.3606085735495217
1515874322,2018450532,2021-07-28,182,0.5548780487804879,1,2.2440235604019056,-0.11668715933601215,1.2878542883066384,-3.061827938869619,0.05035748224286962,-0.3137842941342015,-1.0175107538458423
1515874322,82,2021-07-28,180,0.5487804878048781,1,2.2440235604019056,-0.11668715933601215,1.2878542883066384,-2.899405239844205,-0.0057529786806278516,0.12092989888815353,0.008895389060148418
1515874322,2142864862,2021-07-28,180,0.5487804878048781,1,2.2440235604019056,-0.11668715933601215,1.2878542883066384,-1.950896314776287,0.17780579508961747,-0.34910326481507425,-1.2375078181661596
1515874322,2142862519,2021-07-28,180,0.5487804878048781,1,2.2440235604019056,-0.11668715933601215,1.2878542883066384,-4.4645389746028865,-0.20310232594792055,0.2952013010043899,-0.4794076579511657
1515874322,2001124710,2021-07-28,178,0.5426829268292683,1,2.2440235604019056,-0.11668715933601215,1.2878542883066384,-3.7183621498328554,1.9383606066059391,-2.7907539161252597,5.412828075365093
1515874322,110,2021-07-28,176,0.5365853658536586,1,2.2440235604019056,-0.11668715933601215,1.2878542883066384,-1.1514118914783158,0.043790845405163425,0.4803546839821795,0.1447728553100358
1515874322,2142869226,2021-07-28,176,0.5365853658536586,1,2.2440235604019056,-0.11668715933601215,1.2878542883066384,-1.4867287965903184,0.09694641390596703,-0.1936825468282226,-2.2969953832282233
1515874322,42,2021-07-28,175,0.5335365853658537,1,2.2440235604019056,-0.11668715933601215,1.2878542883066384,-2.9663984956312963,0.3239115450268133,-0.8580064363263205,-0.613013847042394
1515874322,313,2021-07-28,174,0.5304878048780488,1,2.2440235604019056,-0.11668715933601215,1.2878542883066384,-1.2271445428816246,-0.09561316386017515,0.07585631641193302,0.09541399142093887
1515874322,2116182225,2021-07-28,174,0.5304878048780488,1,2.2440235604019056,-0.11668715933601215,1.2878542883066384,-2.2586010171011095,0.20694850024857914,-0.36118942293960465,-0.4084160550646416
1515874322,2142890311,2021-07-28,172,0.524390243902439,1,2.2440235604019056,-0.11668715933601215,1.2878542883066384,-1.43290598074509,0.09373420160750401,-0.16356022746553478,-1.7526181180048965
1830646420,42,2021-07-30,131,0.9357142857142857,1,2.1876762480476146,0.24624910064716365,0.2006706954621511,-2.9989603733235475,0.21196142322760725,-0.777591074992646,-0.7321053051794664
1830646420,2142864304,2021-07-30,131,0.9357142857142857,1,2.1876762480476146,0.24624910064716365,0.2006706954621511,-2.987775026502409,0.11370113226144207,-0.3003751422716565,-1.1369493497823626
1830646420,2142865506,2021-07-30,130,0.9285714285714286,1,2.1876762480476146,0.24624910064716365,0.2006706954621511,-1.5053232211443908,0.023644130119371942,-0.12231369610355003,-1.7701713292544206
1830646420,313,2021-07-30,130,0.9285714285714286,1,2.1876762480476146,0.24624910064716365,0.2006706954621511,-1.302647042849389,-0.2753186616262071,0.11960003810307462,0.17082539165552824
1830646420,2129632899,2021-07-30,129,0.9214285714285714,1,2.1876762480476146,0.24624910064716365,0.2006706954621511,-1.4584041196929007,0.03670891615554717,-0.17493929605270608,-0.9352404806538166
1830646420,2142869398,2021-07-30,129,0.9214285714285714,1,2.1876762480476146,0.24624910064716365,0.2006706954621511,-1.6777315258338683,-0.20450839127271525,0.26191348805681613,-0.9139185283078533
1830646420,2142869226,2021-07-30,128,0.9142857142857143,1,2.1876762480476146,0.24624910064716365,0.2006706954621511,-1.4908653682015218,0.06509140636559585,-0.22790357616856305,-1.9984756937068422
1830646420,2142878670,2021-07-30,127,0.9071428571428571,1,2.1876762480476146,0.24624910064716365,0.2006706954621511,-1.5033216253880342,0.03712119861584062,-0.19060402654481123,-0.4145223952206747
1830646420,2142884713,2021-07-30,127,0.9071428571428571,1,2.1876762480476146,0.24624910064716365,0.2006706954621511,-1.4004740754799803,0.09689062951254512,-0.22797511186581687,2.2686835413183646
1830646420,2142890311,2021-07-30,127,0.9071428571428571,1,2.1876762480476146,0.24624910064716365,0.2006706954621511,-1.4960505759340317,0.06484605558878598,-0.0749149266779412,-1.1262647368826268
1830646420,2142864862,2021-07-30,127,0.9071428571428571,1,2.1876762480476146,0.24624910064716365,0.2006706954621511,-1.9538734134609574,0.06832518619302186,-0.28616564239217546,-1.039358520487637
1830646420,2143002309,2021-07-30,126,0.9,1,2.1876762480476146,0.24624910064716365,0.2006706954621511,-1.5121345638764887,-0.020573197091312112,-0.07854155050833533,-0.17956367061018508
1459247515,2142864304,2021-08-01,140,0.509090909090909,1,1.5736427029635376,0.49128382959948214,0.9162907318741551,-2.9983378438018105,0.0529090232457321,-0.2198229306102828,-0.8767569529277797
1459247515,2142869226,2021-08-01,130,0.4727272727272727,0,1.5736427029635376,0.49128382959948214,0.9162907318741551,-1.5320451905112988,-0.050700692519229706,-0.061162440695712306,-1.5950199552937736
1459247515,82,2021-08-01,128,0.46545454545454545,0,1.5736427029635376,0.49128382959948214,0.9162907318741551,-2.7334089923464786,0.2146581874581872,-0.4205095921318218,-0.01646272831376372
1459247515,1469695839,2021-08-01,127,0.4618181818181818,0,1.5736427029635376,0.49128382959948214,0.9162907318741551,-0.3466877279066156,-0.061605668043029194,0.09621232791111645,-0.326110679076983
1459247515,2142862519,2021-08-01,126,0.4581818181818182,0,1.5736427029635376,0.49128382959948214,0.9162907318741551,-4.662480524189263,-0.3497758626160188,0.44101427255008296,-0.14411487614677831
1459247515,2018450532,2021-08-01,125,0.45454545454545453,0,1.5736427029635376,0.49128382959948214,0.9162907318741551,-2.8087683667754484,0.5231699814078596,-0.5625709718060463,-0.9089842358538132
1459247515,2142890311,2021-08-01,122,0.44363636363636366,0,1.5736427029635376,0.49128382959948214,0.9162907318741551,-1.5042372448486754,0.05576018745027289,-0.01914332283847564,-0.8523279854945525
1459247515,42,2021-08-01,122,0.44363636363636366,0,1.5736427029635376,0.49128382959948214,0.9162907318741551,-3.0282654440251546,0.12719769467644904,-0.6782840385661473,-0.7346913617157647
1459247515,2116182225,2021-08-01,121,0.44,0,1.5736427029635376,0.49128382959948214,0.9162907318741551,-2.3150300482426536,0.09810337202309061,-0.22388086808186713,-0.06920405554706655
1459247515,889,2021-08-01,120,0.43636363636363634,0,1.5736427029635376,0.49128382959948214,0.9162907318741551,-3.223327071910116,-0.03123348038806384,-0.024519673057126212,-0.40139764218293905
1459247515,2142864862,2021-08-01,120,0.43636363636363634,0,1.5736427029635376,0.49128382959948214,0.9162907318741551,-1.9564237581430353,-0.015325535574339133,-0.1331525329874843,-0.7196941224918536
1459247515,313,2021-08-01,120,0.43636363636363634,0,1.5736427029635376,0.49128382959948214,0.9162907318741551,-1.2947378471058077,-0.5222789442187337,0.3184710370968844,0.2074938660382628
113300,32725,2021-08-03,596,0.680365296803653,1,0.22784219005214826,0.4490500628165226,-0.7299855919089362,0.5963929857131821,0.29362302507400184,-0.5815366445569481,-0.962200433178233
113300,2560,2021-08-03,591,0.6746575342465754,1,0.22784219005214826,0.4490500628165226,-0.7299855919089362,-0.3889564151281624,0.2992937968453189,-0.38828677157308,-0.16309485579513083
113300,32727,2021-08-03,591,0.6746575342465754,1,0.22784219005214826,0.4490500628165226,-0.7299855919089362,0.6358968130435173,0.4480087332638893,-0.6282156548977644,-0.6877271130906069
113300,21975,2021-08-03,588,0.6712328767123288,1,0.22784219005214826,0.4490500628165226,-0.7299855919089362,0.4290514458481407,0.40135508133710557,-0.6428687712392076,-0.3731538032558177
113300,105842,2021-08-03,585,0.6678082191780822,1,0.22784219005214826,0.4490500628165226,-0.7299855919089362,0.6469275457940347,0.280577319008319,-0.5926322225356424,-0.9319254460215571
113300,6352,2021-08-03,585,0.6678082191780822,1,0.22784219005214826,0.4490500628165226,-0.7299855919089362,0.22331992165251524,0.1523897272439533,-0.3183416297788062,-0.2854672321222287
113300,110225,2021-08-03,585,0.6678082191780822,1,0.22784219005214826,0.4490500628165226,-0.7299855919089362,0.6155762626103051,0.3148658736612415,-0.6650309319836367,-0.5163658041416062
113300,25093,2021-08-03,585,0.6678082191780822,1,0.22784219005214826,0.4490500628165226,-0.7299855919089362,0.46059132402774866,0.4037967306521964,-0.5098992689058601,-0.423294631280128
113300,19030,2021-08-03,583,0.6655251141552512,1,0.22784219005214826,0.4490500628165226,-0.7299855919089362,0.4968224407030466,0.2755125206313618,-0.5703949221902498,-0.7205461547480594
113300,96054,2021-08-03,583,0.6655251141552512,1,0.22784219005214826,0.4490500628165226,-0.7299855919089362,0.6764565850325174,0.5670453077708446,-0.5727518428898675,-0.7893989800195316
113300,87582,2021-08-03,582,0.6643835616438356,1,0.22784219005214826,0.4490500628165226,-0.7299855919089362,0.5734661321671469,0.4577787154482533,-0.7176462010482698,-0.6299149953364296
113300,25356,2021-08-03,581,0.66324200913242,1,0.22784219005214826,0.4490500628165226,-0.7299855919089362,0.6079552636310708,0.3232550926418589,-0.6531036991191037,-0.7286215687536055
127265,2560,2021-08-03,600,0.683371298405467,1,0.2970775651833704,0.4734420125941981,-0.703278979490352,-0.3889564151281624,0.2992937968453189,-0.38828677157308,-0.16309485579513083
127265,19030,2021-08-03,590,0.6719817767653758,1,0.2970775651833704,0.4734420125941981,-0.703278979490352,0.4968224407030466,0.2755125206313618,-0.5703949221902498,-0.7205461547480594
127265,32727,2021-08-03,589,0.6708428246013668,1,0.2970775651833704,0.4734420125941981,-0.703278979490352,0.6358968130435173,0.4480087332638893,-0.6282156548977644,-0.6877271130906069
127265,55820,2021-08-03,588,0.6697038724373576,1,0.2970775651833704,0.4734420125941981,-0.703278979490352,0.486510250076947,0.4936503101305528,-0.644705792770262,-0.47727950127478636
127265,10315,2021-08-03,587,0.6685649202733486,1,0.2970775651833704,0.4734420125941981,-0.703278979490352,0.6534334995904886,0.4815661327596199,-0.5818676762978772,0.38436233204042836
127265,32720,2021-08-03,587,0.6685649202733486,1,0.2970775651833704,0.4734420125941981,-0.703278979490352,0.4291929579630246,0.32288322841364664,-0.5827315900464649,-0.46810789408083675
127265,105843,2021-08-03,586,0.6674259681093394,1,0.2970775651833704,0.4734420125941981,-0.703278979490352,0.6192517437382862,0.3974723948475938,-0.6756540231124282,-0.9063650920741857
127265,32723,2021-08-03,586,0.6674259681093394,1,0.2970775651833704,0.4734420125941981,-0.703278979490352,0.37222944187518764,0.24815416046519725,-0.5285914019180122,-0.4085000118033184
127265,32728,2021-08-03,586,0.6674259681093394,1,0.2970775651833704,0.4734420125941981,-0.703278979490352,0.4705213036866198,0.2717889248657193,-0.5888181245087809,-0.7731898882334818
127265,6352,2021-08-03,585,0.6662870159453302,1,0.2970775651833704,0.4734420125941981,-0.703278979490352,0.22331992165251524,0.1523897272439533,-0.3183416297788062,-0.2854672321222287
127265,32719,2021-08-03,584,0.6651480637813212,1,0.2970775651833704,0.4734420125941981,-0.703278979490352,0.6831818826334503,0.5999535328152322,-0.6708564906615733,-0.7483517349070414
127265,1711,2021-08-03,583,0.664009111617312,1,0.2970775651833704,0.4734420125941981,-0.703278979490352,-0.4610926784735766,-0.0042805962854285395,-0.13738496194051297,-0.05115144035511143
98905,2560,2021-08-04,589,0.6937573616018846,1,-0.040342138107886526,1.0053419053754993,-1.343147029963637,-0.2825106414081931,0.3861175234377677,-0.4588550520074781,0.10885652715542093
98905,10315,2021-08-04,578,0.6808009422850412,1,-0.040342138107886526,1.0053419053754993,-1.343147029963637,0.898616357218299,0.9188195839144627,-1.3691019605795178,0.371712821303273
98905,32727,2021-08-04,577,0.6796230859835101,1,-0.040342138107886526,1.0053419053754993,-1.343147029963637,0.8911305754706212,0.9090755919542939,-1.1892014870056231,-0.49960409902202674
98905,127265,2021-08-04,577,0.6796230859835101,1,-0.040342138107886526,1.0053419053754993,-1.343147029963637,1.0027603620214207,0.8793141633364105,-1.3778697114606393,-0.5753641449035616
98905,32720,2021-08-04,576,0.6784452296819788,1,-0.040342138107886526,1.0053419053754993,-1.343147029963637,0.5786600422336534,0.6033979088674696,-1.0046749910476986,-0.2582681872454877
98905,32723,2021-08-04,576,0.6784452296819788,1,-0.040342138107886526,1.0053419053754993,-1.343147029963637,0.5269842466512716,0.5425998310007294,-0.9910142780700912,-0.27156828518540355
98905,11069,2021-08-04,575,0.6772673733804476,1,-0.040342138107886526,1.0053419053754993,-1.343147029963637,0.21750533717255618,0.4487624701220196,-0.8018978967454915,0.5858130182406791
98905,55820,2021-08-04,575,0.6772673733804476,1,-0.040342138107886526,1.0053419053754993,-1.343147029963637,0.6770059121823782,0.8693759820171869,-1.100746761196742,-0.4034305194103762
98905,110225,2021-08-04,575,0.6772673733804476,1,-0.040342138107886526,1.0053419053754993,-1.343147029963637,0.8107106655472984,0.7090638059501081,-1.2872346456140855,-0.3677247801253172
98905,32725,2021-08-04,575,0.6772673733804476,1,-0.040342138107886526,1.0053419053754993,-1.343147029963637,0.7184411906425794,0.5550986962170934,-1.116712330311728,-0.6094663645174805
98905,6352,2021-08-04,574,0.6760895170789164,1,-0.040342138107886526,1.0053419053754993,-1.343147029963637,0.3771054937275146,0.44243684067323996,-0.7842271077951395,-0.21167912142351053
98905,6813,2021-08-04,574,0.6760895170789164,1,-0.040342138107886526,1.0053419053754993,-1.343147029963637,0.2528233218498484,0.40947505737674983,-0.6967901718384457,0.7072319204416848
87582,82,2021-08-04,629,0.6491228070175439,1,-0.08442103898372136,0.8746713314953678,-1.2065119508446127,-2.6619461011807735,0.3167476938453144,-0.5633362205686936,0.06235765614713351
87582,2560,2021-08-04,623,0.6429308565531475,1,-0.08442103898372136,0.8746713314953678,-1.2065119508446127,-0.2825106414081931,0.3861175234377677,-0.4588550520074781,0.10885652715542093
87582,24122,2021-08-04,615,0.6346749226006192,1,-0.08442103898372136,0.8746713314953678,-1.2065119508446127,0.527187957545318,0.650743690109147,-1.099347853247063,-0.24851173586333175
87582,55820,2021-08-04,614,0.6336429308565531,1,-0.08442103898372136,0.8746713314953678,-1.2065119508446127,0.6770059121823782,0.8693759820171869,-1.100746761196742,-0.4034305194103762
87582,1711,2021-08-04,613,0.6326109391124871,1,-0.08442103898372136,0.8746713314953678,-1.2065119508446127,-0.44992110172393585,0.09759178414705572,-0.2869703793038134,-0.015348983348815182
87582,25093,2021-08-04,613,0.6326109391124871,1,-0.08442103898372136,0.8746713314953678,-1.2065119508446127,0.626822482193721,0.7200542365358992,-1.036234656299877,-0.34814552092593765
87582,32720,2021-08-04,609,0.628482972136223,1,-0.08442103898372136,0.8746713314953678,-1.2065119508446127,0.5786600422336534,0.6033979088674696,-1.0046749910476986,-0.2582681872454877
87582,685,2021-08-04,608,0.6274509803921569,1,-0.08442103898372136,0.8746713314953678,-1.2065119508446127,-1.9273748037674043,0.10582570211998665,-0.14627087236210734,0.12207629311494372
87582,17654,2021-08-04,607,0.6264189886480909,1,-0.08442103898372136,0.8746713314953678,-1.2065119508446127,0.5885171964870727,0.6996464161892753,-1.0955704612276245,-0.2779258975064156
87582,237,2021-08-04,606,0.6253869969040248,1,-0.08442103898372136,0.8746713314953678,-1.2065119508446127,0.5268201060428416,0.630538148457304,-1.028395052167479,-0.47943930994532025
87582,7345,2021-08-04,606,0.6253869969040248,1,-0.08442103898372136,0.8746713314953678,-1.2065119508446127,0.5218952596215206,0.5699266435048181,-1.000882695458456,-0.3257301400893109
87582,21975,2021-08-04,606,0.6253869969040248,1,-0.08442103898372136,0.8746713314953678,-1.2065119508446127,0.5838684239328435,0.6999306819290325,-1.0641892634453933,-0.2903738641174929
1457691200,2142864304,2021-08-04,136,0.8774193548387097,1,1.5736427029635376,0.7608704367981485,0.3184537311185349,-2.9896196497031977,0.10631536210644699,-0.23867326787253518,-0.692967896969062
1457691200,2142864862,2021-08-04,132,0.8516129032258064,1,1.5736427029635376,0.7608704367981485,0.3184537311185349,-2.0409362099962496,-0.09090702921344151,-0.018491868277966006,-0.6107083537958236
1457691200,313,2021-08-04,131,0.8451612903225807,1,1.5736427029635376,0.7608704367981485,0.3184537311185349,-0.9872083741266782,-0.3155069705515665,0.34657627672541835,0.10309550902697495
1457691200,42,2021-08-04,131,0.8451612903225807,1,1.5736427029635376,0.7608704367981485,0.3184537311185349,-3.1540672311381788,-0.04273564064866786,-0.13852866062663338,-0.2529919810978303
1457691200,2142911275,2021-08-04,131,0.8451612903225807,1,1.5736427029635376,0.7608704367981485,0.3184537311185349,-1.5945341217022257,-0.1088893604376695,0.08817496197407415,-0.6474589963885169
1457691200,2142879863,2021-08-04,130,0.8387096774193549,1,1.5736427029635376,0.7608704367981485,0.3184537311185349,-1.5999547746927023,-0.12234774817404737,0.11179737640470222,0.27905118325250555
1457691200,82,2021-08-04,129,0.832258064516129,1,1.5736427029635376,0.7608704367981485,0.3184537311185349,-2.6619461011807735,0.3167476938453144,-0.5633362205686936,0.06235765614713351
1457691200,2143015613,2021-08-04,129,0.832258064516129,1,1.5736427029635376,0.7608704367981485,0.3184537311185349,-1.5369035612249462,-0.07021253820314355,0.06566508139427718,-1.5948459848969776
1457691200,2142862519,2021-08-04,129,0.832258064516129,1,1.5736427029635376,0.7608704367981485,0.3184537311185349,-4.900228647053897,-0.617078521483637,0.6780986170538092,-0.29662660868286217
1457691200,2142869226,2021-08-04,128,0.8258064516129032,1,1.5736427029635376,0.7608704367981485,0.3184537311185349,-1.6343845322256827,-0.14144664621605996,0.06865302441486065,-0.8629085426803815
1457691200,2018450532,2021-08-04,128,0.8258064516129032,1,1.5736427029635376,0.7608704367981485,0.3184537311185349,-2.637244447628999,0.6955615825594594,-1.3137738160460266,0.23127338698905398
1457691200,889,2021-08-04,128,0.8258064516129032,1,1.5736427029635376,0.7608704367981485,0.3184537311185349,-3.30950101735063,-0.15729897843704999,0.10321410474154291,0.21961304322776876
998294180,397993501,2021-08-12,357,0.3352112676056338,0,0.636784611362682,0.879373239234472,-0.6649355446619429,-2.1869288225917343,1.1222345090239698,-1.7472458078529307,-1.0614015822664804
998294180,998269223,2021-08-12,357,0.3352112676056338,0,0.636784611362682,0.879373239234472,-0.6649355446619429,-1.4030040407413238,0.3113184963755866,-0.310933262160642,0.2647122958097672
998294180,102912232,2021-08-12,352,0.3305164319248826,0,0.636784611362682,0.879373239234472,-0.6649355446619429,-2.639101566345428,0.01067475546410801,0.07002816283121227,-0.18316612989547565
998294180,311477,2021-08-12,318,0.29859154929577464,0,0.636784611362682,0.879373239234472,-0.6649355446619429,-0.6561607119396717,0.303874742383477,-0.3691917013213297,-0.03797924806521635
998294180,136480,2021-08-12,306,0.28732394366197184,0,0.636784611362682,0.879373239234472,-0.6649355446619429,-2.410238977491158,-0.16262298615765625,0.314131656183827,-2.6830681507690386
998294180,184224,2021-08-12,299,0.28075117370892017,0,0.636784611362682,0.879373239234472,-0.6649355446619429,0.6256842453519654,1.0055011326161154,-1.2560229550825763,0.08867840961959939
998294180,471132,2021-08-12,295,0.27699530516431925,0,0.636784611362682,0.879373239234472,-0.6649355446619429,-0.4308803627553776,0.020294005627618406,-0.1847046553672218,-0.4585839343627107
998294180,571016844,2021-08-12,277,0.26009389671361505,0,0.636784611362682,0.879373239234472,-0.6649355446619429,1.1582316987746322,-0.11323373184287377,-0.9665772303045248,1.1489130271429087
998294180,734194786,2021-08-12,268,0.2516431924882629,0,0.636784611362682,0.879373239234472,-0.6649355446619429,-0.9026156103572639,0.121047320122046,-0.1371237806335195,-0.10061389219891126
998294180,657155370,2021-08-12,266,0.24976525821596243,0,0.636784611362682,0.879373239234472,-0.6649355446619429,-1.2646110424624937,0.3489437550896666,-0.3161856131624763,-0.203174741401849
998294180,397995320,2021-08-12,246,0.23098591549295774,0,0.636784611362682,0.879373239234472,-0.6649355446619429,0.5173037529688385,0.21688828972980423,-0.7910847155466509,-0.369185434027516
998294180,103858369,2021-08-12,243,0.22816901408450704,0,0.636784611362682,0.879373239234472,-0.6649355446619429,0.541988948814968,0.10524047936199055,-0.8705361566440457,0.27407642039600244
626327313,469343,2021-08-16,20,0.7142857142857143,1,2.6238271369876505,0.0,0.0,2.6238271369876505,,0.6931471805599453,0.6931471805599453
626327313,518078710,2021-08-16,20,0.7142857142857143,1,2.6238271369876505,0.0,0.0,2.3166678806150616,-0.3071592563725889,0.4054651081081645,0.0
626327313,39494,2021-08-16,20,0.7142857142857143,1,2.6238271369876505,0.0,0.0,1.2593829713542226,0.689773742350242,-1.1217921344471034,1.9522392841069607
626327313,90542309,2021-08-16,20,0.7142857142857143,1,2.6238271369876505,0.0,0.0,2.6238271369876505,0.0,0.0,1.0986122886681098
1393720360,15,2021-08-29,215,0.21182266009852216,0,1.3808726825281583,-0.10315357450510931,-0.825682854691367,-6.228355828728744,0.021718901578405614,-0.030893118073624493,0.1452107675079386
1393720360,2116182225,2021-08-29,215,0.21182266009852216,0,1.3808726825281583,-0.10315357450510931,-0.825682854691367,-2.040105373742913,0.08502203975686351,-0.12111831366901171,0.5133034674048655
1393720360,2018450532,2021-08-29,211,0.20788177339901479,0,1.3808726825281583,-0.10315357450510931,-0.825682854691367,-2.6358165436096144,0.07303946987678822,0.09009948356044184,-0.8462749267886824
1393720360,2129632899,2021-08-29,204,0.20098522167487684,0,1.3808726825281583,-0.10315357450510931,-0.825682854691367,-1.6636719037178327,0.06361812207444939,-0.10098219246009243,3.0448200124912788
1393720360,2122450336,2021-08-29,196,0.19310344827586207,0,1.3808726825281583,-0.10315357450510931,-0.825682854691367,-1.6792448571484777,0.11258948316740613,-0.1774563495107504,2.297443693493628
1393720360,397993501,2021-08-29,189,0.18620689655172415,0,1.3808726825281583,-0.10315357450510931,-0.825682854691367,-1.8932850266058487,0.003318958600182942,1.9179001951471033,1.1067247953267643
1393720360,828337656,2021-08-29,187,0.18423645320197043,0,1.3808726825281583,-0.10315357450510931,-0.825682854691367,-1.285718759225507,-0.07987706367703518,-0.3938807669940303,0.8432673381610272
1393720360,1271054083,2021-08-29,187,0.18423645320197043,0,1.3808726825281583,-0.10315357450510931,-0.825682854691367,-2.68327450116399,0.029756456263359876,-0.026553688211794935,0.12077507905901363
1393720360,2123295900,2021-08-29,185,0.18226600985221675,0,1.3808726825281583,-0.10315357450510931,-0.825682854691367,-1.5859899039955285,0.14895033178341222,-0.21748217361855282,3.4357777152589346
1393720360,600923975,2021-08-29,182,0.1793103448275862,0,1.3808726825281583,-0.10315357450510931,-0.825682854691367,0.5925221674491048,0.02180243677952498,0.4442822329893792,1.8345794664109834
1393720360,1392108845,2021-08-29,182,0.1793103448275862,0,1.3808726825281583,-0.10315357450510931,-0.825682854691367,-0.8022473056652434,0.5143588916568568,-0.33719873980397885,0.19553792809534265
1393720360,102912232,2021-08-29,176,0.17339901477832512,0,1.3808726825281583,-0.10315357450510931,-0.825682854691367,-2.7724951737412695,-0.15090834770603223,0.23756010282218654,0.3863672575076684
83323,123526,2021-08-30,46,0.71875,1,0.23945071807894514,-1.4092257790291376,-0.7223338016464771,-1.9337443376049068,-0.134818709187279,0.18266178116625476,4.03987161491717
83323,304,2021-08-30,43,0.671875,1,0.23945071807894514,-1.4092257790291376,-0.7223338016464771,-2.0071462318358897,0.04253494284461201,-0.1335911756122936,1.6825894839078135
83323,136480,2021-08-30,43,0.671875,1,0.23945071807894514,-1.4092257790291376,-0.7223338016464771,-2.5879536283670608,-0.2091406266317648,0.26495665352995346,1.0496407295711911
83323,8874,2021-08-30,43,0.671875,1,0.23945071807894514,-1.4092257790291376,-0.7223338016464771,-2.056500261779679,-0.15851483614544204,0.2390124760278134,1.8203989149543602
83323,145190,2021-08-30,41,0.640625,1,0.23945071807894514,-1.4092257790291376,-0.7223338016464771,-1.9451713866522446,-0.017183712593737743,0.017770853268244124,4.347703002133301
83323,889,2021-08-30,18,0.28125,0,0.23945071807894514,-1.4092257790291376,-0.7223338016464771,-3.7759885663792603,-0.5074285027116896,0.8746205525171185,-0.49467917015567764
83323,451,2021-08-30,17,0.265625,0,0.23945071807894514,-1.4092257790291376,-0.7223338016464771,2.3315389299039153,0.054778869953729714,0.8472978603872034,-0.2876820724517808
83323,15,2021-08-30,16,0.25,0,0.23945071807894514,-1.4092257790291376,-0.7223338016464771,-6.230500286672995,0.005244159708160723,-0.011636831244043577,0.17116154398853745
83323,468388162,2021-08-30,14,0.21875,0,0.23945071807894514,-1.4092257790291376,-0.7223338016464771,-1.2680239956534296,-0.9157160963237418,0.8126440126940642,0.2029443439328169
83323,3218,2021-08-30,12,0.1875,0,0.23945071807894514,-1.4092257790291376,-0.7223338016464771,-3.0775777719835165,0.020562669486228646,-0.03435323776660937,0.15460118040614468
83323,137,2021-08-30,11,0.171875,0,0.23945071807894514,-1.4092257790291376,-0.7223338016464771,-2.465105475794067,-0.06274573285526097,0.08831684756080627,0.08803824161199891
1392196069,739573649,2021-08-31,678,0.6793587174348698,1,1.8083956970080508,-0.10874411820157937,-0.19319122903085884,-1.610677739577056,0.10545174341709829,-0.0960461483776367,0.2556683965402957
1392196069,381539,2021-08-31,516,0.5170340681362725,1,1.8083956970080508,-0.10874411820157937,-0.19319122903085884,-0.9261101391622735,-0.12012682242748329,-0.08852347405193228,0.5689034460440698
1392196069,1392108840,2021-08-31,456,0.45691382765531063,0,1.8083956970080508,-0.10874411820157937,-0.19319122903085884,-2.214843618297689,-0.3202443550811205,0.30748469974795967,-0.08668177833815349
1392196069,2004429834,2021-08-31,235,0.23547094188376755,0,1.8083956970080508,-0.10874411820157937,-0.19319122903085884,-4.0410453121698,0.034399759596838386,-0.06020985589478123,-0.16556411751234634
1392196069,2143689183,2021-08-31,234,0.23446893787575152,0,1.8083956970080508,-0.10874411820157937,-0.19319122903085884,-4.856758086573679,0.34926797358580064,-0.47892840067566667,0.3531195270417484
1392196069,1394365269,2021-08-31,188,0.18837675350701402,0,1.8083956970080508,-0.10874411820157937,-0.19319122903085884,-3.4153614097453535,-0.010474948830437203,0.008457998333526007,0.0936718360942912
1392196069,138,2021-08-31,177,0.17735470941883769,0,1.8083956970080508,-0.10874411820157937,-0.19319122903085884,-2.568298423791906,0.0006982741935512848,0.04401178988835497,0.34369811689362173
1392196069,1396292015,2021-08-31,158,0.15831663326653306,0,1.8083956970080508,-0.10874411820157937,-0.19319122903085884,-3.6685935340220035,0.060286337066956186,-0.10728166432136632,0.01748822305979658
1392196069,1392111250,2021-08-31,156,0.156312625250501,0,1.8083956970080508,-0.10874411820157937,-0.19319122903085884,-2.8500206658151015,0.21053573017346938,-0.2801971582445848,0.23008214951210704
1392196069,471114,2021-08-31,151,0.15130260521042085,0,1.8083956970080508,-0.10874411820157937,-0.19319122903085884,-2.2802336542903086,0.023292696927895484,-0.0609847130827994,0.2803868041070352
1392196069,2142864304,2021-08-31,122,0.12224448897795591,0,1.8083956970080508,-0.10874411820157937,-0.19319122903085884,-2.620516378912494,0.26942677094793854,-0.20658244279657012,-0.10728835226812095
1392196069,142288,2021-08-31,110,0.11022044088176353,0,1.8083956970080508,-0.10874411820157937,-0.19319122903085884,-1.4744622888765129,-0.21380516308328623,0.3087041864532001,0.24178222270929872
443783,283019,2021-09-04,70,0.5833333333333334,1,2.098734919975594,0.09908709062187615,-0.15415067982725827,2.098734919975594,0.0,0.0,-1.3862943611198906
443783,429648,2021-09-04,69,0.575,1,2.098734919975594,0.09908709062187615,-0.15415067982725827,2.3612810284816224,0.26254610850602855,-0.6931471805599456,0.0
443783,94283,2021-09-04,69,0.575,1,2.098734919975594,0.09908709062187615,-0.15415067982725827,2.098734919975594,0.0,-0.5596157879354227,0.5596157879354227
443783,317098,2021-09-04,68,0.5666666666666667,1,2.098734919975594,0.09908709062187615,-0.15415067982725827,1.9574229913293193,-0.1413119286462745,1.1786549963416462,-0.5596157879354227
443783,149392211,2021-09-04,68,0.5666666666666667,1,2.098734919975594,0.09908709062187615,-0.15415067982725827,2.098734919975594,,1.9459101490553132,0.5596157879354227
443783,135038,2021-09-04,68,0.5666666666666667,1,2.098734919975594,0.09908709062187615,-0.15415067982725827,2.098734919975594,-0.5250922170120567,0.6931471805599453,6.152732694704104
443783,387293,2021-09-04,67,0.5583333333333333,1,2.098734919975594,0.09908709062187615,-0.15415067982725827,2.098734919975594,,1.3862943611198906,-1.3862943611198906
443783,311767,2021-09-04,67,0.5583333333333333,1,2.098734919975594,0.09908709062187615,-0.15415067982725827,2.098734919975594,-0.07264432021315592,0.10536051565782634,0.0
314576171,236802857,2021-09-14,19,0.7916666666666666,1,2.6238271369876505,0.0,0.0,2.6238271369876505,0.0,-0.4054651081081645,0.6931471805599453
314576171,240470,2021-09-14,18,0.75,1,2.6238271369876505,0.0,0.0,2.6238271369876505,,1.0986122886681098,0.4054651081081645
2074287762,15,2021-09-26,24,0.3287671232876712,0,0.8014751112548929,1.0317663826493617,-3.6962054942060094,-6.509004226718908,-0.22347976188420393,0.30388177238372194,0.08470187207987045
2074287762,2026261587,2021-09-26,6,0.0821917808219178,0,0.8014751112548929,1.0317663826493617,-3.6962054942060094,-0.5111995151676041,-0.6100938761736018,2.602116783681364,-1.3892720308138156
2074287762,1907,2021-09-26,4,0.0547945205479452,0,0.8014751112548929,1.0317663826493617,-3.6962054942060094,-1.470888493201626,-0.10515351202984657,0.2545587535623586,-0.2708412728920919
2074287762,889,2021-09-26,3,0.0410958904109589,0,0.8014751112548929,1.0317663826493617,-3.6962054942060094,-3.6266961118547334,0.0765012907545688,-0.12425904645403563,0.21748052072951296
2074287762,102912232,2021-09-26,3,0.0410958904109589,0,0.8014751112548929,1.0317663826493617,-3.6962054942060094,-2.578809481082346,0.01585910253566425,0.0016008290061133579,-0.04658887219522967
2074287762,2142877002,2021-09-26,3,0.0410958904109589,0,0.8014751112548929,1.0317663826493617,-3.6962054942060094,-1.7721359621861812,-0.13159972990261015,0.18363905204392417,-0.012861069661552094
2074287762,2134,2021-09-26,3,0.0410958904109589,0,0.8014751112548929,1.0317663826493617,-3.6962054942060094,-1.2228106528503757,0.35894349310231033,-0.13759621557923296,0.12757062266720176
2074287762,2116182225,2021-09-26,3,0.0410958904109589,0,0.8014751112548929,1.0317663826493617,-3.6962054942060094,-2.031483290781543,-0.14846952975023453,0.2568663055433955,-0.36118942293960465
2074287762,42187,2021-09-26,3,0.0410958904109589,0,0.8014751112548929,1.0317663826493617,-3.6962054942060094,0.20210634474830583,0.6907930219687695,-0.8749274653515107,0.10894591715190849
2074287762,2122397525,2021-09-26,3,0.0410958904109589,0,0.8014751112548929,1.0317663826493617,-3.6962054942060094,-1.8506594961163176,-0.18616424763860762,0.3974362267017444,-0.11602097924688515
2074287762,28402,2021-09-26,3,0.0410958904109589,0,0.8014751112548929,1.0317663826493617,-3.6962054942060094,-2.348653916407944,-0.24089529168735657,0.5279646181215032,1.0727315744875092
2074287762,2142862519,2021-09-26,3,0.0410958904109589,0,0.8014751112548929,1.0317663826493617,-3.6962054942060094,-4.859466826942453,0.05561171268800891,-0.019129283812048925,0.2952013010043899
53726,123526,2021-09-30,120,0.5504587155963303,1,-0.7887403071064245,-0.7069404016388732,-0.19174669725353777,-1.8759207061174776,0.044194656188165204,-0.04877178536387028,0.237232715139978
53726,8874,2021-09-30,119,0.5458715596330275,1,-0.7887403071064245,-0.7069404016388732,-0.19174669725353777,-2.020373592674769,0.0565097828239316,-0.07535323945809935,0.03958868228853518
53726,136480,2021-09-30,114,0.5229357798165137,1,-0.7887403071064245,-0.7069404016388732,-0.19174669725353777,-2.2583858900015326,0.29877734290008773,-0.4621700004098326,0.22359437407336635
53726,304,2021-09-30,114,0.5229357798165137,1,-0.7887403071064245,-0.7069404016388732,-0.19174669725353777,-1.9846759319409109,-0.03785648346827308,0.08350905700413591,0.17618177997489148
53726,145190,2021-09-30,106,0.48623853211009177,0,-0.7887403071064245,-0.7069404016388732,-0.19174669725353777,-1.8646544495424588,0.039812613983580825,-0.04657810567894494,-0.43561143950772596
53726,3218,2021-09-30,59,0.2706422018348624,0,-0.7887403071064245,-0.7069404016388732,-0.19174669725353777,-3.1133261308641282,-0.05392475589206702,0.0775649074099789,-0.38071416813611236
53726,889,2021-09-30,56,0.25688073394495414,0,-0.7887403071064245,-0.7069404016388732,-0.19174669725353777,-3.644106013081708,-0.012910272770444209,-0.019069321916035165,-0.024519673057126212
53726,15,2021-09-30,48,0.22018348623853212,0,-0.7887403071064245,-0.7069404016388732,-0.19174669725353777,-6.485136009608566,-0.12818994266367856,0.17438586667046252,-0.06864145835146473
53726,468388162,2021-09-30,33,0.15137614678899083,0,-0.7887403071064245,-0.7069404016388732,-0.19174669725353777,-1.0168256127195459,0.24632894743277833,-0.09598522834907186,0.12390684844518951
53726,59748,2021-09-30,31,0.14220183486238533,0,-0.7887403071064245,-0.7069404016388732,-0.19174669725353777,0.7408974841161827,-0.03080181509714197,0.2837310598051008,0.8116116472478083
53726,43910,2021-09-30,31,0.14220183486238533,0,-0.7887403071064245,-0.7069404016388732,-0.19174669725353777,1.7250680515959513,-0.5189555088059539,1.1314021114911008,-1.2772024978492063
53726,26519,2021-09-30,27,0.12385321100917432,0,-0.7887403071064245,-0.7069404016388732,-0.19174669725353777,0.5922159723646702,-0.7131514486066389,1.8800635832577273,0.5909043603347044
129172,426238,2021-10-25,2458,0.12029560025449028,0,-1.0666629317726763,0.15377159854692346,-0.6884491316324173,1.929692982912721,,1.6094379124341003,-0.6795254123388474
129172,932,2021-10-25,1715,0.08393285371702638,0,-1.0666629317726763,0.15377159854692346,-0.6884491316324173,-2.5479193055158467,-1.5521604084988674,1.6202022350469765,-0.256899163001691
129172,1392108685,2021-10-25,1650,0.08075172515049185,0,-1.0666629317726763,0.15377159854692346,-0.6884491316324173,-1.6535822163011442,-0.11096299591232639,0.31660698124188436,-0.373598311558057
129172,163,2021-10-25,1635,0.08001761855821465,0,-1.0666629317726763,0.15377159854692346,-0.6884491316324173,-2.466156028554247,-0.2758318700802116,0.3408335568424441,-0.7427896953077049
129172,931,2021-10-25,1591,0.0778642392208682,0,-1.0666629317726763,0.15377159854692346,-0.6884491316324173,-0.22582144862442136,-0.635744648640948,0.8336852192099924,0.038127785436563144
129172,15,2021-10-25,1452,0.07106151813243283,0,-1.0666629317726763,0.15377159854692346,-0.6884491316324173,-6.290161533206201,0.09216976407194366,-0.12317750826101737,-0.03069896110245196
129172,2142862519,2021-10-25,1413,0.06915284099251211,0,-1.0666629317726763,0.15377159854692346,-0.6884491316324173,-5.315462785111522,-0.12550413794249948,0.1531723815099877,-0.18455402004466848
129172,28402,2021-10-25,1227,0.06004991924827485,0,-1.0666629317726763,0.15377159854692346,-0.6884491316324173,-3.555103721672945,-0.06442395851446214,-0.19575253724705277,0.15238414868554173
129172,2134,2021-10-25,1171,0.05730925463710664,0,-1.0666629317726763,0.15377159854692346,-0.6884491316324173,-1.565515294991613,-0.32250780932278666,1.1645936627819555,-2.790077441568995
129172,8,2021-10-25,1037,0.050751235746097,0,-1.0666629317726763,0.15377159854692346,-0.6884491316324173,-5.815266467836673,0.01933120171208902,0.09310140857640192,-0.06650410527953987
129172,47,2021-10-25,1029,0.050359712230215826,0,-1.0666629317726763,0.15377159854692346,-0.6884491316324173,-5.6247567840441235,-0.10550457784459066,0.11536581948863045,0.025745540321221227
129172,571184990,2021-10-25,897,0.04389957421817648,0,-1.0666629317726763,0.15377159854692346,-0.6884491316324173,-3.7070887653221773,-0.28224002900705125,0.4322462668606022,0.4652887312645184
387599,2142862519,2021-11-17,122,0.4765625,0,1.2157097264828018,0.7018028631529887,-0.29953898157553116,-5.214425810730416,-0.2762243640084119,0.3760290818209828,-0.12656952068475213
387599,15,2021-11-17,102,0.3984375,0,1.2157097264828018,0.7018028631529887,-0.29953898157553116,-5.951971649307041,0.19828312090883315,-0.24436714622660283,0.24483479851844336
387599,28402,2021-11-17,76,0.296875,0,1.2157097264828018,0.7018028631529887,-0.29953898157553116,-3.505714113435636,-0.2331644535493549,0.34224533410999136,-1.0292313383819192
387599,571184990,2021-11-17,73,0.28515625,0,1.2157097264828018,0.7018028631529887,-0.29953898157553116,-3.765624931399737,-0.05913318076362284,0.11227220006284533,-0.5831540491580203
387599,8,2021-11-17,72,0.28125,0,1.2157097264828018,0.7018028631529887,-0.29953898157553116,-5.827301992045361,-0.06107023652136956,0.06792135370506891,-0.08145473405631343
387599,612176483,2021-11-17,70,0.2734375,0,1.2157097264828018,0.7018028631529887,-0.29953898157553116,-1.7323209697379842,1.122301336657487,-1.3241387739157098,0.05802034588096738
387599,711,2021-11-17,57,0.22265625,0,1.2157097264828018,0.7018028631529887,-0.29953898157553116,-4.218367806413645,1.7800425681064365,-2.915991906616327,-0.05308444186239747
387599,445015,2021-11-17,56,0.21875,0,1.2157097264828018,0.7018028631529887,-0.29953898157553116,-4.218794115814832,-0.34436200218177326,0.7751701193657166,-0.5791143259517817
387599,5,2021-11-17,54,0.2109375,0,1.2157097264828018,0.7018028631529887,-0.29953898157553116,-6.446780836535458,0.05515062884748456,-0.018830889989143174,0.3023236261709936
387599,987783136,2021-11-17,48,0.1875,0,1.2157097264828018,0.7018028631529887,-0.29953898157553116,-0.040751018464025276,-0.010268349134465168,0.014061886656576483,0.019694290802926062
387599,87,2021-11-17,48,0.1875,0,1.2157097264828018,0.7018028631529887,-0.29953898157553116,-3.0327590255298236,0.2087329777923772,-0.2743306175961191,-0.19447532040125104
387599,2142864304,2021-11-17,47,0.18359375,0,1.2157097264828018,0.7018028631529887,-0.29953898157553116,-1.8849286067193274,-0.1870407058240664,0.26847029126614785,-0.768498596336606
136480,123526,2021-12-19,14615,0.14243945226840798,0,-3.1887980277106367,1.0943321837833673,-2.9039428620119594,-0.45886504914322385,0.07978254503618726,-0.1289563362545083,0.05525431078932108
136480,8874,2021-12-19,14351,0.1398664782418011,0,-3.1887980277106367,1.0943321837833673,-2.9039428620119594,-0.9146022124190306,-0.04312392061650139,-0.014043530977312813,-0.040352629996540657
136480,2142864304,2021-12-19,13610,0.13264460796257493,0,-3.1887980277106367,1.0943321837833673,-2.9039428620119594,-1.7315063444306042,0.05705721320287438,-0.0761561080626798,-0.05775298205231216
136480,304,2021-12-19,13526,0.13182593440865456,0,-3.1887980277106367,1.0943321837833673,-2.9039428620119594,-0.46546711091170273,0.4292359535912115,-0.7942296906623998,-0.14069241811554356
136480,445015,2021-12-19,13310,0.12972077384143074,0,-3.1887980277106367,1.0943321837833673,-2.9039428620119594,-3.8670126556571307,0.13437807762281428,-0.2399413627815985,0.2934813863782857
136480,83062,2021-12-19,12878,0.12551045270698308,0,-3.1887980277106367,1.0943321837833673,-2.9039428620119594,1.3224752335002423,0.16727759057537872,-1.828317064961853,-1.185241767619872
136480,102912232,2021-12-19,12762,0.124379903513474,0,-3.1887980277106367,1.0943321837833673,-2.9039428620119594,-2.1426539855176956,0.39596551306251415,-0.672991079437562,0.04646912729197439
136480,397993501,2021-12-19,10976,0.1069733443789289,0,-3.1887980277106367,1.0943321837833673,-2.9039428620119594,-2.231895268564049,0.7083914468998893,-0.9778567818251389,-1.281745060875199
136480,1901707513,2021-12-19,10278,0.10017055699040008,0,-3.1887980277106367,1.0943321837833673,-2.9039428620119594,-1.432467236934508,0.4465872485714142,-0.4603455997515198,0.10407241463983041
136480,325515999,2021-12-19,10262,0.10001461917060572,0,-3.1887980277106367,1.0943321837833673,-2.9039428620119594,-0.9684274820152208,-0.2447158313854111,0.5054132761285137,-0.46737964453365244
136480,1762279368,2021-12-19,10218,0.09958579016617124,0,-3.1887980277106367,1.0943321837833673,-2.9039428620119594,-1.4552466182729211,0.5659291222482827,-0.689459277955395,-0.07852056342369096
136480,828337656,2021-12-19,10009,0.09754885239510745,0,-3.1887980277106367,1.0943321837833673,-2.9039428620119594,-1.0743883542561317,0.42593686256194085,-0.645252003556644,-0.33774115730266985
151158,125215,2022-01-27,50,0.3968253968253968,0,1.1793960767277116,0.3217591212445756,-1.414307397347565,1.513726263038877,-0.3385641790925211,-0.0727593542824283,3.9512437185814275
151158,108478,2022-01-27,43,0.3412698412698413,0,1.1793960767277116,0.3217591212445756,-1.414307397347565,1.1803660825486568,-0.5808914869996398,1.4508328822574614,3.4011973816621555
95648,264,2022-01-27,120,0.6282722513089005,1,0.3931446406448898,1.142897355601974,-1.3499267169490157,0.6062182065325259,-1.298716208296405,1.1880573490200366,-0.4187103348581851
95648,31083,2022-01-27,117,0.612565445026178,1,0.3931446406448898,1.142897355601974,-1.3499267169490157,0.9173423323952198,-1.081490147582036,3.1065948663658003,-2.265229306450277
95648,106107,2022-01-27,115,0.6020942408376964,1,0.3931446406448898,1.142897355601974,-1.3499267169490157,1.759779143316046,0.08788954728100085,-0.8132914924020085,-0.24846135929849966
95648,47880,2022-01-27,115,0.6020942408376964,1,0.3931446406448898,1.142897355601974,-1.3499267169490157,0.8815371466814306,0.5336484737179237,0.7648391090160622,-0.3272129112084161
95648,105969,2022-01-27,115,0.6020942408376964,1,0.3931446406448898,1.142897355601974,-1.3499267169490157,1.2233121485577432,-0.026217551236758174,3.048595763111059,-1.2856727025841659
95648,3104,2022-01-27,114,0.5968586387434555,1,0.3931446406448898,1.142897355601974,-1.3499267169490157,1.775665158167919,0.8151701046717844,0.395895657092014,-0.640037355245997
95648,47368,2022-01-27,113,0.5916230366492147,1,0.3931446406448898,1.142897355601974,-1.3499267169490157,1.5835127952568442,0.3799001979399286,0.4554755286828258,0.055569851154810834
95648,40893,2022-01-27,113,0.5916230366492147,1,0.3931446406448898,1.142897355601974,-1.3499267169490157,1.7144615174839963,0.09713480716995493,-0.7864791203521646,-4.138071424434987
95648,7801,2022-01-27,113,0.5916230366492147,1,0.3931446406448898,1.142897355601974,-1.3499267169490157,1.5415054405131088,0.3004526141168309,0.9490805546971459,-0.2478361639045814
95648,3175,2022-01-27,112,0.5863874345549738,1,0.3931446406448898,1.142897355601974,-1.3499267169490157,1.1985964136763465,-0.5536608157474612,0.0,-0.5996211225491219
95648,5170,2022-01-27,111,0.581151832460733,1,0.3931446406448898,1.142897355601974,-1.3499267169490157,1.9955940199567819,1.2036245748412728,-0.3184537311185345,-1.814487720305611
95648,110621,2022-01-27,111,0.581151832460733,1,0.3931446406448898,1.142897355601974,-1.3499267169490157,1.2017465627068318,0.28433627200449363,2.252214733605096,-0.502091943797236
229426,889,2022-02-02,253,0.14134078212290502,0,0.48409354876676947,0.4399498645315594,-0.9287132518727121,-3.434569027516866,-0.08069697308586088,0.12651313273772402,0.2036256126120044
229426,1653,2022-02-02,123,0.06871508379888268,0,0.48409354876676947,0.4399498645315594,-0.9287132518727121,-1.746325291942632,-0.08222742418818796,0.14778758318796648,0.3629490435866707
229426,40,2022-02-02,88,0.049162011173184354,0,0.48409354876676947,0.4399498645315594,-0.9287132518727121,-3.6739071661483464,-0.20767649372954944,0.20393438626909166,-0.08763567660851379
229426,136480,2022-02-02,82,0.04581005586592179,0,0.48409354876676947,0.4399498645315594,-0.9287132518727121,-3.01102658253543,0.27684562954396696,-0.28454798541500814,2.7740257364321046
229426,10,2022-02-02,77,0.043016759776536316,0,0.48409354876676947,0.4399498645315594,-0.9287132518727121,-2.632838741457299,-2.063142801231021,1.3309098313054886,-0.7772971453307278
229426,184224,2022-02-02,76,0.042458100558659215,0,0.48409354876676947,0.4399498645315594,-0.9287132518727121,-0.9069019450266458,0.13852478842513194,-0.2529413443329869,-0.06320185767217357
229426,245295,2022-02-02,75,0.04189944134078212,0,0.48409354876676947,0.4399498645315594,-0.9287132518727121,-0.05197351907710249,-0.0378628703680268,-0.9496890122760036,2.8903717578961645
229426,28498,2022-02-02,75,0.04189944134078212,0,0.48409354876676947,0.4399498645315594,-0.9287132518727121,0.5629707198519915,0.045926596839189315,-0.5837746234121584,-0.062266388726000876
229426,48293,2022-02-02,74,0.041340782122905026,0,0.48409354876676947,0.4399498645315594,-0.9287132518727121,0.7068044113576121,0.6250040962679837,-0.8915578500166115,-0.527799742750763
229426,186772,2022-02-02,73,0.04078212290502793,0,0.48409354876676947,0.4399498645315594,-0.9287132518727121,0.6271357945251109,0.638179089524153,-0.9844989819006891,1.7917594692280547
229426,242943,2022-02-02,72,0.04022346368715084,0,0.48409354876676947,0.4399498645315594,-0.9287132518727121,0.02475579878597901,-0.29805633928127295,-1.0417683896915806,2.9444389791664403
229426,124956,2022-02-02,70,0.03910614525139665,0,0.48409354876676947,0.4399498645315594,-0.9287132518727121,1.3961043017817327,0.8595162937173692,-0.8740056793021393,0.9674421722292665
240934,889,2022-02-03,253,0.12700803212851405,0,-0.08060213496337232,1.429451781035928,-1.610929337020771,-3.4151098111708236,-0.02244549522099515,0.0431850197588215,0.2398427337679756
240934,1653,2022-02-03,125,0.06275100401606426,0,-0.08060213496337232,1.429451781035928,-1.610929337020771,-1.791469208737923,-0.1055235001874244,0.1869625229309282,0.3928347985445608
240934,39033,2022-02-03,89,0.04467871485943775,0,-0.08060213496337232,1.429451781035928,-1.610929337020771,-1.566799232771274,-0.4837583325506867,0.9133341908420434,0.13529458198146038
240934,136480,2022-02-03,83,0.041666666666666664,0,-0.08060213496337232,1.429451781035928,-1.610929337020771,-3.0644581485580225,0.1801424787390853,-0.11475350410630902,2.8440181762400503
240934,242853,2022-02-03,81,0.04066265060240964,0,-0.08060213496337232,1.429451781035928,-1.610929337020771,-1.5252475069440725,0.21807885486835943,-0.39765063637195475,-0.466548671089841
240934,185438,2022-02-03,79,0.03965863453815261,0,-0.08060213496337232,1.429451781035928,-1.610929337020771,1.3493219003742494,1.6234242208915162,-1.113293523562942,0.5357550068085155
240934,229105,2022-02-03,76,0.03815261044176707,0,-0.08060213496337232,1.429451781035928,-1.610929337020771,0.6968299360458242,0.3472109880837019,-1.8473293203828662,3.044522437723423
240934,229066,2022-02-03,74,0.03714859437751004,0,-0.08060213496337232,1.429451781035928,-1.610929337020771,1.460157284066667,1.2499035290089857,-1.1340142157190263,0.1413968837646884
240934,184845,2022-02-03,74,0.03714859437751004,0,-0.08060213496337232,1.429451781035928,-1.610929337020771,-0.6912618551924805,0.147627052137969,-0.20721849525561087,0.013145729212502566
240934,186772,2022-02-03,74,0.03714859437751004,0,-0.08060213496337232,1.429451781035928,-1.610929337020771,1.3281142136567419,1.3579400913824318,-1.6110366337977968,1.7917594692280547
240934,184224,2022-02-03,73,0.036646586345381524,0,-0.08060213496337232,1.429451781035928,-1.610929337020771,-0.9310012644068438,0.1101998450904852,-0.22582796335543343,-0.11067621689104001
240934,242885,2022-02-03,72,0.03614457831325301,0,-0.08060213496337232,1.429451781035928,-1.610929337020771,1.5192691406375836,1.3227511700403087,-1.3361143426614044,1.4781019103730135
1542378,889,2022-02-03,231,0.15682281059063136,0,-0.040253157593214316,0.7809876482345245,-1.6158688027643908,-3.4151098111708236,-0.02244549522099515,0.0431850197588215,0.2398427337679756
1542378,1653,2022-02-03,120,0.0814663951120163,0,-0.040253157593214316,0.7809876482345245,-1.6158688027643908,-1.791469208737923,-0.1055235001874244,0.1869625229309282,0.3928347985445608
1542378,44737,2022-02-03,55,0.0373387644263408,0,-0.040253157593214316,0.7809876482345245,-1.6158688027643908,1.539146431558042,1.9595790674498117,-2.039436207066137,-1.7604881297913888
1542378,8684,2022-02-03,47,0.031907671418873046,0,-0.040253157593214316,0.7809876482345245,-1.6158688027643908,-0.1576711745604652,-0.13341593091402945,0.3745897956449973,-0.4673405118262517
1542378,28498,2022-02-03,46,0.031228784792939578,0,-0.040253157593214316,0.7809876482345245,-1.6158688027643908,0.6027467025025126,0.27212993490718185,-0.7488482222692241,0.1518060128680041
1542378,136480,2022-02-03,46,0.031228784792939578,0,-0.040253157593214316,0.7809876482345245,-1.6158688027643908,-3.0644581485580225,0.1801424787390853,-0.11475350410630902,2.8440181762400503
1542378,229072,2022-02-03,44,0.02987101154107264,0,-0.040253157593214316,0.7809876482345245,-1.6158688027643908,1.5167122541912161,1.5163315944087843,-1.5548497221496973,-0.8574502318512214
1542378,242909,2022-02-03,44,0.02987101154107264,0,-0.040253157593214316,0.7809876482345245,-1.6158688027643908,1.0422301801092373,1.1059646920870547,-1.4637524201588947,1.9810014688665836
1542378,229160,2022-02-03,44,0.02987101154107264,0,-0.040253157593214316,0.7809876482345245,-1.6158688027643908,0.8727810356088472,0.9289158479713053,-1.6109634657429375,3.1354942159291497
1542378,639,2022-02-03,43,0.029192124915139173,0,-0.040253157593214316,0.7809876482345245,-1.6158688027643908,-3.048495720665653,-0.04384814956578653,0.021161928018358367,-0.019079773087062435
1542378,240934,2022-02-03,43,0.029192124915139173,0,-0.040253157593214316,0.7809876482345245,-1.6158688027643908,1.3488496460725556,1.429451781035928,-1.610929337020771,3.4339872044851463
1542378,242999,2022-02-03,42,0.028513238289205704,0,-0.040253157593214316,0.7809876482345245,-1.6158688027643908,1.4367322145267043,1.486382845023296,-1.4408984951547428,-0.9267620317414509
242899,889,2022-02-03,229,0.13954905545399146,0,-0.16508114493614984,1.672629795313924,-1.9251409705235103,-3.4151098111708236,-0.02244549522099515,0.0431850197588215,0.2398427337679756
242899,1653,2022-02-03,128,0.07800121876904327,0,-0.16508114493614984,1.672629795313924,-1.9251409705235103,-1.791469208737923,-0.1055235001874244,0.1869625229309282,0.3928347985445608
242899,82,2022-02-03,80,0.04875076173065204,0,-0.16508114493614984,1.672629795313924,-1.9251409705235103,-2.4044208019186506,-0.04563328912732745,0.07386790647059804,0.02949849360962986
242899,136480,2022-02-03,79,0.04814137720901889,0,-0.16508114493614984,1.672629795313924,-1.9251409705235103,-3.0644581485580225,0.1801424787390853,-0.11475350410630902,2.8440181762400503
242899,242943,2022-02-03,75,0.04570383912248629,0,-0.16508114493614984,1.672629795313924,-1.9251409705235103,0.7217024112963952,0.44728617249772123,-1.6827870632538264,2.9444389791664403
242899,184224,2022-02-03,73,0.044485070079219986,0,-0.16508114493614984,1.672629795313924,-1.9251409705235103,-0.9310012644068438,0.1101998450904852,-0.22582796335543343,-0.11067621689104001
242899,39033,2022-02-03,73,0.044485070079219986,0,-0.16508114493614984,1.672629795313924,-1.9251409705235103,-1.566799232771274,-0.4837583325506867,0.9133341908420434,0.13529458198146038
242899,242853,2022-02-03,73,0.044485070079219986,0,-0.16508114493614984,1.672629795313924,-1.9251409705235103,-1.5252475069440725,0.21807885486835943,-0.39765063637195475,-0.466548671089841
242899,242875,2022-02-03,72,0.043875685557586835,0,-0.16508114493614984,1.672629795313924,-1.9251409705235103,0.7496912777358307,0.7489423465036833,-1.4381194289844768,2.079441541679836
242899,184281,2022-02-03,71,0.043266301035953685,0,-0.16508114493614984,1.672629795313924,-1.9251409705235103,1.4096227491051327,1.5759988276227388,-1.4875158881872723,0.557709209664841
242899,242999,2022-02-03,69,0.04204753199268738,0,-0.16508114493614984,1.672629795313924,-1.9251409705235103,1.4367322145267043,1.486382845023296,-1.4408984951547428,-0.9267620317414509
242899,242856,2022-02-03,69,0.04204753199268738,0,-0.16508114493614984,1.672629795313924,-1.9251409705235103,1.8817015681624727,1.2188031739998786,-1.5469629883143625,0.4795730802618863
202056,889,2022-02-04,249,0.1561128526645768,0,-0.03711456922167667,1.6482691358476713,-2.453340183820165,-3.4314390325087105,-0.02613257490919141,0.05007909549215661,0.27178966027491214
202056,1653,2022-02-04,143,0.0896551724137931,0,-0.03711456922167667,1.6482691358476713,-2.453340183820165,-1.804144028974046,-0.1578481802722489,0.2438836996058651,0.3722210495290099
202056,242853,2022-02-04,67,0.04200626959247649,0,-0.03711456922167667,1.6482691358476713,-2.453340183820165,-1.5012498451667338,0.2736963857091468,-0.4706196773169662,-0.5521636920146555
202056,77,2022-02-04,65,0.04075235109717868,0,-0.03711456922167667,1.6482691358476713,-2.453340183820165,0.46778946512061925,0.6885565883957783,-1.2970632273919485,0.4136618753123438
202056,186772,2022-02-04,64,0.04012539184952978,0,-0.03711456922167667,1.6482691358476713,-2.453340183820165,2.0067860588550923,2.0427153731887886,-2.539452225528053,1.7917594692280547
202056,240934,2022-02-04,64,0.04012539184952978,0,-0.03711456922167667,1.6482691358476713,-2.453340183820165,1.7486921334675543,1.841997732271788,-2.6000406772728066,3.4339872044851463
202056,10,2022-02-04,61,0.03824451410658307,0,-0.03711456922167667,1.6482691358476713,-2.453340183820165,-2.4832843199392056,-1.6504962168563555,0.9497975174132094,-1.2884510155052684
202056,242912,2022-02-04,60,0.03761755485893417,0,-0.03711456922167667,1.6482691358476713,-2.453340183820165,2.051854324680315,1.70418995687146,-2.3171838924151977,0.8602012652231115
202056,242885,2022-02-04,59,0.03699059561128527,0,-0.03711456922167667,1.6482691358476713,-2.453340183820165,1.6967893695668137,1.5300768010708556,-1.9272644876838507,1.3464484525726905
202056,242999,2022-02-04,59,0.03699059561128527,0,-0.03711456922167667,1.6482691358476713,-2.453340183820165,1.7484356297438268,1.8052996833466501,-2.253452404416401,-0.9267620317414509
202056,245295,2022-02-04,59,0.03699059561128527,0,-0.03711456922167667,1.6482691358476713,-2.453340183820165,1.4522611683027822,1.5039957390622014,-2.600591048787462,2.9444389791664403
202056,152211,2022-02-04,58,0.03636363636363636,0,-0.03711456922167667,1.6482691358476713,-2.453340183820165,-1.5022016669326075,0.41169146401882917,0.47118376931358164,-1.3055187772553456
162410,889,2022-02-04,244,0.13384530992868898,0,-0.039322222616657035,1.3784499894207618,-2.4381305849902697,-3.4314390325087105,-0.02613257490919141,0.05007909549215661,0.27178966027491214
162410,1653,2022-02-04,110,0.06034009873834339,0,-0.039322222616657035,1.3784499894207618,-2.4381305849902697,-1.804144028974046,-0.1578481802722489,0.2438836996058651,0.3722210495290099
162410,142755,2022-02-04,77,0.042238069116840374,0,-0.039322222616657035,1.3784499894207618,-2.4381305849902697,0.7662509048639646,0.9661377224348504,-1.1301170071830065,-1.3855898876846267
162410,39033,2022-02-04,76,0.041689522764673616,0,-0.039322222616657035,1.3784499894207618,-2.4381305849902697,-1.4527114109676498,-0.2951635529626522,0.5653818203113197,0.14112788414267818
162410,152211,2022-02-04,76,0.041689522764673616,0,-0.039322222616657035,1.3784499894207618,-2.4381305849902697,-1.5022016669326075,0.41169146401882917,0.47118376931358164,-1.3055187772553456
162410,2819,2022-02-04,75,0.04114097641250686,0,-0.039322222616657035,1.3784499894207618,-2.4381305849902697,1.0987000036061358,0.6484058827367445,-0.9189119653540292,3.4065165431397553
162410,8874,2022-02-04,74,0.0405924300603401,0,-0.039322222616657035,1.3784499894207618,-2.4381305849902697,-0.636153392284435,-0.019473771226656722,0.14627445997355792,-0.6200103965693184
162410,184281,2022-02-04,73,0.04004388370817334,0,-0.039322222616657035,1.3784499894207618,-2.4381305849902697,1.680113301265775,1.8411128900337046,-1.900182774416427,0.557709209664841
162410,82,2022-02-04,73,0.04004388370817334,0,-0.039322222616657035,1.3784499894207618,-2.4381305849902697,-2.401118527113372,-0.04888514541995681,0.07989641565350603,-0.015040906662393994
162410,229066,2022-02-04,73,0.04004388370817334,0,-0.039322222616657035,1.3784499894207618,-2.4381305849902697,1.6684909536893713,1.6185771910419378,-1.597603454787098,0.15279658347952907
162410,136480,2022-02-04,73,0.04004388370817334,0,-0.039322222616657035,1.3784499894207618,-2.4381305849902697,-3.063318743021211,0.13053238245581156,0.06694635985689423,2.821054549197271
162410,184845,2022-02-04,73,0.04004388370817334,0,-0.039322222616657035,1.3784499894207618,-2.4381305849902697,-0.6761169676090121,0.18102947512515832,-0.25284511892111894,0.013145729212502566
230701,889,2022-02-04,269,0.15842167255594816,0,0.15046745856380428,1.5201266333708396,-2.2985770715965073,-3.4314390325087105,-0.02613257490919141,0.05007909549215661,0.27178966027491214
230701,1653,2022-02-04,134,0.07891637220259129,0,0.15046745856380428,1.5201266333708396,-2.2985770715965073,-1.804144028974046,-0.1578481802722489,0.2438836996058651,0.3722210495290099
230701,136480,2022-02-04,77,0.04534746760895171,0,0.15046745856380428,1.5201266333708396,-2.2985770715965073,-3.063318743021211,0.13053238245581156,0.06694635985689423,2.821054549197271
230701,10,2022-02-04,76,0.0447585394581861,0,0.15046745856380428,1.5201266333708396,-2.2985770715965073,-2.4832843199392056,-1.6504962168563555,0.9497975174132094,-1.2884510155052684
230701,229069,2022-02-04,75,0.044169611307420496,0,0.15046745856380428,1.5201266333708396,-2.2985770715965073,1.529893320305431,1.3073143075880536,-0.8870967753490184,-2.4619171315633017
230701,28498,2022-02-04,74,0.043580683156654886,0,0.15046745856380428,1.5201266333708396,-2.2985770715965073,0.8562797486368827,0.5758856390365474,-1.1307191679781292,1.3154200215332335
230701,123526,2022-02-04,70,0.04122497055359246,0,0.15046745856380428,1.5201266333708396,-2.2985770715965073,-2.231169992156833,-1.5297000264185745,3.117109497036439,-0.5584985795255903
230701,184224,2022-02-04,70,0.04122497055359246,0,0.15046745856380428,1.5201266333708396,-2.2985770715965073,-0.9050984438574421,0.14381502702805116,-0.2811644631343153,-0.10583005858448225
230701,242853,2022-02-04,70,0.04122497055359246,0,0.15046745856380428,1.5201266333708396,-2.2985770715965073,-1.5012498451667338,0.2736963857091468,-0.4706196773169662,-0.5521636920146555
230701,184281,2022-02-04,68,0.04004711425206125,0,0.15046745856380428,1.5201266333708396,-2.2985770715965073,1.680113301265775,1.8411128900337046,-1.900182774416427,0.557709209664841
230701,229680,2022-02-04,66,0.038869257950530034,0,0.15046745856380428,1.5201266333708396,-2.2985770715965073,1.8523988090424663,1.923066971109749,-2.6186345639813973,3.295836866004329
230701,184845,2022-02-04,66,0.038869257950530034,0,0.15046745856380428,1.5201266333708396,-2.2985770715965073,-0.6761169676090121,0.18102947512515832,-0.25284511892111894,0.013145729212502566
230354,889,2022-02-04,223,0.13605857230018303,0,-0.0949604803584612,1.5141010643474822,-2.4282006222936996,-3.4314390325087105,-0.02613257490919141,0.05007909549215661,0.27178966027491214
230354,1653,2022-02-04,111,0.0677242220866382,0,-0.0949604803584612,1.5141010643474822,-2.4282006222936996,-1.804144028974046,-0.1578481802722489,0.2438836996058651,0.3722210495290099
230354,136480,2022-02-04,59,0.03599755948749237,0,-0.0949604803584612,1.5141010643474822,-2.4282006222936996,-3.063318743021211,0.13053238245581156,0.06694635985689423,2.821054549197271
230354,242853,2022-02-04,58,0.035387431360585725,0,-0.0949604803584612,1.5141010643474822,-2.4282006222936996,-1.5012498451667338,0.2736963857091468,-0.4706196773169662,-0.5521636920146555
230354,229096,2022-02-04,57,0.03477730323367907,0,-0.0949604803584612,1.5141010643474822,-2.4282006222936996,1.579969077162826,1.7463850148579492,-1.397371397458798,-1.1902426115140345
230354,229680,2022-02-04,56,0.034167175106772425,0,-0.0949604803584612,1.5141010643474822,-2.4282006222936996,1.8523988090424663,1.923066971109749,-2.6186345639813973,3.295836866004329
230354,184281,2022-02-04,56,0.034167175106772425,0,-0.0949604803584612,1.5141010643474822,-2.4282006222936996,1.680113301265775,1.8411128900337046,-1.900182774416427,0.557709209664841
230354,161581,2022-02-04,55,0.03355704697986577,0,-0.0949604803584612,1.5141010643474822,-2.4282006222936996,1.7459011985068622,1.8404087532329783,-1.8098595108716733,4.04305126783455
230354,184224,2022-02-04,55,0.03355704697986577,0,-0.0949604803584612,1.5141010643474822,-2.4282006222936996,-0.9050984438574421,0.14381502702805116,-0.2811644631343153,-0.10583005858448225
230354,229105,2022-02-04,55,0.03355704697986577,0,-0.0949604803584612,1.5141010643474822,-2.4282006222936996,1.4615801586329595,1.139228021929876,-2.760285081044424,3.044522437723423
230354,82,2022-02-04,54,0.03294691885295912,0,-0.0949604803584612,1.5141010643474822,-2.4282006222936996,-2.401118527113372,-0.04888514541995681,0.07989641565350603,-0.015040906662393994
230354,242899,2022-02-04,53,0.03233679072605247,0,-0.0949604803584612,1.5141010643474822,-2.4282006222936996,1.942062830013984,2.1142164086166955,-2.9216243014002687,2.197224577336219
229778,889,2022-02-04,267,0.15733647613435475,0,-0.04247014356092159,1.4496087798605626,-2.2900063107871853,-3.4314390325087105,-0.02613257490919141,0.05007909549215661,0.27178966027491214
229778,1653,2022-02-04,138,0.08131997642899234,0,-0.04247014356092159,1.4496087798605626,-2.2900063107871853,-1.804144028974046,-0.1578481802722489,0.2438836996058651,0.3722210495290099
229778,88535,2022-02-04,63,0.037124337065409546,0,-0.04247014356092159,1.4496087798605626,-2.2900063107871853,0.9162970091249059,1.0719285453112946,-1.4737286605095647,-0.4712783266777354
229778,82,2022-02-04,59,0.0347672362993518,0,-0.04247014356092159,1.4496087798605626,-2.2900063107871853,-2.401118527113372,-0.04888514541995681,0.07989641565350603,-0.015040906662393994
229778,136480,2022-02-04,58,0.03417796110783736,0,-0.04247014356092159,1.4496087798605626,-2.2900063107871853,-3.063318743021211,0.13053238245581156,0.06694635985689423,2.821054549197271
229778,41873,2022-02-04,56,0.032999410724808484,0,-0.04247014356092159,1.4496087798605626,-2.2900063107871853,-0.6927404155279636,0.5312025122878273,-0.5972954528711458,-0.3359466738189605
229778,92040,2022-02-04,56,0.032999410724808484,0,-0.04247014356092159,1.4496087798605626,-2.2900063107871853,0.8536101651541075,0.7436604442666934,-0.9124477405949873,1.8469458847953453
229778,110,2022-02-04,55,0.03241013553329405,0,-0.04247014356092159,1.4496087798605626,-2.2900063107871853,-2.7306059037580623,-0.5510220712420626,0.7377109640637638,1.653790739584097
229778,184224,2022-02-04,54,0.03182086034177961,0,-0.04247014356092159,1.4496087798605626,-2.2900063107871853,-0.9050984438574421,0.14381502702805116,-0.2811644631343153,-0.10583005858448225
229778,8874,2022-02-04,53,0.031231585150265175,0,-0.04247014356092159,1.4496087798605626,-2.2900063107871853,-0.636153392284435,-0.019473771226656722,0.14627445997355792,-0.6200103965693184
229778,242943,2022-02-04,53,0.031231585150265175,0,-0.04247014356092159,1.4496087798605626,-2.2900063107871853,1.3533549599664256,1.100727894067392,-2.461236905702095,2.9444389791664403
229778,229105,2022-02-04,51,0.030053034767236298,0,-0.04247014356092159,1.4496087798605626,-2.2900063107871853,1.4615801586329595,1.139228021929876,-2.760285081044424,3.044522437723423
245295,889,2022-02-04,248,0.15509693558474047,0,-0.051734570759419195,1.5039957390622014,-2.600591048787462,-3.4314390325087105,-0.02613257490919141,0.05007909549215661,0.27178966027491214
245295,1653,2022-02-04,147,0.09193245778611632,0,-0.051734570759419195,1.5039957390622014,-2.600591048787462,-1.804144028974046,-0.1578481802722489,0.2438836996058651,0.3722210495290099
245295,229426,2022-02-04,75,0.04690431519699812,0,-0.051734570759419195,1.5039957390622014,-2.600591048787462,1.8859105248165586,1.5153269639276252,-2.4540109754951187,2.772588722239781
245295,243221,2022-02-04,69,0.043151969981238276,0,-0.051734570759419195,1.5039957390622014,-2.600591048787462,1.92421757086736,2.015684859486023,-2.640404131165637,3.367295829986474
245295,28498,2022-02-04,68,0.04252657911194497,0,-0.051734570759419195,1.5039957390622014,-2.600591048787462,0.8562797486368827,0.5758856390365474,-1.1307191679781292,1.3154200215332335
245295,48293,2022-02-04,67,0.041901188242651655,0,-0.051734570759419195,1.5039957390622014,-2.600591048787462,0.965579045432763,0.9825905209242586,-1.1024957886945073,-0.31737273340690475
245295,44737,2022-02-04,66,0.04127579737335835,0,-0.051734570759419195,1.5039957390622014,-2.600591048787462,1.6214701925848232,1.973051056663238,-2.220907061979779,-1.6991168468575113
245295,240934,2022-02-04,65,0.04065040650406504,0,-0.051734570759419195,1.5039957390622014,-2.600591048787462,1.7486921334675543,1.841997732271788,-2.6000406772728066,3.4339872044851463
245295,77,2022-02-04,63,0.039399624765478425,0,-0.051734570759419195,1.5039957390622014,-2.600591048787462,0.46778946512061925,0.6885565883957783,-1.2970632273919485,0.4136618753123438
245295,136480,2022-02-04,63,0.039399624765478425,0,-0.051734570759419195,1.5039957390622014,-2.600591048787462,-3.063318743021211,0.13053238245581156,0.06694635985689423,2.821054549197271
245295,242860,2022-02-04,63,0.039399624765478425,0,-0.051734570759419195,1.5039957390622014,-2.600591048787462,1.917629159495042,2.0121196430448363,-2.5966106393680013,-0.7932306391169281
245295,230701,2022-02-04,62,0.03877423389618512,0,-0.051734570759419195,1.5039957390622014,-2.600591048787462,1.6705940919346438,1.5201266333708396,-2.2985770715965073,1.897119984885881
243334,889,2022-02-04,259,0.12733529990167158,0,-0.09790838546703484,1.4754873116312714,-2.5323731870269244,-3.4314390325087105,-0.02613257490919141,0.05007909549215661,0.27178966027491214
243334,1653,2022-02-04,150,0.07374631268436578,0,-0.09790838546703484,1.4754873116312714,-2.5323731870269244,-1.804144028974046,-0.1578481802722489,0.2438836996058651,0.3722210495290099
243334,242853,2022-02-04,108,0.05309734513274336,0,-0.09790838546703484,1.4754873116312714,-2.5323731870269244,-1.5012498451667338,0.2736963857091468,-0.4706196773169662,-0.5521636920146555
243334,39033,2022-02-04,82,0.04031465093411996,0,-0.09790838546703484,1.4754873116312714,-2.5323731870269244,-1.4527114109676498,-0.2951635529626522,0.5653818203113197,0.14112788414267818
243334,136480,2022-02-04,79,0.03883972468043265,0,-0.09790838546703484,1.4754873116312714,-2.5323731870269244,-3.063318743021211,0.13053238245581156,0.06694635985689423,2.821054549197271
243334,185438,2022-02-04,75,0.03687315634218289,0,-0.09790838546703484,1.4754873116312714,-2.5323731870269244,1.54666728710481,1.8034903102241777,-1.4461412771291426,0.5357550068085155
243334,44737,2022-02-04,74,0.03638151425762045,0,-0.09790838546703484,1.4754873116312714,-2.5323731870269244,1.6214701925848232,1.973051056663238,-2.220907061979779,-1.6991168468575113
243334,40,2022-02-04,72,0.035398230088495575,0,-0.09790838546703484,1.4754873116312714,-2.5323731870269244,-3.681927108873679,-0.13095396753320054,0.1395328276894805,-0.11384910857513297
243334,229069,2022-02-04,71,0.034906588003933134,0,-0.09790838546703484,1.4754873116312714,-2.5323731870269244,1.529893320305431,1.3073143075880536,-0.8870967753490184,-2.4619171315633017
243334,10,2022-02-04,70,0.0344149459193707,0,-0.09790838546703484,1.4754873116312714,-2.5323731870269244,-2.4832843199392056,-1.6504962168563555,0.9497975174132094,-1.2884510155052684
243334,229426,2022-02-04,68,0.03343166175024582,0,-0.09790838546703484,1.4754873116312714,-2.5323731870269244,1.8859105248165586,1.5153269639276252,-2.4540109754951187,2.772588722239781
243334,229680,2022-02-04,68,0.03343166175024582,0,-0.09790838546703484,1.4754873116312714,-2.5323731870269244,1.8523988090424663,1.923066971109749,-2.6186345639813973,3.295836866004329
243221,889,2022-02-04,249,0.14990969295605058,0,-0.09146728861866307,2.015684859486023,-2.640404131165637,-3.4314390325087105,-0.02613257490919141,0.05007909549215661,0.27178966027491214
243221,1653,2022-02-04,139,0.08368452739313667,0,-0.09146728861866307,2.015684859486023,-2.640404131165637,-1.804144028974046,-0.1578481802722489,0.2438836996058651,0.3722210495290099
243221,186772,2022-02-04,76,0.045755568934376885,0,-0.09146728861866307,2.015684859486023,-2.640404131165637,2.0067860588550923,2.0427153731887886,-2.539452225528053,1.7917594692280547
243221,245295,2022-02-04,69,0.041541240216736906,0,-0.09146728861866307,2.015684859486023,-2.640404131165637,1.4522611683027822,1.5039957390622014,-2.600591048787462,2.9444389791664403
243221,240934,2022-02-04,68,0.040939193257074055,0,-0.09146728861866307,2.015684859486023,-2.640404131165637,1.7486921334675543,1.841997732271788,-2.6000406772728066,3.4339872044851463
243221,44737,2022-02-04,67,0.0403371462974112,0,-0.09146728861866307,2.015684859486023,-2.640404131165637,1.6214701925848232,1.973051056663238,-2.220907061979779,-1.6991168468575113
243221,229426,2022-02-04,66,0.039735099337748346,0,-0.09146728861866307,2.015684859486023,-2.640404131165637,1.8859105248165586,1.5153269639276252,-2.4540109754951187,2.772588722239781
243221,229066,2022-02-04,65,0.03913305237808549,0,-0.09146728861866307,2.015684859486023,-2.640404131165637,1.6684909536893713,1.6185771910419378,-1.597603454787098,0.15279658347952907
243221,185438,2022-02-04,65,0.03913305237808549,0,-0.09146728861866307,2.015684859486023,-2.640404131165637,1.54666728710481,1.8034903102241777,-1.4461412771291426,0.5357550068085155
243221,229105,2022-02-04,64,0.03853100541842264,0,-0.09146728861866307,2.015684859486023,-2.640404131165637,1.4615801586329595,1.139228021929876,-2.760285081044424,3.044522437723423
243221,242853,2022-02-04,61,0.03672486453943408,0,-0.09146728861866307,2.015684859486023,-2.640404131165637,-1.5012498451667338,0.2736963857091468,-0.4706196773169662,-0.5521636920146555
243221,184224,2022-02-04,61,0.03672486453943408,0,-0.09146728861866307,2.015684859486023,-2.640404131165637,-0.9050984438574421,0.14381502702805116,-0.2811644631343153,-0.10583005858448225
247215,889,2022-02-04,219,0.14202334630350194,0,0.03504861105412589,1.5251490011905697,-2.5832425505088623,-3.4314390325087105,-0.02613257490919141,0.05007909549215661,0.27178966027491214
247215,1653,2022-02-04,119,0.07717250324254216,0,0.03504861105412589,1.5251490011905697,-2.5832425505088623,-1.804144028974046,-0.1578481802722489,0.2438836996058651,0.3722210495290099
247215,240934,2022-02-04,70,0.04539559014267185,0,0.03504861105412589,1.5251490011905697,-2.5832425505088623,1.7486921334675543,1.841997732271788,-2.6000406772728066,3.4339872044851463
247215,229069,2022-02-04,68,0.04409857328145266,0,0.03504861105412589,1.5251490011905697,-2.5832425505088623,1.529893320305431,1.3073143075880536,-0.8870967753490184,-2.4619171315633017
247215,229072,2022-02-04,65,0.04215304798962387,0,0.03504861105412589,1.5251490011905697,-2.5832425505088623,1.924974106812035,1.9357931410269837,-2.4430836836529766,-0.8574502318512214
247215,142755,2022-02-04,62,0.040207522697795074,0,0.03504861105412589,1.5251490011905697,-2.5832425505088623,0.7662509048639646,0.9661377224348504,-1.1301170071830065,-1.3855898876846267
247215,242909,2022-02-04,62,0.040207522697795074,0,0.03504861105412589,1.5251490011905697,-2.5832425505088623,1.6821166290800844,1.7637654813869528,-2.4355303763901066,1.7227665977411035
247215,242859,2022-02-04,61,0.03955901426718547,0,0.03504861105412589,1.5251490011905697,-2.5832425505088623,1.4609618080974591,1.5417272168256837,-1.4139969636692262,2.2335922215070942
247215,184281,2022-02-04,61,0.03955901426718547,0,0.03504861105412589,1.5251490011905697,-2.5832425505088623,1.680113301265775,1.8411128900337046,-1.900182774416427,0.557709209664841
247215,242899,2022-02-04,59,0.03826199740596628,0,0.03504861105412589,1.5251490011905697,-2.5832425505088623,1.942062830013984,2.1142164086166955,-2.9216243014002687,2.197224577336219
247215,229106,2022-02-04,58,0.03761348897535668,0,0.03504861105412589,1.5251490011905697,-2.5832425505088623,1.8434925762362613,1.9131260512962625,-2.53202457276507,2.5649493574615367
247215,10,2022-02-04,58,0.03761348897535668,0,0.03504861105412589,1.5251490011905697,-2.5832425505088623,-2.4832843199392056,-1.6504962168563555,0.9497975174132094,-1.2884510155052684
242943,889,2022-02-04,226,0.13270698766881972,0,0.25262706589903366,1.100727894067392,-2.461236905702095,-3.4314390325087105,-0.02613257490919141,0.05007909549215661,0.27178966027491214
242943,1653,2022-02-04,143,0.08396946564885496,0,0.25262706589903366,1.100727894067392,-2.461236905702095,-1.804144028974046,-0.1578481802722489,0.2438836996058651,0.3722210495290099
242943,242899,2022-02-04,75,0.04403992953611274,0,0.25262706589903366,1.100727894067392,-2.461236905702095,1.942062830013984,2.1142164086166955,-2.9216243014002687,2.197224577336219
242943,242853,2022-02-04,75,0.04403992953611274,0,0.25262706589903366,1.100727894067392,-2.461236905702095,-1.5012498451667338,0.2736963857091468,-0.4706196773169662,-0.5521636920146555
242943,136480,2022-02-04,74,0.04345273047563124,0,0.25262706589903366,1.100727894067392,-2.461236905702095,-3.063318743021211,0.13053238245581156,0.06694635985689423,2.821054549197271
242943,10,2022-02-04,72,0.042278332354668234,0,0.25262706589903366,1.100727894067392,-2.461236905702095,-2.4832843199392056,-1.6504962168563555,0.9497975174132094,-1.2884510155052684
242943,229426,2022-02-04,72,0.042278332354668234,0,0.25262706589903366,1.100727894067392,-2.461236905702095,1.8859105248165586,1.5153269639276252,-2.4540109754951187,2.772588722239781
242943,39033,2022-02-04,72,0.042278332354668234,0,0.25262706589903366,1.100727894067392,-2.461236905702095,-1.4527114109676498,-0.2951635529626522,0.5653818203113197,0.14112788414267818
242943,82,2022-02-04,67,0.039342337052260715,0,0.25262706589903366,1.100727894067392,-2.461236905702095,-2.401118527113372,-0.04888514541995681,0.07989641565350603,-0.015040906662393994
242943,142755,2022-02-04,66,0.038755137991779216,0,0.25262706589903366,1.100727894067392,-2.461236905702095,0.7662509048639646,0.9661377224348504,-1.1301170071830065,-1.3855898876846267
242943,229096,2022-02-04,65,0.03816793893129771,0,0.25262706589903366,1.100727894067392,-2.461236905702095,1.579969077162826,1.7463850148579492,-1.397371397458798,-1.1902426115140345
242943,28498,2022-02-04,65,0.03816793893129771,0,0.25262706589903366,1.100727894067392,-2.461236905702095,0.8562797486368827,0.5758856390365474,-1.1307191679781292,1.3154200215332335
200715,172,2022-02-07,401,0.8302277432712215,1,1.7823449749100122,0.23502888306058556,-0.9461436950238364,-2.504240723180014,0.052728611420200355,-0.07162777596819758,-0.2087884912662581
200715,1274,2022-02-07,399,0.8260869565217391,1,1.7823449749100122,0.23502888306058556,-0.9461436950238364,-0.2955168036010501,0.2705077937945943,-0.2776719788566808,-0.11336316763511078
200715,889,2022-02-07,388,0.8033126293995859,1,1.7823449749100122,0.23502888306058556,-0.9461436950238364,-3.3571343631189707,0.14866505804567032,-0.18526507206345677,0.351257607855338
200715,42,2022-02-07,375,0.7763975155279503,1,1.7823449749100122,0.23502888306058556,-0.9461436950238364,-2.9538470675639164,0.11806368478612539,0.3979623636018079,-0.30423507048884346
200715,313,2022-02-07,372,0.7701863354037267,1,1.7823449749100122,0.23502888306058556,-0.9461436950238364,-0.058045737139997104,-0.5399951346495793,0.8241223587748099,0.03647168620394936
200715,579,2022-02-07,366,0.7577639751552795,1,1.7823449749100122,0.23502888306058556,-0.9461436950238364,-1.370657910106942,-0.17839107715666103,0.25046902224354284,-0.07085840256974762
200715,2142879863,2022-02-07,352,0.7287784679089027,1,1.7823449749100122,0.23502888306058556,-0.9461436950238364,-1.9005766051393296,-0.12049560908146772,0.16121827578932546,0.04030237902402156
200715,2142865418,2022-02-07,351,0.7267080745341615,1,1.7823449749100122,0.23502888306058556,-0.9461436950238364,-1.9357171769098849,-0.05278130087790189,0.06970471137758771,0.1817527907820775
200715,2142870385,2022-02-07,350,0.7246376811594203,1,1.7823449749100122,0.23502888306058556,-0.9461436950238364,-1.9288877499087593,-0.14063410818407918,0.18158922428228053,0.1096000132686914
200715,2122399466,2022-02-07,350,0.7246376811594203,1,1.7823449749100122,0.23502888306058556,-0.9461436950238364,-2.200252827684393,-0.1625499913704429,0.20556503226229061,0.007183861914297651
200715,2142878670,2022-02-07,350,0.7246376811594203,1,1.7823449749100122,0.23502888306058556,-0.9461436950238364,-1.867606826141929,-0.10193373289760332,0.135927154492137,-0.013872438021515165
200715,2142864862,2022-02-07,349,0.722567287784679,1,1.7823449749100122,0.23502888306058556,-0.9461436950238364,-1.8919702808443233,-0.07893555235744132,0.1029789078636103,0.0016454658481350748
133957,172,2022-02-07,413,0.8227091633466136,1,1.6244232834262249,0.6922221762113958,-1.8523840910444895,-2.504240723180014,0.052728611420200355,-0.07162777596819758,-0.2087884912662581
133957,889,2022-02-07,406,0.8087649402390438,1,1.6244232834262249,0.6922221762113958,-1.8523840910444895,-3.3571343631189707,0.14866505804567032,-0.18526507206345677,0.351257607855338
133957,1274,2022-02-07,397,0.7908366533864541,1,1.6244232834262249,0.6922221762113958,-1.8523840910444895,-0.2955168036010501,0.2705077937945943,-0.2776719788566808,-0.11336316763511078
133957,579,2022-02-07,388,0.7729083665338645,1,1.6244232834262249,0.6922221762113958,-1.8523840910444895,-1.370657910106942,-0.17839107715666103,0.25046902224354284,-0.07085840256974762
133957,42,2022-02-07,385,0.7669322709163346,1,1.6244232834262249,0.6922221762113958,-1.8523840910444895,-2.9538470675639164,0.11806368478612539,0.3979623636018079,-0.30423507048884346
133957,313,2022-02-07,381,0.7589641434262948,1,1.6244232834262249,0.6922221762113958,-1.8523840910444895,-0.058045737139997104,-0.5399951346495793,0.8241223587748099,0.03647168620394936
133957,82,2022-02-07,368,0.7330677290836654,1,1.6244232834262249,0.6922221762113958,-1.8523840910444895,-2.390726281494122,0.02731892061941643,0.012865053777989743,-0.01720328789396497
133957,545,2022-02-07,366,0.7290836653386454,1,1.6244232834262249,0.6922221762113958,-1.8523840910444895,-2.0390238777267498,-0.009611339391073948,-0.006349227678660085,-0.03843610376387119
133957,2142865418,2022-02-07,365,0.7270916334661355,1,1.6244232834262249,0.6922221762113958,-1.8523840910444895,-1.9357171769098849,-0.05278130087790189,0.06970471137758771,0.1817527907820775
133957,2142870385,2022-02-07,363,0.7231075697211156,1,1.6244232834262249,0.6922221762113958,-1.8523840910444895,-1.9288877499087593,-0.14063410818407918,0.18158922428228053,0.1096000132686914
133957,2142890311,2022-02-07,362,0.7211155378486056,1,1.6244232834262249,0.6922221762113958,-1.8523840910444895,-1.8967366399785897,-0.09853306289731778,0.13129442979809625,0.14617474423473809
133957,2122725237,2022-02-07,362,0.7211155378486056,1,1.6244232834262249,0.6922221762113958,-1.8523840910444895,-1.8980042204156529,-0.14691261447932025,0.1856595445167013,0.12958442908209555
47116,42,2022-02-07,370,0.9273182957393483,1,1.8287502234656043,0.5969758762854636,-1.8191584434161698,-2.9538470675639164,0.11806368478612539,0.3979623636018079,-0.30423507048884346
47116,313,2022-02-07,368,0.9223057644110275,1,1.8287502234656043,0.5969758762854636,-1.8191584434161698,-0.058045737139997104,-0.5399951346495793,0.8241223587748099,0.03647168620394936
47116,545,2022-02-07,354,0.8872180451127819,1,1.8287502234656043,0.5969758762854636,-1.8191584434161698,-2.0390238777267498,-0.009611339391073948,-0.006349227678660085,-0.03843610376387119
47116,2122437132,2022-02-07,352,0.8822055137844611,1,1.8287502234656043,0.5969758762854636,-1.8191584434161698,-1.9113358607088713,-0.13252405118429111,0.1743830382989504,0.06333031570075853
47116,2123493281,2022-02-07,351,0.8796992481203008,1,1.8287502234656043,0.5969758762854636,-1.8191584434161698,-1.953786261348885,-0.19501531031011377,0.2596048065312573,0.09402371961849099
47116,2142862748,2022-02-07,351,0.8796992481203008,1,1.8287502234656043,0.5969758762854636,-1.8191584434161698,-1.9371653697229283,-0.17887019874698207,0.23235860391794994,0.01144759385059757
47116,2142864862,2022-02-07,351,0.8796992481203008,1,1.8287502234656043,0.5969758762854636,-1.8191584434161698,-1.8919702808443233,-0.07893555235744132,0.1029789078636103,0.0016454658481350748
47116,2129632899,2022-02-07,351,0.8796992481203008,1,1.8287502234656043,0.5969758762854636,-1.8191584434161698,-1.887548641551245,-0.12017943842819379,0.14788799588423274,0.095250799144587
47116,2142862519,2022-02-07,351,0.8796992481203008,1,1.8287502234656043,0.5969758762854636,-1.8191584434161698,-4.228010994265278,0.06659353371924936,0.043056050120938494,-0.8522308097930331
47116,2116182225,2022-02-07,350,0.8771929824561403,1,1.8287502234656043,0.5969758762854636,-1.8191584434161698,-2.064262234150603,-0.1008939117030605,0.13527405934495462,0.05213360057205563
47116,2142879863,2022-02-07,349,0.87468671679198,1,1.8287502234656043,0.5969758762854636,-1.8191584434161698,-1.9005766051393296,-0.12049560908146772,0.16121827578932546,0.04030237902402156
47116,2142877002,2022-02-07,348,0.8721804511278195,1,1.8287502234656043,0.5969758762854636,-1.8191584434161698,-1.9433269351055211,-0.15480780979603348,0.1963975499119961,0.12875173557456066
153640,313,2022-02-07,389,0.9328537170263789,1,1.8575788604448056,0.5279639603815782,-1.623622547426057,-0.058045737139997104,-0.5399951346495793,0.8241223587748099,0.03647168620394936
153640,42,2022-02-07,388,0.9304556354916067,1,1.8575788604448056,0.5279639603815782,-1.623622547426057,-2.9538470675639164,0.11806368478612539,0.3979623636018079,-0.30423507048884346
153640,2142864304,2022-02-07,362,0.86810551558753,1,1.8575788604448056,0.5279639603815782,-1.623622547426057,-1.9850794519510895,-0.028058088984572738,0.011024569624352054,-0.10910885789950342
153640,82,2022-02-07,361,0.8657074340527577,1,1.8575788604448056,0.5279639603815782,-1.623622547426057,-2.390726281494122,0.02731892061941643,0.012865053777989743,-0.01720328789396497
153640,2142864862,2022-02-07,361,0.8657074340527577,1,1.8575788604448056,0.5279639603815782,-1.623622547426057,-1.8919702808443233,-0.07893555235744132,0.1029789078636103,0.0016454658481350748
153640,172,2022-02-07,361,0.8657074340527577,1,1.8575788604448056,0.5279639603815782,-1.623622547426057,-2.504240723180014,0.052728611420200355,-0.07162777596819758,-0.2087884912662581
153640,2142862519,2022-02-07,360,0.8633093525179856,1,1.8575788604448056,0.5279639603815782,-1.623622547426057,-4.228010994265278,0.06659353371924936,0.043056050120938494,-0.8522308097930331
153640,2122514680,2022-02-07,360,0.8633093525179856,1,1.8575788604448056,0.5279639603815782,-1.623622547426057,-1.8925830106545944,-0.10149926211557836,0.1301040885959619,0.14794832649285894
153640,2142869398,2022-02-07,360,0.8633093525179856,1,1.8575788604448056,0.5279639603815782,-1.623622547426057,-1.8814389755170338,-0.03884073036965807,0.046999070309514224,0.13160762144085858
153640,2142878670,2022-02-07,360,0.8633093525179856,1,1.8575788604448056,0.5279639603815782,-1.623622547426057,-1.867606826141929,-0.10193373289760332,0.135927154492137,-0.013872438021515165
153640,2143015613,2022-02-07,357,0.8561151079136691,1,1.8575788604448056,0.5279639603815782,-1.623622547426057,-1.9140743418335107,-0.15898795317984082,0.2036537242529466,0.1013782035969566
153640,2142870385,2022-02-07,357,0.8561151079136691,1,1.8575788604448056,0.5279639603815782,-1.623622547426057,-1.9288877499087593,-0.14063410818407918,0.18158922428228053,0.1096000132686914
145864,313,2022-02-07,390,0.9285714285714286,1,1.9537911306386955,0.3741041459016865,-0.94204322797657,-0.058045737139997104,-0.5399951346495793,0.8241223587748099,0.03647168620394936
145864,42,2022-02-07,390,0.9285714285714286,1,1.9537911306386955,0.3741041459016865,-0.94204322797657,-2.9538470675639164,0.11806368478612539,0.3979623636018079,-0.30423507048884346
145864,82,2022-02-07,374,0.8904761904761904,1,1.9537911306386955,0.3741041459016865,-0.94204322797657,-2.390726281494122,0.02731892061941643,0.012865053777989743,-0.01720328789396497
145864,2144040670,2022-02-07,371,0.8833333333333333,1,1.9537911306386955,0.3741041459016865,-0.94204322797657,-1.8988889508514255,-0.14643269354031374,0.18940110320392023,0.08527562511344122
145864,2142864304,2022-02-07,371,0.8833333333333333,1,1.9537911306386955,0.3741041459016865,-0.94204322797657,-1.9850794519510895,-0.028058088984572738,0.011024569624352054,-0.10910885789950342
145864,2142890311,2022-02-07,368,0.8761904761904762,1,1.9537911306386955,0.3741041459016865,-0.94204322797657,-1.8967366399785897,-0.09853306289731778,0.13129442979809625,0.14617474423473809
145864,2122437132,2022-02-07,368,0.8761904761904762,1,1.9537911306386955,0.3741041459016865,-0.94204322797657,-1.9113358607088713,-0.13252405118429111,0.1743830382989504,0.06333031570075853
145864,2122450336,2022-02-07,365,0.8690476190476191,1,1.9537911306386955,0.3741041459016865,-0.94204322797657,-1.9291443278180282,-0.175410857567317,0.22655577738190047,0.1359727795339989
145864,2122725237,2022-02-07,364,0.8666666666666667,1,1.9537911306386955,0.3741041459016865,-0.94204322797657,-1.8980042204156529,-0.14691261447932025,0.1856595445167013,0.12958442908209555
145864,2142869398,2022-02-07,364,0.8666666666666667,1,1.9537911306386955,0.3741041459016865,-0.94204322797657,-1.8814389755170338,-0.03884073036965807,0.046999070309514224,0.13160762144085858
145864,2123295900,2022-02-07,364,0.8666666666666667,1,1.9537911306386955,0.3741041459016865,-0.94204322797657,-1.905097901115886,-0.1161108156544477,0.1434419160731455,0.14789895238520145
145864,2142870385,2022-02-07,364,0.8666666666666667,1,1.9537911306386955,0.3741041459016865,-0.94204322797657,-1.9288877499087593,-0.14063410818407918,0.18158922428228053,0.1096000132686914
47921,113273,2022-02-09,97,0.563953488372093,1,1.1032500090266997,-0.19178689912491487,-0.0784716154414955,0.9433051607985014,-0.01912308372615701,0.2858818919476329,0.2876820724517808
47921,313907,2022-02-09,97,0.563953488372093,1,1.1032500090266997,-0.19178689912491487,-0.0784716154414955,1.5449279948981192,0.05473730887639161,-0.18336922582639836,-0.4567584024957152
47921,143134,2022-02-09,96,0.5581395348837209,1,1.1032500090266997,-0.19178689912491487,-0.0784716154414955,0.7664913172879446,-0.6284705282445602,0.2876820724517808,-0.2231435513142097
47921,458857,2022-02-09,95,0.5523255813953488,1,1.1032500090266997,-0.19178689912491487,-0.0784716154414955,1.1658992475712693,-0.30435651936586106,0.2019413436636075,-0.980829253011726
47921,168201,2022-02-09,95,0.5523255813953488,1,1.1032500090266997,-0.19178689912491487,-0.0784716154414955,1.1095311578049813,0.19885185482076506,-0.03822121282019708,-0.5108256237659905
47921,77335,2022-02-09,93,0.5406976744186046,1,1.1032500090266997,-0.19178689912491487,-0.0784716154414955,1.1556134836895011,0.06295612903710057,0.5005162541071293,-1.3862943611198906
47921,79132,2022-02-09,93,0.5406976744186046,1,1.1032500090266997,-0.19178689912491487,-0.0784716154414955,1.1360710057597274,-0.10840156571443882,0.25814039335130623,-1.6094379124341003
47921,169658,2022-02-09,92,0.5348837209302325,1,1.1032500090266997,-0.19178689912491487,-0.0784716154414955,1.1904394411761818,0.4649446988398025,0.22015401246584432,0.0
47921,318701,2022-02-09,91,0.5290697674418605,1,1.1032500090266997,-0.19178689912491487,-0.0784716154414955,0.8940300938967319,-0.4893795185648965,-0.049132688577644856,0.2231435513142097
47921,400168,2022-02-09,91,0.5290697674418605,1,1.1032500090266997,-0.19178689912491487,-0.0784716154414955,0.7459505712391291,-0.4651175813754954,0.17435338714477844,-0.2231435513142097
47921,212087,2022-02-09,91,0.5290697674418605,1,1.1032500090266997,-0.19178689912491487,-0.0784716154414955,0.6551910446274166,-0.9586544976741865,0.4027514022365688,0.2876820724517808
47921,93414,2022-02-09,91,0.5290697674418605,1,1.1032500090266997,-0.19178689912491487,-0.0784716154414955,0.9057377314344495,-0.1738725811498787,0.37561214495848283,0.0
130841,333737,2022-02-09,91,0.5986842105263158,1,1.05583376391588,0.3118934602204364,0.09745533615071267,0.6654333695295787,-0.7717129209259808,0.3374777671232314,0.0
130841,95540,2022-02-09,89,0.5855263157894737,1,1.05583376391588,0.3118934602204364,0.09745533615071267,1.11556940716694,-0.04699166692518775,0.2550611542825152,-0.4054651081081645
130841,113273,2022-02-09,89,0.5855263157894737,1,1.05583376391588,0.3118934602204364,0.09745533615071267,0.9433051607985014,-0.01912308372615701,0.2858818919476329,0.2876820724517808
130841,313907,2022-02-09,88,0.5789473684210527,1,1.05583376391588,0.3118934602204364,0.09745533615071267,1.5449279948981192,0.05473730887639161,-0.18336922582639836,-0.4567584024957152
130841,59451,2022-02-09,88,0.5789473684210527,1,1.05583376391588,0.3118934602204364,0.09745533615071267,0.8506807629686542,0.07752855802551373,0.5140989491109593,-0.6931471805599453
130841,445379,2022-02-09,87,0.5723684210526315,1,1.05583376391588,0.3118934602204364,0.09745533615071267,0.7601201276979758,-0.3893872032407585,0.033006296468170326,0.5108256237659905
130841,38019,2022-02-09,86,0.5657894736842105,1,1.05583376391588,0.3118934602204364,0.09745533615071267,1.0722759142794225,-0.07119587529699833,0.06559728248581287,-0.10008345855698231
130841,174734,2022-02-09,85,0.5592105263157895,1,1.05583376391588,0.3118934602204364,0.09745533615071267,1.120302117135992,-0.350244340957502,0.5571063763299966,-0.2876820724517808
130841,108440,2022-02-09,85,0.5592105263157895,1,1.05583376391588,0.3118934602204364,0.09745533615071267,0.8800623920691493,-0.2738415265574916,-0.10536051565782589,0.980829253011726
130841,77335,2022-02-09,85,0.5592105263157895,1,1.05583376391588,0.3118934602204364,0.09745533615071267,1.1556134836895011,0.06295612903710057,0.5005162541071293,-1.3862943611198906
130841,175932,2022-02-09,85,0.5592105263157895,1,1.05583376391588,0.3118934602204364,0.09745533615071267,1.1844614032750769,-0.16058829035435385,0.23753228876630939,-0.4054651081081644
130841,94165,2022-02-09,85,0.5592105263157895,1,1.05583376391588,0.3118934602204364,0.09745533615071267,0.6633601259025957,-0.6808421213348056,0.3086152821182466,-1.3862943611198906
403779,445379,2022-02-09,96,0.5549132947976878,1,1.013912155482557,-0.1825109655227375,0.12475170497247667,0.7601201276979758,-0.3893872032407585,0.033006296468170326,0.5108256237659905
403779,38019,2022-02-09,96,0.5549132947976878,1,1.013912155482557,-0.1825109655227375,0.12475170497247667,1.0722759142794225,-0.07119587529699833,0.06559728248581287,-0.10008345855698231
403779,143134,2022-02-09,96,0.5549132947976878,1,1.013912155482557,-0.1825109655227375,0.12475170497247667,0.7664913172879446,-0.6284705282445602,0.2876820724517808,-0.2231435513142097
403779,77335,2022-02-09,96,0.5549132947976878,1,1.013912155482557,-0.1825109655227375,0.12475170497247667,1.1556134836895011,0.06295612903710057,0.5005162541071293,-1.3862943611198906
403779,27399,2022-02-09,94,0.5433526011560693,1,1.013912155482557,-0.1825109655227375,0.12475170497247667,1.5092227523862989,0.3088908994959947,0.08338160893905133,-0.5108256237659905
403779,113273,2022-02-09,94,0.5433526011560693,1,1.013912155482557,-0.1825109655227375,0.12475170497247667,0.9433051607985014,-0.01912308372615701,0.2858818919476329,0.2876820724517808
403779,141177,2022-02-09,94,0.5433526011560693,1,1.013912155482557,-0.1825109655227375,0.12475170497247667,1.346979400407748,0.44063644830955784,0.22024079165624766,-0.6931471805599452
403779,318701,2022-02-09,93,0.5375722543352601,1,1.013912155482557,-0.1825109655227375,0.12475170497247667,0.8940300938967319,-0.4893795185648965,-0.049132688577644856,0.2231435513142097
403779,79132,2022-02-09,93,0.5375722543352601,1,1.013912155482557,-0.1825109655227375,0.12475170497247667,1.1360710057597274,-0.10840156571443882,0.25814039335130623,-1.6094379124341003
403779,25690,2022-02-09,93,0.5375722543352601,1,1.013912155482557,-0.1825109655227375,0.12475170497247667,0.7510041732911498,-0.738896470835061,0.5303067593378126,1.4739999415389957
403779,313907,2022-02-09,93,0.5375722543352601,1,1.013912155482557,-0.1825109655227375,0.12475170497247667,1.5449279948981192,0.05473730887639161,-0.18336922582639836,-0.4567584024957152
403779,132701,2022-02-09,93,0.5375722543352601,1,1.013912155482557,-0.1825109655227375,0.12475170497247667,0.9994550056569759,0.22277754878854106,0.27193371548364187,1.252762968495368
153492,172,2022-02-09,463,0.653954802259887,1,1.2861158762981175,0.20797465574863705,-0.29213642280116137,-2.517634290320955,0.05020569963060195,-0.0651407433807698,-0.13491388490315614
153492,889,2022-02-09,449,0.634180790960452,1,1.2861158762981175,0.20797465574863705,-0.29213642280116137,-3.3558085835983618,0.15635778856845617,-0.19483289834923667,0.3390489949926465
153492,1274,2022-02-09,448,0.632768361581921,1,1.2861158762981175,0.20797465574863705,-0.29213642280116137,-0.3469601978869389,0.20589825652958849,-0.17012628370013605,-0.30807168004269236
153492,579,2022-02-09,399,0.5635593220338984,1,1.2861158762981175,0.20797465574863705,-0.29213642280116137,-1.3102217802928529,-0.04702468338961152,0.05256977641218619,-0.060801607746515884
153492,313,2022-02-09,392,0.5536723163841808,1,1.2861158762981175,0.20797465574863705,-0.29213642280116137,-0.06212013144807523,-0.49420490874875694,0.7780550017659351,-0.2986856600342076
153492,42,2022-02-09,389,0.5494350282485876,1,1.2861158762981175,0.20797465574863705,-0.29213642280116137,-3.011584168132514,-0.008189690042350595,0.3620393543980569,-0.2920633888847206
153492,2142864304,2022-02-09,382,0.53954802259887,1,1.2861158762981175,0.20797465574863705,-0.29213642280116137,-2.056328872946036,-0.09637532335070143,0.18808025147184004,-0.09589338355335997
153492,82,2022-02-09,375,0.5296610169491526,1,1.2861158762981175,0.20797465574863705,-0.29213642280116137,-2.3815294144328765,0.06311975866696296,-0.0036239557591422056,-0.07543543493197191
153492,1447,2022-02-09,371,0.5240112994350282,1,1.2861158762981175,0.20797465574863705,-0.29213642280116137,1.2299709460414274,0.48264592817079977,-0.5509403915161535,-0.3055100009657554
153492,545,2022-02-09,371,0.5240112994350282,1,1.2861158762981175,0.20797465574863705,-0.29213642280116137,-2.0322199448603064,-0.0008706806355589514,-0.018746042821055298,-0.033219354975935644
153492,2142864862,2022-02-09,365,0.5155367231638418,1,1.2861158762981175,0.20797465574863705,-0.29213642280116137,-1.9041534441864398,-0.09510250062944858,0.1282912507195384,-0.01579047198425343
153492,2142865506,2022-02-09,364,0.5141242937853108,1,1.2861158762981175,0.20797465574863705,-0.29213642280116137,-1.899531342035077,-0.13309289688637005,0.17187293292071892,0.07944857231202818
250080,333737,2022-02-09,94,0.5838509316770186,1,1.3397339195640214,-0.09270900071201993,-0.24406144997589063,0.6654333695295787,-0.7717129209259808,0.3374777671232314,0.0
250080,445379,2022-02-09,94,0.5838509316770186,1,1.3397339195640214,-0.09270900071201993,-0.24406144997589063,0.7601201276979758,-0.3893872032407585,0.033006296468170326,0.5108256237659905
250080,27399,2022-02-09,91,0.5652173913043478,1,1.3397339195640214,-0.09270900071201993,-0.24406144997589063,1.5092227523862989,0.3088908994959947,0.08338160893905133,-0.5108256237659905
250080,48570,2022-02-09,91,0.5652173913043478,1,1.3397339195640214,-0.09270900071201993,-0.24406144997589063,1.3482761651175987,-0.13099677945132782,0.04204823624349974,0.4054651081081645
250080,19124,2022-02-09,91,0.5652173913043478,1,1.3397339195640214,-0.09270900071201993,-0.24406144997589063,0.9989428439303604,-0.14442133157347892,0.09588177170328294,0.916290731874155
250080,130112,2022-02-09,90,0.5590062111801242,1,1.3397339195640214,-0.09270900071201993,-0.24406144997589063,1.158528800998069,0.25430231819742377,0.13590199823885918,-0.4054651081081645
250080,79132,2022-02-09,90,0.5590062111801242,1,1.3397339195640214,-0.09270900071201993,-0.24406144997589063,1.1360710057597274,-0.10840156571443882,0.25814039335130623,-1.6094379124341003
250080,403779,2022-02-09,90,0.5590062111801242,1,1.3397339195640214,-0.09270900071201993,-0.24406144997589063,0.8314011899598195,-0.1825109655227375,0.12475170497247667,-1.0986122886681098
250080,55653,2022-02-09,89,0.5527950310559007,1,1.3397339195640214,-0.09270900071201993,-0.24406144997589063,1.283841486977501,0.19194620176317678,0.04115807249350745,-0.2876820724517808
250080,141177,2022-02-09,89,0.5527950310559007,1,1.3397339195640214,-0.09270900071201993,-0.24406144997589063,1.346979400407748,0.44063644830955784,0.22024079165624766,-0.6931471805599452
250080,25690,2022-02-09,88,0.546583850931677,1,1.3397339195640214,-0.09270900071201993,-0.24406144997589063,0.7510041732911498,-0.738896470835061,0.5303067593378126,1.4739999415389957
250080,41731,2022-02-09,88,0.546583850931677,1,1.3397339195640214,-0.09270900071201993,-0.24406144997589063,1.287169026254162,0.027849967422799438,-0.044735893841391317,-0.4054651081081645
400168,465958,2022-02-09,101,0.5580110497237569,1,1.2110681526146245,-0.4651175813754954,0.17435338714477844,1.2300374815589947,0.2801917543593304,0.006116227017436415,0.6931471805599453
400168,25690,2022-02-09,100,0.5524861878453039,1,1.2110681526146245,-0.4651175813754954,0.17435338714477844,0.7510041732911498,-0.738896470835061,0.5303067593378126,1.4739999415389957
400168,445379,2022-02-09,100,0.5524861878453039,1,1.2110681526146245,-0.4651175813754954,0.17435338714477844,0.7601201276979758,-0.3893872032407585,0.033006296468170326,0.5108256237659905
400168,462853,2022-02-09,99,0.5469613259668509,1,1.2110681526146245,-0.4651175813754954,0.17435338714477844,0.8840841886888589,-0.6157404892058853,-0.17185025692665956,-1.0986122886681098
400168,130112,2022-02-09,98,0.5414364640883977,1,1.2110681526146245,-0.4651175813754954,0.17435338714477844,1.158528800998069,0.25430231819742377,0.13590199823885918,-0.4054651081081645
400168,19124,2022-02-09,98,0.5414364640883977,1,1.2110681526146245,-0.4651175813754954,0.17435338714477844,0.9989428439303604,-0.14442133157347892,0.09588177170328294,0.916290731874155
400168,77335,2022-02-09,98,0.5414364640883977,1,1.2110681526146245,-0.4651175813754954,0.17435338714477844,1.1556134836895011,0.06295612903710057,0.5005162541071293,-1.3862943611198906
400168,206215,2022-02-09,98,0.5414364640883977,1,1.2110681526146245,-0.4651175813754954,0.17435338714477844,1.3544509776330507,0.17208821363177074,0.1560793207336646,-0.4054651081081645
400168,93414,2022-02-09,97,0.5359116022099447,1,1.2110681526146245,-0.4651175813754954,0.17435338714477844,0.9057377314344495,-0.1738725811498787,0.37561214495848283,0.0
400168,79132,2022-02-09,96,0.5303867403314917,1,1.2110681526146245,-0.4651175813754954,0.17435338714477844,1.1360710057597274,-0.10840156571443882,0.25814039335130623,-1.6094379124341003
400168,227935,2022-02-09,95,0.5248618784530387,1,1.2110681526146245,-0.4651175813754954,0.17435338714477844,1.0626287915934325,-0.3601654412807649,0.15950687902778338,0.4054651081081645
400168,113273,2022-02-09,94,0.5193370165745856,1,1.2110681526146245,-0.4651175813754954,0.17435338714477844,0.9433051607985014,-0.01912308372615701,0.2858818919476329,0.2876820724517808
77331,113273,2022-02-09,92,0.609271523178808,1,1.293445159985723,-0.02750080163475599,0.04367506350266215,0.9433051607985014,-0.01912308372615701,0.2858818919476329,0.2876820724517808
77331,19124,2022-02-09,92,0.609271523178808,1,1.293445159985723,-0.02750080163475599,0.04367506350266215,0.9989428439303604,-0.14442133157347892,0.09588177170328294,0.916290731874155
77331,183308,2022-02-09,91,0.6026490066225165,1,1.293445159985723,-0.02750080163475599,0.04367506350266215,1.0054985849589613,-0.6248971274286508,0.5619549702885944,-0.5108256237659905
77331,400168,2022-02-09,89,0.5894039735099338,1,1.293445159985723,-0.02750080163475599,0.04367506350266215,0.7459505712391291,-0.4651175813754954,0.17435338714477844,-0.2231435513142097
77331,176727,2022-02-09,89,0.5894039735099338,1,1.293445159985723,-0.02750080163475599,0.04367506350266215,1.0976413968498353,-0.3931835743731915,0.3995999886557664,-0.6931471805599452
77331,206215,2022-02-09,88,0.5827814569536424,1,1.293445159985723,-0.02750080163475599,0.04367506350266215,1.3544509776330507,0.17208821363177074,0.1560793207336646,-0.4054651081081645
77331,79132,2022-02-09,88,0.5827814569536424,1,1.293445159985723,-0.02750080163475599,0.04367506350266215,1.1360710057597274,-0.10840156571443882,0.25814039335130623,-1.6094379124341003
77331,169658,2022-02-09,88,0.5827814569536424,1,1.293445159985723,-0.02750080163475599,0.04367506350266215,1.1904394411761818,0.4649446988398025,0.22015401246584432,0.0
77331,457851,2022-02-09,87,0.5761589403973509,1,1.293445159985723,-0.02750080163475599,0.04367506350266215,1.0294037148067239,-0.36214594155453583,0.3096171493180364,0.2231435513142097
77331,212087,2022-02-09,87,0.5761589403973509,1,1.293445159985723,-0.02750080163475599,0.04367506350266215,0.6551910446274166,-0.9586544976741865,0.4027514022365688,0.2876820724517808
77331,445379,2022-02-09,86,0.5695364238410596,1,1.293445159985723,-0.02750080163475599,0.04367506350266215,0.7601201276979758,-0.3893872032407585,0.033006296468170326,0.5108256237659905
77331,458857,2022-02-09,86,0.5695364238410596,1,1.293445159985723,-0.02750080163475599,0.04367506350266215,1.1658992475712693,-0.30435651936586106,0.2019413436636075,-0.980829253011726
48570,19124,2022-02-10,99,0.5689655172413793,1,1.1844518996637212,0.3409937643374057,-0.8131064956389249,1.1697213762067165,0.17249376635682878,-0.6976415701477849,0.916290731874155
48570,168867,2022-02-10,97,0.5574712643678161,1,1.1844518996637212,0.3409937643374057,-0.8131064956389249,0.857608948407802,-0.2650067316846991,-0.8109302162163283,-0.4054651081081645
48570,79132,2022-02-10,96,0.5517241379310345,1,1.1844518996637212,0.3409937643374057,-0.8131064956389249,1.320395537052135,0.25075712617312984,-0.6752895631599385,-1.6094379124341003
48570,95540,2022-02-10,94,0.5402298850574713,1,1.1844518996637212,0.3409937643374057,-0.8131064956389249,1.2969651386603778,0.2989992879906569,-0.6667139234917894,-1.3862943611198906
48570,164274,2022-02-10,93,0.5344827586206896,1,1.1844518996637212,0.3409937643374057,-0.8131064956389249,1.2241056128171308,0.06816523581556466,-0.8132914924020085,0.4054651081081644
48570,400168,2022-02-10,93,0.5344827586206896,1,1.1844518996637212,0.3409937643374057,-0.8131064956389249,0.9388581699256966,-0.09350303583788633,-0.9162907318741551,0.0
48570,333737,2022-02-10,93,0.5344827586206896,1,1.1844518996637212,0.3409937643374057,-0.8131064956389249,0.8225755760235305,-0.34599440730319286,-0.5250102587579475,0.4054651081081645
48570,25690,2022-02-10,93,0.5344827586206896,1,1.1844518996637212,0.3409937643374057,-0.8131064956389249,0.7787336514641447,-0.5445447525340521,0.17946848781154756,1.6565846908598023
48570,194379,2022-02-10,93,0.5344827586206896,1,1.1844518996637212,0.3409937643374057,-0.8131064956389249,1.0019266512845537,0.1456809169602794,-0.8051863750370769,-0.916290731874155
48570,86200,2022-02-10,93,0.5344827586206896,1,1.1844518996637212,0.3409937643374057,-0.8131064956389249,1.3642428453424944,0.19496642214466564,-0.7866732385707689,-0.6931471805599453
48570,227935,2022-02-10,92,0.5287356321839081,1,1.1844518996637212,0.3409937643374057,-0.8131064956389249,1.2548046990289137,0.00014612014289983044,-0.8588586827882798,0.4054651081081645
48570,465958,2022-02-10,91,0.5229885057471264,1,1.1844518996637212,0.3409937643374057,-0.8131064956389249,1.3960305371362958,0.572150472034028,-0.7207987118904562,0.6931471805599453
50276,25690,2022-02-10,102,0.6335403726708074,1,1.058812156261837,0.5840127282322503,-0.8927602344639611,0.7787336514641447,-0.5445447525340521,0.17946848781154756,1.6565846908598023
50276,458857,2022-02-10,102,0.6335403726708074,1,1.058812156261837,0.5840127282322503,-0.8927602344639611,1.5816039745486152,0.3983498801751646,-1.0040861151759932,-0.6931471805599452
50276,445379,2022-02-10,97,0.6024844720496895,1,1.058812156261837,0.5840127282322503,-0.8927602344639611,1.133996085732855,0.11900065461073961,-0.7178397931503167,0.5108256237659905
50276,194379,2022-02-10,94,0.5838509316770186,1,1.058812156261837,0.5840127282322503,-0.8927602344639611,1.0019266512845537,0.1456809169602794,-0.8051863750370769,-0.916290731874155
50276,130112,2022-02-10,93,0.577639751552795,1,1.058812156261837,0.5840127282322503,-0.8927602344639611,1.3351915193853048,0.5712988523722635,-0.7064511461863088,-0.4054651081081645
50276,113273,2022-02-10,93,0.577639751552795,1,1.058812156261837,0.5840127282322503,-0.8927602344639611,1.1313030390156882,0.3327477020666407,-0.7210559686770219,0.2876820724517808
50276,143134,2022-02-10,93,0.577639751552795,1,1.058812156261837,0.5840127282322503,-0.8927602344639611,0.9404106049810824,-0.18096780035689786,-0.6680832118967288,-0.2231435513142097
50276,168201,2022-02-10,92,0.5714285714285714,1,1.058812156261837,0.5840127282322503,-0.8927602344639611,1.2990498066551657,0.5224076519967124,-0.9118363815247745,-0.5108256237659905
50276,313907,2022-02-10,92,0.5714285714285714,1,1.058812156261837,0.5840127282322503,-0.8927602344639611,1.7180805556189496,0.42507489935649834,-0.8964881045779753,-0.35139788683788886
50276,38019,2022-02-10,91,0.5652173913043478,1,1.058812156261837,0.5840127282322503,-0.8927602344639611,1.1868904538304657,0.13177827187786884,-0.5596157879354227,-0.3754842758962287
50276,184766,2022-02-10,91,0.5652173913043478,1,1.058812156261837,0.5840127282322503,-0.8927602344639611,1.064171362204794,-0.28526986898804263,-0.6177234187427034,-1.0986122886681098
50276,19124,2022-02-10,91,0.5652173913043478,1,1.058812156261837,0.5840127282322503,-0.8927602344639611,1.1697213762067165,0.17249376635682878,-0.6976415701477849,0.916290731874155
131839,95540,2022-02-10,97,0.5480225988700564,1,1.0655877454815548,0.13960415364436995,-0.6931471805599454,1.2969651386603778,0.2989992879906569,-0.6667139234917894,-1.3862943611198906
131839,212087,2022-02-10,96,0.5423728813559322,1,1.0655877454815548,0.13960415364436995,-0.6931471805599454,0.7993478500584711,-0.6465538397601859,-0.4986832369402654,0.2876820724517808
131839,19124,2022-02-10,94,0.5310734463276836,1,1.0655877454815548,0.13960415364436995,-0.6931471805599454,1.1697213762067165,0.17249376635682878,-0.6976415701477849,0.916290731874155
131839,113273,2022-02-10,94,0.5310734463276836,1,1.0655877454815548,0.13960415364436995,-0.6931471805599454,1.1313030390156882,0.3327477020666407,-0.7210559686770219,0.2876820724517808
131839,168867,2022-02-10,94,0.5310734463276836,1,1.0655877454815548,0.13960415364436995,-0.6931471805599454,0.857608948407802,-0.2650067316846991,-0.8109302162163283,-0.4054651081081645
131839,127058,2022-02-10,94,0.5310734463276836,1,1.0655877454815548,0.13960415364436995,-0.6931471805599454,1.1377262265700245,0.08605406814846717,-0.6589140089177032,-0.916290731874155
131839,187441,2022-02-10,93,0.5254237288135594,1,1.0655877454815548,0.13960415364436995,-0.6931471805599454,1.355278389638889,0.36568925361904947,-0.7295148247308196,-0.6931471805599453
131839,79132,2022-02-10,93,0.5254237288135594,1,1.0655877454815548,0.13960415364436995,-0.6931471805599454,1.320395537052135,0.25075712617312984,-0.6752895631599385,-1.6094379124341003
131839,108440,2022-02-10,93,0.5254237288135594,1,1.0655877454815548,0.13960415364436995,-0.6931471805599454,1.0146648260407,-0.02088238053403524,-0.758007814761986,0.980829253011726
131839,445379,2022-02-10,93,0.5254237288135594,1,1.0655877454815548,0.13960415364436995,-0.6931471805599454,1.133996085732855,0.11900065461073961,-0.7178397931503167,0.5108256237659905
131839,130112,2022-02-10,92,0.519774011299435,1,1.0655877454815548,0.13960415364436995,-0.6931471805599454,1.3351915193853048,0.5712988523722635,-0.7064511461863088,-0.4054651081081645
131839,227935,2022-02-10,92,0.519774011299435,1,1.0655877454815548,0.13960415364436995,-0.6931471805599454,1.2548046990289137,0.00014612014289983044,-0.8588586827882798,0.4054651081081645
147740,19124,2022-02-10,95,0.5688622754491018,1,1.028818288196742,0.5838422529006002,-0.7588985581227261,1.1697213762067165,0.17249376635682878,-0.6976415701477849,0.916290731874155
147740,194379,2022-02-10,95,0.5688622754491018,1,1.028818288196742,0.5838422529006002,-0.7588985581227261,1.0019266512845537,0.1456809169602794,-0.8051863750370769,-0.916290731874155
147740,113273,2022-02-10,92,0.5508982035928144,1,1.028818288196742,0.5838422529006002,-0.7588985581227261,1.1313030390156882,0.3327477020666407,-0.7210559686770219,0.2876820724517808
147740,333737,2022-02-10,91,0.5449101796407185,1,1.028818288196742,0.5838422529006002,-0.7588985581227261,0.8225755760235305,-0.34599440730319286,-0.5250102587579475,0.4054651081081645
147740,41731,2022-02-10,90,0.5389221556886228,1,1.028818288196742,0.5838422529006002,-0.7588985581227261,1.4762640644397302,0.3609244833723875,-0.9387635877262133,-0.4054651081081645
147740,77335,2022-02-10,90,0.5389221556886228,1,1.028818288196742,0.5838422529006002,-0.7588985581227261,1.3524040139818356,0.4475434569021839,-0.5978370007556197,-1.3862943611198906
147740,207701,2022-02-10,89,0.5329341317365269,1,1.028818288196742,0.5838422529006002,-0.7588985581227261,1.5986815881764886,1.1129232018488286,-0.8912609838083201,0.0
147740,176133,2022-02-10,89,0.5329341317365269,1,1.028818288196742,0.5838422529006002,-0.7588985581227261,1.1524550442531778,0.6021482019380301,-0.6273958029971647,0.4054651081081645
147740,400168,2022-02-10,89,0.5329341317365269,1,1.028818288196742,0.5838422529006002,-0.7588985581227261,0.9388581699256966,-0.09350303583788633,-0.9162907318741551,0.0
147740,321957,2022-02-10,89,0.5329341317365269,1,1.028818288196742,0.5838422529006002,-0.7588985581227261,0.898034448575044,-0.1357256735222745,-0.7668906548054943,-0.2876820724517808
147740,426345,2022-02-10,89,0.5329341317365269,1,1.028818288196742,0.5838422529006002,-0.7588985581227261,1.347916013133742,-0.027336258256401624,-0.8241754429663493,-1.3862943611198906
147740,206215,2022-02-10,89,0.5329341317365269,1,1.028818288196742,0.5838422529006002,-0.7588985581227261,1.5265874798930816,0.7222915983824937,-0.6605102512469232,-0.4054651081081645
130112,25690,2022-02-10,103,0.5988372093023255,1,0.7638926670130413,0.5712988523722635,-0.7064511461863088,0.7787336514641447,-0.5445447525340521,0.17946848781154756,1.6565846908598023
130112,19124,2022-02-10,102,0.5930232558139535,1,0.7638926670130413,0.5712988523722635,-0.7064511461863088,1.1697213762067165,0.17249376635682878,-0.6976415701477849,0.916290731874155
130112,831235791,2022-02-10,100,0.5813953488372093,1,0.7638926670130413,0.5712988523722635,-0.7064511461863088,1.3499441954020757,0.21760494771372008,-0.6931471805599454,-1.8718021769015916
130112,445379,2022-02-10,99,0.5755813953488372,1,0.7638926670130413,0.5712988523722635,-0.7064511461863088,1.133996085732855,0.11900065461073961,-0.7178397931503167,0.5108256237659905
130112,400168,2022-02-10,98,0.5697674418604651,1,0.7638926670130413,0.5712988523722635,-0.7064511461863088,0.9388581699256966,-0.09350303583788633,-0.9162907318741551,0.0
130112,321957,2022-02-10,97,0.563953488372093,1,0.7638926670130413,0.5712988523722635,-0.7064511461863088,0.898034448575044,-0.1357256735222745,-0.7668906548054943,-0.2876820724517808
130112,127058,2022-02-10,97,0.563953488372093,1,0.7638926670130413,0.5712988523722635,-0.7064511461863088,1.1377262265700245,0.08605406814846717,-0.6589140089177032,-0.916290731874155
130112,95540,2022-02-10,97,0.563953488372093,1,0.7638926670130413,0.5712988523722635,-0.7064511461863088,1.2969651386603778,0.2989992879906569,-0.6667139234917894,-1.3862943611198906
130112,113273,2022-02-10,96,0.5581395348837209,1,0.7638926670130413,0.5712988523722635,-0.7064511461863088,1.1313030390156882,0.3327477020666407,-0.7210559686770219,0.2876820724517808
130112,108440,2022-02-10,96,0.5581395348837209,1,0.7638926670130413,0.5712988523722635,-0.7064511461863088,1.0146648260407,-0.02088238053403524,-0.758007814761986,0.980829253011726
130112,333737,2022-02-10,96,0.5581395348837209,1,0.7638926670130413,0.5712988523722635,-0.7064511461863088,0.8225755760235305,-0.34599440730319286,-0.5250102587579475,0.4054651081081645
130112,183308,2022-02-10,95,0.5523255813953488,1,0.7638926670130413,0.5712988523722635,-0.7064511461863088,1.1669424334266105,-0.18860972983077828,-0.3190982686851598,-0.5108256237659905
445379,333737,2022-02-10,105,0.5614973262032086,1,1.0149954311221154,0.11900065461073961,-0.7178397931503167,0.8225755760235305,-0.34599440730319286,-0.5250102587579475,0.4054651081081645
445379,108440,2022-02-10,104,0.5561497326203209,1,1.0149954311221154,0.11900065461073961,-0.7178397931503167,1.0146648260407,-0.02088238053403524,-0.758007814761986,0.980829253011726
445379,426345,2022-02-10,104,0.5561497326203209,1,1.0149954311221154,0.11900065461073961,-0.7178397931503167,1.347916013133742,-0.027336258256401624,-0.8241754429663493,-1.3862943611198906
445379,25690,2022-02-10,103,0.5508021390374331,1,1.0149954311221154,0.11900065461073961,-0.7178397931503167,0.7787336514641447,-0.5445447525340521,0.17946848781154756,1.6565846908598023
445379,169658,2022-02-10,103,0.5508021390374331,1,1.0149954311221154,0.11900065461073961,-0.7178397931503167,1.3495107205057357,0.7321083542472023,-0.5374938708481523,-1.0986122886681098
445379,77335,2022-02-10,102,0.5454545454545454,1,1.0149954311221154,0.11900065461073961,-0.7178397931503167,1.3524040139818356,0.4475434569021839,-0.5978370007556197,-1.3862943611198906
445379,59451,2022-02-10,102,0.5454545454545454,1,1.0149954311221154,0.11900065461073961,-0.7178397931503167,1.2541707479793227,0.6433110368745436,-0.4929244134367501,-0.6931471805599453
445379,79132,2022-02-10,102,0.5454545454545454,1,1.0149954311221154,0.11900065461073961,-0.7178397931503167,1.320395537052135,0.25075712617312984,-0.6752895631599385,-1.6094379124341003
445379,141177,2022-02-10,101,0.5401069518716578,1,1.0149954311221154,0.11900065461073961,-0.7178397931503167,1.5120801755631557,0.8999709675380517,-0.5441913176097914,-0.6931471805599452
445379,183308,2022-02-10,101,0.5401069518716578,1,1.0149954311221154,0.11900065461073961,-0.7178397931503167,1.1669424334266105,-0.18860972983077828,-0.3190982686851598,-0.5108256237659905
445379,19124,2022-02-10,101,0.5401069518716578,1,1.0149954311221154,0.11900065461073961,-0.7178397931503167,1.1697213762067165,0.17249376635682878,-0.6976415701477849,0.916290731874155
445379,49403,2022-02-10,101,0.5401069518716578,1,1.0149954311221154,0.11900065461073961,-0.7178397931503167,0.9010616012570883,-0.26601536890469435,-0.7659065348423741,-0.6931471805599453
55653,19124,2022-02-10,102,0.5483870967741935,1,0.9444801406579542,0.7056238982721064,-0.9714571131828631,1.1697213762067165,0.17249376635682878,-0.6976415701477849,0.916290731874155
55653,141177,2022-02-10,99,0.532258064516129,1,0.9444801406579542,0.7056238982721064,-0.9714571131828631,1.5120801755631557,0.8999709675380517,-0.5441913176097914,-0.6931471805599452
55653,113273,2022-02-10,99,0.532258064516129,1,0.9444801406579542,0.7056238982721064,-0.9714571131828631,1.1313030390156882,0.3327477020666407,-0.7210559686770219,0.2876820724517808
55653,108440,2022-02-10,98,0.5268817204301075,1,0.9444801406579542,0.7056238982721064,-0.9714571131828631,1.0146648260407,-0.02088238053403524,-0.758007814761986,0.980829253011726
55653,79132,2022-02-10,98,0.5268817204301075,1,0.9444801406579542,0.7056238982721064,-0.9714571131828631,1.320395537052135,0.25075712617312984,-0.6752895631599385,-1.6094379124341003
55653,106861,2022-02-10,97,0.521505376344086,1,0.9444801406579542,0.7056238982721064,-0.9714571131828631,1.0992374171928578,0.24349847379702483,-0.6093772974944871,0.4054651081081645
55653,333737,2022-02-10,97,0.521505376344086,1,0.9444801406579542,0.7056238982721064,-0.9714571131828631,0.8225755760235305,-0.34599440730319286,-0.5250102587579475,0.4054651081081645
55653,25690,2022-02-10,97,0.521505376344086,1,0.9444801406579542,0.7056238982721064,-0.9714571131828631,0.7787336514641447,-0.5445447525340521,0.17946848781154756,1.6565846908598023
55653,445379,2022-02-10,97,0.521505376344086,1,0.9444801406579542,0.7056238982721064,-0.9714571131828631,1.133996085732855,0.11900065461073961,-0.7178397931503167,0.5108256237659905
55653,318701,2022-02-10,97,0.521505376344086,1,0.9444801406579542,0.7056238982721064,-0.9714571131828631,1.2457731701512134,0.1645657719270195,-0.7142005897577777,0.2231435513142097
55653,59451,2022-02-10,96,0.5161290322580645,1,0.9444801406579542,0.7056238982721064,-0.9714571131828631,1.2541707479793227,0.6433110368745436,-0.4929244134367501,-0.6931471805599453
55653,227935,2022-02-10,96,0.5161290322580645,1,0.9444801406579542,0.7056238982721064,-0.9714571131828631,1.2548046990289137,0.00014612014289983044,-0.8588586827882798,0.4054651081081645
164274,194379,2022-02-10,103,0.5819209039548022,1,1.1559403770015662,0.06816523581556466,-0.8132914924020085,1.0019266512845537,0.1456809169602794,-0.8051863750370769,-0.916290731874155
164274,108440,2022-02-10,100,0.5649717514124294,1,1.1559403770015662,0.06816523581556466,-0.8132914924020085,1.0146648260407,-0.02088238053403524,-0.758007814761986,0.980829253011726
164274,38019,2022-02-10,99,0.559322033898305,1,1.1559403770015662,0.06816523581556466,-0.8132914924020085,1.1868904538304657,0.13177827187786884,-0.5596157879354227,-0.3754842758962287
164274,184766,2022-02-10,98,0.5536723163841808,1,1.1559403770015662,0.06816523581556466,-0.8132914924020085,1.064171362204794,-0.28526986898804263,-0.6177234187427034,-1.0986122886681098
164274,19124,2022-02-10,98,0.5536723163841808,1,1.1559403770015662,0.06816523581556466,-0.8132914924020085,1.1697213762067165,0.17249376635682878,-0.6976415701477849,0.916290731874155
164274,113273,2022-02-10,97,0.5480225988700564,1,1.1559403770015662,0.06816523581556466,-0.8132914924020085,1.1313030390156882,0.3327477020666407,-0.7210559686770219,0.2876820724517808
164274,183308,2022-02-10,96,0.5423728813559322,1,1.1559403770015662,0.06816523581556466,-0.8132914924020085,1.1669424334266105,-0.18860972983077828,-0.3190982686851598,-0.5108256237659905
164274,445379,2022-02-10,96,0.5423728813559322,1,1.1559403770015662,0.06816523581556466,-0.8132914924020085,1.133996085732855,0.11900065461073961,-0.7178397931503167,0.5108256237659905
164274,95540,2022-02-10,95,0.536723163841808,1,1.1559403770015662,0.06816523581556466,-0.8132914924020085,1.2969651386603778,0.2989992879906569,-0.6667139234917894,-1.3862943611198906
164274,130112,2022-02-10,95,0.536723163841808,1,1.1559403770015662,0.06816523581556466,-0.8132914924020085,1.3351915193853048,0.5712988523722635,-0.7064511461863088,-0.4054651081081645
164274,27399,2022-02-10,94,0.5310734463276836,1,1.1559403770015662,0.06816523581556466,-0.8132914924020085,1.7003155327361574,0.6763516953024451,-0.960461950187292,-0.2876820724517808
164274,79132,2022-02-10,94,0.5310734463276836,1,1.1559403770015662,0.06816523581556466,-0.8132914924020085,1.320395537052135,0.25075712617312984,-0.6752895631599385,-1.6094379124341003
168201,333737,2022-02-10,101,0.5489130434782609,1,0.7766421546584533,0.5224076519967124,-0.9118363815247745,0.8225755760235305,-0.34599440730319286,-0.5250102587579475,0.4054651081081645
168201,146457,2022-02-10,100,0.5434782608695652,1,0.7766421546584533,0.5224076519967124,-0.9118363815247745,1.6003708653395252,0.33084361506393534,-0.44240862329984854,0.0
168201,19124,2022-02-10,100,0.5434782608695652,1,0.7766421546584533,0.5224076519967124,-0.9118363815247745,1.1697213762067165,0.17249376635682878,-0.6976415701477849,0.916290731874155
168201,248585,2022-02-10,99,0.5380434782608695,1,0.7766421546584533,0.5224076519967124,-0.9118363815247745,1.1222363590337785,0.5334225820217869,-0.6267721116150726,0.6931471805599453
168201,194379,2022-02-10,99,0.5380434782608695,1,0.7766421546584533,0.5224076519967124,-0.9118363815247745,1.0019266512845537,0.1456809169602794,-0.8051863750370769,-0.916290731874155
168201,95540,2022-02-10,99,0.5380434782608695,1,0.7766421546584533,0.5224076519967124,-0.9118363815247745,1.2969651386603778,0.2989992879906569,-0.6667139234917894,-1.3862943611198906
168201,458857,2022-02-10,99,0.5380434782608695,1,0.7766421546584533,0.5224076519967124,-0.9118363815247745,1.5816039745486152,0.3983498801751646,-1.0040861151759932,-0.6931471805599452
168201,143134,2022-02-10,99,0.5380434782608695,1,0.7766421546584533,0.5224076519967124,-0.9118363815247745,0.9404106049810824,-0.18096780035689786,-0.6680832118967288,-0.2231435513142097
168201,25690,2022-02-10,99,0.5380434782608695,1,0.7766421546584533,0.5224076519967124,-0.9118363815247745,0.7787336514641447,-0.5445447525340521,0.17946848781154756,1.6565846908598023
168201,15,2022-02-10,98,0.532608695652174,1,0.7766421546584533,0.5224076519967124,-0.9118363815247745,-5.8755275429176805,0.1566688280531654,-0.1577487836025746,-0.07898022027751139
168201,27399,2022-02-10,98,0.532608695652174,1,0.7766421546584533,0.5224076519967124,-0.9118363815247745,1.7003155327361574,0.6763516953024451,-0.960461950187292,-0.2876820724517808
168201,426345,2022-02-10,98,0.532608695652174,1,0.7766421546584533,0.5224076519967124,-0.9118363815247745,1.347916013133742,-0.027336258256401624,-0.8241754429663493,-1.3862943611198906
74354,465958,2022-02-10,91,0.5947712418300654,1,0.9870746702605069,0.5266470405584847,-0.9019019944220554,1.3960305371362958,0.572150472034028,-0.7207987118904562,0.6931471805599453
74354,94165,2022-02-10,91,0.5947712418300654,1,0.9870746702605069,0.5266470405584847,-0.9019019944220554,1.1162062046989158,-0.06827919997985532,-0.6161861394238164,-1.0986122886681098
74354,108440,2022-02-10,91,0.5947712418300654,1,0.9870746702605069,0.5266470405584847,-0.9019019944220554,1.0146648260407,-0.02088238053403524,-0.758007814761986,0.980829253011726
74354,194379,2022-02-10,90,0.5882352941176471,1,0.9870746702605069,0.5266470405584847,-0.9019019944220554,1.0019266512845537,0.1456809169602794,-0.8051863750370769,-0.916290731874155
74354,19124,2022-02-10,90,0.5882352941176471,1,0.9870746702605069,0.5266470405584847,-0.9019019944220554,1.1697213762067165,0.17249376635682878,-0.6976415701477849,0.916290731874155
74354,143134,2022-02-10,90,0.5882352941176471,1,0.9870746702605069,0.5266470405584847,-0.9019019944220554,0.9404106049810824,-0.18096780035689786,-0.6680832118967288,-0.2231435513142097
74354,206215,2022-02-10,89,0.5816993464052288,1,0.9870746702605069,0.5266470405584847,-0.9019019944220554,1.5265874798930816,0.7222915983824937,-0.6605102512469232,-0.4054651081081645
74354,59451,2022-02-10,89,0.5816993464052288,1,0.9870746702605069,0.5266470405584847,-0.9019019944220554,1.2541707479793227,0.6433110368745436,-0.4929244134367501,-0.6931471805599453
74354,49403,2022-02-10,88,0.5751633986928104,1,0.9870746702605069,0.5266470405584847,-0.9019019944220554,0.9010616012570883,-0.26601536890469435,-0.7659065348423741,-0.6931471805599453
74354,176133,2022-02-10,88,0.5751633986928104,1,0.9870746702605069,0.5266470405584847,-0.9019019944220554,1.1524550442531778,0.6021482019380301,-0.6273958029971647,0.4054651081081645
74354,445379,2022-02-10,88,0.5751633986928104,1,0.9870746702605069,0.5266470405584847,-0.9019019944220554,1.133996085732855,0.11900065461073961,-0.7178397931503167,0.5108256237659905
74354,212087,2022-02-10,88,0.5751633986928104,1,0.9870746702605069,0.5266470405584847,-0.9019019944220554,0.7993478500584711,-0.6465538397601859,-0.4986832369402654,0.2876820724517808
457851,19124,2022-02-10,100,0.5780346820809249,1,1.108456898362752,0.1223773795133607,-0.7985076962177713,1.1697213762067165,0.17249376635682878,-0.6976415701477849,0.916290731874155
457851,445379,2022-02-10,99,0.5722543352601156,1,1.108456898362752,0.1223773795133607,-0.7985076962177713,1.133996085732855,0.11900065461073961,-0.7178397931503167,0.5108256237659905
457851,113273,2022-02-10,99,0.5722543352601156,1,1.108456898362752,0.1223773795133607,-0.7985076962177713,1.1313030390156882,0.3327477020666407,-0.7210559686770219,0.2876820724517808
457851,38019,2022-02-10,98,0.5664739884393064,1,1.108456898362752,0.1223773795133607,-0.7985076962177713,1.1868904538304657,0.13177827187786884,-0.5596157879354227,-0.3754842758962287
457851,141177,2022-02-10,97,0.5606936416184971,1,1.108456898362752,0.1223773795133607,-0.7985076962177713,1.5120801755631557,0.8999709675380517,-0.5441913176097914,-0.6931471805599452
457851,25690,2022-02-10,96,0.5549132947976878,1,1.108456898362752,0.1223773795133607,-0.7985076962177713,0.7787336514641447,-0.5445447525340521,0.17946848781154756,1.6565846908598023
457851,328464,2022-02-10,96,0.5549132947976878,1,1.108456898362752,0.1223773795133607,-0.7985076962177713,0.984125885932864,0.43782134381041327,-0.9628107475090486,-0.6931471805599453
457851,212087,2022-02-10,94,0.5433526011560693,1,1.108456898362752,0.1223773795133607,-0.7985076962177713,0.7993478500584711,-0.6465538397601859,-0.4986832369402654,0.2876820724517808
457851,93414,2022-02-10,93,0.5375722543352601,1,1.108456898362752,0.1223773795133607,-0.7985076962177713,1.099947521185366,0.21164168283752016,-0.711165686062623,0.0
457851,465958,2022-02-10,93,0.5375722543352601,1,1.108456898362752,0.1223773795133607,-0.7985076962177713,1.3960305371362958,0.572150472034028,-0.7207987118904562,0.6931471805599453
457851,318701,2022-02-10,93,0.5375722543352601,1,1.108456898362752,0.1223773795133607,-0.7985076962177713,1.2457731701512134,0.1645657719270195,-0.7142005897577777,0.2231435513142097
457851,403779,2022-02-10,92,0.5317919075144508,1,1.108456898362752,0.1223773795133607,-0.7985076962177713,1.0448194933904618,0.20942197829018316,-1.085540207100757,-1.0986122886681098
113273,313907,2022-02-10,104,0.5621621621621622,1,0.7985553369490475,0.3327477020666407,-0.7210559686770219,1.7180805556189496,0.42507489935649834,-0.8964881045779753,-0.35139788683788886
113273,79132,2022-02-10,103,0.5567567567567567,1,0.7985553369490475,0.3327477020666407,-0.7210559686770219,1.320395537052135,0.25075712617312984,-0.6752895631599385,-1.6094379124341003
113273,137372,2022-02-10,101,0.5459459459459459,1,0.7985553369490475,0.3327477020666407,-0.7210559686770219,0.8110392292250127,-0.20417149766826548,-0.679541528504167,-1.6094379124341003
113273,19124,2022-02-10,101,0.5459459459459459,1,0.7985553369490475,0.3327477020666407,-0.7210559686770219,1.1697213762067165,0.17249376635682878,-0.6976415701477849,0.916290731874155
113273,25690,2022-02-10,100,0.5405405405405406,1,0.7985553369490475,0.3327477020666407,-0.7210559686770219,0.7787336514641447,-0.5445447525340521,0.17946848781154756,1.6565846908598023
113273,176727,2022-02-10,100,0.5405405405405406,1,0.7985553369490475,0.3327477020666407,-0.7210559686770219,1.3139341108232807,0.010991346068460972,-0.7843631888316072,-0.5108256237659905
113273,445379,2022-02-10,100,0.5405405405405406,1,0.7985553369490475,0.3327477020666407,-0.7210559686770219,1.133996085732855,0.11900065461073961,-0.7178397931503167,0.5108256237659905
113273,212087,2022-02-10,99,0.5351351351351351,1,0.7985553369490475,0.3327477020666407,-0.7210559686770219,0.7993478500584711,-0.6465538397601859,-0.4986832369402654,0.2876820724517808
113273,50278,2022-02-10,99,0.5351351351351351,1,0.7985553369490475,0.3327477020666407,-0.7210559686770219,1.2500420406271961,0.04006209015402984,0.06656076651833853,-0.7654678421395715
113273,55653,2022-02-10,99,0.5351351351351351,1,0.7985553369490475,0.3327477020666407,-0.7210559686770219,1.6501040389300605,0.7056238982721064,-0.9714571131828631,-0.2876820724517808
113273,457851,2022-02-10,99,0.5351351351351351,1,0.7985553369490475,0.3327477020666407,-0.7210559686770219,1.2308342778761128,0.1223773795133607,-0.7985076962177713,0.2231435513142097
113273,77335,2022-02-10,98,0.5297297297297298,1,0.7985553369490475,0.3327477020666407,-0.7210559686770219,1.3524040139818356,0.4475434569021839,-0.5978370007556197,-1.3862943611198906
108440,19124,2022-02-10,105,0.5932203389830508,1,1.0355472065747353,-0.02088238053403524,-0.758007814761986,1.1697213762067165,0.17249376635682878,-0.6976415701477849,0.916290731874155
108440,445379,2022-02-10,104,0.5875706214689266,1,1.0355472065747353,-0.02088238053403524,-0.758007814761986,1.133996085732855,0.11900065461073961,-0.7178397931503167,0.5108256237659905
108440,143134,2022-02-10,102,0.576271186440678,1,1.0355472065747353,-0.02088238053403524,-0.758007814761986,0.9404106049810824,-0.18096780035689786,-0.6680832118967288,-0.2231435513142097
108440,95540,2022-02-10,102,0.576271186440678,1,1.0355472065747353,-0.02088238053403524,-0.758007814761986,1.2969651386603778,0.2989992879906569,-0.6667139234917894,-1.3862943611198906
108440,43575,2022-02-10,101,0.5706214689265536,1,1.0355472065747353,-0.02088238053403524,-0.758007814761986,1.2432087262193983,0.025549396614827247,-0.2027535956111608,-0.10848064299406968
108440,313907,2022-02-10,101,0.5706214689265536,1,1.0355472065747353,-0.02088238053403524,-0.758007814761986,1.7180805556189496,0.42507489935649834,-0.8964881045779753,-0.35139788683788886
108440,195828,2022-02-10,101,0.5706214689265536,1,1.0355472065747353,-0.02088238053403524,-0.758007814761986,1.3489114103009523,0.09946730534033366,-0.7241307260799132,0.28768207245178123
108440,19184,2022-02-10,101,0.5706214689265536,1,1.0355472065747353,-0.02088238053403524,-0.758007814761986,1.2091039919779432,-0.05904617156178782,-0.8143607513131181,-0.2876820724517808
108440,164274,2022-02-10,100,0.5649717514124294,1,1.0355472065747353,-0.02088238053403524,-0.758007814761986,1.2241056128171308,0.06816523581556466,-0.8132914924020085,0.4054651081081644
108440,301836,2022-02-10,100,0.5649717514124294,1,1.0355472065747353,-0.02088238053403524,-0.758007814761986,1.1632303491514826,0.08494844372323906,-0.15790302944580858,-0.4054651081081646
108440,86200,2022-02-10,99,0.559322033898305,1,1.0355472065747353,-0.02088238053403524,-0.758007814761986,1.3642428453424944,0.19496642214466564,-0.7866732385707689,-0.6931471805599453
108440,38019,2022-02-10,99,0.559322033898305,1,1.0355472065747353,-0.02088238053403524,-0.758007814761986,1.1868904538304657,0.13177827187786884,-0.5596157879354227,-0.3754842758962287
76011,445379,2022-02-10,98,0.5868263473053892,1,1.0344212544880766,0.4342399992345076,-1.2172180310759568,1.133996085732855,0.11900065461073961,-0.7178397931503167,0.5108256237659905
76011,168867,2022-02-10,94,0.562874251497006,1,1.0344212544880766,0.4342399992345076,-1.2172180310759568,0.857608948407802,-0.2650067316846991,-0.8109302162163283,-0.4054651081081645
76011,176133,2022-02-10,93,0.5568862275449101,1,1.0344212544880766,0.4342399992345076,-1.2172180310759568,1.1524550442531778,0.6021482019380301,-0.6273958029971647,0.4054651081081645
76011,41731,2022-02-10,93,0.5568862275449101,1,1.0344212544880766,0.4342399992345076,-1.2172180310759568,1.4762640644397302,0.3609244833723875,-0.9387635877262133,-0.4054651081081645
76011,38019,2022-02-10,92,0.5508982035928144,1,1.0344212544880766,0.4342399992345076,-1.2172180310759568,1.1868904538304657,0.13177827187786884,-0.5596157879354227,-0.3754842758962287
76011,59451,2022-02-10,92,0.5508982035928144,1,1.0344212544880766,0.4342399992345076,-1.2172180310759568,1.2541707479793227,0.6433110368745436,-0.4929244134367501,-0.6931471805599453
76011,176239,2022-02-10,92,0.5508982035928144,1,1.0344212544880766,0.4342399992345076,-1.2172180310759568,0.7933304470795001,-0.44250979893363984,-0.43121760421057864,1.0986122886681098
76011,19124,2022-02-10,91,0.5449101796407185,1,1.0344212544880766,0.4342399992345076,-1.2172180310759568,1.1697213762067165,0.17249376635682878,-0.6976415701477849,0.916290731874155
76011,130112,2022-02-10,91,0.5449101796407185,1,1.0344212544880766,0.4342399992345076,-1.2172180310759568,1.3351915193853048,0.5712988523722635,-0.7064511461863088,-0.4054651081081645
76011,79132,2022-02-10,91,0.5449101796407185,1,1.0344212544880766,0.4342399992345076,-1.2172180310759568,1.320395537052135,0.25075712617312984,-0.6752895631599385,-1.6094379124341003
76011,403779,2022-02-10,91,0.5449101796407185,1,1.0344212544880766,0.4342399992345076,-1.2172180310759568,1.0448194933904618,0.20942197829018316,-1.085540207100757,-1.0986122886681098
76011,51530,2022-02-10,91,0.5449101796407185,1,1.0344212544880766,0.4342399992345076,-1.2172180310759568,1.5397371980288432,0.4349950719248079,-0.8542087379270509,0.2876820724517808
59451,27399,2022-02-10,102,0.5340314136125655,1,0.6108597111047791,0.6433110368745436,-0.4929244134367501,1.7003155327361574,0.6763516953024451,-0.960461950187292,-0.2876820724517808
59451,445379,2022-02-10,102,0.5340314136125655,1,0.6108597111047791,0.6433110368745436,-0.4929244134367501,1.133996085732855,0.11900065461073961,-0.7178397931503167,0.5108256237659905
59451,25690,2022-02-10,102,0.5340314136125655,1,0.6108597111047791,0.6433110368745436,-0.4929244134367501,0.7787336514641447,-0.5445447525340521,0.17946848781154756,1.6565846908598023
59451,19124,2022-02-10,102,0.5340314136125655,1,0.6108597111047791,0.6433110368745436,-0.4929244134367501,1.1697213762067165,0.17249376635682878,-0.6976415701477849,0.916290731874155
59451,93414,2022-02-10,100,0.5235602094240838,1,0.6108597111047791,0.6433110368745436,-0.4929244134367501,1.099947521185366,0.21164168283752016,-0.711165686062623,0.0
59451,194379,2022-02-10,99,0.518324607329843,1,0.6108597111047791,0.6433110368745436,-0.4929244134367501,1.0019266512845537,0.1456809169602794,-0.8051863750370769,-0.916290731874155
59451,79132,2022-02-10,99,0.518324607329843,1,0.6108597111047791,0.6433110368745436,-0.4929244134367501,1.320395537052135,0.25075712617312984,-0.6752895631599385,-1.6094379124341003
59451,333737,2022-02-10,98,0.5130890052356021,1,0.6108597111047791,0.6433110368745436,-0.4929244134367501,0.8225755760235305,-0.34599440730319286,-0.5250102587579475,0.4054651081081645
59451,212087,2022-02-10,98,0.5130890052356021,1,0.6108597111047791,0.6433110368745436,-0.4929244134367501,0.7993478500584711,-0.6465538397601859,-0.4986832369402654,0.2876820724517808
59451,41731,2022-02-10,98,0.5130890052356021,1,0.6108597111047791,0.6433110368745436,-0.4929244134367501,1.4762640644397302,0.3609244833723875,-0.9387635877262133,-0.4054651081081645
59451,184766,2022-02-10,98,0.5130890052356021,1,0.6108597111047791,0.6433110368745436,-0.4929244134367501,1.064171362204794,-0.28526986898804263,-0.6177234187427034,-1.0986122886681098
59451,301836,2022-02-10,98,0.5130890052356021,1,0.6108597111047791,0.6433110368745436,-0.4929244134367501,1.1632303491514826,0.08494844372323906,-0.15790302944580858,-0.4054651081081646
458857,50276,2022-02-10,102,0.6,1,1.1832540943734506,0.3983498801751646,-1.0040861151759932,1.6428248844940871,0.5840127282322503,-0.8927602344639611,-0.5108256237659905
458857,79132,2022-02-10,101,0.5941176470588235,1,1.1832540943734506,0.3983498801751646,-1.0040861151759932,1.320395537052135,0.25075712617312984,-0.6752895631599385,-1.6094379124341003
458857,49403,2022-02-10,99,0.5823529411764706,1,1.1832540943734506,0.3983498801751646,-1.0040861151759932,0.9010616012570883,-0.26601536890469435,-0.7659065348423741,-0.6931471805599453
458857,168201,2022-02-10,99,0.5823529411764706,1,1.1832540943734506,0.3983498801751646,-1.0040861151759932,1.2990498066551657,0.5224076519967124,-0.9118363815247745,-0.5108256237659905
458857,333737,2022-02-10,99,0.5823529411764706,1,1.1832540943734506,0.3983498801751646,-1.0040861151759932,0.8225755760235305,-0.34599440730319286,-0.5250102587579475,0.4054651081081645
458857,313907,2022-02-10,97,0.5705882352941176,1,1.1832540943734506,0.3983498801751646,-1.0040861151759932,1.7180805556189496,0.42507489935649834,-0.8964881045779753,-0.35139788683788886
458857,77334,2022-02-10,97,0.5705882352941176,1,1.1832540943734506,0.3983498801751646,-1.0040861151759932,0.956124570986343,-0.12755414915994867,-0.6457449416653613,-1.0986122886681098
458857,95540,2022-02-10,97,0.5705882352941176,1,1.1832540943734506,0.3983498801751646,-1.0040861151759932,1.2969651386603778,0.2989992879906569,-0.6667139234917894,-1.3862943611198906
458857,169658,2022-02-10,97,0.5705882352941176,1,1.1832540943734506,0.3983498801751646,-1.0040861151759932,1.3495107205057357,0.7321083542472023,-0.5374938708481523,-1.0986122886681098
458857,86200,2022-02-10,97,0.5705882352941176,1,1.1832540943734506,0.3983498801751646,-1.0040861151759932,1.3642428453424944,0.19496642214466564,-0.7866732385707689,-0.6931471805599453
458857,27399,2022-02-10,97,0.5705882352941176,1,1.1832540943734506,0.3983498801751646,-1.0040861151759932,1.7003155327361574,0.6763516953024451,-0.960461950187292,-0.2876820724517808
458857,19124,2022-02-10,96,0.5647058823529412,1,1.1832540943734506,0.3983498801751646,-1.0040861151759932,1.1697213762067165,0.17249376635682878,-0.6976415701477849,0.916290731874155
466000,445379,2022-02-10,93,0.5849056603773585,1,1.0294542861782148,0.6018111666080936,-1.2722757827189497,1.133996085732855,0.11900065461073961,-0.7178397931503167,0.5108256237659905
466000,25690,2022-02-10,92,0.5786163522012578,1,1.0294542861782148,0.6018111666080936,-1.2722757827189497,0.7787336514641447,-0.5445447525340521,0.17946848781154756,1.6565846908598023
466000,321957,2022-02-10,92,0.5786163522012578,1,1.0294542861782148,0.6018111666080936,-1.2722757827189497,0.898034448575044,-0.1357256735222745,-0.7668906548054943,-0.2876820724517808
466000,79132,2022-02-10,91,0.5723270440251572,1,1.0294542861782148,0.6018111666080936,-1.2722757827189497,1.320395537052135,0.25075712617312984,-0.6752895631599385,-1.6094379124341003
466000,113273,2022-02-10,90,0.5660377358490566,1,1.0294542861782148,0.6018111666080936,-1.2722757827189497,1.1313030390156882,0.3327477020666407,-0.7210559686770219,0.2876820724517808
466000,426345,2022-02-10,89,0.559748427672956,1,1.0294542861782148,0.6018111666080936,-1.2722757827189497,1.347916013133742,-0.027336258256401624,-0.8241754429663493,-1.3862943611198906
466000,59451,2022-02-10,89,0.559748427672956,1,1.0294542861782148,0.6018111666080936,-1.2722757827189497,1.2541707479793227,0.6433110368745436,-0.4929244134367501,-0.6931471805599453
466000,194379,2022-02-10,89,0.559748427672956,1,1.0294542861782148,0.6018111666080936,-1.2722757827189497,1.0019266512845537,0.1456809169602794,-0.8051863750370769,-0.916290731874155
466000,313907,2022-02-10,88,0.5534591194968553,1,1.0294542861782148,0.6018111666080936,-1.2722757827189497,1.7180805556189496,0.42507489935649834,-0.8964881045779753,-0.35139788683788886
466000,403779,2022-02-10,87,0.5471698113207547,1,1.0294542861782148,0.6018111666080936,-1.2722757827189497,1.0448194933904618,0.20942197829018316,-1.085540207100757,-1.0986122886681098
466000,253186,2022-02-10,87,0.5471698113207547,1,1.0294542861782148,0.6018111666080936,-1.2722757827189497,1.4419597170556775,0.2775846550007164,-0.789424010995365,-0.6931471805599452
466000,38019,2022-02-10,86,0.5408805031446541,1,1.0294542861782148,0.6018111666080936,-1.2722757827189497,1.1868904538304657,0.13177827187786884,-0.5596157879354227,-0.3754842758962287
95540,108440,2022-02-10,102,0.5895953757225434,1,0.9979658506697209,0.2989992879906569,-0.6667139234917894,1.0146648260407,-0.02088238053403524,-0.758007814761986,0.980829253011726
95540,79132,2022-02-10,101,0.5838150289017341,1,0.9979658506697209,0.2989992879906569,-0.6667139234917894,1.320395537052135,0.25075712617312984,-0.6752895631599385,-1.6094379124341003
95540,168201,2022-02-10,99,0.5722543352601156,1,0.9979658506697209,0.2989992879906569,-0.6667139234917894,1.2990498066551657,0.5224076519967124,-0.9118363815247745,-0.5108256237659905
95540,248585,2022-02-10,99,0.5722543352601156,1,0.9979658506697209,0.2989992879906569,-0.6667139234917894,1.1222363590337785,0.5334225820217869,-0.6267721116150726,0.6931471805599453
95540,25690,2022-02-10,99,0.5722543352601156,1,0.9979658506697209,0.2989992879906569,-0.6667139234917894,0.7787336514641447,-0.5445447525340521,0.17946848781154756,1.6565846908598023
95540,130112,2022-02-10,97,0.5606936416184971,1,0.9979658506697209,0.2989992879906569,-0.6667139234917894,1.3351915193853048,0.5712988523722635,-0.7064511461863088,-0.4054651081081645
95540,113273,2022-02-10,97,0.5606936416184971,1,0.9979658506697209,0.2989992879906569,-0.6667139234917894,1.1313030390156882,0.3327477020666407,-0.7210559686770219,0.2876820724517808
95540,38019,2022-02-10,97,0.5606936416184971,1,0.9979658506697209,0.2989992879906569,-0.6667139234917894,1.1868904538304657,0.13177827187786884,-0.5596157879354227,-0.3754842758962287
95540,458857,2022-02-10,97,0.5606936416184971,1,0.9979658506697209,0.2989992879906569,-0.6667139234917894,1.5816039745486152,0.3983498801751646,-1.0040861151759932,-0.6931471805599452
95540,373321,2022-02-10,97,0.5606936416184971,1,0.9979658506697209,0.2989992879906569,-0.6667139234917894,1.3389031886912743,-0.010222755033326925,-0.7801585575495746,0.0
95540,77335,2022-02-10,97,0.5606936416184971,1,0.9979658506697209,0.2989992879906569,-0.6667139234917894,1.3524040139818356,0.4475434569021839,-0.5978370007556197,-1.3862943611198906
95540,131839,2022-02-10,97,0.5606936416184971,1,0.9979658506697209,0.2989992879906569,-0.6667139234917894,1.2051918991259247,0.13960415364436995,-0.6931471805599454,-0.6931471805599453
1004157220,3230,2022-02-10,162,0.4343163538873995,0,1.5581276898431873,-1.3965962083556747,0.4982039313915605,-0.42824218915158024,-1.05061539683413,0.4441533398857116,0.40131572456135256
1004157220,397993501,2022-02-10,159,0.4262734584450402,0,1.5581276898431873,-1.3965962083556747,0.4982039313915605,-2.3875574245427247,-0.3994238730758519,1.2890331015721213,-0.6271432458173365
1004157220,136480,2022-02-10,154,0.4128686327077748,0,1.5581276898431873,-1.3965962083556747,0.4982039313915605,-3.820757606770932,-1.4049017277916205,1.2359203355277248,-0.03606247268560736
1004157220,304,2022-02-10,154,0.4128686327077748,0,1.5581276898431873,-1.3965962083556747,0.4982039313915605,-0.9816046124791206,-0.4077673402032642,0.5243583210311265,-0.9580974630569496
1004157220,998300365,2022-02-10,153,0.4101876675603217,0,1.5581276898431873,-1.3965962083556747,0.4982039313915605,0.1280140895236342,-1.2675477195919074,0.4373799276584043,0.1541506798272585
1004157220,311477,2022-02-10,152,0.4075067024128686,0,1.5581276898431873,-1.3965962083556747,0.4982039313915605,-0.9947303998692255,-0.2572121912948866,0.20290819040234354,-0.9383751627844479
1004157220,8874,2022-02-10,152,0.4075067024128686,0,1.5581276898431873,-1.3965962083556747,0.4982039313915605,-1.0573202808049798,-0.5002337115164166,0.6205811770678755,-0.6572554114615548
1004157220,184224,2022-02-10,152,0.4075067024128686,0,1.5581276898431873,-1.3965962083556747,0.4982039313915605,-0.9509790861699422,0.06485255235893483,-0.28616531196078476,-0.5506555140115523
1004157220,445014,2022-02-10,151,0.40482573726541554,0,1.5581276898431873,-1.3965962083556747,0.4982039313915605,0.1969808941383131,-0.8172503028773701,0.43379561473439043,-0.295845383090942
1004157220,103858369,2022-02-10,151,0.40482573726541554,0,1.5581276898431873,-1.3965962083556747,0.4982039313915605,-0.32783490392829906,-0.6450678343827511,0.037359814733036956,-0.5243263109848932
1004157220,471132,2022-02-10,150,0.40214477211796246,0,1.5581276898431873,-1.3965962083556747,0.4982039313915605,-0.7014009089814545,-0.48564902834149426,0.12772186703565236,-0.44427068252995916
1004157220,62558686,2022-02-10,150,0.40214477211796246,0,1.5581276898431873,-1.3965962083556747,0.4982039313915605,-0.3449092446144873,-0.22872898441358894,-0.18966666907836327,0.5790117182830015
250732487,175932,2022-02-10,94,0.5875,1,1.276921688607927,-0.01519103650244169,-0.7636370583144902,1.3484501109727973,0.14879033336985525,-0.529613537631624,-0.4054651081081644
250732487,465958,2022-02-10,93,0.58125,1,1.276921688607927,-0.01519103650244169,-0.7636370583144902,1.3960305371362958,0.572150472034028,-0.7207987118904562,0.6931471805599453
250732487,321957,2022-02-10,92,0.575,1,1.276921688607927,-0.01519103650244169,-0.7636370583144902,0.898034448575044,-0.1357256735222745,-0.7668906548054943,-0.2876820724517808
250732487,79132,2022-02-10,92,0.575,1,1.276921688607927,-0.01519103650244169,-0.7636370583144902,1.320395537052135,0.25075712617312984,-0.6752895631599385,-1.6094379124341003
250732487,113273,2022-02-10,91,0.56875,1,1.276921688607927,-0.01519103650244169,-0.7636370583144902,1.1313030390156882,0.3327477020666407,-0.7210559686770219,0.2876820724517808
250732487,25690,2022-02-10,91,0.56875,1,1.276921688607927,-0.01519103650244169,-0.7636370583144902,0.7787336514641447,-0.5445447525340521,0.17946848781154756,1.6565846908598023
250732487,168201,2022-02-10,90,0.5625,1,1.276921688607927,-0.01519103650244169,-0.7636370583144902,1.2990498066551657,0.5224076519967124,-0.9118363815247745,-0.5108256237659905
250732487,108440,2022-02-10,90,0.5625,1,1.276921688607927,-0.01519103650244169,-0.7636370583144902,1.0146648260407,-0.02088238053403524,-0.758007814761986,0.980829253011726
250732487,373321,2022-02-10,90,0.5625,1,1.276921688607927,-0.01519103650244169,-0.7636370583144902,1.3389031886912743,-0.010222755033326925,-0.7801585575495746,0.0
250732487,77335,2022-02-10,89,0.55625,1,1.276921688607927,-0.01519103650244169,-0.7636370583144902,1.3524040139818356,0.4475434569021839,-0.5978370007556197,-1.3862943611198906
250732487,143134,2022-02-10,89,0.55625,1,1.276921688607927,-0.01519103650244169,-0.7636370583144902,0.9404106049810824,-0.18096780035689786,-0.6680832118967288,-0.2231435513142097
250732487,168867,2022-02-10,89,0.55625,1,1.276921688607927,-0.01519103650244169,-0.7636370583144902,0.857608948407802,-0.2650067316846991,-0.8109302162163283,-0.4054651081081645
1041544707,3230,2022-02-10,175,0.5932203389830508,1,1.2047718655056996,-1.0692589795241692,0.5087616395451384,-0.42824218915158024,-1.05061539683413,0.4441533398857116,0.40131572456135256
1041544707,397993501,2022-02-10,173,0.5864406779661017,1,1.2047718655056996,-1.0692589795241692,0.5087616395451384,-2.3875574245427247,-0.3994238730758519,1.2890331015721213,-0.6271432458173365
1041544707,1062263904,2022-02-10,163,0.5525423728813559,1,1.2047718655056996,-1.0692589795241692,0.5087616395451384,0.10773778785734126,-1.3176590981966432,0.47142307589996246,0.5108256237659905
1041544707,8874,2022-02-10,162,0.5491525423728814,1,1.2047718655056996,-1.0692589795241692,0.5087616395451384,-1.0573202808049798,-0.5002337115164166,0.6205811770678755,-0.6572554114615548
1041544707,728181331,2022-02-10,161,0.5457627118644067,1,1.2047718655056996,-1.0692589795241692,0.5087616395451384,-0.9174788161301661,-0.18640828773385043,0.1914673404049747,0.2389813244653256
1041544707,399022,2022-02-10,161,0.5457627118644067,1,1.2047718655056996,-1.0692589795241692,0.5087616395451384,-1.6458850456291587,-0.0018087537702977663,0.29995248606918246,-0.3402466172815011
1041544707,62558686,2022-02-10,160,0.5423728813559322,1,1.2047718655056996,-1.0692589795241692,0.5087616395451384,-0.3449092446144873,-0.22872898441358894,-0.18966666907836327,0.5790117182830015
1041544707,311477,2022-02-10,160,0.5423728813559322,1,1.2047718655056996,-1.0692589795241692,0.5087616395451384,-0.9947303998692255,-0.2572121912948866,0.20290819040234354,-0.9383751627844479
1041544707,123526,2022-02-10,159,0.5389830508474577,1,1.2047718655056996,-1.0692589795241692,0.5087616395451384,-2.8235778428917513,-2.083189512358986,3.201582090759297,-0.9880368081654138
1041544707,1062263846,2022-02-10,159,0.5389830508474577,1,1.2047718655056996,-1.0692589795241692,0.5087616395451384,0.07517886153630396,-1.4218560445667119,0.5645298027378516,0.5108256237659905
1041544707,998269223,2022-02-10,158,0.535593220338983,1,1.2047718655056996,-1.0692589795241692,0.5087616395451384,-1.9560287719554343,-0.30143343195973293,0.4309843855995048,0.1527130947222357
1041544707,145,2022-02-10,158,0.535593220338983,1,1.2047718655056996,-1.0692589795241692,0.5087616395451384,-1.088010527014876,0.16801141419622478,-0.29684029074149443,0.5944617001161703
1055924553,224157523,2022-02-10,249,0.3699851411589896,0,1.6818472232694732,-1.4482158293598957,0.5555801741497657,-0.28340951203232995,-0.4904300552795282,0.3207153227345909,-0.03132786314185232
1055924553,462262,2022-02-10,246,0.3655274888558692,0,1.6818472232694732,-1.4482158293598957,0.5555801741497657,-0.25154312652134225,-0.6336719701433606,0.21379385636970483,-0.2574838253025824
1055924553,728181331,2022-02-10,246,0.3655274888558692,0,1.6818472232694732,-1.4482158293598957,0.5555801741497657,-0.9174788161301661,-0.18640828773385043,0.1914673404049747,0.2389813244653256
1055924553,399022,2022-02-10,246,0.3655274888558692,0,1.6818472232694732,-1.4482158293598957,0.5555801741497657,-1.6458850456291587,-0.0018087537702977663,0.29995248606918246,-0.3402466172815011
1055924553,397993501,2022-02-10,241,0.35809806835066865,0,1.6818472232694732,-1.4482158293598957,0.5555801741497657,-2.3875574245427247,-0.3994238730758519,1.2890331015721213,-0.6271432458173365
1055924553,734194786,2022-02-10,232,0.3447251114413076,0,1.6818472232694732,-1.4482158293598957,0.5555801741497657,-1.0266158357192008,-0.25640926748588067,0.17902292479561233,-0.13271643355374607
1055924553,62558686,2022-02-10,232,0.3447251114413076,0,1.6818472232694732,-1.4482158293598957,0.5555801741497657,-0.3449092446144873,-0.22872898441358894,-0.18966666907836327,0.5790117182830015
1055924553,496549942,2022-02-10,231,0.34323922734026746,0,1.6818472232694732,-1.4482158293598957,0.5555801741497657,-0.5007678282053835,-0.5771350749322132,0.42047149684796814,-1.5105580501102693
1055924553,379399457,2022-02-10,230,0.34175334323922735,0,1.6818472232694732,-1.4482158293598957,0.5555801741497657,-0.32849955931423713,-0.12983853845220722,-0.9769409845296169,1.0285761202685801
1055924553,102912232,2022-02-10,229,0.34026745913818723,0,1.6818472232694732,-1.4482158293598957,0.5555801741497657,-2.4040199194965264,0.15003655461579246,-0.08642625099652612,0.07562691113670894
1055924553,1002085156,2022-02-10,226,0.33580980683506684,0,1.6818472232694732,-1.4482158293598957,0.5555801741497657,-0.09534932163347953,-0.6530613984390901,0.4538521277448231,-2.511995810636172
1055924553,998269223,2022-02-10,223,0.3313521545319465,0,1.6818472232694732,-1.4482158293598957,0.5555801741497657,-1.9560287719554343,-0.30143343195973293,0.4309843855995048,0.1527130947222357
739163405,399022,2022-02-10,197,0.22906976744186047,0,1.3482385913338288,-1.344415799091944,0.5980082189736571,-1.6458850456291587,-0.0018087537702977663,0.29995248606918246,-0.3402466172815011
739163405,8874,2022-02-10,197,0.22906976744186047,0,1.3482385913338288,-1.344415799091944,0.5980082189736571,-1.0573202808049798,-0.5002337115164166,0.6205811770678755,-0.6572554114615548
739163405,136480,2022-02-10,196,0.22790697674418606,0,1.3482385913338288,-1.344415799091944,0.5980082189736571,-3.820757606770932,-1.4049017277916205,1.2359203355277248,-0.03606247268560736
739163405,224157523,2022-02-10,193,0.22441860465116278,0,1.3482385913338288,-1.344415799091944,0.5980082189736571,-0.28340951203232995,-0.4904300552795282,0.3207153227345909,-0.03132786314185232
739163405,304,2022-02-10,191,0.22209302325581395,0,1.3482385913338288,-1.344415799091944,0.5980082189736571,-0.9816046124791206,-0.4077673402032642,0.5243583210311265,-0.9580974630569496
739163405,311477,2022-02-10,189,0.21976744186046512,0,1.3482385913338288,-1.344415799091944,0.5980082189736571,-0.9947303998692255,-0.2572121912948866,0.20290819040234354,-0.9383751627844479
739163405,657155370,2022-02-10,188,0.2186046511627907,0,1.3482385913338288,-1.344415799091944,0.5980082189736571,-0.9437684631846102,0.02736766632341925,-0.16509963502837088,-0.3907240541715584
739163405,102912232,2022-02-10,186,0.21627906976744185,0,1.3482385913338288,-1.344415799091944,0.5980082189736571,-2.4040199194965264,0.15003655461579246,-0.08642625099652612,0.07562691113670894
739163405,397993501,2022-02-10,185,0.21511627906976744,0,1.3482385913338288,-1.344415799091944,0.5980082189736571,-2.3875574245427247,-0.3994238730758519,1.2890331015721213,-0.6271432458173365
739163405,728181331,2022-02-10,184,0.21395348837209302,0,1.3482385913338288,-1.344415799091944,0.5980082189736571,-0.9174788161301661,-0.18640828773385043,0.1914673404049747,0.2389813244653256
739163405,184224,2022-02-10,183,0.2127906976744186,0,1.3482385913338288,-1.344415799091944,0.5980082189736571,-0.9509790861699422,0.06485255235893483,-0.28616531196078476,-0.5506555140115523
739163405,496549942,2022-02-10,183,0.2127906976744186,0,1.3482385913338288,-1.344415799091944,0.5980082189736571,-0.5007678282053835,-0.5771350749322132,0.42047149684796814,-1.5105580501102693
227935,93414,2022-02-10,98,0.5868263473053892,1,1.2546585788860138,0.00014612014289983044,-0.8588586827882798,1.099947521185366,0.21164168283752016,-0.711165686062623,0.0
227935,465958,2022-02-10,97,0.5808383233532934,1,1.2546585788860138,0.00014612014289983044,-0.8588586827882798,1.3960305371362958,0.572150472034028,-0.7207987118904562,0.6931471805599453
227935,113273,2022-02-10,97,0.5808383233532934,1,1.2546585788860138,0.00014612014289983044,-0.8588586827882798,1.1313030390156882,0.3327477020666407,-0.7210559686770219,0.2876820724517808
227935,141177,2022-02-10,97,0.5808383233532934,1,1.2546585788860138,0.00014612014289983044,-0.8588586827882798,1.5120801755631557,0.8999709675380517,-0.5441913176097914,-0.6931471805599452
227935,445379,2022-02-10,97,0.5808383233532934,1,1.2546585788860138,0.00014612014289983044,-0.8588586827882798,1.133996085732855,0.11900065461073961,-0.7178397931503167,0.5108256237659905
227935,19124,2022-02-10,96,0.5748502994011976,1,1.2546585788860138,0.00014612014289983044,-0.8588586827882798,1.1697213762067165,0.17249376635682878,-0.6976415701477849,0.916290731874155
227935,77334,2022-02-10,96,0.5748502994011976,1,1.2546585788860138,0.00014612014289983044,-0.8588586827882798,0.956124570986343,-0.12755414915994867,-0.6457449416653613,-1.0986122886681098
227935,55653,2022-02-10,96,0.5748502994011976,1,1.2546585788860138,0.00014612014289983044,-0.8588586827882798,1.6501040389300605,0.7056238982721064,-0.9714571131828631,-0.2876820724517808
227935,49403,2022-02-10,96,0.5748502994011976,1,1.2546585788860138,0.00014612014289983044,-0.8588586827882798,0.9010616012570883,-0.26601536890469435,-0.7659065348423741,-0.6931471805599453
227935,27399,2022-02-10,96,0.5748502994011976,1,1.2546585788860138,0.00014612014289983044,-0.8588586827882798,1.7003155327361574,0.6763516953024451,-0.960461950187292,-0.2876820724517808
227935,38019,2022-02-10,96,0.5748502994011976,1,1.2546585788860138,0.00014612014289983044,-0.8588586827882798,1.1868904538304657,0.13177827187786884,-0.5596157879354227,-0.3754842758962287
227935,108440,2022-02-10,96,0.5748502994011976,1,1.2546585788860138,0.00014612014289983044,-0.8588586827882798,1.0146648260407,-0.02088238053403524,-0.758007814761986,0.980829253011726
41731,195828,2022-02-10,99,0.5892857142857143,1,1.1153395810673428,0.3609244833723875,-0.9387635877262133,1.3489114103009523,0.09946730534033366,-0.7241307260799132,0.28768207245178123
41731,59451,2022-02-10,98,0.5833333333333334,1,1.1153395810673428,0.3609244833723875,-0.9387635877262133,1.2541707479793227,0.6433110368745436,-0.4929244134367501,-0.6931471805599453
41731,187441,2022-02-10,98,0.5833333333333334,1,1.1153395810673428,0.3609244833723875,-0.9387635877262133,1.355278389638889,0.36568925361904947,-0.7295148247308196,-0.6931471805599453
41731,143134,2022-02-10,97,0.5773809523809523,1,1.1153395810673428,0.3609244833723875,-0.9387635877262133,0.9404106049810824,-0.18096780035689786,-0.6680832118967288,-0.2231435513142097
41731,333737,2022-02-10,97,0.5773809523809523,1,1.1153395810673428,0.3609244833723875,-0.9387635877262133,0.8225755760235305,-0.34599440730319286,-0.5250102587579475,0.4054651081081645
41731,445379,2022-02-10,96,0.5714285714285714,1,1.1153395810673428,0.3609244833723875,-0.9387635877262133,1.133996085732855,0.11900065461073961,-0.7178397931503167,0.5108256237659905
41731,79132,2022-02-10,96,0.5714285714285714,1,1.1153395810673428,0.3609244833723875,-0.9387635877262133,1.320395537052135,0.25075712617312984,-0.6752895631599385,-1.6094379124341003
41731,113273,2022-02-10,95,0.5654761904761905,1,1.1153395810673428,0.3609244833723875,-0.9387635877262133,1.1313030390156882,0.3327477020666407,-0.7210559686770219,0.2876820724517808
41731,106861,2022-02-10,94,0.5595238095238095,1,1.1153395810673428,0.3609244833723875,-0.9387635877262133,1.0992374171928578,0.24349847379702483,-0.6093772974944871,0.4054651081081645
41731,328464,2022-02-10,94,0.5595238095238095,1,1.1153395810673428,0.3609244833723875,-0.9387635877262133,0.984125885932864,0.43782134381041327,-0.9628107475090486,-0.6931471805599453
41731,19124,2022-02-10,94,0.5595238095238095,1,1.1153395810673428,0.3609244833723875,-0.9387635877262133,1.1697213762067165,0.17249376635682878,-0.6976415701477849,0.916290731874155
41731,168201,2022-02-10,94,0.5595238095238095,1,1.1153395810673428,0.3609244833723875,-0.9387635877262133,1.2990498066551657,0.5224076519967124,-0.9118363815247745,-0.5108256237659905
305230,143134,2022-02-10,97,0.5705882352941176,1,1.0098296830419902,0.05555898771376522,-0.98394938034797,0.9404106049810824,-0.18096780035689786,-0.6680832118967288,-0.2231435513142097
305230,19124,2022-02-10,95,0.5588235294117647,1,1.0098296830419902,0.05555898771376522,-0.98394938034797,1.1697213762067165,0.17249376635682878,-0.6976415701477849,0.916290731874155
305230,95540,2022-02-10,93,0.5470588235294118,1,1.0098296830419902,0.05555898771376522,-0.98394938034797,1.2969651386603778,0.2989992879906569,-0.6667139234917894,-1.3862943611198906
305230,59451,2022-02-10,93,0.5470588235294118,1,1.0098296830419902,0.05555898771376522,-0.98394938034797,1.2541707479793227,0.6433110368745436,-0.4929244134367501,-0.6931471805599453
305230,400168,2022-02-10,93,0.5470588235294118,1,1.0098296830419902,0.05555898771376522,-0.98394938034797,0.9388581699256966,-0.09350303583788633,-0.9162907318741551,0.0
305230,457851,2022-02-10,92,0.5411764705882353,1,1.0098296830419902,0.05555898771376522,-0.98394938034797,1.2308342778761128,0.1223773795133607,-0.7985076962177713,0.2231435513142097
305230,141177,2022-02-10,91,0.5352941176470588,1,1.0098296830419902,0.05555898771376522,-0.98394938034797,1.5120801755631557,0.8999709675380517,-0.5441913176097914,-0.6931471805599452
305230,113273,2022-02-10,91,0.5352941176470588,1,1.0098296830419902,0.05555898771376522,-0.98394938034797,1.1313030390156882,0.3327477020666407,-0.7210559686770219,0.2876820724517808
305230,55653,2022-02-10,90,0.5294117647058824,1,1.0098296830419902,0.05555898771376522,-0.98394938034797,1.6501040389300605,0.7056238982721064,-0.9714571131828631,-0.2876820724517808
305230,86200,2022-02-10,90,0.5294117647058824,1,1.0098296830419902,0.05555898771376522,-0.98394938034797,1.3642428453424944,0.19496642214466564,-0.7866732385707689,-0.6931471805599453
305230,168867,2022-02-10,90,0.5294117647058824,1,1.0098296830419902,0.05555898771376522,-0.98394938034797,0.857608948407802,-0.2650067316846991,-0.8109302162163283,-0.4054651081081645
305230,43575,2022-02-10,90,0.5294117647058824,1,1.0098296830419902,0.05555898771376522,-0.98394938034797,1.2432087262193983,0.025549396614827247,-0.2027535956111608,-0.10848064299406968
176133,333737,2022-02-10,102,0.6107784431137725,1,0.5503068423151477,0.6021482019380301,-0.6273958029971647,0.8225755760235305,-0.34599440730319286,-0.5250102587579475,0.4054651081081645
176133,174734,2022-02-10,98,0.5868263473053892,1,0.5503068423151477,0.6021482019380301,-0.6273958029971647,1.3063711334680914,0.019461059294841876,-0.4751984461228398,-0.2876820724517808
176133,445379,2022-02-10,97,0.5808383233532934,1,0.5503068423151477,0.6021482019380301,-0.6273958029971647,1.133996085732855,0.11900065461073961,-0.7178397931503167,0.5108256237659905
176133,194379,2022-02-10,97,0.5808383233532934,1,0.5503068423151477,0.6021482019380301,-0.6273958029971647,1.0019266512845537,0.1456809169602794,-0.8051863750370769,-0.916290731874155
176133,25690,2022-02-10,96,0.5748502994011976,1,0.5503068423151477,0.6021482019380301,-0.6273958029971647,0.7787336514641447,-0.5445447525340521,0.17946848781154756,1.6565846908598023
176133,108440,2022-02-10,96,0.5748502994011976,1,0.5503068423151477,0.6021482019380301,-0.6273958029971647,1.0146648260407,-0.02088238053403524,-0.758007814761986,0.980829253011726
176133,27399,2022-02-10,96,0.5748502994011976,1,0.5503068423151477,0.6021482019380301,-0.6273958029971647,1.7003155327361574,0.6763516953024451,-0.960461950187292,-0.2876820724517808
176133,38019,2022-02-10,96,0.5748502994011976,1,0.5503068423151477,0.6021482019380301,-0.6273958029971647,1.1868904538304657,0.13177827187786884,-0.5596157879354227,-0.3754842758962287
176133,113273,2022-02-10,95,0.5688622754491018,1,0.5503068423151477,0.6021482019380301,-0.6273958029971647,1.1313030390156882,0.3327477020666407,-0.7210559686770219,0.2876820724517808
176133,127058,2022-02-10,95,0.5688622754491018,1,0.5503068423151477,0.6021482019380301,-0.6273958029971647,1.1377262265700245,0.08605406814846717,-0.6589140089177032,-0.916290731874155
176133,313907,2022-02-10,95,0.5688622754491018,1,0.5503068423151477,0.6021482019380301,-0.6273958029971647,1.7180805556189496,0.42507489935649834,-0.8964881045779753,-0.35139788683788886
176133,465958,2022-02-10,94,0.562874251497006,1,0.5503068423151477,0.6021482019380301,-0.6273958029971647,1.3960305371362958,0.572150472034028,-0.7207987118904562,0.6931471805599453
373321,194379,2022-02-10,97,0.6139240506329114,1,1.3491259437246013,-0.010222755033326925,-0.7801585575495746,1.0019266512845537,0.1456809169602794,-0.8051863750370769,-0.916290731874155
373321,95540,2022-02-10,97,0.6139240506329114,1,1.3491259437246013,-0.010222755033326925,-0.7801585575495746,1.2969651386603778,0.2989992879906569,-0.6667139234917894,-1.3862943611198906
373321,25690,2022-02-10,94,0.5949367088607594,1,1.3491259437246013,-0.010222755033326925,-0.7801585575495746,0.7787336514641447,-0.5445447525340521,0.17946848781154756,1.6565846908598023
373321,445379,2022-02-10,93,0.5886075949367089,1,1.3491259437246013,-0.010222755033326925,-0.7801585575495746,1.133996085732855,0.11900065461073961,-0.7178397931503167,0.5108256237659905
373321,19124,2022-02-10,93,0.5886075949367089,1,1.3491259437246013,-0.010222755033326925,-0.7801585575495746,1.1697213762067165,0.17249376635682878,-0.6976415701477849,0.916290731874155
373321,108440,2022-02-10,92,0.5822784810126582,1,1.3491259437246013,-0.010222755033326925,-0.7801585575495746,1.0146648260407,-0.02088238053403524,-0.758007814761986,0.980829253011726
373321,55653,2022-02-10,92,0.5822784810126582,1,1.3491259437246013,-0.010222755033326925,-0.7801585575495746,1.6501040389300605,0.7056238982721064,-0.9714571131828631,-0.2876820724517808
373321,301836,2022-02-10,91,0.5759493670886076,1,1.3491259437246013,-0.010222755033326925,-0.7801585575495746,1.1632303491514826,0.08494844372323906,-0.15790302944580858,-0.4054651081081646
373321,321957,2022-02-10,91,0.5759493670886076,1,1.3491259437246013,-0.010222755033326925,-0.7801585575495746,0.898034448575044,-0.1357256735222745,-0.7668906548054943,-0.2876820724517808
373321,176133,2022-02-10,91,0.5759493670886076,1,1.3491259437246013,-0.010222755033326925,-0.7801585575495746,1.1524550442531778,0.6021482019380301,-0.6273958029971647,0.4054651081081645
373321,168201,2022-02-10,91,0.5759493670886076,1,1.3491259437246013,-0.010222755033326925,-0.7801585575495746,1.2990498066551657,0.5224076519967124,-0.9118363815247745,-0.5108256237659905
373321,248585,2022-02-10,90,0.569620253164557,1,1.3491259437246013,-0.010222755033326925,-0.7801585575495746,1.1222363590337785,0.5334225820217869,-0.6267721116150726,0.6931471805599453
176727,79132,2022-02-10,102,0.6296296296296297,1,1.3029427647548197,0.010991346068460972,-0.7843631888316072,1.320395537052135,0.25075712617312984,-0.6752895631599385,-1.6094379124341003
176727,113273,2022-02-10,100,0.6172839506172839,1,1.3029427647548197,0.010991346068460972,-0.7843631888316072,1.1313030390156882,0.3327477020666407,-0.7210559686770219,0.2876820724517808
176727,333737,2022-02-10,98,0.6049382716049383,1,1.3029427647548197,0.010991346068460972,-0.7843631888316072,0.8225755760235305,-0.34599440730319286,-0.5250102587579475,0.4054651081081645
176727,184766,2022-02-10,96,0.5925925925925926,1,1.3029427647548197,0.010991346068460972,-0.7843631888316072,1.064171362204794,-0.28526986898804263,-0.6177234187427034,-1.0986122886681098
176727,132701,2022-02-10,95,0.5864197530864198,1,1.3029427647548197,0.010991346068460972,-0.7843631888316072,1.370830693623081,0.7195665926952327,-0.5450940806008058,0.6931471805599452
176727,227935,2022-02-10,95,0.5864197530864198,1,1.3029427647548197,0.010991346068460972,-0.7843631888316072,1.2548046990289137,0.00014612014289983044,-0.8588586827882798,0.4054651081081645
176727,27399,2022-02-10,94,0.5802469135802469,1,1.3029427647548197,0.010991346068460972,-0.7843631888316072,1.7003155327361574,0.6763516953024451,-0.960461950187292,-0.2876820724517808
176727,94165,2022-02-10,93,0.5740740740740741,1,1.3029427647548197,0.010991346068460972,-0.7843631888316072,1.1162062046989158,-0.06827919997985532,-0.6161861394238164,-1.0986122886681098
176727,445379,2022-02-10,93,0.5740740740740741,1,1.3029427647548197,0.010991346068460972,-0.7843631888316072,1.133996085732855,0.11900065461073961,-0.7178397931503167,0.5108256237659905
176727,400168,2022-02-10,93,0.5740740740740741,1,1.3029427647548197,0.010991346068460972,-0.7843631888316072,0.9388581699256966,-0.09350303583788633,-0.9162907318741551,0.0
176727,38019,2022-02-10,93,0.5740740740740741,1,1.3029427647548197,0.010991346068460972,-0.7843631888316072,1.1868904538304657,0.13177827187786884,-0.5596157879354227,-0.3754842758962287
176727,194379,2022-02-10,93,0.5740740740740741,1,1.3029427647548197,0.010991346068460972,-0.7843631888316072,1.0019266512845537,0.1456809169602794,-0.8051863750370769,-0.916290731874155
174734,168867,2022-02-10,100,0.5524861878453039,1,1.2869100741732495,0.019461059294841876,-0.4751984461228398,0.857608948407802,-0.2650067316846991,-0.8109302162163283,-0.4054651081081645
174734,108440,2022-02-10,99,0.5469613259668509,1,1.2869100741732495,0.019461059294841876,-0.4751984461228398,1.0146648260407,-0.02088238053403524,-0.758007814761986,0.980829253011726
174734,176133,2022-02-10,98,0.5414364640883977,1,1.2869100741732495,0.019461059294841876,-0.4751984461228398,1.1524550442531778,0.6021482019380301,-0.6273958029971647,0.4054651081081645
174734,183308,2022-02-10,97,0.5359116022099447,1,1.2869100741732495,0.019461059294841876,-0.4751984461228398,1.1669424334266105,-0.18860972983077828,-0.3190982686851598,-0.5108256237659905
174734,194379,2022-02-10,96,0.5303867403314917,1,1.2869100741732495,0.019461059294841876,-0.4751984461228398,1.0019266512845537,0.1456809169602794,-0.8051863750370769,-0.916290731874155
174734,19124,2022-02-10,95,0.5248618784530387,1,1.2869100741732495,0.019461059294841876,-0.4751984461228398,1.1697213762067165,0.17249376635682878,-0.6976415701477849,0.916290731874155
174734,212087,2022-02-10,95,0.5248618784530387,1,1.2869100741732495,0.019461059294841876,-0.4751984461228398,0.7993478500584711,-0.6465538397601859,-0.4986832369402654,0.2876820724517808
174734,333737,2022-02-10,95,0.5248618784530387,1,1.2869100741732495,0.019461059294841876,-0.4751984461228398,0.8225755760235305,-0.34599440730319286,-0.5250102587579475,0.4054651081081645
174734,127058,2022-02-10,94,0.5193370165745856,1,1.2869100741732495,0.019461059294841876,-0.4751984461228398,1.1377262265700245,0.08605406814846717,-0.6589140089177032,-0.916290731874155
174734,25690,2022-02-10,94,0.5193370165745856,1,1.2869100741732495,0.019461059294841876,-0.4751984461228398,0.7787336514641447,-0.5445447525340521,0.17946848781154756,1.6565846908598023
174734,27399,2022-02-10,94,0.5193370165745856,1,1.2869100741732495,0.019461059294841876,-0.4751984461228398,1.7003155327361574,0.6763516953024451,-0.960461950187292,-0.2876820724517808
174734,445379,2022-02-10,94,0.5193370165745856,1,1.2869100741732495,0.019461059294841876,-0.4751984461228398,1.133996085732855,0.11900065461073961,-0.7178397931503167,0.5108256237659905
328464,79132,2022-02-10,101,0.5804597701149425,1,0.5463045421224507,0.43782134381041327,-0.9628107475090486,1.320395537052135,0.25075712617312984,-0.6752895631599385,-1.6094379124341003
328464,194379,2022-02-10,98,0.5632183908045977,1,0.5463045421224507,0.43782134381041327,-0.9628107475090486,1.0019266512845537,0.1456809169602794,-0.8051863750370769,-0.916290731874155
328464,19124,2022-02-10,98,0.5632183908045977,1,0.5463045421224507,0.43782134381041327,-0.9628107475090486,1.1697213762067165,0.17249376635682878,-0.6976415701477849,0.916290731874155
328464,445379,2022-02-10,97,0.5574712643678161,1,0.5463045421224507,0.43782134381041327,-0.9628107475090486,1.133996085732855,0.11900065461073961,-0.7178397931503167,0.5108256237659905
328464,457851,2022-02-10,96,0.5517241379310345,1,0.5463045421224507,0.43782134381041327,-0.9628107475090486,1.2308342778761128,0.1223773795133607,-0.7985076962177713,0.2231435513142097
328464,27399,2022-02-10,96,0.5517241379310345,1,0.5463045421224507,0.43782134381041327,-0.9628107475090486,1.7003155327361574,0.6763516953024451,-0.960461950187292,-0.2876820724517808
328464,86200,2022-02-10,96,0.5517241379310345,1,0.5463045421224507,0.43782134381041327,-0.9628107475090486,1.3642428453424944,0.19496642214466564,-0.7866732385707689,-0.6931471805599453
328464,321957,2022-02-10,96,0.5517241379310345,1,0.5463045421224507,0.43782134381041327,-0.9628107475090486,0.898034448575044,-0.1357256735222745,-0.7668906548054943,-0.2876820724517808
328464,153492,2022-02-10,95,0.5459770114942529,1,0.5463045421224507,0.43782134381041327,-0.9628107475090486,1.6358233126001276,0.48131644681585684,-0.7393092223231079,-0.27286698666664
328464,168201,2022-02-10,95,0.5459770114942529,1,0.5463045421224507,0.43782134381041327,-0.9628107475090486,1.2990498066551657,0.5224076519967124,-0.9118363815247745,-0.5108256237659905
328464,187441,2022-02-10,94,0.5402298850574713,1,0.5463045421224507,0.43782134381041327,-0.9628107475090486,1.355278389638889,0.36568925361904947,-0.7295148247308196,-0.6931471805599453
328464,41731,2022-02-10,94,0.5402298850574713,1,0.5463045421224507,0.43782134381041327,-0.9628107475090486,1.4762640644397302,0.3609244833723875,-0.9387635877262133,-0.4054651081081645
93910,93414,2022-02-10,233,0.7103658536585366,1,0.6783860450377267,0.5796679785969919,-0.6822181100277547,1.099947521185366,0.21164168283752016,-0.711165686062623,0.0
93910,600923975,2022-02-10,183,0.5579268292682927,1,0.6783860450377267,0.5796679785969919,-0.6822181100277547,-0.012169473185094494,0.18079864769636045,-0.05794524481542229,-1.2691690038824772
93910,1762279368,2022-02-10,182,0.5548780487804879,1,0.6783860450377267,0.5796679785969919,-0.6822181100277547,-1.8073662320990056,-0.2780362205055802,0.40671863381288986,0.644053251686957
93910,1199730922,2022-02-10,179,0.5457317073170732,1,0.6783860450377267,0.5796679785969919,-0.6822181100277547,-2.821016266417385,0.2228642394544238,-0.2138213313119781,-0.7630527671963918
93910,657155370,2022-02-10,175,0.5335365853658537,1,0.6783860450377267,0.5796679785969919,-0.6822181100277547,-0.9437684631846102,0.02736766632341925,-0.16509963502837088,-0.3907240541715584
93910,828337656,2022-02-10,175,0.5335365853658537,1,0.6783860450377267,0.5796679785969919,-0.6822181100277547,-1.7881698839346565,-0.15572475219717985,0.19682114906472847,-0.7801762615214614
93910,1358238076,2022-02-10,174,0.5304878048780488,1,0.6783860450377267,0.5796679785969919,-0.6822181100277547,-0.9930198502962408,0.053805850994334437,-0.259633621069959,-1.751268107873317
93910,21577757,2022-02-10,174,0.5304878048780488,1,0.6783860450377267,0.5796679785969919,-0.6822181100277547,1.7688117660993412,0.2492786182027087,-0.5742859776832168,-0.37267528528517335
93910,929358148,2022-02-10,170,0.5182926829268293,1,0.6783860450377267,0.5796679785969919,-0.6822181100277547,-1.1339762071559263,-0.2506596987830727,-0.15009168359013003,-0.0779512533509461
93910,102912232,2022-02-10,165,0.5030487804878049,1,0.6783860450377267,0.5796679785969919,-0.6822181100277547,-2.4040199194965264,0.15003655461579246,-0.08642625099652612,0.07562691113670894
93910,1012139850,2022-02-10,161,0.49085365853658536,0,0.6783860450377267,0.5796679785969919,-0.6822181100277547,1.2200439375828982,0.0,0.0,0.005899722127188589
79132,183308,2022-02-10,105,0.546875,1,1.0696384108790051,0.25075712617312984,-0.6752895631599385,1.1669424334266105,-0.18860972983077828,-0.3190982686851598,-0.5108256237659905
79132,113273,2022-02-10,103,0.5364583333333334,1,1.0696384108790051,0.25075712617312984,-0.6752895631599385,1.1313030390156882,0.3327477020666407,-0.7210559686770219,0.2876820724517808
79132,25690,2022-02-10,103,0.5364583333333334,1,1.0696384108790051,0.25075712617312984,-0.6752895631599385,0.7787336514641447,-0.5445447525340521,0.17946848781154756,1.6565846908598023
79132,94165,2022-02-10,103,0.5364583333333334,1,1.0696384108790051,0.25075712617312984,-0.6752895631599385,1.1162062046989158,-0.06827919997985532,-0.6161861394238164,-1.0986122886681098
79132,445379,2022-02-10,102,0.53125,1,1.0696384108790051,0.25075712617312984,-0.6752895631599385,1.133996085732855,0.11900065461073961,-0.7178397931503167,0.5108256237659905
79132,831235791,2022-02-10,102,0.53125,1,1.0696384108790051,0.25075712617312984,-0.6752895631599385,1.3499441954020757,0.21760494771372008,-0.6931471805599454,-1.8718021769015916
79132,176727,2022-02-10,102,0.53125,1,1.0696384108790051,0.25075712617312984,-0.6752895631599385,1.3139341108232807,0.010991346068460972,-0.7843631888316072,-0.5108256237659905
79132,19124,2022-02-10,101,0.5260416666666666,1,1.0696384108790051,0.25075712617312984,-0.6752895631599385,1.1697213762067165,0.17249376635682878,-0.6976415701477849,0.916290731874155
79132,49403,2022-02-10,101,0.5260416666666666,1,1.0696384108790051,0.25075712617312984,-0.6752895631599385,0.9010616012570883,-0.26601536890469435,-0.7659065348423741,-0.6931471805599453
79132,95540,2022-02-10,101,0.5260416666666666,1,1.0696384108790051,0.25075712617312984,-0.6752895631599385,1.2969651386603778,0.2989992879906569,-0.6667139234917894,-1.3862943611198906
79132,77335,2022-02-10,101,0.5260416666666666,1,1.0696384108790051,0.25075712617312984,-0.6752895631599385,1.3524040139818356,0.4475434569021839,-0.5978370007556197,-1.3862943611198906
79132,458857,2022-02-10,101,0.5260416666666666,1,1.0696384108790051,0.25075712617312984,-0.6752895631599385,1.5816039745486152,0.3983498801751646,-1.0040861151759932,-0.6931471805599452
322725,301836,2022-02-10,142,0.568,1,0.9620638402139621,0.48823239105683713,-0.545227050483323,1.1632303491514826,0.08494844372323906,-0.15790302944580858,-0.4054651081081646
322725,50278,2022-02-10,136,0.544,1,0.9620638402139621,0.48823239105683713,-0.545227050483323,1.2500420406271961,0.04006209015402984,0.06656076651833853,-0.7654678421395715
322725,43575,2022-02-10,135,0.54,1,0.9620638402139621,0.48823239105683713,-0.545227050483323,1.2432087262193983,0.025549396614827247,-0.2027535956111608,-0.10848064299406968
322725,195828,2022-02-10,135,0.54,1,0.9620638402139621,0.48823239105683713,-0.545227050483323,1.3489114103009523,0.09946730534033366,-0.7241307260799132,0.28768207245178123
322725,25690,2022-02-10,134,0.536,1,0.9620638402139621,0.48823239105683713,-0.545227050483323,0.7787336514641447,-0.5445447525340521,0.17946848781154756,1.6565846908598023
322725,38019,2022-02-10,134,0.536,1,0.9620638402139621,0.48823239105683713,-0.545227050483323,1.1868904538304657,0.13177827187786884,-0.5596157879354227,-0.3754842758962287
322725,153492,2022-02-10,134,0.536,1,0.9620638402139621,0.48823239105683713,-0.545227050483323,1.6358233126001276,0.48131644681585684,-0.7393092223231079,-0.27286698666664
322725,313907,2022-02-10,133,0.532,1,0.9620638402139621,0.48823239105683713,-0.545227050483323,1.7180805556189496,0.42507489935649834,-0.8964881045779753,-0.35139788683788886
322725,132524,2022-02-10,130,0.52,1,0.9620638402139621,0.48823239105683713,-0.545227050483323,1.4300995402190406,0.2040752492469875,-0.8979415932059585,-0.08552217343816171
322725,247178,2022-02-10,130,0.52,1,0.9620638402139621,0.48823239105683713,-0.545227050483323,1.2415151453207864,0.16485197243785255,-0.5635543515143508,-0.7640989165322294
322725,306249,2022-02-10,93,0.372,0,0.9620638402139621,0.48823239105683713,-0.545227050483323,1.7222366184902116,0.04980642776053168,-0.17798315519535635,0.23784969870390515
322725,331373,2022-02-10,93,0.372,0,0.9620638402139621,0.48823239105683713,-0.545227050483323,2.0440280236726633,0.21100495927193874,-0.2384110234449981,-0.2076393647782444
106861,132701,2022-02-10,99,0.5625,1,0.855738943395833,0.24349847379702483,-0.6093772974944871,1.370830693623081,0.7195665926952327,-0.5450940806008058,0.6931471805599452
106861,55653,2022-02-10,97,0.5511363636363636,1,0.855738943395833,0.24349847379702483,-0.6093772974944871,1.6501040389300605,0.7056238982721064,-0.9714571131828631,-0.2876820724517808
106861,79132,2022-02-10,97,0.5511363636363636,1,0.855738943395833,0.24349847379702483,-0.6093772974944871,1.320395537052135,0.25075712617312984,-0.6752895631599385,-1.6094379124341003
106861,19128,2022-02-10,96,0.5454545454545454,1,0.855738943395833,0.24349847379702483,-0.6093772974944871,1.4532966869789734,0.4055145953711248,-0.8522118751896324,0.5108256237659905
106861,143134,2022-02-10,95,0.5397727272727273,1,0.855738943395833,0.24349847379702483,-0.6093772974944871,0.9404106049810824,-0.18096780035689786,-0.6680832118967288,-0.2231435513142097
106861,41731,2022-02-10,94,0.5340909090909091,1,0.855738943395833,0.24349847379702483,-0.6093772974944871,1.4762640644397302,0.3609244833723875,-0.9387635877262133,-0.4054651081081645
106861,169658,2022-02-10,94,0.5340909090909091,1,0.855738943395833,0.24349847379702483,-0.6093772974944871,1.3495107205057357,0.7321083542472023,-0.5374938708481523,-1.0986122886681098
106861,27399,2022-02-10,93,0.5284090909090909,1,0.855738943395833,0.24349847379702483,-0.6093772974944871,1.7003155327361574,0.6763516953024451,-0.960461950187292,-0.2876820724517808
106861,212087,2022-02-10,92,0.5227272727272727,1,0.855738943395833,0.24349847379702483,-0.6093772974944871,0.7993478500584711,-0.6465538397601859,-0.4986832369402654,0.2876820724517808
106861,108440,2022-02-10,92,0.5227272727272727,1,0.855738943395833,0.24349847379702483,-0.6093772974944871,1.0146648260407,-0.02088238053403524,-0.758007814761986,0.980829253011726
106861,183308,2022-02-10,92,0.5227272727272727,1,0.855738943395833,0.24349847379702483,-0.6093772974944871,1.1669424334266105,-0.18860972983077828,-0.3190982686851598,-0.5108256237659905
106861,113273,2022-02-10,92,0.5227272727272727,1,0.855738943395833,0.24349847379702483,-0.6093772974944871,1.1313030390156882,0.3327477020666407,-0.7210559686770219,0.2876820724517808
193248,25690,2022-02-10,93,0.5961538461538461,1,1.0364950160388933,0.05949329250588131,-1.0332295294052578,0.7787336514641447,-0.5445447525340521,0.17946848781154756,1.6565846908598023
193248,19124,2022-02-10,92,0.5897435897435898,1,1.0364950160388933,0.05949329250588131,-1.0332295294052578,1.1697213762067165,0.17249376635682878,-0.6976415701477849,0.916290731874155
193248,38019,2022-02-10,91,0.5833333333333334,1,1.0364950160388933,0.05949329250588131,-1.0332295294052578,1.1868904538304657,0.13177827187786884,-0.5596157879354227,-0.3754842758962287
193248,153492,2022-02-10,91,0.5833333333333334,1,1.0364950160388933,0.05949329250588131,-1.0332295294052578,1.6358233126001276,0.48131644681585684,-0.7393092223231079,-0.27286698666664
193248,321957,2022-02-10,91,0.5833333333333334,1,1.0364950160388933,0.05949329250588131,-1.0332295294052578,0.898034448575044,-0.1357256735222745,-0.7668906548054943,-0.2876820724517808
193248,108440,2022-02-10,91,0.5833333333333334,1,1.0364950160388933,0.05949329250588131,-1.0332295294052578,1.0146648260407,-0.02088238053403524,-0.758007814761986,0.980829253011726
193248,168867,2022-02-10,90,0.5769230769230769,1,1.0364950160388933,0.05949329250588131,-1.0332295294052578,0.857608948407802,-0.2650067316846991,-0.8109302162163283,-0.4054651081081645
193248,465958,2022-02-10,89,0.5705128205128205,1,1.0364950160388933,0.05949329250588131,-1.0332295294052578,1.3960305371362958,0.572150472034028,-0.7207987118904562,0.6931471805599453
193248,131839,2022-02-10,88,0.5641025641025641,1,1.0364950160388933,0.05949329250588131,-1.0332295294052578,1.2051918991259247,0.13960415364436995,-0.6931471805599454,-0.6931471805599453
193248,212087,2022-02-10,88,0.5641025641025641,1,1.0364950160388933,0.05949329250588131,-1.0332295294052578,0.7993478500584711,-0.6465538397601859,-0.4986832369402654,0.2876820724517808
193248,146457,2022-02-10,88,0.5641025641025641,1,1.0364950160388933,0.05949329250588131,-1.0332295294052578,1.6003708653395252,0.33084361506393534,-0.44240862329984854,0.0
193248,183308,2022-02-10,88,0.5641025641025641,1,1.0364950160388933,0.05949329250588131,-1.0332295294052578,1.1669424334266105,-0.18860972983077828,-0.3190982686851598,-0.5108256237659905
253186,445379,2022-02-10,96,0.5680473372781065,1,1.164375062054961,0.2775846550007164,-0.789424010995365,1.133996085732855,0.11900065461073961,-0.7178397931503167,0.5108256237659905
253186,25690,2022-02-10,95,0.5621301775147929,1,1.164375062054961,0.2775846550007164,-0.789424010995365,0.7787336514641447,-0.5445447525340521,0.17946848781154756,1.6565846908598023
253186,79132,2022-02-10,92,0.5443786982248521,1,1.164375062054961,0.2775846550007164,-0.789424010995365,1.320395537052135,0.25075712617312984,-0.6752895631599385,-1.6094379124341003
253186,113273,2022-02-10,92,0.5443786982248521,1,1.164375062054961,0.2775846550007164,-0.789424010995365,1.1313030390156882,0.3327477020666407,-0.7210559686770219,0.2876820724517808
253186,207701,2022-02-10,91,0.5384615384615384,1,1.164375062054961,0.2775846550007164,-0.789424010995365,1.5986815881764886,1.1129232018488286,-0.8912609838083201,0.0
253186,153492,2022-02-10,91,0.5384615384615384,1,1.164375062054961,0.2775846550007164,-0.789424010995365,1.6358233126001276,0.48131644681585684,-0.7393092223231079,-0.27286698666664
253186,168201,2022-02-10,91,0.5384615384615384,1,1.164375062054961,0.2775846550007164,-0.789424010995365,1.2990498066551657,0.5224076519967124,-0.9118363815247745,-0.5108256237659905
253186,176239,2022-02-10,91,0.5384615384615384,1,1.164375062054961,0.2775846550007164,-0.789424010995365,0.7933304470795001,-0.44250979893363984,-0.43121760421057864,1.0986122886681098
253186,206215,2022-02-10,90,0.5325443786982249,1,1.164375062054961,0.2775846550007164,-0.789424010995365,1.5265874798930816,0.7222915983824937,-0.6605102512469232,-0.4054651081081645
253186,77335,2022-02-10,90,0.5325443786982249,1,1.164375062054961,0.2775846550007164,-0.789424010995365,1.3524040139818356,0.4475434569021839,-0.5978370007556197,-1.3862943611198906
253186,49403,2022-02-10,90,0.5325443786982249,1,1.164375062054961,0.2775846550007164,-0.789424010995365,0.9010616012570883,-0.26601536890469435,-0.7659065348423741,-0.6931471805599453
253186,93414,2022-02-10,90,0.5325443786982249,1,1.164375062054961,0.2775846550007164,-0.789424010995365,1.099947521185366,0.21164168283752016,-0.711165686062623,0.0
207701,19124,2022-02-10,101,0.6047904191616766,1,0.48575838632766,1.1129232018488286,-0.8912609838083201,1.1697213762067165,0.17249376635682878,-0.6976415701477849,0.916290731874155
207701,108440,2022-02-10,96,0.5748502994011976,1,0.48575838632766,1.1129232018488286,-0.8912609838083201,1.0146648260407,-0.02088238053403524,-0.758007814761986,0.980829253011726
207701,301836,2022-02-10,95,0.5688622754491018,1,0.48575838632766,1.1129232018488286,-0.8912609838083201,1.1632303491514826,0.08494844372323906,-0.15790302944580858,-0.4054651081081646
207701,113273,2022-02-10,95,0.5688622754491018,1,0.48575838632766,1.1129232018488286,-0.8912609838083201,1.1313030390156882,0.3327477020666407,-0.7210559686770219,0.2876820724517808
207701,77335,2022-02-10,94,0.562874251497006,1,0.48575838632766,1.1129232018488286,-0.8912609838083201,1.3524040139818356,0.4475434569021839,-0.5978370007556197,-1.3862943611198906
207701,206215,2022-02-10,93,0.5568862275449101,1,0.48575838632766,1.1129232018488286,-0.8912609838083201,1.5265874798930816,0.7222915983824937,-0.6605102512469232,-0.4054651081081645
207701,445379,2022-02-10,93,0.5568862275449101,1,0.48575838632766,1.1129232018488286,-0.8912609838083201,1.133996085732855,0.11900065461073961,-0.7178397931503167,0.5108256237659905
207701,426345,2022-02-10,93,0.5568862275449101,1,0.48575838632766,1.1129232018488286,-0.8912609838083201,1.347916013133742,-0.027336258256401624,-0.8241754429663493,-1.3862943611198906
207701,321957,2022-02-10,92,0.5508982035928144,1,0.48575838632766,1.1129232018488286,-0.8912609838083201,0.898034448575044,-0.1357256735222745,-0.7668906548054943,-0.2876820724517808
207701,318701,2022-02-10,92,0.5508982035928144,1,0.48575838632766,1.1129232018488286,-0.8912609838083201,1.2457731701512134,0.1645657719270195,-0.7142005897577777,0.2231435513142097
207701,93414,2022-02-10,91,0.5449101796407185,1,0.48575838632766,1.1129232018488286,-0.8912609838083201,1.099947521185366,0.21164168283752016,-0.711165686062623,0.0
207701,194379,2022-02-10,91,0.5449101796407185,1,0.48575838632766,1.1129232018488286,-0.8912609838083201,1.0019266512845537,0.1456809169602794,-0.8051863750370769,-0.916290731874155
111114,38019,2022-02-10,99,0.5625,1,0.8474796725026542,0.3184048591493428,-0.6685759198294399,1.1868904538304657,0.13177827187786884,-0.5596157879354227,-0.3754842758962287
111114,426345,2022-02-10,98,0.5568181818181818,1,0.8474796725026542,0.3184048591493428,-0.6685759198294399,1.347916013133742,-0.027336258256401624,-0.8241754429663493,-1.3862943611198906
111114,194379,2022-02-10,95,0.5397727272727273,1,0.8474796725026542,0.3184048591493428,-0.6685759198294399,1.0019266512845537,0.1456809169602794,-0.8051863750370769,-0.916290731874155
111114,168867,2022-02-10,95,0.5397727272727273,1,0.8474796725026542,0.3184048591493428,-0.6685759198294399,0.857608948407802,-0.2650067316846991,-0.8109302162163283,-0.4054651081081645
111114,25076,2022-02-10,93,0.5284090909090909,1,0.8474796725026542,0.3184048591493428,-0.6685759198294399,1.194902373165024,0.635882283127173,-0.778841901664828,1.0986122886681098
111114,93414,2022-02-10,93,0.5284090909090909,1,0.8474796725026542,0.3184048591493428,-0.6685759198294399,1.099947521185366,0.21164168283752016,-0.711165686062623,0.0
111114,176239,2022-02-10,93,0.5284090909090909,1,0.8474796725026542,0.3184048591493428,-0.6685759198294399,0.7933304470795001,-0.44250979893363984,-0.43121760421057864,1.0986122886681098
111114,227935,2022-02-10,92,0.5227272727272727,1,0.8474796725026542,0.3184048591493428,-0.6685759198294399,1.2548046990289137,0.00014612014289983044,-0.8588586827882798,0.4054651081081645
111114,108440,2022-02-10,92,0.5227272727272727,1,0.8474796725026542,0.3184048591493428,-0.6685759198294399,1.0146648260407,-0.02088238053403524,-0.758007814761986,0.980829253011726
111114,79132,2022-02-10,91,0.5170454545454546,1,0.8474796725026542,0.3184048591493428,-0.6685759198294399,1.320395537052135,0.25075712617312984,-0.6752895631599385,-1.6094379124341003
111114,313907,2022-02-10,91,0.5170454545454546,1,0.8474796725026542,0.3184048591493428,-0.6685759198294399,1.7180805556189496,0.42507489935649834,-0.8964881045779753,-0.35139788683788886
111114,43575,2022-02-10,91,0.5170454545454546,1,0.8474796725026542,0.3184048591493428,-0.6685759198294399,1.2432087262193983,0.025549396614827247,-0.2027535956111608,-0.10848064299406968
318701,15,2022-02-10,97,0.5542857142857143,1,1.0812073982241939,0.1645657719270195,-0.7142005897577777,-5.8755275429176805,0.1566688280531654,-0.1577487836025746,-0.07898022027751139
318701,113273,2022-02-10,97,0.5542857142857143,1,1.0812073982241939,0.1645657719270195,-0.7142005897577777,1.1313030390156882,0.3327477020666407,-0.7210559686770219,0.2876820724517808
318701,55653,2022-02-10,97,0.5542857142857143,1,1.0812073982241939,0.1645657719270195,-0.7142005897577777,1.6501040389300605,0.7056238982721064,-0.9714571131828631,-0.2876820724517808
318701,50278,2022-02-10,96,0.5485714285714286,1,1.0812073982241939,0.1645657719270195,-0.7142005897577777,1.2500420406271961,0.04006209015402984,0.06656076651833853,-0.7654678421395715
318701,79132,2022-02-10,96,0.5485714285714286,1,1.0812073982241939,0.1645657719270195,-0.7142005897577777,1.320395537052135,0.25075712617312984,-0.6752895631599385,-1.6094379124341003
318701,445379,2022-02-10,95,0.5428571428571428,1,1.0812073982241939,0.1645657719270195,-0.7142005897577777,1.133996085732855,0.11900065461073961,-0.7178397931503167,0.5108256237659905
318701,77335,2022-02-10,95,0.5428571428571428,1,1.0812073982241939,0.1645657719270195,-0.7142005897577777,1.3524040139818356,0.4475434569021839,-0.5978370007556197,-1.3862943611198906
318701,51530,2022-02-10,95,0.5428571428571428,1,1.0812073982241939,0.1645657719270195,-0.7142005897577777,1.5397371980288432,0.4349950719248079,-0.8542087379270509,0.2876820724517808
318701,143134,2022-02-10,94,0.5371428571428571,1,1.0812073982241939,0.1645657719270195,-0.7142005897577777,0.9404106049810824,-0.18096780035689786,-0.6680832118967288,-0.2231435513142097
318701,25690,2022-02-10,94,0.5371428571428571,1,1.0812073982241939,0.1645657719270195,-0.7142005897577777,0.7787336514641447,-0.5445447525340521,0.17946848781154756,1.6565846908598023
318701,465958,2022-02-10,94,0.5371428571428571,1,1.0812073982241939,0.1645657719270195,-0.7142005897577777,1.3960305371362958,0.572150472034028,-0.7207987118904562,0.6931471805599453
318701,27399,2022-02-10,93,0.5314285714285715,1,1.0812073982241939,0.1645657719270195,-0.7142005897577777,1.7003155327361574,0.6763516953024451,-0.960461950187292,-0.2876820724517808
187441,79132,2022-02-10,100,0.5405405405405406,1,0.9895891360198394,0.36568925361904947,-0.7295148247308196,1.320395537052135,0.25075712617312984,-0.6752895631599385,-1.6094379124341003
187441,25690,2022-02-10,98,0.5297297297297298,1,0.9895891360198394,0.36568925361904947,-0.7295148247308196,0.7787336514641447,-0.5445447525340521,0.17946848781154756,1.6565846908598023
187441,41731,2022-02-10,98,0.5297297297297298,1,0.9895891360198394,0.36568925361904947,-0.7295148247308196,1.4762640644397302,0.3609244833723875,-0.9387635877262133,-0.4054651081081645
187441,113273,2022-02-10,98,0.5297297297297298,1,0.9895891360198394,0.36568925361904947,-0.7295148247308196,1.1313030390156882,0.3327477020666407,-0.7210559686770219,0.2876820724517808
187441,333737,2022-02-10,98,0.5297297297297298,1,0.9895891360198394,0.36568925361904947,-0.7295148247308196,0.8225755760235305,-0.34599440730319286,-0.5250102587579475,0.4054651081081645
187441,194379,2022-02-10,98,0.5297297297297298,1,0.9895891360198394,0.36568925361904947,-0.7295148247308196,1.0019266512845537,0.1456809169602794,-0.8051863750370769,-0.916290731874155
187441,51530,2022-02-10,95,0.5135135135135135,1,0.9895891360198394,0.36568925361904947,-0.7295148247308196,1.5397371980288432,0.4349950719248079,-0.8542087379270509,0.2876820724517808
187441,168201,2022-02-10,95,0.5135135135135135,1,0.9895891360198394,0.36568925361904947,-0.7295148247308196,1.2990498066551657,0.5224076519967124,-0.9118363815247745,-0.5108256237659905
187441,19124,2022-02-10,95,0.5135135135135135,1,0.9895891360198394,0.36568925361904947,-0.7295148247308196,1.1697213762067165,0.17249376635682878,-0.6976415701477849,0.916290731874155
187441,27399,2022-02-10,94,0.5081081081081081,1,0.9895891360198394,0.36568925361904947,-0.7295148247308196,1.7003155327361574,0.6763516953024451,-0.960461950187292,-0.2876820724517808
187441,328464,2022-02-10,94,0.5081081081081081,1,0.9895891360198394,0.36568925361904947,-0.7295148247308196,0.984125885932864,0.43782134381041327,-0.9628107475090486,-0.6931471805599453
187441,131839,2022-02-10,93,0.5027027027027027,1,0.9895891360198394,0.36568925361904947,-0.7295148247308196,1.2051918991259247,0.13960415364436995,-0.6931471805599454,-0.6931471805599453
141177,19124,2022-02-11,107,0.5602094240837696,1,0.6124320935918972,1.0278924774813296,-0.9509762898620453,1.2642068330023413,0.3003051695548197,-1.0434802179733937,1.0986122886681096
141177,445379,2022-02-11,101,0.5287958115183246,1,0.6124320935918972,1.0278924774813296,-0.9509762898620453,1.2262249969371883,0.41670660967805695,-1.111857515418131,0.5108256237659905
141177,55653,2022-02-11,99,0.518324607329843,1,0.6124320935918972,1.0278924774813296,-0.9509762898620453,1.7580173072962095,0.8062691306288539,-1.3308645561805599,-0.916290731874155
141177,94165,2022-02-11,98,0.5130890052356021,1,0.6124320935918972,1.0278924774813296,-0.9509762898620453,1.1328987531517172,-0.036412457302667844,-0.8380385349744062,-1.0986122886681098
141177,183308,2022-02-11,98,0.5130890052356021,1,0.6124320935918972,1.0278924774813296,-0.9509762898620453,1.2226547938386676,0.015502591547358335,-0.560795729075271,-0.5108256237659905
141177,59451,2022-02-11,97,0.5078534031413613,1,0.6124320935918972,1.0278924774813296,-0.9509762898620453,1.3360567623644914,0.7034834868934937,-0.7911275889201494,-0.6931471805599453
141177,227935,2022-02-11,97,0.5078534031413613,1,0.6124320935918972,1.0278924774813296,-0.9509762898620453,1.3319438005723128,0.1158401604437087,-1.1979847624813136,0.6931471805599453
141177,108440,2022-02-11,97,0.5078534031413613,1,0.6124320935918972,1.0278924774813296,-0.9509762898620453,1.1276283896937667,0.14460747591306478,-1.2443240998495035,0.980829253011726
141177,457851,2022-02-11,97,0.5078534031413613,1,0.6124320935918972,1.0278924774813296,-0.9509762898620453,1.303179295188952,0.22131658649851493,-1.1263918527751855,0.5108256237659905
141177,333737,2022-02-11,97,0.5078534031413613,1,0.6124320935918972,1.0278924774813296,-0.9509762898620453,0.8450193560472676,-0.2799736745396415,-0.8291028167959746,0.4054651081081645
141177,25690,2022-02-11,97,0.5078534031413613,1,0.6124320935918972,1.0278924774813296,-0.9509762898620453,0.799159430324433,-0.5103847202366404,0.023623145763436604,1.533930359925955
141177,27399,2022-02-11,96,0.5026178010471204,1,0.6124320935918972,1.0278924774813296,-0.9509762898620453,1.7827741025540278,0.9567077854696223,-1.1923672582056284,-0.916290731874155
194379,25690,2022-02-11,109,0.5706806282722513,1,0.8573336985688949,0.1788372534664875,-1.1071229783360188,0.799159430324433,-0.5103847202366404,0.023623145763436604,1.533930359925955
194379,206215,2022-02-11,105,0.5497382198952879,1,0.8573336985688949,0.1788372534664875,-1.1071229783360188,1.6356921682109058,0.8365764391806028,-0.9851303349111165,-0.4054651081081645
194379,164274,2022-02-11,103,0.5392670157068062,1,0.8573336985688949,0.1788372534664875,-1.1071229783360188,1.520502148561689,0.502937714415346,-1.2784053991087063,0.6931471805599452
194379,333737,2022-02-11,100,0.5235602094240838,1,0.8573336985688949,0.1788372534664875,-1.1071229783360188,0.8450193560472676,-0.2799736745396415,-0.8291028167959746,0.4054651081081645
194379,132701,2022-02-11,100,0.5235602094240838,1,0.8573336985688949,0.1788372534664875,-1.1071229783360188,1.604900927941043,0.9059123418940422,-0.7748252115742122,0.6931471805599452
194379,15,2022-02-11,99,0.518324607329843,1,0.8573336985688949,0.1788372534664875,-1.1071229783360188,-5.906583127726018,0.10382876474837754,-0.11596183491507084,-0.08483134102473322
194379,59451,2022-02-11,99,0.518324607329843,1,0.8573336985688949,0.1788372534664875,-1.1071229783360188,1.3360567623644914,0.7034834868934937,-0.7911275889201494,-0.6931471805599453
194379,445379,2022-02-11,99,0.518324607329843,1,0.8573336985688949,0.1788372534664875,-1.1071229783360188,1.2262249969371883,0.41670660967805695,-1.111857515418131,0.5108256237659905
194379,168201,2022-02-11,99,0.518324607329843,1,0.8573336985688949,0.1788372534664875,-1.1071229783360188,1.3711791420498542,0.5743168655134924,-1.1943374923422638,-1.0986122886681096
194379,27399,2022-02-11,99,0.518324607329843,1,0.8573336985688949,0.1788372534664875,-1.1071229783360188,1.7827741025540278,0.9567077854696223,-1.1923672582056284,-0.916290731874155
194379,77335,2022-02-11,98,0.5130890052356021,1,0.8573336985688949,0.1788372534664875,-1.1071229783360188,1.4656627613602768,0.5898033327016831,-0.9734491457141035,-0.6931471805599453
194379,465958,2022-02-11,98,0.5130890052356021,1,0.8573336985688949,0.1788372534664875,-1.1071229783360188,1.4954057325422994,0.6745382549902808,-1.0304496372371474,-0.6931471805599453
441296,333737,2022-02-12,95,0.5523255813953488,1,0.8172407854236781,0.6702710079242216,-1.625632598354081,1.0850805167686044,0.1792706868548759,-1.7474592103314754,0.6931471805599453
441296,19128,2022-02-12,95,0.5523255813953488,1,0.8172407854236781,0.6702710079242216,-1.625632598354081,1.6294662411876462,0.7260382396372308,-1.4706014675798844,0.2231435513142097
441296,146457,2022-02-12,95,0.5523255813953488,1,0.8172407854236781,0.6702710079242216,-1.625632598354081,2.0102368108861555,1.035517955541476,-1.4754221410158976,-1.3862943611198906
441296,313907,2022-02-12,95,0.5523255813953488,1,0.8172407854236781,0.6702710079242216,-1.625632598354081,1.848730737482656,0.6443083876171565,-1.1646557009851009,-0.1910552367627094
441296,194379,2022-02-12,95,0.5523255813953488,1,0.8172407854236781,0.6702710079242216,-1.625632598354081,1.2518941718041585,0.4465974072174682,-1.8958997284806518,-0.916290731874155
441296,43575,2022-02-12,95,0.5523255813953488,1,0.8172407854236781,0.6702710079242216,-1.625632598354081,1.4253745147338897,0.398657385759293,-0.7522623681275258,-0.0749013081731178
441296,248585,2022-02-12,94,0.5465116279069767,1,0.8172407854236781,0.6702710079242216,-1.625632598354081,1.541903093292552,0.8943265324426133,-1.2671517059474677,0.6931471805599453
441296,445379,2022-02-12,94,0.5465116279069767,1,0.8172407854236781,0.6702710079242216,-1.625632598354081,1.283360062700426,0.4529343035940605,-1.4196307813874824,0.0
441296,77335,2022-02-12,93,0.5406976744186046,1,0.8172407854236781,0.6702710079242216,-1.625632598354081,1.611547960554591,0.751202161148207,-1.3862943611198908,-0.6931471805599453
441296,25690,2022-02-12,93,0.5406976744186046,1,0.8172407854236781,0.6702710079242216,-1.625632598354081,0.9211306833949716,-0.22795259186385086,-0.2488200393597335,1.6341305250244722
441296,458857,2022-02-12,93,0.5406976744186046,1,0.8172407854236781,0.6702710079242216,-1.625632598354081,1.9527475469164048,0.8657678254055561,-2.152466676694726,-0.8472978603872034
441296,168201,2022-02-12,92,0.5348837209302325,1,0.8172407854236781,0.6702710079242216,-1.625632598354081,1.5592838658477248,0.7822107037200285,-1.7623455840217614,-1.0986122886681096
86200,19124,2022-02-12,104,0.6011560693641619,1,1.008392192135647,0.5749829926723813,-1.4574706395877852,1.4617736146588176,0.5468681469184047,-1.6458055566049747,1.3862943611198904
86200,79132,2022-02-12,100,0.5780346820809249,1,1.008392192135647,0.5749829926723813,-1.4574706395877852,1.6319171312271952,0.8523101030857109,-1.6680627557816234,-0.6931471805599453
86200,43575,2022-02-12,99,0.5722543352601156,1,1.008392192135647,0.5749829926723813,-1.4574706395877852,1.4253745147338897,0.398657385759293,-0.7522623681275258,-0.0749013081731178
86200,108440,2022-02-12,99,0.5722543352601156,1,1.008392192135647,0.5749829926723813,-1.4574706395877852,1.3376120479387783,0.5908299921612896,-2.0037297199441397,1.0986122886681098
86200,176239,2022-02-12,98,0.5664739884393064,1,1.008392192135647,0.5749829926723813,-1.4574706395877852,0.9176258452063899,-0.20385932878420898,-1.3523928094442095,1.3862943611198906
86200,183308,2022-02-12,98,0.5664739884393064,1,1.008392192135647,0.5749829926723813,-1.4574706395877852,1.5612283204159256,0.409963956739817,-0.9373441410719874,-0.5108256237659905
86200,301836,2022-02-12,97,0.5606936416184971,1,1.008392192135647,0.5749829926723813,-1.4574706395877852,1.3076383105631721,0.42279199667044143,-0.6931471805599454,-0.6480267452794752
86200,458857,2022-02-12,97,0.5606936416184971,1,1.008392192135647,0.5749829926723813,-1.4574706395877852,1.9527475469164048,0.8657678254055561,-2.152466676694726,-0.8472978603872034
86200,195828,2022-02-12,96,0.5549132947976878,1,1.008392192135647,0.5749829926723813,-1.4574706395877852,1.627186030958566,0.44540949924351403,-1.1359998207397304,0.30830135965451655
86200,333737,2022-02-12,96,0.5549132947976878,1,1.008392192135647,0.5749829926723813,-1.4574706395877852,1.0850805167686044,0.1792706868548759,-1.7474592103314754,0.6931471805599453
86200,328464,2022-02-12,96,0.5549132947976878,1,1.008392192135647,0.5749829926723813,-1.4574706395877852,1.0592495561312012,0.4316610543805236,-1.7501655719292177,-0.6931471805599453
86200,168867,2022-02-12,96,0.5549132947976878,1,1.008392192135647,0.5749829926723813,-1.4574706395877852,0.9149699530863353,-0.03982415527735639,-1.5581446180465495,-0.4054651081081645
321957,333737,2022-02-12,105,0.5965909090909091,1,0.9690517284631177,0.4543390395394429,-1.6486586255873816,1.0850805167686044,0.1792706868548759,-1.7474592103314754,0.6931471805599453
321957,143134,2022-02-12,102,0.5795454545454546,1,0.9690517284631177,0.4543390395394429,-1.6486586255873816,1.1303633941602038,0.27945639992231563,-1.621608448054356,-0.2231435513142097
321957,25690,2022-02-12,101,0.5738636363636364,1,0.9690517284631177,0.4543390395394429,-1.6486586255873816,0.9211306833949716,-0.22795259186385086,-0.2488200393597335,1.6341305250244722
321957,445379,2022-02-12,99,0.5625,1,0.9690517284631177,0.4543390395394429,-1.6486586255873816,1.283360062700426,0.4529343035940605,-1.4196307813874824,0.0
321957,79132,2022-02-12,98,0.5568181818181818,1,0.9690517284631177,0.4543390395394429,-1.6486586255873816,1.6319171312271952,0.8523101030857109,-1.6680627557816234,-0.6931471805599453
321957,108440,2022-02-12,98,0.5568181818181818,1,0.9690517284631177,0.4543390395394429,-1.6486586255873816,1.3376120479387783,0.5908299921612896,-2.0037297199441397,1.0986122886681098
321957,130112,2022-02-12,97,0.5511363636363636,1,0.9690517284631177,0.4543390395394429,-1.6486586255873816,1.5712949404249081,0.8116155401289212,-1.477266139325617,-0.4054651081081645
321957,38019,2022-02-12,97,0.5511363636363636,1,0.9690517284631177,0.4543390395394429,-1.6486586255873816,1.3163857167248294,0.4445028570865688,-1.087150845149103,-0.5555258026838974
321957,77334,2022-02-12,97,0.5511363636363636,1,0.9690517284631177,0.4543390395394429,-1.6486586255873816,1.2242334436943536,0.4293973161353163,-1.6841288050356895,-1.0986122886681098
321957,153492,2022-02-12,96,0.5454545454545454,1,0.9690517284631177,0.4543390395394429,-1.6486586255873816,1.7544717947989994,0.7028010503381643,-1.122876910667741,-0.14660347419187492
321957,328464,2022-02-12,96,0.5454545454545454,1,0.9690517284631177,0.4543390395394429,-1.6486586255873816,1.0592495561312012,0.4316610543805236,-1.7501655719292177,-0.6931471805599453
321957,86200,2022-02-12,95,0.5397727272727273,1,0.9690517284631177,0.4543390395394429,-1.6486586255873816,1.5833751848080282,0.5749829926723813,-1.4574706395877852,-0.6931471805599453
136835,25690,2022-02-12,92,0.5380116959064327,1,1.137021235930864,0.826198647564687,-1.888546754175393,0.9211306833949716,-0.22795259186385086,-0.2488200393597335,1.6341305250244722
136835,93414,2022-02-12,90,0.5263157894736842,1,1.137021235930864,0.826198647564687,-1.888546754175393,1.3343599159034927,0.5032058790220321,-1.5809662383527883,0.4054651081081645
136835,38019,2022-02-12,90,0.5263157894736842,1,1.137021235930864,0.826198647564687,-1.888546754175393,1.3163857167248294,0.4445028570865688,-1.087150845149103,-0.5555258026838974
136835,143134,2022-02-12,89,0.52046783625731,1,1.137021235930864,0.826198647564687,-1.888546754175393,1.1303633941602038,0.27945639992231563,-1.621608448054356,-0.2231435513142097
136835,132701,2022-02-12,88,0.5146198830409356,1,1.137021235930864,0.826198647564687,-1.888546754175393,1.7491055701230784,1.0450314229758488,-1.1622701404400875,0.8472978603872034
136835,168867,2022-02-12,88,0.5146198830409356,1,1.137021235930864,0.826198647564687,-1.888546754175393,0.9149699530863353,-0.03982415527735639,-1.5581446180465495,-0.4054651081081645
136835,373321,2022-02-12,87,0.5087719298245614,1,1.137021235930864,0.826198647564687,-1.888546754175393,1.6627968177709853,0.47268820821042934,-1.311446470323458,0.0
136835,445379,2022-02-12,87,0.5087719298245614,1,1.137021235930864,0.826198647564687,-1.888546754175393,1.283360062700426,0.4529343035940605,-1.4196307813874824,0.0
136835,206215,2022-02-12,87,0.5087719298245614,1,1.137021235930864,0.826198647564687,-1.888546754175393,1.8013865977303514,1.0197808840262783,-1.445954197526226,-0.4054651081081645
136835,141177,2022-02-12,86,0.5029239766081871,1,1.137021235930864,0.826198647564687,-1.888546754175393,1.8385580598544167,1.2463145231632455,-1.6055086342942109,-1.0986122886681096
136835,27399,2022-02-12,86,0.5029239766081871,1,1.137021235930864,0.826198647564687,-1.888546754175393,1.9223954414557591,1.3236294252145715,-1.5809662383527883,-0.916290731874155
136835,95540,2022-02-12,86,0.5029239766081871,1,1.137021235930864,0.826198647564687,-1.888546754175393,1.5679543727234657,0.8006162580847966,-1.5095270015438382,-0.6931471805599453
206215,194379,2022-02-13,105,0.5440414507772021,1,0.7629660083631575,1.279656176854281,-2.162974654293141,1.5250777992178342,0.7297580193921321,-2.8605187947464836,-0.916290731874155
206215,183308,2022-02-13,103,0.533678756476684,1,0.7629660083631575,1.279656176854281,-2.162974654293141,1.9543345038899622,0.8769096675082433,-1.7171486054368805,-1.0986122886681096
206215,132524,2022-02-13,101,0.5233160621761658,1,0.7629660083631575,1.279656176854281,-2.162974654293141,1.8096972003480072,0.7819987418114644,-1.6887477508919844,0.7049816382069483
206215,79132,2022-02-13,100,0.5181347150259067,1,0.7629660083631575,1.279656176854281,-2.162974654293141,1.8012276476203284,1.0041138157275262,-2.1135745480492947,-0.2876820724517808
206215,445379,2022-02-13,99,0.5129533678756477,1,0.7629660083631575,1.279656176854281,-2.162974654293141,1.5212721023892841,0.9190911425444519,-2.2046046846338423,0.0
206215,108440,2022-02-13,99,0.5129533678756477,1,0.7629660083631575,1.279656176854281,-2.162974654293141,1.6213982357293375,0.8722904182938317,-3.027369358497174,1.0986122886681098
206215,19124,2022-02-13,98,0.5077720207253886,1,0.7629660083631575,1.279656176854281,-2.162974654293141,1.7762450765133007,1.071886399562116,-2.6010780815500425,1.5040773967762742
206215,400168,2022-02-13,98,0.5077720207253886,1,0.7629660083631575,1.279656176854281,-2.162974654293141,1.1410147216369673,0.3323305742102681,-2.3094579722818076,0.0
206215,25690,2022-02-13,97,0.5025906735751295,1,0.7629660083631575,1.279656176854281,-2.162974654293141,0.9207044159137976,-0.07122284127261813,-0.3782416494975074,1.7737409637253765
206215,168201,2022-02-13,97,0.5025906735751295,1,0.7629660083631575,1.279656176854281,-2.162974654293141,2.022281668837138,1.2457322304192116,-2.451005098112319,-1.9459101490553132
206215,153492,2022-02-13,97,0.5025906735751295,1,0.7629660083631575,1.279656176854281,-2.162974654293141,1.8727685098704807,0.9097148549880061,-1.455743749391762,0.016000341346440905
206215,313907,2022-02-13,97,0.5025906735751295,1,0.7629660083631575,1.279656176854281,-2.162974654293141,1.9775268202547474,0.8687064170851799,-1.815774345431929,0.08338160893905089
212087,25690,2022-02-13,103,0.5819209039548022,1,1.0163003419824432,0.5477472608428338,-2.079441541679836,0.9207044159137976,-0.07122284127261813,-0.3782416494975074,1.7737409637253765
212087,132701,2022-02-13,101,0.5706214689265536,1,1.0163003419824432,0.5477472608428338,-2.079441541679836,2.016451038776843,1.3447875494399442,-2.016805970688351,0.8472978603872034
212087,19124,2022-02-13,100,0.5649717514124294,1,1.0163003419824432,0.5477472608428338,-2.079441541679836,1.7762450765133007,1.071886399562116,-2.6010780815500425,1.5040773967762742
212087,79132,2022-02-13,99,0.559322033898305,1,1.0163003419824432,0.5477472608428338,-2.079441541679836,1.8012276476203284,1.0041138157275262,-2.1135745480492947,-0.2876820724517808
212087,113273,2022-02-13,99,0.559322033898305,1,1.0163003419824432,0.5477472608428338,-2.079441541679836,1.5299448927096615,0.9517714108860776,-2.0759632773035115,0.0
212087,59451,2022-02-13,98,0.5536723163841808,1,1.0163003419824432,0.5477472608428338,-2.079441541679836,1.8607749269290885,1.2202964819484063,-1.669157147135722,-0.6931471805599453
212087,95540,2022-02-13,96,0.5423728813559322,1,1.0163003419824432,0.5477472608428338,-2.079441541679836,1.8352148812365912,1.0947193441946925,-2.3628039529871,-0.4054651081081645
212087,131839,2022-02-13,96,0.5423728813559322,1,1.0163003419824432,0.5477472608428338,-2.079441541679836,1.8659880844533525,1.0060820567366364,-2.099402284242374,0.2876820724517808
212087,445379,2022-02-13,96,0.5423728813559322,1,1.0163003419824432,0.5477472608428338,-2.079441541679836,1.5212721023892841,0.9190911425444519,-2.2046046846338423,0.0
212087,141177,2022-02-13,95,0.536723163841808,1,1.0163003419824432,0.5477472608428338,-2.079441541679836,2.141311496226394,1.525172072639155,-2.1827838931814254,-1.0986122886681096
212087,174734,2022-02-13,95,0.536723163841808,1,1.0163003419824432,0.5477472608428338,-2.079441541679836,2.0317471992306957,1.1987052149656752,-2.23715728767159,-0.5108256237659905
212087,426345,2022-02-13,95,0.536723163841808,1,1.0163003419824432,0.5477472608428338,-2.079441541679836,1.7581996445610526,0.5711493692527476,-2.1469627425553313,-0.6931471805599453
57429,313,2022-02-14,1904,0.8627095604893521,1,1.475184508150019,0.6977569761695919,-1.8405496333974871,-0.032921443458017105,-0.29768936599232104,0.6608969358000101,0.30816336068691186
57429,42,2022-02-14,1767,0.8006343452650657,1,1.475184508150019,0.6977569761695919,-1.8405496333974871,-2.9843111497502925,0.04726723575958802,0.3089013515645167,-0.21418024063238228
57429,82,2022-02-14,1690,0.7657453556864522,1,1.475184508150019,0.6977569761695919,-1.8405496333974871,-2.4691790976763777,-0.006392084829507816,0.0885110386907435,-0.3108203750094809
57429,110,2022-02-14,1591,0.720888083371092,1,1.475184508150019,0.6977569761695919,-1.8405496333974871,-1.8896421868229052,0.6806098222549954,-0.2993282770861807,0.28077929812808655
57429,26356,2022-02-14,1577,0.714544630720435,1,1.475184508150019,0.6977569761695919,-1.8405496333974871,-0.019175848800998225,-0.2856923636030562,0.6996558041873326,0.4575442571530539
57429,3692,2022-02-14,1572,0.712279111916629,1,1.475184508150019,0.6977569761695919,-1.8405496333974871,0.6439318106267775,0.25785456633257103,-0.07864312731911305,-0.1440393702229379
57429,1615,2022-02-14,1565,0.7091073855913004,1,1.475184508150019,0.6977569761695919,-1.8405496333974871,-2.5042164920481076,-0.30318802694138247,0.4919952608540541,0.1267673645259535
57429,54,2022-02-14,1561,0.7072949705482555,1,1.475184508150019,0.6977569761695919,-1.8405496333974871,-0.22309536242244626,0.2737730751497071,1.2794016135764323,-0.8081608082395766
57429,639,2022-02-14,1557,0.7054825555052107,1,1.475184508150019,0.6977569761695919,-1.8405496333974871,-3.20645700539862,-0.18187377861663467,0.08566248271141852,-0.5176128531698918
57429,5734,2022-02-14,1556,0.7050294517444495,1,1.475184508150019,0.6977569761695919,-1.8405496333974871,0.22049049512491775,0.7416747105241559,-0.6341330091228903,-0.8434293836092834
57429,145,2022-02-14,1553,0.7036701404621658,1,1.475184508150019,0.6977569761695919,-1.8405496333974871,-0.779418824311809,0.3714188386289603,-0.24975386432532787,0.4368968737885055
57429,136,2022-02-14,1530,0.6932487539646579,1,1.475184508150019,0.6977569761695919,-1.8405496333974871,1.5173661417113897,0.7759978787628704,-0.8838164411197287,-0.6571408080693004
571184990,2142862519,2022-03-16,7401,0.2973005543504459,0,-4.100680621678435,-0.23761051853767512,0.07416778300779114,-4.211111239561211,0.3182228454270426,-0.4812510115573474,0.20197905792307225
571184990,28402,2022-03-16,6647,0.26701213143729413,0,-4.100680621678435,-0.23761051853767512,0.07416778300779114,-3.2632303154343796,0.12496961019379249,-0.23703536139788106,-0.41121934953475225
571184990,15,2022-03-16,5615,0.22555635896199888,0,-4.100680621678435,-0.23761051853767512,0.07416778300779114,-5.665441166708157,0.12841278620718288,-0.18334331214590094,-0.05478578919754895
571184990,612176483,2022-03-16,5399,0.21687956937414637,0,-4.100680621678435,-0.23761051853767512,0.07416778300779114,-1.84438263762668,-0.24276321591125471,0.43189091386135026,-0.8030369447344867
571184990,47,2022-03-16,5218,0.2096087410621033,0,-4.100680621678435,-0.23761051853767512,0.07416778300779114,-5.60500812435676,-0.030397957317021884,0.08577662007847842,0.12922919506133113
571184990,8,2022-03-16,4768,0.19153209608741062,0,-4.100680621678435,-0.23761051853767512,0.07416778300779114,-5.529132852140705,-0.034029317677208404,-0.011248098877841173,-0.08890776112370702
571184990,445015,2022-03-16,4401,0.17678958785249457,0,-4.100680621678435,-0.23761051853767512,0.07416778300779114,-4.63478647300771,-0.07904018902271215,0.011264329635894299,-0.11584206512664075
571184990,5,2022-03-16,4167,0.16738973246565436,0,-4.100680621678435,-0.23761051853767512,0.07416778300779114,-6.644360255899504,0.051119552909268506,-0.07348754680441161,0.14802342198607477
571184990,101,2022-03-16,3950,0.1586727725556359,0,-4.100680621678435,-0.23761051853767512,0.07416778300779114,-4.344165696208799,-0.051004540872615856,0.06743593623102662,0.05288655145789356
571184990,711,2022-03-16,3696,0.148469510725476,0,-4.100680621678435,-0.23761051853767512,0.07416778300779114,-3.920414652894519,0.04552206254627711,-0.06758588768983209,-0.12750920993173054
571184990,9342,2022-03-16,3669,0.14738491202699447,0,-4.100680621678435,-0.23761051853767512,0.07416778300779114,-2.9135102224582674,-0.057944361172741043,0.708740782032999,1.4102607737570558
571184990,5745,2022-03-16,3583,0.14393026432071984,0,-4.100680621678435,-0.23761051853767512,0.07416778300779114,-2.6398887340816124,-0.2209965780017873,0.3648586606934838,0.3970220889796323
151708,150459,2022-04-15,52,0.348993288590604,0,1.2452627460854637,0.09986908677051054,-2.03688192726104,1.145861462993101,-0.03227345343920884,-1.8772816426662176,0.0
151708,86976,2022-04-15,48,0.3221476510067114,0,1.2452627460854637,0.09986908677051054,-2.03688192726104,2.098734919975594,,1.3862943611198906,-1.3862943611198906
151708,151158,2022-04-15,45,0.30201342281879195,0,1.2452627460854637,0.09986908677051054,-2.03688192726104,2.3166678806150616,,1.0986122886681098,0.0
108478,86976,2022-04-20,42,0.3111111111111111,0,,,1.791759469228055,2.098734919975594,,1.3862943611198906,-1.0986122886681098
179056,47,2022-05-01,11,0.6111111111111112,1,0.5251684757948641,-1.3596432650645196,-0.5065392905853061,-5.741562386053897,-0.049966255191049136,0.05894258998056934,-0.24487168173701868
179056,889,2022-05-01,9,0.5,1,0.5251684757948641,-1.3596432650645196,-0.5065392905853061,-2.7349946839605512,0.7714084156125498,-0.6984595310110784,-0.17992537509815598
179056,502,2022-05-01,8,0.4444444444444444,0,0.5251684757948641,-1.3596432650645196,-0.5065392905853061,-3.6136714585788625,0.04100966941660866,-0.08535037581479266,0.07521608213816933
179056,8,2022-05-01,8,0.4444444444444444,0,0.5251684757948641,-1.3596432650645196,-0.5065392905853061,-5.607122121828197,-0.0586323011285117,0.09589050198137805,-0.658875720755363
179056,137,2022-05-01,7,0.3888888888888889,0,0.5251684757948641,-1.3596432650645196,-0.5065392905853061,-2.5758251395594445,-0.4357883855723612,0.6498722073582286,0.09822750933751045
179056,2018450532,2022-05-01,7,0.3888888888888889,0,0.5251684757948641,-1.3596432650645196,-0.5065392905853061,-2.521006630190406,1.2992040252500594,-1.8923621169469929,0.5970387228994625
179056,2004429834,2022-05-01,7,0.3888888888888889,0,0.5251684757948641,-1.3596432650645196,-0.5065392905853061,-2.788165755723714,0.16631854328957685,-0.25033838113285967,-0.13014129176123213
179056,2114973344,2022-05-01,7,0.3888888888888889,0,0.5251684757948641,-1.3596432650645196,-0.5065392905853061,0.13413967590277578,-0.3930617840891738,0.438722329864647,-0.9743341015240707
179056,22765,2022-05-01,7,0.3888888888888889,0,0.5251684757948641,-1.3596432650645196,-0.5065392905853061,1.8509571415639676,-0.0057395349447224575,0.029852963149681777,-0.12629372532429217
179056,639,2022-05-01,7,0.3888888888888889,0,0.5251684757948641,-1.3596432650645196,-0.5065392905853061,-2.648205001086746,0.37494819685220193,-0.8468028387198974,-0.3347385550570614
179056,1394559056,2022-05-01,6,0.3333333333333333,0,0.5251684757948641,-1.3596432650645196,-0.5065392905853061,0.9442671159714764,0.16846743454015567,-0.20083779379991196,0.03301381207244347
1396889702,2142862519,2022-06-22,445,0.3617886178861789,0,-1.9833831774522457,1.6355946227600624,1.8691773846990563,-4.953732569262689,0.542665994681288,1.9042440906783398,0.48318362182591734
1396889702,28402,2022-06-22,410,0.3333333333333333,0,-1.9833831774522457,1.6355946227600624,1.8691773846990563,-4.5736995646157075,0.5057927412235657,1.9737407789407406,-0.21212903454060772
1396889702,445015,2022-06-22,360,0.2926829268292683,0,-1.9833831774522457,1.6355946227600624,1.8691773846990563,-4.994411067934019,-0.113855948914523,3.078071162519885,-0.9064866542864447
1396889702,15,2022-06-22,356,0.2894308943089431,0,-1.9833831774522457,1.6355946227600624,1.8691773846990563,-6.10037217088673,-0.593775659828153,3.430744351319417,-0.03310050828743094
1396889702,571184990,2022-06-22,313,0.25447154471544714,0,-1.9833831774522457,1.6355946227600624,1.8691773846990563,-3.9828458284290535,0.4031325126791572,2.30287510550594,-0.12986922156224523
1396889702,5745,2022-06-22,298,0.24227642276422764,0,-1.9833831774522457,1.6355946227600624,1.8691773846990563,-3.496791746187392,-0.5004311268879751,3.2441531572920397,0.3081381013487068
1396889702,2018450532,2022-06-22,272,0.22113821138211381,0,-1.9833831774522457,1.6355946227600624,1.8691773846990563,-3.3383078773107395,-1.7721162526268754,5.726453638203606,-0.19180822342319281
1396889702,502,2022-06-22,242,0.1967479674796748,0,-1.9833831774522457,1.6355946227600624,1.8691773846990563,-1.7850145003024873,1.9966631697726314,0.4597227213063988,-0.2078175149294239
1396889702,2142864304,2022-06-22,231,0.1878048780487805,0,-1.9833831774522457,1.6355946227600624,1.8691773846990563,-2.011275623204408,-0.17966492427138614,2.8143346595413172,-0.14939212308621563
1396889702,1199730922,2022-06-22,224,0.1821138211382114,0,-1.9833831774522457,1.6355946227600624,1.8691773846990563,-4.795056294583031,0.08459521483639687,2.6337641055472627,0.8185515815273856
1396889702,612176483,2022-06-22,221,0.1796747967479675,0,-1.9833831774522457,1.6355946227600624,1.8691773846990563,-1.0781008806509713,1.0698298344339996,1.6633267056550132,1.506775589710422
1396889702,397993501,2022-06-22,210,0.17073170731707318,0,-1.9833831774522457,1.6355946227600624,1.8691773846990563,-4.211229124021296,0.7785793659852738,2.108102491963045,-0.07448267835776612
137321,5745,2022-06-25,2325,0.7056145675265554,1,-0.7665358009685833,0.23391976544370063,0.49169935767246375,-3.45435476477991,-0.02180472771617703,1.9509942223474184,0.7979382057521587
137321,1392108845,2022-06-25,2111,0.6406676783004552,1,-0.7665358009685833,0.23391976544370063,0.49169935767246375,-1.1940447730507537,1.154663255460057,0.5423038967437233,-0.06955572017828793
137321,4534,2022-06-25,2097,0.6364188163884674,1,-0.7665358009685833,0.23391976544370063,0.49169935767246375,-0.5531447983434667,0.2648006051213545,0.5122634385356175,-0.7316901573267289
137321,432481,2022-06-25,2093,0.6352048558421851,1,-0.7665358009685833,0.23391976544370063,0.49169935767246375,-0.5538674384083533,0.3559186204258663,0.5026016750408955,-0.1852412668972887
137321,2817,2022-06-25,2089,0.6339908952959029,1,-0.7665358009685833,0.23391976544370063,0.49169935767246375,-0.49979426939971733,0.4054234152954888,0.4809726606163105,-0.1920068625284177
137321,22907,2022-06-25,2088,0.6336874051593323,1,-0.7665358009685833,0.23391976544370063,0.49169935767246375,-0.5447367942325697,0.2258742882273268,0.4889002631370243,-0.11023583002100068
137321,24398,2022-06-25,2087,0.6333839150227618,1,-0.7665358009685833,0.23391976544370063,0.49169935767246375,-0.6462239274634252,0.4791523077852182,0.4609980364132662,-0.055059777183027236
137321,3218,2022-06-25,2086,0.6330804248861912,1,-0.7665358009685833,0.23391976544370063,0.49169935767246375,-2.2894747641870734,0.3802289774321692,1.4560400811605927,0.10662619147802843
137321,4455,2022-06-25,2081,0.6315629742033384,1,-0.7665358009685833,0.23391976544370063,0.49169935767246375,-0.5746608550833733,0.31417996156049854,0.501405006636614,-0.17154242253912777
137321,15942,2022-06-25,2080,0.6312594840667678,1,-0.7665358009685833,0.23391976544370063,0.49169935767246375,-0.5304687475573152,0.33516365785828117,0.5169565239508502,-0.2122965530147498
137321,482617,2022-06-25,2078,0.6306525037936267,1,-0.7665358009685833,0.23391976544370063,0.49169935767246375,-0.7752862584774716,-0.06799890443669077,0.6054774215203622,-0.1579784356970224
137321,8195,2022-06-25,2078,0.6306525037936267,1,-0.7665358009685833,0.23391976544370063,0.49169935767246375,-0.5606228668503314,0.005760795660361473,0.4971418966800689,-0.03401688527825453
104634312,324984724,2022-06-25,3018,0.4343070945459778,0,-0.9839063815936266,0.3043730155336466,0.5616131469319798,-0.5848880002863776,0.3944521647060194,0.5138062519041284,-0.02197890671877545
104634312,5745,2022-06-25,2317,0.3334292703986185,0,-0.9839063815936266,0.3043730155336466,0.5616131469319798,-3.45435476477991,-0.02180472771617703,1.9509942223474184,0.7979382057521587
104634312,396073,2022-06-25,2236,0.32177291696647,0,-0.9839063815936266,0.3043730155336466,0.5616131469319798,-1.4864297561631041,0.31021255134820613,0.8156978056998021,-0.3280570396959286
104634312,1392108845,2022-06-25,2223,0.3199021441934091,0,-0.9839063815936266,0.3043730155336466,0.5616131469319798,-1.1940447730507537,1.154663255460057,0.5423038967437233,-0.06955572017828793
104634312,432481,2022-06-25,2171,0.31241905310116563,0,-0.9839063815936266,0.3043730155336466,0.5616131469319798,-0.5538674384083533,0.3559186204258663,0.5026016750408955,-0.1852412668972887
104634312,104169131,2022-06-25,2165,0.31155561951359906,0,-0.9839063815936266,0.3043730155336466,0.5616131469319798,-0.5660215873948481,0.23158011040510595,0.49086811131150476,-0.19928709095225106
104634312,313661,2022-06-25,2153,0.30982875233846596,0,-0.9839063815936266,0.3043730155336466,0.5616131469319798,-0.5718198431299532,0.3810129854579387,0.5257853688687382,-0.10341309537343069
104634312,58594608,2022-06-25,2145,0.3086775075550439,0,-0.9839063815936266,0.3043730155336466,0.5616131469319798,-0.5465059463604977,0.3131264351426223,0.5227953477414164,0.1271102185315227
104634312,26360,2022-06-25,2136,0.30738235717369405,0,-0.9839063815936266,0.3043730155336466,0.5616131469319798,-0.7733623564143824,0.10923425889085725,0.7004490620195343,-1.0024684281152076
104634312,468412982,2022-06-25,2122,0.30536767880270543,0,-0.9839063815936266,0.3043730155336466,0.5616131469319798,-0.5029245284361602,0.3796343794510848,0.4882710117923974,-0.2209593494993678
104634312,365,2022-06-25,2113,0.30407252842135557,0,-0.9839063815936266,0.3043730155336466,0.5616131469319798,-0.5532590627795468,0.28957041665412686,0.4814167681588879,-0.7355563624850392
104634312,398506290,2022-06-25,2111,0.30378471722550004,0,-0.9839063815936266,0.3043730155336466,0.5616131469319798,-0.5566082480481988,0.094181962791552,0.4832805682102945,-0.22466910462304757
116281,5745,2022-06-25,2346,0.7161172161172161,1,-0.7860450891750634,0.26833645293485997,0.5197762726165154,-3.45435476477991,-0.02180472771617703,1.9509942223474184,0.7979382057521587
116281,2817,2022-06-25,2125,0.6486568986568987,1,-0.7860450891750634,0.26833645293485997,0.5197762726165154,-0.49979426939971733,0.4054234152954888,0.4809726606163105,-0.1920068625284177
116281,1392108845,2022-06-25,2109,0.6437728937728938,1,-0.7860450891750634,0.26833645293485997,0.5197762726165154,-1.1940447730507537,1.154663255460057,0.5423038967437233,-0.06955572017828793
116281,4455,2022-06-25,2099,0.6407203907203908,1,-0.7860450891750634,0.26833645293485997,0.5197762726165154,-0.5746608550833733,0.31417996156049854,0.501405006636614,-0.17154242253912777
116281,11583,2022-06-25,2097,0.6401098901098901,1,-0.7860450891750634,0.26833645293485997,0.5197762726165154,-0.587054452189755,0.29548653390211976,0.538321812750274,0.07978711661783233
116281,22907,2022-06-25,2093,0.6388888888888888,1,-0.7860450891750634,0.26833645293485997,0.5197762726165154,-0.5447367942325697,0.2258742882273268,0.4889002631370243,-0.11023583002100068
116281,3309,2022-06-25,2090,0.6379731379731379,1,-0.7860450891750634,0.26833645293485997,0.5197762726165154,-0.5128358830805937,0.4133893809779319,0.4625087988812755,0.04491255668082239
116281,468412982,2022-06-25,2086,0.6367521367521367,1,-0.7860450891750634,0.26833645293485997,0.5197762726165154,-0.5029245284361602,0.3796343794510848,0.4882710117923974,-0.2209593494993678
116281,2589,2022-06-25,2084,0.6361416361416361,1,-0.7860450891750634,0.26833645293485997,0.5197762726165154,-0.616392628436774,0.2458407522924868,0.515222418502244,-0.36524030679765573
116281,4534,2022-06-25,2080,0.6349206349206349,1,-0.7860450891750634,0.26833645293485997,0.5197762726165154,-0.5531447983434667,0.2648006051213545,0.5122634385356175,-0.7316901573267289
116281,15942,2022-06-25,2080,0.6349206349206349,1,-0.7860450891750634,0.26833645293485997,0.5197762726165154,-0.5304687475573152,0.33516365785828117,0.5169565239508502,-0.2122965530147498
116281,313661,2022-06-25,2080,0.6349206349206349,1,-0.7860450891750634,0.26833645293485997,0.5197762726165154,-0.5718198431299532,0.3810129854579387,0.5257853688687382,-0.10341309537343069
398506290,324984724,2022-06-26,2414,0.34407069555302167,0,-1.2360908318163542,0.7596053046362187,-0.4150862696387776,-0.504711640730687,0.9548269354693278,-0.38712071047289687,-0.03106581957489052
398506290,5745,2022-06-26,2343,0.3339509692132269,0,-1.2360908318163542,0.7596053046362187,-0.4150862696387776,-3.449101949710478,-0.0006609104215100636,1.5338599101038106,0.8288893600204243
398506290,396073,2022-06-26,2313,0.3296750285062714,0,-1.2360908318163542,0.7596053046362187,-0.4150862696387776,-1.443905560629373,0.5910536769574406,0.010060706554197552,-0.40740121713503097
398506290,432481,2022-06-26,2254,0.32126567844925885,0,-1.2360908318163542,0.7596053046362187,-0.4150862696387776,-0.47178420321441533,0.951706140625662,-0.44810290380705187,-0.1899754063454031
398506290,58594608,2022-06-26,2249,0.32055302166476624,0,-1.2360908318163542,0.7596053046362187,-0.4150862696387776,-0.4648888478835813,0.9122378996182825,-0.39551477725499673,-0.5732066467635404
398506290,468412982,2022-06-26,2240,0.31927023945267957,0,-1.2360908318163542,0.7596053046362187,-0.4150862696387776,-0.42104085679590647,0.9603240440142544,-0.4026305243110375,-0.25733491606248915
398506290,1392108845,2022-06-26,2210,0.31499429874572404,0,-1.2360908318163542,0.7596053046362187,-0.4150862696387776,-1.1274746751988884,1.2709107291867154,-0.09898969646894784,0.13006429076891912
398506290,545742922,2022-06-26,2210,0.31499429874572404,0,-1.2360908318163542,0.7596053046362187,-0.4150862696387776,-0.5051284199976502,0.8340317991007424,-0.3135432110661167,-0.07385906113812446
398506290,313661,2022-06-26,2193,0.3125712656784493,0,-1.2360908318163542,0.7596053046362187,-0.4150862696387776,-0.48525748254808515,0.9414122536750751,-0.35644217829389024,-0.18034331678184845
398506290,104169131,2022-06-26,2175,0.31000570125427596,0,-1.2360908318163542,0.7596053046362187,-0.4150862696387776,-0.48300775988508204,0.8462964551369606,-0.408403536828569,-0.20170322007634045
398506290,4455,2022-06-26,2141,0.3051596351197263,0,-1.2360908318163542,0.7596053046362187,-0.4150862696387776,-0.4896234128069879,0.9003388175584861,-0.39160624443885705,-0.3001045924503387
398506290,39745,2022-06-26,2133,0.3040193842645382,0,-1.2360908318163542,0.7596053046362187,-0.4150862696387776,-0.8376012430670438,1.1297524682438587,0.14093517767880748,1.6094379124341005
89625,42,2022-07-08,859,0.6135714285714285,1,0.3136041744905189,0.7107974562872619,-0.7274676388953862,-3.8287124858119745,0.09648021438616139,-0.3306018226983074,-0.3680971482704454
89625,313,2022-07-08,838,0.5985714285714285,1,0.3136041744905189,0.7107974562872619,-0.7274676388953862,-0.659560503581617,0.06593264409827593,-0.5272778266062561,0.923944717982117
89625,2142864862,2022-07-08,823,0.5878571428571429,1,0.3136041744905189,0.7107974562872619,-0.7274676388953862,-1.878688561205724,0.045400710035623515,0.01381623936313936,-0.15155592859917633
89625,2142862519,2022-07-08,811,0.5792857142857143,1,0.3136041744905189,0.7107974562872619,-0.7274676388953862,-5.249896322577625,-0.2525477790025583,0.3285956510145791,-0.3954479083323612
89625,2142864304,2022-07-08,810,0.5785714285714286,1,0.3136041744905189,0.7107974562872619,-0.7274676388953862,-2.112710192284312,-0.10752207992293839,0.19783383450123893,0.18084812286023677
89625,2142865418,2022-07-08,809,0.5778571428571428,1,0.3136041744905189,0.7107974562872619,-0.7274676388953862,-1.8583674835998125,0.08134352418694757,-0.03441350825389655,-0.18679227496093276
89625,2142869226,2022-07-08,807,0.5764285714285714,1,0.3136041744905189,0.7107974562872619,-0.7274676388953862,-1.8363832688848005,0.11674611348748476,-0.07655067758557443,-0.1330403966148328
89625,2142865506,2022-07-08,803,0.5735714285714286,1,0.3136041744905189,0.7107974562872619,-0.7274676388953862,-1.871343666953787,0.007522064241567872,0.06464912418625346,-0.0993321992750964
89625,2122399466,2022-07-08,802,0.5728571428571428,1,0.3136041744905189,0.7107974562872619,-0.7274676388953862,-3.065393565607652,-0.9603920097983578,1.2495533505523824,-0.09768670268147162
89625,2122514680,2022-07-08,802,0.5728571428571428,1,0.3136041744905189,0.7107974562872619,-0.7274676388953862,-1.8523039143729054,0.029598785112123327,0.03360045110426313,-0.02906125328624576
89625,2142862748,2022-07-08,801,0.5721428571428572,1,0.3136041744905189,0.7107974562872619,-0.7274676388953862,-1.8890470397669914,0.027718778664012067,0.05303616772350139,-0.11040261711002941
89625,2143015613,2022-07-08,801,0.5721428571428572,1,0.3136041744905189,0.7107974562872619,-0.7274676388953862,-1.8510021737485467,0.028593697362624404,0.08045030617321025,-0.137500990443991
132055,4086,2022-07-08,28,0.717948717948718,1,0.3032777777024047,-0.15630573632503894,-0.7489107550783993,-0.09329913013254335,0.5416403306571586,-0.6601781302071261,-0.41390397675402824
132055,4539,2022-07-08,27,0.6923076923076923,1,0.3032777777024047,-0.15630573632503894,-0.7489107550783993,-0.12267582578823849,0.5233172530584291,-0.6544693064682168,-0.2204000653684588
132055,5745,2022-07-08,27,0.6923076923076923,1,0.3032777777024047,-0.15630573632503894,-0.7489107550783993,-3.3103084669988783,0.17064516826869092,-0.24253981196935293,-0.28773530783202794
132055,369,2022-07-08,27,0.6923076923076923,1,0.3032777777024047,-0.15630573632503894,-0.7489107550783993,-1.485019772922959,0.9016510788976271,-2.047914523703117,-0.10886849058112169
132055,2589,2022-07-08,27,0.6923076923076923,1,0.3032777777024047,-0.15630573632503894,-0.7489107550783993,-0.13907885442640688,0.5799458094824145,-0.680546073187041,-0.2634678143311868
132055,3310,2022-07-08,27,0.6923076923076923,1,0.3032777777024047,-0.15630573632503894,-0.7489107550783993,0.3767393052236278,0.17659027300326277,-0.8856506434990195,-2.0794415416798357
132055,4693,2022-07-08,26,0.6666666666666666,1,0.3032777777024047,-0.15630573632503894,-0.7489107550783993,0.19613296748317094,-0.20532508876945998,-0.8751456877629789,-3.8918202981106265
132055,10945,2022-07-08,26,0.6666666666666666,1,0.3032777777024047,-0.15630573632503894,-0.7489107550783993,0.2658559428032471,0.13383114073877683,-0.8489017099691782,-0.4054651081081645
132055,924,2022-07-08,26,0.6666666666666666,1,0.3032777777024047,-0.15630573632503894,-0.7489107550783993,0.06269447451745895,0.7271786384801483,-0.691720646794491,-0.2876820724517808
132055,3340,2022-07-08,26,0.6666666666666666,1,0.3032777777024047,-0.15630573632503894,-0.7489107550783993,-0.2951407232547463,0.2706269480796101,-0.629109070484752,-0.3746934494414109
132055,525,2022-07-08,26,0.6666666666666666,1,0.3032777777024047,-0.15630573632503894,-0.7489107550783993,-0.3159029907706527,0.43627648922385515,-0.6245327125588211,-0.3047765058110805
132055,358263,2022-07-08,26,0.6666666666666666,1,0.3032777777024047,-0.15630573632503894,-0.7489107550783993,-0.7946670351168592,-0.043168472547841064,-0.12173313472774439,-0.32572793986686843
52275,15,2022-07-11,64,0.3333333333333333,0,-0.0937253511973901,1.4326305978910359,-1.9435460817604326,-5.671495384620314,0.2515689034980513,-0.39585479181536165,-0.08422379564476046
52275,432481,2022-07-11,61,0.3177083333333333,0,-0.0937253511973901,1.4326305978910359,-1.9435460817604326,-0.2644691048744449,0.14965566169177724,0.21659079608638265,-0.37657609825602734
52275,432465,2022-07-11,58,0.3020833333333333,0,-0.0937253511973901,1.4326305978910359,-1.9435460817604326,-1.6472397453209386,0.14496011933593356,-0.02565019954460368,1.3328984417209053
52275,242853,2022-07-11,57,0.296875,0,-0.0937253511973901,1.4326305978910359,-1.9435460817604326,-1.723368757027242,0.23048116766000737,-0.29338814143514114,-0.0038937435365848927
52275,1204,2022-07-11,55,0.2864583333333333,0,-0.0937253511973901,1.4326305978910359,-1.9435460817604326,0.7863905891030075,0.6243481506682749,-1.122803870280432,0.5613779029288217
52275,432467,2022-07-11,43,0.22395833333333334,0,-0.0937253511973901,1.4326305978910359,-1.9435460817604326,2.0986572015225664,0.1091309936378182,-0.42285685082003344,-0.07410797215372211
52275,18592956,2022-07-11,43,0.22395833333333334,0,-0.0937253511973901,1.4326305978910359,-1.9435460817604326,1.9437496273459742,0.0704861640692831,-0.24256163717131107,0.3528213746227422
52275,13947458,2022-07-11,42,0.21875,0,-0.0937253511973901,1.4326305978910359,-1.9435460817604326,2.2245608054742,0.21967829119632043,-0.4547361571149473,0.029852963149681333
52275,58905118,2022-07-11,41,0.21354166666666666,0,-0.0937253511973901,1.4326305978910359,-1.9435460817604326,2.1130356605207434,0.11827003287043292,-0.3448404862917296,0.14310084364067333
52275,455,2022-07-11,41,0.21354166666666666,0,-0.0937253511973901,1.4326305978910359,-1.9435460817604326,0.7761319324540245,0.5763004554034332,-0.9393838448363345,-0.2839852105704548
52275,439988,2022-07-11,41,0.21354166666666666,0,-0.0937253511973901,1.4326305978910359,-1.9435460817604326,2.1708980381804723,0.1464970929854652,-0.3968813644167728,-0.1541506798272585
52275,13947484,2022-07-11,40,0.20833333333333334,0,-0.0937253511973901,1.4326305978910359,-1.9435460817604326,2.1879577366307794,0.3009265038988831,-0.30673026742247567,0.05001042057466165
346245,3340,2022-07-11,27,0.6,1,-0.023895574495448844,0.13636408976560352,-1.8525516654060041,-0.22013301369294005,0.10660422578858272,0.25553428895791797,-0.7164945445569364
346245,3310,2022-07-11,26,0.5777777777777777,1,-0.023895574495448844,0.13636408976560352,-1.8525516654060041,0.6343420121820074,0.6901102454130214,-1.6760035982634403,-1.8718021769015913
346245,3709,2022-07-11,26,0.5777777777777777,1,-0.023895574495448844,0.13636408976560352,-1.8525516654060041,0.09514956368373564,0.12276365563019258,-1.784154869842836,0.0
346245,5682,2022-07-11,26,0.5777777777777777,1,-0.023895574495448844,0.13636408976560352,-1.8525516654060041,-0.0206508881998689,0.38021922359818744,0.22217434554645976,-0.11824782767032804
346245,6691,2022-07-11,26,0.5777777777777777,1,-0.023895574495448844,0.13636408976560352,-1.8525516654060041,1.5093235923149417,1.545336558360198,-1.7625139011315936,-1.1786549963416462
346245,145865,2022-07-11,25,0.5555555555555556,1,-0.023895574495448844,0.13636408976560352,-1.8525516654060041,-0.14216756766212374,-0.04328206899783542,-1.7035667571925934,0.0
346245,460,2022-07-11,25,0.5555555555555556,1,-0.023895574495448844,0.13636408976560352,-1.8525516654060041,-0.8200712259788625,-0.5382676606974512,0.6102595207541777,0.628316645987681
346245,594,2022-07-11,25,0.5555555555555556,1,-0.023895574495448844,0.13636408976560352,-1.8525516654060041,0.2124718360092282,0.24862994855716497,-1.9771626925594177,0.4054651081081645
346245,4693,2022-07-11,25,0.5555555555555556,1,-0.023895574495448844,0.13636408976560352,-1.8525516654060041,0.7472861028279353,0.5439962473766486,-1.6675690889966708,-3.871201010907891
346245,8756,2022-07-11,25,0.5555555555555556,1,-0.023895574495448844,0.13636408976560352,-1.8525516654060041,1.2432767982991595,1.2821819833306456,-1.7864962991837805,0.6190392084062235
346245,5704,2022-07-11,25,0.5555555555555556,1,-0.023895574495448844,0.13636408976560352,-1.8525516654060041,-0.7374842226231066,-0.6060304155262757,0.5247891123533197,1.6426465834307535
346245,4086,2022-07-11,25,0.5555555555555556,1,-0.023895574495448844,0.13636408976560352,-1.8525516654060041,-0.022692751513465673,0.357062995452026,0.23068262848737575,-0.5405013919121071
1418361337,21917,2022-07-11,24,0.4,0,-0.0690823694259952,0.8100421108437047,-1.7035188357836955,0.9485670237917333,0.9803092230546372,-1.773506028918705,0.0
1418361337,5745,2022-07-11,23,0.38333333333333336,0,-0.0690823694259952,0.8100421108437047,-1.7035188357836955,-3.058324946755165,0.3421051078753705,-0.29195860556709974,-0.82010744374894
1418361337,5034,2022-07-11,22,0.36666666666666664,0,-0.0690823694259952,0.8100421108437047,-1.7035188357836955,0.7918448678527242,0.8100130329977789,-1.8011240861590974,0.0
1418361337,275241,2022-07-11,22,0.36666666666666664,0,-0.0690823694259952,0.8100421108437047,-1.7035188357836955,-1.7202308135638795,0.17787187074199284,-0.38307250119388847,2.053795464594005
1418361337,828590350,2022-07-11,22,0.36666666666666664,0,-0.0690823694259952,0.8100421108437047,-1.7035188357836955,0.9267327850212005,1.0011706560963352,-1.2807088988859272,-0.6931471805599454
1418361337,220288062,2022-07-11,22,0.36666666666666664,0,-0.0690823694259952,0.8100421108437047,-1.7035188357836955,0.9239500163439934,0.9421291290193666,-1.1728202958341694,-1.3862943611198904
1418361337,581,2022-07-11,22,0.36666666666666664,0,-0.0690823694259952,0.8100421108437047,-1.7035188357836955,1.324673140507182,1.1367498433853478,-1.1624238014130635,-1.4900911548015343
1418361337,10945,2022-07-11,21,0.35,0,-0.0690823694259952,0.8100421108437047,-1.7035188357836955,1.4141998289163573,1.4133250133771986,-1.8782999255591113,0.2876820724517808
1418361337,177,2022-07-11,21,0.35,0,-0.0690823694259952,0.8100421108437047,-1.7035188357836955,-0.39322912464530235,0.47007346548299667,-0.6921720464017396,-0.3019332381489619
1418361337,774,2022-07-11,21,0.35,0,-0.0690823694259952,0.8100421108437047,-1.7035188357836955,1.4733076684684938,1.1681951287012793,-1.4430296736207584,1.252762968495368
1418361337,3803,2022-07-11,21,0.35,0,-0.0690823694259952,0.8100421108437047,-1.7035188357836955,0.13600449649273466,0.17739922159673366,-1.9328380674879604,0.0
1418361337,26360,2022-07-11,21,0.35,0,-0.0690823694259952,0.8100421108437047,-1.7035188357836955,-0.37065522560300274,0.24344284057008597,0.20523771552039882,-0.8216034110124211
145865,566,2022-07-11,29,0.5686274509803921,1,-0.09888549866428832,-0.04328206899783542,-1.7035667571925934,0.289872470062135,1.1404971762610048,-1.4133071603659593,-0.11153190956236791
145865,3310,2022-07-11,29,0.5686274509803921,1,-0.09888549866428832,-0.04328206899783542,-1.7035667571925934,0.6343420121820074,0.6901102454130214,-1.6760035982634403,-1.8718021769015913
145865,24398,2022-07-11,28,0.5490196078431373,1,-0.09888549866428832,-0.04328206899783542,-1.7035667571925934,-0.352180742463661,0.15477016983181585,0.29716951928567337,-0.5089720551166685
145865,184224,2022-07-11,28,0.5490196078431373,1,-0.09888549866428832,-0.04328206899783542,-1.7035667571925934,0.6873740666828599,1.0727079253038967,-1.0902962324264518,-0.9622520398431096
145865,50,2022-07-11,27,0.5294117647058824,1,-0.09888549866428832,-0.04328206899783542,-1.7035667571925934,-0.8994239293078324,-0.3290146737125146,0.04797722208742794,-1.4249118368809714
145865,924,2022-07-11,27,0.5294117647058824,1,-0.09888549866428832,-0.04328206899783542,-1.7035667571925934,0.10184474492303223,0.4992868789911802,0.21892886543571954,-0.32626806644697126
145865,5682,2022-07-11,27,0.5294117647058824,1,-0.09888549866428832,-0.04328206899783542,-1.7035667571925934,-0.0206508881998689,0.38021922359818744,0.22217434554645976,-0.11824782767032804
145865,3220,2022-07-11,27,0.5294117647058824,1,-0.09888549866428832,-0.04328206899783542,-1.7035667571925934,1.360543786065116,0.9758472261556171,-1.4012098918763378,0.9903987040278768
145865,8141,2022-07-11,27,0.5294117647058824,1,-0.09888549866428832,-0.04328206899783542,-1.7035667571925934,1.1971193046012107,1.356184310166562,-2.017700225163326,0.0
145865,4925,2022-07-11,27,0.5294117647058824,1,-0.09888549866428832,-0.04328206899783542,-1.7035667571925934,-0.5355521195263117,0.17720650783112646,-0.13527507222934787,-0.25118491976554047
145865,184281,2022-07-11,27,0.5294117647058824,1,-0.09888549866428832,-0.04328206899783542,-1.7035667571925934,1.2946668627019293,1.1472821178774177,-1.130836020335309,2.1400661634962708
145865,369,2022-07-11,27,0.5294117647058824,1,-0.09888549866428832,-0.04328206899783542,-1.7035667571925934,-1.2783661460027642,1.1563893820450084,-2.262639020034033,-0.30260083348027145
54308,774,2022-07-12,25,0.25252525252525254,0,-0.058628411751327957,0.43014432533287633,-3.109518729525889,1.6953293027260974,1.6002871311482694,-2.244356588094253,1.1837700970084164
54308,5404,2022-07-12,25,0.25252525252525254,0,-0.058628411751327957,0.43014432533287633,-3.109518729525889,0.29868906960186103,0.3369602885660326,-3.0311443117772465,0.0
54308,8781,2022-07-12,25,0.25252525252525254,0,-0.058628411751327957,0.43014432533287633,-3.109518729525889,1.8831058256602229,1.8171047312815816,-2.519124607098342,-0.47290638890369685
54308,600923975,2022-07-12,25,0.25252525252525254,0,-0.058628411751327957,0.43014432533287633,-3.109518729525889,-1.0481023474052047,-0.570778918334198,0.6717903930253337,-0.07410797215372167
54308,21917,2022-07-12,24,0.24242424242424243,0,-0.058628411751327957,0.43014432533287633,-3.109518729525889,1.9317212346136712,1.9879545418945135,-3.2569303571312997,0.0
54308,6149,2022-07-12,24,0.24242424242424243,0,-0.058628411751327957,0.43014432533287633,-3.109518729525889,0.07155254504345221,0.10596939457121131,-2.6561517629745586,1.6094379124341003
54308,2817,2022-07-12,24,0.24242424242424243,0,-0.058628411751327957,0.43014432533287633,-3.109518729525889,0.0788461829875188,0.5694464066299102,-0.004038777703191165,-0.5316597106688326
54308,543,2022-07-12,23,0.23232323232323232,0,-0.058628411751327957,0.43014432533287633,-3.109518729525889,-3.2457363914679362,-0.26149479185806124,0.3370396917217633,-0.24754494212125167
54308,11583,2022-07-12,23,0.23232323232323232,0,-0.058628411751327957,0.43014432533287633,-3.109518729525889,0.004232955988361901,0.5632142147381884,-0.010756922778607958,-0.6962673078961892
54308,471132,2022-07-12,23,0.23232323232323232,0,-0.058628411751327957,0.43014432533287633,-3.109518729525889,-1.1694381036569153,-0.27383698653749255,1.7148289619769077,0.4270486797753392
54308,1081,2022-07-12,23,0.23232323232323232,0,-0.058628411751327957,0.43014432533287633,-3.109518729525889,-1.9233206752061442,0.5334132446100965,-0.7674874931344284,-1.577892212047086
54308,325515999,2022-07-12,23,0.23232323232323232,0,-0.058628411751327957,0.43014432533287633,-3.109518729525889,-1.0491940455902156,-0.002489401822127313,-0.10833663326726217,0.16044717058742552
98989,42,2022-07-12,672,0.7813953488372093,1,0.06316673056608145,1.3562905685849949,-1.9881105035456903,-4.027737847282792,-0.03811270832967084,-0.5796053953895655,-0.7479909138560288
98989,313,2022-07-12,651,0.7569767441860465,1,0.06316673056608145,1.3562905685849949,-1.9881105035456903,-0.6605440245654026,0.10089737479984595,-0.5657523451623767,0.8451055840562205
98989,2142865418,2022-07-12,649,0.7546511627906977,1,0.06316673056608145,1.3562905685849949,-1.9881105035456903,-1.7521845096164586,0.23968430555533837,-0.35197159281101165,-0.32964147173896663
98989,2142862519,2022-07-12,648,0.7534883720930232,1,0.06316673056608145,1.3562905685849949,-1.9881105035456903,-5.247241434408484,-0.09715275469581908,0.14149844613616125,-0.5215985744219278
98989,2142864304,2022-07-12,648,0.7534883720930232,1,0.06316673056608145,1.3562905685849949,-1.9881105035456903,-1.998413071631785,0.12912910148364332,-0.22548661127343195,0.10822107979648798
98989,2116182225,2022-07-12,646,0.7511627906976744,1,0.06316673056608145,1.3562905685849949,-1.9881105035456903,-1.7758400306049023,0.2975891788324776,-0.443151385208024,-0.4555485749982804
98989,2142864862,2022-07-12,643,0.7476744186046511,1,0.06316673056608145,1.3562905685849949,-1.9881105035456903,-1.7854291020071453,0.21804981462127482,-0.32193173107047635,-0.22467079909458043
98989,2142869226,2022-07-12,640,0.7441860465116279,1,0.06316673056608145,1.3562905685849949,-1.9881105035456903,-1.7431800148052037,0.2331368114962986,-0.3471546807355619,-0.17661676357092304
98989,2142884713,2022-07-12,640,0.7441860465116279,1,0.06316673056608145,1.3562905685849949,-1.9881105035456903,-1.7744913325873448,0.16397133474971604,-0.25139740550370604,-0.2533479349022745
98989,2142865506,2022-07-12,638,0.7418604651162791,1,0.06316673056608145,1.3562905685849949,-1.9881105035456903,-1.763618803722137,0.17590350277429145,-0.28546699280272847,-0.24289449895353243
98989,2142879863,2022-07-12,638,0.7418604651162791,1,0.06316673056608145,1.3562905685849949,-1.9881105035456903,-1.7150697049516395,0.222464145735636,-0.377317328230081,-0.20117639086730676
98989,2142911275,2022-07-12,638,0.7418604651162791,1,0.06316673056608145,1.3562905685849949,-1.9881105035456903,-1.739982499694523,0.21866813525639972,-0.3544884679778626,-0.21191378703633035
55456,15,2022-07-12,68,0.4722222222222222,0,-0.13086845031834674,0.34716746288518285,-2.9873640238834738,-5.708066483075981,0.1666469514405291,-0.3007322507596957,-0.15199507658871525
55456,774,2022-07-12,33,0.22916666666666666,0,-0.13086845031834674,0.34716746288518285,-2.9873640238834738,1.6953293027260974,1.6002871311482694,-2.244356588094253,1.1837700970084164
55456,889,2022-07-12,32,0.2222222222222222,0,-0.13086845031834674,0.34716746288518285,-2.9873640238834738,-2.441067263451828,0.8599075357538397,-0.5865227398754289,0.2647776253197147
55456,8589,2022-07-12,27,0.1875,0,-0.13086845031834674,0.34716746288518285,-2.9873640238834738,1.1819490009690257,1.1133703404468487,-1.5621850275835545,-0.2714215515800005
55456,9312,2022-07-12,27,0.1875,0,-0.13086845031834674,0.34716746288518285,-2.9873640238834738,2.0252851581359645,1.908670594372456,-2.581775329295513,-1.3862943611198906
55456,449,2022-07-12,26,0.18055555555555555,0,-0.13086845031834674,0.34716746288518285,-2.9873640238834738,0.8953815789543038,1.0110857972602378,-1.3704962442432995,-0.3632228029098634
55456,5688,2022-07-12,26,0.18055555555555555,0,-0.13086845031834674,0.34716746288518285,-2.9873640238834738,0.5680239646882107,0.7129740877896291,-0.937660757610348,-0.7374115192711734
55456,365,2022-07-12,26,0.18055555555555555,0,-0.13086845031834674,0.34716746288518285,-2.9873640238834738,-0.07740425480397531,0.442833550924138,0.06888894298966353,0.48980625654191545
55456,460,2022-07-12,26,0.18055555555555555,0,-0.13086845031834674,0.34716746288518285,-2.9873640238834738,-0.783018604605578,-0.3986667877780002,0.4618918227103599,0.5820800868689986
55456,189,2022-07-12,26,0.18055555555555555,0,-0.13086845031834674,0.34716746288518285,-2.9873640238834738,1.643064217989976,1.6090272982107123,-2.0315574554474027,-1.299282984130261
55456,2932,2022-07-12,26,0.18055555555555555,0,-0.13086845031834674,0.34716746288518285,-2.9873640238834738,0.8434075338221967,0.9089331445186402,-2.8701690505786455,-2.803360380906535
55456,3340,2022-07-12,26,0.18055555555555555,0,-0.13086845031834674,0.34716746288518285,-2.9873640238834738,-0.07393793290804952,0.40631704791192785,0.006212486329965294,-0.685656508830788
1982608547,657155370,2022-07-12,21,0.8076923076923077,1,-0.09714509779889573,0.5492310173259077,-3.2569970326880653,-1.4976523202515029,0.5325722216987667,-1.1568542779600541,-0.050405171663761905
1982608547,3340,2022-07-12,21,0.8076923076923077,1,-0.09714509779889573,0.5492310173259077,-3.2569970326880653,-0.07393793290804952,0.40631704791192785,0.006212486329965294,-0.685656508830788
1982608547,357886,2022-07-12,21,0.8076923076923077,1,-0.09714509779889573,0.5492310173259077,-3.2569970326880653,0.7089076203016779,0.8616492662884148,-3.0680529351336174,-0.18384944097200773
1982608547,40,2022-07-12,21,0.8076923076923077,1,-0.09714509779889573,0.5492310173259077,-3.2569970326880653,-3.7039526488503047,0.16249788317405134,-0.21876302003839854,-0.3401750048200878
1982608547,8141,2022-07-12,21,0.8076923076923077,1,-0.09714509779889573,0.5492310173259077,-3.2569970326880653,1.6012362388595485,1.7483151188089374,-2.8585578896509674,0.0
1982608547,57402,2022-07-12,21,0.8076923076923077,1,-0.09714509779889573,0.5492310173259077,-3.2569970326880653,0.3900693348585519,0.4307114211324633,-3.122828531357042,0.6931471805599453
1982608547,581,2022-07-12,21,0.8076923076923077,1,-0.09714509779889573,0.5492310173259077,-3.2569970326880653,1.5026425296193895,1.421167663720654,-1.7776823553372179,-1.4663370687934267
1982608547,324984724,2022-07-12,21,0.8076923076923077,1,-0.09714509779889573,0.5492310173259077,-3.2569970326880653,-0.015488850455568356,0.5686520553791912,-0.012696212365407966,-0.47378435208564174
1982608547,664868651,2022-07-12,20,0.7692307692307693,1,-0.09714509779889573,0.5492310173259077,-3.2569970326880653,-1.663915292103381,0.6390012599482364,-1.0485539453927561,0.2861831282452538
1982608547,8756,2022-07-12,20,0.7692307692307693,1,-0.09714509779889573,0.5492310173259077,-3.2569970326880653,1.8424008640635858,1.8847163155460018,-2.6234601328015907,0.6190392084062235
1982608547,89625,2022-07-12,20,0.7692307692307693,1,-0.09714509779889573,0.5492310173259077,-3.2569970326880653,1.5457346089816897,1.5199812963122459,-2.248630098871635,2.59338729278207
1982608547,5688,2022-07-12,20,0.7692307692307693,1,-0.09714509779889573,0.5492310173259077,-3.2569970326880653,0.5680239646882107,0.7129740877896291,-0.937660757610348,-0.7374115192711734
295524,2932,2022-07-12,45,0.7258064516129032,1,-0.05373294281127269,0.23830085683329025,-2.863343085508246,0.8434075338221967,0.9089331445186402,-2.8701690505786455,-2.803360380906535
295524,32441,2022-07-12,45,0.7258064516129032,1,-0.05373294281127269,0.23830085683329025,-2.863343085508246,0.16728378896697751,0.7284980069089332,0.012739025777429802,-0.3978605087229452
295524,5557,2022-07-12,44,0.7096774193548387,1,-0.05373294281127269,0.23830085683329025,-2.863343085508246,1.9867510864056277,1.776465963777408,-2.3432368602605065,-0.15415067982725805
295524,2908,2022-07-12,44,0.7096774193548387,1,-0.05373294281127269,0.23830085683329025,-2.863343085508246,1.6021019853197134,1.631328652001311,-2.10969945772034,5.4116460518550396
295524,9670,2022-07-12,44,0.7096774193548387,1,-0.05373294281127269,0.23830085683329025,-2.863343085508246,1.590313809201,1.5799518629739255,-2.380983432257594,0.7731898882334818
295524,146037,2022-07-12,44,0.7096774193548387,1,-0.05373294281127269,0.23830085683329025,-2.863343085508246,0.3337346161978386,0.37606073944504537,-3.0433603225432453,1.3862943611198906
295524,98989,2022-07-12,44,0.7096774193548387,1,-0.05373294281127269,0.23830085683329025,-2.863343085508246,1.4194572991510763,1.3562905685849949,-1.9881105035456903,2.302585092994046
295524,616,2022-07-12,43,0.6935483870967742,1,-0.05373294281127269,0.23830085683329025,-2.863343085508246,1.5446264869563444,1.3950586933631244,-2.045129396691057,0.3713321017387061
295524,2560,2022-07-12,43,0.6935483870967742,1,-0.05373294281127269,0.23830085683329025,-2.863343085508246,-0.08128160621511968,0.6281742350524612,-0.11330255893373398,-0.7028654300288668
295524,6813,2022-07-12,42,0.6774193548387096,1,-0.05373294281127269,0.23830085683329025,-2.863343085508246,0.9712773512135416,1.0103063663194751,-0.9767686508369557,0.2585305628985326
295524,3051,2022-07-12,42,0.6774193548387096,1,-0.05373294281127269,0.23830085683329025,-2.863343085508246,1.3273958751684216,1.2075958708132102,-1.524660305129668,3.6216707044204863
295524,177,2022-07-12,42,0.6774193548387096,1,-0.05373294281127269,0.23830085683329025,-2.863343085508246,-0.3534400547293271,0.5473979236910671,-0.7921199055041699,-0.319056483706853
66572,3186,2022-07-21,15,0.5172413793103449,1,2.6238271369876505,-2.8020593861753476,4.388257184424518,1.2510211377143707,1.9701002464181592,-0.7752121336142492,0.6931471805599453
66572,49468,2022-07-21,15,0.5172413793103449,1,2.6238271369876505,-2.8020593861753476,4.388257184424518,-1.5944607570852976,-2.8489434540665073,0.19306609607693126,-2.8903717578961645
66572,164454,2022-07-21,15,0.5172413793103449,1,2.6238271369876505,-2.8020593861753476,4.388257184424518,2.6238271369876505,1.3728059992732797,-3.6375861597263857,-1.0986122886681098
66572,31083,2022-07-21,15,0.5172413793103449,1,2.6238271369876505,-2.8020593861753476,4.388257184424518,1.298235393380013,-0.03557857409922449,0.20346399336776422,-0.35667494393873245
66572,78476,2022-07-21,14,0.4827586206896552,0,2.6238271369876505,-2.8020593861753476,4.388257184424518,-0.42554613276010383,0.2654724369801304,1.3061206176078652,0.0
66572,3015,2022-07-21,14,0.4827586206896552,0,2.6238271369876505,-2.8020593861753476,4.388257184424518,-0.13181875576501023,-2.640086954364654,2.7212954278522306,1.9459101490553132
66572,43300,2022-07-21,14,0.4827586206896552,0,2.6238271369876505,-2.8020593861753476,4.388257184424518,-0.5241978258280662,,5.673323267171493,0.2876820724517808
66572,92480,2022-07-21,14,0.4827586206896552,0,2.6238271369876505,-2.8020593861753476,4.388257184424518,-1.43634959010668,,6.786716950605081,0.0
66572,40798,2022-07-21,14,0.4827586206896552,0,2.6238271369876505,-2.8020593861753476,4.388257184424518,2.6238271369876505,0.0,0.4054651081081645,0.4054651081081645
324984724,104634312,2022-07-22,3018,0.3793840351979887,0,-0.17217601146193248,0.21876054393248345,-0.8191978318925974,0.034019682023288575,0.22789184772165155,-0.9044041732554575,-0.5946059801741734
324984724,398506290,2022-07-22,2414,0.3034569453174104,0,-0.17217601146193248,0.21876054393248345,-0.8191978318925974,0.10958770526270399,0.44276579992120635,-0.8872073866175967,0.07830085041375856
324984724,1392108845,2022-07-22,2365,0.2972972972972973,0,-0.17217601146193248,0.21876054393248345,-0.8191978318925974,-1.2316682483135346,0.3477766954780297,-0.446745314504124,0.36957428907266454
324984724,5745,2022-07-22,2322,0.2918918918918919,0,-0.17217601146193248,0.21876054393248345,-0.8191978318925974,-2.5954573740722884,0.7148510929265899,-0.6998471322974975,0.5589936534531645
324984724,396073,2022-07-22,2251,0.28296668761785043,0,-0.17217601146193248,0.21876054393248345,-0.8191978318925974,-0.6140261816670076,1.8782546751070202,-1.225240738938191,0.7090837728227584
324984724,3218,2022-07-22,2215,0.278441231929604,0,-0.17217601146193248,0.21876054393248345,-0.8191978318925974,-2.3059494172035992,-0.058806256189427586,0.0716248152139709,0.11219252493949838
324984724,58594608,2022-07-22,2210,0.27781269641734757,0,-0.17217601146193248,0.21876054393248345,-0.8191978318925974,0.18414511783233614,0.30119527268911267,-0.9482037462236113,0.6023007077863731
324984724,432481,2022-07-22,2202,0.2768070395977373,0,-0.17217601146193248,0.21876054393248345,-0.8191978318925974,0.17882103492491272,0.5089145949124698,-0.9125100090342491,0.23052365861183244
324984724,313661,2022-07-22,2201,0.276681332495286,0,-0.17217601146193248,0.21876054393248345,-0.8191978318925974,0.1499953067133755,0.17838887767437472,-0.8277313895652734,0.14448158255523325
324984724,104169131,2022-07-22,2199,0.2764299182903834,0,-0.17217601146193248,0.21876054393248345,-0.8191978318925974,0.1599447211134122,0.31506287724601323,-0.8149190527775616,0.23556607131276674
324984724,468412982,2022-07-22,2197,0.27617850408548084,0,-0.17217601146193248,0.21876054393248345,-0.8191978318925974,0.14147811072965338,0.12457224778507836,-0.9010938751567235,0.2876820724517808
324984724,545742922,2022-07-22,2146,0.26976744186046514,0,-0.17217601146193248,0.21876054393248345,-0.8191978318925974,0.19987384486255114,0.31630191567766874,-0.8750495380184802,0.22103606897464534
482617,5745,2022-07-22,2362,0.43708364174685416,0,-0.31606151517725767,0.43390982185647853,-0.9435258924817571,-2.5954573740722884,0.7148510929265899,-0.6998471322974975,0.5589936534531645
482617,104169131,2022-07-22,2331,0.43134715025906734,0,-0.31606151517725767,0.43390982185647853,-0.9435258924817571,0.1599447211134122,0.31506287724601323,-0.8149190527775616,0.23556607131276674
482617,313661,2022-07-22,2267,0.4195040710584752,0,-0.31606151517725767,0.43390982185647853,-0.9435258924817571,0.1499953067133755,0.17838887767437472,-0.8277313895652734,0.14448158255523325
482617,1392108845,2022-07-22,2196,0.4063656550703183,0,-0.31606151517725767,0.43390982185647853,-0.9435258924817571,-1.2316682483135346,0.3477766954780297,-0.446745314504124,0.36957428907266454
482617,396073,2022-07-22,2186,0.40451517394522574,0,-0.31606151517725767,0.43390982185647853,-0.9435258924817571,-0.6140261816670076,1.8782546751070202,-1.225240738938191,0.7090837728227584
482617,58594608,2022-07-22,2178,0.4030347890451517,0,-0.31606151517725767,0.43390982185647853,-0.9435258924817571,0.18414511783233614,0.30119527268911267,-0.9482037462236113,0.6023007077863731
482617,432481,2022-07-22,2159,0.39951887490747595,0,-0.31606151517725767,0.43390982185647853,-0.9435258924817571,0.17882103492491272,0.5089145949124698,-0.9125100090342491,0.23052365861183244
482617,468412982,2022-07-22,2146,0.39711324944485565,0,-0.31606151517725767,0.43390982185647853,-0.9435258924817571,0.14147811072965338,0.12457224778507836,-0.9010938751567235,0.2876820724517808
482617,4455,2022-07-22,2132,0.3945225758697261,0,-0.31606151517725767,0.43390982185647853,-0.9435258924817571,0.10682949237014729,0.35817766401394485,-0.8290053645013149,0.19900124599261027
482617,26360,2022-07-22,2131,0.39433752775721687,0,-0.31606151517725767,0.43390982185647853,-0.9435258924817571,-0.02283833216725717,0.3614159741865845,-0.7424212840044451,0.635988766719997
482617,324984724,2022-07-22,2128,0.39378238341968913,0,-0.31606151517725767,0.43390982185647853,-0.9435258924817571,0.04658453247055096,0.21876054393248345,-0.8191978318925974,0.08338160893905044
482617,365,2022-07-22,2119,0.39211695040710587,0,-0.31606151517725767,0.43390982185647853,-0.9435258924817571,0.15294071994352038,0.3926532127617412,-0.7717160486151808,0.06730368189610658
104169131,313661,2022-07-22,2427,0.32446524064171123,0,-0.155118156132601,0.31506287724601323,-0.8149190527775616,0.1499953067133755,0.17838887767437472,-0.8277313895652734,0.14448158255523325
104169131,396073,2022-07-22,2348,0.313903743315508,0,-0.155118156132601,0.31506287724601323,-0.8149190527775616,-0.6140261816670076,1.8782546751070202,-1.225240738938191,0.7090837728227584
104169131,482617,2022-07-22,2331,0.31163101604278076,0,-0.155118156132601,0.31506287724601323,-0.8149190527775616,0.11784830667922089,0.43390982185647853,-0.9435258924817571,-0.7314380935532601
104169131,5745,2022-07-22,2314,0.3093582887700535,0,-0.155118156132601,0.31506287724601323,-0.8149190527775616,-2.5954573740722884,0.7148510929265899,-0.6998471322974975,0.5589936534531645
104169131,58594608,2022-07-22,2311,0.3089572192513369,0,-0.155118156132601,0.31506287724601323,-0.8149190527775616,0.18414511783233614,0.30119527268911267,-0.9482037462236113,0.6023007077863731
104169131,432481,2022-07-22,2303,0.30788770053475933,0,-0.155118156132601,0.31506287724601323,-0.8149190527775616,0.17882103492491272,0.5089145949124698,-0.9125100090342491,0.23052365861183244
104169131,1392108845,2022-07-22,2258,0.3018716577540107,0,-0.155118156132601,0.31506287724601323,-0.8149190527775616,-1.2316682483135346,0.3477766954780297,-0.446745314504124,0.36957428907266454
104169131,468412982,2022-07-22,2257,0.3017379679144385,0,-0.155118156132601,0.31506287724601323,-0.8149190527775616,0.14147811072965338,0.12457224778507836,-0.9010938751567235,0.2876820724517808
104169131,324984724,2022-07-22,2199,0.29398395721925136,0,-0.155118156132601,0.31506287724601323,-0.8149190527775616,0.04658453247055096,0.21876054393248345,-0.8191978318925974,0.08338160893905044
104169131,398506290,2022-07-22,2175,0.2907754010695187,0,-0.155118156132601,0.31506287724601323,-0.8149190527775616,0.10958770526270399,0.44276579992120635,-0.8872073866175967,0.07830085041375856
104169131,545742922,2022-07-22,2169,0.28997326203208557,0,-0.155118156132601,0.31506287724601323,-0.8149190527775616,0.19987384486255114,0.31630191567766874,-0.8750495380184802,0.22103606897464534
104169131,104634312,2022-07-22,2165,0.2894385026737968,0,-0.155118156132601,0.31506287724601323,-0.8149190527775616,0.034019682023288575,0.22789184772165155,-0.9044041732554575,-0.5946059801741734
58594608,432481,2022-07-22,2653,0.2766711857336531,0,-0.11705015485677653,0.30119527268911267,-0.9482037462236113,0.17882103492491272,0.5089145949124698,-0.9125100090342491,0.23052365861183244
58594608,1392108845,2022-07-22,2597,0.2708311607049744,0,-0.11705015485677653,0.30119527268911267,-0.9482037462236113,-1.2316682483135346,0.3477766954780297,-0.446745314504124,0.36957428907266454
58594608,5745,2022-07-22,2506,0.26134112003337157,0,-0.11705015485677653,0.30119527268911267,-0.9482037462236113,-2.5954573740722884,0.7148510929265899,-0.6998471322974975,0.5589936534531645
58594608,468412982,2022-07-22,2478,0.25842110751903224,0,-0.11705015485677653,0.30119527268911267,-0.9482037462236113,0.14147811072965338,0.12457224778507836,-0.9010938751567235,0.2876820724517808
58594608,396073,2022-07-22,2428,0.25320679945771196,0,-0.11705015485677653,0.30119527268911267,-0.9482037462236113,-0.6140261816670076,1.8782546751070202,-1.225240738938191,0.7090837728227584
58594608,2560,2022-07-22,2413,0.2516425070393159,0,-0.11705015485677653,0.30119527268911267,-0.9482037462236113,-0.5075672487023086,-0.26936547948219647,-0.22615727395369856,-0.1320421890730552
58594608,545742922,2022-07-22,2393,0.24955678381478777,0,-0.11705015485677653,0.30119527268911267,-0.9482037462236113,0.19987384486255114,0.31630191567766874,-0.8750495380184802,0.22103606897464534
58594608,8270,2022-07-22,2347,0.24475962039837312,0,-0.11705015485677653,0.30119527268911267,-0.9482037462236113,0.09854620069649134,0.40313397595807743,-0.8848983842227245,0.31087668943224944
58594608,313661,2022-07-22,2340,0.2440296172697883,0,-0.11705015485677653,0.30119527268911267,-0.9482037462236113,0.1499953067133755,0.17838887767437472,-0.8277313895652734,0.14448158255523325
58594608,5383,2022-07-22,2313,0.24121389091667536,0,-0.11705015485677653,0.30119527268911267,-0.9482037462236113,0.14429200607265383,0.35183339018208515,-0.9380144947086206,-0.3852624007906451
58594608,104169131,2022-07-22,2311,0.24100531859422256,0,-0.11705015485677653,0.30119527268911267,-0.9482037462236113,0.1599447211134122,0.31506287724601323,-0.8149190527775616,0.23556607131276674
58594608,39745,2022-07-22,2296,0.23944102617582647,0,-0.11705015485677653,0.30119527268911267,-0.9482037462236113,-0.14668606250027622,0.3595939984367426,-0.6254103276597212,-1.1567483152557791
545742922,468412982,2022-07-22,2662,0.391528165906751,0,-0.11642807081511759,0.31630191567766874,-0.8750495380184802,0.14147811072965338,0.12457224778507836,-0.9010938751567235,0.2876820724517808
545742922,58594608,2022-07-22,2393,0.3519635240476541,0,-0.11642807081511759,0.31630191567766874,-0.8750495380184802,0.18414511783233614,0.30119527268911267,-0.9482037462236113,0.6023007077863731
545742922,5745,2022-07-22,2355,0.3463744668333578,0,-0.11642807081511759,0.31630191567766874,-0.8750495380184802,-2.5954573740722884,0.7148510929265899,-0.6998471322974975,0.5589936534531645
545742922,432481,2022-07-22,2353,0.34608030592734224,0,-0.11642807081511759,0.31630191567766874,-0.8750495380184802,0.17882103492491272,0.5089145949124698,-0.9125100090342491,0.23052365861183244
545742922,396073,2022-07-22,2305,0.33902044418296806,0,-0.11642807081511759,0.31630191567766874,-0.8750495380184802,-0.6140261816670076,1.8782546751070202,-1.225240738938191,0.7090837728227584
545742922,1392108845,2022-07-22,2304,0.3388733637299603,0,-0.11642807081511759,0.31630191567766874,-0.8750495380184802,-1.2316682483135346,0.3477766954780297,-0.446745314504124,0.36957428907266454
545742922,398506290,2022-07-22,2210,0.32504780114722753,0,-0.11642807081511759,0.31630191567766874,-0.8750495380184802,0.10958770526270399,0.44276579992120635,-0.8872073866175967,0.07830085041375856
545742922,234571930,2022-07-22,2195,0.32284159435211063,0,-0.11642807081511759,0.31630191567766874,-0.8750495380184802,0.13536480935121914,0.26497388379688336,-0.864953975287845,0.11099677597202451
545742922,104169131,2022-07-22,2169,0.31901750257390793,0,-0.11642807081511759,0.31630191567766874,-0.8750495380184802,0.1599447211134122,0.31506287724601323,-0.8149190527775616,0.23556607131276674
545742922,313661,2022-07-22,2159,0.31754669804382996,0,-0.11642807081511759,0.31630191567766874,-0.8750495380184802,0.1499953067133755,0.17838887767437472,-0.8277313895652734,0.14448158255523325
545742922,324984724,2022-07-22,2146,0.31563465215472863,0,-0.11642807081511759,0.31630191567766874,-0.8750495380184802,0.04658453247055096,0.21876054393248345,-0.8191978318925974,0.08338160893905044
545742922,26360,2022-07-22,2134,0.3138696867186351,0,-0.11642807081511759,0.31630191567766874,-0.8750495380184802,-0.02283833216725717,0.3614159741865845,-0.7424212840044451,0.635988766719997
432481,58594608,2022-07-22,2653,0.2633512011117729,0,-0.3300935599875571,0.5089145949124698,-0.9125100090342491,0.18414511783233614,0.30119527268911267,-0.9482037462236113,0.6023007077863731
432481,396073,2022-07-22,2504,0.2485606511812587,0,-0.3300935599875571,0.5089145949124698,-0.9125100090342491,-0.6140261816670076,1.8782546751070202,-1.225240738938191,0.7090837728227584
432481,1392108845,2022-07-22,2429,0.24111574349811396,0,-0.3300935599875571,0.5089145949124698,-0.9125100090342491,-1.2316682483135346,0.3477766954780297,-0.446745314504124,0.36957428907266454
432481,468412982,2022-07-22,2415,0.23972602739726026,0,-0.3300935599875571,0.5089145949124698,-0.9125100090342491,0.14147811072965338,0.12457224778507836,-0.9010938751567235,0.2876820724517808
432481,545742922,2022-07-22,2353,0.23357157037919396,0,-0.3300935599875571,0.5089145949124698,-0.9125100090342491,0.19987384486255114,0.31630191567766874,-0.8750495380184802,0.22103606897464534
432481,5745,2022-07-22,2348,0.23307524320031764,0,-0.3300935599875571,0.5089145949124698,-0.9125100090342491,-2.5954573740722884,0.7148510929265899,-0.6998471322974975,0.5589936534531645
432481,104169131,2022-07-22,2303,0.2286082985904308,0,-0.3300935599875571,0.5089145949124698,-0.9125100090342491,0.1599447211134122,0.31506287724601323,-0.8149190527775616,0.23556607131276674
432481,313661,2022-07-22,2264,0.22473694659519555,0,-0.3300935599875571,0.5089145949124698,-0.9125100090342491,0.1499953067133755,0.17838887767437472,-0.8277313895652734,0.14448158255523325
432481,398506290,2022-07-22,2254,0.2237442922374429,0,-0.3300935599875571,0.5089145949124698,-0.9125100090342491,0.10958770526270399,0.44276579992120635,-0.8872073866175967,0.07830085041375856
432481,234571930,2022-07-22,2247,0.2230494341870161,0,-0.3300935599875571,0.5089145949124698,-0.9125100090342491,0.13536480935121914,0.26497388379688336,-0.864953975287845,0.11099677597202451
432481,39745,2022-07-22,2208,0.2191780821917808,0,-0.3300935599875571,0.5089145949124698,-0.9125100090342491,-0.14668606250027622,0.3595939984367426,-0.6254103276597212,-1.1567483152557791
432481,324984724,2022-07-22,2202,0.21858248957712925,0,-0.3300935599875571,0.5089145949124698,-0.9125100090342491,0.04658453247055096,0.21876054393248345,-0.8191978318925974,0.08338160893905044
313661,1392108845,2022-07-22,2519,0.3568494120980309,0,-0.028393570960999242,0.17838887767437472,-0.8277313895652734,-1.2316682483135346,0.3477766954780297,-0.446745314504124,0.36957428907266454
313661,5745,2022-07-22,2443,0.34608301459130186,0,-0.028393570960999242,0.17838887767437472,-0.8277313895652734,-2.5954573740722884,0.7148510929265899,-0.6998471322974975,0.5589936534531645
313661,104169131,2022-07-22,2427,0.34381640458988527,0,-0.028393570960999242,0.17838887767437472,-0.8277313895652734,0.1599447211134122,0.31506287724601323,-0.8149190527775616,0.23556607131276674
313661,2560,2022-07-22,2395,0.339283184587052,0,-0.028393570960999242,0.17838887767437472,-0.8277313895652734,-0.5075672487023086,-0.26936547948219647,-0.22615727395369856,-0.1320421890730552
313661,396073,2022-07-22,2370,0.3357416064598385,0,-0.028393570960999242,0.17838887767437472,-0.8277313895652734,-0.6140261816670076,1.8782546751070202,-1.225240738938191,0.7090837728227584
313661,8270,2022-07-22,2344,0.33205836520753645,0,-0.028393570960999242,0.17838887767437472,-0.8277313895652734,0.09854620069649134,0.40313397595807743,-0.8848983842227245,0.31087668943224944
313661,58594608,2022-07-22,2340,0.3314917127071823,0,-0.028393570960999242,0.17838887767437472,-0.8277313895652734,0.18414511783233614,0.30119527268911267,-0.9482037462236113,0.6023007077863731
313661,5383,2022-07-22,2269,0.32143363082589604,0,-0.028393570960999242,0.17838887767437472,-0.8277313895652734,0.14429200607265383,0.35183339018208515,-0.9380144947086206,-0.3852624007906451
313661,482617,2022-07-22,2267,0.3211503045757189,0,-0.028393570960999242,0.17838887767437472,-0.8277313895652734,0.11784830667922089,0.43390982185647853,-0.9435258924817571,-0.7314380935532601
313661,39745,2022-07-22,2267,0.3211503045757189,0,-0.028393570960999242,0.17838887767437472,-0.8277313895652734,-0.14668606250027622,0.3595939984367426,-0.6254103276597212,-1.1567483152557791
313661,432481,2022-07-22,2264,0.32072531520045333,0,-0.028393570960999242,0.17838887767437472,-0.8277313895652734,0.17882103492491272,0.5089145949124698,-0.9125100090342491,0.23052365861183244
313661,3142,2022-07-22,2258,0.3198753364499221,0,-0.028393570960999242,0.17838887767437472,-0.8277313895652734,0.09271879850078937,0.40646380570675966,-0.9289291307458791,0.016043124840575906
234571930,5745,2022-07-24,2319,0.5110180696342,1,-0.09557162343612777,0.5567583103053801,-1.6372571101286653,-2.614933414521444,0.5256876317405217,-0.6105342993313805,0.6994322742012944
234571930,58594608,2022-07-24,2287,0.503966505068312,1,-0.09557162343612777,0.5567583103053801,-1.6372571101286653,0.47121752890440155,0.541259862869427,-1.6753799425739917,0.7398119454170642
234571930,468412982,2022-07-24,2247,0.495152049360952,0,-0.09557162343612777,0.5567583103053801,-1.6372571101286653,0.46942857965924184,0.4221596614800777,-1.696630761160005,0.22089383158019427
234571930,432481,2022-07-24,2247,0.495152049360952,0,-0.09557162343612777,0.5567583103053801,-1.6372571101286653,0.48466415292337367,0.770114320360244,-1.6724565876019017,0.32327301755448357
234571930,1392108845,2022-07-24,2226,0.49052446011458795,0,-0.09557162343612777,0.5567583103053801,-1.6372571101286653,-1.1402880362477332,0.4763569009216799,-0.668765783209416,0.42215355703194035
234571930,545742922,2022-07-24,2195,0.4836932569413839,0,-0.09557162343612777,0.5567583103053801,-1.6372571101286653,0.565109206946597,0.6361702138737186,-1.685833342695421,0.33282592446819326
234571930,104169131,2022-07-24,2154,0.4746584398413398,0,-0.09557162343612777,0.5567583103053801,-1.6372571101286653,0.4941446600499277,0.6260497288727573,-1.7120082797035883,0.33556766849078556
234571930,396073,2022-07-24,2127,0.46870868223887174,0,-0.09557162343612777,0.5567583103053801,-1.6372571101286653,-0.0877119961460697,2.4843265840724964,-1.9336329506025143,0.7355264035288069
234571930,313661,2022-07-24,2124,0.46804759806081975,0,-0.09557162343612777,0.5567583103053801,-1.6372571101286653,0.47256333713296783,0.4678828530933794,-1.6533500181500989,0.3526399687265531
234571930,324984724,2022-07-24,2123,0.46782723666813575,0,-0.09557162343612777,0.5567583103053801,-1.6372571101286653,0.3398484798931012,0.4680546391718796,-1.519489675771161,0.10008345855698231
234571930,482617,2022-07-24,2110,0.4649625385632437,0,-0.09557162343612777,0.5567583103053801,-1.6372571101286653,0.43261379441630926,0.6969455964087345,-1.651549397784227,-0.7101769204047477
234571930,1392111766,2022-07-24,2105,0.4638607315998237,0,-0.09557162343612777,0.5567583103053801,-1.6372571101286653,-0.018147783194759386,1.2369416131555855,-2.0516845182245307,2.4216444530100345
202207,39370,2022-07-25,158,0.6556016597510373,1,1.6754706990211239,0.2722500984739431,-0.7213180575266418,0.9920360137674952,-0.27095651268185195,0.5992153607257418,-0.020619287202735315
202207,192234,2022-07-25,157,0.6514522821576764,1,1.6754706990211239,0.2722500984739431,-0.7213180575266418,1.7303517870866052,-0.12708481656839954,-0.1823215567939549,0.4393666597838455
202207,160179,2022-07-25,154,0.6390041493775933,1,1.6754706990211239,0.2722500984739431,-0.7213180575266418,1.9435071435443396,0.8115653546718882,-0.37948962170490397,0.575364144903562
202207,23307,2022-07-25,154,0.6390041493775933,1,1.6754706990211239,0.2722500984739431,-0.7213180575266418,0.6613256934374354,-0.6002621156684529,0.7567924457203015,-0.5322168137473082
202207,157465,2022-07-25,153,0.6348547717842323,1,1.6754706990211239,0.2722500984739431,-0.7213180575266418,1.8935959935526494,0.25671699883603516,-0.795801334620029,0.44802472252696024
202207,24176,2022-07-25,152,0.6307053941908713,1,1.6754706990211239,0.2722500984739431,-0.7213180575266418,1.8514904772387861,0.21949053738194668,-0.37320424588994294,0.03174869831458027
202207,2648,2022-07-25,152,0.6307053941908713,1,1.6754706990211239,0.2722500984739431,-0.7213180575266418,1.940388673891428,0.062479528967255504,-0.7672551527136675,-0.4353180712578455
202207,140581,2022-07-25,151,0.6265560165975104,1,1.6754706990211239,0.2722500984739431,-0.7213180575266418,1.9181078777727298,0.4923043658218045,-0.665748206371831,-0.08701137698962969
202207,1315,2022-07-25,150,0.6224066390041494,1,1.6754706990211239,0.2722500984739431,-0.7213180575266418,1.3928621644963963,-0.19449641037077048,1.0427046567298133,-0.08455738802806279
202207,138771,2022-07-25,150,0.6224066390041494,1,1.6754706990211239,0.2722500984739431,-0.7213180575266418,2.1353576088378556,0.12497410853315127,-0.47608267532211723,0.3964152725882468
202207,42924,2022-07-25,150,0.6224066390041494,1,1.6754706990211239,0.2722500984739431,-0.7213180575266418,1.9099572253382726,0.42886284075820336,-0.6190392084062228,0.44802472252696024
202207,34979,2022-07-25,149,0.6182572614107884,1,1.6754706990211239,0.2722500984739431,-0.7213180575266418,1.8719920406047754,-0.03450456156404469,-0.09884583463663255,0.1802618238309437
138214,2560,2022-07-25,2568,0.592114364768273,1,-0.1206474432418075,0.5920188797864019,-1.714155499340321,-0.6518333725987643,-0.46737909409442424,-0.002279759984288532,0.08048217153470727
138214,1392108845,2022-07-25,2554,0.5888863269541158,1,-0.1206474432418075,0.5920188797864019,-1.714155499340321,-1.0997966568409037,0.5035541031020836,-0.7019951868924839,0.6102721699354596
138214,5745,2022-07-25,2465,0.5683652294212589,1,-0.1206474432418075,0.5920188797864019,-1.714155499340321,-2.6852852822455304,0.37303966450963477,-0.516862899654237,0.8883876820846037
138214,5383,2022-07-25,2451,0.5651371916071016,1,-0.1206474432418075,0.5920188797864019,-1.714155499340321,0.4848339464388209,0.6196587773136032,-1.7511859527808884,-0.20782931634116686
138214,8270,2022-07-25,2398,0.5529167627392206,1,-0.1206474432418075,0.5920188797864019,-1.714155499340321,0.4147774349519602,0.6539313209545539,-1.669853175933012,0.5368665744748622
138214,3142,2022-07-25,2374,0.5473829836292368,1,-0.1206474432418075,0.5920188797864019,-1.714155499340321,0.4253446359482133,0.6717474282844081,-1.7248034590517731,0.10950621303753305
138214,24398,2022-07-25,2359,0.5439243716854969,1,-0.1206474432418075,0.5920188797864019,-1.714155499340321,0.3461452530736156,0.6983259955372766,-1.627262600705821,2.2667659951890933
138214,1916,2022-07-25,2338,0.539082314964261,1,-0.1206474432418075,0.5920188797864019,-1.714155499340321,0.44530168829576866,0.5878035983445482,-1.476951270035201,-0.16045984902052268
138214,3218,2022-07-25,2298,0.5298593497809546,1,-0.1206474432418075,0.5920188797864019,-1.714155499340321,-2.2260104816525184,0.06339101006156467,-0.11744946711136883,0.18343183349749914
138214,1443,2022-07-25,2293,0.5287064791330413,1,-0.1206474432418075,0.5920188797864019,-1.714155499340321,0.3017480615720939,0.4735599112122244,-1.4167607628233254,0.4462871026284203
138214,4534,2022-07-25,2293,0.5287064791330413,1,-0.1206474432418075,0.5920188797864019,-1.714155499340321,0.5488945324571308,0.6191319799199937,-1.755149723615494,0.5997460054715447
138214,1392111766,2022-07-25,2285,0.52686188609638,1,-0.1206474432418075,0.5920188797864019,-1.714155499340321,0.05848075142568342,1.20168358374569,-2.039177561848337,2.526107719369656
156676,39370,2022-07-25,165,0.5030487804878049,1,1.8187076342964557,0.21176967315189632,-0.6641596436866934,0.9920360137674952,-0.27095651268185195,0.5992153607257418,-0.020619287202735315
156676,16010,2022-07-25,162,0.49390243902439024,0,1.8187076342964557,0.21176967315189632,-0.6641596436866934,1.8465824011955432,0.0013765285373021907,-0.34174929372205654,-0.4289956055183586
156676,198560,2022-07-25,160,0.4878048780487805,0,1.8187076342964557,0.21176967315189632,-0.6641596436866934,2.011177659394461,0.13968034988478983,-1.0445450673978343,0.0246926125903717
156676,3499,2022-07-25,160,0.4878048780487805,0,1.8187076342964557,0.21176967315189632,-0.6641596436866934,0.6863561039816858,-0.5093538143532407,0.6047780301098555,-2.4613810514447794
156676,165650,2022-07-25,159,0.4847560975609756,0,1.8187076342964557,0.21176967315189632,-0.6641596436866934,1.9937063076457626,0.23969169238711818,0.2231435513142097,-0.29546421289383584
156676,23307,2022-07-25,159,0.4847560975609756,0,1.8187076342964557,0.21176967315189632,-0.6641596436866934,0.6613256934374354,-0.6002621156684529,0.7567924457203015,-0.5322168137473082
156676,4683,2022-07-25,157,0.47865853658536583,0,1.8187076342964557,0.21176967315189632,-0.6641596436866934,0.9474416138302922,-0.06462143945144405,-0.14212407666145843,5.368444210230038
156676,42924,2022-07-25,156,0.47560975609756095,0,1.8187076342964557,0.21176967315189632,-0.6641596436866934,1.9099572253382726,0.42886284075820336,-0.6190392084062228,0.44802472252696024
156676,138771,2022-07-25,155,0.4725609756097561,0,1.8187076342964557,0.21176967315189632,-0.6641596436866934,2.1353576088378556,0.12497410853315127,-0.47608267532211723,0.3964152725882468
156676,203633,2022-07-25,155,0.4725609756097561,0,1.8187076342964557,0.21176967315189632,-0.6641596436866934,1.9215936829256814,0.16468074525100151,-0.3101549283038394,-0.04652001563489261
156676,140581,2022-07-25,155,0.4725609756097561,0,1.8187076342964557,0.21176967315189632,-0.6641596436866934,1.9181078777727298,0.4923043658218045,-0.665748206371831,-0.08701137698962969
156676,161071,2022-07-25,155,0.4725609756097561,0,1.8187076342964557,0.21176967315189632,-0.6641596436866934,1.9846468201268854,0.3523620113680319,-0.6805683983530852,-0.02597548640326064
1258105118,288704213,2022-08-09,21,0.8076923076923077,1,2.021945105882447,-0.6272303042527796,0.7985076962177713,-0.12116295553816284,0.5349234195667213,0.7997240259776586,-3.5718773634406245
1258105118,325515999,2022-08-09,21,0.8076923076923077,1,2.021945105882447,-0.6272303042527796,0.7985076962177713,-1.6163224555035984,-0.20008390258988706,0.6636498314184944,-1.564169722541652
1258105118,329721621,2022-08-09,16,0.6153846153846154,1,2.021945105882447,-0.6272303042527796,0.7985076962177713,0.7904811298729613,-0.026701661462264492,0.08437434400546451,-1.8473965495334514
1258105118,295217300,2022-08-09,16,0.6153846153846154,1,2.021945105882447,-0.6272303042527796,0.7985076962177713,1.2272577363531256,0.21057037824677582,-0.6820728702608516,-2.2900063107871858
1258105118,334458496,2022-08-09,15,0.5769230769230769,1,2.021945105882447,-0.6272303042527796,0.7985076962177713,1.3269243171120746,-0.05438182770757205,0.5549098968980095,-2.41789593950504
1258105118,330358975,2022-08-09,15,0.5769230769230769,1,2.021945105882447,-0.6272303042527796,0.7985076962177713,1.481801734308457,0.07961403041329596,0.1767505117444994,-3.060270794691562
1258105118,257552031,2022-08-09,15,0.5769230769230769,1,2.021945105882447,-0.6272303042527796,0.7985076962177713,0.6395361163409046,0.1359567090003535,0.18043060129825417,-1.9990199743692614
1258105118,325964428,2022-08-09,15,0.5769230769230769,1,2.021945105882447,-0.6272303042527796,0.7985076962177713,0.6235358651438891,0.10912613636673452,-0.047679669885405396,-3.2798365246578878
1258105118,328059628,2022-08-09,15,0.5769230769230769,1,2.021945105882447,-0.6272303042527796,0.7985076962177713,0.7001226765727412,0.17301054231948854,0.4431107077245313,-2.5242460643480324
1258105118,330429810,2022-08-09,14,0.5384615384615384,1,2.021945105882447,-0.6272303042527796,0.7985076962177713,1.2417405468734637,0.011062848964422889,0.12675170563914406,-2.882403588246988
1258105118,102912232,2022-08-09,14,0.5384615384615384,1,2.021945105882447,-0.6272303042527796,0.7985076962177713,-2.1758836476540715,0.5568687153025498,-0.698905302214218,-2.1791446624677606
1258105118,290366137,2022-08-09,14,0.5384615384615384,1,2.021945105882447,-0.6272303042527796,0.7985076962177713,1.334369682309486,0.0235233054264381,0.5328881390296081,-2.472930458741285
105223,172,2022-08-12,452,0.740983606557377,1,1.7509399919464674,0.3964869786261924,-2.4012566205010755,-2.5219684009905032,-0.04462803227895984,0.04286774979767216,-0.8817559829986799
105223,1274,2022-08-12,444,0.7278688524590164,1,1.7509399919464674,0.3964869786261924,-2.4012566205010755,-0.33470041727922883,0.3567580946157055,-0.47948237320027953,-0.8530244329444052
105223,889,2022-08-12,442,0.7245901639344262,1,1.7509399919464674,0.3964869786261924,-2.4012566205010755,-2.720918611190405,0.7203505810953579,-0.45848235768606216,-1.0436353266111968
105223,1447,2022-08-12,386,0.6327868852459017,1,1.7509399919464674,0.3964869786261924,-2.4012566205010755,0.3058918826475146,0.10151526756528245,-0.1213129975197047,-0.27763173659827967
105223,313,2022-08-12,384,0.6295081967213115,1,1.7509399919464674,0.3964869786261924,-2.4012566205010755,-0.7987816909995552,-0.9517699052160449,1.3319710212502374,0.04211148535012743
105223,579,2022-08-12,384,0.6295081967213115,1,1.7509399919464674,0.3964869786261924,-2.4012566205010755,-1.4327447069430068,0.03128499389783612,-0.04719922506126295,-0.942160111852572
105223,42,2022-08-12,384,0.6295081967213115,1,1.7509399919464674,0.3964869786261924,-2.4012566205010755,-3.7174100784971427,0.4548621858179138,-0.15181269024607502,1.0692783005544033
105223,545,2022-08-12,369,0.6049180327868853,1,1.7509399919464674,0.3964869786261924,-2.4012566205010755,-0.5943830485423386,0.14114205221171905,-0.25757449440575275,-0.26329061932762166
105223,82,2022-08-12,363,0.5950819672131148,1,1.7509399919464674,0.3964869786261924,-2.4012566205010755,-2.1466310009632608,-0.10681069405530552,0.18683586072442537,-0.6730968130435713
105223,2142890311,2022-08-12,357,0.5852459016393443,1,1.7509399919464674,0.3964869786261924,-2.4012566205010755,-1.7127153136783626,0.08231265666260557,-0.14794040797067787,-0.6662900255226223
105223,1424,2022-08-12,357,0.5852459016393443,1,1.7509399919464674,0.3964869786261924,-2.4012566205010755,1.2367596402361631,0.3249642196887239,-0.5040228764432388,-1.766441661243765
105223,2142862519,2022-08-12,356,0.5836065573770491,1,1.7509399919464674,0.3964869786261924,-2.4012566205010755,-5.0290966884224275,0.04141127106218612,-0.0540778662927579,-1.2572955399346206
49463,3587,2022-08-14,37,0.03474178403755868,0,,,1.6094379124341003,0.25270382380232,0.09196858832667584,-0.10719369673948709,-0.35667494393873245
49463,4925,2022-08-14,32,0.03004694835680751,0,,,1.6094379124341003,0.22519935902519878,0.09832047440475741,-0.040054393901859164,1.505822217284365
49463,5383,2022-08-14,30,0.028169014084507043,0,,,1.6094379124341003,0.934024623326742,0.2793706428834516,-0.29743824739714597,2.9446697927854677
49463,89625,2022-08-14,30,0.028169014084507043,0,,,1.6094379124341003,1.6667752969258824,0.2080273554363019,0.09368548407732291,1.7812881693607596
49463,924,2022-08-14,29,0.027230046948356807,0,,,1.6094379124341003,0.8323230750289905,0.7953640173538351,-0.710998422177723,3.123848213833213
49463,8141,2022-08-14,29,0.027230046948356807,0,,,1.6094379124341003,2.3166678806150616,0.0,0.5108256237659905,2.1972245773362196
49463,12150,2022-08-14,28,0.02629107981220657,0,,,1.6094379124341003,1.299960150174244,0.5673673825468654,-0.5596157879354227,3.446280959415393
49463,10265,2022-08-14,28,0.02629107981220657,0,,,1.6094379124341003,0.6817448679224078,-0.0015111767276132504,-0.024645797206828135,-0.4783024320604312
49463,369,2022-08-14,28,0.02629107981220657,0,,,1.6094379124341003,-1.6817069522657364,-0.04274619704787508,0.5415989546302047,0.8051602214467604
49463,5745,2022-08-14,28,0.02629107981220657,0,,,1.6094379124341003,-2.4781180662237543,0.18555328735818843,-0.10394719511581307,0.003174323678193147
49463,3310,2022-08-14,28,0.02629107981220657,0,,,1.6094379124341003,2.184383118148329,0.5458664304903784,-0.9808292530117262,-0.08701137698962969
49463,3677,2022-08-14,27,0.02535211267605634,0,,,1.6094379124341003,-1.9120288787132047,0.2577364122728776,-0.3492015671136315,0.20076709494166778
147573,108860,2022-08-18,129,0.5863636363636363,1,0.5392287219661308,1.2580656316411947,-2.026599060305456,1.6922759102049145,0.9786795782681565,-1.9738514312557616,-0.6190392084062235
147573,349513,2022-08-18,121,0.55,1,0.5392287219661308,1.2580656316411947,-2.026599060305456,0.36365050204515126,0.6968747022587871,-2.131195925677985,0.8266785731844679
147573,349527,2022-08-18,120,0.5454545454545454,1,0.5392287219661308,1.2580656316411947,-2.026599060305456,1.101099964942219,1.6051245922736506,-2.0046510921066867,2.70805020110221
147573,116181,2022-08-18,116,0.5272727272727272,1,0.5392287219661308,1.2580656316411947,-2.026599060305456,1.6251546320488963,2.311127978306615,-2.053814757947684,-0.35667494393873267
147573,96495,2022-08-18,110,0.5,1,0.5392287219661308,1.2580656316411947,-2.026599060305456,0.30706783362540024,0.614360717075801,-1.9864313464609529,1.3862943611198906
147573,172,2022-08-18,108,0.4909090909090909,0,0.5392287219661308,1.2580656316411947,-2.026599060305456,-2.5494787287290843,-0.037081943909335724,0.04322504784012082,1.0955404671213245
147573,23307,2022-08-18,104,0.4727272727272727,0,0.5392287219661308,1.2580656316411947,-2.026599060305456,2.2147189021846643,0.954436352160233,-1.9273049612242792,3.2108436531709366
147573,95184,2022-08-18,102,0.4636363636363636,0,0.5392287219661308,1.2580656316411947,-2.026599060305456,1.227719422915813,0.3869052660402712,-0.9921930116620405,2.2888549001821437
147573,1274,2022-08-18,101,0.4590909090909091,0,0.5392287219661308,1.2580656316411947,-2.026599060305456,-0.2977441700022828,0.19490500025553076,-0.3190540072635777,1.5117806580595818
147573,388950,2022-08-18,99,0.45,0,0.5392287219661308,1.2580656316411947,-2.026599060305456,0.7889751688999476,0.4344786678279719,-1.9481055396187488,1.0986122886681098
147573,586,2022-08-18,99,0.45,0,0.5392287219661308,1.2580656316411947,-2.026599060305456,-0.732866409047186,-0.7121886253290436,4.983808237152763,7.535789414422851
147573,163868,2022-08-18,99,0.45,0,0.5392287219661308,1.2580656316411947,-2.026599060305456,2.2737656589796127,0.11674337321520101,-1.2878542883066384,2.197224577336219
78821,148658,2022-08-23,76,0.5891472868217055,1,0.31149037597001306,1.2358663767589153,-0.9433716904768259,2.098734919975594,0.7523677541010856,-2.302585092994046,2.772588722239781
78821,196036,2022-08-23,75,0.5813953488372093,1,0.31149037597001306,1.2358663767589153,-0.9433716904768259,2.098734919975594,0.5576384189351511,-3.056356895370426,3.1354942159291497
78821,209408,2022-08-23,74,0.5736434108527132,1,0.31149037597001306,1.2358663767589153,-0.9433716904768259,2.098734919975594,-0.10501844340241107,-1.2527629684953678,2.0476928433652555
78821,1825,2022-08-23,74,0.5736434108527132,1,0.31149037597001306,1.2358663767589153,-0.9433716904768259,2.045742946733241,0.7598018164145206,-2.9777137680513124,2.9444389791664403
78821,3020,2022-08-23,73,0.5658914728682171,1,0.31149037597001306,1.2358663767589153,-0.9433716904768259,1.2774245877337802,-0.19821920594993014,-0.1086338410027956,1.8718021769015916
78821,429648,2022-08-23,73,0.5658914728682171,1,0.31149037597001306,1.2358663767589153,-0.9433716904768259,1.6391985351651484,-0.2392498525315061,-0.5306282510621707,1.6650077635889111
78821,65746,2022-08-23,73,0.5658914728682171,1,0.31149037597001306,1.2358663767589153,-0.9433716904768259,-0.12178486155890894,-1.5894463690319869,-0.8358034809614692,3.58351893845611
78821,162201,2022-08-23,72,0.5581395348837209,1,0.31149037597001306,1.2358663767589153,-0.9433716904768259,2.2077014002953277,0.8653029078379382,-3.6287755300442313,2.525728644308255
78821,67837,2022-08-23,72,0.5581395348837209,1,0.31149037597001306,1.2358663767589153,-0.9433716904768259,2.2737656589796127,0.1750307390040189,0.13353139262452252,3.1354942159291497
78821,135038,2022-08-23,72,0.5581395348837209,1,0.31149037597001306,1.2358663767589153,-0.9433716904768259,0.37990610362999216,-1.2499606730352188,1.5139296932192856,2.5649493574615367
78821,3527,2022-08-23,71,0.5503875968992248,1,0.31149037597001306,1.2358663767589153,-0.9433716904768259,0.6081216480845708,-1.243129207211176,3.2844554705141826,1.9810014688665836
47344,2142862519,2022-09-01,1569,0.32151639344262295,0,-4.649023037296713,2.6012381519242043,-1.5309613674259062,-5.212373976663079,-0.22920559377048821,0.34579454269276866,0.887987382498661
47344,768650233,2022-09-01,1503,0.3079918032786885,0,-4.649023037296713,2.6012381519242043,-1.5309613674259062,-4.592914222414502,-0.02546779438010649,-0.0714214457701754,0.2929427513276668
47344,9692,2022-09-01,1453,0.2977459016393443,0,-4.649023037296713,2.6012381519242043,-1.5309613674259062,1.0132924340617366,-1.1481778602746497,3.050220458838061,0.36577050942321776
47344,105711,2022-09-01,1451,0.2973360655737705,0,-4.649023037296713,2.6012381519242043,-1.5309613674259062,0.5042988181630155,-1.4824521436583338,3.5430275771013737,0.18313821670051134
47344,8,2022-09-01,1355,0.2776639344262295,0,-4.649023037296713,2.6012381519242043,-1.5309613674259062,-5.891612929610486,-0.019956217455010083,-0.043666392131944676,0.2768272727287808
47344,28402,2022-09-01,1237,0.25348360655737706,0,-4.649023037296713,2.6012381519242043,-1.5309613674259062,-3.9790748965636986,0.32175063395120596,-0.48591580000853796,0.44990226556269697
47344,17,2022-09-01,1024,0.2098360655737705,0,-4.649023037296713,2.6012381519242043,-1.5309613674259062,-3.889057374814081,0.007312234005624418,0.0008454790141989577,0.22706469547394192
47344,5,2022-09-01,940,0.19262295081967212,0,-4.649023037296713,2.6012381519242043,-1.5309613674259062,-6.495468196989741,-0.029149446480344565,0.04297345608655512,0.022255301572281283
47344,15,2022-09-01,848,0.1737704918032787,0,-4.649023037296713,2.6012381519242043,-1.5309613674259062,-5.469149753621322,0.1361099543985409,-0.18744701679633025,-0.4782795982091077
47344,612176483,2022-09-01,804,0.16475409836065574,0,-4.649023037296713,2.6012381519242043,-1.5309613674259062,-1.544172493086899,0.07912891481505291,-0.44402293126547754,1.2210975215969118
47344,2008657707,2022-09-01,790,0.16188524590163936,0,-4.649023037296713,2.6012381519242043,-1.5309613674259062,-3.5464264116543,-0.14834942588726463,0.2292026756029557,0.23381632115270712
47344,5745,2022-09-01,721,0.14774590163934426,0,-4.649023037296713,2.6012381519242043,-1.5309613674259062,-2.310389103673064,0.24252697307302684,-0.27635005932931733,0.11059474986026352
361776,9102,2022-09-01,12,0.46153846153846156,0,,,2.302585092994046,1.012744247394645,-1.149808550923489,2.720472721100767,5.983936280687191
361776,37799,2022-09-01,12,0.46153846153846156,0,,,2.302585092994046,2.3612810284816224,0.26254610850602855,-0.6931471805599456,0.0
361776,2950,2022-09-01,12,0.46153846153846156,0,,,2.302585092994046,0.7015202094675489,-0.548103380033992,0.7175188173812312,7.542213463193403
361776,3467,2022-09-01,12,0.46153846153846156,0,,,2.302585092994046,1.867356868617284,0.19247883977230185,-0.6286086594223743,1.6094379124341003
361776,133570,2022-09-01,12,0.46153846153846156,0,,,2.302585092994046,0.8928456470338585,-0.13977201487833557,0.6568549653915579,0.0
361776,1682,2022-09-01,11,0.4230769230769231,0,,,2.302585092994046,0.9433077810563456,-0.2764098804398506,1.5742892186304456,-0.6931471805599453
361776,133649,2022-09-01,11,0.4230769230769231,0,,,2.302585092994046,1.8099462400671886,0.7303119182980915,-0.9351592161785374,0.6931471805599453
361776,86167,2022-09-01,11,0.4230769230769231,0,,,2.302585092994046,1.186124859847012,0.11637829155393553,-1.8345566979998758,4.350277936359301
361776,89303,2022-09-01,11,0.4230769230769231,0,,,2.302585092994046,1.7516678429381292,0.269692415365278,-1.9568392195875037,4.343805421853684
361776,9091,2022-09-01,11,0.4230769230769231,0,,,2.302585092994046,0.7392390097672407,0.27392941221914346,0.08283262857553098,0.6931471805599453
361776,91587,2022-09-01,11,0.4230769230769231,0,,,2.302585092994046,2.1192812107361947,0.44677805880449273,-3.7738053246125443,0.013072081567353067
132051,43547,2022-09-03,15,0.46875,0,-0.13181875576501023,1.7054614587285477,-2.2512917986064953,0.0344300791544121,-0.9255343531266956,1.1029041407496507,-1.0986122886681098
132051,9844,2022-09-03,15,0.46875,0,-0.13181875576501023,1.7054614587285477,-2.2512917986064953,1.5796077706335936,0.620283580415233,-0.18232155679395445,4.430816798843313
132051,3431,2022-09-03,15,0.46875,0,-0.13181875576501023,1.7054614587285477,-2.2512917986064953,0.16648067797187385,-0.7600459457536751,-0.7495971281995208,3.6375861597263857
132051,92480,2022-09-03,14,0.4375,0,-0.13181875576501023,1.7054614587285477,-2.2512917986064953,1.3123091483381106,-0.347484622493188,3.2170559881512144,0.0
132051,138610,2022-09-03,14,0.4375,0,-0.13181875576501023,1.7054614587285477,-2.2512917986064953,1.9406110995273123,0.9357582274909477,-3.6230067099632284,-5.402677381872279
132051,105640,2022-09-03,14,0.4375,0,-0.13181875576501023,1.7054614587285477,-2.2512917986064953,2.076428346042314,1.7720631110484169,-3.8204558119026557,-0.6931471805599453
132051,31083,2022-09-03,14,0.4375,0,-0.13181875576501023,1.7054614587285477,-2.2512917986064953,1.9289833969037882,0.5147482534563035,-1.1042461063863653,1.4392167625742331
132051,2950,2022-09-03,14,0.4375,0,-0.13181875576501023,1.7054614587285477,-2.2512917986064953,0.7015202094675489,-0.3702626648484054,0.7241195014125834,7.542213463193403
132051,1849,2022-09-03,14,0.4375,0,-0.13181875576501023,1.7054614587285477,-2.2512917986064953,1.3479988845096316,-0.08711367004610526,1.0360919316867756,-1.0986122886681098
132051,78466,2022-09-03,14,0.4375,0,-0.13181875576501023,1.7054614587285477,-2.2512917986064953,-0.5782020488647408,,4.919980925828125,-0.6931471805599453
132051,124335,2022-09-03,14,0.4375,0,-0.13181875576501023,1.7054614587285477,-2.2512917986064953,1.9504904892251698,-0.04226048426571816,0.2231435513142097,0.0
232592,106564,2022-09-19,16,0.45714285714285713,0,2.6238271369876505,-1.0501844340241129,1.3862943611198904,1.0525271977315187,-1.3612630524513087,1.6486586255873816,-3.245193133185574
232592,161619,2022-09-19,16,0.45714285714285713,0,2.6238271369876505,-1.0501844340241129,1.3862943611198904,1.0538724732604408,1.133963757557811,-2.4995054492091526,0.4054651081081645
232592,90204,2022-09-19,15,0.42857142857142855,0,2.6238271369876505,-1.0501844340241129,1.3862943611198904,0.8522178192962818,-0.9393578443067235,3.6064032322896975,-0.4054651081081645
232592,93855,2022-09-19,15,0.42857142857142855,0,2.6238271369876505,-1.0501844340241129,1.3862943611198904,2.6238271369876505,,0.6931471805599453,-1.0986122886681098
232592,31083,2022-09-19,15,0.42857142857142855,0,2.6238271369876505,-1.0501844340241129,1.3862943611198904,0.4204082320995446,-1.8354489709257065,5.299067085438583,0.20346399336776422
232592,94612,2022-09-19,15,0.42857142857142855,0,2.6238271369876505,-1.0501844340241129,1.3862943611198904,0.8583511566576995,-0.3661973185351014,-0.47167633663323905,5.700443573390687
232592,98964,2022-09-19,15,0.42857142857142855,0,2.6238271369876505,-1.0501844340241129,1.3862943611198904,0.6514412622006898,-1.467839948535505,4.086739962836881,-4.330733340286331
232592,2574,2022-09-19,14,0.4,0,2.6238271369876505,-1.0501844340241129,1.3862943611198904,0.8253932123117987,-0.24070295917734963,-0.02794593039055915,0.0
232592,43163,2022-09-19,14,0.4,0,2.6238271369876505,-1.0501844340241129,1.3862943611198904,1.1819624780595126,0.5644588434559199,-2.9187712324178623,-5.393627546352362
232592,89301,2022-09-19,14,0.4,0,2.6238271369876505,-1.0501844340241129,1.3862943611198904,1.1403000335775864,0.037758861669425325,0.0968498259899171,3.6243409329763647
232592,221314,2022-09-19,14,0.4,0,2.6238271369876505,-1.0501844340241129,1.3862943611198904,1.5097041767562662,-0.614319850987636,1.3121863889661691,4.356708826689592
232592,78472,2022-09-19,14,0.4,0,2.6238271369876505,-1.0501844340241129,1.3862943611198904,1.7915756636030054,-0.8322514733846451,1.0986122886681096,0.6931471805599453
60614,138781,2022-09-25,14,0.4827586206896552,0,,,2.0794415416798357,1.5494751964651903,0.6658937209052433,-0.854415328156068,0.6931471805599453
60614,288,2022-09-25,13,0.4482758620689655,0,,,2.0794415416798357,-0.8996260511213391,-2.715737113804384,4.9672057361689195,1.1249295969854831
60614,67488,2022-09-25,13,0.4482758620689655,0,,,2.0794415416798357,0.8408732073428815,-0.7489794931935567,0.15415067982725805,0.0
60614,2950,2022-09-25,13,0.4482758620689655,0,,,2.0794415416798357,1.5269468575893832,0.29300392835534406,-2.382627800667582,-4.4127174819946795
60614,91613,2022-09-25,13,0.4482758620689655,0,,,2.0794415416798357,2.6238271369876505,,0.6931471805599453,-8.129174996911793
60614,752,2022-09-25,13,0.4482758620689655,0,,,2.0794415416798357,0.3965481705087206,-0.8455827508079201,0.43047486043462957,1.3391475826941885
60614,3440,2022-09-25,12,0.41379310344827586,0,,,2.0794415416798357,1.3729899775114844,-0.07734579609984849,-1.5709716316063038,0.6931471805599453
60614,43163,2022-09-25,12,0.41379310344827586,0,,,2.0794415416798357,1.1374918140235022,0.782665489328561,-2.4648658989045544,-1.0369187196627703
60614,55287,2022-09-25,12,0.41379310344827586,0,,,2.0794415416798357,0.4355387913996216,-0.42730344097265716,-0.13773602390655437,-1.0986122886681098
60614,105471,2022-09-25,12,0.41379310344827586,0,,,2.0794415416798357,0.6656824625250817,-0.8173820993018412,0.3749495641822138,0.5034250349478189
60614,48539,2022-09-25,12,0.41379310344827586,0,,,2.0794415416798357,1.2928918581184057,-0.2638042061052175,-1.2858238307562555,5.46383180502561
60614,192462,2022-09-25,12,0.41379310344827586,0,,,2.0794415416798357,0.7981499200436247,-1.4095514802517028,3.8952158871117653,0.0
124339,172,2022-10-02,145,0.606694560669456,1,,,5.0106352940962555,-1.6732866326505296,0.7558688058182279,-0.9163552251185099,0.05687481657500193
124339,889,2022-10-02,145,0.606694560669456,1,,,5.0106352940962555,-1.6019848372568484,0.3145419322905829,-1.10325651662089,-0.2100325616027554
124339,1274,2022-10-02,137,0.5732217573221757,1,,,5.0106352940962555,-0.10143565155845351,0.10513154818487784,-0.9484292624511452,-0.16522843376814134
124339,579,2022-10-02,136,0.5690376569037657,1,,,5.0106352940962555,-1.2814438667446804,-0.0007934601452024292,-0.5935875717282801,0.03761291973936132
124339,1447,2022-10-02,134,0.5606694560669456,1,,,5.0106352940962555,1.2273860612740695,0.4739578093466229,-1.2273808952239502,0.13155228257775953
124339,1424,2022-10-02,130,0.5439330543933054,1,,,5.0106352940962555,0.18517899407848973,-0.5661633868092408,0.018742181809741076,-0.2652357667995142
124339,1990,2022-10-02,129,0.5397489539748954,1,,,5.0106352940962555,-0.5691559133805286,0.46935189807652655,-0.731337979292336,-0.27025898226886724
124339,1003,2022-10-02,119,0.497907949790795,0,,,5.0106352940962555,1.1381063152320767,0.5005406570925444,-1.602002933946582,0.1131540280713832
124339,143328,2022-10-02,116,0.48535564853556484,0,,,5.0106352940962555,2.0219451058824465,-0.23456400454203985,-0.2363887780642302,0.40546510810816416
124339,253107,2022-10-02,111,0.46443514644351463,0,,,5.0106352940962555,1.3550095374819477,0.1867715572778328,-0.7621400520468962,0.8197798314933111
1392197125,2142864304,2022-10-02,178,0.5250737463126843,1,-0.30631862525184594,0.2873806778443791,-2.0540372509488005,-1.6600893560793555,0.39822468339853634,-0.6659006079019285,-0.22515465678809043
1392197125,2001124710,2022-10-02,164,0.4837758112094395,0,-0.30631862525184594,0.2873806778443791,-2.0540372509488005,-0.3102423815050448,0.40491990655028853,-0.7890967976812382,-0.11020314013361343
1392197125,2018450532,2022-10-02,162,0.4778761061946903,0,-0.30631862525184594,0.2873806778443791,-2.0540372509488005,-3.332383739402558,0.00014748419661669843,-0.06367737310879917,-1.2381904268378658
1392197125,2142862519,2022-10-02,159,0.4690265486725664,0,-0.30631862525184594,0.2873806778443791,-2.0540372509488005,-4.754348554231997,0.429825947694499,-0.7337496403637775,-0.4302983689664899
1392197125,2142869226,2022-10-02,150,0.4424778761061947,0,-0.30631862525184594,0.2873806778443791,-2.0540372509488005,-1.6741123320748634,-0.0052285103227751595,-0.6909334298096024,-0.11938996257521772
1392197125,110,2022-10-02,147,0.4336283185840708,0,-0.30631862525184594,0.2873806778443791,-2.0540372509488005,-1.231526200654901,-0.38592207463017714,-0.1441709005196703,-0.7757184248448077
1392197125,2142864862,2022-10-02,145,0.4277286135693215,0,-0.30631862525184594,0.2873806778443791,-2.0540372509488005,-1.7727127064135837,-0.09275348804794525,-0.582353044917042,-0.21504112230877048
1392197125,2142911275,2022-10-02,145,0.4277286135693215,0,-0.30631862525184594,0.2873806778443791,-2.0540372509488005,-1.7464740086739903,-0.06532052608432637,-0.6074501166266355,-0.1573346716006121
1392197125,2142890311,2022-10-02,144,0.4247787610619469,0,-0.30631862525184594,0.2873806778443791,-2.0540372509488005,-1.759845589751022,-0.08711149096738313,-0.582204620157599,-0.17486896734503077
1392197125,2142865418,2022-10-02,144,0.4247787610619469,0,-0.30631862525184594,0.2873806778443791,-2.0540372509488005,-1.7624268232602027,-0.0791425452397796,-0.5905810394319531,-0.13708006846995957
1392197125,360,2022-10-02,142,0.41887905604719766,0,-0.30631862525184594,0.2873806778443791,-2.0540372509488005,-0.6344807958389357,0.30605196513133204,-1.007019585263917,0.7774177323217426
1392197125,82,2022-10-02,142,0.41887905604719766,0,-0.30631862525184594,0.2873806778443791,-2.0540372509488005,-1.5960316710719442,0.3460889141910599,-0.37606908888200863,-0.28289252388501396
998300365,102912232,2022-12-13,231,0.1848,0,1.3870374064378068,-0.3847977416856143,3.725693427236652,-1.7885440914901278,-0.23648332796725646,2.9899661949753593,-8.915969311373605
998300365,399022,2022-12-13,231,0.1848,0,1.3870374064378068,-0.3847977416856143,3.725693427236652,-0.40862071601580746,-1.4975941772314343,5.863820551604723,-8.269244521183056
998300365,8874,2022-12-13,231,0.1848,0,1.3870374064378068,-0.3847977416856143,3.725693427236652,-1.5812753497974934,-0.2980228676446348,3.1799732167337487,-8.286521373681236
998300365,397993501,2022-12-13,229,0.1832,0,1.3870374064378068,-0.3847977416856143,3.725693427236652,-3.2542628403905494,-1.5643609579859943,6.755068617047598,-11.197885898951482
998300365,728181331,2022-12-13,228,0.1824,0,1.3870374064378068,-0.3847977416856143,3.725693427236652,-1.5058233627279713,-0.1860596016425724,3.006933046302226,-8.53089883847235
998300365,496549942,2022-12-13,226,0.1808,0,1.3870374064378068,-0.3847977416856143,3.725693427236652,0.3625288315861384,-0.18234609436014554,3.2032708267993106,-4.709530201312334
998300365,379399457,2022-12-13,224,0.1792,0,1.3870374064378068,-0.3847977416856143,3.725693427236652,0.17552557902470914,-0.653190936050416,4.152164133110928,-7.1929342212158
998300365,998269223,2022-12-13,223,0.1784,0,1.3870374064378068,-0.3847977416856143,3.725693427236652,-2.1510777817845774,-0.1964334148281548,2.935133662100829,-9.23853902633486
998300365,657155370,2022-12-13,221,0.1768,0,1.3870374064378068,-0.3847977416856143,3.725693427236652,-1.1235481658154765,-0.2512056567350105,3.138733609756402,-8.130059039992796
998300365,184224,2022-12-13,220,0.176,0,1.3870374064378068,-0.3847977416856143,3.725693427236652,0.4631433515891244,1.0485855602889547,1.4663370687934263,-5.793013608384144
998300365,136480,2022-12-13,220,0.176,0,1.3870374064378068,-0.3847977416856143,3.725693427236652,-4.283385016063859,-0.3798101569361365,3.2598773241348997,-11.661388572607851
998300365,311477,2022-12-13,218,0.1744,0,1.3870374064378068,-0.3847977416856143,3.725693427236652,-0.504227326573781,-0.21905574437233294,2.980018051521254,-7.38770923908104
132050,1274,2023-01-11,384,0.7789046653144016,1,2.1537922581387723,0.22229707891073724,-1.09861228866811,-0.8317385500145459,0.06995829648133056,-0.11687992378583356,0.0
132050,172,2023-01-11,383,0.7768762677484787,1,2.1537922581387723,0.22229707891073724,-1.09861228866811,-0.5623644801784593,-0.11904325071210203,0.6501199486437335,0.0
132050,889,2023-01-11,383,0.7768762677484787,1,2.1537922581387723,0.22229707891073724,-1.09861228866811,-0.9248154770357797,-0.6378605548537272,0.9562389823458135,0.0
132050,579,2023-01-11,366,0.742393509127789,1,2.1537922581387723,0.22229707891073724,-1.09861228866811,-0.4716143661675759,-0.12339366373078642,0.17337665700100047,0.0
132050,313,2023-01-11,358,0.7261663286004056,1,2.1537922581387723,0.22229707891073724,-1.09861228866811,-2.0515540196735182,-0.4648487665192331,0.5191560512386548,0.0
132050,42,2023-01-11,354,0.718052738336714,1,2.1537922581387723,0.22229707891073724,-1.09861228866811,-5.14793594685374,-0.8207118924574486,0.05510367612448519,0.0
132050,2142877002,2023-01-11,334,0.6774847870182555,1,2.1537922581387723,0.22229707891073724,-1.09861228866811,-1.5775393172370455,0.0762886128545841,-0.09137041807558788,0.0
132050,2142864862,2023-01-11,332,0.6734279918864098,1,2.1537922581387723,0.22229707891073724,-1.09861228866811,-1.6013956844846857,0.09249503220772182,-0.11359003315059013,0.0
132050,2142865418,2023-01-11,331,0.6713995943204868,1,2.1537922581387723,0.22229707891073724,-1.09861228866811,-1.603910306894385,0.07532986666135844,-0.08740500029721154,0.0
132050,2142869226,2023-01-11,331,0.6713995943204868,1,2.1537922581387723,0.22229707891073724,-1.09861228866811,-1.560306149357038,0.11018142176992063,-0.1320280272509109,0.0
132050,2122725237,2023-01-11,331,0.6713995943204868,1,2.1537922581387723,0.22229707891073724,-1.09861228866811,-1.5250691170424717,0.14708006046630473,-0.19120226315421185,0.0
132050,2142862519,2023-01-11,331,0.6713995943204868,1,2.1537922581387723,0.22229707891073724,-1.09861228866811,-4.73914518266299,-0.13508487850196804,0.17544154162602155,0.0
1201054710,2142864304,2023-02-07,1007,0.1863779381824912,0,0.1662088103461785,0.18732942521055249,-0.9289469637495271,-2.325481818349394,-0.2873541205165706,1.1471813353894706,9.403601868808472
1201054710,2018450532,2023-02-07,988,0.18286137331112345,0,0.1662088103461785,0.18732942521055249,-0.9289469637495271,-3.493555414460694,-0.08737690482182359,0.6431436325466908,11.1543487137419
1201054710,2004429834,2023-02-07,927,0.17157134925041642,0,0.1662088103461785,0.18732942521055249,-0.9289469637495271,-1.8383998538642834,0.03726749706353116,0.26558727457123155,8.713417653379183
1201054710,2143689183,2023-02-07,907,0.16786970201739773,0,0.1662088103461785,0.18732942521055249,-0.9289469637495271,-2.205857548557395,0.24901543942587523,-0.053489280529234406,9.833172378621102
1201054710,1901707513,2023-02-07,738,0.13659078289838977,0,0.1662088103461785,0.18732942521055249,-0.9289469637495271,-1.8604167333408,-0.5841800567629503,1.7888122227681222,8.696175846944678
1201054710,471114,2023-02-07,700,0.12955765315565426,0,0.1662088103461785,0.18732942521055249,-0.9289469637495271,-0.12490695571360713,0.6643440446940999,-0.11918851726511814,8.122668023346407
1201054710,1762279368,2023-02-07,696,0.12881732370905052,0,0.1662088103461785,0.18732942521055249,-0.9289469637495271,-1.7043655850547919,-0.19404141900454497,1.4001116945855774,8.976135873302548
1201054710,725774710,2023-02-07,662,0.12252452341291875,0,0.1662088103461785,0.18732942521055249,-0.9289469637495271,-0.24465898287221238,0.16520381011171437,0.8136403498972609,7.846589975291186
1201054710,2001124710,2023-02-07,649,0.1201184527114566,0,0.1662088103461785,0.18732942521055249,-0.9289469637495271,-0.17494824488789576,0.7722969127706565,-0.9087901451987115,7.489412083508719
1201054710,1275774295,2023-02-07,643,0.119007958541551,0,0.1662088103461785,0.18732942521055249,-0.9289469637495271,0.4870198572571064,-0.3275044598329364,0.6380874033769182,5.662960480135946
1201054710,1199730922,2023-02-07,630,0.11660188784008883,0,0.1662088103461785,0.18732942521055249,-0.9289469637495271,-2.922570144242852,0.18243037554935126,0.47745279875261204,11.332278505255585
1201054710,102912232,2023-02-07,619,0.11456598186192855,0,0.1662088103461785,0.18732942521055249,-0.9289469637495271,-1.8837155442628168,0.4954585284941684,0.42472840718374805,8.989943046329998
1296685797,1392108685,2023-02-13,449,0.1583215796897038,0,-0.8683116280911243,0.693970453366422,-0.56653559226931,-0.621989211263142,-0.16990189798351318,1.1824367166922647,2.494073846462725
1296685797,2142862519,2023-02-13,279,0.09837799717912553,0,-0.8683116280911243,0.693970453366422,-0.56653559226931,-4.644360373403819,0.20195842621163074,0.1292212114514335,1.4939151245672235
1296685797,571184990,2023-02-13,278,0.09802538787023977,0,-0.8683116280911243,0.693970453366422,-0.56653559226931,-3.3265292569791782,0.0949534186161114,0.18520426138346302,0.8595491918076608
1296685797,28402,2023-02-13,263,0.09273624823695345,0,-0.8683116280911243,0.693970453366422,-0.56653559226931,-4.400206870648581,0.47176715010168735,-0.1936308169107388,2.2293544642798224
1296685797,8,2023-02-13,219,0.07722143864598026,0,-0.8683116280911243,0.693970453366422,-0.56653559226931,-5.774310622572315,0.04255816855664918,0.31059889741214697,1.687657885127594
1296685797,1143128590,2023-02-13,208,0.07334273624823695,0,-0.8683116280911243,0.693970453366422,-0.56653559226931,-1.448952557426249,-1.2215661412160528,0.7458654675768202,1.4921630253132054
1296685797,15,2023-02-13,194,0.0684062059238364,0,-0.8683116280911243,0.693970453366422,-0.56653559226931,-5.186480313135953,0.045188328114646126,0.37457777795069447,1.7199882115274328
1296685797,612176483,2023-02-13,188,0.06629055007052186,0,-0.8683116280911243,0.693970453366422,-0.56653559226931,-2.075382426587285,-0.07221332399891711,0.5771054098854798,1.5558332213423913
1296685797,5,2023-02-13,172,0.06064880112834979,0,-0.8683116280911243,0.693970453366422,-0.56653559226931,1.4429700887637629,-0.06056812510600018,-0.2184079465683757,1.8220647986191096
1296685797,445015,2023-02-13,166,0.05853314527503526,0,-0.8683116280911243,0.693970453366422,-0.56653559226931,-5.04963840467897,-0.3575810332772189,0.9886850843113404,2.3054146547265297
1296685797,1199730922,2023-02-13,158,0.05571227080394922,0,-0.8683116280911243,0.693970453366422,-0.56653559226931,-3.333768041475185,0.1083120712968304,0.8315809011834752,2.0243864739611244
1296685797,2018450532,2023-02-13,158,0.05571227080394922,0,-0.8683116280911243,0.693970453366422,-0.56653559226931,-3.5221040519427933,-0.31797243850517765,0.8986217447014937,1.594647118294457
463277681,326,2023-02-22,222,0.4977578475336323,0,0.5980313430657339,0.4165763898909275,-0.30538164955118186,1.026587018431269,-0.7013521216397729,1.416020541385092,-0.7945446297529193
463277681,15,2023-02-22,205,0.45964125560538116,0,0.5980313430657339,0.4165763898909275,-0.30538164955118186,-5.130642636495333,0.0940650713165967,-0.2925410625074303,0.2670129145051483
463277681,447906,2023-02-22,166,0.3721973094170404,0,0.5980313430657339,0.4165763898909275,-0.30538164955118186,0.7987943859556363,0.10376584069671724,-0.0816780310142673,0.0
463277681,445706,2023-02-22,164,0.36771300448430494,0,0.5980313430657339,0.4165763898909275,-0.30538164955118186,0.9922818348068065,0.41951144834108334,-0.46661953126149536,0.0
463277681,113205,2023-02-22,160,0.35874439461883406,0,0.5980313430657339,0.4165763898909275,-0.30538164955118186,0.8224754696968943,0.2513866574414316,-0.33647223662121295,0.0
463277681,463616358,2023-02-22,156,0.34977578475336324,0,0.5980313430657339,0.4165763898909275,-0.30538164955118186,0.5895692563737042,-0.34596758724150156,0.5162164724008673,0.0
463277681,39388507,2023-02-22,155,0.3475336322869955,0,0.5980313430657339,0.4165763898909275,-0.30538164955118186,0.9652150394167875,0.34011690096103464,-0.3437715391028249,0.0
463277681,3885154,2023-02-22,155,0.3475336322869955,0,0.5980313430657339,0.4165763898909275,-0.30538164955118186,2.098734919975594,,1.3862943611198906,0.0
463277681,463572,2023-02-22,155,0.3475336322869955,0,0.5980313430657339,0.4165763898909275,-0.30538164955118186,0.9884750292083424,0.3171275676906813,-0.38677297509601205,0.0
1568356470,313,2023-02-22,378,0.9,1,1.6053189716736378,0.2859232223601629,0.016000341346440905,-3.5271326535687173,-1.9288944420831504,1.6730373746413214,-0.0184091220307252
1568356470,42,2023-02-22,375,0.8928571428571429,1,1.6053189716736378,0.2859232223601629,0.016000341346440905,-4.266101769511984,0.21921807160335316,-0.04868128169240471,0.3335151680097397
1568356470,82,2023-02-22,368,0.8761904761904762,1,1.6053189716736378,0.2859232223601629,0.016000341346440905,-1.9376629807426393,0.0789797880293539,-0.2703525094496566,0.2320367823364844
1568356470,2142864304,2023-02-22,354,0.8428571428571429,1,1.6053189716736378,0.2859232223601629,0.016000341346440905,-3.6582304901981466,-1.3071427308011598,1.355700821768103,0.11850989306858217
1568356470,2142865506,2023-02-22,354,0.8428571428571429,1,1.6053189716736378,0.2859232223601629,0.016000341346440905,-1.806337990554094,0.07797791636455886,-0.2529503772980899,0.2012417744089383
1568356470,1274,2023-02-22,353,0.8404761904761905,1,1.6053189716736378,0.2859232223601629,0.016000341346440905,-0.878982056447986,0.04896558458447575,-0.3373341817974058,-0.005090796672408082
1568356470,545,2023-02-22,351,0.8357142857142857,1,1.6053189716736378,0.2859232223601629,0.016000341346440905,-0.9701116012119253,-0.021705129367046272,-0.10993426186431243,-0.06751389596487378
1568356470,172,2023-02-22,351,0.8357142857142857,1,1.6053189716736378,0.2859232223601629,0.016000341346440905,-1.1609049019648896,-0.49359404776284566,0.7082773891562502,0.2964194748674487
1568356470,2142884713,2023-02-22,351,0.8357142857142857,1,1.6053189716736378,0.2859232223601629,0.016000341346440905,-1.780061751823941,-0.007073699016362678,-0.14329026643703813,0.17474085119743243
1568356470,2142864862,2023-02-22,350,0.8333333333333334,1,1.6053189716736378,0.2859232223601629,0.016000341346440905,-1.7686230108942367,0.05606432260976324,-0.22884727418698425,0.20339026200793953
1568356470,2560,2023-02-22,350,0.8333333333333334,1,1.6053189716736378,0.2859232223601629,0.016000341346440905,-1.5011935357270982,-0.07423314238781398,-0.07227543977695383,-0.2183744881376839
1568356470,2122725237,2023-02-22,350,0.8333333333333334,1,1.6053189716736378,0.2859232223601629,0.016000341346440905,-1.7502961109484134,0.03291687416322864,-0.2048659746294561,0.21048421180061894
39388507,326,2023-02-22,220,0.4793028322440087,0,0.6250981384557529,0.34011690096103464,-0.3437715391028249,1.026587018431269,-0.7013521216397729,1.416020541385092,-0.7945446297529193
39388507,15,2023-02-22,208,0.4531590413943355,0,0.6250981384557529,0.34011690096103464,-0.3437715391028249,-5.130642636495333,0.0940650713165967,-0.2925410625074303,0.2670129145051483
39388507,113205,2023-02-22,160,0.3485838779956427,0,0.6250981384557529,0.34011690096103464,-0.3437715391028249,0.8224754696968943,0.2513866574414316,-0.33647223662121295,0.0
39388507,10708,2023-02-22,156,0.33986928104575165,0,0.6250981384557529,0.34011690096103464,-0.3437715391028249,-1.7085998643454936,-0.005586926529697278,-0.23471513750620154,0.08316622916569294
39388507,300490,2023-02-22,156,0.33986928104575165,0,0.6250981384557529,0.34011690096103464,-0.3437715391028249,0.6490602118009554,0.09519136340317691,-0.10354067894084018,-5.746203190540153
460417,326,2023-02-22,217,0.49095022624434387,0,0.5128803594713294,0.5795442029536964,-0.7731898882334813,1.026587018431269,-0.7013521216397729,1.416020541385092,-0.7945446297529193
460417,15,2023-02-22,202,0.45701357466063347,0,0.5128803594713294,0.5795442029536964,-0.7731898882334813,-5.130642636495333,0.0940650713165967,-0.2925410625074303,0.2670129145051483
460417,113205,2023-02-22,159,0.3597285067873303,0,0.5128803594713294,0.5795442029536964,-0.7731898882334813,0.8224754696968943,0.2513866574414316,-0.33647223662121295,0.0
460417,463616358,2023-02-22,155,0.3506787330316742,0,0.5128803594713294,0.5795442029536964,-0.7731898882334813,0.5895692563737042,-0.34596758724150156,0.5162164724008673,0.0
460417,300490,2023-02-22,154,0.34841628959276016,0,0.5128803594713294,0.5795442029536964,-0.7731898882334813,0.6490602118009554,0.09519136340317691,-0.10354067894084018,-5.746203190540153
460417,445706,2023-02-22,152,0.3438914027149321,0,0.5128803594713294,0.5795442029536964,-0.7731898882334813,0.9922818348068065,0.41951144834108334,-0.46661953126149536,0.0
460417,463597124,2023-02-22,152,0.3438914027149321,0,0.5128803594713294,0.5795442029536964,-0.7731898882334813,-3.5091931865961357,-2.2846458007503894,1.7535048058733143,-0.05765916497710144
460417,39388566,2023-02-22,152,0.3438914027149321,0,0.5128803594713294,0.5795442029536964,-0.7731898882334813,1.4363074860973004,0.7282573033203756,-0.23262229526875355,0.0
460417,3885154,2023-02-22,152,0.3438914027149321,0,0.5128803594713294,0.5795442029536964,-0.7731898882334813,2.098734919975594,,1.3862943611198906,0.0
163238,40,2023-02-27,212,0.5905292479108635,1,1.81694448604539,0.353845760862709,-1.120591195386885,-2.259040935258036,0.09277566117924829,-0.7389131194317997,0.24512737860268885
163238,2532,2023-02-27,138,0.38440111420612816,0,1.81694448604539,0.353845760862709,-1.120591195386885,0.5184413774662563,0.5382264407786642,-1.9143181831831013,-0.5739406571187091
163238,25434,2023-02-27,132,0.36768802228412256,0,1.81694448604539,0.353845760862709,-1.120591195386885,-0.8038541145807486,0.09624158750708744,-0.9259911370573626,0.16737765690348994
163238,44755,2023-02-27,117,0.32590529247910865,0,1.81694448604539,0.353845760862709,-1.120591195386885,1.0140967846542879,0.3739981430066862,-0.9702900391235554,0.3664782857289586
163238,3297,2023-02-27,82,0.22841225626740946,0,1.81694448604539,0.353845760862709,-1.120591195386885,-3.431359196950722,-0.8288256905245146,0.0929931786460223,1.2479986442047935
163238,82,2023-02-27,62,0.17270194986072424,0,1.81694448604539,0.353845760862709,-1.120591195386885,-1.8913473099903466,0.04916783630481736,-0.7337138233317813,0.1874333785088087
163238,15,2023-02-27,61,0.16991643454038996,0,1.81694448604539,0.353845760862709,-1.120591195386885,-5.131805833395303,0.054674479740650206,-0.7738368420167134,0.19859822063360255
163238,188443,2023-02-27,48,0.13370473537604458,0,1.81694448604539,0.353845760862709,-1.120591195386885,2.0277615780072518,0.06444830529951329,-1.7578579175523736,-1.239690886928015
163238,2577,2023-02-27,47,0.1309192200557103,0,1.81694448604539,0.353845760862709,-1.120591195386885,2.0982469427678763,0.11776613033170324,-0.9162907318741551,-0.3856624808119844
163238,141024,2023-02-27,46,0.12813370473537605,0,1.81694448604539,0.353845760862709,-1.120591195386885,2.0492340420021717,-0.27346540191573876,0.485507815781701,-0.6190392084062235
163238,40689,2023-02-27,46,0.12813370473537605,0,1.81694448604539,0.353845760862709,-1.120591195386885,2.1621672583359453,0.261602644210861,-0.8007778447523104,-2.70805020110221
163238,6733,2023-02-27,46,0.12813370473537605,0,1.81694448604539,0.353845760862709,-1.120591195386885,2.217664038673695,-0.10703206908061391,0.4353180712578455,-1.1631508098056809
190732457,42,2023-03-01,1050,0.5788313120176406,1,0.19483923975139547,0.4546264046660601,-1.5047759647404142,-4.241520377628106,0.07431222929269587,-1.1371363736762063,0.7161174175303948
190732457,2142864304,2023-03-01,1032,0.5689084895259096,1,0.19483923975139547,0.4546264046660601,-1.5047759647404142,-3.4643764162565063,-0.35894256839201333,-0.5751260031700038,1.0796818411880569
190732457,2142862519,2023-03-01,1004,0.5534729878721059,1,0.19483923975139547,0.4546264046660601,-1.5047759647404142,-4.790552028897629,-0.1901792744837536,-0.7917060603322952,-0.5758230787357892
190732457,2129632899,2023-03-01,977,0.5385887541345094,1,0.19483923975139547,0.4546264046660601,-1.5047759647404142,-1.710806468336493,0.04387508573075327,-1.089127344297518,0.05009926439494272
190732457,82,2023-03-01,971,0.5352811466372657,1,0.19483923975139547,0.4546264046660601,-1.5047759647404142,-1.9173457611168192,0.015248559693448405,-1.0230345385536737,0.38643661256362627
190732457,2116182225,2023-03-01,961,0.5297684674751929,1,0.19483923975139547,0.4546264046660601,-1.5047759647404142,-1.80610287867504,0.04575842068038738,-1.079347912634944,0.04859863321688174
190732457,313,2023-03-01,950,0.523704520396913,1,0.19483923975139547,0.4546264046660601,-1.5047759647404142,-3.2419109528210006,-0.6079019003900172,-0.5015728837025328,1.6913700096909743
190732457,2142864862,2023-03-01,949,0.5231532524807057,1,0.19483923975139547,0.4546264046660601,-1.5047759647404142,-1.7704143267774082,0.03708739964765617,-1.0764182979049686,0.02303341878992704
190732457,2123295900,2023-03-01,947,0.5220507166482911,1,0.19483923975139547,0.4546264046660601,-1.5047759647404142,-1.7114393959082634,0.039995192927118506,-1.0708735221077479,0.10508958112556321
190732457,2122450336,2023-03-01,944,0.5203969128996693,1,0.19483923975139547,0.4546264046660601,-1.5047759647404142,-1.7197628652574188,0.06929789076087944,-1.1080671337626278,0.01582311493924138
190732457,2142865506,2023-03-01,932,0.5137816979051819,1,0.19483923975139547,0.4546264046660601,-1.5047759647404142,-1.7822603520219702,0.09237816547068345,-1.13069042100895,0.019406382545414047
190732457,2142869398,2023-03-01,914,0.503858875413451,1,0.19483923975139547,0.4546264046660601,-1.5047759647404142,-1.7199547838948774,0.04847216050327652,-1.096260603992631,0.05389460028577453
136833,313,2023-03-01,392,0.9095127610208816,1,1.9103200076695497,-0.25190877670766754,-1.3993664426872439,-3.2419109528210006,-0.6079019003900172,-0.5015728837025328,1.6913700096909743
136833,42,2023-03-01,390,0.9048723897911833,1,1.9103200076695497,-0.25190877670766754,-1.3993664426872439,-4.241520377628106,0.07431222929269587,-1.1371363736762063,0.7161174175303948
136833,82,2023-03-01,385,0.8932714617169374,1,1.9103200076695497,-0.25190877670766754,-1.3993664426872439,-1.9173457611168192,0.015248559693448405,-1.0230345385536737,0.38643661256362627
136833,172,2023-03-01,385,0.8932714617169374,1,1.9103200076695497,-0.25190877670766754,-1.3993664426872439,-1.5197435893049087,-0.7558336959779656,-0.08618776678521378,0.7456373631813422
136833,545,2023-03-01,378,0.877030162412993,1,1.9103200076695497,-0.25190877670766754,-1.3993664426872439,-1.0989943610460935,-0.21728293866738269,-0.7586043972145893,0.1844257132778182
136833,2560,2023-03-01,371,0.8607888631090487,1,1.9103200076695497,-0.25190877670766754,-1.3993664426872439,-1.4439938317518415,0.09748590196352835,-1.163122218363097,-0.39101567564653195
136833,2142864862,2023-03-01,366,0.8491879350348028,1,1.9103200076695497,-0.25190877670766754,-1.3993664426872439,-1.7704143267774082,0.03708739964765617,-1.0764182979049686,0.02303341878992704
136833,889,2023-03-01,366,0.8491879350348028,1,1.9103200076695497,-0.25190877670766754,-1.3993664426872439,-0.8161429684693026,-0.0719424357471028,-1.0488402376468402,-1.9942655281856503
136833,360,2023-03-01,365,0.8468677494199536,1,1.9103200076695497,-0.25190877670766754,-1.3993664426872439,-1.0430375085331662,-0.11520664497520916,-0.9215192948431978,0.2511569789595809
136833,2122437132,2023-03-01,364,0.8445475638051044,1,1.9103200076695497,-0.25190877670766754,-1.3993664426872439,-1.722620271479491,0.04505951914980799,-1.0764199770737477,0.017732500102376036
136833,2142862519,2023-03-01,362,0.839907192575406,1,1.9103200076695497,-0.25190877670766754,-1.3993664426872439,-4.790552028897629,-0.1901792744837536,-0.7917060603322952,-0.5758230787357892
136833,2142890311,2023-03-01,362,0.839907192575406,1,1.9103200076695497,-0.25190877670766754,-1.3993664426872439,-1.7297671964281638,0.044893039697480486,-1.0923850270012938,0.07493445642869467
184924548,293235,2023-03-01,15,0.39473684210526316,0,,,1.6094379124341003,-3.3454445293268606,-5.929754107523081,0.0,-2.302585092994046
184924548,432700,2023-03-01,14,0.3684210526315789,0,,,1.6094379124341003,-4.080001658665935,,2.0794415416798357,-1.6094379124341003
184924548,3615,2023-03-01,14,0.3684210526315789,0,,,1.6094379124341003,1.894934631135398,-0.06397860988560833,-0.7137664677626807,-0.7628805185746206
184924548,54093,2023-03-01,14,0.3684210526315789,0,,,1.6094379124341003,1.24667755968792,-0.14059165137211527,-1.7491998548092593,-0.6931471805599453
184924548,93,2023-03-01,14,0.3684210526315789,0,,,1.6094379124341003,1.3941633717823052,-0.24277780713431563,-0.7866732385707684,0.06979576193554138
184924548,342060,2023-03-01,13,0.34210526315789475,0,,,1.6094379124341003,-2.302072239996934,,1.6094379124341003,-1.7047480922384253
184924548,7667,2023-03-01,13,0.34210526315789475,0,,,1.6094379124341003,1.4245546762331027,-0.174714083154065,-0.7635279773217447,-0.6043159668533296
184924548,150326,2023-03-01,13,0.34210526315789475,0,,,1.6094379124341003,-3.325685749931145,-5.909995328127366,0.4054651081081645,-1.0986122886681098
184924548,639,2023-03-01,13,0.34210526315789475,0,,,1.6094379124341003,-2.47771244156469,-0.4746806143472426,-0.5564980551176468,-0.03006386033808539
184924548,253585966,2023-03-01,13,0.34210526315789475,0,,,1.6094379124341003,-3.5699637497649004,-6.19379088675255,0.6931471805599453,0.0
184924548,2066188192,2023-03-01,13,0.34210526315789475,0,,,1.6094379124341003,-3.0185264935585567,,0.6931471805599453,0.0
52161,313,2023-03-01,901,0.8016014234875445,1,0.6373198450391429,1.057032777563752,-1.911718784307034,-3.2419109528210006,-0.6079019003900172,-0.5015728837025328,1.6913700096909743
52161,42,2023-03-01,892,0.7935943060498221,1,0.6373198450391429,1.057032777563752,-1.911718784307034,-4.241520377628106,0.07431222929269587,-1.1371363736762063,0.7161174175303948
52161,82,2023-03-01,846,0.7526690391459074,1,0.6373198450391429,1.057032777563752,-1.911718784307034,-1.9173457611168192,0.015248559693448405,-1.0230345385536737,0.38643661256362627
52161,26356,2023-03-01,826,0.7348754448398577,1,0.6373198450391429,1.057032777563752,-1.911718784307034,0.25632543689120546,-0.37894686492264174,-0.056695343676545384,-0.8329091229351038
52161,3692,2023-03-01,822,0.7313167259786477,1,0.6373198450391429,1.057032777563752,-1.911718784307034,0.3571777517387334,0.07043434789691166,0.04067103973092756,0.5306282510621707
52161,2560,2023-03-01,793,0.7055160142348754,1,0.6373198450391429,1.057032777563752,-1.911718784307034,-1.4439938317518415,0.09748590196352835,-1.163122218363097,-0.39101567564653195
52161,172,2023-03-01,785,0.6983985765124555,1,0.6373198450391429,1.057032777563752,-1.911718784307034,-1.5197435893049087,-0.7558336959779656,-0.08618776678521378,0.7456373631813422
52161,110,2023-03-01,772,0.6868327402135231,1,0.6373198450391429,1.057032777563752,-1.911718784307034,-0.6456650376334186,-0.11969515260868713,-1.8915702624800081,0.06573338747531832
52161,545,2023-03-01,767,0.6823843416370107,1,0.6373198450391429,1.057032777563752,-1.911718784307034,-1.0989943610460935,-0.21728293866738269,-0.7586043972145893,0.1844257132778182
52161,1615,2023-03-01,763,0.6788256227758007,1,0.6373198450391429,1.057032777563752,-1.911718784307034,0.05675046400211148,0.24413473793928686,-0.6643626183944855,1.543364290327891
52161,145,2023-03-01,761,0.6770462633451957,1,0.6373198450391429,1.057032777563752,-1.911718784307034,-3.379738947231025,-0.5561303089956691,-0.5923526679394175,1.177579433551168
52161,54,2023-03-01,752,0.6690391459074733,1,0.6373198450391429,1.057032777563752,-1.911718784307034,-3.2758708139105166,-0.5533517340846186,-0.5264626027477757,1.2500994628890378
714843217,42,2023-03-02,1028,0.9734848484848485,1,0.2923336318193955,0.8150024033938494,-2.3200782504415622,-4.234905152205955,0.030551301233527894,-1.3507852035733716,0.6986005941735556
714843217,313,2023-03-02,999,0.9460227272727273,1,0.2923336318193955,0.8150024033938494,-2.3200782504415622,-3.09847534340844,-0.3220943798072984,-0.8839933717140109,1.7794021911908473
714843217,2142869398,2023-03-02,962,0.9109848484848485,1,0.2923336318193955,0.8150024033938494,-2.3200782504415622,-1.7145338222694233,0.041610591375381034,-1.3061678810057638,0.07638053379448984
714843217,2142869226,2023-03-02,957,0.90625,1,0.2923336318193955,0.8150024033938494,-2.3200782504415622,-1.749460957629647,-0.002710288100773006,-1.230192092647152,0.02390940924883367
714843217,2143015613,2023-03-02,956,0.9053030303030303,1,0.2923336318193955,0.8150024033938494,-2.3200782504415622,-1.7035720493614024,0.06807459531429827,-1.3298635193088648,0.07915657558187839
714843217,2122514680,2023-03-02,955,0.9043560606060606,1,0.2923336318193955,0.8150024033938494,-2.3200782504415622,-1.7324398889303676,0.0205507373111109,-1.2584346337086982,0.05256006197970464
714843217,2142862519,2023-03-02,955,0.9043560606060606,1,0.2923336318193955,0.8150024033938494,-2.3200782504415622,-4.799990275558799,-0.18926717169124796,-1.0143178304358802,-0.48909567457160286
714843217,2122397525,2023-03-02,953,0.9024621212121212,1,0.2923336318193955,0.8150024033938494,-2.3200782504415622,-1.6924964923530377,0.05986897756862386,-1.3289423504930449,-0.009780331752029525
714843217,2122725237,2023-03-02,953,0.9024621212121212,1,0.2923336318193955,0.8150024033938494,-2.3200782504415622,-1.7125280963087617,0.04453223271202478,-1.3163093362530045,-0.024936485290030674
714843217,2129632899,2023-03-02,951,0.9005681818181818,1,0.2923336318193955,0.8150024033938494,-2.3200782504415622,-1.7057960096725022,0.041854503437382506,-1.3074263516074334,0.06001800972625304
714843217,2142884713,2023-03-02,951,0.9005681818181818,1,0.2923336318193955,0.8150024033938494,-2.3200782504415622,-1.7426197095151155,0.04799058450675542,-1.3069611706819106,0.03926444057596967
714843217,2142890311,2023-03-02,949,0.8986742424242424,1,0.2923336318193955,0.8150024033938494,-2.3200782504415622,-1.6900667498769484,0.08306703648196723,-1.3689355537723715,0.11417324388558292
1409081993,42,2023-03-02,991,0.9831349206349206,1,0.2186894405339026,0.504382123312932,-1.8123787564307907,-4.234905152205955,0.030551301233527894,-1.3507852035733716,0.6986005941735556
1409081993,313,2023-03-02,963,0.9553571428571429,1,0.2186894405339026,0.504382123312932,-1.8123787564307907,-3.09847534340844,-0.3220943798072984,-0.8839933717140109,1.7794021911908473
1409081993,2142869398,2023-03-02,933,0.9255952380952381,1,0.2186894405339026,0.504382123312932,-1.8123787564307907,-1.7145338222694233,0.041610591375381034,-1.3061678810057638,0.07638053379448984
1409081993,2142890311,2023-03-02,930,0.9226190476190477,1,0.2186894405339026,0.504382123312932,-1.8123787564307907,-1.6900667498769484,0.08306703648196723,-1.3689355537723715,0.11417324388558292
1409081993,2142869226,2023-03-02,929,0.9216269841269841,1,0.2186894405339026,0.504382123312932,-1.8123787564307907,-1.749460957629647,-0.002710288100773006,-1.230192092647152,0.02390940924883367
1409081993,2123295900,2023-03-02,927,0.9196428571428571,1,0.2186894405339026,0.504382123312932,-1.8123787564307907,-1.695945377250206,0.05066018776614012,-1.3036238001176494,0.0998558551887001
1409081993,2129632899,2023-03-02,925,0.9176587301587301,1,0.2186894405339026,0.504382123312932,-1.8123787564307907,-1.7057960096725022,0.041854503437382506,-1.3074263516074334,0.06001800972625304
1409081993,2122725237,2023-03-02,923,0.9156746031746031,1,0.2186894405339026,0.504382123312932,-1.8123787564307907,-1.7125280963087617,0.04453223271202478,-1.3163093362530045,-0.024936485290030674
1409081993,2142862519,2023-03-02,923,0.9156746031746031,1,0.2186894405339026,0.504382123312932,-1.8123787564307907,-4.799990275558799,-0.18926717169124796,-1.0143178304358802,-0.48909567457160286
1409081993,2122514680,2023-03-02,922,0.9146825396825397,1,0.2186894405339026,0.504382123312932,-1.8123787564307907,-1.7324398889303676,0.0205507373111109,-1.2584346337086982,0.05256006197970464
1409081993,2142911275,2023-03-02,921,0.9136904761904762,1,0.2186894405339026,0.504382123312932,-1.8123787564307907,-1.7204007259752219,0.04897531627726526,-1.3039378192323472,0.07899010858560551
1409081993,2142865506,2023-03-02,921,0.9136904761904762,1,0.2186894405339026,0.504382123312932,-1.8123787564307907,-1.746627985535444,0.12367324975162419,-1.3914931062282099,0.05827830445658755
42965,24398,2023-03-04,30,0.5,1,0.2820612194283651,0.12841737399295328,-2.246495626343002,-0.9745084257049019,0.25243462709373365,-2.3348256915824432,0.09585196499975268
42965,39441,2023-03-04,30,0.5,1,0.2820612194283651,0.12841737399295328,-2.246495626343002,1.6747991340367703,-0.5239796366852456,-1.488077055429833,1.1895840668738362
42965,3142,2023-03-04,29,0.48333333333333334,0,0.2820612194283651,0.12841737399295328,-2.246495626343002,-0.9335232670941204,0.4043707572730383,-2.581727403897692,-0.949557569835866
42965,99034,2023-03-04,29,0.48333333333333334,0,0.2820612194283651,0.12841737399295328,-2.246495626343002,0.22235071192765682,0.004186227404878201,-1.920120754172399,1.2034291783272257
42965,8394,2023-03-04,28,0.4666666666666667,0,0.2820612194283651,0.12841737399295328,-2.246495626343002,-0.4142031630178008,-0.7070850611063113,-0.31057589231763316,0.4995895504990653
42965,15943,2023-03-04,28,0.4666666666666667,0,0.2820612194283651,0.12841737399295328,-2.246495626343002,0.30068879417511085,-0.011587994839980131,-2.0239528560621824,0.6176966259713916
42965,2803,2023-03-04,28,0.4666666666666667,0,0.2820612194283651,0.12841737399295328,-2.246495626343002,-0.83056185698311,0.27340066157975607,-1.8741662441964726,0.9449654633383364
42965,89625,2023-03-04,27,0.45,0,0.2820612194283651,0.12841737399295328,-2.246495626343002,0.1735448679653319,-0.039044934170942736,-1.9218125974762525,0.44790015074230816
42965,16044,2023-03-04,27,0.45,0,0.2820612194283651,0.12841737399295328,-2.246495626343002,0.20591935943978082,-0.035448994467616235,-1.9630779526776791,0.14030754573506066
42965,15942,2023-03-04,26,0.43333333333333335,0,0.2820612194283651,0.12841737399295328,-2.246495626343002,-0.9431981035619863,0.2902892947112474,-2.370720242714744,-1.0000138802781056
42965,22599,2023-03-04,26,0.43333333333333335,0,0.2820612194283651,0.12841737399295328,-2.246495626343002,0.4460996103111612,0.08373164554779594,-1.7709253823252133,-0.10709813555636671
42965,129575,2023-03-04,26,0.43333333333333335,0,0.2820612194283651,0.12841737399295328,-2.246495626343002,1.929692982912721,-0.06331705895316819,-2.079441541679836,1.0459685551826876
468412982,545742922,2023-03-04,2662,0.2656156455797246,0,-1.2685913217895965,0.4567988971136716,-2.542182858970457,-0.9138122383392564,0.3313238829792533,-2.412491071023547,-1.1560149400302615
468412982,58594608,2023-03-04,2478,0.24725603671921773,0,-1.2685913217895965,0.4567988971136716,-2.542182858970457,-1.1551369619704268,0.0919434509990189,-2.0581854777037236,-1.2193921598106003
468412982,432481,2023-03-04,2415,0.24096986629415287,0,-1.2685913217895965,0.4567988971136716,-2.542182858970457,-0.9442476531452747,0.303681611076002,-2.4011512789309375,-1.1461589984383638
468412982,5745,2023-03-04,2380,0.23747754939133905,0,-1.2685913217895965,0.4567988971136716,-2.542182858970457,-2.6113548297357854,-0.1812000351316727,-1.7548433979889602,-1.0542994439276026
468412982,1392108845,2023-03-04,2320,0.2314907204150868,0,-1.2685913217895965,0.4567988971136716,-2.542182858970457,-2.797799816677415,0.5344313718197129,-2.021213094541361,1.490188415489909
468412982,396073,2023-03-04,2314,0.2308920375174616,0,-1.2685913217895965,0.4567988971136716,-2.542182858970457,-0.8655627534444299,0.41485582598662063,-2.5395584954537638,-1.0372089443419332
468412982,104169131,2023-03-04,2257,0.22520454999002196,0,-1.2685913217895965,0.4567988971136716,-2.542182858970457,-0.8897751714355578,0.3367446088781961,-2.416579557287027,-1.085418461265328
468412982,234571930,2023-03-04,2247,0.22420674516064656,0,-1.2685913217895965,0.4567988971136716,-2.542182858970457,-0.8590317670309395,0.3694852488843794,-2.462350844244882,-1.1839593622297766
468412982,398506290,2023-03-04,2240,0.2235082817800838,0,-1.2685913217895965,0.4567988971136716,-2.542182858970457,-0.8441098867251366,0.3855208564516821,-2.466098613717037,-1.1400730567648596
468412982,324984724,2023-03-04,2197,0.2192177210137697,0,-1.2685913217895965,0.4567988971136716,-2.542182858970457,-0.926918334598149,0.3137724346946288,-2.405528110268296,-1.062208118152605
468412982,313661,2023-03-04,2183,0.2178207942526442,0,-1.2685913217895965,0.4567988971136716,-2.542182858970457,-0.8912321190444555,0.35095372130005653,-2.443887630343456,-1.123850221257972
468412982,39745,2023-03-04,2172,0.21672320894033126,0,-1.2685913217895965,0.4567988971136716,-2.542182858970457,-0.9372734896728498,0.3243909920959194,-2.4296503124077793,-1.169844925096739
95620,40,2023-03-04,27,0.6585365853658537,1,0.3321287718302037,0.08260214828341672,-2.0874224300108493,-1.5232583796052337,0.9380156229144867,-3.1383411929410787,-0.1496552433857019
95620,145,2023-03-04,26,0.6341463414634146,1,0.3321287718302037,0.08260214828341672,-2.0874224300108493,-2.8002882091786723,0.4326713038029175,-2.031096126655026,1.5206004166637186
95620,581,2023-03-04,25,0.6097560975609756,1,0.3321287718302037,0.08260214828341672,-2.0874224300108493,0.24075043438670524,-0.10761385929589451,-1.7866443685612845,0.1570618900347167
95620,189,2023-03-04,25,0.6097560975609756,1,0.3321287718302037,0.08260214828341672,-2.0874224300108493,0.28808467905432533,0.00447861860882115,-1.9095425048844383,0.48242614924429184
95620,12557,2023-03-04,25,0.6097560975609756,1,0.3321287718302037,0.08260214828341672,-2.0874224300108493,0.35992258157364265,0.10544547903937368,-2.167243745124283,0.45391749149411087
95620,5734,2023-03-04,25,0.6097560975609756,1,0.3321287718302037,0.08260214828341672,-2.0874224300108493,-2.502955530119176,0.5785649168832006,-1.985594039425962,2.0495418423512035
95620,21917,2023-03-04,24,0.5853658536585366,1,0.3321287718302037,0.08260214828341672,-2.0874224300108493,0.2235762206572043,-0.09457964912475894,-1.883389792073979,0.283362411307265
95620,2142864304,2023-03-04,24,0.5853658536585366,1,0.3321287718302037,0.08260214828341672,-2.0874224300108493,-2.9037600644951063,0.5084380527921133,-2.026049448644182,1.3938405405780045
95620,23134,2023-03-04,24,0.5853658536585366,1,0.3321287718302037,0.08260214828341672,-2.0874224300108493,-0.8708581520068501,0.37622244058979715,-2.4928601943156057,-0.6682223069070972
95620,1081,2023-03-04,24,0.5853658536585366,1,0.3321287718302037,0.08260214828341672,-2.0874224300108493,-2.5571923122006566,0.5546896871941871,-1.9926497603984998,1.9895210201259985
95620,2973,2023-03-04,23,0.5609756097560976,1,0.3321287718302037,0.08260214828341672,-2.0874224300108493,0.2455707654369951,-0.09899385814161535,-1.7849335041576548,0.8618218235127175
95620,184281,2023-03-04,23,0.5609756097560976,1,0.3321287718302037,0.08260214828341672,-2.0874224300108493,0.2453613857518711,-0.13004653369315022,-1.8363637754648092,-0.12847832477313137
158554,42,2023-03-04,405,0.8544303797468354,1,0.17340703089127926,0.10276844711909136,-2.08756066611834,-4.181665442379704,0.09826094064552304,-2.1335300559686647,0.9188034946860153
158554,313,2023-03-04,402,0.8481012658227848,1,0.17340703089127926,0.10276844711909136,-2.08756066611834,-2.422093286697491,0.6516088042749835,-2.0202617710853694,2.0933072168610316
158554,2560,2023-03-04,399,0.8417721518987342,1,0.17340703089127926,0.10276844711909136,-2.08756066611834,-1.4013225208412208,0.1255481624279815,-2.1254505463997404,-0.45548948181425786
158554,2142864304,2023-03-04,390,0.8227848101265823,1,0.17340703089127926,0.10276844711909136,-2.08756066611834,-2.9037600644951063,0.5084380527921133,-2.026049448644182,1.3938405405780045
158554,2116182225,2023-03-04,389,0.820675105485232,1,0.17340703089127926,0.10276844711909136,-2.08756066611834,-1.7696521501182692,0.053302582375316154,-1.9740007402044562,0.03498311316977443
158554,82,2023-03-04,387,0.8164556962025317,1,0.17340703089127926,0.10276844711909136,-2.08756066611834,-1.7657656239182247,0.16782387677977106,-2.131651681822887,0.7512024593261231
158554,2142862519,2023-03-04,387,0.8164556962025317,1,0.17340703089127926,0.10276844711909136,-2.08756066611834,-4.895565500895058,-0.2767419125295385,-1.594003374852294,-0.07420961141476212
158554,2142864862,2023-03-04,386,0.8143459915611815,1,0.17340703089127926,0.10276844711909136,-2.08756066611834,-1.6874437210129813,0.09368190477831129,-2.052025363930584,0.02819505228611341
158554,2142865418,2023-03-04,383,0.8080168776371308,1,0.17340703089127926,0.10276844711909136,-2.08756066611834,-1.7646976767563474,0.01723643485129256,-1.9642807214237177,0.0588767483237973
158554,54,2023-03-04,379,0.79957805907173,1,0.17340703089127926,0.10276844711909136,-2.08756066611834,-2.518804081655699,0.6283834740706506,-2.015063601846931,1.6534954323661797
158554,2143002309,2023-03-04,377,0.7953586497890295,1,0.17340703089127926,0.10276844711909136,-2.08756066611834,-1.632169078231251,0.1206512892175442,-2.1027940984903184,-0.008894437883325779
158554,2142879863,2023-03-04,374,0.7890295358649789,1,0.17340703089127926,0.10276844711909136,-2.08756066611834,-1.602822426656584,0.13610848713727264,-2.1062430550585427,0.033260813523433796
57402,2908,2023-03-04,52,0.27956989247311825,0,0.2585114733693862,0.2864716367197758,-2.2980974265246576,0.5216214875799804,0.2584717686910682,-2.2928153013982406,0.6510652351256319
57402,1711,2023-03-04,50,0.26881720430107525,0,0.2585114733693862,0.2864716367197758,-2.2980974265246576,-1.0300448730845022,-0.22788014610182716,-1.676434041100105,0.19658713395277694
57402,12150,2023-03-04,50,0.26881720430107525,0,0.2585114733693862,0.2864716367197758,-2.2980974265246576,-0.8975774889698603,0.35749453325777514,-2.4751368581921946,-1.1686577073269548
57402,9670,2023-03-04,50,0.26881720430107525,0,0.2585114733693862,0.2864716367197758,-2.2980974265246576,0.4339792024140242,0.12008642102099792,-2.1909451218513762,-0.06224230887722104
57402,2903,2023-03-04,49,0.26344086021505375,0,0.2585114733693862,0.2864716367197758,-2.2980974265246576,-1.8862811895837743,0.027721844720898003,-2.101423875115696,1.5148286262978585
57402,98989,2023-03-04,49,0.26344086021505375,0,0.2585114733693862,0.2864716367197758,-2.2980974265246576,0.3952156535595761,0.12211990880146012,-2.174751721484161,0.9546749748824706
57402,2932,2023-03-04,48,0.25806451612903225,0,0.2585114733693862,0.2864716367197758,-2.2980974265246576,0.40956645863000657,0.08523517218536081,-2.110617159148286,0.24613306953890923
57402,8611,2023-03-04,46,0.24731182795698925,0,0.2585114733693862,0.2864716367197758,-2.2980974265246576,0.44517494082911274,0.19437032511502766,-2.198704962506654,0.24344881747495517
57402,13500,2023-03-04,45,0.24193548387096775,0,0.2585114733693862,0.2864716367197758,-2.2980974265246576,0.32780382722229084,0.3212360620033809,-2.578238589580219,-1.2512891288770671
57402,177,2023-03-04,45,0.24193548387096775,0,0.2585114733693862,0.2864716367197758,-2.2980974265246576,0.4273712679233546,0.3618417044387927,-2.4001941243854814,0.7666016291090978
57402,6813,2023-03-04,45,0.24193548387096775,0,0.2585114733693862,0.2864716367197758,-2.2980974265246576,-0.9655480936704166,-0.21746511105668898,-1.7073421274154716,0.2697490242525493
57402,2560,2023-03-04,45,0.24193548387096775,0,0.2585114733693862,0.2864716367197758,-2.2980974265246576,-1.4013225208412208,0.1255481624279815,-2.1254505463997404,-0.45548948181425786
