a_id,hp_hits,total_hits,share
41403,115.0,128,0.8984375
41431,115.0,128,0.8984375
41465,2.0,4,0.5
41605,26.0,73,0.3561643835616438
41688,43.0,83,0.5180722891566265
41689,20.0,70,0.2857142857142857
41692,109.0,124,0.8790322580645161
41705,12.0,15,0.8
41731,204.0,417,0.4892086330935252
41804,36.0,84,0.42857142857142855
41854,31.0,94,0.32978723404255317
41881,111.0,128,0.8671875
41882,128.0,144,0.8888888888888888
41885,122.0,135,0.9037037037037037
41927,1.0,3,0.3333333333333333
42023,470.0,525,0.8952380952380953
42039,10.0,32,0.3125
42145,113.0,127,0.889763779527559
42146,50.0,112,0.44642857142857145
42150,48.0,92,0.5217391304347826
42162,98.0,109,0.8990825688073395
42169,7.0,9,0.7777777777777778
42170,8.0,14,0.5714285714285714
42250,5.0,18,0.2777777777777778
42263,50.0,115,0.43478260869565216
42264,624.0,1540,0.4051948051948052
42266,28.0,87,0.3218390804597701
42276,267.0,297,0.898989898989899
42335,128.0,144,0.8888888888888888
42387,18.0,45,0.4
42412,127.0,144,0.8819444444444444
42413,127.0,144,0.8819444444444444
42414,131.0,147,0.891156462585034
42415,7104.0,22618,0.31408612609426123
42447,99.0,115,0.8608695652173913
42448,409.0,456,0.8969298245614035
42495,7615.0,9927,0.767099828749874
42702,140.0,154,0.9090909090909091
42716,110.0,124,0.8870967741935484
42728,134.0,149,0.8993288590604027
42810,120.0,133,0.9022556390977443
42811,110.0,122,0.9016393442622951
42812,121.0,134,0.9029850746268657
42813,115.0,130,0.8846153846153846
42820,16.0,50,0.32
42823,40.0,91,0.43956043956043955
42870,260.0,290,0.896551724137931
42945,23002.0,40653,0.5658131011241483
42963,776.0,1013,0.7660414610069102
42965,2159.0,5347,0.4037778193379465
42966,57.0,113,0.504424778761062
43145,490.0,1385,0.35379061371841153
43261,2769.0,9226,0.3001300672013874
43438,143.0,159,0.89937106918239
43442,37.0,88,0.42045454545454547
43497,120.0,140,0.8571428571428571
43662,93.0,126,0.7380952380952381
43898,33.0,90,0.36666666666666664
43901,23.0,66,0.3484848484848485
43920,440.0,1312,0.3353658536585366
43923,584.0,1313,0.44478293983244477
44008,45.0,97,0.4639175257731959
44069,31.0,80,0.3875
44087,47.0,79,0.5949367088607594
44170,111.0,125,0.888
44305,3.0,6,0.5
44326,26.0,73,0.3561643835616438
44367,3052.0,4986,0.6121139189731247
44380,40.0,84,0.47619047619047616
44446,114.0,128,0.890625
44454,30.0,87,0.3448275862068966
44495,126.0,139,0.9064748201438849
44678,4.0,14,0.2857142857142857
44680,6872.0,9959,0.690029119389497
44755,45155.0,52636,0.8578729386731515
44764,9125.0,30392,0.3002434851276652
44791,26.0,85,0.3058823529411765
44901,40.0,96,0.4166666666666667
44902,31.0,89,0.34831460674157305
44938,22.0,70,0.3142857142857143
44940,109.0,125,0.872
44946,156.0,384,0.40625
45015,115.0,128,0.8984375
45047,111.0,128,0.8671875
45048,124.0,142,0.8732394366197183
45353,37.0,92,0.40217391304347827
45354,120.0,134,0.8955223880597015
45542,121.0,135,0.8962962962962963
45570,108.0,121,0.8925619834710744
45598,2097.0,5778,0.3629283489096573
45822,438.0,579,0.7564766839378239
45848,27.0,63,0.42857142857142855
45855,4.0,5,0.8
46005,113.0,128,0.8828125
46006,103.0,114,0.9035087719298246
46030,914.0,3571,0.25595071408569026
46470,111.0,123,0.9024390243902439
46539,126.0,139,0.9064748201438849
46618,30.0,76,0.39473684210526316
46679,124.0,141,0.8794326241134752
46747,600.0,2274,0.2638522427440633
46800,1186.0,1921,0.6173867777199376
46922,475.0,761,0.6241787122207622
46942,615.0,932,0.6598712446351931
46985,309.0,923,0.3347778981581798
47000,101.0,113,0.8938053097345132
47064,118.0,132,0.8939393939393939
47115,9412.0,10533,0.8935725814108041
47116,341.0,926,0.36825053995680346
47171,18.0,25,0.72
47201,4.0,6,0.6666666666666666
47295,27.0,76,0.35526315789473684
47312,18.0,22,0.8181818181818182
47344,1180787.0,4562620,0.25879582345231467
47370,21.0,54,0.3888888888888889
47375,29.0,81,0.35802469135802467
47454,27.0,73,0.3698630136986301
47457,27.0,64,0.421875
47514,59.0,118,0.5
47517,22.0,66,0.3333333333333333
47526,5.0,18,0.2777777777777778
47666,13.0,47,0.2765957446808511
47677,116.0,132,0.8787878787878788
47831,2.0,7,0.2857142857142857
47882,23.0,69,0.3333333333333333
47883,51.0,93,0.5483870967741935
47918,105.0,118,0.8898305084745762
47921,200.0,398,0.5025125628140703
47934,23.0,78,0.2948717948717949
48300,2821315.0,3359111,0.8398993066915621
48388,29.0,79,0.3670886075949367
48510,291.0,325,0.8953846153846153
48546,5.0,14,0.35714285714285715
48563,3356.0,3877,0.8656177456796492
48569,492.0,658,0.7477203647416414
48570,225.0,430,0.5232558139534884
48574,516.0,585,0.882051282051282
48827,461.0,603,0.7645107794361525
48831,29.0,76,0.3815789473684211
48910,7.0,17,0.4117647058823529
48927,21.0,74,0.28378378378378377
48929,53.0,108,0.49074074074074076
48988,400.0,516,0.7751937984496124
49214,33.0,84,0.39285714285714285
49232,40.0,78,0.5128205128205128
49311,27.0,69,0.391304347826087
49312,31.0,86,0.36046511627906974
49359,31.0,84,0.36904761904761907
49403,210.0,441,0.47619047619047616
49406,497.0,663,0.7496229260935143
49418,21.0,69,0.30434782608695654
49463,2309.0,5544,0.41648629148629146
49644,101.0,115,0.8782608695652174
49656,15.0,17,0.8823529411764706
49720,26.0,70,0.37142857142857144
49767,1.0,2,0.5
49777,24.0,66,0.36363636363636365
49778,22.0,55,0.4
49817,110.0,123,0.8943089430894309
49916,26.0,64,0.40625
50014,424.0,474,0.8945147679324894
50090,429.0,500,0.858
50119,6.0,22,0.2727272727272727
50171,130.0,146,0.8904109589041096
50177,58.0,107,0.5420560747663551
50276,197.0,395,0.49873417721518987
50395,1.0,3,0.3333333333333333
50428,103.0,118,0.8728813559322034
50454,27.0,67,0.40298507462686567
50686,33.0,88,0.375
50687,5834.0,8375,0.6965970149253732
50688,38.0,81,0.4691358024691358
50689,36.0,75,0.48
50773,34.0,84,0.40476190476190477
50846,93.0,189,0.49206349206349204
50975,20.0,73,0.273972602739726
50978,28.0,66,0.42424242424242425
51377,42.0,109,0.3853211009174312
51379,41.0,87,0.47126436781609193
51386,30.0,79,0.379746835443038
51387,39.0,79,0.4936708860759494
51390,26.0,69,0.37681159420289856
51453,590.0,929,0.635091496232508
51530,217.0,426,0.5093896713615024
51533,413.0,541,0.7634011090573013
51573,8137.0,11002,0.739592801308853
51686,26.0,76,0.34210526315789475
51697,11.0,13,0.8461538461538461
51846,33.0,87,0.3793103448275862
51851,33.0,83,0.39759036144578314
51915,9.0,10,0.9
51930,950.0,3598,0.264035575319622
51934,1686.0,6474,0.26042632066728455
51935,50.0,107,0.4672897196261682
52153,26.0,81,0.32098765432098764
52161,6048.0,15403,0.3926507823151334
52230,31.0,78,0.3974358974358974
52254,1.0,3,0.3333333333333333
52258,1.0,2,0.5
52275,2240.0,3330,0.6726726726726727
52279,1.0,2,0.5
52281,38.0,84,0.4523809523809524
52377,34.0,93,0.3655913978494624
52388,4687.0,7130,0.6573632538569425
52476,1.0,3,0.3333333333333333
52478,21.0,62,0.3387096774193548
52485,52.0,105,0.49523809523809526
52486,54.0,112,0.48214285714285715
52504,11.0,13,0.8461538461538461
52570,20.0,71,0.28169014084507044
52616,1.0,2,0.5
52662,488.0,1094,0.4460694698354662
52690,14.0,24,0.5833333333333334
52775,1.0,2,0.5
52917,1095.0,2438,0.4491386382280558
52922,35.0,79,0.4430379746835443
52923,38.0,97,0.3917525773195876
53002,1.0,2,0.5
53030,32.0,59,0.5423728813559322
53078,3.0,9,0.3333333333333333
53381,1.0,2,0.5
53726,1386.0,5053,0.2742924995052444
53777,156.0,593,0.2630691399662732
53885,1.0,3,0.3333333333333333
53900,1.0,3,0.3333333333333333
53902,22.0,72,0.3055555555555556
54091,1.0,3,0.3333333333333333
54155,2.0,3,0.6666666666666666
54199,28.0,80,0.35
54308,2253.0,3329,0.6767798137578852
54354,12.0,23,0.5217391304347826
54406,25.0,46,0.5434782608695652
54731,53.0,61,0.8688524590163934
54765,620.0,991,0.6256306760847629
54925,1.0,3,0.3333333333333333
54932,1.0,2,0.5
54934,1.0,3,0.3333333333333333
55052,28.0,75,0.37333333333333335
55115,7731.0,15259,0.5066518120453503
55181,29.0,82,0.35365853658536583
55183,1.0,2,0.5
55187,26.0,74,0.35135135135135137
55240,1.0,2,0.5
55242,1.0,2,0.5
55299,28.0,83,0.3373493975903614
55300,38.0,98,0.3877551020408163
55301,38.0,90,0.4222222222222222
55304,40.0,83,0.4819277108433735
55305,24.0,72,0.3333333333333333
55306,39.0,82,0.47560975609756095
55307,30.0,81,0.37037037037037035
55308,31.0,80,0.3875
55309,38.0,94,0.40425531914893614
55456,3188.0,4570,0.6975929978118162
55497,10013.0,36676,0.27301232413567456
55632,1.0,2,0.5
55653,162.0,361,0.4487534626038781
55820,23441.0,41030,0.571313672922252
55827,840.0,1314,0.639269406392694
55874,2.0,4,0.5
55891,35.0,74,0.47297297297297297
55915,1.0,2,0.5
55985,688.0,2065,0.3331719128329298
56121,2.0,3,0.6666666666666666
56131,34.0,87,0.39080459770114945
56260,4006.0,6160,0.6503246753246753
56495,430.0,491,0.8757637474541752
56507,469.0,1110,0.42252252252252254
56594,6.0,11,0.5454545454545454
56616,10.0,26,0.38461538461538464
56682,1.0,3,0.3333333333333333
56978,641.0,806,0.7952853598014888
57043,1.0,2,0.5
57090,1.0,3,0.3333333333333333
57091,1.0,2,0.5
57119,9.0,21,0.42857142857142855
57253,467.0,1233,0.37875101378751014
57313,606.0,1390,0.43597122302158275
57402,2213.0,3370,0.6566765578635014
57429,12262.0,32976,0.37184619116933526
57441,410.0,521,0.7869481765834933
57530,28.0,76,0.3684210526315789
57693,466.0,517,0.9013539651837524
57822,26.0,68,0.38235294117647056
57829,6.0,10,0.6
57830,7.0,8,0.875
57840,28.0,72,0.3888888888888889
57844,26.0,72,0.3611111111111111
57890,1.0,2,0.5
57931,26.0,70,0.37142857142857144
57932,19.0,69,0.2753623188405797
57934,22.0,55,0.4
57939,55.0,105,0.5238095238095238
57940,34.0,79,0.43037974683544306
57941,21.0,69,0.30434782608695654
57942,23.0,67,0.34328358208955223
57944,25.0,61,0.4098360655737705
57945,33.0,78,0.4230769230769231
57947,43.0,89,0.48314606741573035
57948,28.0,78,0.358974358974359
57950,23.0,67,0.34328358208955223
58036,1.0,2,0.5
58077,23032.0,29072,0.7922399559713814
58222,1.0,2,0.5
58231,2117.0,8414,0.2516044687425719
58444,98.0,235,0.41702127659574467
58460,1.0,2,0.5
59077,24.0,63,0.38095238095238093
59149,617.0,1641,0.3759902498476539
59396,1.0,3,0.3333333333333333
59427,1.0,2,0.5
59428,1.0,3,0.3333333333333333
59451,187.0,460,0.40652173913043477
59767,6654.0,19272,0.34526774595267745
60199,1.0,3,0.3333333333333333
60497,1.0,2,0.5
60594,44.0,107,0.411214953271028
60595,27.0,85,0.3176470588235294
60597,25.0,76,0.32894736842105265
60599,41.0,93,0.44086021505376344
60614,230.0,462,0.49783549783549785
60677,1.0,2,0.5
60854,19.0,22,0.8636363636363636
60862,14.0,19,0.7368421052631579
60953,27.0,70,0.38571428571428573
60990,22.0,68,0.3235294117647059
61027,34.0,75,0.4533333333333333
61042,1.0,2,0.5
61205,32.0,82,0.3902439024390244
61206,31.0,85,0.36470588235294116
61351,1.0,2,0.5
61365,33.0,87,0.3793103448275862
61622,5.0,6,0.8333333333333334
61643,1.0,2,0.5
61758,298.0,406,0.7339901477832512
61764,6.0,21,0.2857142857142857
61991,1.0,2,0.5
62020,1.0,2,0.5
62022,1.0,2,0.5
62400,13.0,47,0.2765957446808511
62513,1.0,3,0.3333333333333333
62944,4.0,12,0.3333333333333333
62975,408.0,457,0.8927789934354485
63273,2.0,6,0.3333333333333333
63846,21.0,59,0.3559322033898305
64189,22.0,68,0.3235294117647059
64230,1.0,2,0.5
64381,1.0,2,0.5
64383,1.0,3,0.3333333333333333
64460,29.0,84,0.34523809523809523
64463,33.0,79,0.4177215189873418
64464,28.0,75,0.37333333333333335
64469,43.0,113,0.3805309734513274
64752,1.0,3,0.3333333333333333
64755,1.0,2,0.5
64805,8.0,30,0.26666666666666666
65781,1.0,2,0.5
66572,636.0,1308,0.48623853211009177
66754,45.0,93,0.4838709677419355
67024,3.0,8,0.375
67152,27.0,75,0.36
67465,97.0,256,0.37890625
67491,396.0,1497,0.26452905811623245
67514,557.0,1298,0.4291217257318952
67692,1.0,3,0.3333333333333333
67694,24.0,64,0.375
67695,23.0,62,0.3709677419354839
67724,1.0,2,0.5
67944,5.0,9,0.5555555555555556
67945,7.0,9,0.7777777777777778
67946,6.0,9,0.6666666666666666
67947,2.0,4,0.5
67948,10.0,14,0.7142857142857143
67949,2.0,4,0.5
67950,8.0,11,0.7272727272727273
67951,4.0,6,0.6666666666666666
67952,3.0,7,0.42857142857142855
67982,24.0,58,0.41379310344827586
68002,430.0,484,0.8884297520661157
68158,223.0,675,0.33037037037037037
69009,4.0,12,0.3333333333333333
69050,1681.0,4846,0.346884028064383
69093,1.0,2,0.5
69164,3.0,9,0.3333333333333333
69447,1.0,2,0.5
69508,1.0,3,0.3333333333333333
69516,1.0,3,0.3333333333333333
72344,469.0,634,0.7397476340694006
72842,413.0,465,0.8881720430107527
73113,375.0,429,0.8741258741258742
73162,1.0,3,0.3333333333333333
73233,40.0,64,0.625
73447,35.0,81,0.43209876543209874
73448,30.0,74,0.40540540540540543
73449,46.0,95,0.4842105263157895
73450,25.0,76,0.32894736842105265
73663,1.0,2,0.5
73669,1.0,2,0.5
73825,437.0,573,0.7626527050610821
74352,417.0,568,0.7341549295774648
74354,198.0,410,0.48292682926829267
74492,1.0,2,0.5
74499,10.0,13,0.7692307692307693
74899,1.0,3,0.3333333333333333
74985,24.0,54,0.4444444444444444
75082,1.0,2,0.5
75094,6.0,11,0.5454545454545454
75113,1.0,2,0.5
75116,11.0,12,0.9166666666666666
75167,413.0,567,0.7283950617283951
75941,1.0,2,0.5
76011,136.0,312,0.4358974358974359
76380,1.0,2,0.5
76532,31.0,78,0.3974358974358974
76534,4.0,7,0.5714285714285714
76597,3.0,4,0.75
76719,1.0,3,0.3333333333333333
76726,1.0,2,0.5
76928,9.0,23,0.391304347826087
77049,1.0,2,0.5
77067,1.0,2,0.5
77331,149.0,341,0.436950146627566
77334,201.0,408,0.49264705882352944
77335,173.0,399,0.43358395989974935
77674,103.0,115,0.8956521739130435
77835,7290.0,9300,0.7838709677419354
77884,2.0,3,0.6666666666666666
78665,25.0,70,0.35714285714285715
78670,1.0,2,0.5
78675,1.0,2,0.5
78819,393.0,441,0.891156462585034
78820,442.0,501,0.8822355289421158
78821,466.0,1425,0.3270175438596491
78886,1.0,2,0.5
78892,18.0,52,0.34615384615384615
78967,284.0,328,0.8658536585365854
78984,31.0,75,0.41333333333333333
78986,23.0,76,0.3026315789473684
78987,38.0,101,0.37623762376237624
78988,25.0,64,0.390625
78989,32.0,85,0.3764705882352941
78990,26.0,68,0.38235294117647056
78991,33.0,79,0.4177215189873418
78993,41.0,82,0.5
79005,371.0,1027,0.3612463485881207
79043,124.0,149,0.8322147651006712
79129,428.0,877,0.4880273660205245
79132,193.0,435,0.4436781609195402
79262,1.0,2,0.5
79301,20.0,65,0.3076923076923077
79385,41.0,98,0.41836734693877553
79386,26.0,75,0.3466666666666667
79658,30.0,79,0.379746835443038
79735,1.0,2,0.5
79776,1.0,2,0.5
79923,5.0,8,0.625
79959,449.0,506,0.8873517786561265
80021,5.0,14,0.35714285714285715
80189,10.0,38,0.2631578947368421
80245,8.0,14,0.5714285714285714
80281,861.0,1115,0.7721973094170403
80284,988.0,1101,0.8973660308810173
80299,148.0,353,0.4192634560906516
80431,49.0,167,0.2934131736526946
80433,8.0,31,0.25806451612903225
80753,1.0,2,0.5
80885,4.0,10,0.4
81086,10.0,12,0.8333333333333334
81288,1.0,2,0.5
81406,453.0,524,0.8645038167938931
81463,29.0,80,0.3625
81466,28.0,71,0.39436619718309857
81467,30.0,86,0.3488372093023256
81515,154543.0,175384,0.8811693198923505
81522,1.0,2,0.5
81555,24.0,60,0.4
81556,50.0,94,0.5319148936170213
81558,31.0,80,0.3875
81633,1.0,2,0.5
81725,9.0,21,0.42857142857142855
81760,8.0,11,0.7272727272727273
81977,233.0,581,0.4010327022375215
82027,30.0,79,0.379746835443038
82078,1.0,2,0.5
82143,388.0,532,0.7293233082706767
82150,406.0,463,0.8768898488120951
82226,4.0,6,0.6666666666666666
82354,1.0,2,0.5
82506,8.0,13,0.6153846153846154
82670,1.0,2,0.5
82743,135.0,151,0.8940397350993378
82748,23.0,61,0.3770491803278688
82793,1.0,3,0.3333333333333333
83029,1.0,2,0.5
83070,471.0,620,0.7596774193548387
83177,8.0,11,0.7272727272727273
83323,1427.0,2977,0.47934161907961037
83419,1424.0,4059,0.3508253264350825
83558,32.0,67,0.47761194029850745
83651,12383.0,30967,0.3998772887267091
83653,2.0,4,0.5
83654,11027.0,41816,0.2637028888463746
83655,9.0,10,0.9
83666,594.0,1590,0.37358490566037733
83765,34.0,86,0.3953488372093023
83769,29.0,79,0.3670886075949367
83772,1.0,3,0.3333333333333333
83775,1.0,2,0.5
83861,4.0,6,0.6666666666666666
83864,4.0,5,0.8
83866,7.0,8,0.875
83875,34.0,87,0.39080459770114945
83884,978.0,1089,0.8980716253443526
83905,13.0,40,0.325
83913,42.0,99,0.42424242424242425
83915,49.0,105,0.4666666666666667
83917,36.0,85,0.4235294117647059
84030,1.0,2,0.5
84031,1.0,3,0.3333333333333333
84120,9.0,24,0.375
84314,1.0,2,0.5
84385,11.0,12,0.9166666666666666
84386,13.0,14,0.9285714285714286
84471,231.0,392,0.5892857142857143
84518,7.0,9,0.7777777777777778
84519,14.0,16,0.875
84540,87.0,258,0.3372093023255814
84551,568.0,1114,0.5098743267504489
84612,1.0,2,0.5
84620,5.0,7,0.7142857142857143
84695,6.0,7,0.8571428571428571
84701,2.0,3,0.6666666666666666
84702,5.0,6,0.8333333333333334
84778,6.0,10,0.6
84788,10.0,11,0.9090909090909091
84789,9.0,10,0.9
84790,5.0,6,0.8333333333333334
84814,976.0,1088,0.8970588235294118
84815,10.0,11,0.9090909090909091
85004,5.0,6,0.8333333333333334
85005,9.0,10,0.9
85007,8.0,9,0.8888888888888888
85019,9.0,10,0.9
85020,8.0,9,0.8888888888888888
85021,6.0,8,0.75
85023,4.0,5,0.8
85024,5.0,6,0.8333333333333334
85025,2.0,4,0.5
85165,1965.0,2186,0.8989021043000915
85166,992.0,1104,0.8985507246376812
85221,420.0,565,0.7433628318584071
85262,991.0,1816,0.545704845814978
85323,2.0,7,0.2857142857142857
85356,14.0,16,0.875
85375,9776.0,30961,0.3157520751913698
85376,488.0,679,0.7187039764359352
85450,5.0,7,0.7142857142857143
85486,3.0,5,0.6
85499,7.0,8,0.875
85501,2.0,4,0.5
85564,1.0,2,0.5
85587,6.0,8,0.75
85589,11.0,12,0.9166666666666666
85854,1.0,2,0.5
86135,17.0,24,0.7083333333333334
86200,198.0,419,0.47255369928400953
86204,6.0,9,0.6666666666666666
86205,2.0,4,0.5
86221,11.0,33,0.3333333333333333
86223,4.0,7,0.5714285714285714
86384,634.0,777,0.8159588159588159
86414,27.0,80,0.3375
86446,8.0,11,0.7272727272727273
86447,24.0,74,0.32432432432432434
86502,5.0,10,0.5
86503,11.0,13,0.8461538461538461
86504,18.0,20,0.9
86506,5.0,7,0.7142857142857143
86507,7.0,12,0.5833333333333334
86508,10.0,13,0.7692307692307693
86523,458.0,521,0.8790786948176583
86524,430.0,482,0.8921161825726142
86526,411.0,456,0.9013157894736842
86582,21.0,59,0.3559322033898305
86682,2.0,4,0.5
86683,1.0,2,0.5
86691,6.0,8,0.75
86693,2.0,3,0.6666666666666666
86696,11.0,13,0.8461538461538461
86697,17.0,33,0.5151515151515151
86704,26.0,79,0.3291139240506329
86706,26.0,83,0.3132530120481928
86711,9.0,19,0.47368421052631576
86714,7.0,16,0.4375
86835,1.0,3,0.3333333333333333
86858,1.0,3,0.3333333333333333
86905,8.0,13,0.6153846153846154
86936,12.0,19,0.631578947368421
86976,1120.0,1982,0.5650857719475277
87017,227.0,449,0.5055679287305123
87025,7.0,10,0.7
87026,15.0,17,0.8823529411764706
87100,13.0,14,0.9285714285714286
87101,12.0,14,0.8571428571428571
87102,6.0,8,0.75
87103,10.0,12,0.8333333333333334
87104,6.0,8,0.75
87107,6.0,7,0.8571428571428571
87108,6.0,7,0.8571428571428571
87128,13.0,34,0.38235294117647056
87194,11036.0,34275,0.32198395331874546
87204,7.0,8,0.875
87205,9.0,23,0.391304347826087
87206,3.0,6,0.5
87207,5.0,6,0.8333333333333334
87208,8.0,9,0.8888888888888888
87363,1.0,3,0.3333333333333333
87377,5.0,10,0.5
87378,4.0,5,0.8
87380,5.0,6,0.8333333333333334
87381,6.0,8,0.75
87382,8.0,9,0.8888888888888888
87383,12.0,21,0.5714285714285714
87385,8.0,10,0.8
87419,47.0,59,0.7966101694915254
87452,2.0,3,0.6666666666666666
87455,6.0,8,0.75
87456,5.0,6,0.8333333333333334
87458,4.0,5,0.8
87471,3.0,5,0.6
87472,7.0,8,0.875
87541,9.0,11,0.8181818181818182
87542,8.0,9,0.8888888888888888
87543,2.0,3,0.6666666666666666
87554,4.0,5,0.8
87555,7.0,10,0.7
87556,3.0,4,0.75
87558,8.0,10,0.8
87559,3.0,5,0.6
87560,5.0,7,0.7142857142857143
87562,12.0,17,0.7058823529411765
87563,14.0,15,0.9333333333333333
87564,9.0,25,0.36
87582,24086.0,32052,0.7514663671533758
87591,4.0,5,0.8
87594,3.0,11,0.2727272727272727
87595,2.0,3,0.6666666666666666
87707,9.0,12,0.75
87708,972.0,1083,0.8975069252077562
87709,6.0,7,0.8571428571428571
87711,8.0,9,0.8888888888888888
87717,10.0,11,0.9090909090909091
87719,4.0,6,0.6666666666666666
87721,12.0,14,0.8571428571428571
87723,7.0,8,0.875
87724,5.0,10,0.5
87725,2.0,3,0.6666666666666666
87735,6.0,7,0.8571428571428571
87827,985.0,1116,0.8826164874551972
87909,1.0,2,0.5
87956,7.0,10,0.7
87957,8.0,13,0.6153846153846154
87973,462.0,617,0.7487844408427877
87979,11.0,14,0.7857142857142857
87980,5.0,7,0.7142857142857143
87998,10.0,38,0.2631578947368421
88010,1.0,2,0.5
88014,1.0,3,0.3333333333333333
88044,7.0,13,0.5384615384615384
88047,10.0,15,0.6666666666666666
88048,2.0,7,0.2857142857142857
88091,3.0,5,0.6
88092,8.0,9,0.8888888888888888
88093,6.0,9,0.6666666666666666
88094,3.0,4,0.75
88098,6.0,8,0.75
88101,7.0,8,0.875
88138,1.0,3,0.3333333333333333
88148,9.0,10,0.9
88149,7.0,12,0.5833333333333334
88150,6.0,8,0.75
88360,9.0,10,0.9
88534,987.0,1098,0.8989071038251366
88624,594.0,680,0.8735294117647059
88689,2.0,4,0.5
88690,2.0,4,0.5
88691,6.0,9,0.6666666666666666
88699,2.0,4,0.5
88783,28.0,72,0.3888888888888889
88789,1.0,2,0.5
89027,2.0,4,0.5
89028,4.0,6,0.6666666666666666
89029,4.0,5,0.8
89030,6.0,14,0.42857142857142855
89031,6.0,7,0.8571428571428571
89032,2.0,4,0.5
89061,352.0,411,0.8564476885644768
89190,1.0,3,0.3333333333333333
89196,33.0,89,0.3707865168539326
89249,3.0,4,0.75
89252,2.0,3,0.6666666666666666
89253,2.0,3,0.6666666666666666
89255,6.0,7,0.8571428571428571
89256,4.0,5,0.8
89257,6.0,7,0.8571428571428571
89266,28.0,72,0.3888888888888889
89270,9.0,21,0.42857142857142855
89292,27.0,68,0.39705882352941174
89301,16288.0,43139,0.3775701801154408
89399,317575.0,564190,0.562886616210851
89464,8.0,10,0.8
89625,2537.0,6343,0.3999684691786221
89671,11.0,12,0.9166666666666666
89672,13.0,14,0.9285714285714286
89673,5.0,6,0.8333333333333334
89674,9.0,10,0.9
89675,10.0,11,0.9090909090909091
89731,146.0,360,0.40555555555555556
89773,3.0,4,0.75
89774,7.0,8,0.875
89775,7.0,8,0.875
89798,2056.0,2365,0.8693446088794926
89800,6.0,7,0.8571428571428571
89860,7.0,8,0.875
89863,5.0,7,0.7142857142857143
89886,1.0,3,0.3333333333333333
89921,6.0,7,0.8571428571428571
89932,2.0,4,0.5
89991,7.0,9,0.7777777777777778
90002,6.0,8,0.75
90003,1.0,2,0.5
90004,4.0,9,0.4444444444444444
90005,3.0,4,0.75
90009,10.0,12,0.8333333333333334
90010,14.0,18,0.7777777777777778
90019,9.0,12,0.75
90037,8.0,9,0.8888888888888888
90039,8.0,11,0.7272727272727273
90042,5.0,6,0.8333333333333334
90130,1.0,2,0.5
90136,4.0,6,0.6666666666666666
90137,20.0,22,0.9090909090909091
90138,10.0,11,0.9090909090909091
90147,3.0,5,0.6
90148,7.0,8,0.875
90149,8.0,10,0.8
90150,2.0,3,0.6666666666666666
90151,2.0,3,0.6666666666666666
90160,2.0,3,0.6666666666666666
90180,990.0,1102,0.8983666061705989
90215,8.0,19,0.42105263157894735
90291,8.0,9,0.8888888888888888
90334,11.0,12,0.9166666666666666
90376,1.0,2,0.5
90410,2.0,5,0.4
90448,10.0,14,0.7142857142857143
90452,7.0,8,0.875
90454,8.0,11,0.7272727272727273
90455,5.0,6,0.8333333333333334
90456,2.0,3,0.6666666666666666
90457,11.0,12,0.9166666666666666
90458,10.0,13,0.7692307692307693
90493,1.0,2,0.5
90509,8.0,11,0.7272727272727273
90510,7.0,9,0.7777777777777778
90599,1.0,3,0.3333333333333333
90602,20.0,55,0.36363636363636365
90705,28.0,30,0.9333333333333333
90710,1.0,2,0.5
90790,986.0,1096,0.8996350364963503
90890,10.0,18,0.5555555555555556
90920,8.0,12,0.6666666666666666
90976,4.0,6,0.6666666666666666
91008,8.0,18,0.4444444444444444
91091,10.0,12,0.8333333333333334
91103,1.0,2,0.5
91324,7.0,8,0.875
91392,1.0,2,0.5
91437,18.0,51,0.35294117647058826
91439,32.0,77,0.4155844155844156
91440,29.0,72,0.4027777777777778
91476,4.0,11,0.36363636363636365
91512,1.0,2,0.5
91518,4.0,6,0.6666666666666666
91520,3.0,4,0.75
91561,23.0,68,0.3382352941176471
91562,27.0,68,0.39705882352941174
91563,25.0,64,0.390625
91564,45.0,98,0.45918367346938777
91566,25.0,68,0.36764705882352944
91567,32.0,88,0.36363636363636365
91785,1.0,2,0.5
91790,1.0,2,0.5
91793,8.0,9,0.8888888888888888
91878,30.0,78,0.38461538461538464
91983,1.0,2,0.5
92045,3.0,5,0.6
92144,2.0,3,0.6666666666666666
92200,1.0,2,0.5
92209,3.0,5,0.6
92210,4.0,5,0.8
92215,10.0,11,0.9090909090909091
92235,1.0,2,0.5
92243,34.0,83,0.40963855421686746
92399,10.0,11,0.9090909090909091
92525,5.0,7,0.7142857142857143
92526,10.0,11,0.9090909090909091
92657,6.0,8,0.75
92665,5.0,12,0.4166666666666667
92700,9.0,11,0.8181818181818182
92803,17.0,20,0.85
92806,8.0,9,0.8888888888888888
92864,1.0,3,0.3333333333333333
92877,8.0,10,0.8
92927,1.0,2,0.5
92992,36.0,39,0.9230769230769231
93213,6.0,19,0.3157894736842105
93279,22.0,25,0.88
93302,442.0,578,0.7647058823529411
93343,6.0,8,0.75
93344,13.0,16,0.8125
93389,7.0,18,0.3888888888888889
93391,4.0,6,0.6666666666666666
93486,9.0,10,0.9
93487,2.0,3,0.6666666666666666
93489,1.0,2,0.5
93589,38.0,89,0.42696629213483145
93651,3.0,4,0.75
93652,4.0,5,0.8
93653,4.0,5,0.8
93655,4.0,7,0.5714285714285714
93748,30.0,77,0.38961038961038963
93807,4.0,5,0.8
93810,11.0,30,0.36666666666666664
93816,6.0,11,0.5454545454545454
93817,7.0,9,0.7777777777777778
93818,4.0,7,0.5714285714285714
93822,2.0,4,0.5
93849,49.0,98,0.5
93894,495.0,647,0.7650695517774343
93908,501.0,792,0.6325757575757576
93910,167.0,582,0.2869415807560137
93930,5.0,7,0.7142857142857143
93975,2.0,5,0.4
93978,2.0,5,0.4
93979,8.0,9,0.8888888888888888
94095,2.0,4,0.5
94096,9.0,11,0.8181818181818182
94097,8.0,9,0.8888888888888888
94098,5.0,6,0.8333333333333334
94113,1.0,2,0.5
94115,1.0,2,0.5
94137,5.0,6,0.8333333333333334
94182,9.0,10,0.9
94183,5.0,6,0.8333333333333334
94184,6.0,7,0.8571428571428571
94208,9.0,28,0.32142857142857145
94275,91.0,293,0.310580204778157
94289,8.0,9,0.8888888888888888
94291,12.0,14,0.8571428571428571
94345,1.0,2,0.5
94353,7.0,10,0.7
94354,2.0,3,0.6666666666666666
94369,1.0,2,0.5
94415,4.0,5,0.8
94417,3.0,4,0.75
94420,5.0,11,0.45454545454545453
94447,8.0,9,0.8888888888888888
94487,33.0,43,0.7674418604651163
94488,7.0,8,0.875
94500,2.0,3,0.6666666666666666
94501,7.0,8,0.875
94502,7.0,9,0.7777777777777778
94504,6.0,9,0.6666666666666666
94535,26.0,76,0.34210526315789475
94536,7.0,8,0.875
94537,6.0,7,0.8571428571428571
94538,5.0,7,0.7142857142857143
94614,561.0,1796,0.3123608017817372
94634,7.0,10,0.7
94635,5.0,6,0.8333333333333334
94650,7.0,9,0.7777777777777778
94651,2.0,3,0.6666666666666666
94653,4.0,7,0.5714285714285714
94654,10.0,13,0.7692307692307693
94655,5.0,6,0.8333333333333334
94662,7.0,8,0.875
94875,2.0,4,0.5
94949,6.0,7,0.8571428571428571
94958,2.0,4,0.5
94985,3.0,4,0.75
95034,1.0,3,0.3333333333333333
95071,344.0,401,0.85785536159601
95106,10.0,11,0.9090909090909091
95107,6.0,7,0.8571428571428571
95128,8.0,9,0.8888888888888888
95129,8.0,12,0.6666666666666666
95141,10.0,15,0.6666666666666666
95148,380.0,426,0.892018779342723
95175,1.0,2,0.5
95179,5.0,7,0.7142857142857143
95180,5.0,7,0.7142857142857143
95268,10.0,11,0.9090909090909091
95269,6.0,7,0.8571428571428571
95332,1.0,3,0.3333333333333333
95379,2.0,3,0.6666666666666666
95483,30.0,94,0.3191489361702128
95537,18.0,23,0.782608695652174
95540,209.0,444,0.47072072072072074
95554,6.0,17,0.35294117647058826
95594,6.0,9,0.6666666666666666
95595,181.0,662,0.27341389728096677
95619,3.0,5,0.6
95620,2162.0,2840,0.7612676056338028
95648,5508207.0,6055605,0.9096047380897532
95694,3.0,4,0.75
95695,8.0,10,0.8
95825,404.0,458,0.8820960698689956
95856,6.0,8,0.75
95857,6.0,8,0.75
95858,9.0,35,0.2571428571428571
95973,30.0,82,0.36585365853658536
95975,33.0,79,0.4177215189873418
95976,28.0,75,0.37333333333333335
95980,27.0,67,0.40298507462686567
96047,4.0,5,0.8
96051,4.0,5,0.8
96054,23689.0,30873,0.767304764681113
96063,11.0,12,0.9166666666666666
96077,43.0,94,0.4574468085106383
96078,35.0,71,0.49295774647887325
96079,43.0,93,0.46236559139784944
96174,4.0,5,0.8
96218,11.0,12,0.9166666666666666
96257,11.0,28,0.39285714285714285
96325,6.0,7,0.8571428571428571
96326,7.0,8,0.875
96339,1.0,3,0.3333333333333333
96353,1.0,2,0.5
96378,7.0,8,0.875
96379,4.0,6,0.6666666666666666
96418,3.0,5,0.6
96419,4.0,5,0.8
96428,3.0,8,0.375
96500,8.0,11,0.7272727272727273
96501,3.0,4,0.75
96541,5.0,6,0.8333333333333334
96543,5.0,6,0.8333333333333334
96568,1.0,2,0.5
96655,2.0,4,0.5
96715,6.0,7,0.8571428571428571
96742,4.0,5,0.8
96827,4.0,5,0.8
96828,2.0,4,0.5
96829,4.0,5,0.8
96861,6.0,7,0.8571428571428571
96862,1.0,2,0.5
96863,3.0,4,0.75
96864,2.0,3,0.6666666666666666
96865,5.0,6,0.8333333333333334
96869,5.0,6,0.8333333333333334
97027,6.0,11,0.5454545454545454
97159,6.0,7,0.8571428571428571
97178,6.0,7,0.8571428571428571
97180,7.0,8,0.875
97239,23320.0,30146,0.7735686326544152
97240,23275.0,29853,0.7796536361504707
97268,418.0,542,0.7712177121771218
97270,9.0,11,0.8181818181818182
97272,13.0,17,0.7647058823529411
97333,1.0,2,0.5
97339,1.0,3,0.3333333333333333
97341,1.0,3,0.3333333333333333
97348,1.0,3,0.3333333333333333
97351,2.0,3,0.6666666666666666
97754,5.0,6,0.8333333333333334
97793,2.0,6,0.3333333333333333
97937,6.0,8,0.75
97940,5.0,6,0.8333333333333334
97999,1.0,3,0.3333333333333333
98009,141.0,275,0.5127272727272727
98520,1.0,2,0.5
98673,33.0,84,0.39285714285714285
98905,23130.0,29807,0.7759922165934177
98928,22908.0,29354,0.780404714859985
98955,27.0,70,0.38571428571428573
98956,26.0,75,0.3466666666666667
98957,39.0,87,0.4482758620689655
98989,2113.0,6053,0.34908309928960846
99033,2287.0,5797,0.39451440400207005
99034,2096.0,7249,0.28914333011449855
99047,1.0,2,0.5
99238,45346.0,167831,0.27018846339472447
99302,1.0,3,0.3333333333333333
99308,1.0,2,0.5
99478,17.0,63,0.2698412698412698
99479,492.0,552,0.8913043478260869
99483,31.0,85,0.36470588235294116
99507,408.0,462,0.8831168831168831
99540,24.0,69,0.34782608695652173
99594,350.0,548,0.6386861313868614
99706,33.0,87,0.3793103448275862
99900,430.0,502,0.8565737051792829
100156,252.0,603,0.417910447761194
100572,2.0,3,0.6666666666666666
100575,23920.0,31094,0.769280246992989
100576,22783.0,28911,0.7880391546470201
100861,704.0,1398,0.5035765379113019
100977,1.0,3,0.3333333333333333
101035,1.0,2,0.5
101078,1.0,2,0.5
101506,1.0,2,0.5
101998,31.0,78,0.3974358974358974
102361,7.0,27,0.25925925925925924
102384,1.0,2,0.5
102398,23420.0,30179,0.776036316644024
102438,34.0,70,0.4857142857142857
102439,29.0,81,0.35802469135802467
102440,24.0,76,0.3157894736842105
102499,218.0,724,0.3011049723756906
102752,16.0,17,0.9411764705882353
102811,1.0,2,0.5
102968,1.0,2,0.5
102986,4.0,6,0.6666666666666666
103184,423.0,470,0.9
103295,1.0,3,0.3333333333333333
103331,1.0,3,0.3333333333333333
103387,1.0,3,0.3333333333333333
103399,140.0,518,0.2702702702702703
103901,1.0,2,0.5
103907,8.0,13,0.6153846153846154
104321,1.0,2,0.5
104526,2.0,4,0.5
104712,524.0,673,0.7786032689450223
104922,1.0,2,0.5
105223,896.0,2378,0.3767872161480236
105239,407.0,451,0.9024390243902439
105242,447.0,499,0.8957915831663327
105701,217.0,822,0.2639902676399027
105740,39.0,86,0.45348837209302323
105842,23250.0,30209,0.769638187295177
105843,23177.0,29683,0.7808173028332716
105883,533.0,1226,0.43474714518760194
105895,429.0,485,0.8845360824742268
105964,188.0,418,0.44976076555023925
106005,20.0,61,0.32786885245901637
106069,22745.0,29248,0.7776600109409191
106094,25.0,75,0.3333333333333333
106095,23366.0,40083,0.582940398672754
106347,1.0,3,0.3333333333333333
106502,355.0,457,0.7768052516411379
106509,24.0,71,0.3380281690140845
106553,509.0,572,0.8898601398601399
106554,424.0,474,0.8945147679324894
106612,30.0,80,0.375
106613,27.0,75,0.36
106861,184.0,429,0.4289044289044289
107154,1.0,2,0.5
107472,1.0,3,0.3333333333333333
107482,1.0,2,0.5
107651,1.0,2,0.5
107799,7.0,10,0.7
107800,4.0,10,0.4
107871,12.0,20,0.6
107941,17.0,20,0.85
108092,383.0,545,0.7027522935779816
108162,4.0,5,0.8
108163,3.0,4,0.75
108164,4.0,5,0.8
108165,2.0,4,0.5
108175,42.0,89,0.47191011235955055
108196,405.0,536,0.7555970149253731
108201,29.0,79,0.3670886075949367
108277,7.0,8,0.875
108278,2.0,3,0.6666666666666666
108280,3.0,6,0.5
108281,6.0,7,0.8571428571428571
108372,2.0,4,0.5
108373,7.0,10,0.7
108392,1.0,2,0.5
108404,9.0,10,0.9
108405,3.0,5,0.6
108437,3.0,6,0.5
108439,4.0,5,0.8
108440,200.0,420,0.47619047619047616
108450,4.0,5,0.8
108478,1043.0,1516,0.6879947229551451
108485,6.0,9,0.6666666666666666
108486,4.0,5,0.8
108513,5.0,7,0.7142857142857143
108516,7.0,9,0.7777777777777778
108537,2.0,4,0.5
108539,3.0,5,0.6
108548,31.0,77,0.4025974025974026
108590,39.0,87,0.4482758620689655
108596,5.0,6,0.8333333333333334
108645,5.0,6,0.8333333333333334
108646,2.0,3,0.6666666666666666
108662,4.0,6,0.6666666666666666
108664,7.0,9,0.7777777777777778
108665,5.0,6,0.8333333333333334
108666,10.0,11,0.9090909090909091
108667,10.0,11,0.9090909090909091
108704,15.0,16,0.9375
108705,10.0,14,0.7142857142857143
108706,5.0,6,0.8333333333333334
108707,2.0,4,0.5
108766,3.0,5,0.6
108785,8.0,29,0.27586206896551724
108792,2.0,3,0.6666666666666666
108825,66.0,74,0.8918918918918919
108876,2.0,4,0.5
108877,5.0,8,0.625
108879,7.0,8,0.875
108880,4.0,7,0.5714285714285714
108894,25.0,71,0.352112676056338
108919,2.0,3,0.6666666666666666
108920,5.0,7,0.7142857142857143
109351,1.0,2,0.5
109355,1.0,2,0.5
109360,1.0,2,0.5
109374,1.0,2,0.5
109406,4.0,5,0.8
109493,604.0,890,0.6786516853932584
109662,5.0,7,0.7142857142857143
110050,2.0,3,0.6666666666666666
110225,23265.0,29744,0.7821745562130178
110437,27.0,79,0.34177215189873417
110438,30.0,75,0.4
110439,206.0,816,0.25245098039215685
110524,14.0,17,0.8235294117647058
110614,25.0,64,0.390625
110615,32.0,78,0.41025641025641024
111075,1.0,3,0.3333333333333333
111085,5.0,6,0.8333333333333334
111114,186.0,414,0.4492753623188406
111131,25.0,72,0.3472222222222222
111768,3733.0,5791,0.6446209635641512
111835,149.0,321,0.46417445482866043
111916,2.0,4,0.5
111923,4.0,5,0.8
111937,7.0,8,0.875
112468,2.0,4,0.5
112477,6.0,7,0.8571428571428571
113205,585.0,1031,0.5674102812803103
113209,10.0,22,0.45454545454545453
113273,195.0,410,0.47560975609756095
113300,23301.0,29991,0.7769330799239772
113303,8.0,10,0.8
113305,4.0,5,0.8
113347,5.0,7,0.7142857142857143
113386,3.0,4,0.75
113888,1.0,2,0.5
114713,4.0,6,0.6666666666666666
114929,8.0,21,0.38095238095238093
116281,34024.0,38849,0.8758011789235244
116354,5.0,6,0.8333333333333334
116372,22743.0,28870,0.787772774506408
116373,23399.0,30060,0.7784098469727212
116851,38.0,102,0.37254901960784315
116852,26.0,67,0.3880597014925373
116853,34.0,82,0.4146341463414634
116854,30.0,77,0.38961038961038963
116856,5.0,6,0.8333333333333334
116857,34.0,83,0.40963855421686746
116858,32.0,85,0.3764705882352941
116859,25.0,72,0.3472222222222222
117250,11.0,12,0.9166666666666666
118461,1.0,3,0.3333333333333333
118503,23089.0,30623,0.7539757698461941
118569,31.0,84,0.36904761904761907
119474,1.0,2,0.5
120980,2.0,4,0.5
121020,183.0,207,0.8840579710144928
121099,3.0,4,0.75
121149,1.0,2,0.5
121759,182.0,535,0.3401869158878505
123513,7.0,13,0.5384615384615384
123515,7.0,10,0.7
123526,252352.0,1006673,0.25067921758108147
123693,463.0,1139,0.4064969271290606
123835,438.0,544,0.8051470588235294
123836,523.0,1883,0.27774827403080193
123953,432.0,488,0.8852459016393442
124106,1.0,2,0.5
124147,1.0,2,0.5
124176,12.0,18,0.6666666666666666
124209,3.0,4,0.75
124213,22640.0,40116,0.5643633462957424
124215,49.0,105,0.4666666666666667
124224,23.0,70,0.32857142857142857
124225,4.0,10,0.4
124314,43.0,99,0.43434343434343436
124315,27.0,83,0.3253012048192771
124317,41.0,91,0.45054945054945056
124318,20.0,62,0.3225806451612903
124339,450.0,1744,0.2580275229357798
124706,7.0,8,0.875
124720,1.0,2,0.5
124742,5.0,7,0.7142857142857143
124743,4.0,7,0.5714285714285714
124744,2053.0,4565,0.4497261774370208
124800,5.0,7,0.7142857142857143
124802,367.0,445,0.8247191011235955
124934,19.0,34,0.5588235294117647
124974,6.0,7,0.8571428571428571
124975,473.0,529,0.8941398865784499
124976,396.0,440,0.9
125159,1.0,2,0.5
125163,4.0,6,0.6666666666666666
125190,12.0,23,0.5217391304347826
125206,8.0,10,0.8
125215,1178.0,3320,0.35481927710843375
125256,6.0,9,0.6666666666666666
125257,8.0,9,0.8888888888888888
125399,6.0,9,0.6666666666666666
125405,11.0,13,0.8461538461538461
125406,5.0,6,0.8333333333333334
125408,2.0,5,0.4
125481,974.0,1086,0.8968692449355433
125680,2.0,6,0.3333333333333333
125745,14.0,22,0.6363636363636364
125809,4.0,7,0.5714285714285714
125836,10.0,14,0.7142857142857143
125852,6.0,7,0.8571428571428571
125853,4.0,6,0.6666666666666666
125854,2.0,4,0.5
125855,3949.0,13739,0.28742994395516414
126531,171.0,463,0.3693304535637149
126699,11.0,12,0.9166666666666666
126884,438.0,581,0.7538726333907056
126885,434.0,581,0.7469879518072289
127058,180.0,404,0.44554455445544555
127176,379.0,430,0.8813953488372093
127177,417.0,471,0.8853503184713376
127178,476.0,527,0.9032258064516129
127201,18.0,33,0.5454545454545454
127206,25.0,64,0.390625
127265,23073.0,29354,0.7860257545819991
127317,249.0,426,0.5845070422535211
127352,601.0,694,0.8659942363112392
127373,26.0,56,0.4642857142857143
127376,139.0,435,0.3195402298850575
127647,42.0,93,0.45161290322580644
127693,416.0,1458,0.28532235939643347
127720,44.0,133,0.3308270676691729
127735,493.0,554,0.8898916967509025
127736,455.0,521,0.8733205374280231
127737,443.0,499,0.8877755511022044
127738,421.0,474,0.8881856540084389
127739,383.0,433,0.8845265588914549
127771,461.0,718,0.6420612813370473
127939,42.0,77,0.5454545454545454
127954,483.0,537,0.8994413407821229
128042,126.0,160,0.7875
128309,416.0,573,0.7260034904013961
128352,4.0,15,0.26666666666666666
128386,56.0,122,0.45901639344262296
128591,635.0,726,0.8746556473829201
128629,589.0,665,0.8857142857142857
128634,31.0,80,0.3875
128929,5.0,19,0.2631578947368421
129172,812320.0,2816700,0.2883942201867434
129249,7.0,9,0.7777777777777778
129251,442.0,588,0.7517006802721088
129252,424.0,475,0.8926315789473684
129253,381.0,428,0.8901869158878505
129254,453.0,519,0.8728323699421965
129255,426.0,477,0.8930817610062893
129256,481.0,559,0.8604651162790697
129257,521.0,617,0.8444084278768234
129258,441.0,501,0.8802395209580839
129374,44.0,99,0.4444444444444444
129403,1.0,3,0.3333333333333333
129407,26.0,76,0.34210526315789475
129409,50.0,103,0.4854368932038835
129545,102.0,200,0.51
129661,37.0,104,0.3557692307692308
129669,411.0,588,0.6989795918367347
129908,416.0,1082,0.3844731977818854
129916,426.0,480,0.8875
129917,361.0,405,0.891358024691358
129918,425.0,473,0.8985200845665962
129919,422.0,480,0.8791666666666667
129920,453.0,513,0.8830409356725146
129921,421.0,478,0.8807531380753139
129950,40.0,88,0.45454545454545453
130042,36.0,81,0.4444444444444444
130045,478.0,568,0.8415492957746479
130048,490.0,716,0.6843575418994413
130112,224.0,431,0.5197215777262181
130308,508.0,792,0.6414141414141414
130336,8.0,21,0.38095238095238093
130451,407.0,461,0.8828633405639913
130586,15.0,23,0.6521739130434783
130841,177.0,365,0.4849315068493151
131057,9.0,17,0.5294117647058824
131059,468.0,541,0.8650646950092421
131100,24.0,58,0.41379310344827586
131296,609.0,1048,0.5811068702290076
131370,10.0,35,0.2857142857142857
131401,328.0,556,0.5899280575539568
131402,19.0,57,0.3333333333333333
131404,1.0,3,0.3333333333333333
131405,27.0,67,0.40298507462686567
131406,41.0,99,0.41414141414141414
131550,57159.0,150539,0.3796956270468118
131585,32.0,82,0.3902439024390244
131615,1.0,3,0.3333333333333333
131616,1.0,3,0.3333333333333333
131839,179.0,388,0.46134020618556704
131843,137.0,265,0.5169811320754717
131936,447.0,508,0.8799212598425197
132031,7.0,9,0.7777777777777778
132032,445.0,499,0.8917835671342685
132050,774.0,1697,0.4560989982321744
132051,397.0,599,0.662771285475793
132052,8.0,19,0.42105263157894735
132055,2242.0,2892,0.7752420470262794
132082,458.0,625,0.7328
132110,3.0,10,0.3
132160,18.0,28,0.6428571428571429
132226,819.0,1834,0.44656488549618323
132522,484.0,1278,0.37871674491392804
132523,454.0,893,0.5083986562150056
132524,989.0,1517,0.6519446275543836
132568,432.0,526,0.8212927756653993
132701,174.0,408,0.4264705882352941
132768,403.0,448,0.8995535714285714
132911,12.0,30,0.4
133074,24.0,69,0.34782608695652173
133075,27.0,77,0.35064935064935066
133076,22.0,56,0.39285714285714285
133077,20.0,61,0.32786885245901637
133080,429.0,517,0.8297872340425532
133240,4.0,5,0.8
133248,36.0,42,0.8571428571428571
133347,52.0,96,0.5416666666666666
133348,27.0,79,0.34177215189873417
133372,1.0,2,0.5
133378,1.0,2,0.5
133537,992.0,2131,0.4655091506335054
133573,426.0,472,0.902542372881356
133635,34.0,90,0.37777777777777777
133890,421.0,560,0.7517857142857143
133957,788.0,1034,0.7620889748549323
133959,12.0,33,0.36363636363636365
134124,7.0,11,0.6363636363636364
134251,2.0,3,0.6666666666666666
134595,729.0,1579,0.4616846105129829
134606,81.0,162,0.5
134815,457.0,522,0.8754789272030651
134878,464.0,532,0.8721804511278195
134879,426.0,477,0.8930817610062893
134881,423.0,479,0.8830897703549061
135032,30.0,70,0.42857142857142855
135033,36.0,91,0.3956043956043956
135063,153.0,342,0.4473684210526316
135065,163.0,197,0.8274111675126904
135175,5.0,14,0.35714285714285715
135218,13.0,33,0.3939393939393939
135249,439.0,585,0.7504273504273504
135258,42.0,92,0.45652173913043476
135259,38.0,88,0.4318181818181818
135373,406.0,461,0.8806941431670282
135374,372.0,500,0.744
135375,394.0,447,0.8814317673378076
135435,26.0,65,0.4
135573,6.0,18,0.3333333333333333
135708,10.0,12,0.8333333333333334
135833,501.0,568,0.8820422535211268
135834,329.0,548,0.6003649635036497
135879,385.0,444,0.8671171171171171
135889,439.0,582,0.7542955326460481
135899,594.0,1007,0.5898709036742801
136219,12.0,15,0.8
136263,408.0,459,0.8888888888888888
136267,13.0,24,0.5416666666666666
136270,438.0,712,0.6151685393258427
136480,2579587.0,9972547,0.2586688235212128
136492,461.0,517,0.8916827852998066
136529,1002.0,3387,0.295837023914969
136594,586.0,1804,0.32483370288248337
136655,405.0,455,0.8901098901098901
136656,476.0,530,0.8981132075471698
136657,427.0,475,0.8989473684210526
136756,6284.0,7809,0.8047125112050199
136789,32.0,83,0.3855421686746988
136791,34.0,91,0.37362637362637363
136833,359.0,815,0.4404907975460123
136835,220.0,443,0.4966139954853273
136915,35.0,40,0.875
136944,587.0,850,0.6905882352941176
136949,6.0,14,0.42857142857142855
137210,5.0,14,0.35714285714285715
137211,434.0,480,0.9041666666666667
137212,392.0,440,0.8909090909090909
137225,4110.0,4697,0.8750266127315308
137242,1788.0,3481,0.5136455041654697
137321,33949.0,38872,0.8733535706935583
137359,2.0,6,0.3333333333333333
137372,196.0,439,0.44646924829157175
137384,10.0,11,0.9090909090909091
137481,7.0,23,0.30434782608695654
137487,1.0,2,0.5
137701,460.0,518,0.888030888030888
137705,405.0,463,0.8747300215982722
137773,1.0,2,0.5
137774,1.0,2,0.5
137806,2415.0,8876,0.27208201892744477
137810,24.0,64,0.375
138214,33643.0,40782,0.8249472806630376
138298,9.0,27,0.3333333333333333
138548,432.0,548,0.7883211678832117
138549,507.0,576,0.8802083333333334
138616,478.0,557,0.8581687612208259
138617,499.0,554,0.9007220216606499
138655,29.0,77,0.37662337662337664
138752,127.0,295,0.43050847457627117
138754,18.0,47,0.3829787234042553
138757,26.0,50,0.52
138764,28.0,81,0.345679012345679
138770,451.0,1714,0.2631271878646441
138771,830.0,2266,0.3662842012356575
138982,430.0,478,0.899581589958159
138987,11.0,18,0.6111111111111112
139035,25.0,69,0.36231884057971014
139071,641.0,805,0.7962732919254658
139216,12.0,16,0.75
139266,433.0,490,0.8836734693877552
139267,424.0,477,0.8888888888888888
139268,419.0,470,0.8914893617021277
139269,470.0,531,0.8851224105461394
139270,520.0,580,0.896551724137931
139810,485.0,696,0.6968390804597702
139811,388.0,432,0.8981481481481481
139828,140.0,513,0.2729044834307992
140393,467.0,1687,0.27682276229994074
140430,12.0,26,0.46153846153846156
140629,384.0,435,0.8827586206896552
140630,454.0,522,0.8697318007662835
140631,394.0,442,0.8914027149321267
140632,430.0,482,0.8921161825726142
140633,420.0,483,0.8695652173913043
140658,36.0,95,0.37894736842105264
140660,33.0,88,0.375
140756,6.0,22,0.2727272727272727
140757,2205.0,3080,0.7159090909090909
140758,535.0,619,0.864297253634895
140771,683.0,1577,0.4331008243500317
140903,34.0,38,0.8947368421052632
140974,8.0,14,0.5714285714285714
141007,34.0,91,0.37362637362637363
141156,476.0,533,0.8930581613508443
141157,413.0,474,0.8713080168776371
141158,445.0,508,0.8759842519685039
141159,406.0,456,0.8903508771929824
141160,423.0,809,0.522867737948084
141177,181.0,425,0.4258823529411765
141362,1.0,3,0.3333333333333333
141541,467.0,638,0.731974921630094
141710,423.0,485,0.8721649484536083
141711,381.0,431,0.8839907192575406
142057,1.0,2,0.5
142374,608.0,734,0.8283378746594006
142375,7.0,14,0.5
142440,48.0,95,0.5052631578947369
142536,399.0,452,0.8827433628318584
142540,28.0,73,0.3835616438356164
142541,20.0,55,0.36363636363636365
142543,33.0,87,0.3793103448275862
142544,19.0,59,0.3220338983050847
142724,8.0,13,0.6153846153846154
142757,28.0,81,0.345679012345679
142758,25.0,69,0.36231884057971014
143096,1.0,2,0.5
143134,183.0,408,0.4485294117647059
143321,7.0,12,0.5833333333333334
143587,8.0,11,0.7272727272727273
143681,8.0,19,0.42105263157894735
144028,24.0,77,0.3116883116883117
144038,501.0,1030,0.48640776699029126
144446,4.0,14,0.2857142857142857
144460,29.0,73,0.3972602739726027
144913,32.0,45,0.7111111111111111
145103,41.0,53,0.7735849056603774
145414,17.0,46,0.3695652173913043
145418,30.0,81,0.37037037037037035
145469,18.0,43,0.4186046511627907
145697,73.0,205,0.35609756097560974
145704,467.0,517,0.9032882011605415
145853,1.0,3,0.3333333333333333
145864,340.0,587,0.5792163543441227
145865,2247.0,2963,0.7583530205872426
145866,8.0,20,0.4
146003,401.0,531,0.7551789077212806
146036,17.0,63,0.2698412698412698
146037,2224.0,3336,0.6666666666666666
146066,2.0,6,0.3333333333333333
146143,1.0,2,0.5
146172,10.0,16,0.625
146215,614.0,663,0.9260935143288085
146457,187.0,415,0.4506024096385542
146667,4793.0,15914,0.30118134975493277
146680,16.0,48,0.3333333333333333
146824,29.0,87,0.3333333333333333
146825,40.0,86,0.46511627906976744
146909,42.0,108,0.3888888888888889
146959,416.0,929,0.4477933261571582
147084,1833.0,2244,0.8168449197860963
147151,481.0,544,0.8841911764705882
147152,453.0,511,0.8864970645792564
147573,425.0,1665,0.2552552552552553
147574,451.0,1132,0.39840989399293286
147651,1.0,2,0.5
147740,203.0,419,0.48448687350835323
147830,11.0,23,0.4782608695652174
147838,421.0,468,0.8995726495726496
147998,420.0,666,0.6306306306306306
148104,1.0,2,0.5
148181,8.0,26,0.3076923076923077
148239,285.0,301,0.946843853820598
148259,5.0,18,0.2777777777777778
148504,32.0,70,0.45714285714285713
148505,35.0,90,0.3888888888888889
148506,48.0,87,0.5517241379310345
148642,54.0,106,0.5094339622641509
148643,31.0,82,0.3780487804878049
148651,1.0,2,0.5
148661,573.0,1087,0.5271389144434223
148680,16.0,19,0.8421052631578947
148681,7.0,15,0.4666666666666667
148682,7.0,24,0.2916666666666667
148883,428.0,582,0.7353951890034365
149226,6.0,9,0.6666666666666666
149244,476.0,1839,0.2588363240891789
149728,1.0,2,0.5
149779,2.0,4,0.5
149868,1.0,3,0.3333333333333333
149941,1.0,2,0.5
150125,322.0,362,0.8895027624309392
150141,4.0,7,0.5714285714285714
150378,10.0,22,0.45454545454545453
150523,22.0,57,0.38596491228070173
150643,394.0,443,0.8893905191873589
150644,472.0,533,0.8855534709193246
150645,405.0,453,0.8940397350993378
150646,431.0,488,0.8831967213114754
150647,489.0,555,0.8810810810810811
150693,42.0,92,0.45652173913043476
150702,1279.0,2110,0.6061611374407583
150977,19.0,50,0.38
151158,967.0,2060,0.46941747572815534
151195,399.0,446,0.8946188340807175
151243,267.0,1065,0.2507042253521127
151249,242.0,739,0.3274695534506089
151333,57.0,95,0.6
151602,588.0,781,0.7528809218950064
151708,1050.0,1557,0.674373795761079
151729,481.0,590,0.8152542372881356
151747,460.0,566,0.8127208480565371
151774,4.0,10,0.4
151829,222.0,266,0.8345864661654135
151885,3.0,8,0.375
152014,29.0,83,0.3493975903614458
152080,27.0,31,0.8709677419354839
152137,375.0,696,0.5387931034482759
152309,236.0,772,0.30569948186528495
152418,23.0,58,0.39655172413793105
152429,1021.0,1947,0.5243965074473549
152430,1.0,3,0.3333333333333333
152526,2.0,5,0.4
152543,30.0,78,0.38461538461538464
152544,27.0,73,0.3698630136986301
152576,26.0,55,0.4727272727272727
152761,154.0,191,0.806282722513089
152764,15.0,33,0.45454545454545453
152792,1.0,2,0.5
152799,2.0,4,0.5
152802,67.0,198,0.3383838383838384
152805,944.0,2752,0.3430232558139535
152855,2.0,3,0.6666666666666666
153070,1.0,2,0.5
153072,1.0,2,0.5
153433,452.0,508,0.889763779527559
153434,436.0,490,0.889795918367347
153456,25.0,75,0.3333333333333333
153474,5.0,10,0.5
153492,1000.0,1723,0.5803830528148578
153514,2.0,6,0.3333333333333333
153640,379.0,590,0.6423728813559322
154293,124.0,430,0.28837209302325584
154328,1.0,3,0.3333333333333333
154391,2.0,5,0.4
154567,1.0,2,0.5
155256,23.0,64,0.359375
155257,27.0,88,0.3068181818181818
155462,34.0,89,0.38202247191011235
155505,1.0,2,0.5
155598,391.0,448,0.8727678571428571
155783,19.0,61,0.3114754098360656
156038,1.0,3,0.3333333333333333
156253,1.0,2,0.5
156492,378.0,496,0.7620967741935484
156656,7.0,15,0.4666666666666667
156676,505.0,1874,0.2694770544290288
156873,12.0,20,0.6
156897,394.0,490,0.8040816326530612
157115,22.0,62,0.3548387096774194
157230,1.0,3,0.3333333333333333
157364,23.0,63,0.36507936507936506
157499,1.0,2,0.5
157625,288.0,576,0.5
157719,1.0,3,0.3333333333333333
157723,1.0,2,0.5
157796,35.0,84,0.4166666666666667
158011,438.0,723,0.6058091286307054
158140,423.0,473,0.8942917547568711
158264,1.0,3,0.3333333333333333
158270,5.0,7,0.7142857142857143
158311,406.0,458,0.8864628820960698
158312,446.0,496,0.8991935483870968
158313,463.0,516,0.8972868217054264
158518,4.0,5,0.8
158554,2648.0,3678,0.7199564980967917
158842,1.0,2,0.5
158955,1.0,3,0.3333333333333333
159007,449.0,1663,0.269993986770896
159141,438.0,495,0.8848484848484849
159142,8.0,26,0.3076923076923077
159158,6.0,10,0.6
159198,1.0,3,0.3333333333333333
159619,9.0,15,0.6
159943,10.0,13,0.7692307692307693
159946,401.0,443,0.9051918735891648
159947,742.0,823,0.9015795868772782
160018,7.0,12,0.5833333333333334
160030,44.0,91,0.4835164835164835
160126,377.0,426,0.8849765258215962
160151,28.0,76,0.3684210526315789
160179,476.0,1729,0.27530364372469635
160407,1.0,2,0.5
160410,1.0,2,0.5
160615,23.0,76,0.3026315789473684
160652,9.0,18,0.5
160681,1.0,2,0.5
161042,1.0,2,0.5
161071,496.0,1660,0.2987951807228916
161349,74.0,259,0.2857142857142857
161378,7.0,14,0.5
161418,49.0,95,0.5157894736842106
161773,432.0,474,0.9113924050632911
161909,10.0,16,0.625
161963,469.0,529,0.8865784499054821
161964,376.0,424,0.8867924528301887
161983,316.0,528,0.5984848484848485
161984,24.0,48,0.5
161996,243.0,702,0.34615384615384615
162027,145.0,467,0.31049250535331907
162028,24.0,55,0.43636363636363634
162037,24.0,52,0.46153846153846156
162039,121.0,285,0.4245614035087719
162042,124.0,284,0.43661971830985913
162201,481.0,1578,0.30481622306717365
162410,1464.0,4476,0.32707774798927614
162465,15.0,50,0.3
162544,1.0,2,0.5
162661,2.0,4,0.5
162888,1.0,3,0.3333333333333333
163179,3.0,5,0.6
163238,440.0,1621,0.27143738433066006
163260,429.0,477,0.89937106918239
163261,804.0,1098,0.73224043715847
163262,429.0,480,0.89375
163442,384.0,436,0.8807339449541285
163443,483.0,549,0.8797814207650273
163444,372.0,416,0.8942307692307693
163466,226.0,354,0.6384180790960452
163497,5.0,8,0.625
163607,23452.0,26151,0.896791709686054
163868,483.0,646,0.7476780185758514
163890,454.0,595,0.7630252100840336
164111,30.0,79,0.379746835443038
164208,416.0,471,0.8832271762208068
164209,468.0,528,0.8863636363636364
164210,367.0,424,0.8655660377358491
164274,183.0,416,0.43990384615384615
164649,11.0,25,0.44
164783,5.0,18,0.2777777777777778
164859,478.0,589,0.8115449915110357
164957,10.0,17,0.5882352941176471
165009,1.0,2,0.5
165059,2.0,3,0.6666666666666666
165069,2.0,5,0.4
165263,2.0,3,0.6666666666666666
165271,1.0,2,0.5
165317,1.0,2,0.5
165379,1.0,3,0.3333333333333333
165471,146.0,190,0.7684210526315789
165733,629.0,1048,0.6001908396946565
166430,9.0,17,0.5294117647058824
166446,37.0,71,0.5211267605633803
166828,1.0,2,0.5
166829,3.0,9,0.3333333333333333
166856,2.0,5,0.4
166861,2.0,4,0.5
167221,1.0,3,0.3333333333333333
167341,7.0,19,0.3684210526315789
167784,423.0,561,0.7540106951871658
167927,25.0,68,0.36764705882352944
167928,31.0,71,0.43661971830985913
168201,206.0,411,0.5012165450121655
168559,8.0,27,0.2962962962962963
169022,1.0,2,0.5
169315,1.0,2,0.5
169658,172.0,396,0.43434343434343436
169711,43.0,109,0.3944954128440367
169823,363.0,713,0.5091164095371669
169832,437.0,483,0.9047619047619048
169907,31.0,78,0.3974358974358974
169908,42.0,88,0.4772727272727273
170057,12.0,17,0.7058823529411765
170242,420.0,567,0.7407407407407407
170304,5.0,9,0.5555555555555556
171071,9.0,12,0.75
171082,2.0,3,0.6666666666666666
171574,6.0,11,0.5454545454545454
171742,405.0,456,0.8881578947368421
171743,405.0,456,0.8881578947368421
171902,64.0,103,0.6213592233009708
172179,501.0,933,0.5369774919614148
172236,9.0,27,0.3333333333333333
172390,10.0,17,0.5882352941176471
172554,2.0,3,0.6666666666666666
172724,805.0,888,0.9065315315315315
173087,465.0,520,0.8942307692307693
173119,443.0,511,0.8669275929549902
173170,4.0,7,0.5714285714285714
173208,1.0,3,0.3333333333333333
173289,9.0,15,0.6
174132,8.0,12,0.6666666666666666
174164,3.0,4,0.75
174253,1.0,3,0.3333333333333333
174255,1.0,3,0.3333333333333333
174590,1.0,2,0.5
174733,445.0,624,0.7131410256410257
174734,170.0,418,0.40669856459330145
175112,400.0,454,0.8810572687224669
175143,461.0,513,0.898635477582846
175259,449.0,499,0.8997995991983968
175260,419.0,467,0.8972162740899358
175905,16.0,27,0.5925925925925926
175932,172.0,418,0.41148325358851673
176133,194.0,397,0.48866498740554154
176218,453.0,585,0.7743589743589744
176239,142.0,434,0.3271889400921659
176253,446.0,528,0.8446969696969697
176727,181.0,373,0.48525469168900803
176738,476.0,601,0.7920133111480865
176758,9.0,17,0.5294117647058824
176925,832.0,1204,0.6910299003322259
177300,429.0,489,0.8773006134969326
178254,9.0,12,0.75
178578,1.0,3,0.3333333333333333
178853,1.0,3,0.3333333333333333
179056,37975.0,85697,0.44313103142467064
179485,33.0,68,0.4852941176470588
180478,453.0,573,0.7905759162303665
181163,33.0,84,0.39285714285714285
181190,22.0,45,0.4888888888888889
182035,1.0,2,0.5
182037,1.0,2,0.5
182295,1.0,3,0.3333333333333333
182338,1.0,2,0.5
182939,8.0,21,0.38095238095238093
183308,163.0,421,0.38717339667458434
183316,1.0,3,0.3333333333333333
183575,26.0,59,0.4406779661016949
183811,2.0,3,0.6666666666666666
184057,1.0,3,0.3333333333333333
184550,403.0,451,0.893569844789357
184551,387.0,436,0.8876146788990825
184552,471.0,546,0.8626373626373627
184573,12.0,15,0.8
184579,34.0,81,0.41975308641975306
184672,44.0,88,0.5
184766,190.0,427,0.4449648711943794
185244,5.0,12,0.4166666666666667
185708,2.0,3,0.6666666666666666
185968,1.0,2,0.5
186430,384.0,444,0.8648648648648649
186431,414.0,471,0.8789808917197452
186520,396.0,440,0.9
186612,1488.0,2782,0.5348670021567218
186865,4.0,14,0.2857142857142857
186934,2.0,5,0.4
186972,1.0,3,0.3333333333333333
187326,540.0,636,0.8490566037735849
187441,205.0,432,0.47453703703703703
187555,421.0,555,0.7585585585585586
187560,7.0,9,0.7777777777777778
187593,2.0,3,0.6666666666666666
187594,2.0,3,0.6666666666666666
187597,2.0,4,0.5
187874,65.0,77,0.8441558441558441
188433,465.0,525,0.8857142857142857
188434,423.0,975,0.4338461538461538
188587,491.0,546,0.8992673992673993
188812,13.0,33,0.3939393939393939
189309,29.0,82,0.35365853658536583
189310,19.0,59,0.3220338983050847
189317,7.0,18,0.3888888888888889
189377,440.0,504,0.873015873015873
189845,7.0,15,0.4666666666666667
190024,432.0,592,0.7297297297297297
190692,2.0,3,0.6666666666666666
190907,1352.0,2433,0.5556925606247431
190945,8.0,19,0.42105263157894735
190957,1.0,2,0.5
191071,1.0,2,0.5
191224,444.0,527,0.8425047438330171
191249,419.0,1541,0.2719013627514601
191572,31.0,80,0.3875
192234,455.0,1620,0.2808641975308642
192262,5.0,19,0.2631578947368421
192527,3.0,7,0.42857142857142855
192559,441.0,897,0.4916387959866221
192662,446.0,510,0.8745098039215686
192762,23.0,49,0.46938775510204084
192773,25.0,65,0.38461538461538464
192847,11.0,15,0.7333333333333333
193117,6.0,16,0.375
193172,392.0,450,0.8711111111111111
193181,436.0,572,0.7622377622377622
193248,200.0,404,0.49504950495049505
193445,376.0,421,0.8931116389548693
193446,387.0,442,0.8755656108597285
193633,28.0,70,0.4
193729,1.0,2,0.5
193795,417.0,567,0.7354497354497355
194021,1.0,2,0.5
194379,191.0,429,0.44522144522144524
194572,1.0,2,0.5
194608,2.0,3,0.6666666666666666
195243,426.0,473,0.9006342494714588
195264,367.0,409,0.8973105134474327
195265,39.0,44,0.8863636363636364
195390,432.0,492,0.8780487804878049
195842,9.0,25,0.36
196002,8.0,14,0.5714285714285714
196017,488.0,642,0.7601246105919003
196038,403.0,451,0.893569844789357
196184,22.0,52,0.4230769230769231
196248,37.0,78,0.47435897435897434
196287,2.0,5,0.4
196604,411.0,470,0.874468085106383
196728,403.0,1350,0.2985185185185185
196735,461.0,516,0.8934108527131783
196758,4.0,12,0.3333333333333333
196820,143.0,460,0.3108695652173913
196960,452.0,506,0.8932806324110671
196961,474.0,528,0.8977272727272727
196974,11.0,40,0.275
197113,468.0,519,0.9017341040462428
197135,349.0,798,0.43734335839599
197137,127.0,418,0.3038277511961722
197140,140.0,440,0.3181818181818182
197141,24.0,54,0.4444444444444444
197142,138.0,304,0.45394736842105265
197307,11.0,41,0.2682926829268293
197323,155.0,496,0.3125
197509,127.0,414,0.30676328502415456
197518,476.0,534,0.8913857677902621
197652,15.0,46,0.32608695652173914
197676,26.0,62,0.41935483870967744
197770,18.0,41,0.43902439024390244
197773,417.0,578,0.7214532871972318
197836,22.0,64,0.34375
197847,35.0,88,0.3977272727272727
198385,254.0,577,0.44020797227036396
198403,10.0,39,0.2564102564102564
198570,23.0,55,0.41818181818181815
198571,138.0,307,0.4495114006514658
198572,131.0,438,0.2990867579908676
198573,25.0,64,0.390625
198583,134.0,317,0.4227129337539432
198697,246.0,418,0.5885167464114832
198715,131.0,170,0.7705882352941177
198924,4.0,14,0.2857142857142857
198946,129.0,301,0.42857142857142855
198971,32.0,59,0.5423728813559322
198978,12.0,26,0.46153846153846156
198984,31.0,57,0.543859649122807
199012,22.0,54,0.4074074074074074
199077,133.0,444,0.29954954954954954
199079,7.0,10,0.7
199082,22.0,47,0.46808510638297873
199083,130.0,429,0.30303030303030304
199135,136.0,471,0.28874734607218683
199137,16.0,45,0.35555555555555557
199224,17.0,48,0.3541666666666667
199333,267.0,617,0.4327390599675851
199448,15.0,45,0.3333333333333333
199469,16.0,40,0.4
199471,161.0,191,0.8429319371727748
199528,18.0,47,0.3829787234042553
199661,19.0,45,0.4222222222222222
199847,139.0,316,0.439873417721519
200048,118.0,415,0.28433734939759037
200054,126.0,323,0.39009287925696595
200148,140.0,298,0.4697986577181208
200173,20.0,46,0.43478260869565216
200278,315.0,507,0.621301775147929
200358,443.0,603,0.7346600331674958
200367,130.0,442,0.29411764705882354
200513,270.0,885,0.3050847457627119
200582,468.0,523,0.8948374760994264
200715,798.0,1024,0.779296875
201116,12.0,45,0.26666666666666666
201120,24.0,54,0.4444444444444444
201238,428.0,481,0.8898128898128899
201245,131.0,452,0.28982300884955753
201248,24.0,56,0.42857142857142855
201249,17.0,42,0.40476190476190477
201255,26.0,62,0.41935483870967744
201482,11.0,19,0.5789473684210527
201518,18.0,39,0.46153846153846156
201566,2.0,3,0.6666666666666666
201638,22.0,43,0.5116279069767442
201642,144.0,489,0.294478527607362
201864,31.0,62,0.5
202056,1486.0,1872,0.7938034188034188
202207,406.0,1486,0.2732166890982503
202272,2616.0,3042,0.8599605522682445
202274,147.0,465,0.3161290322580645
202393,3550.0,5035,0.70506454816286
202459,6.0,17,0.35294117647058826
202645,4067.0,6124,0.6641084258654474
202874,33.0,70,0.4714285714285714
202932,1375.0,1662,0.8273164861612515
202985,1.0,2,0.5
203002,301.0,765,0.3934640522875817
203053,433.0,665,0.6511278195488722
203079,798.0,1071,0.7450980392156863
203181,488.0,817,0.5973072215422277
203182,133.0,429,0.31002331002331
203209,18.0,46,0.391304347826087
203266,14.0,45,0.3111111111111111
203313,19.0,64,0.296875
203334,33.0,54,0.6111111111111112
203492,127.0,296,0.42905405405405406
203493,216.0,341,0.6334310850439883
203635,149.0,181,0.8232044198895028
203639,1272.0,1484,0.8571428571428571
203726,121.0,287,0.42160278745644597
203739,258.0,607,0.42504118616144976
203753,21.0,49,0.42857142857142855
203767,28.0,71,0.39436619718309857
203773,617.0,718,0.8593314763231198
203852,20.0,54,0.37037037037037035
203863,15.0,40,0.375
203914,137.0,330,0.41515151515151516
204015,130.0,158,0.8227848101265823
204150,14.0,45,0.3111111111111111
204180,113.0,310,0.36451612903225805
204250,2.0,4,0.5
204285,4.0,12,0.3333333333333333
204330,21.0,51,0.4117647058823529
204665,1.0,3,0.3333333333333333
205003,1.0,3,0.3333333333333333
205349,22.0,54,0.4074074074074074
205397,62.0,166,0.37349397590361444
205405,22.0,61,0.36065573770491804
205423,29.0,52,0.5576923076923077
206010,146.0,316,0.4620253164556962
206011,34.0,73,0.4657534246575342
206163,11.0,20,0.55
206215,197.0,482,0.4087136929460581
206530,1.0,2,0.5
206565,159.0,498,0.3192771084337349
206638,22.0,55,0.4
206732,142.0,464,0.30603448275862066
206764,153.0,190,0.8052631578947368
206768,23.0,44,0.5227272727272727
207147,140.0,320,0.4375
207310,444.0,515,0.8621359223300971
207321,143.0,470,0.30425531914893617
207539,15.0,35,0.42857142857142855
207542,139.0,456,0.3048245614035088
207543,125.0,400,0.3125
207551,471.0,533,0.8836772983114447
207685,24.0,69,0.34782608695652173
207701,208.0,482,0.4315352697095436
207876,15.0,43,0.3488372093023256
207892,14.0,47,0.2978723404255319
208016,7.0,20,0.35
208095,259.0,445,0.5820224719101124
208151,143.0,456,0.31359649122807015
208238,123.0,429,0.2867132867132867
208315,2.0,3,0.6666666666666666
208349,143.0,309,0.4627831715210356
208418,126.0,287,0.43902439024390244
208431,17.0,40,0.425
208671,19.0,45,0.4222222222222222
208677,339.0,517,0.655705996131528
208751,158.0,192,0.8229166666666666
208842,1.0,2,0.5
208844,444.0,500,0.888
208851,138.0,314,0.4394904458598726
209038,380.0,424,0.8962264150943396
209039,403.0,452,0.8915929203539823
209087,498.0,562,0.8861209964412812
209088,438.0,491,0.8920570264765784
209089,427.0,476,0.8970588235294118
209174,11.0,21,0.5238095238095238
209192,473.0,528,0.8958333333333334
209193,424.0,472,0.8983050847457628
209194,458.0,513,0.8927875243664717
209211,21.0,46,0.45652173913043476
209242,18.0,56,0.32142857142857145
209523,13.0,15,0.8666666666666667
209662,14.0,51,0.27450980392156865
209942,352.0,540,0.6518518518518519
210360,129.0,464,0.27801724137931033
210373,1.0,2,0.5
210656,123.0,457,0.26914660831509846
210667,24.0,52,0.46153846153846156
210672,420.0,466,0.9012875536480687
210673,369.0,408,0.9044117647058824
210723,26.0,50,0.52
210796,406.0,452,0.8982300884955752
210803,753.0,1152,0.6536458333333334
210804,14.0,45,0.3111111111111111
210839,29.0,58,0.5
211180,1.0,3,0.3333333333333333
211246,2.0,3,0.6666666666666666
211248,2.0,3,0.6666666666666666
211267,25.0,55,0.45454545454545453
211414,233.0,674,0.3456973293768546
211428,26.0,57,0.45614035087719296
211535,1.0,2,0.5
211686,1.0,2,0.5
211688,1.0,2,0.5
211789,28.0,51,0.5490196078431373
211799,118.0,419,0.28162291169451076
211869,127.0,311,0.40836012861736337
212059,18.0,39,0.46153846153846156
212087,174.0,420,0.4142857142857143
212179,1.0,2,0.5
212195,26.0,57,0.45614035087719296
212196,24.0,45,0.5333333333333333
212366,16.0,37,0.43243243243243246
212626,434.0,479,0.906054279749478
212727,6.0,13,0.46153846153846156
212791,381.0,425,0.8964705882352941
212821,19.0,61,0.3114754098360656
213389,10.0,13,0.7692307692307693
214058,495.0,572,0.8653846153846154
214486,17.0,43,0.3953488372093023
214487,153.0,353,0.43342776203966005
214493,26.0,67,0.3880597014925373
214647,33.0,79,0.4177215189873418
214794,16.0,49,0.32653061224489793
214817,23.0,59,0.3898305084745763
215051,1.0,2,0.5
215072,26.0,60,0.43333333333333335
215095,1.0,2,0.5
215161,21.0,55,0.38181818181818183
215162,1.0,2,0.5
215246,149.0,180,0.8277777777777777
215541,1.0,2,0.5
215676,342.0,789,0.43346007604562736
215692,8.0,10,0.8
215732,5.0,8,0.625
215763,12.0,44,0.2727272727272727
215769,2.0,3,0.6666666666666666
215770,5.0,6,0.8333333333333334
215777,4.0,5,0.8
215778,2.0,4,0.5
215909,7.0,8,0.875
215963,1.0,2,0.5
216060,22.0,58,0.3793103448275862
216080,4.0,5,0.8
216111,5.0,7,0.7142857142857143
216112,9.0,10,0.9
216251,9.0,10,0.9
216252,8.0,9,0.8888888888888888
216253,4.0,5,0.8
216398,130.0,166,0.7831325301204819
216405,10.0,34,0.29411764705882354
216432,3.0,7,0.42857142857142855
216437,5.0,6,0.8333333333333334
216438,5.0,7,0.7142857142857143
216439,5.0,7,0.7142857142857143
216440,7.0,9,0.7777777777777778
216466,14.0,52,0.2692307692307692
216467,6.0,7,0.8571428571428571
216468,6.0,7,0.8571428571428571
216486,18.0,48,0.375
216488,7.0,10,0.7
216489,3.0,5,0.6
216522,1.0,2,0.5
216526,3.0,4,0.75
216532,10.0,12,0.8333333333333334
216555,15.0,37,0.40540540540540543
216565,5.0,8,0.625
216577,8.0,10,0.8
216578,21.0,26,0.8076923076923077
216579,2.0,4,0.5
216581,2.0,3,0.6666666666666666
216632,4.0,5,0.8
216634,14.0,16,0.875
216637,134.0,437,0.30663615560640733
216663,6.0,9,0.6666666666666666
216664,3.0,4,0.75
216670,4.0,5,0.8
216671,2.0,3,0.6666666666666666
216672,9.0,11,0.8181818181818182
216673,9.0,24,0.375
216745,4.0,6,0.6666666666666666
216746,6.0,8,0.75
216747,10.0,15,0.6666666666666666
216752,2.0,4,0.5
216753,6.0,12,0.5
216755,18.0,22,0.8181818181818182
216756,3.0,4,0.75
216757,3.0,7,0.42857142857142855
216758,4.0,6,0.6666666666666666
216763,9.0,10,0.9
216764,5.0,7,0.7142857142857143
216765,401.0,454,0.8832599118942731
216775,10.0,16,0.625
216778,656.0,727,0.9023383768913342
216783,4.0,5,0.8
216790,6.0,7,0.8571428571428571
216791,2.0,3,0.6666666666666666
216792,4.0,5,0.8
216813,135.0,293,0.46075085324232085
216826,4.0,6,0.6666666666666666
216827,6.0,8,0.75
216833,7.0,8,0.875
216834,6.0,7,0.8571428571428571
216859,22.0,26,0.8461538461538461
216988,6.0,7,0.8571428571428571
217000,10.0,12,0.8333333333333334
217087,253.0,296,0.8547297297297297
217157,8.0,11,0.7272727272727273
217202,3.0,5,0.6
217209,153.0,367,0.41689373297002724
217217,10.0,11,0.9090909090909091
217238,5.0,7,0.7142857142857143
217239,2.0,3,0.6666666666666666
217349,415.0,466,0.8905579399141631
217350,415.0,469,0.8848614072494669
217351,439.0,499,0.8797595190380761
217352,6.0,8,0.75
217402,1.0,2,0.5
217484,470.0,528,0.8901515151515151
217593,6.0,7,0.8571428571428571
217711,9.0,16,0.5625
217712,10.0,15,0.6666666666666666
217713,5.0,7,0.7142857142857143
217888,3.0,5,0.6
217929,1.0,3,0.3333333333333333
217979,6.0,7,0.8571428571428571
217980,4.0,5,0.8
217992,9.0,11,0.8181818181818182
217993,4.0,5,0.8
217994,6.0,7,0.8571428571428571
218110,4.0,5,0.8
218135,127.0,154,0.8246753246753247
218136,18.0,43,0.4186046511627907
218206,137.0,440,0.31136363636363634
218234,7.0,8,0.875
218242,3.0,4,0.75
218243,4.0,5,0.8
218266,4.0,5,0.8
218310,5.0,6,0.8333333333333334
218311,3.0,4,0.75
218419,3.0,4,0.75
218433,15.0,45,0.3333333333333333
218434,2.0,3,0.6666666666666666
218451,20.0,22,0.9090909090909091
218460,1.0,2,0.5
218477,13.0,42,0.30952380952380953
218664,3.0,5,0.6
218692,7.0,9,0.7777777777777778
218719,9.0,10,0.9
218730,2.0,4,0.5
218733,8.0,9,0.8888888888888888
218737,2.0,5,0.4
218738,3.0,5,0.6
218755,8.0,10,0.8
218833,425.0,473,0.8985200845665962
218834,467.0,533,0.8761726078799249
218936,480.0,539,0.8905380333951762
218937,444.0,501,0.8862275449101796
218962,2.0,3,0.6666666666666666
218970,3.0,6,0.5
219014,2.0,4,0.5
219124,11.0,12,0.9166666666666666
219125,10.0,11,0.9090909090909091
219127,8.0,9,0.8888888888888888
219128,8.0,9,0.8888888888888888
219129,3.0,4,0.75
219219,3.0,4,0.75
219225,6.0,9,0.6666666666666666
219226,3.0,4,0.75
219258,4.0,5,0.8
219266,6.0,20,0.3
219269,3.0,4,0.75
219270,6.0,9,0.6666666666666666
219327,5.0,6,0.8333333333333334
219331,131.0,159,0.8238993710691824
219337,126.0,431,0.2923433874709977
219419,23.0,50,0.46
219420,3.0,4,0.75
219421,2.0,3,0.6666666666666666
219459,6.0,7,0.8571428571428571
219460,5.0,6,0.8333333333333334
219461,8.0,9,0.8888888888888888
219481,2.0,3,0.6666666666666666
219482,2.0,4,0.5
219508,4.0,6,0.6666666666666666
219509,4.0,5,0.8
219545,6.0,7,0.8571428571428571
219546,5.0,6,0.8333333333333334
219549,5.0,18,0.2777777777777778
219550,2.0,3,0.6666666666666666
219551,5.0,6,0.8333333333333334
219606,6.0,10,0.6
219656,4.0,7,0.5714285714285714
219663,2.0,3,0.6666666666666666
219664,7.0,8,0.875
219665,6.0,7,0.8571428571428571
219666,9.0,10,0.9
219669,5.0,6,0.8333333333333334
219687,4.0,6,0.6666666666666666
219688,4.0,5,0.8
219710,4.0,5,0.8
219711,2.0,5,0.4
219731,4.0,7,0.5714285714285714
219732,3.0,4,0.75
219742,15.0,41,0.36585365853658536
219782,13.0,20,0.65
219877,5.0,6,0.8333333333333334
219914,7.0,16,0.4375
219936,3.0,5,0.6
219951,148.0,311,0.4758842443729904
219984,4.0,8,0.5
219994,19.0,57,0.3333333333333333
220011,2.0,5,0.4
220012,2.0,4,0.5
220036,5.0,7,0.7142857142857143
220068,3.0,4,0.75
220095,2.0,4,0.5
220096,2.0,3,0.6666666666666666
220100,4.0,5,0.8
220118,5.0,8,0.625
220168,5.0,6,0.8333333333333334
220178,14.0,42,0.3333333333333333
220189,131.0,297,0.44107744107744107
220200,416.0,473,0.879492600422833
220201,3.0,5,0.6
220219,16.0,43,0.37209302325581395
220220,4.0,5,0.8
220243,12.0,17,0.7058823529411765
220297,435.0,489,0.8895705521472392
220298,431.0,479,0.8997912317327766
220299,412.0,468,0.8803418803418803
220300,360.0,407,0.8845208845208845
220301,455.0,516,0.8817829457364341
220392,2.0,3,0.6666666666666666
220582,3.0,4,0.75
220583,2.0,3,0.6666666666666666
220584,24.0,46,0.5217391304347826
220610,5.0,6,0.8333333333333334
220617,4.0,7,0.5714285714285714
220618,4.0,8,0.5
220624,8.0,12,0.6666666666666666
220625,11.0,14,0.7857142857142857
220627,3.0,5,0.6
220631,286.0,331,0.8640483383685801
220692,3.0,5,0.6
220727,4.0,7,0.5714285714285714
220744,2.0,3,0.6666666666666666
220750,2.0,3,0.6666666666666666
220751,4.0,5,0.8
220752,4.0,5,0.8
220846,6.0,7,0.8571428571428571
220847,9.0,11,0.8181818181818182
220848,5.0,8,0.625
220932,2.0,3,0.6666666666666666
220933,2.0,3,0.6666666666666666
220934,12.0,13,0.9230769230769231
220937,4.0,7,0.5714285714285714
220939,13.0,20,0.65
220952,5.0,6,0.8333333333333334
220959,4.0,6,0.6666666666666666
220960,3.0,4,0.75
220961,3.0,5,0.6
220990,17.0,51,0.3333333333333333
220992,10.0,12,0.8333333333333334
220996,15.0,49,0.30612244897959184
221025,4.0,5,0.8
221132,6.0,7,0.8571428571428571
221133,4.0,6,0.6666666666666666
221137,2.0,3,0.6666666666666666
221138,2.0,3,0.6666666666666666
221158,2.0,3,0.6666666666666666
221176,1.0,3,0.3333333333333333
221261,3.0,4,0.75
221362,4.0,6,0.6666666666666666
221363,3.0,5,0.6
221365,2.0,4,0.5
221366,3.0,5,0.6
221399,3.0,4,0.75
221414,4.0,6,0.6666666666666666
221449,6.0,7,0.8571428571428571
221522,419.0,483,0.8674948240165632
221523,4.0,5,0.8
221605,361.0,410,0.8804878048780488
221606,382.0,424,0.9009433962264151
221630,133.0,292,0.4554794520547945
221638,21.0,46,0.45652173913043476
221639,251.0,694,0.361671469740634
221640,24.0,65,0.36923076923076925
221641,15.0,38,0.39473684210526316
221663,24.0,60,0.4
221665,138.0,170,0.8117647058823529
221698,6.0,7,0.8571428571428571
221822,929.0,1431,0.6491963661774982
221826,3.0,5,0.6
221949,7.0,9,0.7777777777777778
221993,7.0,9,0.7777777777777778
221998,7.0,8,0.875
221999,4.0,6,0.6666666666666666
222030,2.0,4,0.5
222046,3.0,6,0.5
222066,497.0,583,0.8524871355060034
222089,4.0,6,0.6666666666666666
222135,5.0,7,0.7142857142857143
222166,4.0,6,0.6666666666666666
222189,2.0,5,0.4
222420,2.0,4,0.5
222443,5.0,7,0.7142857142857143
222474,350.0,654,0.5351681957186545
222485,4.0,5,0.8
222638,2.0,3,0.6666666666666666
222639,6.0,7,0.8571428571428571
222640,4.0,6,0.6666666666666666
222643,4.0,5,0.8
222685,2.0,4,0.5
222689,2.0,3,0.6666666666666666
222731,18.0,41,0.43902439024390244
222733,4.0,5,0.8
222819,6.0,8,0.75
222835,4.0,5,0.8
222841,3.0,4,0.75
222842,5.0,6,0.8333333333333334
222934,123.0,404,0.30445544554455445
222945,426.0,473,0.9006342494714588
222946,440.0,503,0.8747514910536779
222947,426.0,477,0.8930817610062893
222948,418.0,469,0.8912579957356077
223030,336.0,1276,0.26332288401253917
223033,449.0,501,0.8962075848303394
223034,440.0,491,0.8961303462321792
223035,413.0,472,0.875
223057,3.0,8,0.375
223074,21.0,61,0.3442622950819672
223075,617.0,1304,0.473159509202454
223195,2.0,3,0.6666666666666666
223243,134.0,174,0.7701149425287356
223467,1.0,2,0.5
223476,3.0,4,0.75
223487,23.0,46,0.5
223521,2.0,3,0.6666666666666666
223614,1.0,2,0.5
223615,1.0,2,0.5
223652,3.0,4,0.75
223662,4.0,6,0.6666666666666666
223663,3.0,4,0.75
223767,7.0,9,0.7777777777777778
223769,3.0,5,0.6
223806,29.0,54,0.5370370370370371
223853,141.0,433,0.325635103926097
223956,137.0,333,0.4114114114114114
223964,5.0,6,0.8333333333333334
223965,6.0,7,0.8571428571428571
223966,5.0,6,0.8333333333333334
223971,5.0,6,0.8333333333333334
223996,4.0,6,0.6666666666666666
224006,3.0,4,0.75
224007,2.0,3,0.6666666666666666
224021,29.0,56,0.5178571428571429
224199,3.0,4,0.75
224205,3.0,4,0.75
224220,9.0,11,0.8181818181818182
224231,3.0,4,0.75
224422,12.0,46,0.2608695652173913
224532,10.0,31,0.3225806451612903
224571,1.0,2,0.5
224681,282.0,647,0.43585780525502316
224901,26.0,51,0.5098039215686274
224906,16.0,40,0.4
225034,25.0,53,0.4716981132075472
225200,26.0,54,0.48148148148148145
225258,21.0,64,0.328125
225260,135.0,160,0.84375
225470,568.0,642,0.8847352024922118
225534,220.0,326,0.6748466257668712
225535,143.0,458,0.31222707423580787
225581,92.0,273,0.336996336996337
225808,1.0,2,0.5
226125,133.0,164,0.8109756097560976
226126,27.0,59,0.4576271186440678
226133,18.0,46,0.391304347826087
226151,435.0,486,0.8950617283950617
226244,23.0,54,0.42592592592592593
226455,18.0,48,0.375
226673,1.0,2,0.5
226806,1.0,3,0.3333333333333333
226951,26.0,50,0.52
227026,26.0,47,0.5531914893617021
227039,243.0,904,0.2688053097345133
227049,15.0,19,0.7894736842105263
227060,1.0,2,0.5
227082,24.0,63,0.38095238095238093
227084,432.0,492,0.8780487804878049
227275,1.0,3,0.3333333333333333
227476,23.0,53,0.4339622641509434
227513,153.0,196,0.7806122448979592
227652,17.0,31,0.5483870967741935
227653,426.0,482,0.8838174273858921
227669,130.0,306,0.42483660130718953
227752,364.0,412,0.883495145631068
227906,4.0,13,0.3076923076923077
227935,176.0,373,0.4718498659517426
227996,2.0,4,0.5
227998,2.0,3,0.6666666666666666
228020,138.0,446,0.3094170403587444
228031,20.0,45,0.4444444444444444
228173,25.0,45,0.5555555555555556
228216,1.0,2,0.5
228273,2.0,3,0.6666666666666666
228275,136.0,171,0.7953216374269005
228367,20.0,41,0.4878048780487805
228401,13.0,42,0.30952380952380953
228404,177.0,409,0.43276283618581907
228441,13.0,49,0.2653061224489796
228470,8.0,17,0.47058823529411764
228486,15.0,32,0.46875
228563,491.0,554,0.8862815884476535
228754,16.0,37,0.43243243243243246
228998,130.0,165,0.7878787878787878
229172,17.0,48,0.3541666666666667
229197,20.0,42,0.47619047619047616
229290,431.0,485,0.8886597938144329
229291,453.0,513,0.8830409356725146
229384,440.0,494,0.8906882591093117
229385,472.0,533,0.8855534709193246
229386,499.0,568,0.8785211267605634
229426,1498.0,2597,0.5768194070080862
229693,268.0,744,0.3602150537634409
229778,1295.0,3264,0.39675245098039214
229825,244.0,436,0.5596330275229358
229910,28.0,80,0.35
229913,1.0,2,0.5
229942,118.0,439,0.26879271070615035
229959,155.0,282,0.549645390070922
230005,621.0,684,0.9078947368421053
230141,141.0,324,0.4351851851851852
230150,30.0,53,0.5660377358490566
230155,265.0,473,0.5602536997885835
230158,603.0,719,0.8386648122392212
230242,19.0,46,0.41304347826086957
230289,124.0,287,0.43205574912891986
230310,2.0,4,0.5
230354,1456.0,1782,0.8170594837261503
230356,1.0,2,0.5
230640,126.0,414,0.30434782608695654
230701,1542.0,2084,0.7399232245681382
230764,6.0,8,0.75
230950,425.0,479,0.8872651356993737
230995,43.0,116,0.3706896551724138
231406,4.0,11,0.36363636363636365
231509,26.0,57,0.45614035087719296
231689,18.0,32,0.5625
231717,294.0,477,0.6163522012578616
231901,570.0,626,0.9105431309904153
231973,16.0,18,0.8888888888888888
231978,3.0,4,0.75
232142,133.0,447,0.2975391498881432
232246,9.0,29,0.3103448275862069
232421,349.0,451,0.7738359201773836
232425,8.0,13,0.6153846153846154
232465,489.0,692,0.7066473988439307
232466,358.0,400,0.895
232467,397.0,445,0.8921348314606742
232468,412.0,466,0.8841201716738197
232469,461.0,524,0.8797709923664122
232470,412.0,460,0.8956521739130435
232471,481.0,538,0.8940520446096655
232472,480.0,534,0.898876404494382
232548,6411.0,7745,0.8277598450613299
232549,591.0,657,0.8995433789954338
232592,530.0,1325,0.4
232601,1.0,2,0.5
232614,599.0,670,0.8940298507462686
232752,1.0,3,0.3333333333333333
233180,560.0,817,0.6854345165238678
233368,1.0,3,0.3333333333333333
233370,1.0,2,0.5
233413,8.0,12,0.6666666666666666
233459,352.0,392,0.8979591836734694
233538,423.0,480,0.88125
233626,8.0,16,0.5
233790,1.0,3,0.3333333333333333
233939,25232.0,30320,0.8321899736147758
234148,432.0,494,0.8744939271255061
234266,393.0,444,0.8851351351351351
235105,1.0,3,0.3333333333333333
235388,446.0,502,0.8884462151394422
235474,2.0,3,0.6666666666666666
235745,1.0,3,0.3333333333333333
235791,1.0,2,0.5
235911,5.0,11,0.45454545454545453
236035,410.0,467,0.8779443254817987
236079,4.0,8,0.5
236249,393.0,441,0.891156462585034
236250,396.0,441,0.8979591836734694
236297,442.0,500,0.884
236683,384.0,436,0.8807339449541285
236702,1.0,2,0.5
236709,1.0,2,0.5
236965,57.0,131,0.4351145038167939
237582,1.0,2,0.5
238148,1.0,3,0.3333333333333333
238150,1.0,2,0.5
238348,1.0,2,0.5
238349,1.0,3,0.3333333333333333
238589,28.0,57,0.49122807017543857
239461,593.0,748,0.7927807486631016
240161,435.0,492,0.8841463414634146
240557,133.0,434,0.3064516129032258
240574,11.0,41,0.2682926829268293
240580,382.0,432,0.8842592592592593
240599,439.0,1591,0.27592708988057824
240777,141.0,447,0.31543624161073824
240934,1277.0,4572,0.27930883639545057
241042,19.0,46,0.41304347826086957
241043,1.0,2,0.5
241058,1.0,3,0.3333333333333333
241138,423.0,845,0.5005917159763313
241325,1.0,3,0.3333333333333333
241337,6.0,14,0.42857142857142855
241397,144.0,324,0.4444444444444444
241556,17.0,20,0.85
241808,344.0,798,0.43107769423558895
241992,141.0,181,0.7790055248618785
241993,245.0,680,0.3602941176470588
242017,19.0,46,0.41304347826086957
242330,56.0,129,0.43410852713178294
242375,1.0,2,0.5
242440,125.0,437,0.28604118993135014
242846,464.0,516,0.8992248062015504
242899,1280.0,4068,0.31465093411996065
242943,1270.0,3272,0.38814180929095354
243221,1497.0,1782,0.8400673400673401
243334,1538.0,4329,0.3552783552783553
243597,424.0,487,0.8706365503080082
243598,406.0,454,0.8942731277533039
243807,440.0,497,0.8853118712273642
243961,2.0,3,0.6666666666666666
244658,1.0,3,0.3333333333333333
244773,1.0,2,0.5
245125,8.0,14,0.5714285714285714
245295,1454.0,1814,0.8015435501653804
246138,1.0,2,0.5
246724,4.0,7,0.5714285714285714
247128,25.0,30,0.8333333333333334
247129,34.0,38,0.8947368421052632
247157,2.0,3,0.6666666666666666
247181,1.0,2,0.5
247186,1.0,2,0.5
247215,1403.0,1655,0.8477341389728097
247711,436.0,490,0.889795918367347
248390,2431.0,9639,0.25220458553791886
248548,2.0,5,0.4
248585,181.0,588,0.3078231292517007
248678,6.0,8,0.75
249078,400.0,574,0.6968641114982579
249181,437.0,491,0.890020366598778
249354,2.0,4,0.5
249662,4.0,12,0.3333333333333333
249857,3.0,5,0.6
250080,196.0,395,0.4962025316455696
250362,275241.0,296763,0.9274774820311157
250766,447.0,498,0.8975903614457831
251098,4.0,7,0.5714285714285714
251252,431.0,487,0.8850102669404517
251360,8.0,11,0.7272727272727273
251873,13.0,15,0.8666666666666667
251895,430.0,475,0.9052631578947369
252313,10.0,35,0.2857142857142857
252651,1.0,2,0.5
252773,13.0,21,0.6190476190476191
252867,416.0,463,0.8984881209503239
253107,5832.0,7083,0.8233799237611181
253139,2.0,3,0.6666666666666666
253186,179.0,420,0.4261904761904762
253408,5.0,11,0.45454545454545453
253729,6.0,9,0.6666666666666666
253765,7.0,10,0.7
253863,1.0,2,0.5
254332,421.0,472,0.8919491525423728
254333,458.0,518,0.8841698841698842
254334,486.0,544,0.8933823529411765
254335,456.0,507,0.8994082840236687
254336,409.0,457,0.8949671772428884
254424,1.0,3,0.3333333333333333
255264,523.0,613,0.8531810766721044
255265,1.0,3,0.3333333333333333
255549,409.0,460,0.8891304347826087
255550,447.0,498,0.8975903614457831
255765,441.0,495,0.8909090909090909
256661,1.0,3,0.3333333333333333
257160,16.0,18,0.8888888888888888
257205,421.0,478,0.8807531380753139
257206,477.0,534,0.8932584269662921
257207,409.0,459,0.8910675381263616
257208,395.0,443,0.891647855530474
257209,478.0,532,0.8984962406015038
258165,3.0,4,0.75
258632,1.0,2,0.5
258664,1.0,3,0.3333333333333333
259106,1.0,3,0.3333333333333333
259183,7.0,12,0.5833333333333334
259423,444.0,495,0.896969696969697
260165,2.0,3,0.6666666666666666
260253,443.0,503,0.8807157057654076
260254,451.0,517,0.8723404255319149
260255,404.0,454,0.8898678414096917
260256,409.0,465,0.8795698924731182
260287,4.0,6,0.6666666666666666
260486,4.0,5,0.8
260718,9.0,18,0.5
260744,3.0,4,0.75
260852,400.0,1055,0.3791469194312796
261062,444.0,501,0.8862275449101796
261063,446.0,512,0.87109375
261064,391.0,438,0.8926940639269406
261065,448.0,506,0.8853754940711462
261066,417.0,465,0.896774193548387
261067,481.0,544,0.8841911764705882
261195,1.0,2,0.5
261230,7.0,8,0.875
261235,4.0,5,0.8
261384,4.0,5,0.8
261407,12.0,18,0.6666666666666666
261410,4.0,5,0.8
261810,4.0,5,0.8
262433,3.0,9,0.3333333333333333
262575,2.0,4,0.5
262665,432.0,497,0.869215291750503
262666,418.0,469,0.8912579957356077
262667,438.0,491,0.8920570264765784
262748,3.0,9,0.3333333333333333
262754,2.0,5,0.4
263172,7.0,10,0.7
263456,9.0,11,0.8181818181818182
263972,5.0,7,0.7142857142857143
264564,5.0,7,0.7142857142857143
264665,4.0,11,0.36363636363636365
264859,399.0,450,0.8866666666666667
264879,6.0,11,0.5454545454545454
264954,453.0,504,0.8988095238095238
264955,435.0,489,0.8895705521472392
265075,8.0,12,0.6666666666666666
265274,2.0,3,0.6666666666666666
265620,2.0,5,0.4
265720,1.0,2,0.5
265799,478.0,562,0.8505338078291815
265844,417.0,465,0.896774193548387
265845,435.0,498,0.8734939759036144
265846,395.0,440,0.8977272727272727
265847,408.0,457,0.8927789934354485
265848,437.0,488,0.8954918032786885
266343,11.0,20,0.55
266752,2.0,3,0.6666666666666666
267216,417.0,465,0.896774193548387
267217,382.0,437,0.8741418764302059
267297,484.0,536,0.9029850746268657
267457,564.0,646,0.8730650154798761
267703,5.0,8,0.625
267930,1.0,2,0.5
267967,1.0,2,0.5
268021,480.0,546,0.8791208791208791
268022,433.0,495,0.8747474747474747
268023,1196.0,1446,0.8271092669432918
268218,2.0,3,0.6666666666666666
268439,3.0,5,0.6
268623,610.0,1408,0.43323863636363635
268856,461.0,513,0.898635477582846
268857,442.0,493,0.896551724137931
268858,517.0,581,0.8898450946643718
268927,408.0,460,0.8869565217391304
269436,4.0,6,0.6666666666666666
270215,453.0,504,0.8988095238095238
270615,22.0,43,0.5116279069767442
270923,431.0,483,0.8923395445134575
270924,504.0,566,0.8904593639575972
270980,1.0,2,0.5
271531,1.0,2,0.5
271589,6.0,11,0.5454545454545454
271799,413.0,470,0.8787234042553191
271800,400.0,452,0.8849557522123894
271801,458.0,512,0.89453125
271802,401.0,452,0.8871681415929203
271868,401.0,449,0.8930957683741648
271869,339.0,387,0.875968992248062
272330,2.0,4,0.5
272479,1.0,3,0.3333333333333333
272534,399.0,519,0.7687861271676301
272535,409.0,542,0.7546125461254612
272723,10.0,14,0.7142857142857143
272880,456.0,513,0.8888888888888888
274499,398.0,446,0.8923766816143498
274500,366.0,414,0.8840579710144928
274574,4.0,6,0.6666666666666666
274595,7.0,14,0.5
275067,1.0,2,0.5
275093,1.0,2,0.5
275100,1.0,3,0.3333333333333333
275241,6700870.0,9266376,0.723138150232626
275244,5.0,8,0.625
275445,404.0,449,0.8997772828507795
275446,443.0,494,0.8967611336032388
275447,495.0,584,0.8476027397260274
275448,454.0,508,0.8937007874015748
275449,432.0,486,0.8888888888888888
275553,467.0,527,0.8861480075901328
275887,11.0,14,0.7857142857142857
276269,4.0,8,0.5
276281,575.0,998,0.5761523046092184
276414,1.0,2,0.5
276518,472.0,538,0.8773234200743495
276519,438.0,489,0.8957055214723927
276520,393.0,450,0.8733333333333333
276521,402.0,452,0.8893805309734514
276522,913.0,1569,0.5818992989165074
276996,13.0,51,0.2549019607843137
277448,1.0,2,0.5
277538,5761.0,7110,0.8102672292545711
277804,480.0,534,0.898876404494382
277805,432.0,477,0.9056603773584906
277806,412.0,460,0.8956521739130435
277807,448.0,508,0.8818897637795275
277808,366.0,420,0.8714285714285714
277880,12.0,21,0.5714285714285714
277930,379.0,430,0.8813953488372093
278071,6.0,11,0.5454545454545454
278083,9.0,14,0.6428571428571429
278265,71.0,79,0.8987341772151899
278423,1.0,2,0.5
278510,1.0,2,0.5
278820,398.0,446,0.8923766816143498
279140,8.0,12,0.6666666666666666
279204,9.0,15,0.6
279632,2.0,5,0.4
280151,354.0,411,0.8613138686131386
280152,429.0,489,0.8773006134969326
280153,434.0,494,0.8785425101214575
280154,430.0,476,0.9033613445378151
280155,441.0,495,0.8909090909090909
280156,473.0,527,0.8975332068311196
280157,474.0,528,0.8977272727272727
280158,379.0,418,0.9066985645933014
280159,485.0,545,0.8899082568807339
280160,337.0,386,0.8730569948186528
280161,405.0,452,0.8960176991150443
280162,412.0,474,0.869198312236287
280163,406.0,457,0.888402625820569
280164,414.0,468,0.8846153846153846
280165,425.0,470,0.9042553191489362
280166,415.0,459,0.9041394335511983
280167,367.0,416,0.8822115384615384
280226,407.0,457,0.8905908096280087
281173,491.0,551,0.8911070780399274
281174,438.0,495,0.8848484848484849
281175,439.0,490,0.8959183673469387
281839,20.0,25,0.8
282415,1.0,3,0.3333333333333333
282483,1.0,2,0.5
282889,410.0,454,0.9030837004405287
282890,432.0,483,0.8944099378881988
282891,429.0,483,0.8881987577639752
282892,428.0,473,0.904862579281184
282895,463.0,515,0.8990291262135922
282896,461.0,527,0.8747628083491461
282897,432.0,489,0.8834355828220859
282898,418.0,463,0.9028077753779697
282899,387.0,430,0.9
282900,425.0,482,0.8817427385892116
282901,474.0,534,0.8876404494382022
282902,411.0,456,0.9013157894736842
282903,439.0,492,0.8922764227642277
283019,489.0,549,0.8907103825136612
283751,83.0,278,0.29856115107913667
283756,1.0,2,0.5
283886,440.0,1209,0.3639371381306865
284264,96.0,183,0.5245901639344263
284286,496.0,553,0.8969258589511754
284287,420.0,465,0.9032258064516129
284439,2.0,3,0.6666666666666666
284634,1.0,2,0.5
284657,1.0,2,0.5
284902,1.0,2,0.5
284960,2.0,4,0.5
285875,416.0,461,0.9023861171366594
285876,393.0,450,0.8733333333333333
285877,460.0,526,0.8745247148288974
285878,446.0,497,0.89738430583501
285879,425.0,478,0.8891213389121339
285880,367.0,424,0.8655660377358491
285881,375.0,416,0.9014423076923077
285882,419.0,473,0.8858350951374208
285883,431.0,482,0.8941908713692946
285884,391.0,514,0.7607003891050583
285885,416.0,464,0.896551724137931
285886,369.0,411,0.8978102189781022
285887,442.0,496,0.8911290322580645
285888,414.0,462,0.8961038961038961
285889,430.0,478,0.899581589958159
285983,454.0,508,0.8937007874015748
285984,423.0,471,0.8980891719745223
285985,446.0,506,0.8814229249011858
286410,69.0,77,0.8961038961038961
286829,8.0,19,0.42105263157894735
287020,428.0,485,0.8824742268041237
287021,432.0,486,0.8888888888888888
287022,422.0,638,0.6614420062695925
287555,2.0,3,0.6666666666666666
287977,2.0,5,0.4
288320,457.0,509,0.8978388998035364
288321,431.0,479,0.8997912317327766
288322,406.0,451,0.9002217294900222
288324,361.0,407,0.8869778869778869
288325,459.0,528,0.8693181818181818
288326,406.0,455,0.8923076923076924
288327,426.0,483,0.8819875776397516
288328,429.0,477,0.89937106918239
288329,372.0,426,0.8732394366197183
288330,401.0,449,0.8930957683741648
288331,453.0,510,0.888235294117647
288332,451.0,508,0.8877952755905512
288333,473.0,536,0.8824626865671642
288334,375.0,417,0.8992805755395683
288335,407.0,452,0.9004424778761062
288336,459.0,516,0.8895348837209303
288337,425.0,473,0.8985200845665962
288338,349.0,394,0.8857868020304569
288339,434.0,495,0.8767676767676768
288340,401.0,449,0.8930957683741648
288341,449.0,500,0.898
288342,451.0,507,0.8895463510848126
288343,423.0,479,0.8830897703549061
288344,408.0,468,0.8717948717948718
288345,454.0,517,0.8781431334622823
288346,403.0,529,0.7618147448015122
288347,4.0,6,0.6666666666666666
288412,450.0,501,0.8982035928143712
289339,405.0,457,0.8862144420131292
289340,420.0,468,0.8974358974358975
289341,449.0,503,0.8926441351888668
289342,371.0,414,0.8961352657004831
289343,464.0,518,0.8957528957528957
289344,447.0,507,0.8816568047337278
289345,437.0,490,0.8918367346938776
289948,78.0,277,0.2815884476534296
290378,411.0,458,0.8973799126637555
290379,486.0,555,0.8756756756756757
290381,432.0,478,0.9037656903765691
290382,393.0,454,0.8656387665198237
290383,389.0,440,0.884090909090909
290384,435.0,491,0.8859470468431772
290385,435.0,490,0.8877551020408163
290386,411.0,458,0.8973799126637555
290387,426.0,485,0.8783505154639175
290388,483.0,540,0.8944444444444445
290389,413.0,461,0.89587852494577
290390,430.0,475,0.9052631578947369
290391,402.0,459,0.8758169934640523
290392,376.0,432,0.8703703703703703
290393,424.0,481,0.8814968814968815
290394,362.0,410,0.8829268292682927
290395,422.0,482,0.8755186721991701
290396,424.0,487,0.8706365503080082
290397,437.0,503,0.8687872763419483
290398,413.0,464,0.8900862068965517
290399,442.0,500,0.884
290484,519.0,582,0.8917525773195877
290802,67.0,75,0.8933333333333333
291163,406.0,463,0.8768898488120951
291164,416.0,468,0.8888888888888888
291165,441.0,492,0.8963414634146342
291342,530.0,1658,0.31966224366706875
291829,1.0,2,0.5
292166,450.0,508,0.8858267716535433
292167,428.0,485,0.8824742268041237
292168,402.0,447,0.8993288590604027
292169,441.0,492,0.8963414634146342
292170,385.0,433,0.8891454965357968
292171,510.0,573,0.8900523560209425
292172,407.0,455,0.8945054945054945
292173,442.0,496,0.8911290322580645
292174,420.0,465,0.9032258064516129
292175,463.0,525,0.8819047619047619
292176,422.0,477,0.8846960167714885
292177,392.0,446,0.8789237668161435
292287,465.0,519,0.8959537572254336
292289,417.0,467,0.892933618843683
292444,6.0,15,0.4
292645,66.0,74,0.8918918918918919
293064,424.0,472,0.8983050847457628
293065,475.0,547,0.8683729433272395
293066,454.0,505,0.899009900990099
293081,405.0,456,0.8881578947368421
293745,1.0,2,0.5
294129,463.0,531,0.871939736346516
294130,420.0,468,0.8974358974358975
294131,425.0,485,0.8762886597938144
294132,448.0,502,0.8924302788844621
294133,477.0,538,0.8866171003717472
294134,427.0,477,0.8951781970649895
294135,357.0,399,0.8947368421052632
294136,381.0,426,0.8943661971830986
294137,471.0,531,0.8870056497175142
294138,381.0,467,0.815845824411135
294139,477.0,558,0.8548387096774194
294140,392.0,446,0.8789237668161435
294141,402.0,450,0.8933333333333333
294142,451.0,505,0.8930693069306931
294143,381.0,429,0.8881118881118881
294144,447.0,498,0.8975903614457831
294145,408.0,456,0.8947368421052632
294146,460.0,521,0.8829174664107485
294147,406.0,572,0.7097902097902098
294148,407.0,458,0.888646288209607
294149,409.0,457,0.8949671772428884
294150,475.0,544,0.8731617647058824
294151,413.0,470,0.8787234042553191
294152,426.0,474,0.8987341772151899
294153,420.0,471,0.89171974522293
295044,430.0,489,0.8793456032719836
295165,2.0,6,0.3333333333333333
295332,9.0,19,0.47368421052631576
295516,1.0,3,0.3333333333333333
295520,2.0,3,0.6666666666666666
295524,2202.0,3189,0.6904985888993415
296253,435.0,487,0.893223819301848
296254,397.0,441,0.9002267573696145
296255,349.0,387,0.9018087855297158
296256,360.0,399,0.9022556390977443
296257,429.0,483,0.8881987577639752
296258,392.0,437,0.897025171624714
296259,469.0,520,0.9019230769230769
296260,460.0,519,0.8863198458574181
296261,505.0,565,0.8938053097345132
296262,439.0,507,0.8658777120315582
296263,442.0,494,0.8947368421052632
296264,398.0,459,0.8671023965141612
296265,435.0,492,0.8841463414634146
296266,422.0,482,0.8755186721991701
296267,448.0,512,0.875
296268,417.0,462,0.9025974025974026
296269,390.0,435,0.896551724137931
296270,401.0,457,0.8774617067833698
296271,476.0,542,0.8782287822878229
296272,467.0,521,0.8963531669865643
296273,424.0,471,0.9002123142250531
296274,420.0,468,0.8974358974358975
296275,479.0,736,0.6508152173913043
296413,489.0,552,0.8858695652173914
296414,353.0,392,0.9005102040816326
296672,64.0,72,0.8888888888888888
296681,1065843.0,1187348,0.8976669013633745
297096,442.0,567,0.7795414462081128
297097,474.0,531,0.8926553672316384
297098,446.0,504,0.8849206349206349
297139,472.0,528,0.8939393939393939
298154,415.0,465,0.8924731182795699
298155,380.0,419,0.9069212410501193
298156,429.0,480,0.89375
298157,464.0,523,0.887189292543021
298158,434.0,500,0.868
298159,398.0,444,0.8963963963963963
298160,425.0,477,0.8909853249475891
298161,438.0,495,0.8848484848484849
298162,422.0,473,0.8921775898520085
298163,390.0,508,0.7677165354330708
298164,382.0,442,0.8642533936651584
298165,423.0,477,0.8867924528301887
298166,373.0,424,0.8797169811320755
298167,353.0,407,0.8673218673218673
298168,397.0,556,0.7140287769784173
298169,428.0,478,0.895397489539749
298170,424.0,481,0.8814968814968815
298171,417.0,486,0.8580246913580247
298172,477.0,940,0.5074468085106383
298173,470.0,527,0.8918406072106262
298174,426.0,484,0.8801652892561983
298175,398.0,455,0.8747252747252747
298177,486.0,538,0.9033457249070632
298178,428.0,476,0.8991596638655462
298179,484.0,539,0.8979591836734694
298180,428.0,470,0.9106382978723404
298181,453.0,498,0.9096385542168675
298182,421.0,481,0.8752598752598753
298183,469.0,529,0.8865784499054821
298184,454.0,514,0.8832684824902723
298213,471.0,525,0.8971428571428571
298249,1.0,2,0.5
298268,380.0,423,0.8983451536643026
298694,361.0,400,0.9025
298695,394.0,445,0.8853932584269663
298696,406.0,464,0.875
298858,307.0,581,0.5283993115318416
299000,1.0,2,0.5
299067,3.0,4,0.75
299862,482.0,538,0.895910780669145
299863,395.0,440,0.8977272727272727
299864,427.0,1642,0.26004872107186355
299865,358.0,400,0.895
299866,423.0,474,0.8924050632911392
299867,429.0,490,0.8755102040816326
299868,466.0,526,0.8859315589353612
299937,387.0,439,0.8815489749430524
300429,63.0,71,0.8873239436619719
300989,436.0,492,0.8861788617886179
300994,3.0,4,0.75
302129,8.0,21,0.38095238095238093
302239,441.0,498,0.8855421686746988
302240,439.0,499,0.8797595190380761
302241,420.0,467,0.8993576017130621
302242,440.0,497,0.8853118712273642
302243,417.0,465,0.896774193548387
302244,423.0,477,0.8867924528301887
302245,414.0,465,0.8903225806451613
302246,468.0,522,0.896551724137931
302247,469.0,520,0.9019230769230769
302248,382.0,431,0.8863109048723898
302249,399.0,456,0.875
302250,405.0,461,0.8785249457700651
302252,434.0,486,0.8930041152263375
302253,411.0,463,0.8876889848812095
302254,443.0,497,0.8913480885311871
302255,447.0,500,0.894
302675,19.0,41,0.4634146341463415
302754,192.0,250,0.768
303755,1.0,2,0.5
303925,479.0,533,0.8986866791744841
303926,407.0,576,0.7065972222222222
303927,428.0,800,0.535
303928,397.0,442,0.8981900452488688
303929,417.0,471,0.8853503184713376
303930,356.0,396,0.898989898989899
303931,374.0,413,0.9055690072639225
303932,461.0,513,0.898635477582846
303933,441.0,513,0.8596491228070176
303934,416.0,464,0.896551724137931
303935,445.0,499,0.8917835671342685
303936,424.0,469,0.9040511727078892
303937,439.0,497,0.8832997987927566
303938,437.0,491,0.890020366598778
303939,462.0,519,0.8901734104046243
303940,426.0,483,0.8819875776397516
303941,391.0,441,0.8866213151927438
303942,438.0,490,0.8938775510204081
303943,458.0,512,0.89453125
303944,465.0,516,0.9011627906976745
303945,386.0,437,0.8832951945080092
303946,413.0,473,0.8731501057082452
303947,423.0,470,0.9
303948,451.0,502,0.898406374501992
303949,390.0,443,0.8803611738148984
303950,434.0,494,0.8785425101214575
304049,397.0,555,0.7153153153153153
304050,467.0,939,0.49733759318423854
304452,61.0,69,0.8840579710144928
305230,190.0,398,0.47738693467336685
305542,254.0,363,0.699724517906336
305854,448.0,509,0.8801571709233792
305855,454.0,515,0.8815533980582524
305856,394.0,448,0.8794642857142857
305857,385.0,442,0.8710407239819005
305859,431.0,488,0.8831967213114754
305860,429.0,477,0.89937106918239
305862,433.0,533,0.8123827392120075
305863,456.0,513,0.8888888888888888
305864,459.0,513,0.8947368421052632
305865,439.0,498,0.8815261044176707
305866,428.0,476,0.8991596638655462
305867,402.0,450,0.8933333333333333
305868,432.0,485,0.8907216494845361
305869,394.0,448,0.8794642857142857
305870,349.0,388,0.8994845360824743
305871,495.0,560,0.8839285714285714
305872,461.0,528,0.8731060606060606
305873,433.0,533,0.8123827392120075
305874,405.0,462,0.8766233766233766
305875,387.0,574,0.6742160278745645
305876,444.0,498,0.891566265060241
305877,457.0,541,0.844731977818854
305878,382.0,430,0.8883720930232558
306187,60.0,68,0.8823529411764706
306310,1.0,3,0.3333333333333333
306313,4.0,14,0.2857142857142857
306329,1.0,3,0.3333333333333333
306523,399.0,452,0.8827433628318584
306697,3.0,10,0.3
306715,1.0,2,0.5
307033,409.0,462,0.8852813852813853
307222,425.0,482,0.8817427385892116
307223,435.0,498,0.8734939759036144
307224,375.0,707,0.5304101838755304
307225,68.0,77,0.8831168831168831
307226,522.0,588,0.8877551020408163
307227,400.0,457,0.87527352297593
307228,434.0,488,0.889344262295082
307229,424.0,475,0.8926315789473684
307230,520.0,592,0.8783783783783784
307231,406.0,457,0.888402625820569
307232,426.0,526,0.8098859315589354
307233,381.0,435,0.8758620689655172
307234,421.0,472,0.8919491525423728
307235,415.0,469,0.8848614072494669
307236,423.0,468,0.9038461538461539
307237,375.0,420,0.8928571428571429
307238,451.0,503,0.8966202783300199
307239,447.0,508,0.8799212598425197
307240,378.0,435,0.8689655172413793
307241,477.0,533,0.8949343339587242
307242,426.0,473,0.9006342494714588
307243,452.0,518,0.8725868725868726
307244,386.0,430,0.8976744186046511
307245,458.0,509,0.899803536345776
307246,519.0,582,0.8917525773195877
307247,434.0,479,0.906054279749478
307248,414.0,463,0.8941684665226782
307301,437.0,500,0.874
307748,59.0,67,0.8805970149253731
309174,1.0,3,0.3333333333333333
309176,1.0,2,0.5
309183,1.0,2,0.5
309220,1.0,2,0.5
309578,6.0,11,0.5454545454545454
309707,420.0,474,0.8860759493670886
309708,438.0,492,0.8902439024390244
309709,421.0,493,0.8539553752535497
309710,421.0,470,0.8957446808510638
309711,379.0,445,0.851685393258427
309712,460.0,514,0.8949416342412452
309713,378.0,426,0.8873239436619719
309715,505.0,577,0.8752166377816292
309716,466.0,524,0.8893129770992366
309717,453.0,507,0.893491124260355
309718,428.0,491,0.8716904276985743
309719,426.0,480,0.8875
309720,412.0,463,0.8898488120950324
309721,426.0,477,0.8930817610062893
309722,388.0,436,0.8899082568807339
309723,405.0,453,0.8940397350993378
309724,437.0,501,0.872255489021956
309725,486.0,546,0.8901098901098901
309726,391.0,439,0.8906605922551253
309727,457.0,516,0.8856589147286822
309728,457.0,517,0.8839458413926499
309729,453.0,507,0.893491124260355
309730,478.0,541,0.8835489833641405
309732,425.0,473,0.8985200845665962
309733,441.0,499,0.8837675350701403
309734,411.0,459,0.8954248366013072
309735,486.0,537,0.9050279329608939
309736,434.0,500,0.868
309737,374.0,425,0.88
309738,463.0,520,0.8903846153846153
309739,449.0,500,0.898
309741,463.0,520,0.8903846153846153
309742,403.0,448,0.8995535714285714
309743,436.0,492,0.8861788617886179
309744,406.0,452,0.8982300884955752
309830,444.0,510,0.8705882352941177
310120,1.0,2,0.5
310392,59.0,66,0.8939393939393939
310910,1.0,2,0.5
311442,596.0,675,0.882962962962963
311529,8.0,11,0.7272727272727273
311610,1.0,2,0.5
311741,20.0,65,0.3076923076923077
311756,806.0,1025,0.7863414634146342
311757,413.0,461,0.89587852494577
311758,480.0,543,0.8839779005524862
311759,461.0,518,0.88996138996139
311760,380.0,428,0.8878504672897196
311761,447.0,498,0.8975903614457831
311762,476.0,547,0.870201096892139
311763,376.0,421,0.8931116389548693
311764,421.0,469,0.8976545842217484
311765,419.0,467,0.8972162740899358
311766,439.0,493,0.8904665314401623
311767,466.0,751,0.6205059920106525
311768,465.0,517,0.8994197292069632
311769,454.0,508,0.8937007874015748
311770,434.0,492,0.8821138211382114
311771,416.0,470,0.8851063829787233
311772,413.0,464,0.8900862068965517
311773,414.0,465,0.8903225806451613
311774,411.0,492,0.8353658536585366
311775,408.0,461,0.8850325379609545
311776,360.0,402,0.8955223880597015
311777,397.0,462,0.8593073593073594
311778,483.0,543,0.8895027624309392
311779,454.0,510,0.8901960784313725
311780,478.0,548,0.8722627737226277
311781,378.0,429,0.8811188811188811
311782,414.0,465,0.8903225806451613
311783,480.0,557,0.8617594254937163
311784,414.0,467,0.8865096359743041
311785,468.0,525,0.8914285714285715
311786,456.0,508,0.8976377952755905
312082,12.0,14,0.8571428571428571
312474,40.0,54,0.7407407407407407
313018,477.0,528,0.9034090909090909
313661,34823.0,64769,0.537649184023221
313890,392.0,443,0.8848758465011287
313891,409.0,463,0.8833693304535637
313892,387.0,432,0.8958333333333334
313893,410.0,464,0.8836206896551724
313894,472.0,537,0.8789571694599627
313895,504.0,738,0.6829268292682927
313896,413.0,791,0.5221238938053098
313897,411.0,456,0.9013157894736842
313898,475.0,535,0.8878504672897196
313899,373.0,415,0.8987951807228916
313900,450.0,504,0.8928571428571429
313901,415.0,464,0.8943965517241379
313902,433.0,517,0.8375241779497099
313903,447.0,504,0.8869047619047619
313904,503.0,560,0.8982142857142857
313905,414.0,462,0.8961038961038961
313907,617.0,898,0.6870824053452116
313908,412.0,461,0.8937093275488069
313909,408.0,476,0.8571428571428571
313910,381.0,438,0.8698630136986302
313912,421.0,482,0.8734439834024896
313913,467.0,518,0.9015444015444015
313914,477.0,546,0.8736263736263736
313915,437.0,479,0.9123173277661796
313916,428.0,491,0.8716904276985743
313917,421.0,475,0.8863157894736842
314082,395.0,446,0.8856502242152466
314591,12.0,38,0.3157894736842105
315039,417.0,474,0.879746835443038
315040,456.0,515,0.8854368932038835
315883,90.0,246,0.36585365853658536
316651,65.0,73,0.8904109589041096
316678,470.0,533,0.8818011257035647
316679,415.0,463,0.896328293736501
316681,401.0,455,0.8813186813186813
316683,461.0,511,0.9021526418786693
316684,400.0,454,0.8810572687224669
316685,404.0,464,0.8706896551724138
316686,398.0,443,0.8984198645598194
316687,426.0,474,0.8987341772151899
316688,450.0,524,0.8587786259541985
316689,418.0,472,0.885593220338983
316690,436.0,491,0.8879837067209776
316692,433.0,490,0.8836734693877552
316695,393.0,455,0.8637362637362638
316696,425.0,488,0.8709016393442623
316697,403.0,457,0.8818380743982495
316698,465.0,528,0.8806818181818182
316699,367.0,406,0.9039408866995073
316702,428.0,479,0.8935281837160751
316707,452.0,506,0.8932806324110671
316739,432.0,487,0.8870636550308009
316740,436.0,499,0.87374749498998
316742,453.0,510,0.888235294117647
316743,437.0,489,0.8936605316973415
316744,458.0,515,0.8893203883495145
316745,352.0,394,0.8934010152284264
316746,391.0,442,0.8846153846153846
316782,459.0,513,0.8947368421052632
317098,504.0,569,0.8857644991212654
317099,405.0,461,0.8785249457700651
317100,481.0,538,0.8940520446096655
318366,418.0,666,0.6276276276276276
318701,182.0,395,0.4607594936708861
319262,442.0,566,0.7809187279151943
319776,386.0,492,0.7845528455284553
319777,435.0,500,0.87
319778,400.0,451,0.8869179600886918
319779,393.0,441,0.891156462585034
319780,419.0,467,0.8972162740899358
319781,409.0,602,0.6794019933554817
319782,420.0,493,0.8519269776876268
319783,446.0,495,0.901010101010101
319784,402.0,456,0.881578947368421
319785,413.0,464,0.8900862068965517
319786,409.0,459,0.8910675381263616
319787,427.0,479,0.8914405010438413
319788,396.0,451,0.8780487804878049
319789,413.0,468,0.8824786324786325
319790,360.0,402,0.8955223880597015
319791,417.0,468,0.8910256410256411
319792,429.0,477,0.89937106918239
319793,439.0,493,0.8904665314401623
319794,483.0,549,0.8797814207650273
319795,400.0,451,0.8869179600886918
319796,400.0,451,0.8869179600886918
319797,410.0,464,0.8836206896551724
319798,466.0,526,0.8859315589353612
319799,424.0,477,0.8888888888888888
319800,479.0,551,0.8693284936479129
319801,426.0,477,0.8930817610062893
319802,408.0,456,0.8947368421052632
319803,498.0,564,0.8829787234042553
319804,484.0,547,0.8848263254113345
319805,402.0,451,0.8913525498891353
319806,453.0,513,0.8830409356725146
319807,396.0,450,0.88
320778,1.0,3,0.3333333333333333
320902,435.0,491,0.8859470468431772
321902,452.0,509,0.888015717092338
321903,474.0,540,0.8777777777777778
321904,406.0,448,0.90625
321905,456.0,510,0.8941176470588236
321906,438.0,495,0.8848484848484849
321907,465.0,522,0.8908045977011494
321908,441.0,503,0.8767395626242545
321909,450.0,504,0.8928571428571429
321910,422.0,477,0.8846960167714885
321911,418.0,475,0.88
321912,459.0,651,0.7050691244239631
321913,429.0,477,0.89937106918239
321914,415.0,461,0.9002169197396963
321915,375.0,414,0.9057971014492754
321916,451.0,513,0.8791423001949318
321917,430.0,478,0.899581589958159
321918,451.0,537,0.839851024208566
321919,428.0,481,0.8898128898128899
321920,472.0,529,0.8922495274102079
321921,422.0,482,0.8755186721991701
321922,466.0,529,0.8809073724007561
321923,471.0,534,0.8820224719101124
321924,420.0,468,0.8974358974358975
321925,448.0,502,0.8924302788844621
321926,410.0,464,0.8836206896551724
321927,410.0,460,0.8913043478260869
321928,459.0,516,0.8895348837209303
321930,423.0,492,0.8597560975609756
321931,465.0,543,0.856353591160221
321957,188.0,427,0.44028103044496486
321981,3.0,4,0.75
322192,15.0,17,0.8823529411764706
322434,2.0,4,0.5
322702,1.0,3,0.3333333333333333
322706,9.0,10,0.9
322725,585.0,853,0.6858147713950762
323664,72.0,184,0.391304347826087
324188,430.0,478,0.899581589958159
324189,436.0,500,0.872
324190,408.0,460,0.8869565217391304
324191,396.0,455,0.8703296703296703
324192,400.0,460,0.8695652173913043
324193,471.0,528,0.8920454545454546
324194,333.0,382,0.8717277486910995
324195,432.0,480,0.9
324196,323.0,359,0.8997214484679665
324197,468.0,660,0.7090909090909091
324198,391.0,436,0.8967889908256881
324199,472.0,529,0.8922495274102079
324201,479.0,548,0.8740875912408759
324202,381.0,427,0.892271662763466
324203,456.0,519,0.8786127167630058
324204,447.0,499,0.8957915831663327
324205,432.0,492,0.8780487804878049
324206,455.0,511,0.8904109589041096
324207,428.0,479,0.8935281837160751
324208,408.0,462,0.8831168831168831
324209,405.0,450,0.9
324210,441.0,492,0.8963414634146342
324211,415.0,467,0.8886509635974305
324212,438.0,495,0.8848484848484849
324213,453.0,508,0.8917322834645669
324214,396.0,447,0.8859060402684564
324215,413.0,476,0.8676470588235294
324216,433.0,487,0.8891170431211499
324217,378.0,429,0.8811188811188811
324218,414.0,460,0.9
324219,384.0,424,0.9056603773584906
324220,428.0,482,0.8879668049792531
324221,425.0,482,0.8817427385892116
324222,416.0,469,0.8869936034115139
324223,429.0,477,0.89937106918239
324224,415.0,485,0.8556701030927835
324225,384.0,437,0.8787185354691075
324226,428.0,482,0.8879668049792531
324500,7.0,10,0.7
324939,6.0,23,0.2608695652173913
324980,2.0,3,0.6666666666666666
325136,4.0,5,0.8
325302,390.0,438,0.8904109589041096
325303,453.0,510,0.888235294117647
326315,19.0,47,0.40425531914893614
326831,437.0,492,0.8882113821138211
326833,426.0,479,0.8893528183716075
326834,445.0,497,0.8953722334004024
326835,340.0,388,0.8762886597938144
326836,429.0,481,0.8918918918918919
326837,388.0,436,0.8899082568807339
326838,437.0,487,0.8973305954825462
326839,474.0,544,0.8713235294117647
326840,417.0,463,0.9006479481641468
326841,414.0,462,0.8961038961038961
326842,460.0,514,0.8949416342412452
326843,476.0,529,0.8998109640831758
326844,414.0,464,0.8922413793103449
326845,405.0,454,0.8920704845814978
326846,436.0,515,0.8466019417475729
326847,369.0,411,0.8978102189781022
326848,448.0,507,0.883629191321499
326849,402.0,455,0.8835164835164835
326850,402.0,456,0.881578947368421
326851,424.0,478,0.8870292887029289
326852,420.0,471,0.89171974522293
327576,12.0,15,0.8
328196,6.0,9,0.6666666666666666
328464,194.0,416,0.46634615384615385
329181,13.0,18,0.7222222222222222
329202,428.0,488,0.8770491803278688
329203,365.0,407,0.8968058968058968
329204,399.0,453,0.8807947019867549
329205,480.0,531,0.903954802259887
329206,457.0,515,0.887378640776699
329207,483.0,558,0.8655913978494624
329208,439.0,494,0.888663967611336
329209,466.0,673,0.6924219910846954
329210,400.0,448,0.8928571428571429
329211,436.0,496,0.8790322580645161
329212,456.0,516,0.8837209302325582
329213,378.0,426,0.8873239436619719
329214,388.0,436,0.8899082568807339
329215,411.0,468,0.8782051282051282
329216,377.0,417,0.9040767386091128
329217,462.0,522,0.8850574712643678
329218,424.0,472,0.8983050847457628
329219,432.0,491,0.879837067209776
329220,420.0,471,0.89171974522293
329221,416.0,468,0.8888888888888888
329222,498.0,562,0.8861209964412812
329223,454.0,510,0.8901960784313725
329224,444.0,506,0.8774703557312253
329225,403.0,448,0.8995535714285714
329226,420.0,471,0.89171974522293
329227,408.0,464,0.8793103448275862
329228,436.0,489,0.8916155419222904
329229,426.0,481,0.8856548856548857
329230,418.0,494,0.8461538461538461
329231,445.0,1685,0.26409495548961426
329232,431.0,484,0.890495867768595
329233,388.0,442,0.8778280542986425
329234,424.0,473,0.8964059196617337
329235,369.0,408,0.9044117647058824
329236,370.0,418,0.8851674641148325
329304,352.0,393,0.8956743002544529
329820,543.0,631,0.8605388272583201
330580,8.0,14,0.5714285714285714
330790,9.0,11,0.8181818181818182
330846,28.0,36,0.7777777777777778
330904,666.0,1089,0.6115702479338843
330938,504.0,1270,0.3968503937007874
331043,18.0,37,0.4864864864864865
331369,396.0,459,0.8627450980392157
331370,463.0,523,0.8852772466539197
331371,423.0,471,0.8980891719745223
331372,423.0,471,0.8980891719745223
331373,447.0,569,0.7855887521968365
331374,412.0,535,0.7700934579439253
331375,469.0,524,0.8950381679389313
331376,463.0,529,0.8752362948960303
331377,476.0,530,0.8981132075471698
331378,429.0,474,0.9050632911392406
331379,441.0,494,0.8927125506072875
331380,422.0,473,0.8921775898520085
331381,458.0,518,0.8841698841698842
331382,425.0,485,0.8762886597938144
331383,363.0,407,0.8918918918918919
331384,428.0,479,0.8935281837160751
331385,398.0,452,0.8805309734513275
331386,453.0,512,0.884765625
331387,442.0,496,0.8911290322580645
331388,410.0,457,0.8971553610503282
331389,458.0,518,0.8841698841698842
331390,381.0,435,0.8758620689655172
331391,424.0,484,0.8760330578512396
331392,384.0,432,0.8888888888888888
331393,475.0,535,0.8878504672897196
331394,396.0,444,0.8918918918918919
331395,425.0,491,0.8655804480651731
331396,414.0,462,0.8961038961038961
331397,359.0,401,0.8952618453865336
331398,393.0,435,0.903448275862069
331399,424.0,481,0.8814968814968815
331400,398.0,448,0.8883928571428571
331547,1.0,2,0.5
331575,11.0,19,0.5789473684210527
333582,7.0,11,0.6363636363636364
333737,181.0,437,0.41418764302059496
333920,1.0,3,0.3333333333333333
334195,569.0,641,0.8876755070202809
334247,3.0,6,0.5
334284,1.0,2,0.5
334312,365.0,406,0.8990147783251231
334313,509.0,572,0.8898601398601399
334314,415.0,481,0.8627858627858628
334315,361.0,437,0.8260869565217391
334316,480.0,538,0.8921933085501859
334317,492.0,554,0.8880866425992779
334318,426.0,475,0.8968421052631579
334319,408.0,462,0.8831168831168831
334320,432.0,489,0.8834355828220859
334321,457.0,514,0.8891050583657587
334322,386.0,436,0.8853211009174312
334323,422.0,473,0.8921775898520085
334590,1.0,3,0.3333333333333333
334901,6.0,14,0.42857142857142855
335232,437.0,499,0.875751503006012
335233,420.0,477,0.8805031446540881
336040,5.0,10,0.5
336180,667.0,877,0.7605473204104903
336274,8.0,11,0.7272727272727273
336387,453.0,506,0.8952569169960475
336388,369.0,414,0.8913043478260869
336389,479.0,545,0.8788990825688073
336390,461.0,521,0.8848368522072937
336391,418.0,466,0.8969957081545065
336392,462.0,525,0.88
336393,455.0,515,0.883495145631068
336394,408.0,459,0.8888888888888888
338741,428.0,482,0.8879668049792531
338742,437.0,522,0.8371647509578544
338743,427.0,475,0.8989473684210526
338744,387.0,514,0.7529182879377432
338745,356.0,401,0.8877805486284289
338746,424.0,556,0.762589928057554
338747,359.0,401,0.8952618453865336
338748,468.0,540,0.8666666666666667
338749,445.0,499,0.8917835671342685
338750,442.0,496,0.8911290322580645
338751,382.0,427,0.8946135831381733
338752,368.0,413,0.8910411622276029
338753,421.0,472,0.8919491525423728
339107,187.0,574,0.32578397212543553
339381,14.0,15,0.9333333333333333
339388,216.0,777,0.277992277992278
339724,361.0,540,0.6685185185185185
339726,421.0,475,0.8863157894736842
340528,5.0,6,0.8333333333333334
340824,1.0,2,0.5
340846,444.0,507,0.8757396449704142
340847,445.0,509,0.8742632612966601
340848,426.0,486,0.8765432098765432
340850,447.0,507,0.8816568047337278
340851,375.0,426,0.8802816901408451
340852,462.0,524,0.8816793893129771
340853,417.0,465,0.896774193548387
341058,356.0,824,0.4320388349514563
342244,7.0,13,0.5384615384615384
342531,459.0,513,0.8947368421052632
342532,454.0,508,0.8937007874015748
342533,445.0,503,0.8846918489065606
342534,416.0,467,0.8907922912205567
342535,494.0,552,0.894927536231884
342537,435.0,507,0.8579881656804734
342538,435.0,492,0.8841463414634146
342539,467.0,521,0.8963531669865643
342540,415.0,469,0.8848614072494669
342541,435.0,493,0.8823529411764706
342542,437.0,492,0.8882113821138211
342543,484.0,538,0.8996282527881041
342544,429.0,482,0.8900414937759336
342545,407.0,461,0.8828633405639913
342546,415.0,469,0.8848614072494669
342548,1.0,2,0.5
342549,5.0,6,0.8333333333333334
342551,1.0,2,0.5
343331,20.0,40,0.5
343697,7.0,13,0.5384615384615384
344449,1.0,2,0.5
344471,414.0,466,0.8884120171673819
344472,366.0,408,0.8970588235294118
344473,480.0,540,0.8888888888888888
344474,397.0,442,0.8981900452488688
344475,393.0,441,0.891156462585034
344476,448.0,505,0.8871287128712871
344477,463.0,521,0.8886756238003839
344478,447.0,501,0.8922155688622755
344479,448.0,502,0.8924302788844621
344480,426.0,480,0.8875
344481,429.0,486,0.8827160493827161
344482,422.0,472,0.8940677966101694
344483,415.0,466,0.8905579399141631
344484,426.0,479,0.8893528183716075
344485,3.0,4,0.75
344489,5.0,6,0.8333333333333334
344495,16.0,17,0.9411764705882353
344566,387.0,433,0.8937644341801386
344613,418.0,474,0.8818565400843882
344614,57.0,62,0.9193548387096774
344964,396.0,442,0.8959276018099548
344965,384.0,438,0.8767123287671232
345457,1.0,3,0.3333333333333333
346175,1.0,3,0.3333333333333333
346216,449.0,498,0.9016064257028112
346217,434.0,484,0.8966942148760331
346245,2098.0,2688,0.7805059523809523
346307,418.0,466,0.8969957081545065
346748,1.0,2,0.5
347442,1.0,2,0.5
347546,449.0,507,0.8856015779092702
347909,1.0,3,0.3333333333333333
347950,4.0,5,0.8
348574,432.0,492,0.8780487804878049
348575,429.0,479,0.8956158663883089
349360,1.0,2,0.5
349361,1.0,2,0.5
349362,1.0,2,0.5
349536,220.0,599,0.3672787979966611
349674,1.0,2,0.5
349692,452.0,505,0.8950495049504951
349759,454.0,514,0.8832684824902723
349799,131.0,287,0.4564459930313589
351212,431.0,485,0.8886597938144329
351213,1.0,2,0.5
351667,398.0,452,0.8805309734513275
351668,400.0,456,0.8771929824561403
352556,89.0,302,0.2947019867549669
352742,1.0,2,0.5
352746,1.0,2,0.5
352766,401.0,455,0.8813186813186813
352798,14.0,17,0.8235294117647058
352867,8.0,23,0.34782608695652173
352910,29.0,90,0.32222222222222224
353120,12.0,29,0.41379310344827586
353904,414.0,475,0.871578947368421
354038,426.0,483,0.8819875776397516
354039,414.0,465,0.8903225806451613
354040,438.0,509,0.8605108055009824
354041,445.0,542,0.8210332103321033
354388,131.0,372,0.3521505376344086
355251,24.0,36,0.6666666666666666
356364,421.0,472,0.8919491525423728
356397,426.0,613,0.6949429037520392
356398,410.0,462,0.8874458874458875
356399,511.0,569,0.8980667838312829
356400,424.0,480,0.8833333333333333
356401,406.0,461,0.8806941431670282
356478,477.0,538,0.8866171003717472
358019,467.0,518,0.9015444015444015
358020,422.0,475,0.888421052631579
358021,391.0,442,0.8846153846153846
358022,450.0,514,0.8754863813229572
358072,2.0,4,0.5
358110,441.0,498,0.8855421686746988
358111,462.0,521,0.8867562380038387
358112,487.0,553,0.8806509945750453
358113,471.0,534,0.8820224719101124
358114,436.0,490,0.889795918367347
358214,423.0,483,0.8757763975155279
358487,7.0,10,0.7
358523,416.0,469,0.8869936034115139
360316,586.0,675,0.8681481481481481
360587,1.0,2,0.5
361145,372.0,416,0.8942307692307693
361146,403.0,454,0.8876651982378855
361147,367.0,409,0.8973105134474327
361148,374.0,422,0.8862559241706162
361149,418.0,523,0.7992351816443595
361150,451.0,502,0.898406374501992
361151,380.0,514,0.7392996108949417
361264,461.0,515,0.8951456310679612
361265,427.0,478,0.893305439330544
361266,456.0,513,0.8888888888888888
361267,429.0,480,0.89375
361776,483.0,1349,0.35804299481097107
372562,9.0,20,0.45
373191,430.0,475,0.9052631578947369
373192,432.0,487,0.8870636550308009
373193,503.0,563,0.8934280639431617
373253,453.0,503,0.9005964214711729
373254,336.0,378,0.8888888888888888
373321,150.0,365,0.410958904109589
374519,20.0,74,0.2702702702702703
374685,12.0,37,0.32432432432432434
375631,10.0,14,0.7142857142857143
375774,1.0,2,0.5
375776,1.0,2,0.5
375805,429.0,480,0.89375
375806,428.0,479,0.8935281837160751
375807,396.0,443,0.8939051918735892
375808,466.0,521,0.8944337811900192
375809,425.0,473,0.8985200845665962
375810,435.0,487,0.893223819301848
375898,371.0,414,0.8961352657004831
375899,414.0,466,0.8884120171673819
375900,431.0,488,0.8831967213114754
375901,438.0,502,0.8725099601593626
375902,420.0,482,0.8713692946058091
375903,418.0,466,0.8969957081545065
376160,77.0,168,0.4583333333333333
377877,11.0,29,0.3793103448275862
379126,2.0,7,0.2857142857142857
379249,391.0,445,0.8786516853932584
379250,399.0,446,0.8946188340807175
379251,408.0,456,0.8947368421052632
379252,436.0,493,0.8843813387423936
379253,376.0,418,0.8995215311004785
379254,441.0,489,0.901840490797546
379256,7.0,8,0.875
379362,449.0,506,0.8873517786561265
379363,420.0,471,0.89171974522293
379364,384.0,946,0.4059196617336152
379366,446.0,500,0.892
379367,431.0,476,0.9054621848739496
379368,399.0,453,0.8807947019867549
379369,430.0,484,0.8884297520661157
380529,1.0,3,0.3333333333333333
380686,1.0,2,0.5
380689,19.0,34,0.5588235294117647
381482,2.0,7,0.2857142857142857
382041,422.0,480,0.8791666666666667
382042,443.0,509,0.8703339882121808
382043,367.0,406,0.9039408866995073
382044,365.0,407,0.8968058968058968
382045,424.0,474,0.8945147679324894
382127,408.0,460,0.8869565217391304
382128,396.0,447,0.8859060402684564
382249,477.0,538,0.8866171003717472
382565,413.0,464,0.8900862068965517
382566,409.0,466,0.8776824034334764
383788,19.0,24,0.7916666666666666
384114,443.0,503,0.8807157057654076
384115,439.0,496,0.8850806451612904
384116,370.0,412,0.8980582524271845
384117,402.0,450,0.8933333333333333
384118,404.0,452,0.8938053097345132
384119,441.0,496,0.8891129032258065
384120,11.0,12,0.9166666666666666
384199,399.0,447,0.8926174496644296
384200,396.0,450,0.88
384202,421.0,481,0.8752598752598753
384203,420.0,465,0.9032258064516129
384204,358.0,411,0.8710462287104623
384533,446.0,502,0.8884462151394422
384943,7.0,18,0.3888888888888889
385000,218.0,518,0.42084942084942084
385288,1157.0,1482,0.7807017543859649
385484,398.0,452,0.8805309734513275
385485,468.0,525,0.8914285714285715
385486,382.0,436,0.8761467889908257
385487,416.0,464,0.896551724137931
385488,409.0,458,0.8930131004366813
385489,402.0,456,0.881578947368421
385490,405.0,502,0.8067729083665338
385491,488.0,539,0.9053803339517625
385492,420.0,472,0.8898305084745762
385493,422.0,467,0.9036402569593148
385494,473.0,523,0.904397705544933
385613,388.0,436,0.8899082568807339
385615,430.0,473,0.9090909090909091
385617,488.0,549,0.8888888888888888
385618,388.0,442,0.8778280542986425
385619,256.0,865,0.29595375722543354
386947,1.0,2,0.5
387285,12.0,15,0.8
387292,396.0,449,0.8819599109131403
387293,395.0,443,0.891647855530474
387295,452.0,511,0.8845401174168297
387296,5.0,6,0.8333333333333334
387400,396.0,442,0.8959276018099548
387402,366.0,426,0.8591549295774648
387403,418.0,484,0.8636363636363636
387404,431.0,476,0.9054621848739496
387405,403.0,460,0.8760869565217392
387406,468.0,522,0.896551724137931
387407,387.0,435,0.8896551724137931
387409,405.0,453,0.8940397350993378
387508,5.0,12,0.4166666666666667
387599,3273.0,7015,0.4665716322166785
387710,383.0,439,0.8724373576309795
388875,446.0,497,0.89738430583501
388876,413.0,463,0.8920086393088553
388877,411.0,463,0.8876889848812095
388878,4.0,5,0.8
388949,373.0,421,0.8859857482185273
388950,449.0,1565,0.2869009584664537
388951,375.0,414,0.9057971014492754
388952,438.0,490,0.8938775510204081
388953,413.0,458,0.9017467248908297
388954,404.0,455,0.8879120879120879
388955,425.0,485,0.8762886597938144
388956,456.0,513,0.8888888888888888
388957,370.0,421,0.8788598574821853
388958,392.0,440,0.8909090909090909
389789,472.0,532,0.8872180451127819
390430,440.0,494,0.8906882591093117
390432,402.0,450,0.8933333333333333
390433,459.0,520,0.8826923076923077
390520,445.0,502,0.8864541832669323
390792,26.0,93,0.27956989247311825
393707,425.0,491,0.8655804480651731
393926,477.0,531,0.8983050847457628
393927,399.0,447,0.8926174496644296
393928,1.0,2,0.5
394032,412.0,462,0.8917748917748918
394609,471.0,530,0.8886792452830189
394630,8.0,12,0.6666666666666666
396341,398.0,446,0.8923766816143498
396342,413.0,461,0.89587852494577
396343,474.0,531,0.8926553672316384
396344,411.0,470,0.874468085106383
396427,445.0,502,0.8864541832669323
396428,425.0,473,0.8985200845665962
397081,447.0,501,0.8922155688622755
397082,399.0,444,0.8986486486486487
397083,333.0,375,0.888
398209,478.0,535,0.8934579439252337
398210,427.0,469,0.9104477611940298
398211,399.0,450,0.8866666666666667
398289,440.0,495,0.8888888888888888
398290,378.0,427,0.8852459016393442
398291,357.0,408,0.875
398292,493.0,553,0.891500904159132
398293,378.0,420,0.9
398721,11.0,16,0.6875
398813,473.0,527,0.8975332068311196
398814,404.0,453,0.891832229580574
399894,501.0,564,0.8882978723404256
399895,378.0,540,0.7
399896,393.0,441,0.891156462585034
399897,387.0,444,0.8716216216216216
399898,444.0,498,0.891566265060241
399899,369.0,411,0.8978102189781022
399900,417.0,468,0.8910256410256411
399938,12.0,15,0.8
400004,379.0,433,0.8752886836027713
400005,448.0,504,0.8888888888888888
400015,383.0,434,0.8824884792626728
400016,360.0,398,0.9045226130653267
400168,202.0,426,0.47417840375586856
400924,1.0,2,0.5
401341,443.0,506,0.8754940711462451
402471,451.0,504,0.8948412698412699
402937,4.0,7,0.5714285714285714
403779,211.0,398,0.5301507537688442
407548,214.0,444,0.481981981981982
408137,652.0,1746,0.3734249713631157
408985,390.0,450,0.8666666666666667
408991,453.0,505,0.897029702970297
408992,432.0,484,0.8925619834710744
409169,455.0,510,0.8921568627450981
409170,398.0,452,0.8805309734513275
409171,457.0,511,0.8943248532289628
409173,441.0,503,0.8767395626242545
409176,466.0,526,0.8859315589353612
409179,396.0,442,0.8959276018099548
410628,447.0,1485,0.301010101010101
411769,4.0,7,0.5714285714285714
412583,439.0,488,0.8995901639344263
412588,414.0,462,0.8961038961038961
412591,456.0,507,0.8994082840236687
412592,454.0,508,0.8937007874015748
412595,450.0,510,0.8823529411764706
412601,1.0,2,0.5
412788,460.0,514,0.8949416342412452
412790,323.0,360,0.8972222222222223
412796,422.0,476,0.8865546218487395
412799,432.0,483,0.8944099378881988
414096,3.0,4,0.75
414616,22.0,40,0.55
417111,399.0,444,0.8986486486486487
417121,6.0,7,0.8571428571428571
417123,13.0,14,0.9285714285714286
417250,462.0,543,0.850828729281768
417251,409.0,454,0.9008810572687225
417254,452.0,510,0.8862745098039215
417257,444.0,692,0.6416184971098265
417263,120.0,405,0.2962962962962963
419039,10.0,17,0.5882352941176471
420366,401.0,449,0.8930957683741648
420367,414.0,469,0.8827292110874201
420369,399.0,450,0.8866666666666667
420371,455.0,509,0.8939096267190569
420372,425.0,482,0.8817427385892116
420374,404.0,449,0.8997772828507795
420376,394.0,452,0.8716814159292036
420379,427.0,493,0.8661257606490872
420382,455.0,519,0.8766859344894027
420511,463.0,517,0.8955512572533849
420512,396.0,441,0.8979591836734694
420515,436.0,493,0.8843813387423936
420516,375.0,414,0.9057971014492754
420605,388.0,1244,0.31189710610932475
421689,402.0,450,0.8933333333333333
423159,118.0,132,0.8939393939393939
423425,459.0,513,0.8947368421052632
423430,471.0,522,0.9022988505747126
423559,468.0,528,0.8863636363636364
423561,395.0,449,0.8797327394209354
423562,336.0,387,0.8682170542635659
423567,480.0,540,0.8888888888888888
423604,25.0,54,0.46296296296296297
424709,447.0,498,0.8975903614457831
424710,402.0,449,0.8953229398663697
426345,205.0,407,0.5036855036855037
426375,414.0,462,0.8961038961038961
426377,454.0,515,0.8815533980582524
426378,463.0,531,0.871939736346516
426467,378.0,428,0.883177570093458
426469,405.0,451,0.8980044345898004
426470,439.0,502,0.8745019920318725
426471,464.0,533,0.8705440900562852
426553,3.0,10,0.3
428417,477.0,528,0.9034090909090909
428418,418.0,472,0.885593220338983
428419,409.0,487,0.839835728952772
428690,14.0,18,0.7777777777777778
429363,35234.0,39194,0.8989641271623208
429578,377.0,428,0.8808411214953271
429579,425.0,487,0.8726899383983573
429580,391.0,446,0.8766816143497758
429581,378.0,427,0.8852459016393442
429606,2.0,6,0.3333333333333333
429644,410.0,460,0.8913043478260869
429645,485.0,543,0.8931860036832413
429646,368.0,414,0.8888888888888888
429648,860.0,968,0.8884297520661157
429649,410.0,460,0.8913043478260869
429650,401.0,450,0.8911111111111111
429651,431.0,494,0.8724696356275303
429652,420.0,468,0.8974358974358975
429669,33.0,79,0.4177215189873418
429670,367.0,413,0.8886198547215496
429963,3.0,10,0.3
430704,414.0,467,0.8865096359743041
430705,378.0,419,0.9021479713603818
430791,485.0,537,0.9031657355679702
430792,376.0,416,0.9038461538461539
430793,423.0,505,0.8376237623762376
431142,10.0,15,0.6666666666666666
431475,133967.0,524997,0.2551766962477881
431677,483.0,540,0.8944444444444445
431678,391.0,439,0.8906605922551253
431679,454.0,509,0.8919449901768173
431680,422.0,470,0.8978723404255319
431681,417.0,472,0.8834745762711864
431682,464.0,524,0.8854961832061069
431683,434.0,494,0.8785425101214575
431768,481.0,544,0.8841911764705882
431769,376.0,424,0.8867924528301887
431770,457.0,511,0.8943248532289628
431771,453.0,507,0.893491124260355
431772,417.0,463,0.9006479481641468
431773,421.0,470,0.8957446808510638
431774,423.0,473,0.8942917547568711
431775,432.0,479,0.9018789144050104
431776,411.0,462,0.8896103896103896
431777,346.0,391,0.8849104859335039
431778,376.0,427,0.8805620608899297
432125,372.0,423,0.8794326241134752
432465,3395299.0,4583925,0.7406968918557786
432481,33300.0,88213,0.37749538049947284
432700,562.0,655,0.8580152671755725
432723,430.0,494,0.8704453441295547
432724,406.0,454,0.8942731277533039
432725,458.0,520,0.8807692307692307
432797,371.0,410,0.9048780487804878
432798,378.0,426,0.8873239436619719
432799,408.0,465,0.8774193548387097
432800,375.0,420,0.8928571428571429
432801,412.0,480,0.8583333333333333
432802,408.0,453,0.9006622516556292
432803,371.0,413,0.8983050847457628
432804,473.0,530,0.8924528301886793
432830,4.0,6,0.6666666666666666
432925,5.0,14,0.35714285714285715
432952,20.0,40,0.5
433040,4.0,13,0.3076923076923077
433189,64.0,123,0.5203252032520326
433356,498.0,557,0.8940754039497307
433725,3.0,5,0.6
433826,418.0,471,0.8874734607218684
433830,4.0,9,0.4444444444444444
434117,468.0,521,0.8982725527831094
434118,384.0,432,0.8888888888888888
434209,402.0,462,0.8701298701298701
434252,428.0,486,0.8806584362139918
434586,14.0,31,0.45161290322580644
434590,24.0,26,0.9230769230769231
434645,8.0,9,0.8888888888888888
434646,84.0,196,0.42857142857142855
434873,401.0,465,0.8623655913978494
434874,426.0,476,0.8949579831932774
435653,389.0,437,0.8901601830663616
435736,399.0,449,0.888641425389755
435924,6.0,7,0.8571428571428571
436186,593.0,666,0.8903903903903904
436189,611.0,700,0.8728571428571429
436842,10.0,17,0.5882352941176471
436845,1.0,2,0.5
436850,390.0,438,0.8904109589041096
436851,390.0,439,0.8883826879271071
436924,381.0,427,0.892271662763466
436925,454.0,511,0.8884540117416829
436926,401.0,449,0.8930957683741648
436927,381.0,429,0.8881118881118881
436928,387.0,435,0.8896551724137931
438000,398.0,446,0.8923766816143498
438001,415.0,463,0.896328293736501
438002,409.0,460,0.8891304347826087
438026,1.0,3,0.3333333333333333
438087,444.0,495,0.896969696969697
438088,461.0,515,0.8951456310679612
438089,401.0,449,0.8930957683741648
438102,142.0,172,0.8255813953488372
438104,154.0,188,0.8191489361702128
438501,472.0,529,0.8922495274102079
438502,370.0,421,0.8788598574821853
438712,8.0,19,0.42105263157894735
439260,393.0,536,0.7332089552238806
439330,428.0,477,0.8972746331236897
439711,448.0,501,0.8942115768463074
439712,420.0,473,0.8879492600422833
440421,392.0,441,0.8888888888888888
440422,471.0,525,0.8971428571428571
440680,1.0,2,0.5
440946,405.0,455,0.8901098901098901
440995,13.0,29,0.4482758620689655
441019,12.0,14,0.8571428571428571
441296,178.0,401,0.44389027431421446
441545,403.0,457,0.8818380743982495
441546,487.0,547,0.8903107861060329
441617,428.0,479,0.8935281837160751
441943,3.0,6,0.5
442896,439.0,489,0.8977505112474438
442897,488.0,552,0.8840579710144928
443368,409.0,456,0.8969298245614035
443763,15.0,59,0.2542372881355932
443783,883.0,3392,0.2603183962264151
443784,383.0,433,0.8845265588914549
444313,433.0,478,0.9058577405857741
444369,420.0,493,0.8519269776876268
444371,4110.0,6971,0.5895854253335246
445015,21293007.0,30076689,0.7079571491396544
445259,484.0,544,0.8897058823529411
445260,423.0,474,0.8924050632911392
445379,186.0,414,0.4492753623188406
445706,574.0,814,0.7051597051597052
445708,607.0,857,0.7082847141190198
445735,470.0,524,0.8969465648854962
446402,427.0,475,0.8989473684210526
446403,447.0,504,0.8869047619047619
446466,412.0,462,0.8917748917748918
446858,364.0,411,0.8856447688564477
447096,513.0,672,0.7633928571428571
447110,25.0,75,0.3333333333333333
447465,449.0,502,0.8944223107569721
447466,364.0,409,0.8899755501222494
447467,420.0,470,0.8936170212765957
447468,409.0,550,0.7436363636363637
447516,17.0,26,0.6538461538461539
447524,451.0,504,0.8948412698412699
447525,457.0,514,0.8891050583657587
447876,351.0,392,0.8954081632653061
447877,432.0,488,0.8852459016393442
447878,459.0,519,0.884393063583815
447879,371.0,416,0.8918269230769231
447880,435.0,495,0.8787878787878788
447906,657.0,925,0.7102702702702702
447927,372.0,422,0.8815165876777251
447928,418.0,465,0.8989247311827957
447929,429.0,485,0.8845360824742268
447930,355.0,412,0.8616504854368932
448318,5.0,11,0.45454545454545453
448532,393.0,441,0.891156462585034
449028,472.0,534,0.8838951310861424
449029,407.0,452,0.9004424778761062
449030,459.0,513,0.8947368421052632
449417,66.0,89,0.7415730337078652
449476,33.0,61,0.5409836065573771
449777,408.0,456,0.8947368421052632
449829,434.0,489,0.8875255623721882
450482,609.0,696,0.875
450539,4.0,8,0.5
450928,408.0,453,0.9006622516556292
450929,389.0,443,0.8781038374717833
451254,481.0,550,0.8745454545454545
451255,359.0,397,0.9042821158690176
451256,449.0,509,0.8821218074656189
451257,471.0,527,0.8937381404174574
451258,419.0,478,0.8765690376569037
451921,366.0,423,0.8652482269503546
451922,417.0,477,0.8742138364779874
451990,417.0,462,0.9025974025974026
452308,478.0,542,0.8819188191881919
452658,436.0,489,0.8916155419222904
453040,397.0,446,0.8901345291479821
453315,499.0,557,0.895870736086176
453697,426.0,476,0.8949579831932774
453698,386.0,439,0.8792710706150342
453699,403.0,459,0.8779956427015251
453700,471.0,525,0.8971428571428571
453849,271.0,902,0.3004434589800443
453870,334.0,372,0.8978494623655914
454092,6.0,9,0.6666666666666666
454313,9.0,11,0.8181818181818182
454465,437.0,486,0.8991769547325102
455122,608.0,698,0.8710601719197708
455431,434.0,491,0.8839103869653768
455826,4.0,5,0.8
456281,499.0,611,0.8166939443535188
456398,44.0,80,0.55
456548,384.0,432,0.8888888888888888
456841,8.0,16,0.5
456885,401.0,452,0.8871681415929203
457181,466.0,646,0.7213622291021672
457265,447.0,511,0.8747553816046967
457432,2.0,3,0.6666666666666666
457539,24.0,28,0.8571428571428571
457652,529.0,589,0.8981324278438031
457753,430.0,480,0.8958333333333334
457851,179.0,403,0.4441687344913151
458459,3.0,4,0.75
458840,527.0,731,0.7209302325581395
458857,201.0,447,0.44966442953020136
459429,445.0,500,0.89
459430,436.0,496,0.8790322580645161
459521,17.0,55,0.3090909090909091
459797,403.0,447,0.901565995525727
459798,422.0,481,0.8773388773388774
460332,454.0,508,0.8937007874015748
460386,401.0,449,0.8930957683741648
460417,596.0,838,0.711217183770883
460747,420.0,555,0.7567567567567568
460940,2.0,5,0.4
461262,440.0,517,0.851063829787234
461263,401.0,446,0.899103139013453
461264,425.0,479,0.8872651356993737
461548,428.0,497,0.8611670020120724
461688,362.0,409,0.8850855745721271
461796,10.0,13,0.7692307692307693
462255,427.0,1028,0.4153696498054475
462416,2.0,5,0.4
462426,2.0,3,0.6666666666666666
462431,2.0,5,0.4
462433,2.0,4,0.5
462439,2.0,3,0.6666666666666666
462608,485.0,536,0.9048507462686567
462853,200.0,465,0.43010752688172044
463339,429.0,481,0.8918918918918919
463405,3.0,4,0.75
463480,11.0,22,0.5
463516,261.0,347,0.7521613832853026
463561,4.0,8,0.5
463572,555.0,776,0.7152061855670103
463603,408.0,453,0.9006622516556292
463681,404.0,458,0.8820960698689956
463907,499.0,814,0.6130221130221131
463910,3071.0,9526,0.3223808524039471
464123,32.0,63,0.5079365079365079
464263,405.0,461,0.8785249457700651
464307,454.0,505,0.899009900990099
464308,399.0,450,0.8866666666666667
464565,421.0,465,0.9053763440860215
464929,10.0,15,0.6666666666666666
465017,542.0,900,0.6022222222222222
465154,463.0,520,0.8903846153846153
465155,399.0,450,0.8866666666666667
465423,443.0,497,0.8913480885311871
465461,432.0,485,0.8907216494845361
465462,393.0,439,0.8952164009111617
465909,8.0,11,0.7272727272727273
465943,395.0,444,0.8896396396396397
465958,209.0,433,0.48267898383371827
466000,167.0,365,0.4575342465753425
467385,383.0,502,0.7629482071713147
467860,22.0,31,0.7096774193548387
467864,134.0,449,0.2984409799554566
467894,27.0,52,0.5192307692307693
468042,124.0,295,0.42033898305084744
468062,17.0,48,0.3541666666666667
468150,120.0,439,0.2733485193621868
468212,115.0,403,0.2853598014888337
468218,126.0,418,0.3014354066985646
468219,139.0,444,0.3130630630630631
468221,252.0,739,0.34100135317997293
468237,138.0,307,0.4495114006514658
468368,403.0,454,0.8876651982378855
468369,3.0,6,0.5
468371,470.0,524,0.8969465648854962
468492,26.0,63,0.4126984126984127
468513,23.0,48,0.4791666666666667
468547,281.0,324,0.8672839506172839
468887,17.0,42,0.40476190476190477
468890,14.0,43,0.32558139534883723
468940,138.0,172,0.8023255813953488
468942,124.0,294,0.4217687074829932
468943,32.0,64,0.5
468944,124.0,287,0.43205574912891986
468948,281.0,460,0.6108695652173913
468953,260.0,316,0.8227848101265823
468955,15.0,46,0.32608695652173914
468956,29.0,57,0.5087719298245614
468961,140.0,469,0.29850746268656714
468962,18.0,49,0.3673469387755102
468994,131.0,454,0.28854625550660795
469000,19.0,49,0.3877551020408163
469005,145.0,193,0.7512953367875648
469010,142.0,482,0.2946058091286307
469012,134.0,312,0.42948717948717946
469045,2292.0,4225,0.5424852071005917
469055,149.0,184,0.8097826086956522
469057,15.0,47,0.3191489361702128
469065,19.0,58,0.3275862068965517
469069,22.0,44,0.5
469070,27.0,43,0.627906976744186
469071,23.0,54,0.42592592592592593
469072,20.0,52,0.38461538461538464
469075,18.0,48,0.375
469081,14.0,42,0.3333333333333333
469082,21.0,38,0.5526315789473685
469085,19.0,36,0.5277777777777778
469086,21.0,42,0.5
469094,17.0,40,0.425
469097,26.0,52,0.5
469100,130.0,166,0.7831325301204819
469102,265.0,436,0.6077981651376146
469116,133.0,438,0.3036529680365297
469121,15.0,37,0.40540540540540543
469124,17.0,46,0.3695652173913043
469126,14.0,42,0.3333333333333333
469131,23.0,43,0.5348837209302325
469139,376.0,690,0.5449275362318841
469158,19.0,52,0.36538461538461536
469162,140.0,173,0.8092485549132948
469173,28.0,57,0.49122807017543857
469205,128.0,418,0.3062200956937799
469206,136.0,318,0.4276729559748428
469207,16.0,41,0.3902439024390244
469209,141.0,460,0.3065217391304348
469326,20.0,45,0.4444444444444444
469328,347.0,654,0.5305810397553516
469331,16.0,40,0.4
469337,23.0,48,0.4791666666666667
469339,17.0,48,0.3541666666666667
469346,24.0,59,0.4067796610169492
469347,140.0,457,0.3063457330415755
469349,22.0,56,0.39285714285714285
469353,129.0,167,0.7724550898203593
469354,155.0,216,0.7175925925925926
469358,123.0,440,0.27954545454545454
469361,152.0,318,0.4779874213836478
469363,128.0,297,0.43097643097643096
469369,20.0,38,0.5263157894736842
469371,256.0,448,0.5714285714285714
469559,17.0,52,0.3269230769230769
469571,24.0,72,0.3333333333333333
469579,25.0,60,0.4166666666666667
469582,20.0,49,0.40816326530612246
469584,16.0,45,0.35555555555555557
469591,147.0,340,0.4323529411764706
469593,18.0,51,0.35294117647058826
469596,122.0,301,0.4053156146179402
469604,14.0,45,0.3111111111111111
469612,138.0,327,0.42201834862385323
469673,253.0,844,0.29976303317535546
469678,257.0,446,0.5762331838565022
469679,25.0,60,0.4166666666666667
469680,13.0,44,0.29545454545454547
469681,116.0,423,0.27423167848699764
469682,23.0,47,0.48936170212765956
469683,133.0,446,0.2982062780269058
469688,139.0,299,0.46488294314381273
469695,16.0,44,0.36363636363636365
469701,129.0,448,0.28794642857142855
469704,77.0,248,0.31048387096774194
469707,21.0,53,0.39622641509433965
469709,29.0,55,0.5272727272727272
469710,131.0,432,0.30324074074074076
469711,160.0,201,0.7960199004975125
469731,138.0,471,0.2929936305732484
469732,125.0,322,0.38819875776397517
469737,165.0,200,0.825
469738,160.0,202,0.7920792079207921
469740,124.0,438,0.2831050228310502
469741,20.0,52,0.38461538461538464
469742,13.0,44,0.29545454545454547
469747,335.0,922,0.3633405639913232
469748,16.0,39,0.41025641025641024
469752,141.0,311,0.4533762057877814
469753,127.0,431,0.29466357308584684
469754,139.0,452,0.3075221238938053
469763,140.0,313,0.4472843450479233
469764,23.0,44,0.5227272727272727
469768,28.0,65,0.4307692307692308
469779,25.0,47,0.5319148936170213
469780,116.0,422,0.27488151658767773
469788,144.0,183,0.7868852459016393
469790,21.0,52,0.40384615384615385
469796,124.0,428,0.2897196261682243
469803,143.0,167,0.8562874251497006
469809,121.0,280,0.43214285714285716
469812,20.0,51,0.39215686274509803
469813,21.0,39,0.5384615384615384
469815,154.0,324,0.47530864197530864
469817,127.0,159,0.7987421383647799
469818,146.0,496,0.29435483870967744
469820,145.0,309,0.4692556634304207
469833,19.0,39,0.48717948717948717
469836,18.0,63,0.2857142857142857
469837,15.0,38,0.39473684210526316
469842,31.0,59,0.5254237288135594
469850,146.0,309,0.47249190938511326
469853,21.0,48,0.4375
469856,15.0,35,0.42857142857142855
469864,17.0,62,0.27419354838709675
469880,23.0,57,0.40350877192982454
469882,14.0,53,0.2641509433962264
469887,18.0,44,0.4090909090909091
469898,136.0,295,0.4610169491525424
469905,22.0,44,0.5
469909,16.0,47,0.3404255319148936
469912,18.0,56,0.32142857142857145
469925,143.0,488,0.2930327868852459
469927,18.0,49,0.3673469387755102
469931,15.0,37,0.40540540540540543
469935,153.0,339,0.45132743362831856
469936,117.0,391,0.29923273657289
469937,242.0,542,0.44649446494464945
469943,20.0,62,0.3225806451612903
469944,126.0,439,0.2870159453302961
469946,126.0,458,0.27510917030567683
469970,18.0,54,0.3333333333333333
469976,22.0,47,0.46808510638297873
469977,18.0,37,0.4864864864864865
469979,18.0,53,0.33962264150943394
469982,13.0,43,0.3023255813953488
469983,13.0,27,0.48148148148148145
469985,17.0,37,0.4594594594594595
469986,124.0,407,0.3046683046683047
469988,20.0,52,0.38461538461538464
469989,143.0,307,0.46579804560260585
469990,24.0,50,0.48
469996,346.0,804,0.43034825870646765
470000,131.0,445,0.2943820224719101
470001,16.0,38,0.42105263157894735
470007,22.0,51,0.43137254901960786
470013,18.0,40,0.45
470014,256.0,703,0.36415362731152207
470022,20.0,44,0.45454545454545453
470026,17.0,45,0.37777777777777777
470029,255.0,293,0.8703071672354948
470035,11.0,43,0.2558139534883721
470037,30.0,58,0.5172413793103449
470038,15.0,38,0.39473684210526316
470128,139.0,456,0.3048245614035088
470129,135.0,169,0.7988165680473372
470131,24.0,38,0.631578947368421
470134,15.0,43,0.3488372093023256
470136,127.0,320,0.396875
470144,18.0,33,0.5454545454545454
470145,14.0,48,0.2916666666666667
470148,426.0,618,0.6893203883495146
470153,134.0,298,0.44966442953020136
470158,13.0,38,0.34210526315789475
470159,22.0,42,0.5238095238095238
470160,26.0,57,0.45614035087719296
470161,17.0,45,0.37777777777777777
470172,19.0,44,0.4318181818181818
470173,20.0,43,0.46511627906976744
470281,251.0,560,0.44821428571428573
470283,137.0,313,0.43769968051118213
470284,20.0,41,0.4878048780487805
470287,134.0,296,0.4527027027027027
470289,17.0,51,0.3333333333333333
470296,17.0,45,0.37777777777777777
470297,24.0,39,0.6153846153846154
470315,21.0,48,0.4375
470316,147.0,325,0.4523076923076923
470328,17.0,42,0.40476190476190477
470336,268.0,319,0.8401253918495298
470338,17.0,43,0.3953488372093023
470339,152.0,189,0.8042328042328042
470343,129.0,428,0.3014018691588785
470352,142.0,180,0.7888888888888889
470357,20.0,53,0.37735849056603776
470358,8.0,11,0.7272727272727273
470408,134.0,298,0.44966442953020136
470409,25.0,53,0.4716981132075472
470410,15.0,44,0.3409090909090909
470412,133.0,427,0.3114754098360656
470413,119.0,454,0.2621145374449339
470415,21.0,50,0.42
470418,25.0,50,0.5
470419,13.0,42,0.30952380952380953
470422,18.0,53,0.33962264150943394
470427,231.0,643,0.359253499222395
470430,19.0,41,0.4634146341463415
470431,340.0,796,0.4271356783919598
470433,21.0,52,0.40384615384615385
470438,19.0,46,0.41304347826086957
470440,135.0,440,0.3068181818181818
470441,158.0,193,0.8186528497409327
470446,121.0,436,0.2775229357798165
470449,22.0,52,0.4230769230769231
470478,125.0,429,0.2913752913752914
470481,126.0,416,0.30288461538461536
470484,17.0,40,0.425
470488,226.0,563,0.40142095914742454
470491,147.0,479,0.3068893528183716
470495,23.0,57,0.40350877192982454
470769,142.0,458,0.31004366812227074
470772,16.0,39,0.41025641025641024
470775,17.0,38,0.4473684210526316
470777,22.0,60,0.36666666666666664
470778,12.0,43,0.27906976744186046
470788,124.0,160,0.775
470789,247.0,296,0.8344594594594594
470826,136.0,298,0.4563758389261745
470839,126.0,289,0.4359861591695502
470840,232.0,394,0.5888324873096447
470841,20.0,39,0.5128205128205128
470904,234.0,546,0.42857142857142855
478217,600.0,688,0.872093023255814
482617,33733.0,86443,0.39023402704672444
533891,22319.0,71897,0.31043019875655453
1077163,45.0,48,0.9375
1247087,262.0,300,0.8733333333333333
1454607,462.0,513,0.9005847953216374
1455338,391.0,460,0.85
1456470,460.0,513,0.8966861598440545
1458671,1.0,3,0.3333333333333333
1491806,1.0,2,0.5
1542378,1309.0,1493,0.8767582049564635
3725612,4.0,11,0.36363636363636365
3885154,621.0,795,0.7811320754716982
4393913,1.0,3,0.3333333333333333
5429870,444.0,499,0.8897795591182365
5794592,439.0,493,0.8904665314401623
5795398,407.0,453,0.8984547461368654
8075051,1.0,2,0.5
8628319,10.0,21,0.47619047619047616
8635158,1.0,2,0.5
9736324,323.0,759,0.42555994729907776
9888494,1.0,2,0.5
10088399,453.0,506,0.8952569169960475
12290291,547.0,893,0.6125419932810751
12339554,69.0,243,0.2839506172839506
12431938,680.0,917,0.7415485278080698
14358483,408.0,459,0.8888888888888888
14358888,454.0,505,0.899009900990099
14358966,477.0,540,0.8833333333333333
14358975,430.0,479,0.8977035490605428
16245274,606.0,694,0.8731988472622478
16607863,12.0,14,0.8571428571428571
16747237,11.0,16,0.6875
16780136,520.0,696,0.7471264367816092
18614432,2.0,7,0.2857142857142857
22027444,33.0,91,0.3626373626373626
22991959,460.0,517,0.8897485493230174
22991982,459.0,522,0.8793103448275862
22993537,434.0,494,0.8785425101214575
29028516,551.0,678,0.8126843657817109
31266097,20.0,49,0.40816326530612246
35139044,17.0,37,0.4594594594594595
35999782,20.0,43,0.46511627906976744
36125128,136.0,454,0.29955947136563876
36187909,17.0,33,0.5151515151515151
37906653,460.0,1052,0.4372623574144487
38339711,262.0,300,0.8733333333333333
38347689,15.0,47,0.3191489361702128
38472419,17.0,43,0.3953488372093023
38978726,1.0,2,0.5
39388507,642.0,902,0.7117516629711752
39388566,610.0,871,0.7003444316877153
40990858,18.0,47,0.3829787234042553
42667067,19.0,46,0.41304347826086957
42667659,130.0,289,0.44982698961937717
45242190,473.0,524,0.9026717557251909
45251045,517.0,605,0.8545454545454545
45257078,416.0,464,0.896551724137931
49133500,28.0,62,0.45161290322580644
49138058,9.0,14,0.6428571428571429
49348851,1.0,3,0.3333333333333333
49652058,404.0,456,0.8859649122807017
51495555,18.0,51,0.35294117647058826
52047996,28.0,66,0.42424242424242425
52079028,1.0,2,0.5
53348849,136.0,314,0.43312101910828027
53710267,23.0,55,0.41818181818181815
53710627,20.0,32,0.625
53740852,154.0,350,0.44
53740853,26.0,99,0.26262626262626265
53782438,240.0,416,0.5769230769230769
53815011,137.0,431,0.31786542923433875
54093773,2.0,4,0.5
54199429,401.0,455,0.8813186813186813
56053551,16.0,38,0.42105263157894735
56068417,9.0,10,0.9
56637015,241.0,442,0.5452488687782805
57714486,16.0,44,0.36363636363636365
57805887,13856.0,18220,0.7604829857299671
58521006,14.0,39,0.358974358974359
58527709,140.0,327,0.42813455657492355
58594608,33395.0,93976,0.35535668681365457
58689135,2.0,7,0.2857142857142857
58690080,21.0,49,0.42857142857142855
58827007,17.0,42,0.40476190476190477
58856134,19.0,41,0.4634146341463415
58901304,20.0,48,0.4166666666666667
58905552,128.0,162,0.7901234567901234
58996846,16.0,32,0.5
60737482,19.0,44,0.4318181818181818
60776696,143.0,325,0.44
61003719,310.0,666,0.46546546546546547
61003720,327.0,386,0.8471502590673575
61412756,131.0,292,0.4486301369863014
61415840,142.0,186,0.7634408602150538
62574764,148.0,341,0.4340175953079179
62753067,19.0,42,0.4523809523809524
63265682,129.0,284,0.45422535211267606
63661902,15.0,46,0.32608695652173914
63663841,133.0,452,0.2942477876106195
63668420,425.0,482,0.8817427385892116
63747192,143.0,314,0.4554140127388535
63747226,142.0,463,0.30669546436285094
63839834,124.0,160,0.775
63840950,13.0,44,0.29545454545454547
65546263,142.0,172,0.8255813953488372
65557899,141.0,182,0.7747252747252747
65878123,136.0,315,0.43174603174603177
66095341,141.0,301,0.4684385382059801
66126300,504.0,570,0.8842105263157894
66127837,430.0,487,0.8829568788501027
66128338,431.0,479,0.8997912317327766
66128385,407.0,449,0.9064587973273942
66291172,131.0,432,0.30324074074074076
66313997,14.0,47,0.2978723404255319
68063465,21.0,45,0.4666666666666667
68286445,433.0,507,0.854043392504931
68295944,11.0,13,0.8461538461538461
68680099,4.0,15,0.26666666666666666
68744822,3.0,4,0.75
70925120,26.0,60,0.43333333333333335
70925614,23.0,54,0.42592592592592593
70938938,24.0,55,0.43636363636363634
70943900,424.0,487,0.8706365503080082
70944102,479.0,540,0.8870370370370371
70947518,23.0,51,0.45098039215686275
71039083,254.0,439,0.5785876993166287
71043804,13.0,47,0.2765957446808511
71057792,274.0,938,0.2921108742004264
73071769,298.0,897,0.33221850613154963
73071770,318.0,527,0.603415559772296
73353532,152.0,329,0.46200607902735563
73498797,136.0,424,0.32075471698113206
74013548,14.0,19,0.7368421052631579
74718508,22.0,50,0.44
75350830,17.0,48,0.3541666666666667
75427009,127.0,430,0.29534883720930233
75633637,24.0,46,0.5217391304347826
75851555,126.0,426,0.29577464788732394
75864396,13.0,32,0.40625
75869203,440.0,491,0.8961303462321792
75869264,424.0,475,0.8926315789473684
76050027,6.0,18,0.3333333333333333
76085030,140.0,493,0.2839756592292089
77803012,19.0,47,0.40425531914893614
77803014,297.0,793,0.3745271122320303
77803015,18.0,55,0.32727272727272727
77807552,237.0,402,0.5895522388059702
78246625,25.0,51,0.49019607843137253
78345920,132.0,174,0.7586206896551724
78375603,22.0,44,0.5
78446884,11.0,18,0.6111111111111112
78472002,17.0,46,0.3695652173913043
78474501,22.0,52,0.4230769230769231
79032668,18.0,46,0.391304347826087
79625873,13508.0,15778,0.8561287869184941
79628738,26488.0,31500,0.8408888888888889
79702333,126.0,162,0.7777777777777778
79961730,8.0,10,0.8
79964417,13.0,34,0.38235294117647056
80815413,115.0,393,0.2926208651399491
81060345,17.0,43,0.3953488372093023
81062637,28.0,63,0.4444444444444444
81071056,12.0,36,0.3333333333333333
81119196,18.0,44,0.4090909090909091
81150326,21.0,42,0.5
81150328,124.0,431,0.2877030162412993
81151079,15.0,32,0.46875
81182240,129.0,428,0.3014018691588785
81267462,13.0,35,0.37142857142857144
81268359,122.0,428,0.2850467289719626
82901997,128.0,428,0.29906542056074764
82948672,256.0,565,0.45309734513274336
83010212,133.0,312,0.42628205128205127
83459128,22.0,43,0.5116279069767442
83658211,492.0,1228,0.4006514657980456
84205702,119.0,432,0.27546296296296297
85523778,455.0,513,0.8869395711500975
85721435,127.0,408,0.3112745098039216
85908158,379.0,1010,0.37524752475247525
86017109,20.0,62,0.3225806451612903
86022159,440.0,489,0.8997955010224948
86023767,330.0,375,0.88
86025582,409.0,457,0.8949671772428884
86025599,413.0,464,0.8900862068965517
86030709,12.0,40,0.3
86034672,154.0,317,0.48580441640378547
86034673,8.0,25,0.32
86129660,17.0,37,0.4594594594594595
86129662,140.0,464,0.3017241379310345
86151216,129.0,418,0.30861244019138756
86236580,19.0,50,0.38
87990232,12.0,42,0.2857142857142857
88456457,140.0,478,0.2928870292887029
88459555,345.0,658,0.5243161094224924
90561393,11.0,27,0.4074074074074074
90727155,15.0,40,0.375
90733218,421.0,482,0.8734439834024896
90733964,463.0,533,0.8686679174484052
90736689,402.0,456,0.881578947368421
90802471,142.0,180,0.7888888888888889
90867809,23.0,46,0.5
90914443,149.0,336,0.44345238095238093
90935703,16.0,38,0.42105263157894735
92646180,120.0,276,0.43478260869565216
92659238,16.0,40,0.4
92890059,313.0,518,0.6042471042471043
92890060,315.0,502,0.6274900398406374
93185642,14.0,51,0.27450980392156865
93204148,21.0,42,0.5
93324031,15.0,33,0.45454545454545453
93921722,15.0,46,0.32608695652173914
94823190,3.0,4,0.75
94967979,22.0,52,0.4230769230769231
95046982,14.0,33,0.42424242424242425
95619812,118.0,286,0.4125874125874126
95631761,137.0,441,0.31065759637188206
95631764,133.0,166,0.8012048192771084
95633868,137.0,160,0.85625
95636288,445.0,500,0.89
95637243,423.0,487,0.8685831622176592
95637388,402.0,459,0.8758169934640523
95645205,130.0,292,0.4452054794520548
95702913,25.0,50,0.5
95705105,121.0,281,0.4306049822064057
95705106,25.0,52,0.4807692307692308
95876358,131.0,306,0.42810457516339867
97598426,126.0,279,0.45161290322580644
98052562,19.0,44,0.4318181818181818
98840200,1.0,2,0.5
98871877,133.0,306,0.434640522875817
100259336,11.0,18,0.6111111111111112
100420141,389.0,517,0.7524177949709865
100420190,418.0,473,0.8837209302325582
100420263,472.0,535,0.8822429906542056
100420449,388.0,439,0.8838268792710706
100488678,2.0,4,0.5
102855812,3.0,6,0.5
104169131,32467.0,96044,0.3380429803006955
104634312,34096.0,94805,0.35964347871947683
104994665,442.0,499,0.8857715430861723
106723304,501.0,1792,0.27957589285714285
107535755,1.0,3,0.3333333333333333
109601256,414.0,460,0.9
109601263,440.0,494,0.8906882591093117
109601485,443.0,507,0.873767258382643
109601492,398.0,442,0.9004524886877828
109601536,445.0,502,0.8864541832669323
109601716,405.0,453,0.8940397350993378
109601737,418.0,463,0.9028077753779697
113920485,408.0,460,0.8869565217391304
113920502,396.0,453,0.8741721854304636
113920639,447.0,507,0.8816568047337278
113920658,387.0,430,0.9
113920679,379.0,439,0.8633257403189066
116208427,5.0,6,0.8333333333333334
118184530,25.0,55,0.45454545454545453
118193104,18.0,53,0.33962264150943394
118505108,424.0,475,0.8926315789473684
122118636,1.0,2,0.5
122930989,857.0,1787,0.4795747062115277
123100894,440.0,494,0.8906882591093117
123100958,427.0,484,0.8822314049586777
123101097,447.0,502,0.8904382470119522
123101741,496.0,552,0.8985507246376812
123101749,435.0,492,0.8841463414634146
123101820,446.0,497,0.89738430583501
123102034,422.0,467,0.9036402569593148
125631724,11.0,30,0.36666666666666664
127206140,5.0,8,0.625
127324549,16.0,46,0.34782608695652173
127339104,18.0,51,0.35294117647058826
127346440,145.0,319,0.45454545454545453
127615433,459.0,539,0.8515769944341373
127615482,424.0,484,0.8760330578512396
127616091,423.0,471,0.8980891719745223
127616110,451.0,505,0.8930693069306931
127616685,384.0,446,0.8609865470852018
131971173,2902.0,3222,0.9006828057107387
132264957,406.0,458,0.8864628820960698
132265304,406.0,451,0.9002217294900222
132265337,450.0,499,0.9018036072144289
135309533,1.0,3,0.3333333333333333
136636438,398.0,455,0.8747252747252747
136636441,385.0,429,0.8974358974358975
136636455,355.0,406,0.874384236453202
136636505,454.0,507,0.8954635108481263
136636600,396.0,441,0.8979591836734694
136636613,417.0,465,0.896774193548387
136636618,414.0,468,0.8846153846153846
136636686,498.0,564,0.8829787234042553
136636716,406.0,457,0.888402625820569
136636829,379.0,426,0.8896713615023474
138770408,5.0,11,0.45454545454545453
140209131,378.0,426,0.8873239436619719
142743978,7.0,16,0.4375
143315117,5.0,15,0.3333333333333333
144469879,218.0,385,0.5662337662337662
144770562,1.0,3,0.3333333333333333
144773788,137.0,207,0.6618357487922706
144780047,414.0,462,0.8961038961038961
144780145,370.0,409,0.9046454767726161
144780269,426.0,480,0.8875
144780290,405.0,456,0.8881578947368421
147095739,2.0,5,0.4
148589375,7.0,24,0.2916666666666667
149069372,20.0,39,0.5128205128205128
149205846,5.0,11,0.45454545454545453
149303153,7.0,18,0.3888888888888889
149392211,432.0,477,0.9056603773584906
149392354,420.0,467,0.8993576017130621
149392389,455.0,514,0.8852140077821011
149392529,418.0,466,0.8969957081545065
149392601,414.0,462,0.8961038961038961
149490711,14.0,45,0.3111111111111111
154105090,269.0,300,0.8966666666666666
154142553,370.0,415,0.891566265060241
154142717,414.0,462,0.8961038961038961
154143767,318.0,353,0.9008498583569405
154241773,19.0,60,0.31666666666666665
157945439,8.0,20,0.4
157988403,4861.0,8419,0.5773844874688205
158517526,398.0,453,0.8785871964679912
158876929,416.0,506,0.8221343873517787
162421715,11.0,41,0.2682926829268293
162564289,417.0,461,0.9045553145336226
162593653,598.0,681,0.8781204111600588
166956714,137.0,321,0.42679127725856697
166956715,336.0,769,0.43693107932379716
167076981,6.0,9,0.6666666666666666
167255555,396.0,446,0.8878923766816144
167256806,408.0,457,0.8927789934354485
171492333,11.0,13,0.8461538461538461
176107344,24.0,29,0.8275862068965517
176433470,389.0,1364,0.28519061583577715
176433934,381.0,425,0.8964705882352941
176433953,419.0,464,0.9030172413793104
176433958,414.0,459,0.9019607843137255
178265854,148.0,203,0.729064039408867
180338011,541.0,610,0.8868852459016393
180776848,1.0,2,0.5
181115444,379.0,427,0.8875878220140515
181115802,441.0,498,0.8855421686746988
181115887,431.0,494,0.8724696356275303
181116829,472.0,529,0.8922495274102079
181116975,419.0,469,0.8933901918976546
181116989,397.0,544,0.7297794117647058
181117150,402.0,453,0.8874172185430463
182967922,19.0,51,0.37254901960784315
183642184,527.0,611,0.8625204582651391
184249486,1.0,3,0.3333333333333333
184256996,1.0,3,0.3333333333333333
184924548,625.0,2242,0.27876895628902765
185142587,441.0,505,0.8732673267326733
185919470,421.0,482,0.8734439834024896
187709954,435.0,1521,0.2859960552268245
188275100,12.0,16,0.75
189808981,602.0,710,0.847887323943662
190475826,447.0,499,0.8957915831663327
190504584,16.0,20,0.8
190578484,78.0,203,0.3842364532019704
190645065,19.0,27,0.7037037037037037
190732457,5168.0,17035,0.30337540358086296
190939344,429.0,480,0.89375
191019697,13.0,41,0.3170731707317073
191114291,584.0,668,0.874251497005988
194857974,288.0,612,0.47058823529411764
194936125,270.0,320,0.84375
195058799,27.0,47,0.574468085106383
195309058,25.0,54,0.46296296296296297
195505179,19.0,48,0.3958333333333333
195514292,142.0,439,0.3234624145785877
195765678,20.0,37,0.5405405405405406
195884067,357.0,402,0.8880597014925373
195884114,394.0,465,0.8473118279569892
195884182,448.0,506,0.8853754940711462
195892860,20.0,56,0.35714285714285715
195942985,14.0,40,0.35
195942987,236.0,450,0.5244444444444445
195942988,124.0,435,0.2850574712643678
197727538,21.0,48,0.4375
197776204,16.0,51,0.3137254901960784
198205363,141.0,321,0.4392523364485981
198571624,140.0,299,0.4682274247491639
199530652,43.0,104,0.41346153846153844
199963307,1.0,3,0.3333333333333333
199984529,6.0,16,0.375
200649215,32.0,63,0.5079365079365079
200649219,15.0,39,0.38461538461538464
200649228,13.0,43,0.3023255813953488
200649248,379.0,588,0.6445578231292517
200649265,147.0,346,0.42485549132947975
200649280,148.0,188,0.7872340425531915
200657125,580.0,677,0.8567208271787297
200680032,124.0,418,0.2966507177033493
200683508,340.0,790,0.43037974683544306
200776270,395.0,440,0.8977272727272727
200776502,404.0,452,0.8938053097345132
200776507,441.0,505,0.8732673267326733
200776551,463.0,520,0.8903846153846153
200776654,452.0,514,0.8793774319066148
200776657,432.0,483,0.8944099378881988
200785432,127.0,289,0.43944636678200694
200785471,10.0,35,0.2857142857142857
200785615,130.0,425,0.3058823529411765
200843233,8.0,27,0.2962962962962963
200843234,20.0,71,0.28169014084507044
200843237,14.0,35,0.4
200932710,136.0,298,0.4563758389261745
200972212,14.0,46,0.30434782608695654
200972213,252.0,440,0.5727272727272728
200972785,278.0,607,0.45799011532125206
202617745,352.0,648,0.5432098765432098
202670145,21.0,49,0.42857142857142855
202670186,143.0,305,0.46885245901639344
202671115,22.0,47,0.46808510638297873
202671119,22.0,82,0.2682926829268293
203108559,21.0,43,0.4883720930232558
203108561,67.0,92,0.7282608695652174
203402095,576.0,676,0.8520710059171598
204823756,141.0,191,0.7382198952879581
205885024,138.0,163,0.8466257668711656
205885046,18.0,50,0.36
205885063,24.0,65,0.36923076923076925
205912153,130.0,154,0.8441558441558441
205912167,12.0,30,0.4
205912197,148.0,348,0.42528735632183906
205915307,135.0,322,0.4192546583850932
205915309,136.0,393,0.3460559796437659
206003230,154.0,188,0.8191489361702128
206029633,130.0,282,0.46099290780141844
206029976,17.0,38,0.4473684210526316
206210473,62.0,89,0.6966292134831461
206237306,147.0,311,0.47266881028938906
206237308,132.0,303,0.43564356435643564
207939288,150.0,186,0.8064516129032258
208521843,601.0,709,0.847672778561354
209325388,121.0,435,0.27816091954022987
209325401,61.0,86,0.7093023255813954
210166155,584.0,656,0.8902439024390244
211016017,12.0,45,0.26666666666666666
211126920,413.0,470,0.8787234042553191
211135596,17.0,46,0.3695652173913043
211216500,33.0,108,0.3055555555555556
211296916,255.0,581,0.4388984509466437
213030421,20.0,48,0.4166666666666667
213030422,17.0,43,0.3953488372093023
213032134,17.0,53,0.32075471698113206
213561219,14.0,46,0.30434782608695654
215282637,391.0,596,0.6560402684563759
215282925,13.0,40,0.325
215340276,250.0,552,0.4528985507246377
216280597,125.0,286,0.4370629370629371
216280633,157.0,192,0.8177083333333334
216295138,128.0,314,0.40764331210191085
216295179,17.0,36,0.4722222222222222
216295322,134.0,310,0.432258064516129
216295340,16.0,35,0.45714285714285713
216307708,443.0,497,0.8913480885311871
216318539,126.0,282,0.44680851063829785
216318592,124.0,283,0.4381625441696113
216319316,14.0,43,0.32558139534883723
216319318,124.0,461,0.26898047722342733
216396218,135.0,319,0.4231974921630094
216396958,121.0,405,0.29876543209876544
216397035,264.0,741,0.3562753036437247
216471258,24.0,60,0.4
216471266,148.0,322,0.45962732919254656
216495132,21.0,42,0.5
218200867,20.0,49,0.40816326530612246
218200894,12.0,34,0.35294117647058826
218201107,121.0,153,0.7908496732026143
218201130,122.0,421,0.28978622327790976
218201136,19.0,46,0.41304347826086957
218201146,342.0,665,0.5142857142857142
218201842,22.0,45,0.4888888888888889
218201851,16.0,39,0.41025641025641024
218201869,17.0,38,0.4473684210526316
218208853,13.0,42,0.30952380952380953
218740193,14.0,51,0.27450980392156865
219008255,22.0,63,0.3492063492063492
219008309,20.0,38,0.5263157894736842
219529214,1.0,2,0.5
219582821,149.0,321,0.46417445482866043
220197200,568.0,1184,0.4797297297297297
220199479,274.0,908,0.30176211453744495
220683547,3.0,8,0.375
220871005,17.0,44,0.38636363636363635
221500685,396.0,450,0.88
221501247,487.0,556,0.8758992805755396
221503039,570.0,692,0.8236994219653179
221504077,423.0,476,0.8886554621848739
224119103,23.0,75,0.30666666666666664
225295837,4.0,7,0.5714285714285714
225518384,590.0,680,0.8676470588235294
225733265,1.0,3,0.3333333333333333
225734859,1.0,3,0.3333333333333333
226801944,401.0,449,0.8930957683741648
226808258,473.0,530,0.8924528301886793
227008634,26.0,48,0.5416666666666666
227009213,2.0,7,0.2857142857142857
227018038,23.0,69,0.3333333333333333
229330294,128.0,310,0.4129032258064516
229353213,4.0,9,0.4444444444444444
229544868,2.0,6,0.3333333333333333
229548379,1.0,3,0.3333333333333333
230066572,1.0,2,0.5
230074685,2.0,3,0.6666666666666666
230126379,6.0,15,0.4
230946720,2.0,5,0.4
234571930,34529.0,50602,0.6823643334255564
234698807,138.0,445,0.3101123595505618
234834069,5.0,7,0.7142857142857143
234919877,3.0,5,0.6
236134084,276.0,308,0.8961038961038961
236150518,13.0,48,0.2708333333333333
236216255,15.0,41,0.36585365853658536
236279994,25.0,49,0.5102040816326531
236642351,1.0,3,0.3333333333333333
237349649,20.0,39,0.5128205128205128
237349651,384.0,721,0.5325936199722607
237413660,33.0,59,0.559322033898305
237502203,427.0,484,0.8822314049586777
237508877,386.0,432,0.8935185185185185
237510629,386.0,475,0.8126315789473684
237511560,2.0,3,0.6666666666666666
237620372,2.0,3,0.6666666666666666
237634488,1.0,3,0.3333333333333333
239459488,1.0,3,0.3333333333333333
239472816,1.0,2,0.5
239967014,1.0,2,0.5
240267589,139.0,451,0.3082039911308204
240789348,156.0,196,0.7959183673469388
240789388,152.0,339,0.44837758112094395
240818619,22.0,48,0.4583333333333333
240836201,1.0,2,0.5
240845938,1.0,3,0.3333333333333333
241603214,1.0,2,0.5
241608646,2.0,6,0.3333333333333333
241868937,19.0,43,0.4418604651162791
242390691,22.0,46,0.4782608695652174
242851472,420.0,480,0.875
242852295,462.0,519,0.8901734104046243
242858824,423.0,476,0.8886554621848739
245507707,56.0,63,0.8888888888888888
245554909,252.0,434,0.5806451612903226
246075502,25.0,48,0.5208333333333334
246085672,1.0,2,0.5
246942585,1.0,3,0.3333333333333333
247758486,1.0,2,0.5
249835283,1.0,3,0.3333333333333333
250697911,1.0,3,0.3333333333333333
250729676,60.0,74,0.8108108108108109
250732487,183.0,383,0.47780678851174935
251214441,14.0,47,0.2978723404255319
251223644,1.0,3,0.3333333333333333
252071514,2.0,5,0.4
252853531,1.0,2,0.5
252913220,14.0,16,0.875
252925427,1.0,2,0.5
253036808,23.0,45,0.5111111111111111
253254021,1.0,3,0.3333333333333333
253257964,1.0,3,0.3333333333333333
253290099,1.0,2,0.5
253347511,1.0,2,0.5
253421432,471.0,525,0.8971428571428571
253423212,476.0,551,0.8638838475499092
253423236,358.0,398,0.8994974874371859
255344606,1.0,2,0.5
256766068,1.0,2,0.5
257677075,1.0,3,0.3333333333333333
257677549,1.0,2,0.5
257725102,1.0,3,0.3333333333333333
257727646,1.0,3,0.3333333333333333
258028662,1.0,2,0.5
258217042,1.0,2,0.5
258217114,1.0,3,0.3333333333333333
258230612,446.0,778,0.5732647814910026
258265824,3636732.0,4609250,0.7890073222324673
258272197,1.0,3,0.3333333333333333
258276113,1.0,3,0.3333333333333333
258308025,1.0,2,0.5
258309765,1.0,2,0.5
258704157,1.0,3,0.3333333333333333
258875479,444.0,510,0.8705882352941177
258877167,423.0,480,0.88125
258877800,408.0,464,0.8793103448275862
258882804,403.0,448,0.8995535714285714
258883395,488.0,548,0.8905109489051095
258883592,381.0,432,0.8819444444444444
258884233,482.0,542,0.8892988929889298
260884843,1.0,2,0.5
261405626,164.0,214,0.7663551401869159
261443942,263.0,830,0.3168674698795181
261741224,1.0,3,0.3333333333333333
263044817,2.0,4,0.5
264099203,56.0,106,0.5283018867924528
264124088,1.0,2,0.5
264190548,1.0,2,0.5
264260464,411.0,476,0.8634453781512605
266987937,1.0,3,0.3333333333333333
267503182,1.0,2,0.5
267503576,1.0,2,0.5
267510870,1.0,2,0.5
268271724,2.0,4,0.5
268875795,395.0,447,0.883668903803132
269030463,32.0,36,0.8888888888888888
269111318,269.0,301,0.893687707641196
269484294,14.0,35,0.4
269513737,1.0,3,0.3333333333333333
269673405,417.0,483,0.8633540372670807
269675728,417.0,462,0.9025974025974026
269698435,426.0,483,0.8819875776397516
269706849,446.0,510,0.8745098039215686
269809170,1.0,2,0.5
269830592,18.0,38,0.47368421052631576
269893211,25.0,46,0.5434782608695652
271595637,1.0,2,0.5
272075725,2.0,3,0.6666666666666666
272090378,28.0,56,0.5
272396615,1.0,2,0.5
272934825,3.0,5,0.6
272941219,1.0,2,0.5
272954482,2.0,4,0.5
273331643,8.0,28,0.2857142857142857
273642112,572.0,671,0.8524590163934426
273847954,3.0,8,0.375
274124706,1.0,2,0.5
274186442,13.0,34,0.38235294117647056
274390314,14.0,47,0.2978723404255319
274390570,17.0,49,0.3469387755102041
274712368,1.0,2,0.5
274885285,481.0,541,0.88909426987061
274887583,399.0,459,0.869281045751634
274894060,411.0,462,0.8896103896103896
274897701,447.0,498,0.8975903614457831
274901992,425.0,470,0.9042553191489362
274902925,472.0,529,0.8922495274102079
274905912,414.0,462,0.8961038961038961
277315576,2.0,3,0.6666666666666666
277608612,24.0,52,0.46153846153846156
277608613,251.0,567,0.4426807760141093
278153780,1.0,2,0.5
278854526,1132.0,1284,0.881619937694704
279010739,24.0,54,0.4444444444444444
279057523,1.0,3,0.3333333333333333
279322268,153.0,458,0.33406113537117904
279660917,137.0,303,0.4521452145214521
279881686,141.0,455,0.3098901098901099
279903957,565.0,622,0.9083601286173634
279911072,1.0,2,0.5
279946162,17.0,40,0.425
280038139,402.0,450,0.8933333333333333
280043604,429.0,486,0.8827160493827161
280049542,1.0,3,0.3333333333333333
280192327,11.0,28,0.39285714285714285
280219768,1.0,2,0.5
282483082,2.0,7,0.2857142857142857
282667553,3.0,4,0.75
283998890,1.0,2,0.5
284050159,2.0,5,0.4
284564771,1.0,2,0.5
284602698,1.0,3,0.3333333333333333
284752060,1.0,2,0.5
284830683,512.0,594,0.8619528619528619
285013035,412.0,516,0.7984496124031008
285088256,1.0,3,0.3333333333333333
287413528,1.0,2,0.5
287701604,2.0,5,0.4
287750690,1.0,3,0.3333333333333333
288292212,1.0,3,0.3333333333333333
288299322,1.0,3,0.3333333333333333
289146881,1.0,2,0.5
289153303,1.0,3,0.3333333333333333
289250879,4.0,7,0.5714285714285714
289411324,120.0,424,0.2830188679245283
289776879,1.0,3,0.3333333333333333
289844523,267.0,297,0.898989898989899
290059406,1.0,2,0.5
290077456,1.0,3,0.3333333333333333
290091766,1.0,2,0.5
290202347,451.0,505,0.8930693069306931
290210935,416.0,469,0.8869936034115139
290213325,415.0,463,0.896328293736501
292138377,1.0,2,0.5
292167235,1.0,3,0.3333333333333333
292410069,23.0,67,0.34328358208955223
293503710,2.0,3,0.6666666666666666
294127712,9.0,19,0.47368421052631576
294509500,19.0,43,0.4418604651162791
294594580,1.0,3,0.3333333333333333
294905509,1.0,2,0.5
294928150,127.0,162,0.7839506172839507
294929542,134.0,421,0.3182897862232779
294929624,13.0,28,0.4642857142857143
294929840,255.0,621,0.4106280193236715
295098900,19.0,39,0.48717948717948717
295098963,19.0,43,0.4418604651162791
295098978,19.0,40,0.475
295125355,1.0,2,0.5
295129899,593.0,1669,0.35530257639304974
295174658,1.0,3,0.3333333333333333
295238183,14.0,54,0.25925925925925924
295238199,130.0,288,0.4513888888888889
295368351,441.0,495,0.8909090909090909
295372787,404.0,451,0.8957871396895787
295440778,1.0,2,0.5
297224556,11.0,16,0.6875
297367340,137.0,443,0.309255079006772
297928885,17.0,36,0.4722222222222222
298077670,2.0,5,0.4
298078041,1.0,2,0.5
298078448,1.0,3,0.3333333333333333
298737843,1.0,2,0.5
299609504,180.0,254,0.7086614173228346
299632727,1.0,3,0.3333333333333333
300221979,131.0,294,0.445578231292517
300222070,145.0,179,0.8100558659217877
300222176,13.0,27,0.48148148148148145
300222314,127.0,289,0.43944636678200694
300319461,7.0,14,0.5
300400296,16.0,55,0.2909090909090909
300400330,262.0,458,0.5720524017467249
300429134,63.0,94,0.6702127659574468
300517546,142.0,471,0.30148619957537154
300544631,30.0,116,0.25862068965517243
300555220,1.0,2,0.5
300708934,449.0,505,0.8891089108910891
300713896,467.0,530,0.8811320754716981
300716073,424.0,475,0.8926315789473684
300716340,1.0,2,0.5
300720756,393.0,444,0.8851351351351351
302633315,1.0,2,0.5
302655451,46.0,69,0.6666666666666666
302655454,5.0,11,0.45454545454545453
303134029,15.0,44,0.3409090909090909
303153324,18.0,41,0.43902439024390244
303270809,1.0,2,0.5
303343533,13.0,32,0.40625
303403510,1.0,3,0.3333333333333333
303931906,19.0,52,0.36538461538461536
303943104,1.0,3,0.3333333333333333
303967315,126.0,420,0.3
303968204,3.0,7,0.42857142857142855
304863348,129.0,168,0.7678571428571429
305038186,20.0,43,0.46511627906976744
305053183,4.0,11,0.36363636363636365
305471832,21.0,51,0.4117647058823529
305471853,17.0,49,0.3469387755102041
305472107,23.0,58,0.39655172413793105
305472118,15.0,41,0.36585365853658536
305472138,14.0,39,0.358974358974359
305472158,133.0,437,0.30434782608695654
305472160,23.0,55,0.41818181818181815
305554141,143.0,331,0.43202416918429004
305584671,1.0,3,0.3333333333333333
305603575,1.0,2,0.5
305667743,29.0,56,0.5178571428571429
305688224,21.0,49,0.42857142857142855
305688227,144.0,334,0.4311377245508982
305730789,17.0,40,0.425
305748355,1.0,3,0.3333333333333333
305766367,15.0,34,0.4411764705882353
305971389,361.0,421,0.8574821852731591
305982256,390.0,436,0.8944954128440367
306101242,1.0,3,0.3333333333333333
306116108,25.0,52,0.4807692307692308
308465543,1.0,2,0.5
308466850,1.0,2,0.5
309277120,1.0,2,0.5
309289954,1.0,3,0.3333333333333333
310828484,136.0,449,0.3028953229398664
310828537,16.0,41,0.3902439024390244
310918293,1.0,3,0.3333333333333333
310979268,24.0,38,0.631578947368421
310997959,1.0,2,0.5
310997994,1.0,2,0.5
311052348,136.0,452,0.3008849557522124
311097321,1.0,2,0.5
311271332,469.0,521,0.9001919385796545
311282942,398.0,452,0.8805309734513275
311404777,1.0,2,0.5
311404978,1.0,3,0.3333333333333333
313252337,19.0,46,0.41304347826086957
313721704,1.0,2,0.5
313721831,1.0,2,0.5
313721860,1.0,2,0.5
313746003,1.0,2,0.5
314576171,236.0,663,0.3559577677224736
316172806,23.0,59,0.3898305084745763
316211545,1.0,2,0.5
316240170,1.0,2,0.5
316382656,1.0,2,0.5
316393364,145.0,480,0.3020833333333333
316425262,1.0,2,0.5
316443460,10.0,22,0.45454545454545453
316579484,455.0,508,0.8956692913385826
316585041,423.0,470,0.9
316812712,137.0,444,0.30855855855855857
318726773,1.0,2,0.5
318726842,18.0,44,0.4090909090909091
319191868,1.0,3,0.3333333333333333
319197427,39.0,54,0.7222222222222222
319216512,1.0,2,0.5
319217695,1.0,2,0.5
319345669,4.0,12,0.3333333333333333
319345732,36.0,46,0.782608695652174
319416696,53.0,58,0.9137931034482759
320317581,4.0,6,0.6666666666666666
320327930,22.0,47,0.46808510638297873
320327967,120.0,423,0.28368794326241137
320358027,1.0,2,0.5
320358160,1.0,2,0.5
320390845,1.0,2,0.5
320391197,1.0,2,0.5
320392234,20.0,32,0.625
320399397,1.0,3,0.3333333333333333
320399620,1.0,2,0.5
320470960,11.0,16,0.6875
320521960,1.0,2,0.5
320593022,245.0,290,0.8448275862068966
320593058,125.0,296,0.4222972972972973
320701847,459.0,510,0.9
320720387,469.0,640,0.7328125
320726425,422.0,468,0.9017094017094017
320731444,10.0,27,0.37037037037037035
320810322,24.0,53,0.4528301886792453
320810324,19.0,48,0.3958333333333333
320818605,138.0,482,0.2863070539419087
320835382,238.0,356,0.6685393258426966
323120722,19.0,52,0.36538461538461536
323144538,1.0,2,0.5
323144574,1.0,2,0.5
323144594,1.0,2,0.5
323937155,146.0,174,0.8390804597701149
323948095,23.0,27,0.8518518518518519
323959345,1.0,3,0.3333333333333333
323970332,120.0,136,0.8823529411764706
324984724,34265.0,70373,0.48690548932118854
325824039,1.0,2,0.5
325863411,54.0,61,0.8852459016393442
325930588,1.0,2,0.5
326069672,55.0,91,0.6043956043956044
326078537,476.0,545,0.8733944954128441
326080354,454.0,537,0.845437616387337
326083083,474.0,532,0.8909774436090225
326086678,399.0,449,0.888641425389755
326200108,1.0,2,0.5
328550799,1.0,2,0.5
328585290,1.0,2,0.5
329765542,6.0,13,0.46153846153846156
330616439,382.0,433,0.8822170900692841
330624407,414.0,465,0.8903225806451613
330625667,413.0,467,0.8843683083511777
330628061,422.0,467,0.9036402569593148
330631834,438.0,489,0.8957055214723927
333128317,70.0,91,0.7692307692307693
333243343,31.0,37,0.8378378378378378
333393483,1.0,3,0.3333333333333333
335558880,436.0,503,0.8667992047713717
335835054,215.0,241,0.8921161825726142
336030802,411.0,465,0.8838709677419355
336136816,146.0,481,0.30353430353430355
338553412,1.0,2,0.5
338776389,6.0,19,0.3157894736842105
341152486,1.0,2,0.5
341236389,27.0,35,0.7714285714285715
341245969,20.0,28,0.7142857142857143
341626630,6.0,11,0.5454545454545454
345261064,3.0,5,0.6
346439644,12.0,16,0.75
346542737,24.0,53,0.4528301886792453
346742393,401.0,459,0.8736383442265795
346743205,364.0,410,0.8878048780487805
346746464,373.0,411,0.9075425790754258
346756682,449.0,497,0.903420523138833
349129125,1.0,2,0.5
350962334,75.0,103,0.7281553398058253
352122026,365.0,413,0.8837772397094431
352127730,408.0,454,0.8986784140969163
354493675,1.0,2,0.5
354599452,11.0,12,0.9166666666666666
354614382,6.0,19,0.3157894736842105
354797603,9.0,18,0.5
357447614,10.0,13,0.7692307692307693
357462872,454.0,509,0.8919449901768173
357466472,408.0,453,0.9006622516556292
357549193,39.0,90,0.43333333333333335
359437856,6.0,11,0.5454545454545454
360285371,4.0,8,0.5
360763218,410.0,458,0.8951965065502183
360770744,402.0,447,0.8993288590604027
360821592,13.0,22,0.5909090909090909
364853289,15.0,27,0.5555555555555556
368159691,174.0,340,0.5117647058823529
368465222,2.0,4,0.5
369885427,2.0,6,0.3333333333333333
371063590,387.0,438,0.8835616438356164
379213663,1.0,3,0.3333333333333333
380891745,1.0,3,0.3333333333333333
381306619,170.0,415,0.40963855421686746
381929268,430.0,484,0.8884297520661157
381984130,58.0,74,0.7837837837837838
383736946,7.0,11,0.6363636363636364
383908459,1.0,3,0.3333333333333333
384703530,33.0,39,0.8461538461538461
385164041,124.0,424,0.29245283018867924
385478465,15.0,44,0.3409090909090909
385522247,463.0,517,0.8955512572533849
385522683,423.0,471,0.8980891719745223
385522761,435.0,486,0.8950617283950617
385522818,404.0,449,0.8997772828507795
385531142,23.0,53,0.4339622641509434
388083150,143.0,171,0.8362573099415205
388379960,11.0,12,0.9166666666666666
388535762,14.0,36,0.3888888888888889
388788767,8.0,13,0.6153846153846154
388873071,402.0,450,0.8933333333333333
388998056,19.0,50,0.38
394063261,8.0,16,0.5
394207066,144.0,491,0.29327902240325865
394239784,15.0,37,0.40540540540540543
394239785,169.0,236,0.7161016949152542
394256789,428.0,473,0.904862579281184
394257166,493.0,556,0.8866906474820144
396216388,25.0,49,0.5102040816326531
396762509,1.0,2,0.5
397614997,6.0,17,0.35294117647058826
397993501,9938849.0,13325182,0.7458696624181194
398506290,33473.0,80645,0.4150660301320603
399551160,140.0,297,0.4713804713804714
399551164,15.0,34,0.4411764705882353
399675976,137.0,331,0.41389728096676737
399681243,444.0,498,0.891566265060241
399825871,3.0,6,0.5
403120128,7.0,8,0.875
403940411,8.0,14,0.5714285714285714
404095923,12.0,15,0.8
405064112,716.0,2020,0.35445544554455444
405148677,130.0,312,0.4166666666666667
405173034,397.0,443,0.8961625282167043
407636919,23.0,55,0.41818181818181815
407699585,125.0,421,0.29691211401425177
408448534,2.0,3,0.6666666666666666
410013819,129.0,444,0.2905405405405405
410479185,135.0,471,0.28662420382165604
410586498,351.0,396,0.8863636363636364
410587428,462.0,523,0.8833652007648184
410588369,399.0,450,0.8866666666666667
412480988,21.0,49,0.42857142857142855
413380797,15.0,47,0.3191489361702128
413380799,22.0,44,0.5
413418437,8.0,19,0.42105263157894735
413914160,1.0,3,0.3333333333333333
415421671,4.0,10,0.4
415551305,125.0,285,0.43859649122807015
416088587,376.0,433,0.8683602771362586
416194267,9.0,23,0.391304347826087
416204120,15.0,41,0.36585365853658536
416220601,21.0,46,0.45652173913043476
417885828,19.0,25,0.76
418706976,243.0,271,0.8966789667896679
418708804,243.0,271,0.8966789667896679
418833918,434.0,491,0.8839103869653768
418834917,421.0,473,0.8900634249471459
418930509,1.0,2,0.5
419061382,2.0,5,0.4
420934840,30.0,98,0.30612244897959184
424101058,471.0,540,0.8722222222222222
424102116,419.0,463,0.9049676025917927
424281305,2.0,3,0.6666666666666666
425544570,1.0,3,0.3333333333333333
425852560,16192.0,20091,0.8059330048280324
425912568,2.0,4,0.5
429061101,479.0,530,0.9037735849056604
429061471,450.0,504,0.8928571428571429
429061504,470.0,527,0.8918406072106262
430786106,3251.0,8573,0.3792138108013531
430893367,1.0,2,0.5
430897368,1.0,3,0.3333333333333333
433624536,393.0,445,0.8831460674157303
433809549,10234.0,12553,0.8152632836772087
434083170,492.0,551,0.8929219600725953
434083598,393.0,448,0.8772321428571429
435953120,1.0,2,0.5
439109780,393.0,443,0.8871331828442438
439114738,498.0,564,0.8829787234042553
439403183,525.0,604,0.8692052980132451
443992657,238.0,266,0.8947368421052632
445814711,1.0,2,0.5
445904123,1.0,2,0.5
449742425,147.0,413,0.3559322033898305
449747190,231.0,385,0.6
449751875,340.0,1260,0.2698412698412698
449752909,216.0,683,0.3162518301610542
450314974,3.0,4,0.75
450555054,2.0,4,0.5
450976284,1.0,2,0.5
453584752,23.0,60,0.38333333333333336
454012558,390.0,444,0.8783783783783784
454018006,427.0,484,0.8822314049586777
454410064,444.0,497,0.8933601609657947
455011364,5.0,12,0.4166666666666667
455993742,1.0,3,0.3333333333333333
458486998,16.0,39,0.41025641025641024
458934638,147.0,497,0.29577464788732394
458984729,123.0,293,0.4197952218430034
459028465,438.0,497,0.8812877263581489
459028808,430.0,484,0.8884297520661157
459031253,440.0,500,0.88
459036409,419.0,467,0.8972162740899358
459043545,29.0,57,0.5087719298245614
459210884,341.0,655,0.5206106870229008
459270653,13.0,36,0.3611111111111111
459366250,480.0,578,0.8304498269896193
459771788,148.0,337,0.4391691394658754
460320411,14.0,39,0.358974358974359
463222220,543.0,634,0.8564668769716088
463223573,514.0,589,0.8726655348047538
463230687,920.0,1201,0.7660283097418817
463231476,497.0,599,0.8297161936560935
463236185,590.0,653,0.9035222052067381
463245817,570.0,636,0.8962264150943396
463249414,505.0,602,0.8388704318936877
463249986,523.0,617,0.8476499189627229
463263608,876.0,971,0.90216271884655
463264834,532.0,637,0.8351648351648352
463266377,572.0,632,0.9050632911392406
463270710,555.0,634,0.8753943217665615
463272781,673.0,757,0.8890356671070013
463273310,568.0,629,0.9030206677265501
463274633,532.0,661,0.8048411497730711
463277681,650.0,896,0.7254464285714286
463278069,537.0,638,0.841692789968652
463278539,597.0,669,0.8923766816143498
463279301,534.0,588,0.9081632653061225
463281481,545.0,623,0.8747993579454254
463352281,465.0,560,0.8303571428571429
463356104,630.0,732,0.860655737704918
463376747,525.0,606,0.8663366336633663
463407405,583.0,646,0.9024767801857585
463432840,731.0,832,0.8786057692307693
463460063,551.0,618,0.8915857605177994
463486461,649.0,726,0.8939393939393939
463543554,609.0,685,0.8890510948905109
463551580,596.0,659,0.9044006069802731
463584576,514.0,628,0.8184713375796179
463590908,464.0,547,0.8482632541133455
463616358,555.0,816,0.6801470588235294
463616806,560.0,826,0.6779661016949152
463619841,555.0,615,0.9024390243902439
463621832,496.0,555,0.8936936936936937
463624332,524.0,611,0.8576104746317512
463639533,618.0,683,0.9048316251830161
463640156,549.0,647,0.848531684698609
463644553,546.0,644,0.8478260869565217
463672275,511.0,604,0.8460264900662252
463715219,502.0,593,0.8465430016863407
463717073,528.0,628,0.8407643312101911
463813537,595.0,868,0.6854838709677419
463980899,509.0,596,0.8540268456375839
464011811,144.0,329,0.4376899696048632
464069693,449.0,503,0.8926441351888668
464070002,459.0,513,0.8947368421052632
464073529,438.0,498,0.8795180722891566
464073622,563.0,622,0.905144694533762
464242469,140.0,440,0.3181818181818182
464384018,20.0,48,0.4166666666666667
464407009,7.0,13,0.5384615384615384
464407109,8.0,11,0.7272727272727273
464491269,23.0,38,0.6052631578947368
464603758,21.0,52,0.40384615384615385
464728846,236.0,264,0.8939393939393939
464771772,17.0,42,0.40476190476190477
465131473,131.0,317,0.41324921135646686
465644404,14.0,34,0.4117647058823529
466025344,1.0,2,0.5
468388162,245747.0,812877,0.3023175708009945
468412982,34049.0,95055,0.3582031455473147
469265328,435.0,495,0.8787878787878788
469273175,477.0,534,0.8932584269662921
470278867,1.0,2,0.5
470467965,3.0,11,0.2727272727272727
471469587,24.0,58,0.41379310344827586
474353449,1943.0,3984,0.4877008032128514
474519485,419.0,468,0.8952991452991453
474530446,235.0,263,0.8935361216730038
478107834,2.0,5,0.4
478205886,6.0,9,0.6666666666666666
478566718,454.0,1523,0.2980958634274458
478586795,218.0,792,0.27525252525252525
478588163,238.0,564,0.4219858156028369
479021582,233.0,259,0.8996138996138996
482143373,28.0,55,0.509090909090909
482284179,20.0,45,0.4444444444444444
482569096,136.0,456,0.2982456140350877
482575379,24.0,39,0.6153846153846154
482624716,21.0,49,0.42857142857142855
482673821,18.0,51,0.35294117647058826
482734854,23.0,54,0.42592592592592593
482992934,27.0,49,0.5510204081632653
483284017,1.0,2,0.5
483481921,124.0,282,0.4397163120567376
483591925,130.0,431,0.30162412993039445
483763972,11.0,41,0.2682926829268293
484586143,17.0,35,0.4857142857142857
484752531,132.0,440,0.3
484795289,19.0,41,0.4634146341463415
484822825,133.0,160,0.83125
484932751,8.0,26,0.3076923076923077
486306129,1.0,3,0.3333333333333333
486320397,20.0,37,0.5405405405405406
486599885,20.0,43,0.46511627906976744
487034172,415.0,472,0.8792372881355932
487037593,454.0,505,0.899009900990099
487110615,25.0,57,0.43859649122807015
487481840,3.0,6,0.5
488050831,18.0,37,0.4864864864864865
488842112,18.0,69,0.2608695652173913
488896742,1.0,2,0.5
490116952,134.0,167,0.8023952095808383
490414567,18.0,45,0.4
491214950,124.0,423,0.29314420803782504
491473862,128.0,303,0.42244224422442245
492027857,140.0,448,0.3125
493834315,22.0,43,0.5116279069767442
493888564,16.0,40,0.4
494010106,332.0,877,0.37856328392246297
494067043,12.0,42,0.2857142857142857
494459338,229.0,255,0.8980392156862745
494588514,19.0,38,0.5
494625218,2.0,3,0.6666666666666666
496400113,1.0,2,0.5
496513469,3.0,4,0.75
496589607,18.0,43,0.4186046511627907
497393315,133.0,471,0.2823779193205945
497697267,235.0,664,0.3539156626506024
497727631,17.0,37,0.4594594594594595
498293256,135.0,458,0.29475982532751094
498309189,141.0,458,0.3078602620087336
498313605,120.0,418,0.28708133971291866
498408353,138.0,169,0.8165680473372781
498463162,23.0,39,0.5897435897435898
498500311,16.0,44,0.36363636363636365
498506298,134.0,442,0.3031674208144796
498612640,16.0,39,0.41025641025641024
498774109,235.0,676,0.34763313609467456
498818624,26.0,55,0.4727272727272727
499568783,23.0,60,0.38333333333333336
499592284,123.0,295,0.41694915254237286
499592286,123.0,276,0.44565217391304346
499639630,133.0,165,0.806060606060606
499645256,16.0,39,0.41025641025641024
499708361,17.0,35,0.4857142857142857
499736260,20.0,40,0.5
499894262,143.0,483,0.29606625258799174
501661315,137.0,326,0.42024539877300615
501724173,1.0,3,0.3333333333333333
502140611,19.0,47,0.40425531914893614
502235549,429.0,483,0.8881987577639752
502733856,27.0,50,0.54
503627188,22.0,48,0.4583333333333333
505576040,15.0,16,0.9375
506737634,31.0,36,0.8611111111111112
508020761,1.0,2,0.5
509053081,11.0,33,0.3333333333333333
509403934,137.0,456,0.30043859649122806
509412343,12.0,37,0.32432432432432434
509780404,18.0,38,0.47368421052631576
509846839,20.0,46,0.43478260869565216
510000385,15.0,38,0.39473684210526316
510237912,22.0,47,0.46808510638297873
510291885,131.0,286,0.458041958041958
510311639,23.0,52,0.4423076923076923
510313946,11.0,27,0.4074074074074074
510691376,232.0,590,0.39322033898305087
511373741,147.0,180,0.8166666666666667
511531899,11.0,15,0.7333333333333333
511900980,1.0,2,0.5
512953614,13.0,30,0.43333333333333335
513342109,1.0,2,0.5
513433338,1.0,2,0.5
513589734,143.0,178,0.8033707865168539
513801056,25.0,56,0.44642857142857145
513919264,224.0,250,0.896
514025175,1.0,2,0.5
514153440,18.0,51,0.35294117647058826
514158489,20.0,43,0.46511627906976744
514267647,388.0,447,0.8680089485458613
514284284,22.0,44,0.5
514293110,21.0,46,0.45652173913043476
514314667,25.0,47,0.5319148936170213
514335097,22.0,46,0.4782608695652174
515455722,24.0,45,0.5333333333333333
515549802,14.0,39,0.358974358974359
515709613,9.0,34,0.2647058823529412
517141099,140.0,326,0.4294478527607362
517414517,21.0,42,0.5
518000228,223.0,249,0.8955823293172691
518078710,21.0,57,0.3684210526315789
518307828,12.0,13,0.9230769230769231
518560648,1.0,3,0.3333333333333333
519329663,12.0,13,0.9230769230769231
519697057,17.0,30,0.5666666666666667
524323411,1.0,2,0.5
525688489,22.0,28,0.7857142857142857
525719019,13.0,42,0.30952380952380953
526752806,124.0,445,0.2786516853932584
528256073,9.0,11,0.8181818181818182
529579101,225.0,443,0.5079006772009029
531433580,374.0,666,0.5615615615615616
532151885,3.0,9,0.3333333333333333
532329116,10.0,12,0.8333333333333334
534289832,219.0,245,0.8938775510204081
536248780,1.0,2,0.5
536422936,16293.0,59866,0.27215781912938897
538513432,12.0,14,0.8571428571428571
542555392,372.0,414,0.8985507246376812
542737268,130.0,278,0.4676258992805755
543052130,7.0,15,0.4666666666666667
545742922,34254.0,67857,0.5047968522038994
545892546,12.0,39,0.3076923076923077
546731481,385.0,433,0.8891454965357968
548829409,1.0,2,0.5
548887246,124.0,426,0.29107981220657275
549897155,2.0,7,0.2857142857142857
551317718,9.0,11,0.8181818181818182
552146744,1.0,2,0.5
555182120,2.0,4,0.5
555462189,353.0,875,0.4034285714285714
556135388,18.0,47,0.3829787234042553
556548806,8.0,11,0.7272727272727273
557479800,1.0,2,0.5
559576700,14.0,40,0.35
561126475,1.0,3,0.3333333333333333
561624865,1.0,3,0.3333333333333333
561627017,1.0,2,0.5
561695324,1.0,2,0.5
562646543,335.0,851,0.3936545240893067
563633952,153.0,328,0.46646341463414637
564068817,1.0,2,0.5
565203284,3.0,6,0.5
565329944,1.0,2,0.5
565336151,148.0,187,0.7914438502673797
566865170,2091.0,2303,0.9079461571862788
566993615,4.0,9,0.4444444444444444
568197006,472.0,525,0.8990476190476191
568910199,1.0,2,0.5
569958210,1.0,2,0.5
571184990,3640240.0,6431059,0.5660405230304993
572271363,2.0,3,0.6666666666666666
572445013,2.0,3,0.6666666666666666
573698973,1.0,3,0.3333333333333333
573802182,2.0,3,0.6666666666666666
574182805,1.0,2,0.5
575984313,2.0,7,0.2857142857142857
576452090,2.0,5,0.4
576718308,1.0,3,0.3333333333333333
576745131,5.0,13,0.38461538461538464
578035358,2.0,6,0.3333333333333333
578166633,1.0,2,0.5
578389573,1.0,2,0.5
578545368,415.0,508,0.8169291338582677
579882111,8.0,20,0.4
580062003,1.0,3,0.3333333333333333
580576005,210.0,234,0.8974358974358975
580704522,1.0,2,0.5
580787221,2.0,4,0.5
580925499,5.0,8,0.625
581152188,17.0,46,0.3695652173913043
582793261,2.0,3,0.6666666666666666
585114065,2.0,3,0.6666666666666666
585247087,25.0,47,0.5319148936170213
585303591,2.0,3,0.6666666666666666
585480449,20.0,35,0.5714285714285714
586685850,131.0,445,0.2943820224719101
586806170,16.0,51,0.3137254901960784
587207862,1.0,2,0.5
588562359,136.0,310,0.43870967741935485
589458929,1.0,2,0.5
591173056,1.0,3,0.3333333333333333
591180711,1.0,2,0.5
592928275,139.0,313,0.4440894568690096
592928283,139.0,300,0.4633333333333333
593144551,1274.0,4820,0.26431535269709544
593347371,207.0,231,0.8961038961038961
595404191,1.0,3,0.3333333333333333
598005744,2.0,4,0.5
598131852,20.0,55,0.36363636363636365
600995335,6.0,17,0.35294117647058826
601499500,24.0,39,0.6153846153846154
601606047,382.0,430,0.8883720930232558
603793559,4.0,9,0.4444444444444444
605894053,121.0,415,0.29156626506024097
608083645,1.0,3,0.3333333333333333
608252499,3.0,4,0.75
608252719,147.0,478,0.3075313807531381
609156657,23.0,44,0.5227272727272727
609156663,22.0,48,0.4583333333333333
609483814,2.0,5,0.4
609568392,2.0,3,0.6666666666666666
610035593,363.0,413,0.8789346246973365
610036707,442.0,496,0.8911290322580645
610132043,203.0,227,0.8942731277533039
610134720,203.0,227,0.8942731277533039
611573832,1.0,3,0.3333333333333333
611849134,2250.0,2643,0.8513053348467651
611850229,2.0,4,0.5
612159286,14.0,19,0.7368421052631579
612176483,490499.0,1140888,0.4299273898927853
612276972,1.0,2,0.5
613446101,426.0,481,0.8856548856548857
614322220,202.0,226,0.8938053097345132
614656376,2.0,3,0.6666666666666666
614792723,2.0,5,0.4
616669255,49.0,174,0.28160919540229884
617604977,16.0,43,0.37209302325581395
618300823,444.0,498,0.891566265060241
618773434,1.0,3,0.3333333333333333
618856667,249.0,983,0.2533062054933876
619001038,7.0,12,0.5833333333333334
619953293,1.0,2,0.5
620044315,1.0,2,0.5
620229780,16.0,41,0.3902439024390244
620656110,2.0,4,0.5
620704561,15.0,44,0.3409090909090909
621578854,58757.0,94471,0.6219580612039673
623061071,1.0,2,0.5
624366788,21.0,53,0.39622641509433965
624944930,1.0,3,0.3333333333333333
626316276,133.0,165,0.806060606060606
626327313,253.0,961,0.26326742976066597
627336210,1.0,3,0.3333333333333333
628417911,9.0,13,0.6923076923076923
628546319,3.0,4,0.75
628927477,16.0,36,0.4444444444444444
628985590,3.0,5,0.6
629124068,1.0,2,0.5
630450719,125.0,164,0.7621951219512195
631448876,1.0,3,0.3333333333333333
631450670,126.0,427,0.29508196721311475
631568983,2.0,4,0.5
631692787,1.0,2,0.5
633002422,88.0,162,0.5432098765432098
633208330,1.0,3,0.3333333333333333
633547879,15.0,37,0.40540540540540543
633547933,12.0,33,0.36363636363636365
634774044,10.0,15,0.6666666666666666
634818951,1689.0,2913,0.5798146240988672
635485249,54.0,143,0.3776223776223776
635499430,413.0,470,0.8787234042553191
635962474,23.0,49,0.46938775510204084
636081227,2.0,4,0.5
637496409,2.0,5,0.4
637520016,20.0,25,0.8
637881966,2.0,3,0.6666666666666666
637888676,19.0,45,0.4222222222222222
641116557,1.0,2,0.5
641535146,17.0,41,0.4146341463414634
641868299,120.0,423,0.28368794326241137
642177779,1.0,3,0.3333333333333333
642179481,1.0,2,0.5
643348611,3.0,7,0.42857142857142855
643660064,132.0,178,0.7415730337078652
643696124,4.0,5,0.8
644713450,151.0,177,0.8531073446327684
646654876,145.0,316,0.4588607594936709
646725777,1.0,2,0.5
648005736,23.0,58,0.39655172413793105
648643088,443.0,503,0.8807157057654076
648794921,154.0,185,0.8324324324324325
649033089,17.0,43,0.3953488372093023
649179212,16.0,38,0.42105263157894735
650168126,134.0,161,0.8322981366459627
652489625,126.0,149,0.8456375838926175
652489632,241.0,941,0.2561105207226355
653355387,9.0,12,0.75
658243545,8.0,23,0.34782608695652173
659254809,10.0,13,0.7692307692307693
659883951,606888.0,844514,0.718623965973329
659924072,107.0,366,0.2923497267759563
661782594,414.0,459,0.9019607843137255
662493595,4.0,8,0.5
665723658,2.0,3,0.6666666666666666
666602318,449.0,506,0.8873517786561265
667100739,1.0,2,0.5
667350139,5.0,8,0.625
669027589,13.0,33,0.3939393939393939
671210610,13.0,19,0.6842105263157895
671591448,1.0,2,0.5
675132108,2.0,3,0.6666666666666666
677609087,1.0,2,0.5
678079562,3.0,8,0.375
678916473,3.0,5,0.6
678956522,1.0,3,0.3333333333333333
680270463,6.0,7,0.8571428571428571
680309439,12.0,13,0.9230769230769231
680706117,5.0,12,0.4166666666666667
680924228,5.0,10,0.5
682518250,130.0,431,0.30162412993039445
684518402,1.0,2,0.5
685449106,188.0,210,0.8952380952380953
687755710,1.0,2,0.5
688935400,3.0,5,0.6
689064910,93.0,220,0.42272727272727273
689462529,1.0,3,0.3333333333333333
692022527,1.0,2,0.5
692479740,1.0,2,0.5
692630312,1.0,2,0.5
695245984,1.0,2,0.5
697421834,1.0,3,0.3333333333333333
699094369,1.0,3,0.3333333333333333
699358008,108.0,374,0.2887700534759358
699405540,2.0,3,0.6666666666666666
699939546,2.0,3,0.6666666666666666
702256879,2.0,3,0.6666666666666666
702424612,1.0,2,0.5
704898685,34411.0,42911,0.8019155927384587
706383927,2.0,5,0.4
709210878,6.0,20,0.3
712245384,3.0,5,0.6
713373253,18.0,20,0.9
713865077,420.0,467,0.8993576017130621
714843217,4821.0,5433,0.8873550524572059
716020227,2.0,3,0.6666666666666666
716396366,1.0,3,0.3333333333333333
717865608,263.0,575,0.4573913043478261
718937111,181.0,203,0.8916256157635468
719096031,9.0,12,0.75
721586543,3.0,4,0.75
723449195,22360.0,26136,0.8555249464340373
726355623,2.0,4,0.5
726373735,2.0,3,0.6666666666666666
729466151,2.0,3,0.6666666666666666
731201545,2.0,3,0.6666666666666666
731334045,24.0,73,0.3287671232876712
733402050,16.0,40,0.4
736734886,3.0,4,0.75
736915937,2680033.0,3657430,0.7327639900148465
738555490,139.0,323,0.43034055727554177
739163405,6184.0,13196,0.4686268566232192
741546721,7.0,9,0.7777777777777778
744628341,1.0,2,0.5
744822319,1.0,3,0.3333333333333333
745148132,1.0,2,0.5
745422871,1.0,3,0.3333333333333333
747381483,1.0,2,0.5
748773084,23.0,44,0.5227272727272727
748779812,13.0,39,0.3333333333333333
749947102,177.0,197,0.8984771573604061
753681263,132.0,439,0.30068337129840544
753915529,19.0,22,0.8636363636363636
753916338,2.0,3,0.6666666666666666
754733010,4.0,14,0.2857142857142857
756086627,3.0,5,0.6
757682411,1.0,2,0.5
757682488,1.0,3,0.3333333333333333
757682596,1.0,2,0.5
758695510,25.0,52,0.4807692307692308
763739842,17.0,45,0.37777777777777777
764996192,666.0,734,0.9073569482288828
768669969,137.0,433,0.3163972286374134
768907129,405.0,453,0.8940397350993378
769070560,5.0,9,0.5555555555555556
777264837,1.0,2,0.5
777423075,129.0,143,0.9020979020979021
779631954,427.0,482,0.8858921161825726
782177106,3.0,6,0.5
783853974,150.0,348,0.43103448275862066
784569041,381.0,432,0.8819444444444444
785006646,1.0,2,0.5
789617992,6.0,19,0.3157894736842105
792012806,1.0,2,0.5
793662553,26.0,51,0.5098039215686274
793662945,16.0,44,0.36363636363636365
794513600,377.0,425,0.8870588235294118
794538600,6.0,9,0.6666666666666666
797036989,8373.0,11703,0.7154575749807741
798978875,394.0,448,0.8794642857142857
802387196,3.0,9,0.3333333333333333
802606778,1.0,3,0.3333333333333333
806133094,99.0,149,0.6644295302013423
811993629,19.0,25,0.76
814002044,404.0,455,0.8879120879120879
814488751,374.0,416,0.8990384615384616
816849349,3.0,7,0.42857142857142855
816965293,38.0,67,0.5671641791044776
819671780,16.0,38,0.42105263157894735
819671781,16.0,49,0.32653061224489793
819671782,12.0,46,0.2608695652173913
819671783,40.0,72,0.5555555555555556
819671785,17.0,47,0.3617021276595745
824349364,432.0,478,0.9037656903765691
824373648,10.0,35,0.2857142857142857
824373652,25.0,68,0.36764705882352944
824373654,18.0,49,0.3673469387755102
824374622,15.0,39,0.38461538461538464
824374625,18.0,47,0.3829787234042553
824374634,21.0,54,0.3888888888888889
824376415,16.0,50,0.32
824376419,22.0,56,0.39285714285714285
824376430,13.0,39,0.3333333333333333
824376434,15.0,42,0.35714285714285715
824392752,26.0,60,0.43333333333333335
824392756,8.0,31,0.25806451612903225
824392761,20.0,32,0.625
824392787,19.0,40,0.475
824392791,18.0,55,0.32727272727272727
824392797,20.0,65,0.3076923076923077
824392806,21.0,50,0.42
824400171,21.0,47,0.44680851063829785
824400176,9.0,19,0.47368421052631576
824400181,36.0,72,0.5
824403169,25.0,63,0.3968253968253968
824403180,10.0,27,0.37037037037037035
824403181,23.0,38,0.6052631578947368
824424587,35.0,57,0.6140350877192983
824424599,38.0,72,0.5277777777777778
824424601,17.0,39,0.4358974358974359
824424603,15.0,28,0.5357142857142857
824465045,26.0,46,0.5652173913043478
824465050,25.0,61,0.4098360655737705
824465055,19.0,40,0.475
824465058,12.0,26,0.46153846153846156
824484872,11.0,28,0.39285714285714285
824484880,13.0,36,0.3611111111111111
824484895,15.0,38,0.39473684210526316
824484902,9.0,29,0.3103448275862069
824484904,37.0,91,0.4065934065934066
824581454,62.0,101,0.6138613861386139
824581519,7.0,17,0.4117647058823529
824581522,12.0,25,0.48
824581525,15.0,38,0.39473684210526316
824581532,28.0,74,0.3783783783783784
824597498,11.0,36,0.3055555555555556
824597500,20.0,40,0.5
824608072,9.0,20,0.45
824608080,17.0,49,0.3469387755102041
829338455,13.0,38,0.34210526315789475
829338819,29.0,59,0.4915254237288136
829338823,20.0,39,0.5128205128205128
829344896,14.0,55,0.2545454545454545
829344906,19.0,64,0.296875
829368712,29.0,58,0.5
829368721,24.0,68,0.35294117647058826
829376391,12.0,28,0.42857142857142855
829376415,15.0,43,0.3488372093023256
829376417,15.0,46,0.32608695652173914
829377537,22.0,33,0.6666666666666666
829377540,14.0,32,0.4375
829410011,13.0,50,0.26
829466653,13.0,24,0.5416666666666666
829556130,161.0,181,0.8895027624309392
829568986,8.0,24,0.3333333333333333
829568988,6.0,16,0.375
831235791,188.0,471,0.3991507430997877
836106353,411.0,473,0.86892177589852
837481387,2.0,4,0.5
837708611,1.0,3,0.3333333333333333
839043364,1.0,2,0.5
839106884,407.0,456,0.8925438596491229
840063053,1.0,3,0.3333333333333333
841108369,1.0,2,0.5
841251626,1.0,2,0.5
841574236,2.0,3,0.6666666666666666
844396085,11.0,13,0.8461538461538461
844644359,474.0,534,0.8876404494382022
846257438,1.0,2,0.5
849346815,2.0,3,0.6666666666666666
849825878,159.0,177,0.8983050847457628
850000790,399.0,446,0.8946188340807175
851315318,2.0,3,0.6666666666666666
858981546,13678.0,50790,0.2693049812955306
859083276,157.0,175,0.8971428571428571
864587053,418.0,465,0.8989247311827957
867013860,1555.0,1821,0.8539264140582098
869425346,1.0,2,0.5
874020515,2.0,4,0.5
874269786,1.0,2,0.5
875599184,2.0,6,0.3333333333333333
880925915,2.0,3,0.6666666666666666
882807661,30.0,33,0.9090909090909091
882807674,11.0,12,0.9166666666666666
882807679,11.0,12,0.9166666666666666
882807694,11.0,12,0.9166666666666666
882807713,11.0,12,0.9166666666666666
882807738,11.0,12,0.9166666666666666
882807743,11.0,12,0.9166666666666666
882808353,11.0,12,0.9166666666666666
882811401,11.0,12,0.9166666666666666
882811805,31.0,34,0.9117647058823529
882812359,11.0,12,0.9166666666666666
883057043,1446.0,1849,0.7820443482963764
883093426,7.0,8,0.875
883093439,14.0,48,0.2916666666666667
883093881,7.0,8,0.875
883094380,7.0,8,0.875
883095036,7.0,8,0.875
883095037,7.0,8,0.875
883095141,7.0,8,0.875
883095180,7.0,8,0.875
883095856,7.0,8,0.875
883095936,7.0,8,0.875
883095939,7.0,8,0.875
883095944,7.0,8,0.875
883096021,7.0,8,0.875
883096072,7.0,8,0.875
883096096,7.0,8,0.875
883096122,7.0,8,0.875
883096133,7.0,8,0.875
883096157,7.0,8,0.875
883096160,6.0,7,0.8571428571428571
883096246,7.0,8,0.875
883096909,7.0,8,0.875
883097077,7.0,8,0.875
883097220,7.0,8,0.875
883098225,7.0,8,0.875
883098509,7.0,8,0.875
883098700,7.0,8,0.875
883099014,7.0,8,0.875
883099028,7.0,8,0.875
883099031,7.0,8,0.875
883099033,7.0,8,0.875
883099036,7.0,8,0.875
883099170,7.0,8,0.875
883099268,7.0,8,0.875
883099297,7.0,8,0.875
883099504,7.0,8,0.875
883100562,7.0,8,0.875
883100937,7.0,8,0.875
883100940,7.0,8,0.875
883101000,7.0,8,0.875
883101004,7.0,8,0.875
883101483,7.0,8,0.875
883101508,7.0,8,0.875
883101990,7.0,8,0.875
883102328,7.0,8,0.875
883102339,7.0,8,0.875
883102360,7.0,8,0.875
883102850,7.0,8,0.875
883126576,10.0,12,0.8333333333333334
883126761,5.0,6,0.8333333333333334
883126800,5.0,6,0.8333333333333334
883126804,5.0,6,0.8333333333333334
883126808,5.0,6,0.8333333333333334
883126819,5.0,6,0.8333333333333334
883126824,5.0,6,0.8333333333333334
883126827,5.0,6,0.8333333333333334
883126978,5.0,6,0.8333333333333334
883126999,5.0,6,0.8333333333333334
883127010,5.0,6,0.8333333333333334
883127016,5.0,6,0.8333333333333334
883127020,5.0,6,0.8333333333333334
883127133,5.0,6,0.8333333333333334
883127221,5.0,6,0.8333333333333334
883127223,5.0,6,0.8333333333333334
883127227,5.0,6,0.8333333333333334
883127255,5.0,6,0.8333333333333334
883127258,5.0,6,0.8333333333333334
883127279,5.0,6,0.8333333333333334
883127282,5.0,6,0.8333333333333334
883127286,5.0,6,0.8333333333333334
883127289,5.0,6,0.8333333333333334
883127518,5.0,6,0.8333333333333334
883127892,5.0,6,0.8333333333333334
885283451,1.0,2,0.5
886068640,1.0,2,0.5
889251790,406.0,457,0.888402625820569
889254949,484.0,544,0.8897058823529411
891898046,1.0,3,0.3333333333333333
893451850,400.0,445,0.898876404494382
893844684,2.0,7,0.2857142857142857
894363961,1.0,3,0.3333333333333333
894696450,2.0,4,0.5
895852748,427.0,464,0.9202586206896551
896075614,1.0,3,0.3333333333333333
898397310,6.0,11,0.5454545454545454
899985853,2.0,4,0.5
901597833,2.0,3,0.6666666666666666
904322907,3.0,4,0.75
904757581,11.0,41,0.2682926829268293
905295487,1.0,3,0.3333333333333333
906638998,392.0,443,0.8848758465011287
907549508,1.0,2,0.5
909612344,1.0,2,0.5
914548903,1.0,2,0.5
918779185,3.0,4,0.75
920066779,656.0,1276,0.5141065830721003
920083059,541.0,1289,0.4197051978277735
923145433,1.0,2,0.5
925444902,447.0,501,0.8922155688622755
932289572,199.0,699,0.28469241773962806
932466404,2.0,4,0.5
935352044,143.0,159,0.89937106918239
938132486,1.0,2,0.5
939313413,443597.0,618745,0.7169302378201036
940493284,1.0,2,0.5
944516215,5.0,10,0.5
945029879,746.0,1816,0.4107929515418502
947504389,1.0,2,0.5
948782675,119.0,266,0.4473684210526316
948810718,92.0,359,0.2562674094707521
949605178,129.0,413,0.31234866828087166
949778945,144.0,314,0.4585987261146497
950026418,125.0,274,0.4562043795620438
951317613,3.0,5,0.6
951572027,13.0,36,0.3611111111111111
952343490,40.0,79,0.5063291139240507
953933029,135.0,316,0.4272151898734177
954222611,128.0,305,0.419672131147541
954481198,135.0,460,0.29347826086956524
954522055,117.0,419,0.27923627684964203
954761249,17.0,34,0.5
955929224,2.0,4,0.5
956167274,13.0,41,0.3170731707317073
956169525,152.0,348,0.4367816091954023
956903547,1.0,2,0.5
958308743,15.0,41,0.36585365853658536
958679320,139.0,308,0.4512987012987013
958921366,15.0,38,0.39473684210526316
959573341,12.0,33,0.36363636363636365
959960921,131.0,438,0.2990867579908676
961876806,149.0,177,0.8418079096045198
961922235,2399.0,7605,0.31545036160420775
962109282,8.0,9,0.8888888888888888
964152562,343.0,796,0.43090452261306533
966686585,1.0,2,0.5
968107336,20.0,43,0.46511627906976744
969811721,127.0,292,0.4349315068493151
971418387,1.0,2,0.5
971428819,1.0,3,0.3333333333333333
973407030,139.0,162,0.8580246913580247
974242995,241.0,822,0.29318734793187345
974528315,14.0,28,0.5
976661236,1.0,2,0.5
980793020,17.0,48,0.3541666666666667
983115295,187.0,209,0.8947368421052632
983264796,419.0,467,0.8972162740899358
983388148,21.0,44,0.4772727272727273
986192408,23.0,32,0.71875
986344309,3.0,4,0.75
987852791,10.0,35,0.2857142857142857
987865228,20.0,44,0.45454545454545453
988414707,426.0,471,0.9044585987261147
988942286,358.0,400,0.895
989348608,24.0,45,0.5333333333333333
990553436,24.0,54,0.4444444444444444
992004794,129.0,163,0.7914110429447853
993673931,2.0,7,0.2857142857142857
994333001,131.0,430,0.30465116279069765
994565363,13.0,37,0.35135135135135137
994596058,1.0,2,0.5
997264920,119.0,281,0.4234875444839858
997289810,19.0,46,0.41304347826086957
998294180,7666.0,21075,0.3637485172004745
998300365,10271.0,21806,0.4710171512427772
998788886,381.0,435,0.8758620689655172
999293315,6.0,9,0.6666666666666666
999552739,16.0,26,0.6153846153846154
999831855,14.0,17,0.8235294117647058
999874434,2.0,4,0.5
999970806,7.0,11,0.6363636363636364
1000350108,118.0,284,0.4154929577464789
1000436987,130.0,419,0.31026252983293556
1000810976,7.0,11,0.6363636363636364
1001162986,9.0,12,0.75
1001235901,7.0,10,0.7
1001902424,6.0,16,0.375
1002299820,1.0,2,0.5
1004157220,6083.0,10603,0.5737055550315948
1004180531,445.0,499,0.8917835671342685
1006664872,12.0,28,0.42857142857142855
1006847671,16.0,44,0.36363636363636365
1007154063,10.0,11,0.9090909090909091
1009033347,103.0,169,0.6094674556213018
1009367296,406.0,460,0.8826086956521739
1009386068,431.0,680,0.6338235294117647
1009887141,17.0,49,0.3469387755102041
1012033751,2.0,3,0.6666666666666666
1012498203,21.0,72,0.2916666666666667
1014488086,416.0,470,0.8851063829787233
1015496232,21.0,79,0.26582278481012656
1015497500,127.0,143,0.8881118881118881
1016697419,16.0,28,0.5714285714285714
1017467075,28.0,74,0.3783783783783784
1022014385,11538.0,14726,0.7835121553714518
1022238602,126.0,425,0.2964705882352941
1029679280,22.0,45,0.4888888888888889
1029703055,158.0,514,0.30739299610894943
1030282641,402.0,460,0.8739130434782608
1030561909,22.0,47,0.46808510638297873
1030583297,2.0,4,0.5
1033061234,1.0,2,0.5
1033580953,1.0,2,0.5
1033580959,1.0,2,0.5
1035906600,2.0,6,0.3333333333333333
1038879585,1.0,3,0.3333333333333333
1038929311,29.0,94,0.30851063829787234
1041102601,421.0,466,0.9034334763948498
1041103620,424.0,472,0.8983050847457628
1041544707,4613.0,7820,0.5898976982097187
1043192055,2.0,5,0.4
1043935179,2.0,3,0.6666666666666666
1044110177,16.0,33,0.48484848484848486
1045905618,367.0,412,0.8907766990291263
1048301473,276.0,297,0.9292929292929293
1049478412,2.0,3,0.6666666666666666
1052192342,6.0,9,0.6666666666666666
1053561089,141.0,299,0.47157190635451507
1054069666,1.0,3,0.3333333333333333
1055924553,5663.0,10388,0.5451482479784366
1057039358,31172.0,68684,0.4538466018286646
1057314761,121.0,135,0.8962962962962963
1057321267,121.0,135,0.8962962962962963
1059891476,6458.0,9470,0.6819429778247096
1060098767,1.0,3,0.3333333333333333
1062263846,5561.0,8342,0.6666267082234476
1062263890,6302.0,9381,0.6717833919624774
1062263904,3661.0,6420,0.5702492211838006
1062666876,1.0,3,0.3333333333333333
1067590805,389.0,443,0.8781038374717833
1067716539,49.0,54,0.9074074074074074
1067732589,2.0,3,0.6666666666666666
1069258860,5.0,19,0.2631578947368421
1070161278,1.0,2,0.5
1072296036,4.0,7,0.5714285714285714
1072506016,2.0,3,0.6666666666666666
1072506120,4.0,9,0.4444444444444444
1072629851,5.0,9,0.5555555555555556
1072729274,5.0,10,0.5
1072754680,118.0,132,0.8939393939393939
1072981293,4.0,7,0.5714285714285714
1073224270,6.0,10,0.6
1073224297,7.0,11,0.6363636363636364
1073224301,12.0,15,0.8
1073332987,5331.0,13962,0.38182208852599914
1074026365,9.0,14,0.6428571428571429
1075240684,1.0,3,0.3333333333333333
1075282938,1.0,2,0.5
1075526126,1.0,2,0.5
1076593835,6.0,8,0.75
1077219763,463.0,520,0.8903846153846153
1078441814,8.0,13,0.6153846153846154
1078441878,11.0,14,0.7857142857142857
1079688151,6372.0,8206,0.7765049963441384
1080612529,1.0,2,0.5
1080736665,4.0,6,0.6666666666666666
1082451633,377.0,425,0.8870588235294118
1082592050,6.0,10,0.6
1082592076,9.0,13,0.6923076923076923
1082868208,6.0,9,0.6666666666666666
1082943013,7.0,10,0.7
1085628387,812.0,910,0.8923076923076924
1085628408,812.0,910,0.8923076923076924
1085629764,232.0,260,0.8923076923076924
1085725355,7.0,11,0.6363636363636364
1085746418,2.0,6,0.3333333333333333
1087548462,89.0,198,0.4494949494949495
1087730073,9.0,25,0.36
1087730261,9.0,13,0.6923076923076923
1087731065,10.0,13,0.7692307692307693
1087731223,9.0,12,0.75
1087808411,2.0,3,0.6666666666666666
1088864631,573.0,839,0.6829558998808105
1088864769,7.0,10,0.7
1090729882,230.0,258,0.8914728682170543
1090944468,230.0,258,0.8914728682170543
1090944472,230.0,258,0.8914728682170543
1090944683,230.0,258,0.8914728682170543
1090944688,230.0,258,0.8914728682170543
1090944712,230.0,258,0.8914728682170543
1090944717,230.0,258,0.8914728682170543
1090959367,6.0,13,0.46153846153846156
1090970615,1.0,2,0.5
1093038190,5.0,9,0.5555555555555556
1093743403,1.0,2,0.5
1094910221,6.0,19,0.3157894736842105
1096501442,1.0,2,0.5
1099276408,14.0,36,0.3888888888888889
1101569464,4.0,6,0.6666666666666666
1101747001,1.0,3,0.3333333333333333
1101790766,4.0,8,0.5
1102830566,1.0,3,0.3333333333333333
1103336098,458.0,519,0.882466281310212
1104310719,421.0,472,0.8919491525423728
1104469410,2.0,3,0.6666666666666666
1104469470,2.0,3,0.6666666666666666
1109805058,418.0,473,0.8837209302325582
1112422826,2.0,5,0.4
1112486120,1.0,2,0.5
1119397764,478.0,532,0.8984962406015038
1120161275,427.0,484,0.8822314049586777
1128180363,1.0,2,0.5
1129270987,1.0,3,0.3333333333333333
1133359676,214.0,242,0.8842975206611571
1136019794,1.0,3,0.3333333333333333
1136115081,1.0,2,0.5
1138581365,36.0,72,0.5
1138586612,2.0,3,0.6666666666666666
1147657607,2.0,7,0.2857142857142857
1147733375,1.0,2,0.5
1150789802,396.0,450,0.88
1151530623,380.0,420,0.9047619047619048
1151535051,400.0,448,0.8928571428571429
1154319629,2.0,3,0.6666666666666666
1155312104,5937.0,12301,0.4826436875050809
1157954144,7.0,9,0.7777777777777778
1158364285,1.0,3,0.3333333333333333
1158983628,352.0,391,0.9002557544757033
1159548750,11.0,14,0.7857142857142857
1160072220,2.0,3,0.6666666666666666
1161833464,1.0,2,0.5
1166696611,1.0,2,0.5
1168325640,1.0,2,0.5
1168326245,4.0,5,0.8
1169092641,1.0,2,0.5
1173731521,185.0,200,0.925
1174362914,392.0,443,0.8848758465011287
1178871719,375.0,423,0.8865248226950354
1178873950,396.0,450,0.88
1185011337,388.0,438,0.8858447488584474
1187725788,1.0,2,0.5
1192376435,4.0,7,0.5714285714285714
1195818403,420.0,469,0.8955223880597015
1200470386,194.0,225,0.8622222222222222
1201054710,586561.0,721344,0.8131501752284624
1204037713,1.0,2,0.5
1206227097,9.0,17,0.5294117647058824
1206227115,12.0,27,0.4444444444444444
1206227140,2.0,5,0.4
1206227163,14.0,35,0.4
1206228690,20.0,62,0.3225806451612903
1206228693,32.0,44,0.7272727272727273
1206228708,31.0,63,0.49206349206349204
1206228717,30.0,54,0.5555555555555556
1206258606,13.0,29,0.4482758620689655
1206258625,27.0,66,0.4090909090909091
1206258634,19.0,60,0.31666666666666665
1206339308,13.0,34,0.38235294117647056
1206339312,18.0,47,0.3829787234042553
1206339385,16.0,42,0.38095238095238093
1206339420,18.0,42,0.42857142857142855
1206341978,26.0,55,0.4727272727272727
1206342000,12.0,22,0.5454545454545454
1206343459,7.0,17,0.4117647058823529
1206343578,11.0,42,0.2619047619047619
1206470974,9.0,32,0.28125
1206531153,19.0,47,0.40425531914893614
1206761002,11716.0,21368,0.5482965181579933
1212026938,431.0,492,0.8760162601626016
1213374965,37.0,60,0.6166666666666667
1213993385,1280.0,1515,0.8448844884488449
1214912341,1.0,2,0.5
1221505181,3.0,7,0.42857142857142855
1222758825,23.0,26,0.8846153846153846
1227775277,153.0,176,0.8693181818181818
1232681565,88.0,103,0.8543689320388349
1243901166,455.0,509,0.8939096267190569
1243904392,1.0,2,0.5
1248868342,220514.0,313343,0.7037463737820855
1249295940,197.0,217,0.9078341013824884
1254663445,388.0,439,0.8838268792710706
1256442985,2.0,3,0.6666666666666666
1256827957,366338.0,803039,0.4561895499471383
1258105118,113.0,141,0.8014184397163121
1258723838,1.0,3,0.3333333333333333
1265090828,1.0,2,0.5
1265112327,5.0,8,0.625
1265482905,172.0,193,0.8911917098445595
1265873883,155.0,168,0.9226190476190477
1266699882,4.0,8,0.5
1267555613,16.0,27,0.5925925925925926
1268008706,20.0,69,0.2898550724637681
1272024422,2.0,3,0.6666666666666666
1272420104,118.0,145,0.8137931034482758
1274359211,1.0,2,0.5
1274456930,1.0,3,0.3333333333333333
1276787355,417.0,472,0.8834745762711864
1283135030,477.0,531,0.8983050847457628
1291383314,7.0,12,0.5833333333333334
1293341387,530.0,660,0.803030303030303
1295277006,10.0,34,0.29411764705882354
1296685797,33406.0,120676,0.27682389207464614
1298146975,4.0,7,0.5714285714285714
1298350539,374.0,425,0.88
1299121959,1.0,3,0.3333333333333333
1299342395,30.0,119,0.25210084033613445
1300403774,111.0,127,0.8740157480314961
1300505745,30.0,37,0.8108108108108109
1300619344,1.0,2,0.5
1300633861,1.0,3,0.3333333333333333
1308831956,456.0,512,0.890625
1308833495,1.0,3,0.3333333333333333
1309893405,1.0,2,0.5
1313601842,1.0,2,0.5
1314571085,37.0,137,0.27007299270072993
1315189304,76.0,86,0.8837209302325582
1316780357,5.0,18,0.2777777777777778
1322003820,3.0,4,0.75
1323331722,2.0,3,0.6666666666666666
1335768562,8.0,17,0.47058823529411764
1339779163,72.0,82,0.8780487804878049
1341908757,6.0,9,0.6666666666666666
1342017988,1.0,3,0.3333333333333333
1342713433,470.0,524,0.8969465648854962
1342718041,422.0,473,0.8921775898520085
1342719495,396.0,450,0.88
1342888839,71.0,81,0.8765432098765432
1342897936,41.0,161,0.2546583850931677
1347648713,1.0,3,0.3333333333333333
1350815250,3962.0,13278,0.2983883114926947
1353432732,2.0,6,0.3333333333333333
1357019501,8.0,12,0.6666666666666666
1358303505,305.0,865,0.35260115606936415
1359159083,2.0,7,0.2857142857142857
1365597929,5.0,11,0.45454545454545453
1368408375,1.0,3,0.3333333333333333
1370625058,2.0,7,0.2857142857142857
1373846247,68.0,76,0.8947368421052632
1373846253,68.0,76,0.8947368421052632
1377423819,2.0,4,0.5
1379815063,67.0,75,0.8933333333333333
1382511454,1205.0,1356,0.8886430678466076
1382752015,2.0,5,0.4
1382773017,66.0,74,0.8918918918918919
1388182645,65.0,73,0.8904109589041096
1392109964,7704.0,8272,0.9313346228239845
1392110536,8149.0,8737,0.9327000114455762
1392110596,7676.0,8223,0.9334792654748875
1392110640,7763.0,8306,0.9346255718757525
1392110641,7643.0,8190,0.9332112332112332
1392110676,8359.0,8934,0.9356391314081038
1392110758,6761.0,7239,0.9339687802182622
1392110766,7605.0,8165,0.9314145744029394
1392111650,7786.0,8344,0.9331255992329818
1392112125,7714.0,8286,0.9309678976587015
1392112139,7742.0,8305,0.9322095123419627
1392113492,22005956.0,27373483,0.8039150881895446
1392129514,25789.0,32563,0.7919724841077296
1392138873,6.0,8,0.75
1392196069,58153.0,86981,0.6685712971798439
1392197125,8566.0,28893,0.296473194199287
1392206996,640.0,1128,0.5673758865248227
1392305398,5514.0,9528,0.5787153652392947
1392382860,50359.0,71227,0.7070212138655285
1392690295,2496.0,6161,0.4051290374939133
1393112824,660.0,1020,0.6470588235294118
1393156976,360.0,462,0.7792207792207793
1393174038,400.0,720,0.5555555555555556
1393187526,1171.0,1408,0.8316761363636364
1393212492,720.0,882,0.8163265306122449
1393219004,103.0,114,0.9035087719298246
1393219643,165.0,186,0.8870967741935484
1393220283,103.0,114,0.9035087719298246
1393220716,36.0,42,0.8571428571428571
1393221721,103.0,114,0.9035087719298246
1393222044,254.0,282,0.900709219858156
1393223482,141.0,156,0.9038461538461539
1393223834,36.0,42,0.8571428571428571
1393224550,72.0,84,0.8571428571428571
1393224842,36.0,42,0.8571428571428571
1393225421,141.0,156,0.9038461538461539
1393225529,103.0,114,0.9035087719298246
1393225619,108.0,126,0.8571428571428571
1393225622,108.0,126,0.8571428571428571
1393225642,72.0,84,0.8571428571428571
1393225648,72.0,126,0.5714285714285714
1393225705,72.0,126,0.5714285714285714
1393225708,72.0,126,0.5714285714285714
1393225725,72.0,126,0.5714285714285714
1393225728,72.0,126,0.5714285714285714
1393225740,72.0,126,0.5714285714285714
1393226587,180.0,210,0.8571428571428571
1393226603,108.0,126,0.8571428571428571
1393226606,108.0,126,0.8571428571428571
1393226609,108.0,126,0.8571428571428571
1393226682,72.0,126,0.5714285714285714
1393226685,72.0,126,0.5714285714285714
1393226884,72.0,126,0.5714285714285714
1393226895,244.0,270,0.9037037037037037
1393226927,72.0,84,0.8571428571428571
1393226983,72.0,126,0.5714285714285714
1393226989,74.0,128,0.578125
1393226995,72.0,126,0.5714285714285714
1393227163,72.0,126,0.5714285714285714
1393227456,72.0,126,0.5714285714285714
1393228178,36.0,42,0.8571428571428571
1393228625,80.0,143,0.5594405594405595
1393228635,72.0,126,0.5714285714285714
1393229004,103.0,114,0.9035087719298246
1393229527,72.0,126,0.5714285714285714
1393229839,72.0,126,0.5714285714285714
1393229842,72.0,126,0.5714285714285714
1393229910,1.0,3,0.3333333333333333
1393230056,72.0,84,0.8571428571428571
1393230208,36.0,42,0.8571428571428571
1393230854,103.0,114,0.9035087719298246
1393231166,72.0,84,0.8571428571428571
1393231209,179.0,198,0.9040404040404041
1393231448,103.0,114,0.9035087719298246
1393231657,36.0,42,0.8571428571428571
1393231717,103.0,114,0.9035087719298246
1393231730,165.0,186,0.8870967741935484
1393232315,206.0,228,0.9035087719298246
1393232405,228.0,258,0.8837209302325582
1393233615,165.0,186,0.8870967741935484
1393233638,206.0,228,0.9035087719298246
1393233694,108.0,126,0.8571428571428571
1393234031,228.0,258,0.8837209302325582
1393235227,108.0,126,0.8571428571428571
1393235289,141.0,156,0.9038461538461539
1393235484,36.0,42,0.8571428571428571
1393235508,108.0,126,0.8571428571428571
1393236038,141.0,156,0.9038461538461539
1393236068,72.0,126,0.5714285714285714
1393236071,72.0,126,0.5714285714285714
1393236074,72.0,126,0.5714285714285714
1393236135,108.0,126,0.8571428571428571
1393236285,108.0,126,0.8571428571428571
1393236385,72.0,84,0.8571428571428571
1393236386,36.0,42,0.8571428571428571
1393236488,72.0,126,0.5714285714285714
1393236492,72.0,126,0.5714285714285714
1393236495,72.0,126,0.5714285714285714
1393236572,141.0,156,0.9038461538461539
1393236839,72.0,126,0.5714285714285714
1393237074,103.0,114,0.9035087719298246
1393237316,36.0,42,0.8571428571428571
1393240237,72.0,84,0.8571428571428571
1393244330,360.0,462,0.7792207792207793
1393247291,103.0,114,0.9035087719298246
1393252636,36.0,42,0.8571428571428571
1393255677,228.0,258,0.8837209302325582
1393258549,36.0,42,0.8571428571428571
1393260598,103.0,114,0.9035087719298246
1393263720,269.0,300,0.8966666666666666
1393263967,165.0,186,0.8870967741935484
1393264508,72.0,84,0.8571428571428571
1393264657,346.0,384,0.9010416666666666
1393265251,412.0,456,0.9035087719298246
1393266413,72.0,84,0.8571428571428571
1393266625,309.0,342,0.9035087719298246
1393266856,216.0,240,0.9
1393266972,72.0,84,0.8571428571428571
1393267090,141.0,156,0.9038461538461539
1393267586,165.0,186,0.8870967741935484
1393267667,206.0,228,0.9035087719298246
1393267800,228.0,258,0.8837209302325582
1393267948,228.0,258,0.8837209302325582
1393268632,475.0,528,0.8996212121212122
1393268765,179.0,198,0.9040404040404041
1393269271,144.0,168,0.8571428571428571
1393269711,36.0,42,0.8571428571428571
1393270082,36.0,42,0.8571428571428571
1393270899,206.0,228,0.9035087719298246
1393272099,244.0,270,0.9037037037037037
1393272502,320.0,354,0.903954802259887
1393286832,141.0,156,0.9038461538461539
1393290428,206.0,228,0.9035087719298246
1393290783,475.0,528,0.8996212121212122
1393291906,141.0,156,0.9038461538461539
1393292237,103.0,114,0.9035087719298246
1393293682,228.0,258,0.8837209302325582
1393295126,108.0,126,0.8571428571428571
1393295621,165.0,186,0.8870967741935484
1393306010,206.0,228,0.9035087719298246
1393307805,354.0,402,0.8805970149253731
1393309324,269.0,300,0.8966666666666666
1393310705,269.0,300,0.8966666666666666
1393311464,141.0,156,0.9038461538461539
1393312398,103.0,114,0.9035087719298246
1393318476,103.0,114,0.9035087719298246
1393318697,393.0,444,0.8851351351351351
1393319692,165.0,186,0.8870967741935484
1393319741,165.0,186,0.8870967741935484
1393322994,141.0,156,0.9038461538461539
1393325127,103.0,114,0.9035087719298246
1393327671,103.0,114,0.9035087719298246
1393329452,103.0,114,0.9035087719298246
1393329869,372.0,414,0.8985507246376812
1393336256,36.0,42,0.8571428571428571
1393336886,228.0,258,0.8837209302325582
1393336912,206.0,228,0.9035087719298246
1393337542,165.0,186,0.8870967741935484
1393337718,36.0,42,0.8571428571428571
1393337891,103.0,114,0.9035087719298246
1393337907,206.0,228,0.9035087719298246
1393339311,36.0,42,0.8571428571428571
1393341377,103.0,114,0.9035087719298246
1393341399,360.0,462,0.7792207792207793
1393341620,72.0,84,0.8571428571428571
1393341866,103.0,114,0.9035087719298246
1393346662,165.0,186,0.8870967741935484
1393347694,36.0,42,0.8571428571428571
1393348593,291.0,330,0.8818181818181818
1393349685,228.0,258,0.8837209302325582
1393352959,228.0,258,0.8837209302325582
1393356751,103.0,114,0.9035087719298246
1393359949,3150.0,3908,0.8060388945752303
1393360799,103.0,114,0.9035087719298246
1393361706,169.0,190,0.8894736842105263
1393407422,720.0,884,0.8144796380090498
1393484784,108.0,126,0.8571428571428571
1393484817,108.0,126,0.8571428571428571
1393518779,74.0,129,0.5736434108527132
1393562539,4.0,8,0.5
1393720360,4356.0,11339,0.38416086074609757
1394252064,17.0,18,0.9444444444444444
1394252177,64.0,72,0.8888888888888888
1394253959,64.0,72,0.8888888888888888
1394259978,10.0,11,0.9090909090909091
1394266816,21.0,25,0.84
1394273960,64.0,72,0.8888888888888888
1394274491,64.0,72,0.8888888888888888
1394280855,9.0,11,0.8181818181818182
1394284353,64.0,72,0.8888888888888888
1394289758,64.0,72,0.8888888888888888
1394297432,64.0,72,0.8888888888888888
1394304440,64.0,72,0.8888888888888888
1394304916,64.0,72,0.8888888888888888
1394306061,250.0,967,0.25853154084798347
1394309809,64.0,72,0.8888888888888888
1394310296,64.0,72,0.8888888888888888
1394310708,64.0,72,0.8888888888888888
1394317227,64.0,72,0.8888888888888888
1394323161,64.0,72,0.8888888888888888
1394323450,64.0,72,0.8888888888888888
1394331008,64.0,72,0.8888888888888888
1394337915,64.0,72,0.8888888888888888
1394339967,64.0,72,0.8888888888888888
1394349839,64.0,72,0.8888888888888888
1394502428,2048.0,3085,0.6638573743922204
1394960311,29.0,40,0.725
1394960902,12.0,15,0.8
1395727702,256.0,288,0.8888888888888888
1395897186,89.0,98,0.9081632653061225
1395897332,55.0,65,0.8461538461538461
1395897382,300.0,340,0.8823529411764706
1395897666,225.0,255,0.8823529411764706
1395897669,123.0,137,0.8978102189781022
1395897680,55.0,65,0.8461538461538461
1395897906,89.0,98,0.9081632653061225
1395898328,111.0,124,0.8951612903225806
1395898355,22.0,26,0.8461538461538461
1395898465,33.0,39,0.8461538461538461
1395898507,22.0,26,0.8461538461538461
1395898571,188.0,209,0.8995215311004785
1395898974,166.0,183,0.907103825136612
1395899108,44.0,52,0.8461538461538461
1395899373,150.0,170,0.8823529411764706
1395899510,178.0,196,0.9081632653061225
1395900316,178.0,196,0.9081632653061225
1395900322,100.0,111,0.9009009009009009
1395900942,33.0,39,0.8461538461538461
1395901163,111.0,124,0.8951612903225806
1395901438,166.0,183,0.907103825136612
1395901957,150.0,170,0.8823529411764706
1395902726,55.0,65,0.8461538461538461
1395903071,55.0,65,0.8461538461538461
1395903116,11.0,13,0.8461538461538461
1395903612,100.0,111,0.9009009009009009
1395903618,89.0,98,0.9081632653061225
1395903883,22.0,26,0.8461538461538461
1395904008,214.0,242,0.8842975206611571
1395904284,188.0,209,0.8995215311004785
1395904417,22.0,26,0.8461538461538461
1395905034,33.0,39,0.8461538461538461
1395905401,282.0,314,0.8980891719745223
1395905430,22.0,26,0.8461538461538461
1395905724,225.0,255,0.8823529411764706
1395905993,100.0,111,0.9009009009009009
1395906448,150.0,170,0.8823529411764706
1395906462,111.0,124,0.8951612903225806
1395906877,22.0,26,0.8461538461538461
1395906890,75.0,85,0.8823529411764706
1395907197,150.0,170,0.8823529411764706
1395907965,44.0,52,0.8461538461538461
1395908346,111.0,124,0.8951612903225806
1395908528,141.0,157,0.8980891719745223
1395908825,75.0,85,0.8823529411764706
1395910019,22.0,26,0.8461538461538461
1395910263,89.0,98,0.9081632653061225
1395910772,150.0,170,0.8823529411764706
1395910937,100.0,111,0.9009009009009009
1395911032,225.0,255,0.8823529411764706
1395911378,89.0,98,0.9081632653061225
1395912867,89.0,98,0.9081632653061225
1395914538,33.0,39,0.8461538461538461
1395914586,11.0,13,0.8461538461538461
1395916381,44.0,52,0.8461538461538461
1395916932,141.0,157,0.8980891719745223
1395917498,214.0,242,0.8842975206611571
1395917535,150.0,170,0.8823529411764706
1395917983,33.0,39,0.8461538461538461
1395917996,141.0,157,0.8980891719745223
1395918068,33.0,39,0.8461538461538461
1395918353,75.0,85,0.8823529411764706
1395919755,141.0,157,0.8980891719745223
1395920092,13.0,19,0.6842105263157895
1395921502,214.0,242,0.8842975206611571
1395922311,111.0,124,0.8951612903225806
1395922977,214.0,242,0.8842975206611571
1395925170,22.0,26,0.8461538461538461
1395928167,141.0,157,0.8980891719745223
1395929066,150.0,170,0.8823529411764706
1395930688,89.0,98,0.9081632653061225
1395930729,11.0,13,0.8461538461538461
1395935073,11.0,13,0.8461538461538461
1395938345,11.0,13,0.8461538461538461
1395939116,141.0,157,0.8980891719745223
1395944458,150.0,170,0.8823529411764706
1395949752,11.0,13,0.8461538461538461
1396339256,44.0,165,0.26666666666666666
1396704876,64.0,72,0.8888888888888888
1396714973,64.0,72,0.8888888888888888
1396885591,64.0,72,0.8888888888888888
1396889702,738417.0,894850,0.8251852265742862
1396903441,64.0,72,0.8888888888888888
1396904286,192.0,216,0.8888888888888888
1396904721,64.0,72,0.8888888888888888
1396906210,64.0,72,0.8888888888888888
1396906704,128.0,144,0.8888888888888888
1396907032,64.0,72,0.8888888888888888
1396907078,64.0,72,0.8888888888888888
1396907128,64.0,72,0.8888888888888888
1396907201,128.0,144,0.8888888888888888
1396907533,64.0,72,0.8888888888888888
1396907658,64.0,72,0.8888888888888888
1396909846,128.0,144,0.8888888888888888
1396910150,64.0,72,0.8888888888888888
1396911278,128.0,144,0.8888888888888888
1396911691,128.0,144,0.8888888888888888
1396913825,128.0,144,0.8888888888888888
1396913861,128.0,144,0.8888888888888888
1396914495,64.0,72,0.8888888888888888
1396915506,64.0,72,0.8888888888888888
1396915944,64.0,72,0.8888888888888888
1396916559,64.0,72,0.8888888888888888
1396916842,64.0,72,0.8888888888888888
1396919817,64.0,72,0.8888888888888888
1396920560,64.0,72,0.8888888888888888
1396922177,64.0,72,0.8888888888888888
1396923740,128.0,144,0.8888888888888888
1396924317,192.0,216,0.8888888888888888
1396925308,128.0,144,0.8888888888888888
1396925487,256.0,288,0.8888888888888888
1396927111,64.0,72,0.8888888888888888
1396928169,128.0,144,0.8888888888888888
1396930829,192.0,216,0.8888888888888888
1396935483,256.0,288,0.8888888888888888
1396937846,128.0,144,0.8888888888888888
1396937981,128.0,144,0.8888888888888888
1396938919,64.0,72,0.8888888888888888
1396939027,128.0,144,0.8888888888888888
1396943849,384.0,432,0.8888888888888888
1396944574,128.0,144,0.8888888888888888
1396945027,128.0,144,0.8888888888888888
1396947012,192.0,216,0.8888888888888888
1396947918,128.0,144,0.8888888888888888
1396952312,192.0,216,0.8888888888888888
1396953063,256.0,288,0.8888888888888888
1396955358,256.0,288,0.8888888888888888
1396962408,64.0,72,0.8888888888888888
1396962487,64.0,72,0.8888888888888888
1396963028,64.0,72,0.8888888888888888
1396969100,302.0,602,0.5016611295681063
1396977510,259.0,351,0.7378917378917379
1396983881,64.0,72,0.8888888888888888
1396983882,64.0,72,0.8888888888888888
1396985893,192.0,216,0.8888888888888888
1396986888,128.0,144,0.8888888888888888
1396988538,64.0,72,0.8888888888888888
1396991306,64.0,72,0.8888888888888888
1396996200,64.0,72,0.8888888888888888
1396996204,64.0,72,0.8888888888888888
1396996596,64.0,72,0.8888888888888888
1397035602,64.0,72,0.8888888888888888
1397035603,64.0,72,0.8888888888888888
1397038410,64.0,72,0.8888888888888888
1397038522,64.0,72,0.8888888888888888
1397038523,64.0,72,0.8888888888888888
1397044376,64.0,72,0.8888888888888888
1397044380,64.0,72,0.8888888888888888
1397048503,64.0,72,0.8888888888888888
1397048506,64.0,72,0.8888888888888888
1397054475,64.0,72,0.8888888888888888
1397054476,64.0,72,0.8888888888888888
1397054477,64.0,72,0.8888888888888888
1397156391,64.0,72,0.8888888888888888
1397156394,64.0,72,0.8888888888888888
1397156441,64.0,72,0.8888888888888888
1400415312,64.0,72,0.8888888888888888
1400437060,6.0,8,0.75
1400439496,10.0,12,0.8333333333333334
1401130001,457.0,513,0.8908382066276803
1401136074,420.0,474,0.8860759493670886
1401506379,1.0,3,0.3333333333333333
1401514120,1.0,2,0.5
1401516623,1.0,2,0.5
1401536475,3.0,7,0.42857142857142855
1401540404,1.0,3,0.3333333333333333
1401543461,3.0,11,0.2727272727272727
1401560343,3.0,9,0.3333333333333333
1401580103,1.0,3,0.3333333333333333
1402402157,396.0,441,0.8979591836734694
1402841148,257.0,307,0.8371335504885994
1408812186,10.0,12,0.8333333333333334
1409081993,4786.0,5414,0.8840044329516069
1409081996,74.0,79,0.9367088607594937
1409592870,396.0,444,0.8918918918918919
1409610442,429.0,483,0.8881987577639752
1409952681,2.0,7,0.2857142857142857
1409953048,2.0,4,0.5
1409956923,3.0,9,0.3333333333333333
1409958895,2.0,5,0.4
1409959837,2.0,4,0.5
1409968735,2.0,7,0.2857142857142857
1409970651,2.0,7,0.2857142857142857
1409976390,3.0,10,0.3
1409979210,1.0,3,0.3333333333333333
1409979597,1.0,3,0.3333333333333333
1409983951,1.0,3,0.3333333333333333
1409986489,1.0,3,0.3333333333333333
1409988110,2.0,6,0.3333333333333333
1409988909,1.0,2,0.5
1409989675,1.0,3,0.3333333333333333
1409990770,1.0,2,0.5
1409990859,4.0,11,0.36363636363636365
1409991393,2.0,6,0.3333333333333333
1409993251,1.0,3,0.3333333333333333
1409995415,1.0,3,0.3333333333333333
1409997634,1.0,3,0.3333333333333333
1410002269,1.0,3,0.3333333333333333
1410002315,3.0,9,0.3333333333333333
1410002977,1.0,3,0.3333333333333333
1410006312,2.0,5,0.4
1410007758,1.0,3,0.3333333333333333
1410012286,2.0,7,0.2857142857142857
1410013606,1.0,2,0.5
1410014436,1.0,3,0.3333333333333333
1410019129,2.0,6,0.3333333333333333
1410020386,2.0,6,0.3333333333333333
1410021598,2.0,5,0.4
1410024601,1.0,3,0.3333333333333333
1410027606,3.0,8,0.375
1410031052,1.0,3,0.3333333333333333
1410037963,1.0,3,0.3333333333333333
1410038663,1.0,3,0.3333333333333333
1410040718,2.0,4,0.5
1410408780,4.0,5,0.8
1410408834,8.0,10,0.8
1410408838,4.0,10,0.4
1410408848,4.0,5,0.8
1410409031,4.0,5,0.8
1410409070,4.0,5,0.8
1410409076,4.0,5,0.8
1410409108,8.0,10,0.8
1410409112,4.0,5,0.8
1410409114,4.0,10,0.4
1410409321,4.0,5,0.8
1410409470,4.0,5,0.8
1410409719,4.0,5,0.8
1410409910,4.0,5,0.8
1410410016,12.0,15,0.8
1410410055,28.0,35,0.8
1410410069,4.0,5,0.8
1410410175,4.0,5,0.8
1410410338,4.0,5,0.8
1410410355,4.0,5,0.8
1410410420,4.0,5,0.8
1410410627,4.0,5,0.8
1410410735,4.0,5,0.8
1410410762,4.0,5,0.8
1410410764,4.0,5,0.8
1411061360,20.0,28,0.7142857142857143
1411074092,12.0,15,0.8
1411739501,8.0,10,0.8
1411740727,2.0,4,0.5
1411743022,13.0,14,0.9285714285714286
1417954839,411.0,459,0.8954248366013072
1418361337,2222.0,2943,0.7550118926265715
1418758024,15.0,51,0.29411764705882354
1419371905,8.0,10,0.8
1420075506,9.0,11,0.8181818181818182
1421425549,304.0,832,0.36538461538461536
1423068617,1.0,2,0.5
1425595602,2.0,3,0.6666666666666666
1426264108,17.0,18,0.9444444444444444
1426272280,413.0,467,0.8843683083511777
1427531343,12.0,13,0.9230769230769231
1427539701,15.0,17,0.8823529411764706
1428120841,14.0,18,0.7777777777777778
1428124558,6.0,8,0.75
1430119748,1.0,2,0.5
1433865963,12.0,38,0.3157894736842105
1435406922,2.0,4,0.5
1437456802,1.0,2,0.5
1443536413,3008.0,3360,0.8952380952380953
1443594062,1.0,3,0.3333333333333333
1443794369,10.0,12,0.8333333333333334
1443814546,15.0,17,0.8823529411764706
1445449577,6.0,23,0.2608695652173913
1449709188,3295.0,3685,0.8941655359565808
1449709315,3045.0,3389,0.8984951313071703
1449710829,3214.0,3581,0.8975146607092991
1449710839,2985.0,3334,0.8953209358128374
1449710843,2992.0,3327,0.8993086865043582
1449710885,3113.0,3483,0.8937697387309791
1449710888,3050.0,3423,0.8910312591294186
1449710900,3273.0,3644,0.8981888035126235
1449710918,3362.0,3757,0.8948629225445834
1449710934,3248.0,3637,0.8930437173494639
1449711005,3259.0,3622,0.8997791275538377
1449719953,3108.0,3455,0.8995658465991317
1449719968,3170.0,3509,0.9033912795668282
1449723333,10.0,12,0.8333333333333334
1449724624,10.0,17,0.5882352941176471
1449727511,3107.0,3447,0.9013635044966638
1449727643,3258.0,3639,0.8953009068425392
1449727652,3271.0,3639,0.8988733168452872
1449729868,3020.0,3369,0.8964084298011279
1449729914,3190.0,3529,0.9039387928591669
1449729994,2930.0,3266,0.8971218616044091
1449730189,3188.0,3547,0.8987877079221878
1449733727,2949.0,3324,0.8871841155234657
1449735396,3029.0,3379,0.8964190588931636
1449736642,2981.0,3288,0.9066301703163017
1449737409,3001.0,3319,0.904188008436276
1449739750,3077.0,3447,0.892660284305193
1449740560,3298.0,3699,0.8915923222492566
1449741142,2976.0,3333,0.8928892889288929
1449741224,2987.0,3315,0.9010558069381599
1449746136,3073.0,3419,0.8988008189529102
1449747111,3138.0,3479,0.9019833285426847
1449747344,3271.0,3621,0.9033416183374758
1449747357,3028.0,3341,0.9063154744088596
1449747475,3320.0,3699,0.8975398756420654
1449748258,3127.0,3452,0.9058516801853997
1449751546,3136.0,3505,0.8947218259629102
1449751589,3159.0,3511,0.8997436627741384
1449751719,3203.0,3596,0.8907119021134594
1449758577,3244.0,3590,0.9036211699164345
1449758747,3403.0,3817,0.8915378569557244
1449759604,3207.0,3582,0.8953098827470687
1449759754,3031.0,3408,0.8893779342723005
1449783045,3343.0,3718,0.8991393222162453
1449784607,3013.0,3350,0.8994029850746269
1449800511,2998.0,3319,0.9032841217234107
1449814248,3190.0,3555,0.8973277074542897
1449814274,3232.0,3553,0.9096538136785814
1449814306,3065.0,3400,0.9014705882352941
1449814364,3199.0,3541,0.9034171138096583
1449814752,3209.0,3572,0.8983762597984323
1449815684,3055.0,3407,0.8966832990901086
1449820665,2993.0,3315,0.9028657616892911
1449848094,3262.0,3619,0.9013539651837524
1449863490,3163.0,3502,0.9031981724728726
1449878775,3018.0,3322,0.9084888621312462
1449879505,3057.0,3419,0.8941210880374378
1449879875,3129.0,3470,0.9017291066282421
1449880254,3142.0,3515,0.8938833570412518
1449880779,3185.0,3568,0.8926569506726457
1449881750,3083.0,3403,0.9059653247134881
1449887314,3321.0,3698,0.8980530016224987
1449889807,3065.0,3397,0.9022667059169855
1449891244,3147.0,3522,0.893526405451448
1449938569,3254.0,3595,0.9051460361613352
1449950362,3266.0,3627,0.9004687069203198
1449962976,445.0,508,0.8759842519685039
1450174776,3132.0,3468,0.903114186851211
1450440926,32.0,35,0.9142857142857143
1450442039,467.0,521,0.8963531669865643
1450455353,408.0,453,0.9006622516556292
1450807861,1.0,3,0.3333333333333333
1450810548,2.0,5,0.4
1451735366,4.0,6,0.6666666666666666
1451743689,637.0,1493,0.42665773610180846
1451776365,12.0,14,0.8571428571428571
1452388483,8.0,10,0.8
1452389737,10.0,12,0.8333333333333334
1454509976,624.0,1550,0.40258064516129033
1454736301,3.0,6,0.5
1457691200,270.0,401,0.6733167082294265
1457696034,6.0,9,0.6666666666666666
1457750290,10.0,31,0.3225806451612903
1458552308,451.0,508,0.8877952755905512
1458833125,9.0,11,0.8181818181818182
1458833433,6.0,11,0.5454545454545454
1458833831,4.0,6,0.6666666666666666
1458905831,1.0,3,0.3333333333333333
1458908198,1.0,3,0.3333333333333333
1458919576,2.0,5,0.4
1458951143,1.0,3,0.3333333333333333
1458956260,3.0,11,0.2727272727272727
1458957386,2.0,6,0.3333333333333333
1458966891,1.0,3,0.3333333333333333
1458968966,2.0,7,0.2857142857142857
1458973832,2.0,6,0.3333333333333333
1458975286,1.0,3,0.3333333333333333
1458984990,1.0,3,0.3333333333333333
1458988419,1.0,3,0.3333333333333333
1458990403,2.0,7,0.2857142857142857
1458993460,1.0,2,0.5
1458996839,1.0,3,0.3333333333333333
1459001924,2.0,7,0.2857142857142857
1459005777,1.0,2,0.5
1459007741,2.0,7,0.2857142857142857
1459217694,60.0,104,0.5769230769230769
1459247515,245.0,858,0.28554778554778554
1459461633,243.0,502,0.48406374501992033
1459970099,18.0,20,0.9
1459980193,8.0,10,0.8
1460163308,29.0,43,0.6744186046511628
1466228030,272.0,308,0.8831168831168831
1466607121,1.0,3,0.3333333333333333
1467139944,21.0,24,0.875
1468240552,14.0,16,0.875
1468247865,3.0,4,0.75
1468270833,4.0,6,0.6666666666666666
1468366335,1.0,2,0.5
1468502954,1.0,2,0.5
1468975076,7.0,9,0.7777777777777778
1468978006,17.0,18,0.9444444444444444
1468981170,10.0,12,0.8333333333333334
1470796151,1.0,2,0.5
1471493368,248.0,279,0.8888888888888888
1474249415,10.0,12,0.8333333333333334
1474254276,7.0,9,0.7777777777777778
1474315510,197.0,672,0.2931547619047619
1477102861,8.0,10,0.8
1477102995,15.0,16,0.9375
1477948338,211.0,800,0.26375
1483597359,6.0,11,0.5454545454545454
1484591305,6.0,10,0.6
1484610625,12.0,14,0.8571428571428571
1490594568,2328334.0,2498358,0.9319457019370322
1492068641,23.0,83,0.27710843373493976
1492717052,18.0,20,0.9
1492721819,4.0,6,0.6666666666666666
1493296582,13.0,21,0.6190476190476191
1499885027,2.0,3,0.6666666666666666
1501041400,7.0,11,0.6363636363636364
1501045770,8.0,10,0.8
1501807638,7.0,9,0.7777777777777778
1503007404,2.0,7,0.2857142857142857
1504487802,2.0,5,0.4
1515874322,351.0,1160,0.30258620689655175
1516657599,440.0,494,0.8906882591093117
1516967088,5.0,7,0.7142857142857143
1518015465,16.0,18,0.8888888888888888
1518840943,2.0,4,0.5
1518841912,12.0,18,0.6666666666666666
1519494590,1.0,3,0.3333333333333333
1521226476,301.0,440,0.6840909090909091
1524124690,11.0,13,0.8461538461538461
1524189631,265.0,520,0.5096153846153846
1525204741,11.0,13,0.8461538461538461
1525205156,6.0,7,0.8571428571428571
1525205322,13.0,16,0.8125
1525206586,4.0,6,0.6666666666666666
1526272429,4.0,6,0.6666666666666666
1526276472,8.0,10,0.8
1527157324,7.0,10,0.7
1529166964,8165.0,18385,0.44411204786510744
1529429154,258.0,383,0.6736292428198434
1532770388,2.0,3,0.6666666666666666
1533205121,474.0,543,0.8729281767955801
1533530537,18.0,19,0.9473684210526315
1533530834,8.0,10,0.8
1533531469,17.0,20,0.85
1538180376,50.0,56,0.8928571428571429
1538185359,50.0,56,0.8928571428571429
1541642738,477.0,531,0.8983050847457628
1541992523,8.0,10,0.8
1543927095,12.0,14,0.8571428571428571
1543928282,12.0,18,0.6666666666666666
1546775331,49.0,55,0.8909090909090909
1546781992,49.0,55,0.8909090909090909
1546785586,49.0,55,0.8909090909090909
1549375108,16.0,18,0.8888888888888888
1552337914,5.0,7,0.7142857142857143
1552338735,12.0,14,0.8571428571428571
1554959921,3.0,5,0.6
1555462817,48.0,54,0.8888888888888888
1555463494,48.0,54,0.8888888888888888
1555464826,48.0,54,0.8888888888888888
1555470808,48.0,54,0.8888888888888888
1557798585,10.0,12,0.8333333333333334
1560636947,3.0,4,0.75
1562968405,2.0,6,0.3333333333333333
1563761695,47.0,53,0.8867924528301887
1563762931,47.0,53,0.8867924528301887
1563765916,47.0,53,0.8867924528301887
1563768168,47.0,53,0.8867924528301887
1567155512,8.0,10,0.8
1567556980,180.0,242,0.743801652892562
1567817484,2965.0,3292,0.9006682867557716
1568356470,376.0,887,0.42390078917700114
1568362358,6.0,8,0.75
1568971873,26.0,30,0.8666666666666667
1568974722,7.0,8,0.875
1568975098,4.0,8,0.5
1575471140,4.0,6,0.6666666666666666
1580138029,45.0,51,0.8823529411764706
1580143936,45.0,51,0.8823529411764706
1582744143,164.0,322,0.5093167701863354
1582916909,409.0,460,0.8891304347826087
1585426306,6.0,8,0.75
1585930703,219.0,447,0.4899328859060403
1588535891,44.0,50,0.88
1591053504,4.0,5,0.8
1592107249,4.0,7,0.5714285714285714
1593192457,4.0,6,0.6666666666666666
1593759782,6.0,8,0.75
1593760849,4.0,5,0.8
1600088328,371.0,410,0.9048780487804878
1601054028,308.0,503,0.6123260437375746
1605048648,272.0,351,0.7749287749287749
1609126570,1.0,2,0.5
1609669750,8.0,9,0.8888888888888888
1617102748,172.0,479,0.35908141962421714
1625073184,392.0,434,0.9032258064516129
1625937865,9.0,24,0.375
1625983766,2.0,3,0.6666666666666666
1626291861,5.0,10,0.5
1629729624,27.0,93,0.2903225806451613
1635014560,6.0,8,0.75
1641441458,15.0,18,0.8333333333333334
1641611842,3.0,5,0.6
1642531302,10.0,12,0.8333333333333334
1642532544,9.0,13,0.6923076923076923
1643631907,6.0,8,0.75
1643975343,35.0,41,0.8536585365853658
1645229400,1.0,2,0.5
1645732988,1.0,2,0.5
1646721284,1.0,2,0.5
1647422680,1.0,2,0.5
1651201056,2.0,4,0.5
1651212264,2.0,6,0.3333333333333333
1651213557,1.0,3,0.3333333333333333
1651213871,1.0,2,0.5
1651214393,2.0,6,0.3333333333333333
1651215736,1.0,3,0.3333333333333333
1651219626,2.0,6,0.3333333333333333
1651223081,1.0,2,0.5
1651225700,1.0,3,0.3333333333333333
1651595240,1.0,3,0.3333333333333333
1652183323,12.0,15,0.8
1652187250,2.0,4,0.5
1653816214,10.0,26,0.38461538461538464
1655929362,1.0,3,0.3333333333333333
1659813964,1.0,3,0.3333333333333333
1659816316,1.0,3,0.3333333333333333
1659822564,1.0,3,0.3333333333333333
1659839433,2.0,7,0.2857142857142857
1659847806,3.0,8,0.375
1659852759,3.0,8,0.375
1659859653,1.0,3,0.3333333333333333
1659862979,1.0,2,0.5
1659865320,1.0,3,0.3333333333333333
1659868139,1.0,2,0.5
1659870497,2.0,7,0.2857142857142857
1659873066,1.0,3,0.3333333333333333
1659874159,1.0,3,0.3333333333333333
1659877477,2.0,5,0.4
1659880713,1.0,3,0.3333333333333333
1659886163,1.0,3,0.3333333333333333
1659887410,1.0,3,0.3333333333333333
1659889881,1.0,3,0.3333333333333333
1659890190,2.0,5,0.4
1659892818,1.0,2,0.5
1659900043,1.0,2,0.5
1660158519,238.0,294,0.8095238095238095
1660796112,11.0,15,0.7333333333333333
1668310856,1.0,2,0.5
1668312415,1.0,2,0.5
1668313568,2.0,6,0.3333333333333333
1668313951,1.0,2,0.5
1668322125,1.0,3,0.3333333333333333
1668322235,1.0,3,0.3333333333333333
1668322447,2.0,6,0.3333333333333333
1668328566,1.0,3,0.3333333333333333
1668336912,2.0,7,0.2857142857142857
1668338390,3.0,10,0.3
1668343755,1.0,3,0.3333333333333333
1668345074,1.0,3,0.3333333333333333
1668345665,2.0,7,0.2857142857142857
1668349723,1.0,3,0.3333333333333333
1668350040,1.0,3,0.3333333333333333
1668351881,2.0,7,0.2857142857142857
1668355205,1.0,3,0.3333333333333333
1668355385,2.0,5,0.4
1668360332,3.0,9,0.3333333333333333
1668363045,1.0,3,0.3333333333333333
1668367141,1.0,3,0.3333333333333333
1668369499,1.0,2,0.5
1668370962,1.0,2,0.5
1668374843,1.0,3,0.3333333333333333
1668375472,2.0,5,0.4
1668379528,2.0,4,0.5
1668380698,3.0,7,0.42857142857142855
1668386007,1.0,3,0.3333333333333333
1668387619,2.0,6,0.3333333333333333
1668387973,2.0,6,0.3333333333333333
1668388570,1.0,3,0.3333333333333333
1668393254,1.0,3,0.3333333333333333
1668395147,1.0,3,0.3333333333333333
1668399217,1.0,2,0.5
1668401086,1.0,2,0.5
1668402107,1.0,3,0.3333333333333333
1668410524,1.0,2,0.5
1668413333,2.0,6,0.3333333333333333
1668418588,1.0,2,0.5
1668421680,1.0,2,0.5
1668426677,1.0,3,0.3333333333333333
1668429617,1.0,3,0.3333333333333333
1668432433,3.0,8,0.375
1668435402,1.0,3,0.3333333333333333
1668441236,2.0,7,0.2857142857142857
1668454571,1.0,3,0.3333333333333333
1668463754,3.0,6,0.5
1668474489,1.0,2,0.5
1668482169,2.0,5,0.4
1668486075,1.0,3,0.3333333333333333
1668486262,1.0,3,0.3333333333333333
1668489472,1.0,3,0.3333333333333333
1668492757,1.0,2,0.5
1668497865,2.0,7,0.2857142857142857
1668501284,1.0,3,0.3333333333333333
1668503585,2.0,7,0.2857142857142857
1668504190,1.0,3,0.3333333333333333
1668506357,1.0,2,0.5
1668522014,1.0,3,0.3333333333333333
1668522698,1.0,3,0.3333333333333333
1668522993,2.0,4,0.5
1669119981,2.0,4,0.5
1669894182,6.0,8,0.75
1676746641,2.0,7,0.2857142857142857
1676747904,2.0,6,0.3333333333333333
1676759514,2.0,5,0.4
1676764974,1.0,2,0.5
1676767598,1.0,3,0.3333333333333333
1676771540,1.0,3,0.3333333333333333
1676778426,1.0,2,0.5
1676779582,2.0,6,0.3333333333333333
1676779796,2.0,7,0.2857142857142857
1676785081,1.0,2,0.5
1676786326,4.0,13,0.3076923076923077
1676810225,2.0,7,0.2857142857142857
1676816148,2.0,7,0.2857142857142857
1676817480,1.0,3,0.3333333333333333
1676819238,1.0,3,0.3333333333333333
1676827037,2.0,6,0.3333333333333333
1676833503,1.0,3,0.3333333333333333
1676851841,1.0,2,0.5
1676867533,1.0,2,0.5
1676870288,1.0,3,0.3333333333333333
1676873302,1.0,3,0.3333333333333333
1676873876,1.0,2,0.5
1676877469,3.0,9,0.3333333333333333
1676878847,1.0,3,0.3333333333333333
1676879833,1.0,3,0.3333333333333333
1676881004,1.0,3,0.3333333333333333
1676886879,1.0,2,0.5
1676887534,1.0,3,0.3333333333333333
1676887823,1.0,3,0.3333333333333333
1676889265,1.0,3,0.3333333333333333
1676891612,1.0,3,0.3333333333333333
1676901438,1.0,3,0.3333333333333333
1676907211,1.0,3,0.3333333333333333
1676913251,1.0,3,0.3333333333333333
1676916581,1.0,3,0.3333333333333333
1676920846,1.0,2,0.5
1676922112,1.0,3,0.3333333333333333
1676923951,1.0,3,0.3333333333333333
1676926993,1.0,3,0.3333333333333333
1676950027,2.0,3,0.6666666666666666
1676951100,1.0,2,0.5
1676954183,5.0,12,0.4166666666666667
1676957701,1.0,3,0.3333333333333333
1676960802,1.0,2,0.5
1676967633,1.0,3,0.3333333333333333
1676968198,2.0,4,0.5
1676969398,3.0,10,0.3
1676972360,1.0,3,0.3333333333333333
1676972525,1.0,2,0.5
1676972555,1.0,2,0.5
1676974597,3.0,5,0.6
1676975084,1.0,2,0.5
1676975329,2.0,7,0.2857142857142857
1676975411,2.0,7,0.2857142857142857
1676975814,1.0,3,0.3333333333333333
1676975916,1.0,3,0.3333333333333333
1676981555,2.0,5,0.4
1676981613,1.0,3,0.3333333333333333
1676981639,2.0,5,0.4
1676982114,2.0,4,0.5
1676982570,3.0,6,0.5
1676982616,2.0,5,0.4
1676982738,2.0,6,0.3333333333333333
1676982913,1.0,3,0.3333333333333333
1676982978,2.0,6,0.3333333333333333
1676983022,2.0,5,0.4
1676985817,2.0,5,0.4
1676985831,1.0,3,0.3333333333333333
1676986011,2.0,3,0.6666666666666666
1676986035,1.0,3,0.3333333333333333
1676986559,1.0,2,0.5
1676986840,2.0,3,0.6666666666666666
1676987089,2.0,7,0.2857142857142857
1676987659,1.0,2,0.5
1676988316,2.0,7,0.2857142857142857
1676988511,1.0,3,0.3333333333333333
1676989257,2.0,6,0.3333333333333333
1676989409,3.0,6,0.5
1676989510,1.0,2,0.5
1676989686,1.0,3,0.3333333333333333
1676990058,3.0,6,0.5
1676990334,2.0,7,0.2857142857142857
1676992755,3.0,6,0.5
1676993149,1.0,2,0.5
1676994584,1.0,3,0.3333333333333333
1676995636,1.0,3,0.3333333333333333
1676995929,2.0,6,0.3333333333333333
1676995950,1.0,3,0.3333333333333333
1676996071,1.0,2,0.5
1676996319,1.0,3,0.3333333333333333
1676996464,1.0,2,0.5
1676996595,1.0,3,0.3333333333333333
1676996653,2.0,3,0.6666666666666666
1676996655,2.0,3,0.6666666666666666
1676996786,1.0,3,0.3333333333333333
1676997200,2.0,3,0.6666666666666666
1676997671,2.0,4,0.5
1676997689,2.0,5,0.4
1676998060,1.0,3,0.3333333333333333
1676999062,2.0,5,0.4
1676999414,1.0,3,0.3333333333333333
1676999574,2.0,6,0.3333333333333333
1676999722,3.0,8,0.375
1677000508,2.0,6,0.3333333333333333
1677000695,2.0,3,0.6666666666666666
1677000723,2.0,6,0.3333333333333333
1677000807,1.0,3,0.3333333333333333
1677000995,2.0,4,0.5
1677001045,2.0,7,0.2857142857142857
1677001340,1.0,2,0.5
1685059917,11.0,14,0.7857142857142857
1686791649,2.0,5,0.4
1689032627,182.0,475,0.3831578947368421
1693674830,4.0,6,0.6666666666666666
1694775392,10.0,12,0.8333333333333334
1694865376,103.0,383,0.2689295039164491
1701272192,2.0,7,0.2857142857142857
1704595091,221.0,477,0.46331236897274636
1709836916,238.0,711,0.33473980309423346
1710518984,3.0,4,0.75
1710524202,2.0,3,0.6666666666666666
1711630471,9.0,12,0.75
1719570548,1.0,2,0.5
1719570558,1.0,2,0.5
1719573916,2.0,5,0.4
1719574132,1.0,2,0.5
1719574276,1.0,3,0.3333333333333333
1719575473,1.0,3,0.3333333333333333
1719580874,1.0,3,0.3333333333333333
1719587053,1.0,3,0.3333333333333333
1719598036,1.0,3,0.3333333333333333
1720197750,1.0,2,0.5
1720227569,6.0,9,0.6666666666666666
1720304062,1.0,2,0.5
1720355174,1.0,2,0.5
1722540698,1.0,2,0.5
1722616867,3.0,5,0.6
1722823386,2.0,6,0.3333333333333333
1723390705,31.0,34,0.9117647058823529
1728112738,1.0,2,0.5
1728137397,1.0,3,0.3333333333333333
1728150549,1.0,3,0.3333333333333333
1728152539,2.0,6,0.3333333333333333
1728155849,1.0,3,0.3333333333333333
1728157829,1.0,3,0.3333333333333333
1728167959,2.0,7,0.2857142857142857
1728169658,4.0,9,0.4444444444444444
1728187223,1.0,3,0.3333333333333333
1728240662,1.0,3,0.3333333333333333
1728247259,1.0,3,0.3333333333333333
1738334649,4.0,6,0.6666666666666666
1740944530,1.0,2,0.5
1752911865,115.0,296,0.3885135135135135
1753290437,3.0,9,0.3333333333333333
1754294690,3948450.0,4348935,0.9079119370604527
1761256625,7.0,9,0.7777777777777778
1761506622,1195.0,4022,0.29711586275484836
1762093491,2.0,7,0.2857142857142857
1762093554,1.0,3,0.3333333333333333
1762100167,2.0,5,0.4
1762112517,1.0,3,0.3333333333333333
1762113734,1.0,3,0.3333333333333333
1762113737,1.0,2,0.5
1762113744,1.0,2,0.5
1762113765,1.0,3,0.3333333333333333
1762113934,1.0,3,0.3333333333333333
1762114189,1.0,2,0.5
1762118161,1.0,2,0.5
1762118241,1.0,2,0.5
1762120263,1.0,2,0.5
1762120399,2.0,3,0.6666666666666666
1762120403,1.0,3,0.3333333333333333
1762120405,1.0,2,0.5
1762120543,1.0,2,0.5
1762124143,1.0,3,0.3333333333333333
1762124460,1.0,3,0.3333333333333333
1762124600,1.0,2,0.5
1762125229,1.0,2,0.5
1762125263,1.0,2,0.5
1762125356,1.0,2,0.5
1762125555,1.0,3,0.3333333333333333
1762125557,1.0,2,0.5
1762127412,1.0,2,0.5
1762127478,1.0,3,0.3333333333333333
1762127563,1.0,3,0.3333333333333333
1762127610,1.0,2,0.5
1762127712,1.0,3,0.3333333333333333
1762127718,1.0,2,0.5
1762128998,1.0,3,0.3333333333333333
1762129023,1.0,3,0.3333333333333333
1762129026,1.0,2,0.5
1762129112,1.0,3,0.3333333333333333
1762129946,2.0,5,0.4
1762129969,1.0,2,0.5
1762130446,1.0,3,0.3333333333333333
1762130533,1.0,3,0.3333333333333333
1762130801,1.0,3,0.3333333333333333
1762131551,1.0,3,0.3333333333333333
1762131687,2.0,5,0.4
1762131808,1.0,3,0.3333333333333333
1762131875,1.0,3,0.3333333333333333
1762131982,2.0,4,0.5
1762131995,1.0,3,0.3333333333333333
1762132158,1.0,2,0.5
1762133334,1.0,2,0.5
1762133436,1.0,2,0.5
1762133786,1.0,3,0.3333333333333333
1763810747,10.0,12,0.8333333333333334
1769736183,285.0,425,0.6705882352941176
1770507743,1.0,2,0.5
1770542084,1.0,3,0.3333333333333333
1770543205,1.0,3,0.3333333333333333
1770555493,2.0,6,0.3333333333333333
1771646078,1.0,3,0.3333333333333333
1779138529,1.0,3,0.3333333333333333
1779541152,3.0,4,0.75
1781720314,4.0,6,0.6666666666666666
1786889256,8.0,9,0.8888888888888888
1788414815,51.0,203,0.2512315270935961
1795128808,6.0,7,0.8571428571428571
1795923663,9.0,17,0.5294117647058824
1796321770,1.0,3,0.3333333333333333
1796381041,6.0,8,0.75
1803672239,6.0,7,0.8571428571428571
1803673532,4.0,6,0.6666666666666666
1803772340,1.0,3,0.3333333333333333
1804668718,6.0,10,0.6
1806208232,21.0,24,0.875
1806712349,1.0,2,0.5
1811763886,4.0,5,0.8
1811870633,1.0,2,0.5
1811874035,1.0,3,0.3333333333333333
1811874066,1.0,2,0.5
1811878289,1.0,3,0.3333333333333333
1811878346,1.0,2,0.5
1811878683,1.0,2,0.5
1811878885,1.0,3,0.3333333333333333
1811878896,2.0,6,0.3333333333333333
1811880228,2.0,7,0.2857142857142857
1811880278,1.0,2,0.5
1811880325,2.0,5,0.4
1811880766,1.0,3,0.3333333333333333
1811880862,2.0,6,0.3333333333333333
1811883091,1.0,3,0.3333333333333333
1811884756,1.0,2,0.5
1811884786,1.0,2,0.5
1811885048,1.0,2,0.5
1811885269,1.0,2,0.5
1811886285,1.0,2,0.5
1811886653,1.0,2,0.5
1811886829,1.0,2,0.5
1811887317,1.0,3,0.3333333333333333
1811888849,2.0,6,0.3333333333333333
1811891216,1.0,3,0.3333333333333333
1811891230,2.0,6,0.3333333333333333
1811891312,2.0,3,0.6666666666666666
1811891377,2.0,7,0.2857142857142857
1811891589,2.0,6,0.3333333333333333
1811891674,1.0,2,0.5
1811893598,1.0,3,0.3333333333333333
1811894473,1.0,3,0.3333333333333333
1811896677,2.0,7,0.2857142857142857
1811896774,1.0,3,0.3333333333333333
1811896998,1.0,3,0.3333333333333333
1811897078,1.0,3,0.3333333333333333
1811897391,1.0,3,0.3333333333333333
1811897424,1.0,2,0.5
1811899846,1.0,2,0.5
1811900004,1.0,3,0.3333333333333333
1819208407,201.0,224,0.8973214285714286
1819433058,217.0,266,0.8157894736842105
1819649278,193.0,222,0.8693693693693694
1819843340,4.0,8,0.5
1819928358,1.0,3,0.3333333333333333
1819931639,1.0,3,0.3333333333333333
1819938609,1.0,2,0.5
1819940349,2.0,7,0.2857142857142857
1819957313,1.0,3,0.3333333333333333
1819981817,1.0,3,0.3333333333333333
1819986093,1.0,2,0.5
1819989858,1.0,3,0.3333333333333333
1819991414,2.0,6,0.3333333333333333
1819995050,1.0,2,0.5
1820004546,1.0,3,0.3333333333333333
1820011351,1.0,2,0.5
1820015138,1.0,2,0.5
1820131988,313.0,423,0.7399527186761229
1820536152,10.0,15,0.6666666666666666
1820641542,4.0,8,0.5
1820846166,12.0,13,0.9230769230769231
1820847351,212.0,234,0.905982905982906
1820884581,201.0,219,0.9178082191780822
1823639751,20.0,34,0.5882352941176471
1827361737,195.0,218,0.8944954128440367
1827707753,1.0,3,0.3333333333333333
1827757537,205.0,233,0.8798283261802575
1828624031,188.0,210,0.8952380952380953
1828789688,6.0,13,0.46153846153846156
1829050102,201.0,268,0.75
1830646420,224.0,381,0.5879265091863517
1835521754,47.0,179,0.26256983240223464
1835526923,6.0,8,0.75
1837905556,6.0,7,0.8571428571428571
1848139672,5.0,7,0.7142857142857143
1852413989,163.0,183,0.8907103825136612
1855320437,239.0,417,0.5731414868105515
1863592355,28.0,35,0.8
1868410263,7151.0,21001,0.34050759487643445
1877555257,2.0,5,0.4
1877575848,1.0,3,0.3333333333333333
1877608394,1.0,2,0.5
1880570680,7.0,20,0.35
1882129818,9.0,29,0.3103448275862069
1885048744,590.0,1068,0.552434456928839
1885783331,1.0,3,0.3333333333333333
1885795618,1.0,2,0.5
1885806096,1.0,3,0.3333333333333333
1885849668,1.0,3,0.3333333333333333
1885865412,1.0,3,0.3333333333333333
1885886133,1.0,3,0.3333333333333333
1885890008,1.0,3,0.3333333333333333
1885927141,1.0,3,0.3333333333333333
1885933253,2.0,5,0.4
1885936481,1.0,3,0.3333333333333333
1885939047,1.0,3,0.3333333333333333
1885942986,1.0,3,0.3333333333333333
1885952279,1.0,3,0.3333333333333333
1893748930,6.0,7,0.8571428571428571
1893755570,1.0,2,0.5
1894104801,1.0,3,0.3333333333333333
1894105310,1.0,3,0.3333333333333333
1894108280,2.0,6,0.3333333333333333
1894111812,2.0,6,0.3333333333333333
1894112988,1.0,2,0.5
1894115605,2.0,7,0.2857142857142857
1894115666,2.0,6,0.3333333333333333
1894115850,1.0,2,0.5
1894116123,1.0,2,0.5
1894116196,2.0,7,0.2857142857142857
1894116331,1.0,2,0.5
1894117180,1.0,3,0.3333333333333333
1894119356,1.0,3,0.3333333333333333
1894119812,1.0,2,0.5
1894120008,2.0,5,0.4
1894120347,1.0,2,0.5
1894121893,1.0,2,0.5
1894123100,1.0,3,0.3333333333333333
1894123196,1.0,2,0.5
1894124985,1.0,2,0.5
1894125029,1.0,2,0.5
1894125404,2.0,6,0.3333333333333333
1894125567,1.0,3,0.3333333333333333
1894131715,1.0,2,0.5
1894132050,1.0,3,0.3333333333333333
1894135321,1.0,3,0.3333333333333333
1894135529,2.0,6,0.3333333333333333
1894136801,1.0,3,0.3333333333333333
1894136859,2.0,7,0.2857142857142857
1894137298,1.0,3,0.3333333333333333
1894137991,1.0,3,0.3333333333333333
1894139727,1.0,3,0.3333333333333333
1894141648,1.0,3,0.3333333333333333
1894143447,1.0,3,0.3333333333333333
1894144821,2.0,5,0.4
1894153360,1.0,2,0.5
1894163364,1.0,2,0.5
1894195708,1.0,3,0.3333333333333333
1894195827,1.0,3,0.3333333333333333
1894196752,1.0,2,0.5
1894207974,1.0,2,0.5
1894229524,1.0,2,0.5
1894239096,1.0,2,0.5
1894748683,133.0,432,0.30787037037037035
1897253281,91.0,281,0.3238434163701068
1898697807,114.0,270,0.4222222222222222
1902134117,12.0,13,0.9230769230769231
1902865544,16.0,35,0.45714285714285713
1904585033,113.0,354,0.3192090395480226
1907025564,3.0,9,0.3333333333333333
1910130923,9.0,13,0.6923076923076923
1913664136,4.0,7,0.5714285714285714
1918547512,1.0,3,0.3333333333333333
1919033967,5.0,6,0.8333333333333334
1927442640,55.0,62,0.8870967741935484
1927466190,5.0,6,0.8333333333333334
1927467836,7.0,8,0.875
1927879209,263.0,877,0.2998859749144812
1928353954,285.0,914,0.31181619256017507
1936462072,1.0,2,0.5
1949328113,2.0,5,0.4
1949669087,4.0,14,0.2857142857142857
1953439254,1.0,3,0.3333333333333333
1953451876,1.0,3,0.3333333333333333
1958432359,4.0,6,0.6666666666666666
1961852088,1.0,2,0.5
1961872323,1.0,3,0.3333333333333333
1961880041,1.0,3,0.3333333333333333
1961884120,1.0,2,0.5
1961888049,1.0,2,0.5
1961905049,1.0,2,0.5
1961923800,1.0,2,0.5
1961923804,1.0,2,0.5
1961927502,1.0,3,0.3333333333333333
1961935267,1.0,2,0.5
1961941157,1.0,2,0.5
1961944482,1.0,3,0.3333333333333333
1961951597,1.0,3,0.3333333333333333
1961951714,1.0,3,0.3333333333333333
1961955003,1.0,2,0.5
1961969661,2.0,4,0.5
1961969675,1.0,3,0.3333333333333333
1961971833,1.0,3,0.3333333333333333
1961980972,1.0,3,0.3333333333333333
1964513707,43.0,166,0.25903614457831325
1970259464,6.0,12,0.5
1970488276,1.0,2,0.5
1970490775,1.0,3,0.3333333333333333
1970498077,1.0,3,0.3333333333333333
1970504119,1.0,3,0.3333333333333333
1970507949,1.0,3,0.3333333333333333
1970514347,1.0,3,0.3333333333333333
1970521329,1.0,3,0.3333333333333333
1970547683,1.0,3,0.3333333333333333
1970547787,1.0,2,0.5
1970569936,1.0,2,0.5
1970581369,1.0,3,0.3333333333333333
1970585438,1.0,2,0.5
1970588701,1.0,3,0.3333333333333333
1970612399,1.0,2,0.5
1970615308,1.0,2,0.5
1970617765,1.0,3,0.3333333333333333
1971278724,46.0,177,0.2598870056497175
1972551027,39.0,143,0.2727272727272727
1979275219,1.0,3,0.3333333333333333
1979279896,1.0,2,0.5
1979319671,1.0,3,0.3333333333333333
1979331659,1.0,3,0.3333333333333333
1979339941,1.0,3,0.3333333333333333
1982010804,31.0,122,0.2540983606557377
1982608547,2193.0,2828,0.7754596888260255
2001003268,4.0,11,0.36363636363636365
2004511914,44888.0,109329,0.4105772484885072
2005102485,9.0,27,0.3333333333333333
2005184287,21.0,38,0.5526315789473685
2005912533,5504.0,16896,0.32575757575757575
2007141213,39.0,151,0.2582781456953642
2011063411,17.0,28,0.6071428571428571
2011241895,11.0,12,0.9166666666666666
2011257909,41.0,47,0.8723404255319149
2011269824,57.0,64,0.890625
2012673481,29.0,114,0.2543859649122807
2012914456,30.0,107,0.2803738317757009
2017652977,3.0,5,0.6
2017897593,4.0,14,0.2857142857142857
2018411707,8.0,9,0.8888888888888888
2018426256,9.0,11,0.8181818181818182
2018426571,26.0,29,0.896551724137931
2018427827,47.0,52,0.9038461538461539
2019337536,17.0,21,0.8095238095238095
2020679549,9.0,21,0.42857142857142855
2024367258,1.0,3,0.3333333333333333
2024396163,1.0,3,0.3333333333333333
2024702474,2.0,3,0.6666666666666666
2024741082,9.0,10,0.9
2025033528,9.0,26,0.34615384615384615
2025121445,12.0,13,0.9230769230769231
2025151179,22.0,26,0.8461538461538461
2025345613,1.0,2,0.5
2025642932,2.0,5,0.4
2025798966,1.0,2,0.5
2026162623,2.0,3,0.6666666666666666
2026189564,1.0,2,0.5
2026274728,1.0,3,0.3333333333333333
2026605963,3.0,4,0.75
2026767075,1.0,2,0.5
2027185157,2.0,3,0.6666666666666666
2027185171,2.0,4,0.5
2027231451,2.0,3,0.6666666666666666
2028033188,1.0,2,0.5
2028374965,2.0,4,0.5
2028400121,1.0,2,0.5
2028520600,27.0,33,0.8181818181818182
2029553127,2.0,3,0.6666666666666666
2030126813,1.0,2,0.5
2030385580,1.0,2,0.5
2030735788,11.0,13,0.8461538461538461
2031395007,2.0,3,0.6666666666666666
2031399217,9.0,10,0.9
2032697587,3.0,6,0.5
2036605975,9.0,25,0.36
2037022634,11.0,37,0.2972972972972973
2039249771,32.0,70,0.45714285714285713
2040087750,7.0,11,0.6363636363636364
2041989348,4.0,7,0.5714285714285714
2042110382,9.0,17,0.5294117647058824
2042549751,114.0,196,0.5816326530612245
2053288028,12.0,13,0.9230769230769231
2058097240,1.0,3,0.3333333333333333
2059287876,35.0,38,0.9210526315789473
2059303864,27.0,30,0.9
2064325711,2.0,3,0.6666666666666666
2064514138,2.0,4,0.5
2065979800,11.0,20,0.55
2066737226,1.0,2,0.5
2074287762,568.0,1367,0.415508412582297
2080172324,24.0,81,0.2962962962962963
2081636620,8.0,9,0.8888888888888888
2087880859,10.0,11,0.9090909090909091
2090626247,3.0,4,0.75
2093924277,1.0,2,0.5
2096556459,7.0,15,0.4666666666666667
2099775089,5.0,9,0.5555555555555556
2100169868,25.0,28,0.8928571428571429
2107799447,2.0,3,0.6666666666666666
2107803588,18.0,21,0.8571428571428571
2107819564,3.0,4,0.75
2121566174,2.0,3,0.6666666666666666
2123217371,4.0,5,0.8
2123234785,11.0,12,0.9166666666666666
2124106158,8727.0,22729,0.38395881912974617
2130384755,40.0,45,0.8888888888888888
2130390347,4.0,5,0.8
2130396376,10.0,11,0.9090909090909091
2130396660,10.0,11,0.9090909090909091
2130397447,6.0,7,0.8571428571428571
2132912765,3.0,5,0.6
2135173148,4.0,6,0.6666666666666666
2135410197,2.0,7,0.2857142857142857
2137396708,10.0,11,0.9090909090909091
2137397941,28.0,32,0.875
2137400723,9.0,13,0.6923076923076923
2137414793,16.0,17,0.9411764705882353
2137908854,1.0,3,0.3333333333333333
2137927848,1.0,3,0.3333333333333333
2137927860,1.0,2,0.5
2137995502,1.0,3,0.3333333333333333
