a_id,role,is_bot,is_control
41546,verified_human,False,True
41805,verified_human,False,True
41886,verified_human,False,True
42367,verified_human,False,True
44737,verified_human,False,True
44870,verified_human,False,True
46016,verified_human,False,True
46093,verified_human,False,True
47752,verified_human,False,True
48389,verified_human,False,True
48474,verified_human,False,True
48832,verified_human,False,True
49819,verified_human,False,True
50314,verified_human,False,True
50842,verified_human,False,True
51853,verified_human,False,True
52241,verified_human,False,True
52842,verified_human,False,True
53301,verified_human,False,True
54728,verified_human,False,True
54730,verified_human,False,True
55369,verified_human,False,True
55646,verified_human,False,True
77835,verified_human,False,True
86410,verified_human,False,True
90420,verified_human,False,True
91607,verified_human,False,True
99238,verified_human,False,True
120176,verified_human,False,True
124956,verified_human,False,True
132101,verified_human,False,True
134587,verified_human,False,True
136473,verified_human,False,True
142288,verified_human,False,True
142755,verified_human,False,True
144036,verified_human,False,True
147571,verified_human,False,True
163607,verified_human,False,True
172015,verified_human,False,True
172787,verified_human,False,True
172877,verified_human,False,True
177700,verified_human,False,True
185590,verified_human,False,True
205653,verified_human,False,True
206631,verified_human,False,True
224936,verified_human,False,True
242852,verified_human,False,True
244236,verified_human,False,True
275849,verified_human,False,True
305484,verified_human,False,True
311820,verified_human,False,True
334159,verified_human,False,True
341235,verified_human,False,True
372518,verified_human,False,True
381539,verified_human,False,True
386626,verified_human,False,True
389622,verified_human,False,True
399612,verified_human,False,True
400797,verified_human,False,True
411688,verified_human,False,True
416103,verified_human,False,True
427332,verified_human,False,True
433313,verified_human,False,True
438996,verified_human,False,True
452995,verified_human,False,True
467062,verified_human,False,True
467829,verified_human,False,True
471114,verified_human,False,True
528932,verified_human,False,True
4992688,verified_human,False,True
27281057,verified_human,False,True
60820005,verified_human,False,True
70739134,verified_human,False,True
152570996,verified_human,False,True
152950980,verified_human,False,True
157989255,verified_human,False,True
164482463,verified_human,False,True
219953046,verified_human,False,True
223495843,verified_human,False,True
224157523,verified_human,False,True
224189473,verified_human,False,True
237682854,verified_human,False,True
253405494,verified_human,False,True
303209220,verified_human,False,True
315836745,verified_human,False,True
363560149,verified_human,False,True
376168733,verified_human,False,True
379399457,verified_human,False,True
424079174,verified_human,False,True
482827421,verified_human,False,True
486159336,verified_human,False,True
492498141,verified_human,False,True
496549942,verified_human,False,True
532298668,verified_human,False,True
536422936,verified_human,False,True
545788044,verified_human,False,True
599518550,verified_human,False,True
610047597,verified_human,False,True
621578854,verified_human,False,True
671804639,verified_human,False,True
684833553,verified_human,False,True
702135025,verified_human,False,True
703656949,verified_human,False,True
725774710,verified_human,False,True
738379012,verified_human,False,True
765665006,verified_human,False,True
770279182,verified_human,False,True
778614891,verified_human,False,True
814812273,verified_human,False,True
878445230,verified_human,False,True
931056605,verified_human,False,True
935065722,verified_human,False,True
939605614,verified_human,False,True
939834965,verified_human,False,True
939899657,verified_human,False,True
1032111909,verified_human,False,True
1072855280,verified_human,False,True
1202921625,verified_human,False,True
1206109632,verified_human,False,True
1216168929,verified_human,False,True
1234087176,verified_human,False,True
1288480506,verified_human,False,True
1292733028,verified_human,False,True
1306399505,verified_human,False,True
1392108685,verified_human,False,True
1392108840,verified_human,False,True
1392108946,verified_human,False,True
1392110550,verified_human,False,True
1392111250,verified_human,False,True
1392115226,verified_human,False,True
1392116822,verified_human,False,True
1392121344,verified_human,False,True
1392123240,verified_human,False,True
1392127002,verified_human,False,True
1392138525,verified_human,False,True
1392141981,verified_human,False,True
1392169660,verified_human,False,True
1393227853,verified_human,False,True
1394365269,verified_human,False,True
1394373887,verified_human,False,True
1395980024,verified_human,False,True
1396292015,verified_human,False,True
1397145929,verified_human,False,True
1397403191,verified_human,False,True
1402214430,verified_human,False,True
1405621062,verified_human,False,True
1411192451,verified_human,False,True
1417253430,verified_human,False,True
1418982164,verified_human,False,True
1419043042,verified_human,False,True
1451434617,verified_human,False,True
1521144100,verified_human,False,True
1529507446,verified_human,False,True
1537993702,verified_human,False,True
1587928377,verified_human,False,True
1592771804,verified_human,False,True
1593365570,verified_human,False,True
1607653276,verified_human,False,True
1644150061,verified_human,False,True
1722770762,verified_human,False,True
1771000163,verified_human,False,True
1771034425,verified_human,False,True
1796419999,verified_human,False,True
1854931390,verified_human,False,True
1868410263,verified_human,False,True
1871183427,verified_human,False,True
1877990246,verified_human,False,True
1878057542,verified_human,False,True
1878058290,verified_human,False,True
1880247611,verified_human,False,True
1911483289,verified_human,False,True
1937099979,verified_human,False,True
2004412586,verified_human,False,True
2004429834,verified_human,False,True
2004478653,verified_human,False,True
2004478956,verified_human,False,True
2004731645,verified_human,False,True
2004780153,verified_human,False,True
2004869018,verified_human,False,True
2005912533,verified_human,False,True
2006029124,verified_human,False,True
2006047477,verified_human,False,True
2006068741,verified_human,False,True
2006423495,verified_human,False,True
2006604953,verified_human,False,True
2006718594,verified_human,False,True
2006932256,verified_human,False,True
2009239953,verified_human,False,True
2009506179,verified_human,False,True
2011591935,verified_human,False,True
2012330170,verified_human,False,True
2012596130,verified_human,False,True
2016990936,verified_human,False,True
2021783674,verified_human,False,True
2023219812,verified_human,False,True
2026253798,verified_human,False,True
2065926040,verified_human,False,True
2069724493,verified_human,False,True
2081633662,verified_human,False,True
2144797380,verified_human,False,True
41403,abusive_share,True,False
41431,abusive_share,True,False
41465,abusive_share,True,False
41605,abusive_share,True,False
41688,abusive_share,True,False
41689,abusive_share,True,False
41692,abusive_share,True,False
41705,abusive_share,True,False
41731,abusive_share,True,False
41804,abusive_share,True,False
41854,abusive_share,True,False
41881,abusive_share,True,False
41882,abusive_share,True,False
41885,abusive_share,True,False
41927,abusive_share,True,False
42023,abusive_share,True,False
42039,abusive_share,True,False
42145,abusive_share,True,False
42146,abusive_share,True,False
42150,abusive_share,True,False
42162,abusive_share,True,False
42169,abusive_share,True,False
42170,abusive_share,True,False
42250,abusive_share,True,False
42263,abusive_share,True,False
42264,abusive_share,True,False
42266,abusive_share,True,False
42276,abusive_share,True,False
42335,abusive_share,True,False
42387,abusive_share,True,False
42412,abusive_share,True,False
42413,abusive_share,True,False
42414,abusive_share,True,False
42415,abusive_share,True,False
42447,abusive_share,True,False
42448,abusive_share,True,False
42495,abusive_share,True,False
42702,abusive_share,True,False
42716,abusive_share,True,False
42728,abusive_share,True,False
42810,abusive_share,True,False
42811,abusive_share,True,False
42812,abusive_share,True,False
42813,abusive_share,True,False
42820,abusive_share,True,False
42823,abusive_share,True,False
42870,abusive_share,True,False
42945,abusive_share,True,False
42963,abusive_share,True,False
42965,abusive_share,True,False
42966,abusive_share,True,False
43145,abusive_share,True,False
43261,abusive_share,True,False
43438,abusive_share,True,False
43442,abusive_share,True,False
43497,abusive_share,True,False
43662,abusive_share,True,False
43898,abusive_share,True,False
43901,abusive_share,True,False
43920,abusive_share,True,False
43923,abusive_share,True,False
44008,abusive_share,True,False
44069,abusive_share,True,False
44087,abusive_share,True,False
44170,abusive_share,True,False
44305,abusive_share,True,False
44326,abusive_share,True,False
44367,abusive_share,True,False
44380,abusive_share,True,False
44446,abusive_share,True,False
44454,abusive_share,True,False
44495,abusive_share,True,False
44678,abusive_share,True,False
44680,abusive_share,True,False
44755,abusive_share,True,False
44764,abusive_share,True,False
44791,abusive_share,True,False
44901,abusive_share,True,False
44902,abusive_share,True,False
44938,abusive_share,True,False
44940,abusive_share,True,False
44946,abusive_share,True,False
45015,abusive_share,True,False
45047,abusive_share,True,False
45048,abusive_share,True,False
45353,abusive_share,True,False
45354,abusive_share,True,False
45542,abusive_share,True,False
45570,abusive_share,True,False
45598,abusive_share,True,False
45822,abusive_share,True,False
45848,abusive_share,True,False
45855,abusive_share,True,False
46005,abusive_share,True,False
46006,abusive_share,True,False
46030,abusive_share,True,False
46470,abusive_share,True,False
46539,abusive_share,True,False
46618,abusive_share,True,False
46679,abusive_share,True,False
46747,abusive_share,True,False
46800,abusive_share,True,False
46922,abusive_share,True,False
46942,abusive_share,True,False
46985,abusive_share,True,False
47000,abusive_share,True,False
47064,abusive_share,True,False
47115,abusive_share,True,False
47116,abusive_share,True,False
47171,abusive_share,True,False
47201,abusive_share,True,False
47295,abusive_share,True,False
47312,abusive_share,True,False
47344,abusive_share,True,False
47370,abusive_share,True,False
47375,abusive_share,True,False
47454,abusive_share,True,False
47457,abusive_share,True,False
47514,abusive_share,True,False
47517,abusive_share,True,False
47526,abusive_share,True,False
47666,abusive_share,True,False
47677,abusive_share,True,False
47831,abusive_share,True,False
47882,abusive_share,True,False
47883,abusive_share,True,False
47918,abusive_share,True,False
47921,abusive_share,True,False
47934,abusive_share,True,False
48300,abusive_share,True,False
48388,abusive_share,True,False
48510,abusive_share,True,False
48546,abusive_share,True,False
48563,abusive_share,True,False
48569,abusive_share,True,False
48570,abusive_share,True,False
48574,abusive_share,True,False
48827,abusive_share,True,False
48831,abusive_share,True,False
48910,abusive_share,True,False
48927,abusive_share,True,False
48929,abusive_share,True,False
48988,abusive_share,True,False
49214,abusive_share,True,False
49232,abusive_share,True,False
49311,abusive_share,True,False
49312,abusive_share,True,False
49359,abusive_share,True,False
49403,abusive_share,True,False
49406,abusive_share,True,False
49418,abusive_share,True,False
49463,abusive_share,True,False
49644,abusive_share,True,False
49656,abusive_share,True,False
49720,abusive_share,True,False
49767,abusive_share,True,False
49777,abusive_share,True,False
49778,abusive_share,True,False
49817,abusive_share,True,False
49916,abusive_share,True,False
50014,abusive_share,True,False
50090,abusive_share,True,False
50119,abusive_share,True,False
50171,abusive_share,True,False
50177,abusive_share,True,False
50276,abusive_share,True,False
50395,abusive_share,True,False
50428,abusive_share,True,False
50454,abusive_share,True,False
50686,abusive_share,True,False
50687,abusive_share,True,False
50688,abusive_share,True,False
50689,abusive_share,True,False
50773,abusive_share,True,False
50846,abusive_share,True,False
50975,abusive_share,True,False
50978,abusive_share,True,False
51377,abusive_share,True,False
51379,abusive_share,True,False
51386,abusive_share,True,False
51387,abusive_share,True,False
51390,abusive_share,True,False
51453,abusive_share,True,False
51530,abusive_share,True,False
51533,abusive_share,True,False
51573,abusive_share,True,False
51686,abusive_share,True,False
51697,abusive_share,True,False
51846,abusive_share,True,False
51851,abusive_share,True,False
51915,abusive_share,True,False
51930,abusive_share,True,False
51934,abusive_share,True,False
51935,abusive_share,True,False
52153,abusive_share,True,False
52161,abusive_share,True,False
52230,abusive_share,True,False
52254,abusive_share,True,False
52258,abusive_share,True,False
52275,abusive_share,True,False
52279,abusive_share,True,False
52281,abusive_share,True,False
52377,abusive_share,True,False
52388,abusive_share,True,False
52476,abusive_share,True,False
52478,abusive_share,True,False
52485,abusive_share,True,False
52486,abusive_share,True,False
52504,abusive_share,True,False
52570,abusive_share,True,False
52616,abusive_share,True,False
52662,abusive_share,True,False
52690,abusive_share,True,False
52775,abusive_share,True,False
52917,abusive_share,True,False
52922,abusive_share,True,False
52923,abusive_share,True,False
53002,abusive_share,True,False
53030,abusive_share,True,False
53078,abusive_share,True,False
53381,abusive_share,True,False
53726,abusive_share,True,False
53777,abusive_share,True,False
53885,abusive_share,True,False
53900,abusive_share,True,False
53902,abusive_share,True,False
54091,abusive_share,True,False
54155,abusive_share,True,False
54199,abusive_share,True,False
54308,abusive_share,True,False
54354,abusive_share,True,False
54406,abusive_share,True,False
54731,abusive_share,True,False
54765,abusive_share,True,False
54925,abusive_share,True,False
54932,abusive_share,True,False
54934,abusive_share,True,False
55052,abusive_share,True,False
55115,abusive_share,True,False
55181,abusive_share,True,False
55183,abusive_share,True,False
55187,abusive_share,True,False
55240,abusive_share,True,False
55242,abusive_share,True,False
55299,abusive_share,True,False
55300,abusive_share,True,False
55301,abusive_share,True,False
55304,abusive_share,True,False
55305,abusive_share,True,False
55306,abusive_share,True,False
55307,abusive_share,True,False
55308,abusive_share,True,False
55309,abusive_share,True,False
55456,abusive_share,True,False
55497,abusive_share,True,False
55632,abusive_share,True,False
55653,abusive_share,True,False
55820,abusive_share,True,False
55827,abusive_share,True,False
55874,abusive_share,True,False
55891,abusive_share,True,False
55915,abusive_share,True,False
55985,abusive_share,True,False
56121,abusive_share,True,False
56131,abusive_share,True,False
56260,abusive_share,True,False
56495,abusive_share,True,False
56507,abusive_share,True,False
56594,abusive_share,True,False
56616,abusive_share,True,False
56682,abusive_share,True,False
56978,abusive_share,True,False
57043,abusive_share,True,False
57090,abusive_share,True,False
57091,abusive_share,True,False
57119,abusive_share,True,False
57253,abusive_share,True,False
57313,abusive_share,True,False
57402,abusive_share,True,False
57429,abusive_share,True,False
57441,abusive_share,True,False
57530,abusive_share,True,False
57693,abusive_share,True,False
57822,abusive_share,True,False
57829,abusive_share,True,False
57830,abusive_share,True,False
57840,abusive_share,True,False
57844,abusive_share,True,False
57890,abusive_share,True,False
57931,abusive_share,True,False
57932,abusive_share,True,False
57934,abusive_share,True,False
57939,abusive_share,True,False
57940,abusive_share,True,False
57941,abusive_share,True,False
57942,abusive_share,True,False
57944,abusive_share,True,False
57945,abusive_share,True,False
57947,abusive_share,True,False
57948,abusive_share,True,False
57950,abusive_share,True,False
58036,abusive_share,True,False
58077,abusive_share,True,False
58222,abusive_share,True,False
58231,abusive_share,True,False
58444,abusive_share,True,False
58460,abusive_share,True,False
59077,abusive_share,True,False
59149,abusive_share,True,False
59396,abusive_share,True,False
59427,abusive_share,True,False
59428,abusive_share,True,False
59451,abusive_share,True,False
59767,abusive_share,True,False
60199,abusive_share,True,False
60497,abusive_share,True,False
60594,abusive_share,True,False
60595,abusive_share,True,False
60597,abusive_share,True,False
60599,abusive_share,True,False
60614,abusive_share,True,False
60677,abusive_share,True,False
60854,abusive_share,True,False
60862,abusive_share,True,False
60953,abusive_share,True,False
60990,abusive_share,True,False
61027,abusive_share,True,False
61042,abusive_share,True,False
61205,abusive_share,True,False
61206,abusive_share,True,False
61351,abusive_share,True,False
61365,abusive_share,True,False
61622,abusive_share,True,False
61643,abusive_share,True,False
61758,abusive_share,True,False
61764,abusive_share,True,False
61991,abusive_share,True,False
62020,abusive_share,True,False
62022,abusive_share,True,False
62400,abusive_share,True,False
62513,abusive_share,True,False
62944,abusive_share,True,False
62975,abusive_share,True,False
63273,abusive_share,True,False
63846,abusive_share,True,False
64189,abusive_share,True,False
64230,abusive_share,True,False
64381,abusive_share,True,False
64383,abusive_share,True,False
64460,abusive_share,True,False
64463,abusive_share,True,False
64464,abusive_share,True,False
64469,abusive_share,True,False
64752,abusive_share,True,False
64755,abusive_share,True,False
64805,abusive_share,True,False
65781,abusive_share,True,False
66572,abusive_share,True,False
66754,abusive_share,True,False
67024,abusive_share,True,False
67152,abusive_share,True,False
67465,abusive_share,True,False
67491,abusive_share,True,False
67514,abusive_share,True,False
67692,abusive_share,True,False
67694,abusive_share,True,False
67695,abusive_share,True,False
67724,abusive_share,True,False
67944,abusive_share,True,False
67945,abusive_share,True,False
67946,abusive_share,True,False
67947,abusive_share,True,False
67948,abusive_share,True,False
67949,abusive_share,True,False
67950,abusive_share,True,False
67951,abusive_share,True,False
67952,abusive_share,True,False
67982,abusive_share,True,False
68002,abusive_share,True,False
68158,abusive_share,True,False
69009,abusive_share,True,False
69050,abusive_share,True,False
69093,abusive_share,True,False
69164,abusive_share,True,False
69447,abusive_share,True,False
69508,abusive_share,True,False
69516,abusive_share,True,False
72344,abusive_share,True,False
72842,abusive_share,True,False
73113,abusive_share,True,False
73162,abusive_share,True,False
73233,abusive_share,True,False
73447,abusive_share,True,False
73448,abusive_share,True,False
73449,abusive_share,True,False
73450,abusive_share,True,False
73663,abusive_share,True,False
73669,abusive_share,True,False
73825,abusive_share,True,False
74352,abusive_share,True,False
74354,abusive_share,True,False
74492,abusive_share,True,False
74499,abusive_share,True,False
74899,abusive_share,True,False
74985,abusive_share,True,False
75082,abusive_share,True,False
75094,abusive_share,True,False
75113,abusive_share,True,False
75116,abusive_share,True,False
75167,abusive_share,True,False
75941,abusive_share,True,False
76011,abusive_share,True,False
76380,abusive_share,True,False
76532,abusive_share,True,False
76534,abusive_share,True,False
76597,abusive_share,True,False
76719,abusive_share,True,False
76726,abusive_share,True,False
76928,abusive_share,True,False
77049,abusive_share,True,False
77067,abusive_share,True,False
77331,abusive_share,True,False
77334,abusive_share,True,False
77335,abusive_share,True,False
77674,abusive_share,True,False
77884,abusive_share,True,False
78665,abusive_share,True,False
78670,abusive_share,True,False
78675,abusive_share,True,False
78819,abusive_share,True,False
78820,abusive_share,True,False
78821,abusive_share,True,False
78886,abusive_share,True,False
78892,abusive_share,True,False
78967,abusive_share,True,False
78984,abusive_share,True,False
78986,abusive_share,True,False
78987,abusive_share,True,False
78988,abusive_share,True,False
78989,abusive_share,True,False
78990,abusive_share,True,False
78991,abusive_share,True,False
78993,abusive_share,True,False
79005,abusive_share,True,False
79043,abusive_share,True,False
79129,abusive_share,True,False
79132,abusive_share,True,False
79262,abusive_share,True,False
79301,abusive_share,True,False
79385,abusive_share,True,False
79386,abusive_share,True,False
79658,abusive_share,True,False
79735,abusive_share,True,False
79776,abusive_share,True,False
79923,abusive_share,True,False
79959,abusive_share,True,False
80021,abusive_share,True,False
80189,abusive_share,True,False
80245,abusive_share,True,False
80281,abusive_share,True,False
80284,abusive_share,True,False
80299,abusive_share,True,False
80431,abusive_share,True,False
80433,abusive_share,True,False
80753,abusive_share,True,False
80885,abusive_share,True,False
81086,abusive_share,True,False
81288,abusive_share,True,False
81406,abusive_share,True,False
81463,abusive_share,True,False
81466,abusive_share,True,False
81467,abusive_share,True,False
81515,abusive_share,True,False
81522,abusive_share,True,False
81555,abusive_share,True,False
81556,abusive_share,True,False
81558,abusive_share,True,False
81633,abusive_share,True,False
81725,abusive_share,True,False
81760,abusive_share,True,False
81977,abusive_share,True,False
82027,abusive_share,True,False
82078,abusive_share,True,False
82143,abusive_share,True,False
82150,abusive_share,True,False
82226,abusive_share,True,False
82354,abusive_share,True,False
82506,abusive_share,True,False
82670,abusive_share,True,False
82743,abusive_share,True,False
82748,abusive_share,True,False
82793,abusive_share,True,False
83029,abusive_share,True,False
83070,abusive_share,True,False
83177,abusive_share,True,False
83323,abusive_share,True,False
83419,abusive_share,True,False
83558,abusive_share,True,False
83651,abusive_share,True,False
83653,abusive_share,True,False
83654,abusive_share,True,False
83655,abusive_share,True,False
83666,abusive_share,True,False
83765,abusive_share,True,False
83769,abusive_share,True,False
83772,abusive_share,True,False
83775,abusive_share,True,False
83861,abusive_share,True,False
83864,abusive_share,True,False
83866,abusive_share,True,False
83875,abusive_share,True,False
83884,abusive_share,True,False
83905,abusive_share,True,False
83913,abusive_share,True,False
83915,abusive_share,True,False
83917,abusive_share,True,False
84030,abusive_share,True,False
84031,abusive_share,True,False
84120,abusive_share,True,False
84314,abusive_share,True,False
84385,abusive_share,True,False
84386,abusive_share,True,False
84471,abusive_share,True,False
84518,abusive_share,True,False
84519,abusive_share,True,False
84540,abusive_share,True,False
84551,abusive_share,True,False
84612,abusive_share,True,False
84620,abusive_share,True,False
84695,abusive_share,True,False
84701,abusive_share,True,False
84702,abusive_share,True,False
84778,abusive_share,True,False
84788,abusive_share,True,False
84789,abusive_share,True,False
84790,abusive_share,True,False
84814,abusive_share,True,False
84815,abusive_share,True,False
85004,abusive_share,True,False
85005,abusive_share,True,False
85007,abusive_share,True,False
85019,abusive_share,True,False
85020,abusive_share,True,False
85021,abusive_share,True,False
85023,abusive_share,True,False
85024,abusive_share,True,False
85025,abusive_share,True,False
85165,abusive_share,True,False
85166,abusive_share,True,False
85221,abusive_share,True,False
85262,abusive_share,True,False
85323,abusive_share,True,False
85356,abusive_share,True,False
85375,abusive_share,True,False
85376,abusive_share,True,False
85450,abusive_share,True,False
85486,abusive_share,True,False
85499,abusive_share,True,False
85501,abusive_share,True,False
85564,abusive_share,True,False
85587,abusive_share,True,False
85589,abusive_share,True,False
85854,abusive_share,True,False
86135,abusive_share,True,False
86200,abusive_share,True,False
86204,abusive_share,True,False
86205,abusive_share,True,False
86221,abusive_share,True,False
86223,abusive_share,True,False
86384,abusive_share,True,False
86414,abusive_share,True,False
86446,abusive_share,True,False
86447,abusive_share,True,False
86502,abusive_share,True,False
86503,abusive_share,True,False
86504,abusive_share,True,False
86506,abusive_share,True,False
86507,abusive_share,True,False
86508,abusive_share,True,False
86523,abusive_share,True,False
86524,abusive_share,True,False
86526,abusive_share,True,False
86582,abusive_share,True,False
86682,abusive_share,True,False
86683,abusive_share,True,False
86691,abusive_share,True,False
86693,abusive_share,True,False
86696,abusive_share,True,False
86697,abusive_share,True,False
86704,abusive_share,True,False
86706,abusive_share,True,False
86711,abusive_share,True,False
86714,abusive_share,True,False
86835,abusive_share,True,False
86858,abusive_share,True,False
86905,abusive_share,True,False
86936,abusive_share,True,False
86976,abusive_share,True,False
87017,abusive_share,True,False
87025,abusive_share,True,False
87026,abusive_share,True,False
87100,abusive_share,True,False
87101,abusive_share,True,False
87102,abusive_share,True,False
87103,abusive_share,True,False
87104,abusive_share,True,False
87107,abusive_share,True,False
87108,abusive_share,True,False
87128,abusive_share,True,False
87194,abusive_share,True,False
87204,abusive_share,True,False
87205,abusive_share,True,False
87206,abusive_share,True,False
87207,abusive_share,True,False
87208,abusive_share,True,False
87363,abusive_share,True,False
87377,abusive_share,True,False
87378,abusive_share,True,False
87380,abusive_share,True,False
87381,abusive_share,True,False
87382,abusive_share,True,False
87383,abusive_share,True,False
87385,abusive_share,True,False
87419,abusive_share,True,False
87452,abusive_share,True,False
87455,abusive_share,True,False
87456,abusive_share,True,False
87458,abusive_share,True,False
87471,abusive_share,True,False
87472,abusive_share,True,False
87541,abusive_share,True,False
87542,abusive_share,True,False
87543,abusive_share,True,False
87554,abusive_share,True,False
87555,abusive_share,True,False
87556,abusive_share,True,False
87558,abusive_share,True,False
87559,abusive_share,True,False
87560,abusive_share,True,False
87562,abusive_share,True,False
87563,abusive_share,True,False
87564,abusive_share,True,False
87582,abusive_share,True,False
87591,abusive_share,True,False
87594,abusive_share,True,False
87595,abusive_share,True,False
87707,abusive_share,True,False
87708,abusive_share,True,False
87709,abusive_share,True,False
87711,abusive_share,True,False
87717,abusive_share,True,False
87719,abusive_share,True,False
87721,abusive_share,True,False
87723,abusive_share,True,False
87724,abusive_share,True,False
87725,abusive_share,True,False
87735,abusive_share,True,False
87827,abusive_share,True,False
87909,abusive_share,True,False
87956,abusive_share,True,False
87957,abusive_share,True,False
87973,abusive_share,True,False
87979,abusive_share,True,False
87980,abusive_share,True,False
87998,abusive_share,True,False
88010,abusive_share,True,False
88014,abusive_share,True,False
88044,abusive_share,True,False
88047,abusive_share,True,False
88048,abusive_share,True,False
88091,abusive_share,True,False
88092,abusive_share,True,False
88093,abusive_share,True,False
88094,abusive_share,True,False
88098,abusive_share,True,False
88101,abusive_share,True,False
88138,abusive_share,True,False
88148,abusive_share,True,False
88149,abusive_share,True,False
88150,abusive_share,True,False
88360,abusive_share,True,False
88534,abusive_share,True,False
88624,abusive_share,True,False
88689,abusive_share,True,False
88690,abusive_share,True,False
88691,abusive_share,True,False
88699,abusive_share,True,False
88783,abusive_share,True,False
88789,abusive_share,True,False
89027,abusive_share,True,False
89028,abusive_share,True,False
89029,abusive_share,True,False
89030,abusive_share,True,False
89031,abusive_share,True,False
89032,abusive_share,True,False
89061,abusive_share,True,False
89190,abusive_share,True,False
89196,abusive_share,True,False
89249,abusive_share,True,False
89252,abusive_share,True,False
89253,abusive_share,True,False
89255,abusive_share,True,False
89256,abusive_share,True,False
89257,abusive_share,True,False
89266,abusive_share,True,False
89270,abusive_share,True,False
89292,abusive_share,True,False
89301,abusive_share,True,False
89399,abusive_share,True,False
89464,abusive_share,True,False
89625,abusive_share,True,False
89671,abusive_share,True,False
89672,abusive_share,True,False
89673,abusive_share,True,False
89674,abusive_share,True,False
89675,abusive_share,True,False
89731,abusive_share,True,False
89773,abusive_share,True,False
89774,abusive_share,True,False
89775,abusive_share,True,False
89798,abusive_share,True,False
89800,abusive_share,True,False
89860,abusive_share,True,False
89863,abusive_share,True,False
89886,abusive_share,True,False
89921,abusive_share,True,False
89932,abusive_share,True,False
89991,abusive_share,True,False
90002,abusive_share,True,False
90003,abusive_share,True,False
90004,abusive_share,True,False
90005,abusive_share,True,False
90009,abusive_share,True,False
90010,abusive_share,True,False
90019,abusive_share,True,False
90037,abusive_share,True,False
90039,abusive_share,True,False
90042,abusive_share,True,False
90130,abusive_share,True,False
90136,abusive_share,True,False
90137,abusive_share,True,False
90138,abusive_share,True,False
90147,abusive_share,True,False
90148,abusive_share,True,False
90149,abusive_share,True,False
90150,abusive_share,True,False
90151,abusive_share,True,False
90160,abusive_share,True,False
90180,abusive_share,True,False
90215,abusive_share,True,False
90291,abusive_share,True,False
90334,abusive_share,True,False
90376,abusive_share,True,False
90410,abusive_share,True,False
90448,abusive_share,True,False
90452,abusive_share,True,False
90454,abusive_share,True,False
90455,abusive_share,True,False
90456,abusive_share,True,False
90457,abusive_share,True,False
90458,abusive_share,True,False
90493,abusive_share,True,False
90509,abusive_share,True,False
90510,abusive_share,True,False
90599,abusive_share,True,False
90602,abusive_share,True,False
90705,abusive_share,True,False
90710,abusive_share,True,False
90790,abusive_share,True,False
90890,abusive_share,True,False
90920,abusive_share,True,False
90976,abusive_share,True,False
91008,abusive_share,True,False
91091,abusive_share,True,False
91103,abusive_share,True,False
91324,abusive_share,True,False
91392,abusive_share,True,False
91437,abusive_share,True,False
91439,abusive_share,True,False
91440,abusive_share,True,False
91476,abusive_share,True,False
91512,abusive_share,True,False
91518,abusive_share,True,False
91520,abusive_share,True,False
91561,abusive_share,True,False
91562,abusive_share,True,False
91563,abusive_share,True,False
91564,abusive_share,True,False
91566,abusive_share,True,False
91567,abusive_share,True,False
91785,abusive_share,True,False
91790,abusive_share,True,False
91793,abusive_share,True,False
91878,abusive_share,True,False
91983,abusive_share,True,False
92045,abusive_share,True,False
92144,abusive_share,True,False
92200,abusive_share,True,False
92209,abusive_share,True,False
92210,abusive_share,True,False
92215,abusive_share,True,False
92235,abusive_share,True,False
92243,abusive_share,True,False
92399,abusive_share,True,False
92525,abusive_share,True,False
92526,abusive_share,True,False
92657,abusive_share,True,False
92665,abusive_share,True,False
92700,abusive_share,True,False
92803,abusive_share,True,False
92806,abusive_share,True,False
92864,abusive_share,True,False
92877,abusive_share,True,False
92927,abusive_share,True,False
92992,abusive_share,True,False
93213,abusive_share,True,False
93279,abusive_share,True,False
93302,abusive_share,True,False
93343,abusive_share,True,False
93344,abusive_share,True,False
93389,abusive_share,True,False
93391,abusive_share,True,False
93486,abusive_share,True,False
93487,abusive_share,True,False
93489,abusive_share,True,False
93589,abusive_share,True,False
93651,abusive_share,True,False
93652,abusive_share,True,False
93653,abusive_share,True,False
93655,abusive_share,True,False
93748,abusive_share,True,False
93807,abusive_share,True,False
93810,abusive_share,True,False
93816,abusive_share,True,False
93817,abusive_share,True,False
93818,abusive_share,True,False
93822,abusive_share,True,False
93849,abusive_share,True,False
93894,abusive_share,True,False
93908,abusive_share,True,False
93910,abusive_share,True,False
93930,abusive_share,True,False
93975,abusive_share,True,False
93978,abusive_share,True,False
93979,abusive_share,True,False
94095,abusive_share,True,False
94096,abusive_share,True,False
94097,abusive_share,True,False
94098,abusive_share,True,False
94113,abusive_share,True,False
94115,abusive_share,True,False
94137,abusive_share,True,False
94182,abusive_share,True,False
94183,abusive_share,True,False
94184,abusive_share,True,False
94208,abusive_share,True,False
94275,abusive_share,True,False
94289,abusive_share,True,False
94291,abusive_share,True,False
94345,abusive_share,True,False
94353,abusive_share,True,False
94354,abusive_share,True,False
94369,abusive_share,True,False
94415,abusive_share,True,False
94417,abusive_share,True,False
94420,abusive_share,True,False
94447,abusive_share,True,False
94487,abusive_share,True,False
94488,abusive_share,True,False
94500,abusive_share,True,False
94501,abusive_share,True,False
94502,abusive_share,True,False
94504,abusive_share,True,False
94535,abusive_share,True,False
94536,abusive_share,True,False
94537,abusive_share,True,False
94538,abusive_share,True,False
94614,abusive_share,True,False
94634,abusive_share,True,False
94635,abusive_share,True,False
94650,abusive_share,True,False
94651,abusive_share,True,False
94653,abusive_share,True,False
94654,abusive_share,True,False
94655,abusive_share,True,False
94662,abusive_share,True,False
94875,abusive_share,True,False
94949,abusive_share,True,False
94958,abusive_share,True,False
94985,abusive_share,True,False
95034,abusive_share,True,False
95071,abusive_share,True,False
95106,abusive_share,True,False
95107,abusive_share,True,False
95128,abusive_share,True,False
95129,abusive_share,True,False
95141,abusive_share,True,False
95148,abusive_share,True,False
95175,abusive_share,True,False
95179,abusive_share,True,False
95180,abusive_share,True,False
95268,abusive_share,True,False
95269,abusive_share,True,False
95332,abusive_share,True,False
95379,abusive_share,True,False
95483,abusive_share,True,False
95537,abusive_share,True,False
95540,abusive_share,True,False
95554,abusive_share,True,False
95594,abusive_share,True,False
95595,abusive_share,True,False
95619,abusive_share,True,False
95620,abusive_share,True,False
95648,abusive_share,True,False
95694,abusive_share,True,False
95695,abusive_share,True,False
95825,abusive_share,True,False
95856,abusive_share,True,False
95857,abusive_share,True,False
95858,abusive_share,True,False
95973,abusive_share,True,False
95975,abusive_share,True,False
95976,abusive_share,True,False
95980,abusive_share,True,False
96047,abusive_share,True,False
96051,abusive_share,True,False
96054,abusive_share,True,False
96063,abusive_share,True,False
96077,abusive_share,True,False
96078,abusive_share,True,False
96079,abusive_share,True,False
96174,abusive_share,True,False
96218,abusive_share,True,False
96257,abusive_share,True,False
96325,abusive_share,True,False
96326,abusive_share,True,False
96339,abusive_share,True,False
96353,abusive_share,True,False
96378,abusive_share,True,False
96379,abusive_share,True,False
96418,abusive_share,True,False
96419,abusive_share,True,False
96428,abusive_share,True,False
96500,abusive_share,True,False
96501,abusive_share,True,False
96541,abusive_share,True,False
96543,abusive_share,True,False
96568,abusive_share,True,False
96655,abusive_share,True,False
96715,abusive_share,True,False
96742,abusive_share,True,False
96827,abusive_share,True,False
96828,abusive_share,True,False
96829,abusive_share,True,False
96861,abusive_share,True,False
96862,abusive_share,True,False
96863,abusive_share,True,False
96864,abusive_share,True,False
96865,abusive_share,True,False
96869,abusive_share,True,False
97027,abusive_share,True,False
97159,abusive_share,True,False
97178,abusive_share,True,False
97180,abusive_share,True,False
97239,abusive_share,True,False
97240,abusive_share,True,False
97268,abusive_share,True,False
97270,abusive_share,True,False
97272,abusive_share,True,False
97333,abusive_share,True,False
97339,abusive_share,True,False
97341,abusive_share,True,False
97348,abusive_share,True,False
97351,abusive_share,True,False
97754,abusive_share,True,False
97793,abusive_share,True,False
97937,abusive_share,True,False
97940,abusive_share,True,False
97999,abusive_share,True,False
98009,abusive_share,True,False
98520,abusive_share,True,False
98673,abusive_share,True,False
98905,abusive_share,True,False
98928,abusive_share,True,False
98955,abusive_share,True,False
98956,abusive_share,True,False
98957,abusive_share,True,False
98989,abusive_share,True,False
99033,abusive_share,True,False
99034,abusive_share,True,False
99047,abusive_share,True,False
99302,abusive_share,True,False
99308,abusive_share,True,False
99478,abusive_share,True,False
99479,abusive_share,True,False
99483,abusive_share,True,False
99507,abusive_share,True,False
99540,abusive_share,True,False
99594,abusive_share,True,False
99706,abusive_share,True,False
99900,abusive_share,True,False
100156,abusive_share,True,False
100572,abusive_share,True,False
100575,abusive_share,True,False
100576,abusive_share,True,False
100861,abusive_share,True,False
100977,abusive_share,True,False
101035,abusive_share,True,False
101078,abusive_share,True,False
101506,abusive_share,True,False
101998,abusive_share,True,False
102361,abusive_share,True,False
102384,abusive_share,True,False
102398,abusive_share,True,False
102438,abusive_share,True,False
102439,abusive_share,True,False
102440,abusive_share,True,False
102499,abusive_share,True,False
102752,abusive_share,True,False
102811,abusive_share,True,False
102968,abusive_share,True,False
102986,abusive_share,True,False
103184,abusive_share,True,False
103295,abusive_share,True,False
103331,abusive_share,True,False
103387,abusive_share,True,False
103399,abusive_share,True,False
103901,abusive_share,True,False
103907,abusive_share,True,False
104321,abusive_share,True,False
104526,abusive_share,True,False
104712,abusive_share,True,False
104922,abusive_share,True,False
105223,abusive_share,True,False
105239,abusive_share,True,False
105242,abusive_share,True,False
105701,abusive_share,True,False
105740,abusive_share,True,False
105842,abusive_share,True,False
105843,abusive_share,True,False
105883,abusive_share,True,False
105895,abusive_share,True,False
105964,abusive_share,True,False
106005,abusive_share,True,False
106069,abusive_share,True,False
106094,abusive_share,True,False
106095,abusive_share,True,False
106347,abusive_share,True,False
106502,abusive_share,True,False
106509,abusive_share,True,False
106553,abusive_share,True,False
106554,abusive_share,True,False
106612,abusive_share,True,False
106613,abusive_share,True,False
106861,abusive_share,True,False
107154,abusive_share,True,False
107472,abusive_share,True,False
107482,abusive_share,True,False
107651,abusive_share,True,False
107799,abusive_share,True,False
107800,abusive_share,True,False
107871,abusive_share,True,False
107941,abusive_share,True,False
108092,abusive_share,True,False
108162,abusive_share,True,False
108163,abusive_share,True,False
108164,abusive_share,True,False
108165,abusive_share,True,False
108175,abusive_share,True,False
108196,abusive_share,True,False
108201,abusive_share,True,False
108277,abusive_share,True,False
108278,abusive_share,True,False
108280,abusive_share,True,False
108281,abusive_share,True,False
108372,abusive_share,True,False
108373,abusive_share,True,False
108392,abusive_share,True,False
108404,abusive_share,True,False
108405,abusive_share,True,False
108437,abusive_share,True,False
108439,abusive_share,True,False
108440,abusive_share,True,False
108450,abusive_share,True,False
108478,abusive_share,True,False
108485,abusive_share,True,False
108486,abusive_share,True,False
108513,abusive_share,True,False
108516,abusive_share,True,False
108537,abusive_share,True,False
108539,abusive_share,True,False
108548,abusive_share,True,False
108590,abusive_share,True,False
108596,abusive_share,True,False
108645,abusive_share,True,False
108646,abusive_share,True,False
108662,abusive_share,True,False
108664,abusive_share,True,False
108665,abusive_share,True,False
108666,abusive_share,True,False
108667,abusive_share,True,False
108704,abusive_share,True,False
108705,abusive_share,True,False
108706,abusive_share,True,False
108707,abusive_share,True,False
108766,abusive_share,True,False
108785,abusive_share,True,False
108792,abusive_share,True,False
108825,abusive_share,True,False
108876,abusive_share,True,False
108877,abusive_share,True,False
108879,abusive_share,True,False
108880,abusive_share,True,False
108894,abusive_share,True,False
108919,abusive_share,True,False
108920,abusive_share,True,False
109351,abusive_share,True,False
109355,abusive_share,True,False
109360,abusive_share,True,False
109374,abusive_share,True,False
109406,abusive_share,True,False
109493,abusive_share,True,False
109662,abusive_share,True,False
110050,abusive_share,True,False
110225,abusive_share,True,False
110437,abusive_share,True,False
110438,abusive_share,True,False
110439,abusive_share,True,False
110524,abusive_share,True,False
110614,abusive_share,True,False
110615,abusive_share,True,False
111075,abusive_share,True,False
111085,abusive_share,True,False
111114,abusive_share,True,False
111131,abusive_share,True,False
111768,abusive_share,True,False
111835,abusive_share,True,False
111916,abusive_share,True,False
111923,abusive_share,True,False
111937,abusive_share,True,False
112468,abusive_share,True,False
112477,abusive_share,True,False
113205,abusive_share,True,False
113209,abusive_share,True,False
113273,abusive_share,True,False
113300,abusive_share,True,False
113303,abusive_share,True,False
113305,abusive_share,True,False
113347,abusive_share,True,False
113386,abusive_share,True,False
113888,abusive_share,True,False
114713,abusive_share,True,False
114929,abusive_share,True,False
116281,abusive_share,True,False
116354,abusive_share,True,False
116372,abusive_share,True,False
116373,abusive_share,True,False
116851,abusive_share,True,False
116852,abusive_share,True,False
116853,abusive_share,True,False
116854,abusive_share,True,False
116856,abusive_share,True,False
116857,abusive_share,True,False
116858,abusive_share,True,False
116859,abusive_share,True,False
117250,abusive_share,True,False
118461,abusive_share,True,False
118503,abusive_share,True,False
118569,abusive_share,True,False
119474,abusive_share,True,False
120980,abusive_share,True,False
121020,abusive_share,True,False
121099,abusive_share,True,False
121149,abusive_share,True,False
121759,abusive_share,True,False
123513,abusive_share,True,False
123515,abusive_share,True,False
123526,abusive_share,True,False
123693,abusive_share,True,False
123835,abusive_share,True,False
123836,abusive_share,True,False
123953,abusive_share,True,False
124106,abusive_share,True,False
124147,abusive_share,True,False
124176,abusive_share,True,False
124209,abusive_share,True,False
124213,abusive_share,True,False
124215,abusive_share,True,False
124224,abusive_share,True,False
124225,abusive_share,True,False
124314,abusive_share,True,False
124315,abusive_share,True,False
124317,abusive_share,True,False
124318,abusive_share,True,False
124339,abusive_share,True,False
124706,abusive_share,True,False
124720,abusive_share,True,False
124742,abusive_share,True,False
124743,abusive_share,True,False
124744,abusive_share,True,False
124800,abusive_share,True,False
124802,abusive_share,True,False
124934,abusive_share,True,False
124974,abusive_share,True,False
124975,abusive_share,True,False
124976,abusive_share,True,False
125159,abusive_share,True,False
125163,abusive_share,True,False
125190,abusive_share,True,False
125206,abusive_share,True,False
125215,abusive_share,True,False
125256,abusive_share,True,False
125257,abusive_share,True,False
125399,abusive_share,True,False
125405,abusive_share,True,False
125406,abusive_share,True,False
125408,abusive_share,True,False
125481,abusive_share,True,False
125680,abusive_share,True,False
125745,abusive_share,True,False
125809,abusive_share,True,False
125836,abusive_share,True,False
125852,abusive_share,True,False
125853,abusive_share,True,False
125854,abusive_share,True,False
125855,abusive_share,True,False
126531,abusive_share,True,False
126699,abusive_share,True,False
126884,abusive_share,True,False
126885,abusive_share,True,False
127058,abusive_share,True,False
127176,abusive_share,True,False
127177,abusive_share,True,False
127178,abusive_share,True,False
127201,abusive_share,True,False
127206,abusive_share,True,False
127265,abusive_share,True,False
127317,abusive_share,True,False
127352,abusive_share,True,False
127373,abusive_share,True,False
127376,abusive_share,True,False
127647,abusive_share,True,False
127693,abusive_share,True,False
127720,abusive_share,True,False
127735,abusive_share,True,False
127736,abusive_share,True,False
127737,abusive_share,True,False
127738,abusive_share,True,False
127739,abusive_share,True,False
127771,abusive_share,True,False
127939,abusive_share,True,False
127954,abusive_share,True,False
128042,abusive_share,True,False
128309,abusive_share,True,False
128352,abusive_share,True,False
128386,abusive_share,True,False
128591,abusive_share,True,False
128629,abusive_share,True,False
128634,abusive_share,True,False
128929,abusive_share,True,False
129172,abusive_share,True,False
129249,abusive_share,True,False
129251,abusive_share,True,False
129252,abusive_share,True,False
129253,abusive_share,True,False
129254,abusive_share,True,False
129255,abusive_share,True,False
129256,abusive_share,True,False
129257,abusive_share,True,False
129258,abusive_share,True,False
129374,abusive_share,True,False
129403,abusive_share,True,False
129407,abusive_share,True,False
129409,abusive_share,True,False
129545,abusive_share,True,False
129661,abusive_share,True,False
129669,abusive_share,True,False
129908,abusive_share,True,False
129916,abusive_share,True,False
129917,abusive_share,True,False
129918,abusive_share,True,False
129919,abusive_share,True,False
129920,abusive_share,True,False
129921,abusive_share,True,False
129950,abusive_share,True,False
130042,abusive_share,True,False
130045,abusive_share,True,False
130048,abusive_share,True,False
130112,abusive_share,True,False
130308,abusive_share,True,False
130336,abusive_share,True,False
130451,abusive_share,True,False
130586,abusive_share,True,False
130841,abusive_share,True,False
131057,abusive_share,True,False
131059,abusive_share,True,False
131100,abusive_share,True,False
131296,abusive_share,True,False
131370,abusive_share,True,False
131401,abusive_share,True,False
131402,abusive_share,True,False
131404,abusive_share,True,False
131405,abusive_share,True,False
131406,abusive_share,True,False
131550,abusive_share,True,False
131585,abusive_share,True,False
131615,abusive_share,True,False
131616,abusive_share,True,False
131839,abusive_share,True,False
131843,abusive_share,True,False
131936,abusive_share,True,False
132031,abusive_share,True,False
132032,abusive_share,True,False
132050,abusive_share,True,False
132051,abusive_share,True,False
132052,abusive_share,True,False
132055,abusive_share,True,False
132082,abusive_share,True,False
132110,abusive_share,True,False
132160,abusive_share,True,False
132226,abusive_share,True,False
132522,abusive_share,True,False
132523,abusive_share,True,False
132524,abusive_share,True,False
132568,abusive_share,True,False
132701,abusive_share,True,False
132768,abusive_share,True,False
132911,abusive_share,True,False
133074,abusive_share,True,False
133075,abusive_share,True,False
133076,abusive_share,True,False
133077,abusive_share,True,False
133080,abusive_share,True,False
133240,abusive_share,True,False
133248,abusive_share,True,False
133347,abusive_share,True,False
133348,abusive_share,True,False
133372,abusive_share,True,False
133378,abusive_share,True,False
133537,abusive_share,True,False
133573,abusive_share,True,False
133635,abusive_share,True,False
133890,abusive_share,True,False
133957,abusive_share,True,False
133959,abusive_share,True,False
134124,abusive_share,True,False
134251,abusive_share,True,False
134595,abusive_share,True,False
134606,abusive_share,True,False
134815,abusive_share,True,False
134878,abusive_share,True,False
134879,abusive_share,True,False
134881,abusive_share,True,False
135032,abusive_share,True,False
135033,abusive_share,True,False
135063,abusive_share,True,False
135065,abusive_share,True,False
135175,abusive_share,True,False
135218,abusive_share,True,False
135249,abusive_share,True,False
135258,abusive_share,True,False
135259,abusive_share,True,False
135373,abusive_share,True,False
135374,abusive_share,True,False
135375,abusive_share,True,False
135435,abusive_share,True,False
135573,abusive_share,True,False
135708,abusive_share,True,False
135833,abusive_share,True,False
135834,abusive_share,True,False
135879,abusive_share,True,False
135889,abusive_share,True,False
135899,abusive_share,True,False
136219,abusive_share,True,False
136263,abusive_share,True,False
136267,abusive_share,True,False
136270,abusive_share,True,False
136480,abusive_share,True,False
136492,abusive_share,True,False
136529,abusive_share,True,False
136594,abusive_share,True,False
136655,abusive_share,True,False
136656,abusive_share,True,False
136657,abusive_share,True,False
136756,abusive_share,True,False
136789,abusive_share,True,False
136791,abusive_share,True,False
136833,abusive_share,True,False
136835,abusive_share,True,False
136915,abusive_share,True,False
136944,abusive_share,True,False
136949,abusive_share,True,False
137210,abusive_share,True,False
137211,abusive_share,True,False
137212,abusive_share,True,False
137225,abusive_share,True,False
137242,abusive_share,True,False
137321,abusive_share,True,False
137359,abusive_share,True,False
137372,abusive_share,True,False
137384,abusive_share,True,False
137481,abusive_share,True,False
137487,abusive_share,True,False
137701,abusive_share,True,False
137705,abusive_share,True,False
137773,abusive_share,True,False
137774,abusive_share,True,False
137806,abusive_share,True,False
137810,abusive_share,True,False
138214,abusive_share,True,False
138298,abusive_share,True,False
138548,abusive_share,True,False
138549,abusive_share,True,False
138616,abusive_share,True,False
138617,abusive_share,True,False
138655,abusive_share,True,False
138752,abusive_share,True,False
138754,abusive_share,True,False
138757,abusive_share,True,False
138764,abusive_share,True,False
138770,abusive_share,True,False
138771,abusive_share,True,False
138982,abusive_share,True,False
138987,abusive_share,True,False
139035,abusive_share,True,False
139071,abusive_share,True,False
139216,abusive_share,True,False
139266,abusive_share,True,False
139267,abusive_share,True,False
139268,abusive_share,True,False
139269,abusive_share,True,False
139270,abusive_share,True,False
139810,abusive_share,True,False
139811,abusive_share,True,False
139828,abusive_share,True,False
140393,abusive_share,True,False
140430,abusive_share,True,False
140629,abusive_share,True,False
140630,abusive_share,True,False
140631,abusive_share,True,False
140632,abusive_share,True,False
140633,abusive_share,True,False
140658,abusive_share,True,False
140660,abusive_share,True,False
140756,abusive_share,True,False
140757,abusive_share,True,False
140758,abusive_share,True,False
140771,abusive_share,True,False
140903,abusive_share,True,False
140974,abusive_share,True,False
141007,abusive_share,True,False
141156,abusive_share,True,False
141157,abusive_share,True,False
141158,abusive_share,True,False
141159,abusive_share,True,False
141160,abusive_share,True,False
141177,abusive_share,True,False
141362,abusive_share,True,False
141541,abusive_share,True,False
141710,abusive_share,True,False
141711,abusive_share,True,False
142057,abusive_share,True,False
142374,abusive_share,True,False
142375,abusive_share,True,False
142440,abusive_share,True,False
142536,abusive_share,True,False
142540,abusive_share,True,False
142541,abusive_share,True,False
142543,abusive_share,True,False
142544,abusive_share,True,False
142724,abusive_share,True,False
142757,abusive_share,True,False
142758,abusive_share,True,False
143096,abusive_share,True,False
143134,abusive_share,True,False
143321,abusive_share,True,False
143587,abusive_share,True,False
143681,abusive_share,True,False
144028,abusive_share,True,False
144038,abusive_share,True,False
144446,abusive_share,True,False
144460,abusive_share,True,False
144913,abusive_share,True,False
145103,abusive_share,True,False
145414,abusive_share,True,False
145418,abusive_share,True,False
145469,abusive_share,True,False
145697,abusive_share,True,False
145704,abusive_share,True,False
145853,abusive_share,True,False
145864,abusive_share,True,False
145865,abusive_share,True,False
145866,abusive_share,True,False
146003,abusive_share,True,False
146036,abusive_share,True,False
146037,abusive_share,True,False
146066,abusive_share,True,False
146143,abusive_share,True,False
146172,abusive_share,True,False
146215,abusive_share,True,False
146457,abusive_share,True,False
146667,abusive_share,True,False
146680,abusive_share,True,False
146824,abusive_share,True,False
146825,abusive_share,True,False
146909,abusive_share,True,False
146959,abusive_share,True,False
147084,abusive_share,True,False
147151,abusive_share,True,False
147152,abusive_share,True,False
147573,abusive_share,True,False
147574,abusive_share,True,False
147651,abusive_share,True,False
147740,abusive_share,True,False
147830,abusive_share,True,False
147838,abusive_share,True,False
147998,abusive_share,True,False
148104,abusive_share,True,False
148181,abusive_share,True,False
148239,abusive_share,True,False
148259,abusive_share,True,False
148504,abusive_share,True,False
148505,abusive_share,True,False
148506,abusive_share,True,False
148642,abusive_share,True,False
148643,abusive_share,True,False
148651,abusive_share,True,False
148661,abusive_share,True,False
148680,abusive_share,True,False
148681,abusive_share,True,False
148682,abusive_share,True,False
148883,abusive_share,True,False
149226,abusive_share,True,False
149244,abusive_share,True,False
149728,abusive_share,True,False
149779,abusive_share,True,False
149868,abusive_share,True,False
149941,abusive_share,True,False
150125,abusive_share,True,False
150141,abusive_share,True,False
150378,abusive_share,True,False
150523,abusive_share,True,False
150643,abusive_share,True,False
150644,abusive_share,True,False
150645,abusive_share,True,False
150646,abusive_share,True,False
150647,abusive_share,True,False
150693,abusive_share,True,False
150702,abusive_share,True,False
150977,abusive_share,True,False
151158,abusive_share,True,False
151195,abusive_share,True,False
151243,abusive_share,True,False
151249,abusive_share,True,False
151333,abusive_share,True,False
151602,abusive_share,True,False
151708,abusive_share,True,False
151729,abusive_share,True,False
151747,abusive_share,True,False
151774,abusive_share,True,False
151829,abusive_share,True,False
151885,abusive_share,True,False
152014,abusive_share,True,False
152080,abusive_share,True,False
152137,abusive_share,True,False
152309,abusive_share,True,False
152418,abusive_share,True,False
152429,abusive_share,True,False
152430,abusive_share,True,False
152526,abusive_share,True,False
152543,abusive_share,True,False
152544,abusive_share,True,False
152576,abusive_share,True,False
152761,abusive_share,True,False
152764,abusive_share,True,False
152792,abusive_share,True,False
152799,abusive_share,True,False
152802,abusive_share,True,False
152805,abusive_share,True,False
152855,abusive_share,True,False
153070,abusive_share,True,False
153072,abusive_share,True,False
153433,abusive_share,True,False
153434,abusive_share,True,False
153456,abusive_share,True,False
153474,abusive_share,True,False
153492,abusive_share,True,False
153514,abusive_share,True,False
153640,abusive_share,True,False
154293,abusive_share,True,False
154328,abusive_share,True,False
154391,abusive_share,True,False
154567,abusive_share,True,False
155256,abusive_share,True,False
155257,abusive_share,True,False
155462,abusive_share,True,False
155505,abusive_share,True,False
155598,abusive_share,True,False
155783,abusive_share,True,False
156038,abusive_share,True,False
156253,abusive_share,True,False
156492,abusive_share,True,False
156656,abusive_share,True,False
156676,abusive_share,True,False
156873,abusive_share,True,False
156897,abusive_share,True,False
157115,abusive_share,True,False
157230,abusive_share,True,False
157364,abusive_share,True,False
157499,abusive_share,True,False
157625,abusive_share,True,False
157719,abusive_share,True,False
157723,abusive_share,True,False
157796,abusive_share,True,False
158011,abusive_share,True,False
158140,abusive_share,True,False
158264,abusive_share,True,False
158270,abusive_share,True,False
158311,abusive_share,True,False
158312,abusive_share,True,False
158313,abusive_share,True,False
158518,abusive_share,True,False
158554,abusive_share,True,False
158842,abusive_share,True,False
158955,abusive_share,True,False
159007,abusive_share,True,False
159141,abusive_share,True,False
159142,abusive_share,True,False
159158,abusive_share,True,False
159198,abusive_share,True,False
159619,abusive_share,True,False
159943,abusive_share,True,False
159946,abusive_share,True,False
159947,abusive_share,True,False
160018,abusive_share,True,False
160030,abusive_share,True,False
160126,abusive_share,True,False
160151,abusive_share,True,False
160179,abusive_share,True,False
160407,abusive_share,True,False
160410,abusive_share,True,False
160615,abusive_share,True,False
160652,abusive_share,True,False
160681,abusive_share,True,False
161042,abusive_share,True,False
161071,abusive_share,True,False
161349,abusive_share,True,False
161378,abusive_share,True,False
161418,abusive_share,True,False
161773,abusive_share,True,False
161909,abusive_share,True,False
161963,abusive_share,True,False
161964,abusive_share,True,False
161983,abusive_share,True,False
161984,abusive_share,True,False
161996,abusive_share,True,False
162027,abusive_share,True,False
162028,abusive_share,True,False
162037,abusive_share,True,False
162039,abusive_share,True,False
162042,abusive_share,True,False
162201,abusive_share,True,False
162410,abusive_share,True,False
162465,abusive_share,True,False
162544,abusive_share,True,False
162661,abusive_share,True,False
162888,abusive_share,True,False
163179,abusive_share,True,False
163238,abusive_share,True,False
163260,abusive_share,True,False
163261,abusive_share,True,False
163262,abusive_share,True,False
163442,abusive_share,True,False
163443,abusive_share,True,False
163444,abusive_share,True,False
163466,abusive_share,True,False
163497,abusive_share,True,False
163868,abusive_share,True,False
163890,abusive_share,True,False
164111,abusive_share,True,False
164208,abusive_share,True,False
164209,abusive_share,True,False
164210,abusive_share,True,False
164274,abusive_share,True,False
164649,abusive_share,True,False
164783,abusive_share,True,False
164859,abusive_share,True,False
164957,abusive_share,True,False
165009,abusive_share,True,False
165059,abusive_share,True,False
165069,abusive_share,True,False
165263,abusive_share,True,False
165271,abusive_share,True,False
165317,abusive_share,True,False
165379,abusive_share,True,False
165471,abusive_share,True,False
165733,abusive_share,True,False
166430,abusive_share,True,False
166446,abusive_share,True,False
166828,abusive_share,True,False
166829,abusive_share,True,False
166856,abusive_share,True,False
166861,abusive_share,True,False
167221,abusive_share,True,False
167341,abusive_share,True,False
167784,abusive_share,True,False
167927,abusive_share,True,False
167928,abusive_share,True,False
168201,abusive_share,True,False
168559,abusive_share,True,False
169022,abusive_share,True,False
169315,abusive_share,True,False
169658,abusive_share,True,False
169711,abusive_share,True,False
169823,abusive_share,True,False
169832,abusive_share,True,False
169907,abusive_share,True,False
169908,abusive_share,True,False
170057,abusive_share,True,False
170242,abusive_share,True,False
170304,abusive_share,True,False
171071,abusive_share,True,False
171082,abusive_share,True,False
171574,abusive_share,True,False
171742,abusive_share,True,False
171743,abusive_share,True,False
171902,abusive_share,True,False
172179,abusive_share,True,False
172236,abusive_share,True,False
172390,abusive_share,True,False
172554,abusive_share,True,False
172724,abusive_share,True,False
173087,abusive_share,True,False
173119,abusive_share,True,False
173170,abusive_share,True,False
173208,abusive_share,True,False
173289,abusive_share,True,False
174132,abusive_share,True,False
174164,abusive_share,True,False
174253,abusive_share,True,False
174255,abusive_share,True,False
174590,abusive_share,True,False
174733,abusive_share,True,False
174734,abusive_share,True,False
175112,abusive_share,True,False
175143,abusive_share,True,False
175259,abusive_share,True,False
175260,abusive_share,True,False
175905,abusive_share,True,False
175932,abusive_share,True,False
176133,abusive_share,True,False
176218,abusive_share,True,False
176239,abusive_share,True,False
176253,abusive_share,True,False
176727,abusive_share,True,False
176738,abusive_share,True,False
176758,abusive_share,True,False
176925,abusive_share,True,False
177300,abusive_share,True,False
178254,abusive_share,True,False
178578,abusive_share,True,False
178853,abusive_share,True,False
179056,abusive_share,True,False
179485,abusive_share,True,False
180478,abusive_share,True,False
181163,abusive_share,True,False
181190,abusive_share,True,False
182035,abusive_share,True,False
182037,abusive_share,True,False
182295,abusive_share,True,False
182338,abusive_share,True,False
182939,abusive_share,True,False
183308,abusive_share,True,False
183316,abusive_share,True,False
183575,abusive_share,True,False
183811,abusive_share,True,False
184057,abusive_share,True,False
184550,abusive_share,True,False
184551,abusive_share,True,False
184552,abusive_share,True,False
184573,abusive_share,True,False
184579,abusive_share,True,False
184672,abusive_share,True,False
184766,abusive_share,True,False
185244,abusive_share,True,False
185708,abusive_share,True,False
185968,abusive_share,True,False
186430,abusive_share,True,False
186431,abusive_share,True,False
186520,abusive_share,True,False
186612,abusive_share,True,False
186865,abusive_share,True,False
186934,abusive_share,True,False
186972,abusive_share,True,False
187326,abusive_share,True,False
187441,abusive_share,True,False
187555,abusive_share,True,False
187560,abusive_share,True,False
187593,abusive_share,True,False
187594,abusive_share,True,False
187597,abusive_share,True,False
187874,abusive_share,True,False
188433,abusive_share,True,False
188434,abusive_share,True,False
188587,abusive_share,True,False
188812,abusive_share,True,False
189309,abusive_share,True,False
189310,abusive_share,True,False
189317,abusive_share,True,False
189377,abusive_share,True,False
189845,abusive_share,True,False
190024,abusive_share,True,False
190692,abusive_share,True,False
190907,abusive_share,True,False
190945,abusive_share,True,False
190957,abusive_share,True,False
191071,abusive_share,True,False
191224,abusive_share,True,False
191249,abusive_share,True,False
191572,abusive_share,True,False
192234,abusive_share,True,False
192262,abusive_share,True,False
192527,abusive_share,True,False
192559,abusive_share,True,False
192662,abusive_share,True,False
192762,abusive_share,True,False
192773,abusive_share,True,False
192847,abusive_share,True,False
193117,abusive_share,True,False
193172,abusive_share,True,False
193181,abusive_share,True,False
193248,abusive_share,True,False
193445,abusive_share,True,False
193446,abusive_share,True,False
193633,abusive_share,True,False
193729,abusive_share,True,False
193795,abusive_share,True,False
194021,abusive_share,True,False
194379,abusive_share,True,False
194572,abusive_share,True,False
194608,abusive_share,True,False
195243,abusive_share,True,False
195264,abusive_share,True,False
195265,abusive_share,True,False
195390,abusive_share,True,False
195842,abusive_share,True,False
196002,abusive_share,True,False
196017,abusive_share,True,False
196038,abusive_share,True,False
196184,abusive_share,True,False
196248,abusive_share,True,False
196287,abusive_share,True,False
196604,abusive_share,True,False
196728,abusive_share,True,False
196735,abusive_share,True,False
196758,abusive_share,True,False
196820,abusive_share,True,False
196960,abusive_share,True,False
196961,abusive_share,True,False
196974,abusive_share,True,False
197113,abusive_share,True,False
197135,abusive_share,True,False
197137,abusive_share,True,False
197140,abusive_share,True,False
197141,abusive_share,True,False
197142,abusive_share,True,False
197307,abusive_share,True,False
197323,abusive_share,True,False
197509,abusive_share,True,False
197518,abusive_share,True,False
197652,abusive_share,True,False
197676,abusive_share,True,False
197770,abusive_share,True,False
197773,abusive_share,True,False
197836,abusive_share,True,False
197847,abusive_share,True,False
198385,abusive_share,True,False
198403,abusive_share,True,False
198570,abusive_share,True,False
198571,abusive_share,True,False
198572,abusive_share,True,False
198573,abusive_share,True,False
198583,abusive_share,True,False
198697,abusive_share,True,False
198715,abusive_share,True,False
198924,abusive_share,True,False
198946,abusive_share,True,False
198971,abusive_share,True,False
198978,abusive_share,True,False
198984,abusive_share,True,False
199012,abusive_share,True,False
199077,abusive_share,True,False
199079,abusive_share,True,False
199082,abusive_share,True,False
199083,abusive_share,True,False
199135,abusive_share,True,False
199137,abusive_share,True,False
199224,abusive_share,True,False
199333,abusive_share,True,False
199448,abusive_share,True,False
199469,abusive_share,True,False
199471,abusive_share,True,False
199528,abusive_share,True,False
199661,abusive_share,True,False
199847,abusive_share,True,False
200048,abusive_share,True,False
200054,abusive_share,True,False
200148,abusive_share,True,False
200173,abusive_share,True,False
200278,abusive_share,True,False
200358,abusive_share,True,False
200367,abusive_share,True,False
200513,abusive_share,True,False
200582,abusive_share,True,False
200715,abusive_share,True,False
201116,abusive_share,True,False
201120,abusive_share,True,False
201238,abusive_share,True,False
201245,abusive_share,True,False
201248,abusive_share,True,False
201249,abusive_share,True,False
201255,abusive_share,True,False
201482,abusive_share,True,False
201518,abusive_share,True,False
201566,abusive_share,True,False
201638,abusive_share,True,False
201642,abusive_share,True,False
201864,abusive_share,True,False
202056,abusive_share,True,False
202207,abusive_share,True,False
202272,abusive_share,True,False
202274,abusive_share,True,False
202393,abusive_share,True,False
202459,abusive_share,True,False
202645,abusive_share,True,False
202874,abusive_share,True,False
202932,abusive_share,True,False
202985,abusive_share,True,False
203002,abusive_share,True,False
203053,abusive_share,True,False
203079,abusive_share,True,False
203181,abusive_share,True,False
203182,abusive_share,True,False
203209,abusive_share,True,False
203266,abusive_share,True,False
203313,abusive_share,True,False
203334,abusive_share,True,False
203492,abusive_share,True,False
203493,abusive_share,True,False
203635,abusive_share,True,False
203639,abusive_share,True,False
203726,abusive_share,True,False
203739,abusive_share,True,False
203753,abusive_share,True,False
203767,abusive_share,True,False
203773,abusive_share,True,False
203852,abusive_share,True,False
203863,abusive_share,True,False
203914,abusive_share,True,False
204015,abusive_share,True,False
204150,abusive_share,True,False
204180,abusive_share,True,False
204250,abusive_share,True,False
204285,abusive_share,True,False
204330,abusive_share,True,False
204665,abusive_share,True,False
205003,abusive_share,True,False
205349,abusive_share,True,False
205397,abusive_share,True,False
205405,abusive_share,True,False
205423,abusive_share,True,False
206010,abusive_share,True,False
206011,abusive_share,True,False
206163,abusive_share,True,False
206215,abusive_share,True,False
206530,abusive_share,True,False
206565,abusive_share,True,False
206638,abusive_share,True,False
206732,abusive_share,True,False
206764,abusive_share,True,False
206768,abusive_share,True,False
207147,abusive_share,True,False
207310,abusive_share,True,False
207321,abusive_share,True,False
207539,abusive_share,True,False
207542,abusive_share,True,False
207543,abusive_share,True,False
207551,abusive_share,True,False
207685,abusive_share,True,False
207701,abusive_share,True,False
207876,abusive_share,True,False
207892,abusive_share,True,False
208016,abusive_share,True,False
208095,abusive_share,True,False
208151,abusive_share,True,False
208238,abusive_share,True,False
208315,abusive_share,True,False
208349,abusive_share,True,False
208418,abusive_share,True,False
208431,abusive_share,True,False
208671,abusive_share,True,False
208677,abusive_share,True,False
208751,abusive_share,True,False
208842,abusive_share,True,False
208844,abusive_share,True,False
208851,abusive_share,True,False
209038,abusive_share,True,False
209039,abusive_share,True,False
209087,abusive_share,True,False
209088,abusive_share,True,False
209089,abusive_share,True,False
209174,abusive_share,True,False
209192,abusive_share,True,False
209193,abusive_share,True,False
209194,abusive_share,True,False
209211,abusive_share,True,False
209242,abusive_share,True,False
209523,abusive_share,True,False
209662,abusive_share,True,False
209942,abusive_share,True,False
210360,abusive_share,True,False
210373,abusive_share,True,False
210656,abusive_share,True,False
210667,abusive_share,True,False
210672,abusive_share,True,False
210673,abusive_share,True,False
210723,abusive_share,True,False
210796,abusive_share,True,False
210803,abusive_share,True,False
210804,abusive_share,True,False
210839,abusive_share,True,False
211180,abusive_share,True,False
211246,abusive_share,True,False
211248,abusive_share,True,False
211267,abusive_share,True,False
211414,abusive_share,True,False
211428,abusive_share,True,False
211535,abusive_share,True,False
211686,abusive_share,True,False
211688,abusive_share,True,False
211789,abusive_share,True,False
211799,abusive_share,True,False
211869,abusive_share,True,False
212059,abusive_share,True,False
212087,abusive_share,True,False
212179,abusive_share,True,False
212195,abusive_share,True,False
212196,abusive_share,True,False
212366,abusive_share,True,False
212626,abusive_share,True,False
212727,abusive_share,True,False
212791,abusive_share,True,False
212821,abusive_share,True,False
213389,abusive_share,True,False
214058,abusive_share,True,False
214486,abusive_share,True,False
214487,abusive_share,True,False
214493,abusive_share,True,False
214647,abusive_share,True,False
214794,abusive_share,True,False
214817,abusive_share,True,False
215051,abusive_share,True,False
215072,abusive_share,True,False
215095,abusive_share,True,False
215161,abusive_share,True,False
215162,abusive_share,True,False
215246,abusive_share,True,False
215541,abusive_share,True,False
215676,abusive_share,True,False
215692,abusive_share,True,False
215732,abusive_share,True,False
215763,abusive_share,True,False
215769,abusive_share,True,False
215770,abusive_share,True,False
215777,abusive_share,True,False
215778,abusive_share,True,False
215909,abusive_share,True,False
215963,abusive_share,True,False
216060,abusive_share,True,False
216080,abusive_share,True,False
216111,abusive_share,True,False
216112,abusive_share,True,False
216251,abusive_share,True,False
216252,abusive_share,True,False
216253,abusive_share,True,False
216398,abusive_share,True,False
216405,abusive_share,True,False
216432,abusive_share,True,False
216437,abusive_share,True,False
216438,abusive_share,True,False
216439,abusive_share,True,False
216440,abusive_share,True,False
216466,abusive_share,True,False
216467,abusive_share,True,False
216468,abusive_share,True,False
216486,abusive_share,True,False
216488,abusive_share,True,False
216489,abusive_share,True,False
216522,abusive_share,True,False
216526,abusive_share,True,False
216532,abusive_share,True,False
216555,abusive_share,True,False
216565,abusive_share,True,False
216577,abusive_share,True,False
216578,abusive_share,True,False
216579,abusive_share,True,False
216581,abusive_share,True,False
216632,abusive_share,True,False
216634,abusive_share,True,False
216637,abusive_share,True,False
216663,abusive_share,True,False
216664,abusive_share,True,False
216670,abusive_share,True,False
216671,abusive_share,True,False
216672,abusive_share,True,False
216673,abusive_share,True,False
216745,abusive_share,True,False
216746,abusive_share,True,False
216747,abusive_share,True,False
216752,abusive_share,True,False
216753,abusive_share,True,False
216755,abusive_share,True,False
216756,abusive_share,True,False
216757,abusive_share,True,False
216758,abusive_share,True,False
216763,abusive_share,True,False
216764,abusive_share,True,False
216765,abusive_share,True,False
216775,abusive_share,True,False
216778,abusive_share,True,False
216783,abusive_share,True,False
216790,abusive_share,True,False
216791,abusive_share,True,False
216792,abusive_share,True,False
216813,abusive_share,True,False
216826,abusive_share,True,False
216827,abusive_share,True,False
216833,abusive_share,True,False
216834,abusive_share,True,False
216859,abusive_share,True,False
216988,abusive_share,True,False
217000,abusive_share,True,False
217087,abusive_share,True,False
217157,abusive_share,True,False
217202,abusive_share,True,False
217209,abusive_share,True,False
217217,abusive_share,True,False
217238,abusive_share,True,False
217239,abusive_share,True,False
217349,abusive_share,True,False
217350,abusive_share,True,False
217351,abusive_share,True,False
217352,abusive_share,True,False
217402,abusive_share,True,False
217484,abusive_share,True,False
217593,abusive_share,True,False
217711,abusive_share,True,False
217712,abusive_share,True,False
217713,abusive_share,True,False
217888,abusive_share,True,False
217929,abusive_share,True,False
217979,abusive_share,True,False
217980,abusive_share,True,False
217992,abusive_share,True,False
217993,abusive_share,True,False
217994,abusive_share,True,False
218110,abusive_share,True,False
218135,abusive_share,True,False
218136,abusive_share,True,False
218206,abusive_share,True,False
218234,abusive_share,True,False
218242,abusive_share,True,False
218243,abusive_share,True,False
218266,abusive_share,True,False
218310,abusive_share,True,False
218311,abusive_share,True,False
218419,abusive_share,True,False
218433,abusive_share,True,False
218434,abusive_share,True,False
218451,abusive_share,True,False
218460,abusive_share,True,False
218477,abusive_share,True,False
218664,abusive_share,True,False
218692,abusive_share,True,False
218719,abusive_share,True,False
218730,abusive_share,True,False
218733,abusive_share,True,False
218737,abusive_share,True,False
218738,abusive_share,True,False
218755,abusive_share,True,False
218833,abusive_share,True,False
218834,abusive_share,True,False
218936,abusive_share,True,False
218937,abusive_share,True,False
218962,abusive_share,True,False
218970,abusive_share,True,False
219014,abusive_share,True,False
219124,abusive_share,True,False
219125,abusive_share,True,False
219127,abusive_share,True,False
219128,abusive_share,True,False
219129,abusive_share,True,False
219219,abusive_share,True,False
219225,abusive_share,True,False
219226,abusive_share,True,False
219258,abusive_share,True,False
219266,abusive_share,True,False
219269,abusive_share,True,False
219270,abusive_share,True,False
219327,abusive_share,True,False
219331,abusive_share,True,False
219337,abusive_share,True,False
219419,abusive_share,True,False
219420,abusive_share,True,False
219421,abusive_share,True,False
219459,abusive_share,True,False
219460,abusive_share,True,False
219461,abusive_share,True,False
219481,abusive_share,True,False
219482,abusive_share,True,False
219508,abusive_share,True,False
219509,abusive_share,True,False
219545,abusive_share,True,False
219546,abusive_share,True,False
219549,abusive_share,True,False
219550,abusive_share,True,False
219551,abusive_share,True,False
219606,abusive_share,True,False
219656,abusive_share,True,False
219663,abusive_share,True,False
219664,abusive_share,True,False
219665,abusive_share,True,False
219666,abusive_share,True,False
219669,abusive_share,True,False
219687,abusive_share,True,False
219688,abusive_share,True,False
219710,abusive_share,True,False
219711,abusive_share,True,False
219731,abusive_share,True,False
219732,abusive_share,True,False
219742,abusive_share,True,False
219782,abusive_share,True,False
219877,abusive_share,True,False
219914,abusive_share,True,False
219936,abusive_share,True,False
219951,abusive_share,True,False
219984,abusive_share,True,False
219994,abusive_share,True,False
220011,abusive_share,True,False
220012,abusive_share,True,False
220036,abusive_share,True,False
220068,abusive_share,True,False
220095,abusive_share,True,False
220096,abusive_share,True,False
220100,abusive_share,True,False
220118,abusive_share,True,False
220168,abusive_share,True,False
220178,abusive_share,True,False
220189,abusive_share,True,False
220200,abusive_share,True,False
220201,abusive_share,True,False
220219,abusive_share,True,False
220220,abusive_share,True,False
220243,abusive_share,True,False
220297,abusive_share,True,False
220298,abusive_share,True,False
220299,abusive_share,True,False
220300,abusive_share,True,False
220301,abusive_share,True,False
220392,abusive_share,True,False
220582,abusive_share,True,False
220583,abusive_share,True,False
220584,abusive_share,True,False
220610,abusive_share,True,False
220617,abusive_share,True,False
220618,abusive_share,True,False
220624,abusive_share,True,False
220625,abusive_share,True,False
220627,abusive_share,True,False
220631,abusive_share,True,False
220692,abusive_share,True,False
220727,abusive_share,True,False
220744,abusive_share,True,False
220750,abusive_share,True,False
220751,abusive_share,True,False
220752,abusive_share,True,False
220846,abusive_share,True,False
220847,abusive_share,True,False
220848,abusive_share,True,False
220932,abusive_share,True,False
220933,abusive_share,True,False
220934,abusive_share,True,False
220937,abusive_share,True,False
220939,abusive_share,True,False
220952,abusive_share,True,False
220959,abusive_share,True,False
220960,abusive_share,True,False
220961,abusive_share,True,False
220990,abusive_share,True,False
220992,abusive_share,True,False
220996,abusive_share,True,False
221025,abusive_share,True,False
221132,abusive_share,True,False
221133,abusive_share,True,False
221137,abusive_share,True,False
221138,abusive_share,True,False
221158,abusive_share,True,False
221176,abusive_share,True,False
221261,abusive_share,True,False
221362,abusive_share,True,False
221363,abusive_share,True,False
221365,abusive_share,True,False
221366,abusive_share,True,False
221399,abusive_share,True,False
221414,abusive_share,True,False
221449,abusive_share,True,False
221522,abusive_share,True,False
221523,abusive_share,True,False
221605,abusive_share,True,False
221606,abusive_share,True,False
221630,abusive_share,True,False
221638,abusive_share,True,False
221639,abusive_share,True,False
221640,abusive_share,True,False
221641,abusive_share,True,False
221663,abusive_share,True,False
221665,abusive_share,True,False
221698,abusive_share,True,False
221822,abusive_share,True,False
221826,abusive_share,True,False
221949,abusive_share,True,False
221993,abusive_share,True,False
221998,abusive_share,True,False
221999,abusive_share,True,False
222030,abusive_share,True,False
222046,abusive_share,True,False
222066,abusive_share,True,False
222089,abusive_share,True,False
222135,abusive_share,True,False
222166,abusive_share,True,False
222189,abusive_share,True,False
222420,abusive_share,True,False
222443,abusive_share,True,False
222474,abusive_share,True,False
222485,abusive_share,True,False
222638,abusive_share,True,False
222639,abusive_share,True,False
222640,abusive_share,True,False
222643,abusive_share,True,False
222685,abusive_share,True,False
222689,abusive_share,True,False
222731,abusive_share,True,False
222733,abusive_share,True,False
222819,abusive_share,True,False
222835,abusive_share,True,False
222841,abusive_share,True,False
222842,abusive_share,True,False
222934,abusive_share,True,False
222945,abusive_share,True,False
222946,abusive_share,True,False
222947,abusive_share,True,False
222948,abusive_share,True,False
223030,abusive_share,True,False
223033,abusive_share,True,False
223034,abusive_share,True,False
223035,abusive_share,True,False
223057,abusive_share,True,False
223074,abusive_share,True,False
223075,abusive_share,True,False
223195,abusive_share,True,False
223243,abusive_share,True,False
223467,abusive_share,True,False
223476,abusive_share,True,False
223487,abusive_share,True,False
223521,abusive_share,True,False
223614,abusive_share,True,False
223615,abusive_share,True,False
223652,abusive_share,True,False
223662,abusive_share,True,False
223663,abusive_share,True,False
223767,abusive_share,True,False
223769,abusive_share,True,False
223806,abusive_share,True,False
223853,abusive_share,True,False
223956,abusive_share,True,False
223964,abusive_share,True,False
223965,abusive_share,True,False
223966,abusive_share,True,False
223971,abusive_share,True,False
223996,abusive_share,True,False
224006,abusive_share,True,False
224007,abusive_share,True,False
224021,abusive_share,True,False
224199,abusive_share,True,False
224205,abusive_share,True,False
224220,abusive_share,True,False
224231,abusive_share,True,False
224422,abusive_share,True,False
224532,abusive_share,True,False
224571,abusive_share,True,False
224681,abusive_share,True,False
224901,abusive_share,True,False
224906,abusive_share,True,False
225034,abusive_share,True,False
225200,abusive_share,True,False
225258,abusive_share,True,False
225260,abusive_share,True,False
225470,abusive_share,True,False
225534,abusive_share,True,False
225535,abusive_share,True,False
225581,abusive_share,True,False
225808,abusive_share,True,False
226125,abusive_share,True,False
226126,abusive_share,True,False
226133,abusive_share,True,False
226151,abusive_share,True,False
226244,abusive_share,True,False
226455,abusive_share,True,False
226673,abusive_share,True,False
226806,abusive_share,True,False
226951,abusive_share,True,False
227026,abusive_share,True,False
227039,abusive_share,True,False
227049,abusive_share,True,False
227060,abusive_share,True,False
227082,abusive_share,True,False
227084,abusive_share,True,False
227275,abusive_share,True,False
227476,abusive_share,True,False
227513,abusive_share,True,False
227652,abusive_share,True,False
227653,abusive_share,True,False
227669,abusive_share,True,False
227752,abusive_share,True,False
227906,abusive_share,True,False
227935,abusive_share,True,False
227996,abusive_share,True,False
227998,abusive_share,True,False
228020,abusive_share,True,False
228031,abusive_share,True,False
228173,abusive_share,True,False
228216,abusive_share,True,False
228273,abusive_share,True,False
228275,abusive_share,True,False
228367,abusive_share,True,False
228401,abusive_share,True,False
228404,abusive_share,True,False
228441,abusive_share,True,False
228470,abusive_share,True,False
228486,abusive_share,True,False
228563,abusive_share,True,False
228754,abusive_share,True,False
228998,abusive_share,True,False
229172,abusive_share,True,False
229197,abusive_share,True,False
229290,abusive_share,True,False
229291,abusive_share,True,False
229384,abusive_share,True,False
229385,abusive_share,True,False
229386,abusive_share,True,False
229426,abusive_share,True,False
229693,abusive_share,True,False
229778,abusive_share,True,False
229825,abusive_share,True,False
229910,abusive_share,True,False
229913,abusive_share,True,False
229942,abusive_share,True,False
229959,abusive_share,True,False
230005,abusive_share,True,False
230141,abusive_share,True,False
230150,abusive_share,True,False
230155,abusive_share,True,False
230158,abusive_share,True,False
230242,abusive_share,True,False
230289,abusive_share,True,False
230310,abusive_share,True,False
230354,abusive_share,True,False
230356,abusive_share,True,False
230640,abusive_share,True,False
230701,abusive_share,True,False
230764,abusive_share,True,False
230950,abusive_share,True,False
230995,abusive_share,True,False
231406,abusive_share,True,False
231509,abusive_share,True,False
231689,abusive_share,True,False
231717,abusive_share,True,False
231901,abusive_share,True,False
231973,abusive_share,True,False
231978,abusive_share,True,False
232142,abusive_share,True,False
232246,abusive_share,True,False
232421,abusive_share,True,False
232425,abusive_share,True,False
232465,abusive_share,True,False
232466,abusive_share,True,False
232467,abusive_share,True,False
232468,abusive_share,True,False
232469,abusive_share,True,False
232470,abusive_share,True,False
232471,abusive_share,True,False
232472,abusive_share,True,False
232548,abusive_share,True,False
232549,abusive_share,True,False
232592,abusive_share,True,False
232601,abusive_share,True,False
232614,abusive_share,True,False
232752,abusive_share,True,False
233180,abusive_share,True,False
233368,abusive_share,True,False
233370,abusive_share,True,False
233413,abusive_share,True,False
233459,abusive_share,True,False
233538,abusive_share,True,False
233626,abusive_share,True,False
233790,abusive_share,True,False
233939,abusive_share,True,False
234148,abusive_share,True,False
234266,abusive_share,True,False
235105,abusive_share,True,False
235388,abusive_share,True,False
235474,abusive_share,True,False
235745,abusive_share,True,False
235791,abusive_share,True,False
235911,abusive_share,True,False
236035,abusive_share,True,False
236079,abusive_share,True,False
236249,abusive_share,True,False
236250,abusive_share,True,False
236297,abusive_share,True,False
236683,abusive_share,True,False
236702,abusive_share,True,False
236709,abusive_share,True,False
236965,abusive_share,True,False
237582,abusive_share,True,False
238148,abusive_share,True,False
238150,abusive_share,True,False
238348,abusive_share,True,False
238349,abusive_share,True,False
238589,abusive_share,True,False
239461,abusive_share,True,False
240161,abusive_share,True,False
240557,abusive_share,True,False
240574,abusive_share,True,False
240580,abusive_share,True,False
240599,abusive_share,True,False
240777,abusive_share,True,False
240934,abusive_share,True,False
241042,abusive_share,True,False
241043,abusive_share,True,False
241058,abusive_share,True,False
241138,abusive_share,True,False
241325,abusive_share,True,False
241337,abusive_share,True,False
241397,abusive_share,True,False
241556,abusive_share,True,False
241808,abusive_share,True,False
241992,abusive_share,True,False
241993,abusive_share,True,False
242017,abusive_share,True,False
242330,abusive_share,True,False
242375,abusive_share,True,False
242440,abusive_share,True,False
242846,abusive_share,True,False
242899,abusive_share,True,False
242943,abusive_share,True,False
243221,abusive_share,True,False
243334,abusive_share,True,False
243597,abusive_share,True,False
243598,abusive_share,True,False
243807,abusive_share,True,False
243961,abusive_share,True,False
244658,abusive_share,True,False
244773,abusive_share,True,False
245125,abusive_share,True,False
245295,abusive_share,True,False
246138,abusive_share,True,False
246724,abusive_share,True,False
247128,abusive_share,True,False
247129,abusive_share,True,False
247157,abusive_share,True,False
247181,abusive_share,True,False
247186,abusive_share,True,False
247215,abusive_share,True,False
247711,abusive_share,True,False
248390,abusive_share,True,False
248548,abusive_share,True,False
248585,abusive_share,True,False
248678,abusive_share,True,False
249078,abusive_share,True,False
249181,abusive_share,True,False
249354,abusive_share,True,False
249662,abusive_share,True,False
249857,abusive_share,True,False
250080,abusive_share,True,False
250362,abusive_share,True,False
250766,abusive_share,True,False
251098,abusive_share,True,False
251252,abusive_share,True,False
251360,abusive_share,True,False
251873,abusive_share,True,False
251895,abusive_share,True,False
252313,abusive_share,True,False
252651,abusive_share,True,False
252773,abusive_share,True,False
252867,abusive_share,True,False
253107,abusive_share,True,False
253139,abusive_share,True,False
253186,abusive_share,True,False
253408,abusive_share,True,False
253729,abusive_share,True,False
253765,abusive_share,True,False
253863,abusive_share,True,False
254332,abusive_share,True,False
254333,abusive_share,True,False
254334,abusive_share,True,False
254335,abusive_share,True,False
254336,abusive_share,True,False
254424,abusive_share,True,False
255264,abusive_share,True,False
255265,abusive_share,True,False
255549,abusive_share,True,False
255550,abusive_share,True,False
255765,abusive_share,True,False
256661,abusive_share,True,False
257160,abusive_share,True,False
257205,abusive_share,True,False
257206,abusive_share,True,False
257207,abusive_share,True,False
257208,abusive_share,True,False
257209,abusive_share,True,False
258165,abusive_share,True,False
258632,abusive_share,True,False
258664,abusive_share,True,False
259106,abusive_share,True,False
259183,abusive_share,True,False
259423,abusive_share,True,False
260165,abusive_share,True,False
260253,abusive_share,True,False
260254,abusive_share,True,False
260255,abusive_share,True,False
260256,abusive_share,True,False
260287,abusive_share,True,False
260486,abusive_share,True,False
260718,abusive_share,True,False
260744,abusive_share,True,False
260852,abusive_share,True,False
261062,abusive_share,True,False
261063,abusive_share,True,False
261064,abusive_share,True,False
261065,abusive_share,True,False
261066,abusive_share,True,False
261067,abusive_share,True,False
261195,abusive_share,True,False
261230,abusive_share,True,False
261235,abusive_share,True,False
261384,abusive_share,True,False
261407,abusive_share,True,False
261410,abusive_share,True,False
261810,abusive_share,True,False
262433,abusive_share,True,False
262575,abusive_share,True,False
262665,abusive_share,True,False
262666,abusive_share,True,False
262667,abusive_share,True,False
262748,abusive_share,True,False
262754,abusive_share,True,False
263172,abusive_share,True,False
263456,abusive_share,True,False
263972,abusive_share,True,False
264564,abusive_share,True,False
264665,abusive_share,True,False
264859,abusive_share,True,False
264879,abusive_share,True,False
264954,abusive_share,True,False
264955,abusive_share,True,False
265075,abusive_share,True,False
265274,abusive_share,True,False
265620,abusive_share,True,False
265720,abusive_share,True,False
265799,abusive_share,True,False
265844,abusive_share,True,False
265845,abusive_share,True,False
265846,abusive_share,True,False
265847,abusive_share,True,False
265848,abusive_share,True,False
266343,abusive_share,True,False
266752,abusive_share,True,False
267216,abusive_share,True,False
267217,abusive_share,True,False
267297,abusive_share,True,False
267457,abusive_share,True,False
267703,abusive_share,True,False
267930,abusive_share,True,False
267967,abusive_share,True,False
268021,abusive_share,True,False
268022,abusive_share,True,False
268023,abusive_share,True,False
268218,abusive_share,True,False
268439,abusive_share,True,False
268623,abusive_share,True,False
268856,abusive_share,True,False
268857,abusive_share,True,False
268858,abusive_share,True,False
268927,abusive_share,True,False
269436,abusive_share,True,False
270215,abusive_share,True,False
270615,abusive_share,True,False
270923,abusive_share,True,False
270924,abusive_share,True,False
270980,abusive_share,True,False
271531,abusive_share,True,False
271589,abusive_share,True,False
271799,abusive_share,True,False
271800,abusive_share,True,False
271801,abusive_share,True,False
271802,abusive_share,True,False
271868,abusive_share,True,False
271869,abusive_share,True,False
272330,abusive_share,True,False
272479,abusive_share,True,False
272534,abusive_share,True,False
272535,abusive_share,True,False
272723,abusive_share,True,False
272880,abusive_share,True,False
274499,abusive_share,True,False
274500,abusive_share,True,False
274574,abusive_share,True,False
274595,abusive_share,True,False
275067,abusive_share,True,False
275093,abusive_share,True,False
275100,abusive_share,True,False
275241,abusive_share,True,False
275244,abusive_share,True,False
275445,abusive_share,True,False
275446,abusive_share,True,False
275447,abusive_share,True,False
275448,abusive_share,True,False
275449,abusive_share,True,False
275553,abusive_share,True,False
275887,abusive_share,True,False
276269,abusive_share,True,False
276281,abusive_share,True,False
276414,abusive_share,True,False
276518,abusive_share,True,False
276519,abusive_share,True,False
276520,abusive_share,True,False
276521,abusive_share,True,False
276522,abusive_share,True,False
276996,abusive_share,True,False
277448,abusive_share,True,False
277538,abusive_share,True,False
277804,abusive_share,True,False
277805,abusive_share,True,False
277806,abusive_share,True,False
277807,abusive_share,True,False
277808,abusive_share,True,False
277880,abusive_share,True,False
277930,abusive_share,True,False
278071,abusive_share,True,False
278083,abusive_share,True,False
278265,abusive_share,True,False
278423,abusive_share,True,False
278510,abusive_share,True,False
278820,abusive_share,True,False
279140,abusive_share,True,False
279204,abusive_share,True,False
279632,abusive_share,True,False
280151,abusive_share,True,False
280152,abusive_share,True,False
280153,abusive_share,True,False
280154,abusive_share,True,False
280155,abusive_share,True,False
280156,abusive_share,True,False
280157,abusive_share,True,False
280158,abusive_share,True,False
280159,abusive_share,True,False
280160,abusive_share,True,False
280161,abusive_share,True,False
280162,abusive_share,True,False
280163,abusive_share,True,False
280164,abusive_share,True,False
280165,abusive_share,True,False
280166,abusive_share,True,False
280167,abusive_share,True,False
280226,abusive_share,True,False
281173,abusive_share,True,False
281174,abusive_share,True,False
281175,abusive_share,True,False
281839,abusive_share,True,False
282415,abusive_share,True,False
282483,abusive_share,True,False
282889,abusive_share,True,False
282890,abusive_share,True,False
282891,abusive_share,True,False
282892,abusive_share,True,False
282895,abusive_share,True,False
282896,abusive_share,True,False
282897,abusive_share,True,False
282898,abusive_share,True,False
282899,abusive_share,True,False
282900,abusive_share,True,False
282901,abusive_share,True,False
282902,abusive_share,True,False
282903,abusive_share,True,False
283019,abusive_share,True,False
283751,abusive_share,True,False
283756,abusive_share,True,False
283886,abusive_share,True,False
284264,abusive_share,True,False
284286,abusive_share,True,False
284287,abusive_share,True,False
284439,abusive_share,True,False
284634,abusive_share,True,False
284657,abusive_share,True,False
284902,abusive_share,True,False
284960,abusive_share,True,False
285875,abusive_share,True,False
285876,abusive_share,True,False
285877,abusive_share,True,False
285878,abusive_share,True,False
285879,abusive_share,True,False
285880,abusive_share,True,False
285881,abusive_share,True,False
285882,abusive_share,True,False
285883,abusive_share,True,False
285884,abusive_share,True,False
285885,abusive_share,True,False
285886,abusive_share,True,False
285887,abusive_share,True,False
285888,abusive_share,True,False
285889,abusive_share,True,False
285983,abusive_share,True,False
285984,abusive_share,True,False
285985,abusive_share,True,False
286410,abusive_share,True,False
286829,abusive_share,True,False
287020,abusive_share,True,False
287021,abusive_share,True,False
287022,abusive_share,True,False
287555,abusive_share,True,False
287977,abusive_share,True,False
288320,abusive_share,True,False
288321,abusive_share,True,False
288322,abusive_share,True,False
288324,abusive_share,True,False
288325,abusive_share,True,False
288326,abusive_share,True,False
288327,abusive_share,True,False
288328,abusive_share,True,False
288329,abusive_share,True,False
288330,abusive_share,True,False
288331,abusive_share,True,False
288332,abusive_share,True,False
288333,abusive_share,True,False
288334,abusive_share,True,False
288335,abusive_share,True,False
288336,abusive_share,True,False
288337,abusive_share,True,False
288338,abusive_share,True,False
288339,abusive_share,True,False
288340,abusive_share,True,False
288341,abusive_share,True,False
288342,abusive_share,True,False
288343,abusive_share,True,False
288344,abusive_share,True,False
288345,abusive_share,True,False
288346,abusive_share,True,False
288347,abusive_share,True,False
288412,abusive_share,True,False
289339,abusive_share,True,False
289340,abusive_share,True,False
289341,abusive_share,True,False
289342,abusive_share,True,False
289343,abusive_share,True,False
289344,abusive_share,True,False
289345,abusive_share,True,False
289948,abusive_share,True,False
290378,abusive_share,True,False
290379,abusive_share,True,False
290381,abusive_share,True,False
290382,abusive_share,True,False
290383,abusive_share,True,False
290384,abusive_share,True,False
290385,abusive_share,True,False
290386,abusive_share,True,False
290387,abusive_share,True,False
290388,abusive_share,True,False
290389,abusive_share,True,False
290390,abusive_share,True,False
290391,abusive_share,True,False
290392,abusive_share,True,False
290393,abusive_share,True,False
290394,abusive_share,True,False
290395,abusive_share,True,False
290396,abusive_share,True,False
290397,abusive_share,True,False
290398,abusive_share,True,False
290399,abusive_share,True,False
290484,abusive_share,True,False
290802,abusive_share,True,False
291163,abusive_share,True,False
291164,abusive_share,True,False
291165,abusive_share,True,False
291342,abusive_share,True,False
291829,abusive_share,True,False
292166,abusive_share,True,False
292167,abusive_share,True,False
292168,abusive_share,True,False
292169,abusive_share,True,False
292170,abusive_share,True,False
292171,abusive_share,True,False
292172,abusive_share,True,False
292173,abusive_share,True,False
292174,abusive_share,True,False
292175,abusive_share,True,False
292176,abusive_share,True,False
292177,abusive_share,True,False
292287,abusive_share,True,False
292289,abusive_share,True,False
292444,abusive_share,True,False
292645,abusive_share,True,False
293064,abusive_share,True,False
293065,abusive_share,True,False
293066,abusive_share,True,False
293081,abusive_share,True,False
293745,abusive_share,True,False
294129,abusive_share,True,False
294130,abusive_share,True,False
294131,abusive_share,True,False
294132,abusive_share,True,False
294133,abusive_share,True,False
294134,abusive_share,True,False
294135,abusive_share,True,False
294136,abusive_share,True,False
294137,abusive_share,True,False
294138,abusive_share,True,False
294139,abusive_share,True,False
294140,abusive_share,True,False
294141,abusive_share,True,False
294142,abusive_share,True,False
294143,abusive_share,True,False
294144,abusive_share,True,False
294145,abusive_share,True,False
294146,abusive_share,True,False
294147,abusive_share,True,False
294148,abusive_share,True,False
294149,abusive_share,True,False
294150,abusive_share,True,False
294151,abusive_share,True,False
294152,abusive_share,True,False
294153,abusive_share,True,False
295044,abusive_share,True,False
295165,abusive_share,True,False
295332,abusive_share,True,False
295516,abusive_share,True,False
295520,abusive_share,True,False
295524,abusive_share,True,False
296253,abusive_share,True,False
296254,abusive_share,True,False
296255,abusive_share,True,False
296256,abusive_share,True,False
296257,abusive_share,True,False
296258,abusive_share,True,False
296259,abusive_share,True,False
296260,abusive_share,True,False
296261,abusive_share,True,False
296262,abusive_share,True,False
296263,abusive_share,True,False
296264,abusive_share,True,False
296265,abusive_share,True,False
296266,abusive_share,True,False
296267,abusive_share,True,False
296268,abusive_share,True,False
296269,abusive_share,True,False
296270,abusive_share,True,False
296271,abusive_share,True,False
296272,abusive_share,True,False
296273,abusive_share,True,False
296274,abusive_share,True,False
296275,abusive_share,True,False
296413,abusive_share,True,False
296414,abusive_share,True,False
296672,abusive_share,True,False
296681,abusive_share,True,False
297096,abusive_share,True,False
297097,abusive_share,True,False
297098,abusive_share,True,False
297139,abusive_share,True,False
298154,abusive_share,True,False
298155,abusive_share,True,False
298156,abusive_share,True,False
298157,abusive_share,True,False
298158,abusive_share,True,False
298159,abusive_share,True,False
298160,abusive_share,True,False
298161,abusive_share,True,False
298162,abusive_share,True,False
298163,abusive_share,True,False
298164,abusive_share,True,False
298165,abusive_share,True,False
298166,abusive_share,True,False
298167,abusive_share,True,False
298168,abusive_share,True,False
298169,abusive_share,True,False
298170,abusive_share,True,False
298171,abusive_share,True,False
298172,abusive_share,True,False
298173,abusive_share,True,False
298174,abusive_share,True,False
298175,abusive_share,True,False
298177,abusive_share,True,False
298178,abusive_share,True,False
298179,abusive_share,True,False
298180,abusive_share,True,False
298181,abusive_share,True,False
298182,abusive_share,True,False
298183,abusive_share,True,False
298184,abusive_share,True,False
298213,abusive_share,True,False
298249,abusive_share,True,False
298268,abusive_share,True,False
298694,abusive_share,True,False
298695,abusive_share,True,False
298696,abusive_share,True,False
298858,abusive_share,True,False
299000,abusive_share,True,False
299067,abusive_share,True,False
299862,abusive_share,True,False
299863,abusive_share,True,False
299864,abusive_share,True,False
299865,abusive_share,True,False
299866,abusive_share,True,False
299867,abusive_share,True,False
299868,abusive_share,True,False
299937,abusive_share,True,False
300429,abusive_share,True,False
300989,abusive_share,True,False
300994,abusive_share,True,False
302129,abusive_share,True,False
302239,abusive_share,True,False
302240,abusive_share,True,False
302241,abusive_share,True,False
302242,abusive_share,True,False
302243,abusive_share,True,False
302244,abusive_share,True,False
302245,abusive_share,True,False
302246,abusive_share,True,False
302247,abusive_share,True,False
302248,abusive_share,True,False
302249,abusive_share,True,False
302250,abusive_share,True,False
302252,abusive_share,True,False
302253,abusive_share,True,False
302254,abusive_share,True,False
302255,abusive_share,True,False
302675,abusive_share,True,False
302754,abusive_share,True,False
303755,abusive_share,True,False
303925,abusive_share,True,False
303926,abusive_share,True,False
303927,abusive_share,True,False
303928,abusive_share,True,False
303929,abusive_share,True,False
303930,abusive_share,True,False
303931,abusive_share,True,False
303932,abusive_share,True,False
303933,abusive_share,True,False
303934,abusive_share,True,False
303935,abusive_share,True,False
303936,abusive_share,True,False
303937,abusive_share,True,False
303938,abusive_share,True,False
303939,abusive_share,True,False
303940,abusive_share,True,False
303941,abusive_share,True,False
303942,abusive_share,True,False
303943,abusive_share,True,False
303944,abusive_share,True,False
303945,abusive_share,True,False
303946,abusive_share,True,False
303947,abusive_share,True,False
303948,abusive_share,True,False
303949,abusive_share,True,False
303950,abusive_share,True,False
304049,abusive_share,True,False
304050,abusive_share,True,False
304452,abusive_share,True,False
305230,abusive_share,True,False
305542,abusive_share,True,False
305854,abusive_share,True,False
305855,abusive_share,True,False
305856,abusive_share,True,False
305857,abusive_share,True,False
305859,abusive_share,True,False
305860,abusive_share,True,False
305862,abusive_share,True,False
305863,abusive_share,True,False
305864,abusive_share,True,False
305865,abusive_share,True,False
305866,abusive_share,True,False
305867,abusive_share,True,False
305868,abusive_share,True,False
305869,abusive_share,True,False
305870,abusive_share,True,False
305871,abusive_share,True,False
305872,abusive_share,True,False
305873,abusive_share,True,False
305874,abusive_share,True,False
305875,abusive_share,True,False
305876,abusive_share,True,False
305877,abusive_share,True,False
305878,abusive_share,True,False
306187,abusive_share,True,False
306310,abusive_share,True,False
306313,abusive_share,True,False
306329,abusive_share,True,False
306523,abusive_share,True,False
306697,abusive_share,True,False
306715,abusive_share,True,False
307033,abusive_share,True,False
307222,abusive_share,True,False
307223,abusive_share,True,False
307224,abusive_share,True,False
307225,abusive_share,True,False
307226,abusive_share,True,False
307227,abusive_share,True,False
307228,abusive_share,True,False
307229,abusive_share,True,False
307230,abusive_share,True,False
307231,abusive_share,True,False
307232,abusive_share,True,False
307233,abusive_share,True,False
307234,abusive_share,True,False
307235,abusive_share,True,False
307236,abusive_share,True,False
307237,abusive_share,True,False
307238,abusive_share,True,False
307239,abusive_share,True,False
307240,abusive_share,True,False
307241,abusive_share,True,False
307242,abusive_share,True,False
307243,abusive_share,True,False
307244,abusive_share,True,False
307245,abusive_share,True,False
307246,abusive_share,True,False
307247,abusive_share,True,False
307248,abusive_share,True,False
307301,abusive_share,True,False
307748,abusive_share,True,False
309174,abusive_share,True,False
309176,abusive_share,True,False
309183,abusive_share,True,False
309220,abusive_share,True,False
309578,abusive_share,True,False
309707,abusive_share,True,False
309708,abusive_share,True,False
309709,abusive_share,True,False
309710,abusive_share,True,False
309711,abusive_share,True,False
309712,abusive_share,True,False
309713,abusive_share,True,False
309715,abusive_share,True,False
309716,abusive_share,True,False
309717,abusive_share,True,False
309718,abusive_share,True,False
309719,abusive_share,True,False
309720,abusive_share,True,False
309721,abusive_share,True,False
309722,abusive_share,True,False
309723,abusive_share,True,False
309724,abusive_share,True,False
309725,abusive_share,True,False
309726,abusive_share,True,False
309727,abusive_share,True,False
309728,abusive_share,True,False
309729,abusive_share,True,False
309730,abusive_share,True,False
309732,abusive_share,True,False
309733,abusive_share,True,False
309734,abusive_share,True,False
309735,abusive_share,True,False
309736,abusive_share,True,False
309737,abusive_share,True,False
309738,abusive_share,True,False
309739,abusive_share,True,False
309741,abusive_share,True,False
309742,abusive_share,True,False
309743,abusive_share,True,False
309744,abusive_share,True,False
309830,abusive_share,True,False
310120,abusive_share,True,False
310392,abusive_share,True,False
310910,abusive_share,True,False
311442,abusive_share,True,False
311529,abusive_share,True,False
311610,abusive_share,True,False
311741,abusive_share,True,False
311756,abusive_share,True,False
311757,abusive_share,True,False
311758,abusive_share,True,False
311759,abusive_share,True,False
311760,abusive_share,True,False
311761,abusive_share,True,False
311762,abusive_share,True,False
311763,abusive_share,True,False
311764,abusive_share,True,False
311765,abusive_share,True,False
311766,abusive_share,True,False
311767,abusive_share,True,False
311768,abusive_share,True,False
311769,abusive_share,True,False
311770,abusive_share,True,False
311771,abusive_share,True,False
311772,abusive_share,True,False
311773,abusive_share,True,False
311774,abusive_share,True,False
311775,abusive_share,True,False
311776,abusive_share,True,False
311777,abusive_share,True,False
311778,abusive_share,True,False
311779,abusive_share,True,False
311780,abusive_share,True,False
311781,abusive_share,True,False
311782,abusive_share,True,False
311783,abusive_share,True,False
311784,abusive_share,True,False
311785,abusive_share,True,False
311786,abusive_share,True,False
312082,abusive_share,True,False
312474,abusive_share,True,False
313018,abusive_share,True,False
313661,abusive_share,True,False
313890,abusive_share,True,False
313891,abusive_share,True,False
313892,abusive_share,True,False
313893,abusive_share,True,False
313894,abusive_share,True,False
313895,abusive_share,True,False
313896,abusive_share,True,False
313897,abusive_share,True,False
313898,abusive_share,True,False
313899,abusive_share,True,False
313900,abusive_share,True,False
313901,abusive_share,True,False
313902,abusive_share,True,False
313903,abusive_share,True,False
313904,abusive_share,True,False
313905,abusive_share,True,False
313907,abusive_share,True,False
313908,abusive_share,True,False
313909,abusive_share,True,False
313910,abusive_share,True,False
313912,abusive_share,True,False
313913,abusive_share,True,False
313914,abusive_share,True,False
313915,abusive_share,True,False
313916,abusive_share,True,False
313917,abusive_share,True,False
314082,abusive_share,True,False
314591,abusive_share,True,False
315039,abusive_share,True,False
315040,abusive_share,True,False
315883,abusive_share,True,False
316651,abusive_share,True,False
316678,abusive_share,True,False
316679,abusive_share,True,False
316681,abusive_share,True,False
316683,abusive_share,True,False
316684,abusive_share,True,False
316685,abusive_share,True,False
316686,abusive_share,True,False
316687,abusive_share,True,False
316688,abusive_share,True,False
316689,abusive_share,True,False
316690,abusive_share,True,False
316692,abusive_share,True,False
316695,abusive_share,True,False
316696,abusive_share,True,False
316697,abusive_share,True,False
316698,abusive_share,True,False
316699,abusive_share,True,False
316702,abusive_share,True,False
316707,abusive_share,True,False
316739,abusive_share,True,False
316740,abusive_share,True,False
316742,abusive_share,True,False
316743,abusive_share,True,False
316744,abusive_share,True,False
316745,abusive_share,True,False
316746,abusive_share,True,False
316782,abusive_share,True,False
317098,abusive_share,True,False
317099,abusive_share,True,False
317100,abusive_share,True,False
318366,abusive_share,True,False
318701,abusive_share,True,False
319262,abusive_share,True,False
319776,abusive_share,True,False
319777,abusive_share,True,False
319778,abusive_share,True,False
319779,abusive_share,True,False
319780,abusive_share,True,False
319781,abusive_share,True,False
319782,abusive_share,True,False
319783,abusive_share,True,False
319784,abusive_share,True,False
319785,abusive_share,True,False
319786,abusive_share,True,False
319787,abusive_share,True,False
319788,abusive_share,True,False
319789,abusive_share,True,False
319790,abusive_share,True,False
319791,abusive_share,True,False
319792,abusive_share,True,False
319793,abusive_share,True,False
319794,abusive_share,True,False
319795,abusive_share,True,False
319796,abusive_share,True,False
319797,abusive_share,True,False
319798,abusive_share,True,False
319799,abusive_share,True,False
319800,abusive_share,True,False
319801,abusive_share,True,False
319802,abusive_share,True,False
319803,abusive_share,True,False
319804,abusive_share,True,False
319805,abusive_share,True,False
319806,abusive_share,True,False
319807,abusive_share,True,False
320778,abusive_share,True,False
320902,abusive_share,True,False
321902,abusive_share,True,False
321903,abusive_share,True,False
321904,abusive_share,True,False
321905,abusive_share,True,False
321906,abusive_share,True,False
321907,abusive_share,True,False
321908,abusive_share,True,False
321909,abusive_share,True,False
321910,abusive_share,True,False
321911,abusive_share,True,False
321912,abusive_share,True,False
321913,abusive_share,True,False
321914,abusive_share,True,False
321915,abusive_share,True,False
321916,abusive_share,True,False
321917,abusive_share,True,False
321918,abusive_share,True,False
321919,abusive_share,True,False
321920,abusive_share,True,False
321921,abusive_share,True,False
321922,abusive_share,True,False
321923,abusive_share,True,False
321924,abusive_share,True,False
321925,abusive_share,True,False
321926,abusive_share,True,False
321927,abusive_share,True,False
321928,abusive_share,True,False
321930,abusive_share,True,False
321931,abusive_share,True,False
321957,abusive_share,True,False
321981,abusive_share,True,False
322192,abusive_share,True,False
322434,abusive_share,True,False
322702,abusive_share,True,False
322706,abusive_share,True,False
322725,abusive_share,True,False
323664,abusive_share,True,False
324188,abusive_share,True,False
324189,abusive_share,True,False
324190,abusive_share,True,False
324191,abusive_share,True,False
324192,abusive_share,True,False
324193,abusive_share,True,False
324194,abusive_share,True,False
324195,abusive_share,True,False
324196,abusive_share,True,False
324197,abusive_share,True,False
324198,abusive_share,True,False
324199,abusive_share,True,False
324201,abusive_share,True,False
324202,abusive_share,True,False
324203,abusive_share,True,False
324204,abusive_share,True,False
324205,abusive_share,True,False
324206,abusive_share,True,False
324207,abusive_share,True,False
324208,abusive_share,True,False
324209,abusive_share,True,False
324210,abusive_share,True,False
324211,abusive_share,True,False
324212,abusive_share,True,False
324213,abusive_share,True,False
324214,abusive_share,True,False
324215,abusive_share,True,False
324216,abusive_share,True,False
324217,abusive_share,True,False
324218,abusive_share,True,False
324219,abusive_share,True,False
324220,abusive_share,True,False
324221,abusive_share,True,False
324222,abusive_share,True,False
324223,abusive_share,True,False
324224,abusive_share,True,False
324225,abusive_share,True,False
324226,abusive_share,True,False
324500,abusive_share,True,False
324939,abusive_share,True,False
324980,abusive_share,True,False
325136,abusive_share,True,False
325302,abusive_share,True,False
325303,abusive_share,True,False
326315,abusive_share,True,False
326831,abusive_share,True,False
326833,abusive_share,True,False
326834,abusive_share,True,False
326835,abusive_share,True,False
326836,abusive_share,True,False
326837,abusive_share,True,False
326838,abusive_share,True,False
326839,abusive_share,True,False
326840,abusive_share,True,False
326841,abusive_share,True,False
326842,abusive_share,True,False
326843,abusive_share,True,False
326844,abusive_share,True,False
326845,abusive_share,True,False
326846,abusive_share,True,False
326847,abusive_share,True,False
326848,abusive_share,True,False
326849,abusive_share,True,False
326850,abusive_share,True,False
326851,abusive_share,True,False
326852,abusive_share,True,False
327576,abusive_share,True,False
328196,abusive_share,True,False
328464,abusive_share,True,False
329181,abusive_share,True,False
329202,abusive_share,True,False
329203,abusive_share,True,False
329204,abusive_share,True,False
329205,abusive_share,True,False
329206,abusive_share,True,False
329207,abusive_share,True,False
329208,abusive_share,True,False
329209,abusive_share,True,False
329210,abusive_share,True,False
329211,abusive_share,True,False
329212,abusive_share,True,False
329213,abusive_share,True,False
329214,abusive_share,True,False
329215,abusive_share,True,False
329216,abusive_share,True,False
329217,abusive_share,True,False
329218,abusive_share,True,False
329219,abusive_share,True,False
329220,abusive_share,True,False
329221,abusive_share,True,False
329222,abusive_share,True,False
329223,abusive_share,True,False
329224,abusive_share,True,False
329225,abusive_share,True,False
329226,abusive_share,True,False
329227,abusive_share,True,False
329228,abusive_share,True,False
329229,abusive_share,True,False
329230,abusive_share,True,False
329231,abusive_share,True,False
329232,abusive_share,True,False
329233,abusive_share,True,False
329234,abusive_share,True,False
329235,abusive_share,True,False
329236,abusive_share,True,False
329304,abusive_share,True,False
329820,abusive_share,True,False
330580,abusive_share,True,False
330790,abusive_share,True,False
330846,abusive_share,True,False
330904,abusive_share,True,False
330938,abusive_share,True,False
331043,abusive_share,True,False
331369,abusive_share,True,False
331370,abusive_share,True,False
331371,abusive_share,True,False
331372,abusive_share,True,False
331373,abusive_share,True,False
331374,abusive_share,True,False
331375,abusive_share,True,False
331376,abusive_share,True,False
331377,abusive_share,True,False
331378,abusive_share,True,False
331379,abusive_share,True,False
331380,abusive_share,True,False
331381,abusive_share,True,False
331382,abusive_share,True,False
331383,abusive_share,True,False
331384,abusive_share,True,False
331385,abusive_share,True,False
331386,abusive_share,True,False
331387,abusive_share,True,False
331388,abusive_share,True,False
331389,abusive_share,True,False
331390,abusive_share,True,False
331391,abusive_share,True,False
331392,abusive_share,True,False
331393,abusive_share,True,False
331394,abusive_share,True,False
331395,abusive_share,True,False
331396,abusive_share,True,False
331397,abusive_share,True,False
331398,abusive_share,True,False
331399,abusive_share,True,False
331400,abusive_share,True,False
331547,abusive_share,True,False
331575,abusive_share,True,False
333582,abusive_share,True,False
333737,abusive_share,True,False
333920,abusive_share,True,False
334195,abusive_share,True,False
334247,abusive_share,True,False
334284,abusive_share,True,False
334312,abusive_share,True,False
334313,abusive_share,True,False
334314,abusive_share,True,False
334315,abusive_share,True,False
334316,abusive_share,True,False
334317,abusive_share,True,False
334318,abusive_share,True,False
334319,abusive_share,True,False
334320,abusive_share,True,False
334321,abusive_share,True,False
334322,abusive_share,True,False
334323,abusive_share,True,False
334590,abusive_share,True,False
334901,abusive_share,True,False
335232,abusive_share,True,False
335233,abusive_share,True,False
336040,abusive_share,True,False
336180,abusive_share,True,False
336274,abusive_share,True,False
336387,abusive_share,True,False
336388,abusive_share,True,False
336389,abusive_share,True,False
336390,abusive_share,True,False
336391,abusive_share,True,False
336392,abusive_share,True,False
336393,abusive_share,True,False
336394,abusive_share,True,False
338741,abusive_share,True,False
338742,abusive_share,True,False
338743,abusive_share,True,False
338744,abusive_share,True,False
338745,abusive_share,True,False
338746,abusive_share,True,False
338747,abusive_share,True,False
338748,abusive_share,True,False
338749,abusive_share,True,False
338750,abusive_share,True,False
338751,abusive_share,True,False
338752,abusive_share,True,False
338753,abusive_share,True,False
339107,abusive_share,True,False
339381,abusive_share,True,False
339388,abusive_share,True,False
339724,abusive_share,True,False
339726,abusive_share,True,False
340528,abusive_share,True,False
340824,abusive_share,True,False
340846,abusive_share,True,False
340847,abusive_share,True,False
340848,abusive_share,True,False
340850,abusive_share,True,False
340851,abusive_share,True,False
340852,abusive_share,True,False
340853,abusive_share,True,False
341058,abusive_share,True,False
342244,abusive_share,True,False
342531,abusive_share,True,False
342532,abusive_share,True,False
342533,abusive_share,True,False
342534,abusive_share,True,False
342535,abusive_share,True,False
342537,abusive_share,True,False
342538,abusive_share,True,False
342539,abusive_share,True,False
342540,abusive_share,True,False
342541,abusive_share,True,False
342542,abusive_share,True,False
342543,abusive_share,True,False
342544,abusive_share,True,False
342545,abusive_share,True,False
342546,abusive_share,True,False
342548,abusive_share,True,False
342549,abusive_share,True,False
342551,abusive_share,True,False
343331,abusive_share,True,False
343697,abusive_share,True,False
344449,abusive_share,True,False
344471,abusive_share,True,False
344472,abusive_share,True,False
344473,abusive_share,True,False
344474,abusive_share,True,False
344475,abusive_share,True,False
344476,abusive_share,True,False
344477,abusive_share,True,False
344478,abusive_share,True,False
344479,abusive_share,True,False
344480,abusive_share,True,False
344481,abusive_share,True,False
344482,abusive_share,True,False
344483,abusive_share,True,False
344484,abusive_share,True,False
344485,abusive_share,True,False
344489,abusive_share,True,False
344495,abusive_share,True,False
344566,abusive_share,True,False
344613,abusive_share,True,False
344614,abusive_share,True,False
344964,abusive_share,True,False
344965,abusive_share,True,False
345457,abusive_share,True,False
346175,abusive_share,True,False
346216,abusive_share,True,False
346217,abusive_share,True,False
346245,abusive_share,True,False
346307,abusive_share,True,False
346748,abusive_share,True,False
347442,abusive_share,True,False
347546,abusive_share,True,False
347909,abusive_share,True,False
347950,abusive_share,True,False
348574,abusive_share,True,False
348575,abusive_share,True,False
349360,abusive_share,True,False
349361,abusive_share,True,False
349362,abusive_share,True,False
349536,abusive_share,True,False
349674,abusive_share,True,False
349692,abusive_share,True,False
349759,abusive_share,True,False
349799,abusive_share,True,False
351212,abusive_share,True,False
351213,abusive_share,True,False
351667,abusive_share,True,False
351668,abusive_share,True,False
352556,abusive_share,True,False
352742,abusive_share,True,False
352746,abusive_share,True,False
352766,abusive_share,True,False
352798,abusive_share,True,False
352867,abusive_share,True,False
352910,abusive_share,True,False
353120,abusive_share,True,False
353904,abusive_share,True,False
354038,abusive_share,True,False
354039,abusive_share,True,False
354040,abusive_share,True,False
354041,abusive_share,True,False
354388,abusive_share,True,False
355251,abusive_share,True,False
356364,abusive_share,True,False
356397,abusive_share,True,False
356398,abusive_share,True,False
356399,abusive_share,True,False
356400,abusive_share,True,False
356401,abusive_share,True,False
356478,abusive_share,True,False
358019,abusive_share,True,False
358020,abusive_share,True,False
358021,abusive_share,True,False
358022,abusive_share,True,False
358072,abusive_share,True,False
358110,abusive_share,True,False
358111,abusive_share,True,False
358112,abusive_share,True,False
358113,abusive_share,True,False
358114,abusive_share,True,False
358214,abusive_share,True,False
358487,abusive_share,True,False
358523,abusive_share,True,False
360316,abusive_share,True,False
360587,abusive_share,True,False
361145,abusive_share,True,False
361146,abusive_share,True,False
361147,abusive_share,True,False
361148,abusive_share,True,False
361149,abusive_share,True,False
361150,abusive_share,True,False
361151,abusive_share,True,False
361264,abusive_share,True,False
361265,abusive_share,True,False
361266,abusive_share,True,False
361267,abusive_share,True,False
361776,abusive_share,True,False
372562,abusive_share,True,False
373191,abusive_share,True,False
373192,abusive_share,True,False
373193,abusive_share,True,False
373253,abusive_share,True,False
373254,abusive_share,True,False
373321,abusive_share,True,False
374519,abusive_share,True,False
374685,abusive_share,True,False
375631,abusive_share,True,False
375774,abusive_share,True,False
375776,abusive_share,True,False
375805,abusive_share,True,False
375806,abusive_share,True,False
375807,abusive_share,True,False
375808,abusive_share,True,False
375809,abusive_share,True,False
375810,abusive_share,True,False
375898,abusive_share,True,False
375899,abusive_share,True,False
375900,abusive_share,True,False
375901,abusive_share,True,False
375902,abusive_share,True,False
375903,abusive_share,True,False
376160,abusive_share,True,False
377877,abusive_share,True,False
379126,abusive_share,True,False
379249,abusive_share,True,False
379250,abusive_share,True,False
379251,abusive_share,True,False
379252,abusive_share,True,False
379253,abusive_share,True,False
379254,abusive_share,True,False
379256,abusive_share,True,False
379362,abusive_share,True,False
379363,abusive_share,True,False
379364,abusive_share,True,False
379366,abusive_share,True,False
379367,abusive_share,True,False
379368,abusive_share,True,False
379369,abusive_share,True,False
380529,abusive_share,True,False
380686,abusive_share,True,False
380689,abusive_share,True,False
381482,abusive_share,True,False
382041,abusive_share,True,False
382042,abusive_share,True,False
382043,abusive_share,True,False
382044,abusive_share,True,False
382045,abusive_share,True,False
382127,abusive_share,True,False
382128,abusive_share,True,False
382249,abusive_share,True,False
382565,abusive_share,True,False
382566,abusive_share,True,False
383788,abusive_share,True,False
384114,abusive_share,True,False
384115,abusive_share,True,False
384116,abusive_share,True,False
384117,abusive_share,True,False
384118,abusive_share,True,False
384119,abusive_share,True,False
384120,abusive_share,True,False
384199,abusive_share,True,False
384200,abusive_share,True,False
384202,abusive_share,True,False
384203,abusive_share,True,False
384204,abusive_share,True,False
384533,abusive_share,True,False
384943,abusive_share,True,False
385000,abusive_share,True,False
385288,abusive_share,True,False
385484,abusive_share,True,False
385485,abusive_share,True,False
385486,abusive_share,True,False
385487,abusive_share,True,False
385488,abusive_share,True,False
385489,abusive_share,True,False
385490,abusive_share,True,False
385491,abusive_share,True,False
385492,abusive_share,True,False
385493,abusive_share,True,False
385494,abusive_share,True,False
385613,abusive_share,True,False
385615,abusive_share,True,False
385617,abusive_share,True,False
385618,abusive_share,True,False
385619,abusive_share,True,False
386947,abusive_share,True,False
387285,abusive_share,True,False
387292,abusive_share,True,False
387293,abusive_share,True,False
387295,abusive_share,True,False
387296,abusive_share,True,False
387400,abusive_share,True,False
387402,abusive_share,True,False
387403,abusive_share,True,False
387404,abusive_share,True,False
387405,abusive_share,True,False
387406,abusive_share,True,False
387407,abusive_share,True,False
387409,abusive_share,True,False
387508,abusive_share,True,False
387599,abusive_share,True,False
387710,abusive_share,True,False
388875,abusive_share,True,False
388876,abusive_share,True,False
388877,abusive_share,True,False
388878,abusive_share,True,False
388949,abusive_share,True,False
388950,abusive_share,True,False
388951,abusive_share,True,False
388952,abusive_share,True,False
388953,abusive_share,True,False
388954,abusive_share,True,False
388955,abusive_share,True,False
388956,abusive_share,True,False
388957,abusive_share,True,False
388958,abusive_share,True,False
389789,abusive_share,True,False
390430,abusive_share,True,False
390432,abusive_share,True,False
390433,abusive_share,True,False
390520,abusive_share,True,False
390792,abusive_share,True,False
393707,abusive_share,True,False
393926,abusive_share,True,False
393927,abusive_share,True,False
393928,abusive_share,True,False
394032,abusive_share,True,False
394609,abusive_share,True,False
394630,abusive_share,True,False
396341,abusive_share,True,False
396342,abusive_share,True,False
396343,abusive_share,True,False
396344,abusive_share,True,False
396427,abusive_share,True,False
396428,abusive_share,True,False
397081,abusive_share,True,False
397082,abusive_share,True,False
397083,abusive_share,True,False
398209,abusive_share,True,False
398210,abusive_share,True,False
398211,abusive_share,True,False
398289,abusive_share,True,False
398290,abusive_share,True,False
398291,abusive_share,True,False
398292,abusive_share,True,False
398293,abusive_share,True,False
398721,abusive_share,True,False
398813,abusive_share,True,False
398814,abusive_share,True,False
399894,abusive_share,True,False
399895,abusive_share,True,False
399896,abusive_share,True,False
399897,abusive_share,True,False
399898,abusive_share,True,False
399899,abusive_share,True,False
399900,abusive_share,True,False
399938,abusive_share,True,False
400004,abusive_share,True,False
400005,abusive_share,True,False
400015,abusive_share,True,False
400016,abusive_share,True,False
400168,abusive_share,True,False
400924,abusive_share,True,False
401341,abusive_share,True,False
402471,abusive_share,True,False
402937,abusive_share,True,False
403779,abusive_share,True,False
407548,abusive_share,True,False
408137,abusive_share,True,False
408985,abusive_share,True,False
408991,abusive_share,True,False
408992,abusive_share,True,False
409169,abusive_share,True,False
409170,abusive_share,True,False
409171,abusive_share,True,False
409173,abusive_share,True,False
409176,abusive_share,True,False
409179,abusive_share,True,False
410628,abusive_share,True,False
411769,abusive_share,True,False
412583,abusive_share,True,False
412588,abusive_share,True,False
412591,abusive_share,True,False
412592,abusive_share,True,False
412595,abusive_share,True,False
412601,abusive_share,True,False
412788,abusive_share,True,False
412790,abusive_share,True,False
412796,abusive_share,True,False
412799,abusive_share,True,False
414096,abusive_share,True,False
414616,abusive_share,True,False
417111,abusive_share,True,False
417121,abusive_share,True,False
417123,abusive_share,True,False
417250,abusive_share,True,False
417251,abusive_share,True,False
417254,abusive_share,True,False
417257,abusive_share,True,False
417263,abusive_share,True,False
419039,abusive_share,True,False
420366,abusive_share,True,False
420367,abusive_share,True,False
420369,abusive_share,True,False
420371,abusive_share,True,False
420372,abusive_share,True,False
420374,abusive_share,True,False
420376,abusive_share,True,False
420379,abusive_share,True,False
420382,abusive_share,True,False
420511,abusive_share,True,False
420512,abusive_share,True,False
420515,abusive_share,True,False
420516,abusive_share,True,False
420605,abusive_share,True,False
421689,abusive_share,True,False
423159,abusive_share,True,False
423425,abusive_share,True,False
423430,abusive_share,True,False
423559,abusive_share,True,False
423561,abusive_share,True,False
423562,abusive_share,True,False
423567,abusive_share,True,False
423604,abusive_share,True,False
424709,abusive_share,True,False
424710,abusive_share,True,False
426345,abusive_share,True,False
426375,abusive_share,True,False
426377,abusive_share,True,False
426378,abusive_share,True,False
426467,abusive_share,True,False
426469,abusive_share,True,False
426470,abusive_share,True,False
426471,abusive_share,True,False
426553,abusive_share,True,False
428417,abusive_share,True,False
428418,abusive_share,True,False
428419,abusive_share,True,False
428690,abusive_share,True,False
429363,abusive_share,True,False
429578,abusive_share,True,False
429579,abusive_share,True,False
429580,abusive_share,True,False
429581,abusive_share,True,False
429606,abusive_share,True,False
429644,abusive_share,True,False
429645,abusive_share,True,False
429646,abusive_share,True,False
429648,abusive_share,True,False
429649,abusive_share,True,False
429650,abusive_share,True,False
429651,abusive_share,True,False
429652,abusive_share,True,False
429669,abusive_share,True,False
429670,abusive_share,True,False
429963,abusive_share,True,False
430704,abusive_share,True,False
430705,abusive_share,True,False
430791,abusive_share,True,False
430792,abusive_share,True,False
430793,abusive_share,True,False
431142,abusive_share,True,False
431475,abusive_share,True,False
431677,abusive_share,True,False
431678,abusive_share,True,False
431679,abusive_share,True,False
431680,abusive_share,True,False
431681,abusive_share,True,False
431682,abusive_share,True,False
431683,abusive_share,True,False
431768,abusive_share,True,False
431769,abusive_share,True,False
431770,abusive_share,True,False
431771,abusive_share,True,False
431772,abusive_share,True,False
431773,abusive_share,True,False
431774,abusive_share,True,False
431775,abusive_share,True,False
431776,abusive_share,True,False
431777,abusive_share,True,False
431778,abusive_share,True,False
432125,abusive_share,True,False
432465,abusive_share,True,False
432481,abusive_share,True,False
432700,abusive_share,True,False
432723,abusive_share,True,False
432724,abusive_share,True,False
432725,abusive_share,True,False
432797,abusive_share,True,False
432798,abusive_share,True,False
432799,abusive_share,True,False
432800,abusive_share,True,False
432801,abusive_share,True,False
432802,abusive_share,True,False
432803,abusive_share,True,False
432804,abusive_share,True,False
432830,abusive_share,True,False
432925,abusive_share,True,False
432952,abusive_share,True,False
433040,abusive_share,True,False
433189,abusive_share,True,False
433356,abusive_share,True,False
433725,abusive_share,True,False
433826,abusive_share,True,False
433830,abusive_share,True,False
434117,abusive_share,True,False
434118,abusive_share,True,False
434209,abusive_share,True,False
434252,abusive_share,True,False
434586,abusive_share,True,False
434590,abusive_share,True,False
434645,abusive_share,True,False
434646,abusive_share,True,False
434873,abusive_share,True,False
434874,abusive_share,True,False
435653,abusive_share,True,False
435736,abusive_share,True,False
435924,abusive_share,True,False
436186,abusive_share,True,False
436189,abusive_share,True,False
436842,abusive_share,True,False
436845,abusive_share,True,False
436850,abusive_share,True,False
436851,abusive_share,True,False
436924,abusive_share,True,False
436925,abusive_share,True,False
436926,abusive_share,True,False
436927,abusive_share,True,False
436928,abusive_share,True,False
438000,abusive_share,True,False
438001,abusive_share,True,False
438002,abusive_share,True,False
438026,abusive_share,True,False
438087,abusive_share,True,False
438088,abusive_share,True,False
438089,abusive_share,True,False
438102,abusive_share,True,False
438104,abusive_share,True,False
438501,abusive_share,True,False
438502,abusive_share,True,False
438712,abusive_share,True,False
439260,abusive_share,True,False
439330,abusive_share,True,False
439711,abusive_share,True,False
439712,abusive_share,True,False
440421,abusive_share,True,False
440422,abusive_share,True,False
440680,abusive_share,True,False
440946,abusive_share,True,False
440995,abusive_share,True,False
441019,abusive_share,True,False
441296,abusive_share,True,False
441545,abusive_share,True,False
441546,abusive_share,True,False
441617,abusive_share,True,False
441943,abusive_share,True,False
442896,abusive_share,True,False
442897,abusive_share,True,False
443368,abusive_share,True,False
443763,abusive_share,True,False
443783,abusive_share,True,False
443784,abusive_share,True,False
444313,abusive_share,True,False
444369,abusive_share,True,False
444371,abusive_share,True,False
445015,abusive_share,True,False
445259,abusive_share,True,False
445260,abusive_share,True,False
445379,abusive_share,True,False
445706,abusive_share,True,False
445708,abusive_share,True,False
445735,abusive_share,True,False
446402,abusive_share,True,False
446403,abusive_share,True,False
446466,abusive_share,True,False
446858,abusive_share,True,False
447096,abusive_share,True,False
447110,abusive_share,True,False
447465,abusive_share,True,False
447466,abusive_share,True,False
447467,abusive_share,True,False
447468,abusive_share,True,False
447516,abusive_share,True,False
447524,abusive_share,True,False
447525,abusive_share,True,False
447876,abusive_share,True,False
447877,abusive_share,True,False
447878,abusive_share,True,False
447879,abusive_share,True,False
447880,abusive_share,True,False
447906,abusive_share,True,False
447927,abusive_share,True,False
447928,abusive_share,True,False
447929,abusive_share,True,False
447930,abusive_share,True,False
448318,abusive_share,True,False
448532,abusive_share,True,False
449028,abusive_share,True,False
449029,abusive_share,True,False
449030,abusive_share,True,False
449417,abusive_share,True,False
449476,abusive_share,True,False
449777,abusive_share,True,False
449829,abusive_share,True,False
450482,abusive_share,True,False
450539,abusive_share,True,False
450928,abusive_share,True,False
450929,abusive_share,True,False
451254,abusive_share,True,False
451255,abusive_share,True,False
451256,abusive_share,True,False
451257,abusive_share,True,False
451258,abusive_share,True,False
451921,abusive_share,True,False
451922,abusive_share,True,False
451990,abusive_share,True,False
452308,abusive_share,True,False
452658,abusive_share,True,False
453040,abusive_share,True,False
453315,abusive_share,True,False
453697,abusive_share,True,False
453698,abusive_share,True,False
453699,abusive_share,True,False
453700,abusive_share,True,False
453849,abusive_share,True,False
453870,abusive_share,True,False
454092,abusive_share,True,False
454313,abusive_share,True,False
454465,abusive_share,True,False
455122,abusive_share,True,False
455431,abusive_share,True,False
455826,abusive_share,True,False
456281,abusive_share,True,False
456398,abusive_share,True,False
456548,abusive_share,True,False
456841,abusive_share,True,False
456885,abusive_share,True,False
457181,abusive_share,True,False
457265,abusive_share,True,False
457432,abusive_share,True,False
457539,abusive_share,True,False
457652,abusive_share,True,False
457753,abusive_share,True,False
457851,abusive_share,True,False
458459,abusive_share,True,False
458840,abusive_share,True,False
458857,abusive_share,True,False
459429,abusive_share,True,False
459430,abusive_share,True,False
459521,abusive_share,True,False
459797,abusive_share,True,False
459798,abusive_share,True,False
460332,abusive_share,True,False
460386,abusive_share,True,False
460417,abusive_share,True,False
460747,abusive_share,True,False
460940,abusive_share,True,False
461262,abusive_share,True,False
461263,abusive_share,True,False
461264,abusive_share,True,False
461548,abusive_share,True,False
461688,abusive_share,True,False
461796,abusive_share,True,False
462255,abusive_share,True,False
462416,abusive_share,True,False
462426,abusive_share,True,False
462431,abusive_share,True,False
462433,abusive_share,True,False
462439,abusive_share,True,False
462608,abusive_share,True,False
462853,abusive_share,True,False
463339,abusive_share,True,False
463405,abusive_share,True,False
463480,abusive_share,True,False
463516,abusive_share,True,False
463561,abusive_share,True,False
463572,abusive_share,True,False
463603,abusive_share,True,False
463681,abusive_share,True,False
463907,abusive_share,True,False
463910,abusive_share,True,False
464123,abusive_share,True,False
464263,abusive_share,True,False
464307,abusive_share,True,False
464308,abusive_share,True,False
464565,abusive_share,True,False
464929,abusive_share,True,False
465017,abusive_share,True,False
465154,abusive_share,True,False
465155,abusive_share,True,False
465423,abusive_share,True,False
465461,abusive_share,True,False
465462,abusive_share,True,False
465909,abusive_share,True,False
465943,abusive_share,True,False
465958,abusive_share,True,False
466000,abusive_share,True,False
467385,abusive_share,True,False
467860,abusive_share,True,False
467864,abusive_share,True,False
467894,abusive_share,True,False
468042,abusive_share,True,False
468062,abusive_share,True,False
468150,abusive_share,True,False
468212,abusive_share,True,False
468218,abusive_share,True,False
468219,abusive_share,True,False
468221,abusive_share,True,False
468237,abusive_share,True,False
468368,abusive_share,True,False
468369,abusive_share,True,False
468371,abusive_share,True,False
468492,abusive_share,True,False
468513,abusive_share,True,False
468547,abusive_share,True,False
468887,abusive_share,True,False
468890,abusive_share,True,False
468940,abusive_share,True,False
468942,abusive_share,True,False
468943,abusive_share,True,False
468944,abusive_share,True,False
468948,abusive_share,True,False
468953,abusive_share,True,False
468955,abusive_share,True,False
468956,abusive_share,True,False
468961,abusive_share,True,False
468962,abusive_share,True,False
468994,abusive_share,True,False
469000,abusive_share,True,False
469005,abusive_share,True,False
469010,abusive_share,True,False
469012,abusive_share,True,False
469045,abusive_share,True,False
469055,abusive_share,True,False
469057,abusive_share,True,False
469065,abusive_share,True,False
469069,abusive_share,True,False
469070,abusive_share,True,False
469071,abusive_share,True,False
469072,abusive_share,True,False
469075,abusive_share,True,False
469081,abusive_share,True,False
469082,abusive_share,True,False
469085,abusive_share,True,False
469086,abusive_share,True,False
469094,abusive_share,True,False
469097,abusive_share,True,False
469100,abusive_share,True,False
469102,abusive_share,True,False
469116,abusive_share,True,False
469121,abusive_share,True,False
469124,abusive_share,True,False
469126,abusive_share,True,False
469131,abusive_share,True,False
469139,abusive_share,True,False
469158,abusive_share,True,False
469162,abusive_share,True,False
469173,abusive_share,True,False
469205,abusive_share,True,False
469206,abusive_share,True,False
469207,abusive_share,True,False
469209,abusive_share,True,False
469326,abusive_share,True,False
469328,abusive_share,True,False
469331,abusive_share,True,False
469337,abusive_share,True,False
469339,abusive_share,True,False
469346,abusive_share,True,False
469347,abusive_share,True,False
469349,abusive_share,True,False
469353,abusive_share,True,False
469354,abusive_share,True,False
469358,abusive_share,True,False
469361,abusive_share,True,False
469363,abusive_share,True,False
469369,abusive_share,True,False
469371,abusive_share,True,False
469559,abusive_share,True,False
469571,abusive_share,True,False
469579,abusive_share,True,False
469582,abusive_share,True,False
469584,abusive_share,True,False
469591,abusive_share,True,False
469593,abusive_share,True,False
469596,abusive_share,True,False
469604,abusive_share,True,False
469612,abusive_share,True,False
469673,abusive_share,True,False
469678,abusive_share,True,False
469679,abusive_share,True,False
469680,abusive_share,True,False
469681,abusive_share,True,False
469682,abusive_share,True,False
469683,abusive_share,True,False
469688,abusive_share,True,False
469695,abusive_share,True,False
469701,abusive_share,True,False
469704,abusive_share,True,False
469707,abusive_share,True,False
469709,abusive_share,True,False
469710,abusive_share,True,False
469711,abusive_share,True,False
469731,abusive_share,True,False
469732,abusive_share,True,False
469737,abusive_share,True,False
469738,abusive_share,True,False
469740,abusive_share,True,False
469741,abusive_share,True,False
469742,abusive_share,True,False
469747,abusive_share,True,False
469748,abusive_share,True,False
469752,abusive_share,True,False
469753,abusive_share,True,False
469754,abusive_share,True,False
469763,abusive_share,True,False
469764,abusive_share,True,False
469768,abusive_share,True,False
469779,abusive_share,True,False
469780,abusive_share,True,False
469788,abusive_share,True,False
469790,abusive_share,True,False
469796,abusive_share,True,False
469803,abusive_share,True,False
469809,abusive_share,True,False
469812,abusive_share,True,False
469813,abusive_share,True,False
469815,abusive_share,True,False
469817,abusive_share,True,False
469818,abusive_share,True,False
469820,abusive_share,True,False
469833,abusive_share,True,False
469836,abusive_share,True,False
469837,abusive_share,True,False
469842,abusive_share,True,False
469850,abusive_share,True,False
469853,abusive_share,True,False
469856,abusive_share,True,False
469864,abusive_share,True,False
469880,abusive_share,True,False
469882,abusive_share,True,False
469887,abusive_share,True,False
469898,abusive_share,True,False
469905,abusive_share,True,False
469909,abusive_share,True,False
469912,abusive_share,True,False
469925,abusive_share,True,False
469927,abusive_share,True,False
469931,abusive_share,True,False
469935,abusive_share,True,False
469936,abusive_share,True,False
469937,abusive_share,True,False
469943,abusive_share,True,False
469944,abusive_share,True,False
469946,abusive_share,True,False
469970,abusive_share,True,False
469976,abusive_share,True,False
469977,abusive_share,True,False
469979,abusive_share,True,False
469982,abusive_share,True,False
469983,abusive_share,True,False
469985,abusive_share,True,False
469986,abusive_share,True,False
469988,abusive_share,True,False
469989,abusive_share,True,False
469990,abusive_share,True,False
469996,abusive_share,True,False
470000,abusive_share,True,False
470001,abusive_share,True,False
470007,abusive_share,True,False
470013,abusive_share,True,False
470014,abusive_share,True,False
470022,abusive_share,True,False
470026,abusive_share,True,False
470029,abusive_share,True,False
470035,abusive_share,True,False
470037,abusive_share,True,False
470038,abusive_share,True,False
470128,abusive_share,True,False
470129,abusive_share,True,False
470131,abusive_share,True,False
470134,abusive_share,True,False
470136,abusive_share,True,False
470144,abusive_share,True,False
470145,abusive_share,True,False
470148,abusive_share,True,False
470153,abusive_share,True,False
470158,abusive_share,True,False
470159,abusive_share,True,False
470160,abusive_share,True,False
470161,abusive_share,True,False
470172,abusive_share,True,False
470173,abusive_share,True,False
470281,abusive_share,True,False
470283,abusive_share,True,False
470284,abusive_share,True,False
470287,abusive_share,True,False
470289,abusive_share,True,False
470296,abusive_share,True,False
470297,abusive_share,True,False
470315,abusive_share,True,False
470316,abusive_share,True,False
470328,abusive_share,True,False
470336,abusive_share,True,False
470338,abusive_share,True,False
470339,abusive_share,True,False
470343,abusive_share,True,False
470352,abusive_share,True,False
470357,abusive_share,True,False
470358,abusive_share,True,False
470408,abusive_share,True,False
470409,abusive_share,True,False
470410,abusive_share,True,False
470412,abusive_share,True,False
470413,abusive_share,True,False
470415,abusive_share,True,False
470418,abusive_share,True,False
470419,abusive_share,True,False
470422,abusive_share,True,False
470427,abusive_share,True,False
470430,abusive_share,True,False
470431,abusive_share,True,False
470433,abusive_share,True,False
470438,abusive_share,True,False
470440,abusive_share,True,False
470441,abusive_share,True,False
470446,abusive_share,True,False
470449,abusive_share,True,False
470478,abusive_share,True,False
470481,abusive_share,True,False
470484,abusive_share,True,False
470488,abusive_share,True,False
470491,abusive_share,True,False
470495,abusive_share,True,False
470769,abusive_share,True,False
470772,abusive_share,True,False
470775,abusive_share,True,False
470777,abusive_share,True,False
470778,abusive_share,True,False
470788,abusive_share,True,False
470789,abusive_share,True,False
470826,abusive_share,True,False
470839,abusive_share,True,False
470840,abusive_share,True,False
470841,abusive_share,True,False
470904,abusive_share,True,False
478217,abusive_share,True,False
482617,abusive_share,True,False
533891,abusive_share,True,False
1077163,abusive_share,True,False
1247087,abusive_share,True,False
1454607,abusive_share,True,False
1455338,abusive_share,True,False
1456470,abusive_share,True,False
1458671,abusive_share,True,False
1491806,abusive_share,True,False
1542378,abusive_share,True,False
3725612,abusive_share,True,False
3885154,abusive_share,True,False
4393913,abusive_share,True,False
5429870,abusive_share,True,False
5794592,abusive_share,True,False
5795398,abusive_share,True,False
8075051,abusive_share,True,False
8628319,abusive_share,True,False
8635158,abusive_share,True,False
9736324,abusive_share,True,False
9888494,abusive_share,True,False
10088399,abusive_share,True,False
12290291,abusive_share,True,False
12339554,abusive_share,True,False
12431938,abusive_share,True,False
14358483,abusive_share,True,False
14358888,abusive_share,True,False
14358966,abusive_share,True,False
14358975,abusive_share,True,False
16245274,abusive_share,True,False
16607863,abusive_share,True,False
16747237,abusive_share,True,False
16780136,abusive_share,True,False
18614432,abusive_share,True,False
22027444,abusive_share,True,False
22991959,abusive_share,True,False
22991982,abusive_share,True,False
22993537,abusive_share,True,False
29028516,abusive_share,True,False
31266097,abusive_share,True,False
35139044,abusive_share,True,False
35999782,abusive_share,True,False
36125128,abusive_share,True,False
36187909,abusive_share,True,False
37906653,abusive_share,True,False
38339711,abusive_share,True,False
38347689,abusive_share,True,False
38472419,abusive_share,True,False
38978726,abusive_share,True,False
39388507,abusive_share,True,False
39388566,abusive_share,True,False
40990858,abusive_share,True,False
42667067,abusive_share,True,False
42667659,abusive_share,True,False
45242190,abusive_share,True,False
45251045,abusive_share,True,False
45257078,abusive_share,True,False
49133500,abusive_share,True,False
49138058,abusive_share,True,False
49348851,abusive_share,True,False
49652058,abusive_share,True,False
51495555,abusive_share,True,False
52047996,abusive_share,True,False
52079028,abusive_share,True,False
53348849,abusive_share,True,False
53710267,abusive_share,True,False
53710627,abusive_share,True,False
53740852,abusive_share,True,False
53740853,abusive_share,True,False
53782438,abusive_share,True,False
53815011,abusive_share,True,False
54093773,abusive_share,True,False
54199429,abusive_share,True,False
56053551,abusive_share,True,False
56068417,abusive_share,True,False
56637015,abusive_share,True,False
57714486,abusive_share,True,False
57805887,abusive_share,True,False
58521006,abusive_share,True,False
58527709,abusive_share,True,False
58594608,abusive_share,True,False
58689135,abusive_share,True,False
58690080,abusive_share,True,False
58827007,abusive_share,True,False
58856134,abusive_share,True,False
58901304,abusive_share,True,False
58905552,abusive_share,True,False
58996846,abusive_share,True,False
60737482,abusive_share,True,False
60776696,abusive_share,True,False
61003719,abusive_share,True,False
61003720,abusive_share,True,False
61412756,abusive_share,True,False
61415840,abusive_share,True,False
62574764,abusive_share,True,False
62753067,abusive_share,True,False
63265682,abusive_share,True,False
63661902,abusive_share,True,False
63663841,abusive_share,True,False
63668420,abusive_share,True,False
63747192,abusive_share,True,False
63747226,abusive_share,True,False
63839834,abusive_share,True,False
63840950,abusive_share,True,False
65546263,abusive_share,True,False
65557899,abusive_share,True,False
65878123,abusive_share,True,False
66095341,abusive_share,True,False
66126300,abusive_share,True,False
66127837,abusive_share,True,False
66128338,abusive_share,True,False
66128385,abusive_share,True,False
66291172,abusive_share,True,False
66313997,abusive_share,True,False
68063465,abusive_share,True,False
68286445,abusive_share,True,False
68295944,abusive_share,True,False
68680099,abusive_share,True,False
68744822,abusive_share,True,False
70925120,abusive_share,True,False
70925614,abusive_share,True,False
70938938,abusive_share,True,False
70943900,abusive_share,True,False
70944102,abusive_share,True,False
70947518,abusive_share,True,False
71039083,abusive_share,True,False
71043804,abusive_share,True,False
71057792,abusive_share,True,False
73071769,abusive_share,True,False
73071770,abusive_share,True,False
73353532,abusive_share,True,False
73498797,abusive_share,True,False
74013548,abusive_share,True,False
74718508,abusive_share,True,False
75350830,abusive_share,True,False
75427009,abusive_share,True,False
75633637,abusive_share,True,False
75851555,abusive_share,True,False
75864396,abusive_share,True,False
75869203,abusive_share,True,False
75869264,abusive_share,True,False
76050027,abusive_share,True,False
76085030,abusive_share,True,False
77803012,abusive_share,True,False
77803014,abusive_share,True,False
77803015,abusive_share,True,False
77807552,abusive_share,True,False
78246625,abusive_share,True,False
78345920,abusive_share,True,False
78375603,abusive_share,True,False
78446884,abusive_share,True,False
78472002,abusive_share,True,False
78474501,abusive_share,True,False
79032668,abusive_share,True,False
79625873,abusive_share,True,False
79628738,abusive_share,True,False
79702333,abusive_share,True,False
79961730,abusive_share,True,False
79964417,abusive_share,True,False
80815413,abusive_share,True,False
81060345,abusive_share,True,False
81062637,abusive_share,True,False
81071056,abusive_share,True,False
81119196,abusive_share,True,False
81150326,abusive_share,True,False
81150328,abusive_share,True,False
81151079,abusive_share,True,False
81182240,abusive_share,True,False
81267462,abusive_share,True,False
81268359,abusive_share,True,False
82901997,abusive_share,True,False
82948672,abusive_share,True,False
83010212,abusive_share,True,False
83459128,abusive_share,True,False
83658211,abusive_share,True,False
84205702,abusive_share,True,False
85523778,abusive_share,True,False
85721435,abusive_share,True,False
85908158,abusive_share,True,False
86017109,abusive_share,True,False
86022159,abusive_share,True,False
86023767,abusive_share,True,False
86025582,abusive_share,True,False
86025599,abusive_share,True,False
86030709,abusive_share,True,False
86034672,abusive_share,True,False
86034673,abusive_share,True,False
86129660,abusive_share,True,False
86129662,abusive_share,True,False
86151216,abusive_share,True,False
86236580,abusive_share,True,False
87990232,abusive_share,True,False
88456457,abusive_share,True,False
88459555,abusive_share,True,False
90561393,abusive_share,True,False
90727155,abusive_share,True,False
90733218,abusive_share,True,False
90733964,abusive_share,True,False
90736689,abusive_share,True,False
90802471,abusive_share,True,False
90867809,abusive_share,True,False
90914443,abusive_share,True,False
90935703,abusive_share,True,False
92646180,abusive_share,True,False
92659238,abusive_share,True,False
92890059,abusive_share,True,False
92890060,abusive_share,True,False
93185642,abusive_share,True,False
93204148,abusive_share,True,False
93324031,abusive_share,True,False
93921722,abusive_share,True,False
94823190,abusive_share,True,False
94967979,abusive_share,True,False
95046982,abusive_share,True,False
95619812,abusive_share,True,False
95631761,abusive_share,True,False
95631764,abusive_share,True,False
95633868,abusive_share,True,False
95636288,abusive_share,True,False
95637243,abusive_share,True,False
95637388,abusive_share,True,False
95645205,abusive_share,True,False
95702913,abusive_share,True,False
95705105,abusive_share,True,False
95705106,abusive_share,True,False
95876358,abusive_share,True,False
97598426,abusive_share,True,False
98052562,abusive_share,True,False
98840200,abusive_share,True,False
98871877,abusive_share,True,False
100259336,abusive_share,True,False
100420141,abusive_share,True,False
100420190,abusive_share,True,False
100420263,abusive_share,True,False
100420449,abusive_share,True,False
100488678,abusive_share,True,False
102855812,abusive_share,True,False
104169131,abusive_share,True,False
104634312,abusive_share,True,False
104994665,abusive_share,True,False
106723304,abusive_share,True,False
107535755,abusive_share,True,False
109601256,abusive_share,True,False
109601263,abusive_share,True,False
109601485,abusive_share,True,False
109601492,abusive_share,True,False
109601536,abusive_share,True,False
109601716,abusive_share,True,False
109601737,abusive_share,True,False
113920485,abusive_share,True,False
113920502,abusive_share,True,False
113920639,abusive_share,True,False
113920658,abusive_share,True,False
113920679,abusive_share,True,False
116208427,abusive_share,True,False
118184530,abusive_share,True,False
118193104,abusive_share,True,False
118505108,abusive_share,True,False
122118636,abusive_share,True,False
122930989,abusive_share,True,False
123100894,abusive_share,True,False
123100958,abusive_share,True,False
123101097,abusive_share,True,False
123101741,abusive_share,True,False
123101749,abusive_share,True,False
123101820,abusive_share,True,False
123102034,abusive_share,True,False
125631724,abusive_share,True,False
127206140,abusive_share,True,False
127324549,abusive_share,True,False
127339104,abusive_share,True,False
127346440,abusive_share,True,False
127615433,abusive_share,True,False
127615482,abusive_share,True,False
127616091,abusive_share,True,False
127616110,abusive_share,True,False
127616685,abusive_share,True,False
131971173,abusive_share,True,False
132264957,abusive_share,True,False
132265304,abusive_share,True,False
132265337,abusive_share,True,False
135309533,abusive_share,True,False
136636438,abusive_share,True,False
136636441,abusive_share,True,False
136636455,abusive_share,True,False
136636505,abusive_share,True,False
136636600,abusive_share,True,False
136636613,abusive_share,True,False
136636618,abusive_share,True,False
136636686,abusive_share,True,False
136636716,abusive_share,True,False
136636829,abusive_share,True,False
138770408,abusive_share,True,False
140209131,abusive_share,True,False
142743978,abusive_share,True,False
143315117,abusive_share,True,False
144469879,abusive_share,True,False
144770562,abusive_share,True,False
144773788,abusive_share,True,False
144780047,abusive_share,True,False
144780145,abusive_share,True,False
144780269,abusive_share,True,False
144780290,abusive_share,True,False
147095739,abusive_share,True,False
148589375,abusive_share,True,False
149069372,abusive_share,True,False
149205846,abusive_share,True,False
149303153,abusive_share,True,False
149392211,abusive_share,True,False
149392354,abusive_share,True,False
149392389,abusive_share,True,False
149392529,abusive_share,True,False
149392601,abusive_share,True,False
149490711,abusive_share,True,False
154105090,abusive_share,True,False
154142553,abusive_share,True,False
154142717,abusive_share,True,False
154143767,abusive_share,True,False
154241773,abusive_share,True,False
157945439,abusive_share,True,False
157988403,abusive_share,True,False
158517526,abusive_share,True,False
158876929,abusive_share,True,False
162421715,abusive_share,True,False
162564289,abusive_share,True,False
162593653,abusive_share,True,False
166956714,abusive_share,True,False
166956715,abusive_share,True,False
167076981,abusive_share,True,False
167255555,abusive_share,True,False
167256806,abusive_share,True,False
171492333,abusive_share,True,False
176107344,abusive_share,True,False
176433470,abusive_share,True,False
176433934,abusive_share,True,False
176433953,abusive_share,True,False
176433958,abusive_share,True,False
178265854,abusive_share,True,False
180338011,abusive_share,True,False
180776848,abusive_share,True,False
181115444,abusive_share,True,False
181115802,abusive_share,True,False
181115887,abusive_share,True,False
181116829,abusive_share,True,False
181116975,abusive_share,True,False
181116989,abusive_share,True,False
181117150,abusive_share,True,False
182967922,abusive_share,True,False
183642184,abusive_share,True,False
184249486,abusive_share,True,False
184256996,abusive_share,True,False
184924548,abusive_share,True,False
185142587,abusive_share,True,False
185919470,abusive_share,True,False
187709954,abusive_share,True,False
188275100,abusive_share,True,False
189808981,abusive_share,True,False
190475826,abusive_share,True,False
190504584,abusive_share,True,False
190578484,abusive_share,True,False
190645065,abusive_share,True,False
190732457,abusive_share,True,False
190939344,abusive_share,True,False
191019697,abusive_share,True,False
191114291,abusive_share,True,False
194857974,abusive_share,True,False
194936125,abusive_share,True,False
195058799,abusive_share,True,False
195309058,abusive_share,True,False
195505179,abusive_share,True,False
195514292,abusive_share,True,False
195765678,abusive_share,True,False
195884067,abusive_share,True,False
195884114,abusive_share,True,False
195884182,abusive_share,True,False
195892860,abusive_share,True,False
195942985,abusive_share,True,False
195942987,abusive_share,True,False
195942988,abusive_share,True,False
197727538,abusive_share,True,False
197776204,abusive_share,True,False
198205363,abusive_share,True,False
198571624,abusive_share,True,False
199530652,abusive_share,True,False
199963307,abusive_share,True,False
199984529,abusive_share,True,False
200649215,abusive_share,True,False
200649219,abusive_share,True,False
200649228,abusive_share,True,False
200649248,abusive_share,True,False
200649265,abusive_share,True,False
200649280,abusive_share,True,False
200657125,abusive_share,True,False
200680032,abusive_share,True,False
200683508,abusive_share,True,False
200776270,abusive_share,True,False
200776502,abusive_share,True,False
200776507,abusive_share,True,False
200776551,abusive_share,True,False
200776654,abusive_share,True,False
200776657,abusive_share,True,False
200785432,abusive_share,True,False
200785471,abusive_share,True,False
200785615,abusive_share,True,False
200843233,abusive_share,True,False
200843234,abusive_share,True,False
200843237,abusive_share,True,False
200932710,abusive_share,True,False
200972212,abusive_share,True,False
200972213,abusive_share,True,False
200972785,abusive_share,True,False
202617745,abusive_share,True,False
202670145,abusive_share,True,False
202670186,abusive_share,True,False
202671115,abusive_share,True,False
202671119,abusive_share,True,False
203108559,abusive_share,True,False
203108561,abusive_share,True,False
203402095,abusive_share,True,False
204823756,abusive_share,True,False
205885024,abusive_share,True,False
205885046,abusive_share,True,False
205885063,abusive_share,True,False
205912153,abusive_share,True,False
205912167,abusive_share,True,False
205912197,abusive_share,True,False
205915307,abusive_share,True,False
205915309,abusive_share,True,False
206003230,abusive_share,True,False
206029633,abusive_share,True,False
206029976,abusive_share,True,False
206210473,abusive_share,True,False
206237306,abusive_share,True,False
206237308,abusive_share,True,False
207939288,abusive_share,True,False
208521843,abusive_share,True,False
209325388,abusive_share,True,False
209325401,abusive_share,True,False
210166155,abusive_share,True,False
211016017,abusive_share,True,False
211126920,abusive_share,True,False
211135596,abusive_share,True,False
211216500,abusive_share,True,False
211296916,abusive_share,True,False
213030421,abusive_share,True,False
213030422,abusive_share,True,False
213032134,abusive_share,True,False
213561219,abusive_share,True,False
215282637,abusive_share,True,False
215282925,abusive_share,True,False
215340276,abusive_share,True,False
216280597,abusive_share,True,False
216280633,abusive_share,True,False
216295138,abusive_share,True,False
216295179,abusive_share,True,False
216295322,abusive_share,True,False
216295340,abusive_share,True,False
216307708,abusive_share,True,False
216318539,abusive_share,True,False
216318592,abusive_share,True,False
216319316,abusive_share,True,False
216319318,abusive_share,True,False
216396218,abusive_share,True,False
216396958,abusive_share,True,False
216397035,abusive_share,True,False
216471258,abusive_share,True,False
216471266,abusive_share,True,False
216495132,abusive_share,True,False
218200867,abusive_share,True,False
218200894,abusive_share,True,False
218201107,abusive_share,True,False
218201130,abusive_share,True,False
218201136,abusive_share,True,False
218201146,abusive_share,True,False
218201842,abusive_share,True,False
218201851,abusive_share,True,False
218201869,abusive_share,True,False
218208853,abusive_share,True,False
218740193,abusive_share,True,False
219008255,abusive_share,True,False
219008309,abusive_share,True,False
219529214,abusive_share,True,False
219582821,abusive_share,True,False
220197200,abusive_share,True,False
220199479,abusive_share,True,False
220683547,abusive_share,True,False
220871005,abusive_share,True,False
221500685,abusive_share,True,False
221501247,abusive_share,True,False
221503039,abusive_share,True,False
221504077,abusive_share,True,False
224119103,abusive_share,True,False
225295837,abusive_share,True,False
225518384,abusive_share,True,False
225733265,abusive_share,True,False
225734859,abusive_share,True,False
226801944,abusive_share,True,False
226808258,abusive_share,True,False
227008634,abusive_share,True,False
227009213,abusive_share,True,False
227018038,abusive_share,True,False
229330294,abusive_share,True,False
229353213,abusive_share,True,False
229544868,abusive_share,True,False
229548379,abusive_share,True,False
230066572,abusive_share,True,False
230074685,abusive_share,True,False
230126379,abusive_share,True,False
230946720,abusive_share,True,False
234571930,abusive_share,True,False
234698807,abusive_share,True,False
234834069,abusive_share,True,False
234919877,abusive_share,True,False
236134084,abusive_share,True,False
236150518,abusive_share,True,False
236216255,abusive_share,True,False
236279994,abusive_share,True,False
236642351,abusive_share,True,False
237349649,abusive_share,True,False
237349651,abusive_share,True,False
237413660,abusive_share,True,False
237502203,abusive_share,True,False
237508877,abusive_share,True,False
237510629,abusive_share,True,False
237511560,abusive_share,True,False
237620372,abusive_share,True,False
237634488,abusive_share,True,False
239459488,abusive_share,True,False
239472816,abusive_share,True,False
239967014,abusive_share,True,False
240267589,abusive_share,True,False
240789348,abusive_share,True,False
240789388,abusive_share,True,False
240818619,abusive_share,True,False
240836201,abusive_share,True,False
240845938,abusive_share,True,False
241603214,abusive_share,True,False
241608646,abusive_share,True,False
241868937,abusive_share,True,False
242390691,abusive_share,True,False
242851472,abusive_share,True,False
242852295,abusive_share,True,False
242858824,abusive_share,True,False
245507707,abusive_share,True,False
245554909,abusive_share,True,False
246075502,abusive_share,True,False
246085672,abusive_share,True,False
246942585,abusive_share,True,False
247758486,abusive_share,True,False
249835283,abusive_share,True,False
250697911,abusive_share,True,False
250729676,abusive_share,True,False
250732487,abusive_share,True,False
251214441,abusive_share,True,False
251223644,abusive_share,True,False
252071514,abusive_share,True,False
252853531,abusive_share,True,False
252913220,abusive_share,True,False
252925427,abusive_share,True,False
253036808,abusive_share,True,False
253254021,abusive_share,True,False
253257964,abusive_share,True,False
253290099,abusive_share,True,False
253347511,abusive_share,True,False
253421432,abusive_share,True,False
253423212,abusive_share,True,False
253423236,abusive_share,True,False
255344606,abusive_share,True,False
256766068,abusive_share,True,False
257677075,abusive_share,True,False
257677549,abusive_share,True,False
257725102,abusive_share,True,False
257727646,abusive_share,True,False
258028662,abusive_share,True,False
258217042,abusive_share,True,False
258217114,abusive_share,True,False
258230612,abusive_share,True,False
258265824,abusive_share,True,False
258272197,abusive_share,True,False
258276113,abusive_share,True,False
258308025,abusive_share,True,False
258309765,abusive_share,True,False
258704157,abusive_share,True,False
258875479,abusive_share,True,False
258877167,abusive_share,True,False
258877800,abusive_share,True,False
258882804,abusive_share,True,False
258883395,abusive_share,True,False
258883592,abusive_share,True,False
258884233,abusive_share,True,False
260884843,abusive_share,True,False
261405626,abusive_share,True,False
261443942,abusive_share,True,False
261741224,abusive_share,True,False
263044817,abusive_share,True,False
264099203,abusive_share,True,False
264124088,abusive_share,True,False
264190548,abusive_share,True,False
264260464,abusive_share,True,False
266987937,abusive_share,True,False
267503182,abusive_share,True,False
267503576,abusive_share,True,False
267510870,abusive_share,True,False
268271724,abusive_share,True,False
268875795,abusive_share,True,False
269030463,abusive_share,True,False
269111318,abusive_share,True,False
269484294,abusive_share,True,False
269513737,abusive_share,True,False
269673405,abusive_share,True,False
269675728,abusive_share,True,False
269698435,abusive_share,True,False
269706849,abusive_share,True,False
269809170,abusive_share,True,False
269830592,abusive_share,True,False
269893211,abusive_share,True,False
271595637,abusive_share,True,False
272075725,abusive_share,True,False
272090378,abusive_share,True,False
272396615,abusive_share,True,False
272934825,abusive_share,True,False
272941219,abusive_share,True,False
272954482,abusive_share,True,False
273331643,abusive_share,True,False
273642112,abusive_share,True,False
273847954,abusive_share,True,False
274124706,abusive_share,True,False
274186442,abusive_share,True,False
274390314,abusive_share,True,False
274390570,abusive_share,True,False
274712368,abusive_share,True,False
274885285,abusive_share,True,False
274887583,abusive_share,True,False
274894060,abusive_share,True,False
274897701,abusive_share,True,False
274901992,abusive_share,True,False
274902925,abusive_share,True,False
274905912,abusive_share,True,False
277315576,abusive_share,True,False
277608612,abusive_share,True,False
277608613,abusive_share,True,False
278153780,abusive_share,True,False
278854526,abusive_share,True,False
279010739,abusive_share,True,False
279057523,abusive_share,True,False
279322268,abusive_share,True,False
279660917,abusive_share,True,False
279881686,abusive_share,True,False
279903957,abusive_share,True,False
279911072,abusive_share,True,False
279946162,abusive_share,True,False
280038139,abusive_share,True,False
280043604,abusive_share,True,False
280049542,abusive_share,True,False
280192327,abusive_share,True,False
280219768,abusive_share,True,False
282483082,abusive_share,True,False
282667553,abusive_share,True,False
283998890,abusive_share,True,False
284050159,abusive_share,True,False
284564771,abusive_share,True,False
284602698,abusive_share,True,False
284752060,abusive_share,True,False
284830683,abusive_share,True,False
285013035,abusive_share,True,False
285088256,abusive_share,True,False
287413528,abusive_share,True,False
287701604,abusive_share,True,False
287750690,abusive_share,True,False
288292212,abusive_share,True,False
288299322,abusive_share,True,False
289146881,abusive_share,True,False
289153303,abusive_share,True,False
289250879,abusive_share,True,False
289411324,abusive_share,True,False
289776879,abusive_share,True,False
289844523,abusive_share,True,False
290059406,abusive_share,True,False
290077456,abusive_share,True,False
290091766,abusive_share,True,False
290202347,abusive_share,True,False
290210935,abusive_share,True,False
290213325,abusive_share,True,False
292138377,abusive_share,True,False
292167235,abusive_share,True,False
292410069,abusive_share,True,False
293503710,abusive_share,True,False
294127712,abusive_share,True,False
294509500,abusive_share,True,False
294594580,abusive_share,True,False
294905509,abusive_share,True,False
294928150,abusive_share,True,False
294929542,abusive_share,True,False
294929624,abusive_share,True,False
294929840,abusive_share,True,False
295098900,abusive_share,True,False
295098963,abusive_share,True,False
295098978,abusive_share,True,False
295125355,abusive_share,True,False
295129899,abusive_share,True,False
295174658,abusive_share,True,False
295238183,abusive_share,True,False
295238199,abusive_share,True,False
295368351,abusive_share,True,False
295372787,abusive_share,True,False
295440778,abusive_share,True,False
297224556,abusive_share,True,False
297367340,abusive_share,True,False
297928885,abusive_share,True,False
298077670,abusive_share,True,False
298078041,abusive_share,True,False
298078448,abusive_share,True,False
298737843,abusive_share,True,False
299609504,abusive_share,True,False
299632727,abusive_share,True,False
300221979,abusive_share,True,False
300222070,abusive_share,True,False
300222176,abusive_share,True,False
300222314,abusive_share,True,False
300319461,abusive_share,True,False
300400296,abusive_share,True,False
300400330,abusive_share,True,False
300429134,abusive_share,True,False
300517546,abusive_share,True,False
300544631,abusive_share,True,False
300555220,abusive_share,True,False
300708934,abusive_share,True,False
300713896,abusive_share,True,False
300716073,abusive_share,True,False
300716340,abusive_share,True,False
300720756,abusive_share,True,False
302633315,abusive_share,True,False
302655451,abusive_share,True,False
302655454,abusive_share,True,False
303134029,abusive_share,True,False
303153324,abusive_share,True,False
303270809,abusive_share,True,False
303343533,abusive_share,True,False
303403510,abusive_share,True,False
303931906,abusive_share,True,False
303943104,abusive_share,True,False
303967315,abusive_share,True,False
303968204,abusive_share,True,False
304863348,abusive_share,True,False
305038186,abusive_share,True,False
305053183,abusive_share,True,False
305471832,abusive_share,True,False
305471853,abusive_share,True,False
305472107,abusive_share,True,False
305472118,abusive_share,True,False
305472138,abusive_share,True,False
305472158,abusive_share,True,False
305472160,abusive_share,True,False
305554141,abusive_share,True,False
305584671,abusive_share,True,False
305603575,abusive_share,True,False
305667743,abusive_share,True,False
305688224,abusive_share,True,False
305688227,abusive_share,True,False
305730789,abusive_share,True,False
305748355,abusive_share,True,False
305766367,abusive_share,True,False
305971389,abusive_share,True,False
305982256,abusive_share,True,False
306101242,abusive_share,True,False
306116108,abusive_share,True,False
308465543,abusive_share,True,False
308466850,abusive_share,True,False
309277120,abusive_share,True,False
309289954,abusive_share,True,False
310828484,abusive_share,True,False
310828537,abusive_share,True,False
310918293,abusive_share,True,False
310979268,abusive_share,True,False
310997959,abusive_share,True,False
310997994,abusive_share,True,False
311052348,abusive_share,True,False
311097321,abusive_share,True,False
311271332,abusive_share,True,False
311282942,abusive_share,True,False
311404777,abusive_share,True,False
311404978,abusive_share,True,False
313252337,abusive_share,True,False
313721704,abusive_share,True,False
313721831,abusive_share,True,False
313721860,abusive_share,True,False
313746003,abusive_share,True,False
314576171,abusive_share,True,False
316172806,abusive_share,True,False
316211545,abusive_share,True,False
316240170,abusive_share,True,False
316382656,abusive_share,True,False
316393364,abusive_share,True,False
316425262,abusive_share,True,False
316443460,abusive_share,True,False
316579484,abusive_share,True,False
316585041,abusive_share,True,False
316812712,abusive_share,True,False
318726773,abusive_share,True,False
318726842,abusive_share,True,False
319191868,abusive_share,True,False
319197427,abusive_share,True,False
319216512,abusive_share,True,False
319217695,abusive_share,True,False
319345669,abusive_share,True,False
319345732,abusive_share,True,False
319416696,abusive_share,True,False
320317581,abusive_share,True,False
320327930,abusive_share,True,False
320327967,abusive_share,True,False
320358027,abusive_share,True,False
320358160,abusive_share,True,False
320390845,abusive_share,True,False
320391197,abusive_share,True,False
320392234,abusive_share,True,False
320399397,abusive_share,True,False
320399620,abusive_share,True,False
320470960,abusive_share,True,False
320521960,abusive_share,True,False
320593022,abusive_share,True,False
320593058,abusive_share,True,False
320701847,abusive_share,True,False
320720387,abusive_share,True,False
320726425,abusive_share,True,False
320731444,abusive_share,True,False
320810322,abusive_share,True,False
320810324,abusive_share,True,False
320818605,abusive_share,True,False
320835382,abusive_share,True,False
323120722,abusive_share,True,False
323144538,abusive_share,True,False
323144574,abusive_share,True,False
323144594,abusive_share,True,False
323937155,abusive_share,True,False
323948095,abusive_share,True,False
323959345,abusive_share,True,False
323970332,abusive_share,True,False
324984724,abusive_share,True,False
325824039,abusive_share,True,False
325863411,abusive_share,True,False
325930588,abusive_share,True,False
326069672,abusive_share,True,False
326078537,abusive_share,True,False
326080354,abusive_share,True,False
326083083,abusive_share,True,False
326086678,abusive_share,True,False
326200108,abusive_share,True,False
328550799,abusive_share,True,False
328585290,abusive_share,True,False
329765542,abusive_share,True,False
330616439,abusive_share,True,False
330624407,abusive_share,True,False
330625667,abusive_share,True,False
330628061,abusive_share,True,False
330631834,abusive_share,True,False
333128317,abusive_share,True,False
333243343,abusive_share,True,False
333393483,abusive_share,True,False
335558880,abusive_share,True,False
335835054,abusive_share,True,False
336030802,abusive_share,True,False
336136816,abusive_share,True,False
338553412,abusive_share,True,False
338776389,abusive_share,True,False
341152486,abusive_share,True,False
341236389,abusive_share,True,False
341245969,abusive_share,True,False
341626630,abusive_share,True,False
345261064,abusive_share,True,False
346439644,abusive_share,True,False
346542737,abusive_share,True,False
346742393,abusive_share,True,False
346743205,abusive_share,True,False
346746464,abusive_share,True,False
346756682,abusive_share,True,False
349129125,abusive_share,True,False
350962334,abusive_share,True,False
352122026,abusive_share,True,False
352127730,abusive_share,True,False
354493675,abusive_share,True,False
354599452,abusive_share,True,False
354614382,abusive_share,True,False
354797603,abusive_share,True,False
357447614,abusive_share,True,False
357462872,abusive_share,True,False
357466472,abusive_share,True,False
357549193,abusive_share,True,False
359437856,abusive_share,True,False
360285371,abusive_share,True,False
360763218,abusive_share,True,False
360770744,abusive_share,True,False
360821592,abusive_share,True,False
364853289,abusive_share,True,False
368159691,abusive_share,True,False
368465222,abusive_share,True,False
369885427,abusive_share,True,False
371063590,abusive_share,True,False
379213663,abusive_share,True,False
380891745,abusive_share,True,False
381306619,abusive_share,True,False
381929268,abusive_share,True,False
381984130,abusive_share,True,False
383736946,abusive_share,True,False
383908459,abusive_share,True,False
384703530,abusive_share,True,False
385164041,abusive_share,True,False
385478465,abusive_share,True,False
385522247,abusive_share,True,False
385522683,abusive_share,True,False
385522761,abusive_share,True,False
385522818,abusive_share,True,False
385531142,abusive_share,True,False
388083150,abusive_share,True,False
388379960,abusive_share,True,False
388535762,abusive_share,True,False
388788767,abusive_share,True,False
388873071,abusive_share,True,False
388998056,abusive_share,True,False
394063261,abusive_share,True,False
394207066,abusive_share,True,False
394239784,abusive_share,True,False
394239785,abusive_share,True,False
394256789,abusive_share,True,False
394257166,abusive_share,True,False
396216388,abusive_share,True,False
396762509,abusive_share,True,False
397614997,abusive_share,True,False
397993501,abusive_share,True,False
398506290,abusive_share,True,False
399551160,abusive_share,True,False
399551164,abusive_share,True,False
399675976,abusive_share,True,False
399681243,abusive_share,True,False
399825871,abusive_share,True,False
403120128,abusive_share,True,False
403940411,abusive_share,True,False
404095923,abusive_share,True,False
405064112,abusive_share,True,False
405148677,abusive_share,True,False
405173034,abusive_share,True,False
407636919,abusive_share,True,False
407699585,abusive_share,True,False
408448534,abusive_share,True,False
410013819,abusive_share,True,False
410479185,abusive_share,True,False
410586498,abusive_share,True,False
410587428,abusive_share,True,False
410588369,abusive_share,True,False
412480988,abusive_share,True,False
413380797,abusive_share,True,False
413380799,abusive_share,True,False
413418437,abusive_share,True,False
413914160,abusive_share,True,False
415421671,abusive_share,True,False
415551305,abusive_share,True,False
416088587,abusive_share,True,False
416194267,abusive_share,True,False
416204120,abusive_share,True,False
416220601,abusive_share,True,False
417885828,abusive_share,True,False
418706976,abusive_share,True,False
418708804,abusive_share,True,False
418833918,abusive_share,True,False
418834917,abusive_share,True,False
418930509,abusive_share,True,False
419061382,abusive_share,True,False
420934840,abusive_share,True,False
424101058,abusive_share,True,False
424102116,abusive_share,True,False
424281305,abusive_share,True,False
425544570,abusive_share,True,False
425852560,abusive_share,True,False
425912568,abusive_share,True,False
429061101,abusive_share,True,False
429061471,abusive_share,True,False
429061504,abusive_share,True,False
430786106,abusive_share,True,False
430893367,abusive_share,True,False
430897368,abusive_share,True,False
433624536,abusive_share,True,False
433809549,abusive_share,True,False
434083170,abusive_share,True,False
434083598,abusive_share,True,False
435953120,abusive_share,True,False
439109780,abusive_share,True,False
439114738,abusive_share,True,False
439403183,abusive_share,True,False
443992657,abusive_share,True,False
445814711,abusive_share,True,False
445904123,abusive_share,True,False
449742425,abusive_share,True,False
449747190,abusive_share,True,False
449751875,abusive_share,True,False
449752909,abusive_share,True,False
450314974,abusive_share,True,False
450555054,abusive_share,True,False
450976284,abusive_share,True,False
453584752,abusive_share,True,False
454012558,abusive_share,True,False
454018006,abusive_share,True,False
454410064,abusive_share,True,False
455011364,abusive_share,True,False
455993742,abusive_share,True,False
458486998,abusive_share,True,False
458934638,abusive_share,True,False
458984729,abusive_share,True,False
459028465,abusive_share,True,False
459028808,abusive_share,True,False
459031253,abusive_share,True,False
459036409,abusive_share,True,False
459043545,abusive_share,True,False
459210884,abusive_share,True,False
459270653,abusive_share,True,False
459366250,abusive_share,True,False
459771788,abusive_share,True,False
460320411,abusive_share,True,False
463222220,abusive_share,True,False
463223573,abusive_share,True,False
463230687,abusive_share,True,False
463231476,abusive_share,True,False
463236185,abusive_share,True,False
463245817,abusive_share,True,False
463249414,abusive_share,True,False
463249986,abusive_share,True,False
463263608,abusive_share,True,False
463264834,abusive_share,True,False
463266377,abusive_share,True,False
463270710,abusive_share,True,False
463272781,abusive_share,True,False
463273310,abusive_share,True,False
463274633,abusive_share,True,False
463277681,abusive_share,True,False
463278069,abusive_share,True,False
463278539,abusive_share,True,False
463279301,abusive_share,True,False
463281481,abusive_share,True,False
463352281,abusive_share,True,False
463356104,abusive_share,True,False
463376747,abusive_share,True,False
463407405,abusive_share,True,False
463432840,abusive_share,True,False
463460063,abusive_share,True,False
463486461,abusive_share,True,False
463543554,abusive_share,True,False
463551580,abusive_share,True,False
463584576,abusive_share,True,False
463590908,abusive_share,True,False
463616358,abusive_share,True,False
463616806,abusive_share,True,False
463619841,abusive_share,True,False
463621832,abusive_share,True,False
463624332,abusive_share,True,False
463639533,abusive_share,True,False
463640156,abusive_share,True,False
463644553,abusive_share,True,False
463672275,abusive_share,True,False
463715219,abusive_share,True,False
463717073,abusive_share,True,False
463813537,abusive_share,True,False
463980899,abusive_share,True,False
464011811,abusive_share,True,False
464069693,abusive_share,True,False
464070002,abusive_share,True,False
464073529,abusive_share,True,False
464073622,abusive_share,True,False
464242469,abusive_share,True,False
464384018,abusive_share,True,False
464407009,abusive_share,True,False
464407109,abusive_share,True,False
464491269,abusive_share,True,False
464603758,abusive_share,True,False
464728846,abusive_share,True,False
464771772,abusive_share,True,False
465131473,abusive_share,True,False
465644404,abusive_share,True,False
466025344,abusive_share,True,False
468388162,abusive_share,True,False
468412982,abusive_share,True,False
469265328,abusive_share,True,False
469273175,abusive_share,True,False
470278867,abusive_share,True,False
470467965,abusive_share,True,False
471469587,abusive_share,True,False
474353449,abusive_share,True,False
474519485,abusive_share,True,False
474530446,abusive_share,True,False
478107834,abusive_share,True,False
478205886,abusive_share,True,False
478566718,abusive_share,True,False
478586795,abusive_share,True,False
478588163,abusive_share,True,False
479021582,abusive_share,True,False
482143373,abusive_share,True,False
482284179,abusive_share,True,False
482569096,abusive_share,True,False
482575379,abusive_share,True,False
482624716,abusive_share,True,False
482673821,abusive_share,True,False
482734854,abusive_share,True,False
482992934,abusive_share,True,False
483284017,abusive_share,True,False
483481921,abusive_share,True,False
483591925,abusive_share,True,False
483763972,abusive_share,True,False
484586143,abusive_share,True,False
484752531,abusive_share,True,False
484795289,abusive_share,True,False
484822825,abusive_share,True,False
484932751,abusive_share,True,False
486306129,abusive_share,True,False
486320397,abusive_share,True,False
486599885,abusive_share,True,False
487034172,abusive_share,True,False
487037593,abusive_share,True,False
487110615,abusive_share,True,False
487481840,abusive_share,True,False
488050831,abusive_share,True,False
488842112,abusive_share,True,False
488896742,abusive_share,True,False
490116952,abusive_share,True,False
490414567,abusive_share,True,False
491214950,abusive_share,True,False
491473862,abusive_share,True,False
492027857,abusive_share,True,False
493834315,abusive_share,True,False
493888564,abusive_share,True,False
494010106,abusive_share,True,False
494067043,abusive_share,True,False
494459338,abusive_share,True,False
494588514,abusive_share,True,False
494625218,abusive_share,True,False
496400113,abusive_share,True,False
496513469,abusive_share,True,False
496589607,abusive_share,True,False
497393315,abusive_share,True,False
497697267,abusive_share,True,False
497727631,abusive_share,True,False
498293256,abusive_share,True,False
498309189,abusive_share,True,False
498313605,abusive_share,True,False
498408353,abusive_share,True,False
498463162,abusive_share,True,False
498500311,abusive_share,True,False
498506298,abusive_share,True,False
498612640,abusive_share,True,False
498774109,abusive_share,True,False
498818624,abusive_share,True,False
499568783,abusive_share,True,False
499592284,abusive_share,True,False
499592286,abusive_share,True,False
499639630,abusive_share,True,False
499645256,abusive_share,True,False
499708361,abusive_share,True,False
499736260,abusive_share,True,False
499894262,abusive_share,True,False
501661315,abusive_share,True,False
501724173,abusive_share,True,False
502140611,abusive_share,True,False
502235549,abusive_share,True,False
502733856,abusive_share,True,False
503627188,abusive_share,True,False
505576040,abusive_share,True,False
506737634,abusive_share,True,False
508020761,abusive_share,True,False
509053081,abusive_share,True,False
509403934,abusive_share,True,False
509412343,abusive_share,True,False
509780404,abusive_share,True,False
509846839,abusive_share,True,False
510000385,abusive_share,True,False
510237912,abusive_share,True,False
510291885,abusive_share,True,False
510311639,abusive_share,True,False
510313946,abusive_share,True,False
510691376,abusive_share,True,False
511373741,abusive_share,True,False
511531899,abusive_share,True,False
511900980,abusive_share,True,False
512953614,abusive_share,True,False
513342109,abusive_share,True,False
513433338,abusive_share,True,False
513589734,abusive_share,True,False
513801056,abusive_share,True,False
513919264,abusive_share,True,False
514025175,abusive_share,True,False
514153440,abusive_share,True,False
514158489,abusive_share,True,False
514267647,abusive_share,True,False
514284284,abusive_share,True,False
514293110,abusive_share,True,False
514314667,abusive_share,True,False
514335097,abusive_share,True,False
515455722,abusive_share,True,False
515549802,abusive_share,True,False
515709613,abusive_share,True,False
517141099,abusive_share,True,False
517414517,abusive_share,True,False
518000228,abusive_share,True,False
518078710,abusive_share,True,False
518307828,abusive_share,True,False
518560648,abusive_share,True,False
519329663,abusive_share,True,False
519697057,abusive_share,True,False
524323411,abusive_share,True,False
525688489,abusive_share,True,False
525719019,abusive_share,True,False
526752806,abusive_share,True,False
528256073,abusive_share,True,False
529579101,abusive_share,True,False
531433580,abusive_share,True,False
532151885,abusive_share,True,False
532329116,abusive_share,True,False
534289832,abusive_share,True,False
536248780,abusive_share,True,False
538513432,abusive_share,True,False
542555392,abusive_share,True,False
542737268,abusive_share,True,False
543052130,abusive_share,True,False
545742922,abusive_share,True,False
545892546,abusive_share,True,False
546731481,abusive_share,True,False
548829409,abusive_share,True,False
548887246,abusive_share,True,False
549897155,abusive_share,True,False
551317718,abusive_share,True,False
552146744,abusive_share,True,False
555182120,abusive_share,True,False
555462189,abusive_share,True,False
556135388,abusive_share,True,False
556548806,abusive_share,True,False
557479800,abusive_share,True,False
559576700,abusive_share,True,False
561126475,abusive_share,True,False
561624865,abusive_share,True,False
561627017,abusive_share,True,False
561695324,abusive_share,True,False
562646543,abusive_share,True,False
563633952,abusive_share,True,False
564068817,abusive_share,True,False
565203284,abusive_share,True,False
565329944,abusive_share,True,False
565336151,abusive_share,True,False
566865170,abusive_share,True,False
566993615,abusive_share,True,False
568197006,abusive_share,True,False
568910199,abusive_share,True,False
569958210,abusive_share,True,False
571184990,abusive_share,True,False
572271363,abusive_share,True,False
572445013,abusive_share,True,False
573698973,abusive_share,True,False
573802182,abusive_share,True,False
574182805,abusive_share,True,False
575984313,abusive_share,True,False
576452090,abusive_share,True,False
576718308,abusive_share,True,False
576745131,abusive_share,True,False
578035358,abusive_share,True,False
578166633,abusive_share,True,False
578389573,abusive_share,True,False
578545368,abusive_share,True,False
579882111,abusive_share,True,False
580062003,abusive_share,True,False
580576005,abusive_share,True,False
580704522,abusive_share,True,False
580787221,abusive_share,True,False
580925499,abusive_share,True,False
581152188,abusive_share,True,False
582793261,abusive_share,True,False
585114065,abusive_share,True,False
585247087,abusive_share,True,False
585303591,abusive_share,True,False
585480449,abusive_share,True,False
586685850,abusive_share,True,False
586806170,abusive_share,True,False
587207862,abusive_share,True,False
588562359,abusive_share,True,False
589458929,abusive_share,True,False
591173056,abusive_share,True,False
591180711,abusive_share,True,False
592928275,abusive_share,True,False
592928283,abusive_share,True,False
593144551,abusive_share,True,False
593347371,abusive_share,True,False
595404191,abusive_share,True,False
598005744,abusive_share,True,False
598131852,abusive_share,True,False
600995335,abusive_share,True,False
601499500,abusive_share,True,False
601606047,abusive_share,True,False
603793559,abusive_share,True,False
605894053,abusive_share,True,False
608083645,abusive_share,True,False
608252499,abusive_share,True,False
608252719,abusive_share,True,False
609156657,abusive_share,True,False
609156663,abusive_share,True,False
609483814,abusive_share,True,False
609568392,abusive_share,True,False
610035593,abusive_share,True,False
610036707,abusive_share,True,False
610132043,abusive_share,True,False
610134720,abusive_share,True,False
611573832,abusive_share,True,False
611849134,abusive_share,True,False
611850229,abusive_share,True,False
612159286,abusive_share,True,False
612176483,abusive_share,True,False
612276972,abusive_share,True,False
613446101,abusive_share,True,False
614322220,abusive_share,True,False
614656376,abusive_share,True,False
614792723,abusive_share,True,False
616669255,abusive_share,True,False
617604977,abusive_share,True,False
618300823,abusive_share,True,False
618773434,abusive_share,True,False
618856667,abusive_share,True,False
619001038,abusive_share,True,False
619953293,abusive_share,True,False
620044315,abusive_share,True,False
620229780,abusive_share,True,False
620656110,abusive_share,True,False
620704561,abusive_share,True,False
623061071,abusive_share,True,False
624366788,abusive_share,True,False
624944930,abusive_share,True,False
626316276,abusive_share,True,False
626327313,abusive_share,True,False
627336210,abusive_share,True,False
628417911,abusive_share,True,False
628546319,abusive_share,True,False
628927477,abusive_share,True,False
628985590,abusive_share,True,False
629124068,abusive_share,True,False
630450719,abusive_share,True,False
631448876,abusive_share,True,False
631450670,abusive_share,True,False
631568983,abusive_share,True,False
631692787,abusive_share,True,False
633002422,abusive_share,True,False
633208330,abusive_share,True,False
633547879,abusive_share,True,False
633547933,abusive_share,True,False
634774044,abusive_share,True,False
634818951,abusive_share,True,False
635485249,abusive_share,True,False
635499430,abusive_share,True,False
635962474,abusive_share,True,False
636081227,abusive_share,True,False
637496409,abusive_share,True,False
637520016,abusive_share,True,False
637881966,abusive_share,True,False
637888676,abusive_share,True,False
641116557,abusive_share,True,False
641535146,abusive_share,True,False
641868299,abusive_share,True,False
642177779,abusive_share,True,False
642179481,abusive_share,True,False
643348611,abusive_share,True,False
643660064,abusive_share,True,False
643696124,abusive_share,True,False
644713450,abusive_share,True,False
646654876,abusive_share,True,False
646725777,abusive_share,True,False
648005736,abusive_share,True,False
648643088,abusive_share,True,False
648794921,abusive_share,True,False
649033089,abusive_share,True,False
649179212,abusive_share,True,False
650168126,abusive_share,True,False
652489625,abusive_share,True,False
652489632,abusive_share,True,False
653355387,abusive_share,True,False
658243545,abusive_share,True,False
659254809,abusive_share,True,False
659883951,abusive_share,True,False
659924072,abusive_share,True,False
661782594,abusive_share,True,False
662493595,abusive_share,True,False
665723658,abusive_share,True,False
666602318,abusive_share,True,False
667100739,abusive_share,True,False
667350139,abusive_share,True,False
669027589,abusive_share,True,False
671210610,abusive_share,True,False
671591448,abusive_share,True,False
675132108,abusive_share,True,False
677609087,abusive_share,True,False
678079562,abusive_share,True,False
678916473,abusive_share,True,False
678956522,abusive_share,True,False
680270463,abusive_share,True,False
680309439,abusive_share,True,False
680706117,abusive_share,True,False
680924228,abusive_share,True,False
682518250,abusive_share,True,False
684518402,abusive_share,True,False
685449106,abusive_share,True,False
687755710,abusive_share,True,False
688935400,abusive_share,True,False
689064910,abusive_share,True,False
689462529,abusive_share,True,False
692022527,abusive_share,True,False
692479740,abusive_share,True,False
692630312,abusive_share,True,False
695245984,abusive_share,True,False
697421834,abusive_share,True,False
699094369,abusive_share,True,False
699358008,abusive_share,True,False
699405540,abusive_share,True,False
699939546,abusive_share,True,False
702256879,abusive_share,True,False
702424612,abusive_share,True,False
704898685,abusive_share,True,False
706383927,abusive_share,True,False
709210878,abusive_share,True,False
712245384,abusive_share,True,False
713373253,abusive_share,True,False
713865077,abusive_share,True,False
714843217,abusive_share,True,False
716020227,abusive_share,True,False
716396366,abusive_share,True,False
717865608,abusive_share,True,False
718937111,abusive_share,True,False
719096031,abusive_share,True,False
721586543,abusive_share,True,False
723449195,abusive_share,True,False
726355623,abusive_share,True,False
726373735,abusive_share,True,False
729466151,abusive_share,True,False
731201545,abusive_share,True,False
731334045,abusive_share,True,False
733402050,abusive_share,True,False
736734886,abusive_share,True,False
736915937,abusive_share,True,False
738555490,abusive_share,True,False
739163405,abusive_share,True,False
741546721,abusive_share,True,False
744628341,abusive_share,True,False
744822319,abusive_share,True,False
745148132,abusive_share,True,False
745422871,abusive_share,True,False
747381483,abusive_share,True,False
748773084,abusive_share,True,False
748779812,abusive_share,True,False
749947102,abusive_share,True,False
753681263,abusive_share,True,False
753915529,abusive_share,True,False
753916338,abusive_share,True,False
754733010,abusive_share,True,False
756086627,abusive_share,True,False
757682411,abusive_share,True,False
757682488,abusive_share,True,False
757682596,abusive_share,True,False
758695510,abusive_share,True,False
763739842,abusive_share,True,False
764996192,abusive_share,True,False
768669969,abusive_share,True,False
768907129,abusive_share,True,False
769070560,abusive_share,True,False
777264837,abusive_share,True,False
777423075,abusive_share,True,False
779631954,abusive_share,True,False
782177106,abusive_share,True,False
783853974,abusive_share,True,False
784569041,abusive_share,True,False
785006646,abusive_share,True,False
789617992,abusive_share,True,False
792012806,abusive_share,True,False
793662553,abusive_share,True,False
793662945,abusive_share,True,False
794513600,abusive_share,True,False
794538600,abusive_share,True,False
797036989,abusive_share,True,False
798978875,abusive_share,True,False
802387196,abusive_share,True,False
802606778,abusive_share,True,False
806133094,abusive_share,True,False
811993629,abusive_share,True,False
814002044,abusive_share,True,False
814488751,abusive_share,True,False
816849349,abusive_share,True,False
816965293,abusive_share,True,False
819671780,abusive_share,True,False
819671781,abusive_share,True,False
819671782,abusive_share,True,False
819671783,abusive_share,True,False
819671785,abusive_share,True,False
824349364,abusive_share,True,False
824373648,abusive_share,True,False
824373652,abusive_share,True,False
824373654,abusive_share,True,False
824374622,abusive_share,True,False
824374625,abusive_share,True,False
824374634,abusive_share,True,False
824376415,abusive_share,True,False
824376419,abusive_share,True,False
824376430,abusive_share,True,False
824376434,abusive_share,True,False
824392752,abusive_share,True,False
824392756,abusive_share,True,False
824392761,abusive_share,True,False
824392787,abusive_share,True,False
824392791,abusive_share,True,False
824392797,abusive_share,True,False
824392806,abusive_share,True,False
824400171,abusive_share,True,False
824400176,abusive_share,True,False
824400181,abusive_share,True,False
824403169,abusive_share,True,False
824403180,abusive_share,True,False
824403181,abusive_share,True,False
824424587,abusive_share,True,False
824424599,abusive_share,True,False
824424601,abusive_share,True,False
824424603,abusive_share,True,False
824465045,abusive_share,True,False
824465050,abusive_share,True,False
824465055,abusive_share,True,False
824465058,abusive_share,True,False
824484872,abusive_share,True,False
824484880,abusive_share,True,False
824484895,abusive_share,True,False
824484902,abusive_share,True,False
824484904,abusive_share,True,False
824581454,abusive_share,True,False
824581519,abusive_share,True,False
824581522,abusive_share,True,False
824581525,abusive_share,True,False
824581532,abusive_share,True,False
824597498,abusive_share,True,False
824597500,abusive_share,True,False
824608072,abusive_share,True,False
824608080,abusive_share,True,False
829338455,abusive_share,True,False
829338819,abusive_share,True,False
829338823,abusive_share,True,False
829344896,abusive_share,True,False
829344906,abusive_share,True,False
829368712,abusive_share,True,False
829368721,abusive_share,True,False
829376391,abusive_share,True,False
829376415,abusive_share,True,False
829376417,abusive_share,True,False
829377537,abusive_share,True,False
829377540,abusive_share,True,False
829410011,abusive_share,True,False
829466653,abusive_share,True,False
829556130,abusive_share,True,False
829568986,abusive_share,True,False
829568988,abusive_share,True,False
831235791,abusive_share,True,False
836106353,abusive_share,True,False
837481387,abusive_share,True,False
837708611,abusive_share,True,False
839043364,abusive_share,True,False
839106884,abusive_share,True,False
840063053,abusive_share,True,False
841108369,abusive_share,True,False
841251626,abusive_share,True,False
841574236,abusive_share,True,False
844396085,abusive_share,True,False
844644359,abusive_share,True,False
846257438,abusive_share,True,False
849346815,abusive_share,True,False
849825878,abusive_share,True,False
850000790,abusive_share,True,False
851315318,abusive_share,True,False
858981546,abusive_share,True,False
859083276,abusive_share,True,False
864587053,abusive_share,True,False
867013860,abusive_share,True,False
869425346,abusive_share,True,False
874020515,abusive_share,True,False
874269786,abusive_share,True,False
875599184,abusive_share,True,False
880925915,abusive_share,True,False
882807661,abusive_share,True,False
882807674,abusive_share,True,False
882807679,abusive_share,True,False
882807694,abusive_share,True,False
882807713,abusive_share,True,False
882807738,abusive_share,True,False
882807743,abusive_share,True,False
882808353,abusive_share,True,False
882811401,abusive_share,True,False
882811805,abusive_share,True,False
882812359,abusive_share,True,False
883057043,abusive_share,True,False
883093426,abusive_share,True,False
883093439,abusive_share,True,False
883093881,abusive_share,True,False
883094380,abusive_share,True,False
883095036,abusive_share,True,False
883095037,abusive_share,True,False
883095141,abusive_share,True,False
883095180,abusive_share,True,False
883095856,abusive_share,True,False
883095936,abusive_share,True,False
883095939,abusive_share,True,False
883095944,abusive_share,True,False
883096021,abusive_share,True,False
883096072,abusive_share,True,False
883096096,abusive_share,True,False
883096122,abusive_share,True,False
883096133,abusive_share,True,False
883096157,abusive_share,True,False
883096160,abusive_share,True,False
883096246,abusive_share,True,False
883096909,abusive_share,True,False
883097077,abusive_share,True,False
883097220,abusive_share,True,False
883098225,abusive_share,True,False
883098509,abusive_share,True,False
883098700,abusive_share,True,False
883099014,abusive_share,True,False
883099028,abusive_share,True,False
883099031,abusive_share,True,False
883099033,abusive_share,True,False
883099036,abusive_share,True,False
883099170,abusive_share,True,False
883099268,abusive_share,True,False
883099297,abusive_share,True,False
883099504,abusive_share,True,False
883100562,abusive_share,True,False
883100937,abusive_share,True,False
883100940,abusive_share,True,False
883101000,abusive_share,True,False
883101004,abusive_share,True,False
883101483,abusive_share,True,False
883101508,abusive_share,True,False
883101990,abusive_share,True,False
883102328,abusive_share,True,False
883102339,abusive_share,True,False
883102360,abusive_share,True,False
883102850,abusive_share,True,False
883126576,abusive_share,True,False
883126761,abusive_share,True,False
883126800,abusive_share,True,False
883126804,abusive_share,True,False
883126808,abusive_share,True,False
883126819,abusive_share,True,False
883126824,abusive_share,True,False
883126827,abusive_share,True,False
883126978,abusive_share,True,False
883126999,abusive_share,True,False
883127010,abusive_share,True,False
883127016,abusive_share,True,False
883127020,abusive_share,True,False
883127133,abusive_share,True,False
883127221,abusive_share,True,False
883127223,abusive_share,True,False
883127227,abusive_share,True,False
883127255,abusive_share,True,False
883127258,abusive_share,True,False
883127279,abusive_share,True,False
883127282,abusive_share,True,False
883127286,abusive_share,True,False
883127289,abusive_share,True,False
883127518,abusive_share,True,False
883127892,abusive_share,True,False
885283451,abusive_share,True,False
886068640,abusive_share,True,False
889251790,abusive_share,True,False
889254949,abusive_share,True,False
891898046,abusive_share,True,False
893451850,abusive_share,True,False
893844684,abusive_share,True,False
894363961,abusive_share,True,False
894696450,abusive_share,True,False
895852748,abusive_share,True,False
896075614,abusive_share,True,False
898397310,abusive_share,True,False
899985853,abusive_share,True,False
901597833,abusive_share,True,False
904322907,abusive_share,True,False
904757581,abusive_share,True,False
905295487,abusive_share,True,False
906638998,abusive_share,True,False
907549508,abusive_share,True,False
909612344,abusive_share,True,False
914548903,abusive_share,True,False
918779185,abusive_share,True,False
920066779,abusive_share,True,False
920083059,abusive_share,True,False
923145433,abusive_share,True,False
925444902,abusive_share,True,False
932289572,abusive_share,True,False
932466404,abusive_share,True,False
935352044,abusive_share,True,False
938132486,abusive_share,True,False
939313413,abusive_share,True,False
940493284,abusive_share,True,False
944516215,abusive_share,True,False
945029879,abusive_share,True,False
947504389,abusive_share,True,False
948782675,abusive_share,True,False
948810718,abusive_share,True,False
949605178,abusive_share,True,False
949778945,abusive_share,True,False
950026418,abusive_share,True,False
951317613,abusive_share,True,False
951572027,abusive_share,True,False
952343490,abusive_share,True,False
953933029,abusive_share,True,False
954222611,abusive_share,True,False
954481198,abusive_share,True,False
954522055,abusive_share,True,False
954761249,abusive_share,True,False
955929224,abusive_share,True,False
956167274,abusive_share,True,False
956169525,abusive_share,True,False
956903547,abusive_share,True,False
958308743,abusive_share,True,False
958679320,abusive_share,True,False
958921366,abusive_share,True,False
959573341,abusive_share,True,False
959960921,abusive_share,True,False
961876806,abusive_share,True,False
961922235,abusive_share,True,False
962109282,abusive_share,True,False
964152562,abusive_share,True,False
966686585,abusive_share,True,False
968107336,abusive_share,True,False
969811721,abusive_share,True,False
971418387,abusive_share,True,False
971428819,abusive_share,True,False
973407030,abusive_share,True,False
974242995,abusive_share,True,False
974528315,abusive_share,True,False
976661236,abusive_share,True,False
980793020,abusive_share,True,False
983115295,abusive_share,True,False
983264796,abusive_share,True,False
983388148,abusive_share,True,False
986192408,abusive_share,True,False
986344309,abusive_share,True,False
987852791,abusive_share,True,False
987865228,abusive_share,True,False
988414707,abusive_share,True,False
988942286,abusive_share,True,False
989348608,abusive_share,True,False
990553436,abusive_share,True,False
992004794,abusive_share,True,False
993673931,abusive_share,True,False
994333001,abusive_share,True,False
994565363,abusive_share,True,False
994596058,abusive_share,True,False
997264920,abusive_share,True,False
997289810,abusive_share,True,False
998294180,abusive_share,True,False
998300365,abusive_share,True,False
998788886,abusive_share,True,False
999293315,abusive_share,True,False
999552739,abusive_share,True,False
999831855,abusive_share,True,False
999874434,abusive_share,True,False
999970806,abusive_share,True,False
1000350108,abusive_share,True,False
1000436987,abusive_share,True,False
1000810976,abusive_share,True,False
1001162986,abusive_share,True,False
1001235901,abusive_share,True,False
1001902424,abusive_share,True,False
1002299820,abusive_share,True,False
1004157220,abusive_share,True,False
1004180531,abusive_share,True,False
1006664872,abusive_share,True,False
1006847671,abusive_share,True,False
1007154063,abusive_share,True,False
1009033347,abusive_share,True,False
1009367296,abusive_share,True,False
1009386068,abusive_share,True,False
1009887141,abusive_share,True,False
1012033751,abusive_share,True,False
1012498203,abusive_share,True,False
1014488086,abusive_share,True,False
1015496232,abusive_share,True,False
1015497500,abusive_share,True,False
1016697419,abusive_share,True,False
1017467075,abusive_share,True,False
1022014385,abusive_share,True,False
1022238602,abusive_share,True,False
1029679280,abusive_share,True,False
1029703055,abusive_share,True,False
1030282641,abusive_share,True,False
1030561909,abusive_share,True,False
1030583297,abusive_share,True,False
1033061234,abusive_share,True,False
1033580953,abusive_share,True,False
1033580959,abusive_share,True,False
1035906600,abusive_share,True,False
1038879585,abusive_share,True,False
1038929311,abusive_share,True,False
1041102601,abusive_share,True,False
1041103620,abusive_share,True,False
1041544707,abusive_share,True,False
1043192055,abusive_share,True,False
1043935179,abusive_share,True,False
1044110177,abusive_share,True,False
1045905618,abusive_share,True,False
1048301473,abusive_share,True,False
1049478412,abusive_share,True,False
1052192342,abusive_share,True,False
1053561089,abusive_share,True,False
1054069666,abusive_share,True,False
1055924553,abusive_share,True,False
1057039358,abusive_share,True,False
1057314761,abusive_share,True,False
1057321267,abusive_share,True,False
1059891476,abusive_share,True,False
1060098767,abusive_share,True,False
1062263846,abusive_share,True,False
1062263890,abusive_share,True,False
1062263904,abusive_share,True,False
1062666876,abusive_share,True,False
1067590805,abusive_share,True,False
1067716539,abusive_share,True,False
1067732589,abusive_share,True,False
1069258860,abusive_share,True,False
1070161278,abusive_share,True,False
1072296036,abusive_share,True,False
1072506016,abusive_share,True,False
1072506120,abusive_share,True,False
1072629851,abusive_share,True,False
1072729274,abusive_share,True,False
1072754680,abusive_share,True,False
1072981293,abusive_share,True,False
1073224270,abusive_share,True,False
1073224297,abusive_share,True,False
1073224301,abusive_share,True,False
1073332987,abusive_share,True,False
1074026365,abusive_share,True,False
1075240684,abusive_share,True,False
1075282938,abusive_share,True,False
1075526126,abusive_share,True,False
1076593835,abusive_share,True,False
1077219763,abusive_share,True,False
1078441814,abusive_share,True,False
1078441878,abusive_share,True,False
1079688151,abusive_share,True,False
1080612529,abusive_share,True,False
1080736665,abusive_share,True,False
1082451633,abusive_share,True,False
1082592050,abusive_share,True,False
1082592076,abusive_share,True,False
1082868208,abusive_share,True,False
1082943013,abusive_share,True,False
1085628387,abusive_share,True,False
1085628408,abusive_share,True,False
1085629764,abusive_share,True,False
1085725355,abusive_share,True,False
1085746418,abusive_share,True,False
1087548462,abusive_share,True,False
1087730073,abusive_share,True,False
1087730261,abusive_share,True,False
1087731065,abusive_share,True,False
1087731223,abusive_share,True,False
1087808411,abusive_share,True,False
1088864631,abusive_share,True,False
1088864769,abusive_share,True,False
1090729882,abusive_share,True,False
1090944468,abusive_share,True,False
1090944472,abusive_share,True,False
1090944683,abusive_share,True,False
1090944688,abusive_share,True,False
1090944712,abusive_share,True,False
1090944717,abusive_share,True,False
1090959367,abusive_share,True,False
1090970615,abusive_share,True,False
1093038190,abusive_share,True,False
1093743403,abusive_share,True,False
1094910221,abusive_share,True,False
1096501442,abusive_share,True,False
1099276408,abusive_share,True,False
1101569464,abusive_share,True,False
1101747001,abusive_share,True,False
1101790766,abusive_share,True,False
1102830566,abusive_share,True,False
1103336098,abusive_share,True,False
1104310719,abusive_share,True,False
1104469410,abusive_share,True,False
1104469470,abusive_share,True,False
1109805058,abusive_share,True,False
1112422826,abusive_share,True,False
1112486120,abusive_share,True,False
1119397764,abusive_share,True,False
1120161275,abusive_share,True,False
1128180363,abusive_share,True,False
1129270987,abusive_share,True,False
1133359676,abusive_share,True,False
1136019794,abusive_share,True,False
1136115081,abusive_share,True,False
1138581365,abusive_share,True,False
1138586612,abusive_share,True,False
1147657607,abusive_share,True,False
1147733375,abusive_share,True,False
1150789802,abusive_share,True,False
1151530623,abusive_share,True,False
1151535051,abusive_share,True,False
1154319629,abusive_share,True,False
1155312104,abusive_share,True,False
1157954144,abusive_share,True,False
1158364285,abusive_share,True,False
1158983628,abusive_share,True,False
1159548750,abusive_share,True,False
1160072220,abusive_share,True,False
1161833464,abusive_share,True,False
1166696611,abusive_share,True,False
1168325640,abusive_share,True,False
1168326245,abusive_share,True,False
1169092641,abusive_share,True,False
1173731521,abusive_share,True,False
1174362914,abusive_share,True,False
1178871719,abusive_share,True,False
1178873950,abusive_share,True,False
1185011337,abusive_share,True,False
1187725788,abusive_share,True,False
1192376435,abusive_share,True,False
1195818403,abusive_share,True,False
1200470386,abusive_share,True,False
1201054710,abusive_share,True,False
1204037713,abusive_share,True,False
1206227097,abusive_share,True,False
1206227115,abusive_share,True,False
1206227140,abusive_share,True,False
1206227163,abusive_share,True,False
1206228690,abusive_share,True,False
1206228693,abusive_share,True,False
1206228708,abusive_share,True,False
1206228717,abusive_share,True,False
1206258606,abusive_share,True,False
1206258625,abusive_share,True,False
1206258634,abusive_share,True,False
1206339308,abusive_share,True,False
1206339312,abusive_share,True,False
1206339385,abusive_share,True,False
1206339420,abusive_share,True,False
1206341978,abusive_share,True,False
1206342000,abusive_share,True,False
1206343459,abusive_share,True,False
1206343578,abusive_share,True,False
1206470974,abusive_share,True,False
1206531153,abusive_share,True,False
1206761002,abusive_share,True,False
1212026938,abusive_share,True,False
1213374965,abusive_share,True,False
1213993385,abusive_share,True,False
1214912341,abusive_share,True,False
1221505181,abusive_share,True,False
1222758825,abusive_share,True,False
1227775277,abusive_share,True,False
1232681565,abusive_share,True,False
1243901166,abusive_share,True,False
1243904392,abusive_share,True,False
1248868342,abusive_share,True,False
1249295940,abusive_share,True,False
1254663445,abusive_share,True,False
1256442985,abusive_share,True,False
1256827957,abusive_share,True,False
1258105118,abusive_share,True,False
1258723838,abusive_share,True,False
1265090828,abusive_share,True,False
1265112327,abusive_share,True,False
1265482905,abusive_share,True,False
1265873883,abusive_share,True,False
1266699882,abusive_share,True,False
1267555613,abusive_share,True,False
1268008706,abusive_share,True,False
1272024422,abusive_share,True,False
1272420104,abusive_share,True,False
1274359211,abusive_share,True,False
1274456930,abusive_share,True,False
1276787355,abusive_share,True,False
1283135030,abusive_share,True,False
1291383314,abusive_share,True,False
1293341387,abusive_share,True,False
1295277006,abusive_share,True,False
1296685797,abusive_share,True,False
1298146975,abusive_share,True,False
1298350539,abusive_share,True,False
1299121959,abusive_share,True,False
1299342395,abusive_share,True,False
1300403774,abusive_share,True,False
1300505745,abusive_share,True,False
1300619344,abusive_share,True,False
1300633861,abusive_share,True,False
1308831956,abusive_share,True,False
1308833495,abusive_share,True,False
1309893405,abusive_share,True,False
1313601842,abusive_share,True,False
1314571085,abusive_share,True,False
1315189304,abusive_share,True,False
1316780357,abusive_share,True,False
1322003820,abusive_share,True,False
1323331722,abusive_share,True,False
1335768562,abusive_share,True,False
1339779163,abusive_share,True,False
1341908757,abusive_share,True,False
1342017988,abusive_share,True,False
1342713433,abusive_share,True,False
1342718041,abusive_share,True,False
1342719495,abusive_share,True,False
1342888839,abusive_share,True,False
1342897936,abusive_share,True,False
1347648713,abusive_share,True,False
1350815250,abusive_share,True,False
1353432732,abusive_share,True,False
1357019501,abusive_share,True,False
1358303505,abusive_share,True,False
1359159083,abusive_share,True,False
1365597929,abusive_share,True,False
1368408375,abusive_share,True,False
1370625058,abusive_share,True,False
1373846247,abusive_share,True,False
1373846253,abusive_share,True,False
1377423819,abusive_share,True,False
1379815063,abusive_share,True,False
1382511454,abusive_share,True,False
1382752015,abusive_share,True,False
1382773017,abusive_share,True,False
1388182645,abusive_share,True,False
1392109964,abusive_share,True,False
1392110536,abusive_share,True,False
1392110596,abusive_share,True,False
1392110640,abusive_share,True,False
1392110641,abusive_share,True,False
1392110676,abusive_share,True,False
1392110758,abusive_share,True,False
1392110766,abusive_share,True,False
1392111650,abusive_share,True,False
1392112125,abusive_share,True,False
1392112139,abusive_share,True,False
1392113492,abusive_share,True,False
1392129514,abusive_share,True,False
1392138873,abusive_share,True,False
1392196069,abusive_share,True,False
1392197125,abusive_share,True,False
1392206996,abusive_share,True,False
1392305398,abusive_share,True,False
1392382860,abusive_share,True,False
1392690295,abusive_share,True,False
1393112824,abusive_share,True,False
1393156976,abusive_share,True,False
1393174038,abusive_share,True,False
1393187526,abusive_share,True,False
1393212492,abusive_share,True,False
1393219004,abusive_share,True,False
1393219643,abusive_share,True,False
1393220283,abusive_share,True,False
1393220716,abusive_share,True,False
1393221721,abusive_share,True,False
1393222044,abusive_share,True,False
1393223482,abusive_share,True,False
1393223834,abusive_share,True,False
1393224550,abusive_share,True,False
1393224842,abusive_share,True,False
1393225421,abusive_share,True,False
1393225529,abusive_share,True,False
1393225619,abusive_share,True,False
1393225622,abusive_share,True,False
1393225642,abusive_share,True,False
1393225648,abusive_share,True,False
1393225705,abusive_share,True,False
1393225708,abusive_share,True,False
1393225725,abusive_share,True,False
1393225728,abusive_share,True,False
1393225740,abusive_share,True,False
1393226587,abusive_share,True,False
1393226603,abusive_share,True,False
1393226606,abusive_share,True,False
1393226609,abusive_share,True,False
1393226682,abusive_share,True,False
1393226685,abusive_share,True,False
1393226884,abusive_share,True,False
1393226895,abusive_share,True,False
1393226927,abusive_share,True,False
1393226983,abusive_share,True,False
1393226989,abusive_share,True,False
1393226995,abusive_share,True,False
1393227163,abusive_share,True,False
1393227456,abusive_share,True,False
1393228178,abusive_share,True,False
1393228625,abusive_share,True,False
1393228635,abusive_share,True,False
1393229004,abusive_share,True,False
1393229527,abusive_share,True,False
1393229839,abusive_share,True,False
1393229842,abusive_share,True,False
1393229910,abusive_share,True,False
1393230056,abusive_share,True,False
1393230208,abusive_share,True,False
1393230854,abusive_share,True,False
1393231166,abusive_share,True,False
1393231209,abusive_share,True,False
1393231448,abusive_share,True,False
1393231657,abusive_share,True,False
1393231717,abusive_share,True,False
1393231730,abusive_share,True,False
1393232315,abusive_share,True,False
1393232405,abusive_share,True,False
1393233615,abusive_share,True,False
1393233638,abusive_share,True,False
1393233694,abusive_share,True,False
1393234031,abusive_share,True,False
1393235227,abusive_share,True,False
1393235289,abusive_share,True,False
1393235484,abusive_share,True,False
1393235508,abusive_share,True,False
1393236038,abusive_share,True,False
1393236068,abusive_share,True,False
1393236071,abusive_share,True,False
1393236074,abusive_share,True,False
1393236135,abusive_share,True,False
1393236285,abusive_share,True,False
1393236385,abusive_share,True,False
1393236386,abusive_share,True,False
1393236488,abusive_share,True,False
1393236492,abusive_share,True,False
1393236495,abusive_share,True,False
1393236572,abusive_share,True,False
1393236839,abusive_share,True,False
1393237074,abusive_share,True,False
1393237316,abusive_share,True,False
1393240237,abusive_share,True,False
1393244330,abusive_share,True,False
1393247291,abusive_share,True,False
1393252636,abusive_share,True,False
1393255677,abusive_share,True,False
1393258549,abusive_share,True,False
1393260598,abusive_share,True,False
1393263720,abusive_share,True,False
1393263967,abusive_share,True,False
1393264508,abusive_share,True,False
1393264657,abusive_share,True,False
1393265251,abusive_share,True,False
1393266413,abusive_share,True,False
1393266625,abusive_share,True,False
1393266856,abusive_share,True,False
1393266972,abusive_share,True,False
1393267090,abusive_share,True,False
1393267586,abusive_share,True,False
1393267667,abusive_share,True,False
1393267800,abusive_share,True,False
1393267948,abusive_share,True,False
1393268632,abusive_share,True,False
1393268765,abusive_share,True,False
1393269271,abusive_share,True,False
1393269711,abusive_share,True,False
1393270082,abusive_share,True,False
1393270899,abusive_share,True,False
1393272099,abusive_share,True,False
1393272502,abusive_share,True,False
1393286832,abusive_share,True,False
1393290428,abusive_share,True,False
1393290783,abusive_share,True,False
1393291906,abusive_share,True,False
1393292237,abusive_share,True,False
1393293682,abusive_share,True,False
1393295126,abusive_share,True,False
1393295621,abusive_share,True,False
1393306010,abusive_share,True,False
1393307805,abusive_share,True,False
1393309324,abusive_share,True,False
1393310705,abusive_share,True,False
1393311464,abusive_share,True,False
1393312398,abusive_share,True,False
1393318476,abusive_share,True,False
1393318697,abusive_share,True,False
1393319692,abusive_share,True,False
1393319741,abusive_share,True,False
1393322994,abusive_share,True,False
1393325127,abusive_share,True,False
1393327671,abusive_share,True,False
1393329452,abusive_share,True,False
1393329869,abusive_share,True,False
1393336256,abusive_share,True,False
1393336886,abusive_share,True,False
1393336912,abusive_share,True,False
1393337542,abusive_share,True,False
1393337718,abusive_share,True,False
1393337891,abusive_share,True,False
1393337907,abusive_share,True,False
1393339311,abusive_share,True,False
1393341377,abusive_share,True,False
1393341399,abusive_share,True,False
1393341620,abusive_share,True,False
1393341866,abusive_share,True,False
1393346662,abusive_share,True,False
1393347694,abusive_share,True,False
1393348593,abusive_share,True,False
1393349685,abusive_share,True,False
1393352959,abusive_share,True,False
1393356751,abusive_share,True,False
1393359949,abusive_share,True,False
1393360799,abusive_share,True,False
1393361706,abusive_share,True,False
1393407422,abusive_share,True,False
1393484784,abusive_share,True,False
1393484817,abusive_share,True,False
1393518779,abusive_share,True,False
1393562539,abusive_share,True,False
1393720360,abusive_share,True,False
1394252064,abusive_share,True,False
1394252177,abusive_share,True,False
1394253959,abusive_share,True,False
1394259978,abusive_share,True,False
1394266816,abusive_share,True,False
1394273960,abusive_share,True,False
1394274491,abusive_share,True,False
1394280855,abusive_share,True,False
1394284353,abusive_share,True,False
1394289758,abusive_share,True,False
1394297432,abusive_share,True,False
1394304440,abusive_share,True,False
1394304916,abusive_share,True,False
1394306061,abusive_share,True,False
1394309809,abusive_share,True,False
1394310296,abusive_share,True,False
1394310708,abusive_share,True,False
1394317227,abusive_share,True,False
1394323161,abusive_share,True,False
1394323450,abusive_share,True,False
1394331008,abusive_share,True,False
1394337915,abusive_share,True,False
1394339967,abusive_share,True,False
1394349839,abusive_share,True,False
1394502428,abusive_share,True,False
1394960311,abusive_share,True,False
1394960902,abusive_share,True,False
1395727702,abusive_share,True,False
1395897186,abusive_share,True,False
1395897332,abusive_share,True,False
1395897382,abusive_share,True,False
1395897666,abusive_share,True,False
1395897669,abusive_share,True,False
1395897680,abusive_share,True,False
1395897906,abusive_share,True,False
1395898328,abusive_share,True,False
1395898355,abusive_share,True,False
1395898465,abusive_share,True,False
1395898507,abusive_share,True,False
1395898571,abusive_share,True,False
1395898974,abusive_share,True,False
1395899108,abusive_share,True,False
1395899373,abusive_share,True,False
1395899510,abusive_share,True,False
1395900316,abusive_share,True,False
1395900322,abusive_share,True,False
1395900942,abusive_share,True,False
1395901163,abusive_share,True,False
1395901438,abusive_share,True,False
1395901957,abusive_share,True,False
1395902726,abusive_share,True,False
1395903071,abusive_share,True,False
1395903116,abusive_share,True,False
1395903612,abusive_share,True,False
1395903618,abusive_share,True,False
1395903883,abusive_share,True,False
1395904008,abusive_share,True,False
1395904284,abusive_share,True,False
1395904417,abusive_share,True,False
1395905034,abusive_share,True,False
1395905401,abusive_share,True,False
1395905430,abusive_share,True,False
1395905724,abusive_share,True,False
1395905993,abusive_share,True,False
1395906448,abusive_share,True,False
1395906462,abusive_share,True,False
1395906877,abusive_share,True,False
1395906890,abusive_share,True,False
1395907197,abusive_share,True,False
1395907965,abusive_share,True,False
1395908346,abusive_share,True,False
1395908528,abusive_share,True,False
1395908825,abusive_share,True,False
1395910019,abusive_share,True,False
1395910263,abusive_share,True,False
1395910772,abusive_share,True,False
1395910937,abusive_share,True,False
1395911032,abusive_share,True,False
1395911378,abusive_share,True,False
1395912867,abusive_share,True,False
1395914538,abusive_share,True,False
1395914586,abusive_share,True,False
1395916381,abusive_share,True,False
1395916932,abusive_share,True,False
1395917498,abusive_share,True,False
1395917535,abusive_share,True,False
1395917983,abusive_share,True,False
1395917996,abusive_share,True,False
1395918068,abusive_share,True,False
1395918353,abusive_share,True,False
1395919755,abusive_share,True,False
1395920092,abusive_share,True,False
1395921502,abusive_share,True,False
1395922311,abusive_share,True,False
1395922977,abusive_share,True,False
1395925170,abusive_share,True,False
1395928167,abusive_share,True,False
1395929066,abusive_share,True,False
1395930688,abusive_share,True,False
1395930729,abusive_share,True,False
1395935073,abusive_share,True,False
1395938345,abusive_share,True,False
1395939116,abusive_share,True,False
1395944458,abusive_share,True,False
1395949752,abusive_share,True,False
1396339256,abusive_share,True,False
1396704876,abusive_share,True,False
1396714973,abusive_share,True,False
1396885591,abusive_share,True,False
1396889702,abusive_share,True,False
1396903441,abusive_share,True,False
1396904286,abusive_share,True,False
1396904721,abusive_share,True,False
1396906210,abusive_share,True,False
1396906704,abusive_share,True,False
1396907032,abusive_share,True,False
1396907078,abusive_share,True,False
1396907128,abusive_share,True,False
1396907201,abusive_share,True,False
1396907533,abusive_share,True,False
1396907658,abusive_share,True,False
1396909846,abusive_share,True,False
1396910150,abusive_share,True,False
1396911278,abusive_share,True,False
1396911691,abusive_share,True,False
1396913825,abusive_share,True,False
1396913861,abusive_share,True,False
1396914495,abusive_share,True,False
1396915506,abusive_share,True,False
1396915944,abusive_share,True,False
1396916559,abusive_share,True,False
1396916842,abusive_share,True,False
1396919817,abusive_share,True,False
1396920560,abusive_share,True,False
1396922177,abusive_share,True,False
1396923740,abusive_share,True,False
1396924317,abusive_share,True,False
1396925308,abusive_share,True,False
1396925487,abusive_share,True,False
1396927111,abusive_share,True,False
1396928169,abusive_share,True,False
1396930829,abusive_share,True,False
1396935483,abusive_share,True,False
1396937846,abusive_share,True,False
1396937981,abusive_share,True,False
1396938919,abusive_share,True,False
1396939027,abusive_share,True,False
1396943849,abusive_share,True,False
1396944574,abusive_share,True,False
1396945027,abusive_share,True,False
1396947012,abusive_share,True,False
1396947918,abusive_share,True,False
1396952312,abusive_share,True,False
1396953063,abusive_share,True,False
1396955358,abusive_share,True,False
1396962408,abusive_share,True,False
1396962487,abusive_share,True,False
1396963028,abusive_share,True,False
1396969100,abusive_share,True,False
1396977510,abusive_share,True,False
1396983881,abusive_share,True,False
1396983882,abusive_share,True,False
1396985893,abusive_share,True,False
1396986888,abusive_share,True,False
1396988538,abusive_share,True,False
1396991306,abusive_share,True,False
1396996200,abusive_share,True,False
1396996204,abusive_share,True,False
1396996596,abusive_share,True,False
1397035602,abusive_share,True,False
1397035603,abusive_share,True,False
1397038410,abusive_share,True,False
1397038522,abusive_share,True,False
1397038523,abusive_share,True,False
1397044376,abusive_share,True,False
1397044380,abusive_share,True,False
1397048503,abusive_share,True,False
1397048506,abusive_share,True,False
1397054475,abusive_share,True,False
1397054476,abusive_share,True,False
1397054477,abusive_share,True,False
1397156391,abusive_share,True,False
1397156394,abusive_share,True,False
1397156441,abusive_share,True,False
1400415312,abusive_share,True,False
1400437060,abusive_share,True,False
1400439496,abusive_share,True,False
1401130001,abusive_share,True,False
1401136074,abusive_share,True,False
1401506379,abusive_share,True,False
1401514120,abusive_share,True,False
1401516623,abusive_share,True,False
1401536475,abusive_share,True,False
1401540404,abusive_share,True,False
1401543461,abusive_share,True,False
1401560343,abusive_share,True,False
1401580103,abusive_share,True,False
1402402157,abusive_share,True,False
1402841148,abusive_share,True,False
1408812186,abusive_share,True,False
1409081993,abusive_share,True,False
1409081996,abusive_share,True,False
1409592870,abusive_share,True,False
1409610442,abusive_share,True,False
1409952681,abusive_share,True,False
1409953048,abusive_share,True,False
1409956923,abusive_share,True,False
1409958895,abusive_share,True,False
1409959837,abusive_share,True,False
1409968735,abusive_share,True,False
1409970651,abusive_share,True,False
1409976390,abusive_share,True,False
1409979210,abusive_share,True,False
1409979597,abusive_share,True,False
1409983951,abusive_share,True,False
1409986489,abusive_share,True,False
1409988110,abusive_share,True,False
1409988909,abusive_share,True,False
1409989675,abusive_share,True,False
1409990770,abusive_share,True,False
1409990859,abusive_share,True,False
1409991393,abusive_share,True,False
1409993251,abusive_share,True,False
1409995415,abusive_share,True,False
1409997634,abusive_share,True,False
1410002269,abusive_share,True,False
1410002315,abusive_share,True,False
1410002977,abusive_share,True,False
1410006312,abusive_share,True,False
1410007758,abusive_share,True,False
1410012286,abusive_share,True,False
1410013606,abusive_share,True,False
1410014436,abusive_share,True,False
1410019129,abusive_share,True,False
1410020386,abusive_share,True,False
1410021598,abusive_share,True,False
1410024601,abusive_share,True,False
1410027606,abusive_share,True,False
1410031052,abusive_share,True,False
1410037963,abusive_share,True,False
1410038663,abusive_share,True,False
1410040718,abusive_share,True,False
1410408780,abusive_share,True,False
1410408834,abusive_share,True,False
1410408838,abusive_share,True,False
1410408848,abusive_share,True,False
1410409031,abusive_share,True,False
1410409070,abusive_share,True,False
1410409076,abusive_share,True,False
1410409108,abusive_share,True,False
1410409112,abusive_share,True,False
1410409114,abusive_share,True,False
1410409321,abusive_share,True,False
1410409470,abusive_share,True,False
1410409719,abusive_share,True,False
1410409910,abusive_share,True,False
1410410016,abusive_share,True,False
1410410055,abusive_share,True,False
1410410069,abusive_share,True,False
1410410175,abusive_share,True,False
1410410338,abusive_share,True,False
1410410355,abusive_share,True,False
1410410420,abusive_share,True,False
1410410627,abusive_share,True,False
1410410735,abusive_share,True,False
1410410762,abusive_share,True,False
1410410764,abusive_share,True,False
1411061360,abusive_share,True,False
1411074092,abusive_share,True,False
1411739501,abusive_share,True,False
1411740727,abusive_share,True,False
1411743022,abusive_share,True,False
1417954839,abusive_share,True,False
1418361337,abusive_share,True,False
1418758024,abusive_share,True,False
1419371905,abusive_share,True,False
1420075506,abusive_share,True,False
1421425549,abusive_share,True,False
1423068617,abusive_share,True,False
1425595602,abusive_share,True,False
1426264108,abusive_share,True,False
1426272280,abusive_share,True,False
1427531343,abusive_share,True,False
1427539701,abusive_share,True,False
1428120841,abusive_share,True,False
1428124558,abusive_share,True,False
1430119748,abusive_share,True,False
1433865963,abusive_share,True,False
1435406922,abusive_share,True,False
1437456802,abusive_share,True,False
1443536413,abusive_share,True,False
1443594062,abusive_share,True,False
1443794369,abusive_share,True,False
1443814546,abusive_share,True,False
1445449577,abusive_share,True,False
1449709188,abusive_share,True,False
1449709315,abusive_share,True,False
1449710829,abusive_share,True,False
1449710839,abusive_share,True,False
1449710843,abusive_share,True,False
1449710885,abusive_share,True,False
1449710888,abusive_share,True,False
1449710900,abusive_share,True,False
1449710918,abusive_share,True,False
1449710934,abusive_share,True,False
1449711005,abusive_share,True,False
1449719953,abusive_share,True,False
1449719968,abusive_share,True,False
1449723333,abusive_share,True,False
1449724624,abusive_share,True,False
1449727511,abusive_share,True,False
1449727643,abusive_share,True,False
1449727652,abusive_share,True,False
1449729868,abusive_share,True,False
1449729914,abusive_share,True,False
1449729994,abusive_share,True,False
1449730189,abusive_share,True,False
1449733727,abusive_share,True,False
1449735396,abusive_share,True,False
1449736642,abusive_share,True,False
1449737409,abusive_share,True,False
1449739750,abusive_share,True,False
1449740560,abusive_share,True,False
1449741142,abusive_share,True,False
1449741224,abusive_share,True,False
1449746136,abusive_share,True,False
1449747111,abusive_share,True,False
1449747344,abusive_share,True,False
1449747357,abusive_share,True,False
1449747475,abusive_share,True,False
1449748258,abusive_share,True,False
1449751546,abusive_share,True,False
1449751589,abusive_share,True,False
1449751719,abusive_share,True,False
1449758577,abusive_share,True,False
1449758747,abusive_share,True,False
1449759604,abusive_share,True,False
1449759754,abusive_share,True,False
1449783045,abusive_share,True,False
1449784607,abusive_share,True,False
1449800511,abusive_share,True,False
1449814248,abusive_share,True,False
1449814274,abusive_share,True,False
1449814306,abusive_share,True,False
1449814364,abusive_share,True,False
1449814752,abusive_share,True,False
1449815684,abusive_share,True,False
1449820665,abusive_share,True,False
1449848094,abusive_share,True,False
1449863490,abusive_share,True,False
1449878775,abusive_share,True,False
1449879505,abusive_share,True,False
1449879875,abusive_share,True,False
1449880254,abusive_share,True,False
1449880779,abusive_share,True,False
1449881750,abusive_share,True,False
1449887314,abusive_share,True,False
1449889807,abusive_share,True,False
1449891244,abusive_share,True,False
1449938569,abusive_share,True,False
1449950362,abusive_share,True,False
1449962976,abusive_share,True,False
1450174776,abusive_share,True,False
1450440926,abusive_share,True,False
1450442039,abusive_share,True,False
1450455353,abusive_share,True,False
1450807861,abusive_share,True,False
1450810548,abusive_share,True,False
1451735366,abusive_share,True,False
1451743689,abusive_share,True,False
1451776365,abusive_share,True,False
1452388483,abusive_share,True,False
1452389737,abusive_share,True,False
1454509976,abusive_share,True,False
1454736301,abusive_share,True,False
1457691200,abusive_share,True,False
1457696034,abusive_share,True,False
1457750290,abusive_share,True,False
1458552308,abusive_share,True,False
1458833125,abusive_share,True,False
1458833433,abusive_share,True,False
1458833831,abusive_share,True,False
1458905831,abusive_share,True,False
1458908198,abusive_share,True,False
1458919576,abusive_share,True,False
1458951143,abusive_share,True,False
1458956260,abusive_share,True,False
1458957386,abusive_share,True,False
1458966891,abusive_share,True,False
1458968966,abusive_share,True,False
1458973832,abusive_share,True,False
1458975286,abusive_share,True,False
1458984990,abusive_share,True,False
1458988419,abusive_share,True,False
1458990403,abusive_share,True,False
1458993460,abusive_share,True,False
1458996839,abusive_share,True,False
1459001924,abusive_share,True,False
1459005777,abusive_share,True,False
1459007741,abusive_share,True,False
1459217694,abusive_share,True,False
1459247515,abusive_share,True,False
1459461633,abusive_share,True,False
1459970099,abusive_share,True,False
1459980193,abusive_share,True,False
1460163308,abusive_share,True,False
1466228030,abusive_share,True,False
1466607121,abusive_share,True,False
1467139944,abusive_share,True,False
1468240552,abusive_share,True,False
1468247865,abusive_share,True,False
1468270833,abusive_share,True,False
1468366335,abusive_share,True,False
1468502954,abusive_share,True,False
1468975076,abusive_share,True,False
1468978006,abusive_share,True,False
1468981170,abusive_share,True,False
1470796151,abusive_share,True,False
1471493368,abusive_share,True,False
1474249415,abusive_share,True,False
1474254276,abusive_share,True,False
1474315510,abusive_share,True,False
1477102861,abusive_share,True,False
1477102995,abusive_share,True,False
1477948338,abusive_share,True,False
1483597359,abusive_share,True,False
1484591305,abusive_share,True,False
1484610625,abusive_share,True,False
1490594568,abusive_share,True,False
1492068641,abusive_share,True,False
1492717052,abusive_share,True,False
1492721819,abusive_share,True,False
1493296582,abusive_share,True,False
1499885027,abusive_share,True,False
1501041400,abusive_share,True,False
1501045770,abusive_share,True,False
1501807638,abusive_share,True,False
1503007404,abusive_share,True,False
1504487802,abusive_share,True,False
1515874322,abusive_share,True,False
1516657599,abusive_share,True,False
1516967088,abusive_share,True,False
1518015465,abusive_share,True,False
1518840943,abusive_share,True,False
1518841912,abusive_share,True,False
1519494590,abusive_share,True,False
1521226476,abusive_share,True,False
1524124690,abusive_share,True,False
1524189631,abusive_share,True,False
1525204741,abusive_share,True,False
1525205156,abusive_share,True,False
1525205322,abusive_share,True,False
1525206586,abusive_share,True,False
1526272429,abusive_share,True,False
1526276472,abusive_share,True,False
1527157324,abusive_share,True,False
1529166964,abusive_share,True,False
1529429154,abusive_share,True,False
1532770388,abusive_share,True,False
1533205121,abusive_share,True,False
1533530537,abusive_share,True,False
1533530834,abusive_share,True,False
1533531469,abusive_share,True,False
1538180376,abusive_share,True,False
1538185359,abusive_share,True,False
1541642738,abusive_share,True,False
1541992523,abusive_share,True,False
1543927095,abusive_share,True,False
1543928282,abusive_share,True,False
1546775331,abusive_share,True,False
1546781992,abusive_share,True,False
1546785586,abusive_share,True,False
1549375108,abusive_share,True,False
1552337914,abusive_share,True,False
1552338735,abusive_share,True,False
1554959921,abusive_share,True,False
1555462817,abusive_share,True,False
1555463494,abusive_share,True,False
1555464826,abusive_share,True,False
1555470808,abusive_share,True,False
1557798585,abusive_share,True,False
1560636947,abusive_share,True,False
1562968405,abusive_share,True,False
1563761695,abusive_share,True,False
1563762931,abusive_share,True,False
1563765916,abusive_share,True,False
1563768168,abusive_share,True,False
1567155512,abusive_share,True,False
1567556980,abusive_share,True,False
1567817484,abusive_share,True,False
1568356470,abusive_share,True,False
1568362358,abusive_share,True,False
1568971873,abusive_share,True,False
1568974722,abusive_share,True,False
1568975098,abusive_share,True,False
1575471140,abusive_share,True,False
1580138029,abusive_share,True,False
1580143936,abusive_share,True,False
1582744143,abusive_share,True,False
1582916909,abusive_share,True,False
1585426306,abusive_share,True,False
1585930703,abusive_share,True,False
1588535891,abusive_share,True,False
1591053504,abusive_share,True,False
1592107249,abusive_share,True,False
1593192457,abusive_share,True,False
1593759782,abusive_share,True,False
1593760849,abusive_share,True,False
1600088328,abusive_share,True,False
1601054028,abusive_share,True,False
1605048648,abusive_share,True,False
1609126570,abusive_share,True,False
1609669750,abusive_share,True,False
1617102748,abusive_share,True,False
1625073184,abusive_share,True,False
1625937865,abusive_share,True,False
1625983766,abusive_share,True,False
1626291861,abusive_share,True,False
1629729624,abusive_share,True,False
1635014560,abusive_share,True,False
1641441458,abusive_share,True,False
1641611842,abusive_share,True,False
1642531302,abusive_share,True,False
1642532544,abusive_share,True,False
1643631907,abusive_share,True,False
1643975343,abusive_share,True,False
1645229400,abusive_share,True,False
1645732988,abusive_share,True,False
1646721284,abusive_share,True,False
1647422680,abusive_share,True,False
1651201056,abusive_share,True,False
1651212264,abusive_share,True,False
1651213557,abusive_share,True,False
1651213871,abusive_share,True,False
1651214393,abusive_share,True,False
1651215736,abusive_share,True,False
1651219626,abusive_share,True,False
1651223081,abusive_share,True,False
1651225700,abusive_share,True,False
1651595240,abusive_share,True,False
1652183323,abusive_share,True,False
1652187250,abusive_share,True,False
1653816214,abusive_share,True,False
1655929362,abusive_share,True,False
1659813964,abusive_share,True,False
1659816316,abusive_share,True,False
1659822564,abusive_share,True,False
1659839433,abusive_share,True,False
1659847806,abusive_share,True,False
1659852759,abusive_share,True,False
1659859653,abusive_share,True,False
1659862979,abusive_share,True,False
1659865320,abusive_share,True,False
1659868139,abusive_share,True,False
1659870497,abusive_share,True,False
1659873066,abusive_share,True,False
1659874159,abusive_share,True,False
1659877477,abusive_share,True,False
1659880713,abusive_share,True,False
1659886163,abusive_share,True,False
1659887410,abusive_share,True,False
1659889881,abusive_share,True,False
1659890190,abusive_share,True,False
1659892818,abusive_share,True,False
1659900043,abusive_share,True,False
1660158519,abusive_share,True,False
1660796112,abusive_share,True,False
1668310856,abusive_share,True,False
1668312415,abusive_share,True,False
1668313568,abusive_share,True,False
1668313951,abusive_share,True,False
1668322125,abusive_share,True,False
1668322235,abusive_share,True,False
1668322447,abusive_share,True,False
1668328566,abusive_share,True,False
1668336912,abusive_share,True,False
1668338390,abusive_share,True,False
1668343755,abusive_share,True,False
1668345074,abusive_share,True,False
1668345665,abusive_share,True,False
1668349723,abusive_share,True,False
1668350040,abusive_share,True,False
1668351881,abusive_share,True,False
1668355205,abusive_share,True,False
1668355385,abusive_share,True,False
1668360332,abusive_share,True,False
1668363045,abusive_share,True,False
1668367141,abusive_share,True,False
1668369499,abusive_share,True,False
1668370962,abusive_share,True,False
1668374843,abusive_share,True,False
1668375472,abusive_share,True,False
1668379528,abusive_share,True,False
1668380698,abusive_share,True,False
1668386007,abusive_share,True,False
1668387619,abusive_share,True,False
1668387973,abusive_share,True,False
1668388570,abusive_share,True,False
1668393254,abusive_share,True,False
1668395147,abusive_share,True,False
1668399217,abusive_share,True,False
1668401086,abusive_share,True,False
1668402107,abusive_share,True,False
1668410524,abusive_share,True,False
1668413333,abusive_share,True,False
1668418588,abusive_share,True,False
1668421680,abusive_share,True,False
1668426677,abusive_share,True,False
1668429617,abusive_share,True,False
1668432433,abusive_share,True,False
1668435402,abusive_share,True,False
1668441236,abusive_share,True,False
1668454571,abusive_share,True,False
1668463754,abusive_share,True,False
1668474489,abusive_share,True,False
1668482169,abusive_share,True,False
1668486075,abusive_share,True,False
1668486262,abusive_share,True,False
1668489472,abusive_share,True,False
1668492757,abusive_share,True,False
1668497865,abusive_share,True,False
1668501284,abusive_share,True,False
1668503585,abusive_share,True,False
1668504190,abusive_share,True,False
1668506357,abusive_share,True,False
1668522014,abusive_share,True,False
1668522698,abusive_share,True,False
1668522993,abusive_share,True,False
1669119981,abusive_share,True,False
1669894182,abusive_share,True,False
1676746641,abusive_share,True,False
1676747904,abusive_share,True,False
1676759514,abusive_share,True,False
1676764974,abusive_share,True,False
1676767598,abusive_share,True,False
1676771540,abusive_share,True,False
1676778426,abusive_share,True,False
1676779582,abusive_share,True,False
1676779796,abusive_share,True,False
1676785081,abusive_share,True,False
1676786326,abusive_share,True,False
1676810225,abusive_share,True,False
1676816148,abusive_share,True,False
1676817480,abusive_share,True,False
1676819238,abusive_share,True,False
1676827037,abusive_share,True,False
1676833503,abusive_share,True,False
1676851841,abusive_share,True,False
1676867533,abusive_share,True,False
1676870288,abusive_share,True,False
1676873302,abusive_share,True,False
1676873876,abusive_share,True,False
1676877469,abusive_share,True,False
1676878847,abusive_share,True,False
1676879833,abusive_share,True,False
1676881004,abusive_share,True,False
1676886879,abusive_share,True,False
1676887534,abusive_share,True,False
1676887823,abusive_share,True,False
1676889265,abusive_share,True,False
1676891612,abusive_share,True,False
1676901438,abusive_share,True,False
1676907211,abusive_share,True,False
1676913251,abusive_share,True,False
1676916581,abusive_share,True,False
1676920846,abusive_share,True,False
1676922112,abusive_share,True,False
1676923951,abusive_share,True,False
1676926993,abusive_share,True,False
1676950027,abusive_share,True,False
1676951100,abusive_share,True,False
1676954183,abusive_share,True,False
1676957701,abusive_share,True,False
1676960802,abusive_share,True,False
1676967633,abusive_share,True,False
1676968198,abusive_share,True,False
1676969398,abusive_share,True,False
1676972360,abusive_share,True,False
1676972525,abusive_share,True,False
1676972555,abusive_share,True,False
1676974597,abusive_share,True,False
1676975084,abusive_share,True,False
1676975329,abusive_share,True,False
1676975411,abusive_share,True,False
1676975814,abusive_share,True,False
1676975916,abusive_share,True,False
1676981555,abusive_share,True,False
1676981613,abusive_share,True,False
1676981639,abusive_share,True,False
1676982114,abusive_share,True,False
1676982570,abusive_share,True,False
1676982616,abusive_share,True,False
1676982738,abusive_share,True,False
1676982913,abusive_share,True,False
1676982978,abusive_share,True,False
1676983022,abusive_share,True,False
1676985817,abusive_share,True,False
1676985831,abusive_share,True,False
1676986011,abusive_share,True,False
1676986035,abusive_share,True,False
1676986559,abusive_share,True,False
1676986840,abusive_share,True,False
1676987089,abusive_share,True,False
1676987659,abusive_share,True,False
1676988316,abusive_share,True,False
1676988511,abusive_share,True,False
1676989257,abusive_share,True,False
1676989409,abusive_share,True,False
1676989510,abusive_share,True,False
1676989686,abusive_share,True,False
1676990058,abusive_share,True,False
1676990334,abusive_share,True,False
1676992755,abusive_share,True,False
1676993149,abusive_share,True,False
1676994584,abusive_share,True,False
1676995636,abusive_share,True,False
1676995929,abusive_share,True,False
1676995950,abusive_share,True,False
1676996071,abusive_share,True,False
1676996319,abusive_share,True,False
1676996464,abusive_share,True,False
1676996595,abusive_share,True,False
1676996653,abusive_share,True,False
1676996655,abusive_share,True,False
1676996786,abusive_share,True,False
1676997200,abusive_share,True,False
1676997671,abusive_share,True,False
1676997689,abusive_share,True,False
1676998060,abusive_share,True,False
1676999062,abusive_share,True,False
1676999414,abusive_share,True,False
1676999574,abusive_share,True,False
1676999722,abusive_share,True,False
1677000508,abusive_share,True,False
1677000695,abusive_share,True,False
1677000723,abusive_share,True,False
1677000807,abusive_share,True,False
1677000995,abusive_share,True,False
1677001045,abusive_share,True,False
1677001340,abusive_share,True,False
1685059917,abusive_share,True,False
1686791649,abusive_share,True,False
1689032627,abusive_share,True,False
1693674830,abusive_share,True,False
1694775392,abusive_share,True,False
1694865376,abusive_share,True,False
1701272192,abusive_share,True,False
1704595091,abusive_share,True,False
1709836916,abusive_share,True,False
1710518984,abusive_share,True,False
1710524202,abusive_share,True,False
1711630471,abusive_share,True,False
1719570548,abusive_share,True,False
1719570558,abusive_share,True,False
1719573916,abusive_share,True,False
1719574132,abusive_share,True,False
1719574276,abusive_share,True,False
1719575473,abusive_share,True,False
1719580874,abusive_share,True,False
1719587053,abusive_share,True,False
1719598036,abusive_share,True,False
1720197750,abusive_share,True,False
1720227569,abusive_share,True,False
1720304062,abusive_share,True,False
1720355174,abusive_share,True,False
1722540698,abusive_share,True,False
1722616867,abusive_share,True,False
1722823386,abusive_share,True,False
1723390705,abusive_share,True,False
1728112738,abusive_share,True,False
1728137397,abusive_share,True,False
1728150549,abusive_share,True,False
1728152539,abusive_share,True,False
1728155849,abusive_share,True,False
1728157829,abusive_share,True,False
1728167959,abusive_share,True,False
1728169658,abusive_share,True,False
1728187223,abusive_share,True,False
1728240662,abusive_share,True,False
1728247259,abusive_share,True,False
1738334649,abusive_share,True,False
1740944530,abusive_share,True,False
1752911865,abusive_share,True,False
1753290437,abusive_share,True,False
1754294690,abusive_share,True,False
1761256625,abusive_share,True,False
1761506622,abusive_share,True,False
1762093491,abusive_share,True,False
1762093554,abusive_share,True,False
1762100167,abusive_share,True,False
1762112517,abusive_share,True,False
1762113734,abusive_share,True,False
1762113737,abusive_share,True,False
1762113744,abusive_share,True,False
1762113765,abusive_share,True,False
1762113934,abusive_share,True,False
1762114189,abusive_share,True,False
1762118161,abusive_share,True,False
1762118241,abusive_share,True,False
1762120263,abusive_share,True,False
1762120399,abusive_share,True,False
1762120403,abusive_share,True,False
1762120405,abusive_share,True,False
1762120543,abusive_share,True,False
1762124143,abusive_share,True,False
1762124460,abusive_share,True,False
1762124600,abusive_share,True,False
1762125229,abusive_share,True,False
1762125263,abusive_share,True,False
1762125356,abusive_share,True,False
1762125555,abusive_share,True,False
1762125557,abusive_share,True,False
1762127412,abusive_share,True,False
1762127478,abusive_share,True,False
1762127563,abusive_share,True,False
1762127610,abusive_share,True,False
1762127712,abusive_share,True,False
1762127718,abusive_share,True,False
1762128998,abusive_share,True,False
1762129023,abusive_share,True,False
1762129026,abusive_share,True,False
1762129112,abusive_share,True,False
1762129946,abusive_share,True,False
1762129969,abusive_share,True,False
1762130446,abusive_share,True,False
1762130533,abusive_share,True,False
1762130801,abusive_share,True,False
1762131551,abusive_share,True,False
1762131687,abusive_share,True,False
1762131808,abusive_share,True,False
1762131875,abusive_share,True,False
1762131982,abusive_share,True,False
1762131995,abusive_share,True,False
1762132158,abusive_share,True,False
1762133334,abusive_share,True,False
1762133436,abusive_share,True,False
1762133786,abusive_share,True,False
1763810747,abusive_share,True,False
1769736183,abusive_share,True,False
1770507743,abusive_share,True,False
1770542084,abusive_share,True,False
1770543205,abusive_share,True,False
1770555493,abusive_share,True,False
1771646078,abusive_share,True,False
1779138529,abusive_share,True,False
1779541152,abusive_share,True,False
1781720314,abusive_share,True,False
1786889256,abusive_share,True,False
1788414815,abusive_share,True,False
1795128808,abusive_share,True,False
1795923663,abusive_share,True,False
1796321770,abusive_share,True,False
1796381041,abusive_share,True,False
1803672239,abusive_share,True,False
1803673532,abusive_share,True,False
1803772340,abusive_share,True,False
1804668718,abusive_share,True,False
1806208232,abusive_share,True,False
1806712349,abusive_share,True,False
1811763886,abusive_share,True,False
1811870633,abusive_share,True,False
1811874035,abusive_share,True,False
1811874066,abusive_share,True,False
1811878289,abusive_share,True,False
1811878346,abusive_share,True,False
1811878683,abusive_share,True,False
1811878885,abusive_share,True,False
1811878896,abusive_share,True,False
1811880228,abusive_share,True,False
1811880278,abusive_share,True,False
1811880325,abusive_share,True,False
1811880766,abusive_share,True,False
1811880862,abusive_share,True,False
1811883091,abusive_share,True,False
1811884756,abusive_share,True,False
1811884786,abusive_share,True,False
1811885048,abusive_share,True,False
1811885269,abusive_share,True,False
1811886285,abusive_share,True,False
1811886653,abusive_share,True,False
1811886829,abusive_share,True,False
1811887317,abusive_share,True,False
1811888849,abusive_share,True,False
1811891216,abusive_share,True,False
1811891230,abusive_share,True,False
1811891312,abusive_share,True,False
1811891377,abusive_share,True,False
1811891589,abusive_share,True,False
1811891674,abusive_share,True,False
1811893598,abusive_share,True,False
1811894473,abusive_share,True,False
1811896677,abusive_share,True,False
1811896774,abusive_share,True,False
1811896998,abusive_share,True,False
1811897078,abusive_share,True,False
1811897391,abusive_share,True,False
1811897424,abusive_share,True,False
1811899846,abusive_share,True,False
1811900004,abusive_share,True,False
1819208407,abusive_share,True,False
1819433058,abusive_share,True,False
1819649278,abusive_share,True,False
1819843340,abusive_share,True,False
1819928358,abusive_share,True,False
1819931639,abusive_share,True,False
1819938609,abusive_share,True,False
1819940349,abusive_share,True,False
1819957313,abusive_share,True,False
1819981817,abusive_share,True,False
1819986093,abusive_share,True,False
1819989858,abusive_share,True,False
1819991414,abusive_share,True,False
1819995050,abusive_share,True,False
1820004546,abusive_share,True,False
1820011351,abusive_share,True,False
1820015138,abusive_share,True,False
1820131988,abusive_share,True,False
1820536152,abusive_share,True,False
1820641542,abusive_share,True,False
1820846166,abusive_share,True,False
1820847351,abusive_share,True,False
1820884581,abusive_share,True,False
1823639751,abusive_share,True,False
1827361737,abusive_share,True,False
1827707753,abusive_share,True,False
1827757537,abusive_share,True,False
1828624031,abusive_share,True,False
1828789688,abusive_share,True,False
1829050102,abusive_share,True,False
1830646420,abusive_share,True,False
1835521754,abusive_share,True,False
1835526923,abusive_share,True,False
1837905556,abusive_share,True,False
1848139672,abusive_share,True,False
1852413989,abusive_share,True,False
1855320437,abusive_share,True,False
1863592355,abusive_share,True,False
1877555257,abusive_share,True,False
1877575848,abusive_share,True,False
1877608394,abusive_share,True,False
1880570680,abusive_share,True,False
1882129818,abusive_share,True,False
1885048744,abusive_share,True,False
1885783331,abusive_share,True,False
1885795618,abusive_share,True,False
1885806096,abusive_share,True,False
1885849668,abusive_share,True,False
1885865412,abusive_share,True,False
1885886133,abusive_share,True,False
1885890008,abusive_share,True,False
1885927141,abusive_share,True,False
1885933253,abusive_share,True,False
1885936481,abusive_share,True,False
1885939047,abusive_share,True,False
1885942986,abusive_share,True,False
1885952279,abusive_share,True,False
1893748930,abusive_share,True,False
1893755570,abusive_share,True,False
1894104801,abusive_share,True,False
1894105310,abusive_share,True,False
1894108280,abusive_share,True,False
1894111812,abusive_share,True,False
1894112988,abusive_share,True,False
1894115605,abusive_share,True,False
1894115666,abusive_share,True,False
1894115850,abusive_share,True,False
1894116123,abusive_share,True,False
1894116196,abusive_share,True,False
1894116331,abusive_share,True,False
1894117180,abusive_share,True,False
1894119356,abusive_share,True,False
1894119812,abusive_share,True,False
1894120008,abusive_share,True,False
1894120347,abusive_share,True,False
1894121893,abusive_share,True,False
1894123100,abusive_share,True,False
1894123196,abusive_share,True,False
1894124985,abusive_share,True,False
1894125029,abusive_share,True,False
1894125404,abusive_share,True,False
1894125567,abusive_share,True,False
1894131715,abusive_share,True,False
1894132050,abusive_share,True,False
1894135321,abusive_share,True,False
1894135529,abusive_share,True,False
1894136801,abusive_share,True,False
1894136859,abusive_share,True,False
1894137298,abusive_share,True,False
1894137991,abusive_share,True,False
1894139727,abusive_share,True,False
1894141648,abusive_share,True,False
1894143447,abusive_share,True,False
1894144821,abusive_share,True,False
1894153360,abusive_share,True,False
1894163364,abusive_share,True,False
1894195708,abusive_share,True,False
1894195827,abusive_share,True,False
1894196752,abusive_share,True,False
1894207974,abusive_share,True,False
1894229524,abusive_share,True,False
1894239096,abusive_share,True,False
1894748683,abusive_share,True,False
1897253281,abusive_share,True,False
1898697807,abusive_share,True,False
1902134117,abusive_share,True,False
1902865544,abusive_share,True,False
1904585033,abusive_share,True,False
1907025564,abusive_share,True,False
1910130923,abusive_share,True,False
1913664136,abusive_share,True,False
1918547512,abusive_share,True,False
1919033967,abusive_share,True,False
1927442640,abusive_share,True,False
1927466190,abusive_share,True,False
1927467836,abusive_share,True,False
1927879209,abusive_share,True,False
1928353954,abusive_share,True,False
1936462072,abusive_share,True,False
1949328113,abusive_share,True,False
1949669087,abusive_share,True,False
1953439254,abusive_share,True,False
1953451876,abusive_share,True,False
1958432359,abusive_share,True,False
1961852088,abusive_share,True,False
1961872323,abusive_share,True,False
1961880041,abusive_share,True,False
1961884120,abusive_share,True,False
1961888049,abusive_share,True,False
1961905049,abusive_share,True,False
1961923800,abusive_share,True,False
1961923804,abusive_share,True,False
1961927502,abusive_share,True,False
1961935267,abusive_share,True,False
1961941157,abusive_share,True,False
1961944482,abusive_share,True,False
1961951597,abusive_share,True,False
1961951714,abusive_share,True,False
1961955003,abusive_share,True,False
1961969661,abusive_share,True,False
1961969675,abusive_share,True,False
1961971833,abusive_share,True,False
1961980972,abusive_share,True,False
1964513707,abusive_share,True,False
1970259464,abusive_share,True,False
1970488276,abusive_share,True,False
1970490775,abusive_share,True,False
1970498077,abusive_share,True,False
1970504119,abusive_share,True,False
1970507949,abusive_share,True,False
1970514347,abusive_share,True,False
1970521329,abusive_share,True,False
1970547683,abusive_share,True,False
1970547787,abusive_share,True,False
1970569936,abusive_share,True,False
1970581369,abusive_share,True,False
1970585438,abusive_share,True,False
1970588701,abusive_share,True,False
1970612399,abusive_share,True,False
1970615308,abusive_share,True,False
1970617765,abusive_share,True,False
1971278724,abusive_share,True,False
1972551027,abusive_share,True,False
1979275219,abusive_share,True,False
1979279896,abusive_share,True,False
1979319671,abusive_share,True,False
1979331659,abusive_share,True,False
1979339941,abusive_share,True,False
1982010804,abusive_share,True,False
1982608547,abusive_share,True,False
2001003268,abusive_share,True,False
2004511914,abusive_share,True,False
2005102485,abusive_share,True,False
2005184287,abusive_share,True,False
2007141213,abusive_share,True,False
2011063411,abusive_share,True,False
2011241895,abusive_share,True,False
2011257909,abusive_share,True,False
2011269824,abusive_share,True,False
2012673481,abusive_share,True,False
2012914456,abusive_share,True,False
2017652977,abusive_share,True,False
2017897593,abusive_share,True,False
2018411707,abusive_share,True,False
2018426256,abusive_share,True,False
2018426571,abusive_share,True,False
2018427827,abusive_share,True,False
2019337536,abusive_share,True,False
2020679549,abusive_share,True,False
2024367258,abusive_share,True,False
2024396163,abusive_share,True,False
2024702474,abusive_share,True,False
2024741082,abusive_share,True,False
2025033528,abusive_share,True,False
2025121445,abusive_share,True,False
2025151179,abusive_share,True,False
2025345613,abusive_share,True,False
2025642932,abusive_share,True,False
2025798966,abusive_share,True,False
2026162623,abusive_share,True,False
2026189564,abusive_share,True,False
2026274728,abusive_share,True,False
2026605963,abusive_share,True,False
2026767075,abusive_share,True,False
2027185157,abusive_share,True,False
2027185171,abusive_share,True,False
2027231451,abusive_share,True,False
2028033188,abusive_share,True,False
2028374965,abusive_share,True,False
2028400121,abusive_share,True,False
2028520600,abusive_share,True,False
2029553127,abusive_share,True,False
2030126813,abusive_share,True,False
2030385580,abusive_share,True,False
2030735788,abusive_share,True,False
2031395007,abusive_share,True,False
2031399217,abusive_share,True,False
2032697587,abusive_share,True,False
2036605975,abusive_share,True,False
2037022634,abusive_share,True,False
2039249771,abusive_share,True,False
2040087750,abusive_share,True,False
2041989348,abusive_share,True,False
2042110382,abusive_share,True,False
2042549751,abusive_share,True,False
2053288028,abusive_share,True,False
2058097240,abusive_share,True,False
2059287876,abusive_share,True,False
2059303864,abusive_share,True,False
2064325711,abusive_share,True,False
2064514138,abusive_share,True,False
2065979800,abusive_share,True,False
2066737226,abusive_share,True,False
2074287762,abusive_share,True,False
2080172324,abusive_share,True,False
2081636620,abusive_share,True,False
2087880859,abusive_share,True,False
2090626247,abusive_share,True,False
2093924277,abusive_share,True,False
2096556459,abusive_share,True,False
2099775089,abusive_share,True,False
2100169868,abusive_share,True,False
2107799447,abusive_share,True,False
2107803588,abusive_share,True,False
2107819564,abusive_share,True,False
2121566174,abusive_share,True,False
2123217371,abusive_share,True,False
2123234785,abusive_share,True,False
2124106158,abusive_share,True,False
2130384755,abusive_share,True,False
2130390347,abusive_share,True,False
2130396376,abusive_share,True,False
2130396660,abusive_share,True,False
2130397447,abusive_share,True,False
2132912765,abusive_share,True,False
2135173148,abusive_share,True,False
2135410197,abusive_share,True,False
2137396708,abusive_share,True,False
2137397941,abusive_share,True,False
2137400723,abusive_share,True,False
2137414793,abusive_share,True,False
2137908854,abusive_share,True,False
2137927848,abusive_share,True,False
2137927860,abusive_share,True,False
2137995502,abusive_share,True,False
42008,declared,False,False
43090,declared,False,False
44948,declared,False,False
45672,declared,False,False
49116,declared,False,False
49139,declared,False,False
52602,declared,False,False
53385,declared,False,False
72060,declared,False,False
78616,declared,False,False
81142,declared,False,False
81808,declared,False,False
82319,declared,False,False
85384,declared,False,False
95458,declared,False,False
96053,declared,False,False
118519,declared,False,False
139061,declared,False,False
139062,declared,False,False
154843,declared,False,False
158923,declared,False,False
171495,declared,False,False
177688,declared,False,False
186118,declared,False,False
208347,declared,False,False
210715,declared,False,False
210716,declared,False,False
212640,declared,False,False
212641,declared,False,False
213931,declared,False,False
213932,declared,False,False
214109,declared,False,False
214110,declared,False,False
218005,declared,False,False
231645,declared,False,False
231646,declared,False,False
233123,declared,False,False
233851,declared,False,False
242555,declared,False,False
242931,declared,False,False
256289,declared,False,False
265149,declared,False,False
273736,declared,False,False
283546,declared,False,False
302640,declared,False,False
311811,declared,False,False
313690,declared,False,False
318695,declared,False,False
331734,declared,False,False
332545,declared,False,False
336703,declared,False,False
340811,declared,False,False
345552,declared,False,False
353947,declared,False,False
356366,declared,False,False
382351,declared,False,False
430513,declared,False,False
437868,declared,False,False
438272,declared,False,False
441810,declared,False,False
447273,declared,False,False
448597,declared,False,False
21039429,declared,False,False
35985063,declared,False,False
44188423,declared,False,False
74066654,declared,False,False
80990367,declared,False,False
118619285,declared,False,False
122220535,declared,False,False
129463785,declared,False,False
136525569,declared,False,False
161740595,declared,False,False
166409186,declared,False,False
175647600,declared,False,False
190716712,declared,False,False
194910861,declared,False,False
226656593,declared,False,False
232079768,declared,False,False
234720364,declared,False,False
234895797,declared,False,False
289172197,declared,False,False
302566742,declared,False,False
334458593,declared,False,False
339875699,declared,False,False
340443083,declared,False,False
365753491,declared,False,False
433564312,declared,False,False
440032094,declared,False,False
605787519,declared,False,False
665695935,declared,False,False
666501413,declared,False,False
679871768,declared,False,False
693701450,declared,False,False
694173729,declared,False,False
722647575,declared,False,False
729549462,declared,False,False
748587452,declared,False,False
755029337,declared,False,False
768650233,declared,False,False
772512801,declared,False,False
838550829,declared,False,False
838748395,declared,False,False
862458490,declared,False,False
863669586,declared,False,False
866355519,declared,False,False
910841767,declared,False,False
945572602,declared,False,False
958850719,declared,False,False
958851173,declared,False,False
967936044,declared,False,False
985022102,declared,False,False
1006025140,declared,False,False
1112403889,declared,False,False
1113551025,declared,False,False
1113551316,declared,False,False
1162507608,declared,False,False
1167784048,declared,False,False
1182223835,declared,False,False
1210487955,declared,False,False
1215949374,declared,False,False
1216003577,declared,False,False
1232361541,declared,False,False
1237807579,declared,False,False
1243255859,declared,False,False
1248835248,declared,False,False
1254351146,declared,False,False
1270329611,declared,False,False
1275770934,declared,False,False
1279461476,declared,False,False
1281632078,declared,False,False
1287042277,declared,False,False
1288383342,declared,False,False
1292551458,declared,False,False
1304475230,declared,False,False
1308167667,declared,False,False
1313555060,declared,False,False
1319005705,declared,False,False
1324553664,declared,False,False
1331154337,declared,False,False
1335722776,declared,False,False
1364011574,declared,False,False
1364754604,declared,False,False
1386493211,declared,False,False
1392108797,declared,False,False
1392110021,declared,False,False
1392206068,declared,False,False
1392278360,declared,False,False
1393037923,declared,False,False
1396685267,declared,False,False
1397310748,declared,False,False
1402137956,declared,False,False
1411210129,declared,False,False
1417297960,declared,False,False
1475735494,declared,False,False
1591140711,declared,False,False
1764948495,declared,False,False
1832240608,declared,False,False
1837229548,declared,False,False
1935821386,declared,False,False
1944045799,declared,False,False
1954318077,declared,False,False
2004611455,declared,False,False
2004885041,declared,False,False
2005874068,declared,False,False
2008513034,declared,False,False
2080900357,declared,False,False
2080904040,declared,False,False
2136116610,declared,False,False
2142961666,declared,False,False
2144216834,declared,False,False
41388,pothuman,False,False
41597,pothuman,False,False
41662,pothuman,False,False
41663,pothuman,False,False
41671,pothuman,False,False
41770,pothuman,False,False
41852,pothuman,False,False
41939,pothuman,False,False
42185,pothuman,False,False
42187,pothuman,False,False
42366,pothuman,False,False
42641,pothuman,False,False
42674,pothuman,False,False
42721,pothuman,False,False
42756,pothuman,False,False
42769,pothuman,False,False
42905,pothuman,False,False
42982,pothuman,False,False
42983,pothuman,False,False
43073,pothuman,False,False
43163,pothuman,False,False
43253,pothuman,False,False
43276,pothuman,False,False
43293,pothuman,False,False
43294,pothuman,False,False
43299,pothuman,False,False
43347,pothuman,False,False
43358,pothuman,False,False
43416,pothuman,False,False
43547,pothuman,False,False
43576,pothuman,False,False
43621,pothuman,False,False
43762,pothuman,False,False
43779,pothuman,False,False
43791,pothuman,False,False
43910,pothuman,False,False
43921,pothuman,False,False
43922,pothuman,False,False
43927,pothuman,False,False
44018,pothuman,False,False
44318,pothuman,False,False
44365,pothuman,False,False
44366,pothuman,False,False
44514,pothuman,False,False
44515,pothuman,False,False
44792,pothuman,False,False
44896,pothuman,False,False
44897,pothuman,False,False
44971,pothuman,False,False
45022,pothuman,False,False
45045,pothuman,False,False
45120,pothuman,False,False
45151,pothuman,False,False
45236,pothuman,False,False
45246,pothuman,False,False
45267,pothuman,False,False
45508,pothuman,False,False
45573,pothuman,False,False
45577,pothuman,False,False
45600,pothuman,False,False
46003,pothuman,False,False
46378,pothuman,False,False
46450,pothuman,False,False
46457,pothuman,False,False
46484,pothuman,False,False
46541,pothuman,False,False
46557,pothuman,False,False
46559,pothuman,False,False
46560,pothuman,False,False
46665,pothuman,False,False
46666,pothuman,False,False
46696,pothuman,False,False
46766,pothuman,False,False
46801,pothuman,False,False
47059,pothuman,False,False
47231,pothuman,False,False
47278,pothuman,False,False
47368,pothuman,False,False
47371,pothuman,False,False
47451,pothuman,False,False
47495,pothuman,False,False
47771,pothuman,False,False
47878,pothuman,False,False
47880,pothuman,False,False
47961,pothuman,False,False
47978,pothuman,False,False
48014,pothuman,False,False
48076,pothuman,False,False
48155,pothuman,False,False
48375,pothuman,False,False
48509,pothuman,False,False
48559,pothuman,False,False
48588,pothuman,False,False
48813,pothuman,False,False
49215,pothuman,False,False
49239,pothuman,False,False
49468,pothuman,False,False
49486,pothuman,False,False
49488,pothuman,False,False
49489,pothuman,False,False
49706,pothuman,False,False
49708,pothuman,False,False
49820,pothuman,False,False
49822,pothuman,False,False
49934,pothuman,False,False
49935,pothuman,False,False
50067,pothuman,False,False
50149,pothuman,False,False
50226,pothuman,False,False
50232,pothuman,False,False
50235,pothuman,False,False
50241,pothuman,False,False
50242,pothuman,False,False
50246,pothuman,False,False
50248,pothuman,False,False
50252,pothuman,False,False
50254,pothuman,False,False
50319,pothuman,False,False
50322,pothuman,False,False
50725,pothuman,False,False
50841,pothuman,False,False
50928,pothuman,False,False
51396,pothuman,False,False
51408,pothuman,False,False
51409,pothuman,False,False
51675,pothuman,False,False
51834,pothuman,False,False
51842,pothuman,False,False
51971,pothuman,False,False
52035,pothuman,False,False
52137,pothuman,False,False
52159,pothuman,False,False
52175,pothuman,False,False
52221,pothuman,False,False
52280,pothuman,False,False
52300,pothuman,False,False
52374,pothuman,False,False
52574,pothuman,False,False
52625,pothuman,False,False
52654,pothuman,False,False
52784,pothuman,False,False
52918,pothuman,False,False
53176,pothuman,False,False
53357,pothuman,False,False
53701,pothuman,False,False
53709,pothuman,False,False
53766,pothuman,False,False
53903,pothuman,False,False
54064,pothuman,False,False
54079,pothuman,False,False
54361,pothuman,False,False
54542,pothuman,False,False
54602,pothuman,False,False
54931,pothuman,False,False
55009,pothuman,False,False
55058,pothuman,False,False
55253,pothuman,False,False
55265,pothuman,False,False
55287,pothuman,False,False
55311,pothuman,False,False
55326,pothuman,False,False
55339,pothuman,False,False
55340,pothuman,False,False
55507,pothuman,False,False
55545,pothuman,False,False
55647,pothuman,False,False
55748,pothuman,False,False
56133,pothuman,False,False
56376,pothuman,False,False
56461,pothuman,False,False
56513,pothuman,False,False
56554,pothuman,False,False
56605,pothuman,False,False
57154,pothuman,False,False
57320,pothuman,False,False
57446,pothuman,False,False
57516,pothuman,False,False
57534,pothuman,False,False
57721,pothuman,False,False
57930,pothuman,False,False
57956,pothuman,False,False
57957,pothuman,False,False
57960,pothuman,False,False
57968,pothuman,False,False
57970,pothuman,False,False
57978,pothuman,False,False
57987,pothuman,False,False
58198,pothuman,False,False
58311,pothuman,False,False
58373,pothuman,False,False
58407,pothuman,False,False
58582,pothuman,False,False
58628,pothuman,False,False
58728,pothuman,False,False
59034,pothuman,False,False
60377,pothuman,False,False
60609,pothuman,False,False
60610,pothuman,False,False
60612,pothuman,False,False
60616,pothuman,False,False
60618,pothuman,False,False
60631,pothuman,False,False
60912,pothuman,False,False
61046,pothuman,False,False
61070,pothuman,False,False
61533,pothuman,False,False
62524,pothuman,False,False
62902,pothuman,False,False
62932,pothuman,False,False
62974,pothuman,False,False
64034,pothuman,False,False
64035,pothuman,False,False
64144,pothuman,False,False
64145,pothuman,False,False
64150,pothuman,False,False
64425,pothuman,False,False
64448,pothuman,False,False
65746,pothuman,False,False
66381,pothuman,False,False
66573,pothuman,False,False
66575,pothuman,False,False
67447,pothuman,False,False
67467,pothuman,False,False
67479,pothuman,False,False
67480,pothuman,False,False
67488,pothuman,False,False
67493,pothuman,False,False
67497,pothuman,False,False
67499,pothuman,False,False
67505,pothuman,False,False
67517,pothuman,False,False
67827,pothuman,False,False
67837,pothuman,False,False
67985,pothuman,False,False
68171,pothuman,False,False
68978,pothuman,False,False
69048,pothuman,False,False
71748,pothuman,False,False
72026,pothuman,False,False
72077,pothuman,False,False
72436,pothuman,False,False
72797,pothuman,False,False
72953,pothuman,False,False
73157,pothuman,False,False
73463,pothuman,False,False
73464,pothuman,False,False
73470,pothuman,False,False
73471,pothuman,False,False
73480,pothuman,False,False
74969,pothuman,False,False
75174,pothuman,False,False
75214,pothuman,False,False
75311,pothuman,False,False
75939,pothuman,False,False
76154,pothuman,False,False
76531,pothuman,False,False
77902,pothuman,False,False
78464,pothuman,False,False
78468,pothuman,False,False
78470,pothuman,False,False
78476,pothuman,False,False
78500,pothuman,False,False
78818,pothuman,False,False
78857,pothuman,False,False
78885,pothuman,False,False
78955,pothuman,False,False
78957,pothuman,False,False
78998,pothuman,False,False
79001,pothuman,False,False
79003,pothuman,False,False
79006,pothuman,False,False
79010,pothuman,False,False
79314,pothuman,False,False
79444,pothuman,False,False
79446,pothuman,False,False
79792,pothuman,False,False
79849,pothuman,False,False
80029,pothuman,False,False
80077,pothuman,False,False
80102,pothuman,False,False
81034,pothuman,False,False
81044,pothuman,False,False
81148,pothuman,False,False
81160,pothuman,False,False
81549,pothuman,False,False
81568,pothuman,False,False
81570,pothuman,False,False
81573,pothuman,False,False
81575,pothuman,False,False
81579,pothuman,False,False
81903,pothuman,False,False
81980,pothuman,False,False
81994,pothuman,False,False
82001,pothuman,False,False
82213,pothuman,False,False
82314,pothuman,False,False
82329,pothuman,False,False
82339,pothuman,False,False
82445,pothuman,False,False
82468,pothuman,False,False
82543,pothuman,False,False
83073,pothuman,False,False
83122,pothuman,False,False
83138,pothuman,False,False
83147,pothuman,False,False
83225,pothuman,False,False
83366,pothuman,False,False
83670,pothuman,False,False
83933,pothuman,False,False
83936,pothuman,False,False
84528,pothuman,False,False
84534,pothuman,False,False
84542,pothuman,False,False
84554,pothuman,False,False
84584,pothuman,False,False
84764,pothuman,False,False
86145,pothuman,False,False
86167,pothuman,False,False
86172,pothuman,False,False
86173,pothuman,False,False
86176,pothuman,False,False
86177,pothuman,False,False
86184,pothuman,False,False
86518,pothuman,False,False
87223,pothuman,False,False
87538,pothuman,False,False
88472,pothuman,False,False
88535,pothuman,False,False
88766,pothuman,False,False
89067,pothuman,False,False
89083,pothuman,False,False
89119,pothuman,False,False
89128,pothuman,False,False
89131,pothuman,False,False
89132,pothuman,False,False
89133,pothuman,False,False
89134,pothuman,False,False
89136,pothuman,False,False
89138,pothuman,False,False
89139,pothuman,False,False
89142,pothuman,False,False
89144,pothuman,False,False
89145,pothuman,False,False
89147,pothuman,False,False
89148,pothuman,False,False
89151,pothuman,False,False
89153,pothuman,False,False
89154,pothuman,False,False
89157,pothuman,False,False
89158,pothuman,False,False
89159,pothuman,False,False
89162,pothuman,False,False
89299,pothuman,False,False
89303,pothuman,False,False
89307,pothuman,False,False
89584,pothuman,False,False
89635,pothuman,False,False
89748,pothuman,False,False
89985,pothuman,False,False
89986,pothuman,False,False
90132,pothuman,False,False
90204,pothuman,False,False
90340,pothuman,False,False
90350,pothuman,False,False
91123,pothuman,False,False
91424,pothuman,False,False
91574,pothuman,False,False
91576,pothuman,False,False
91581,pothuman,False,False
91583,pothuman,False,False
91584,pothuman,False,False
91585,pothuman,False,False
91587,pothuman,False,False
91588,pothuman,False,False
91589,pothuman,False,False
91590,pothuman,False,False
91591,pothuman,False,False
91592,pothuman,False,False
91593,pothuman,False,False
91596,pothuman,False,False
91597,pothuman,False,False
91600,pothuman,False,False
91601,pothuman,False,False
91603,pothuman,False,False
91605,pothuman,False,False
91606,pothuman,False,False
91611,pothuman,False,False
91616,pothuman,False,False
91620,pothuman,False,False
91754,pothuman,False,False
91794,pothuman,False,False
91869,pothuman,False,False
92040,pothuman,False,False
92046,pothuman,False,False
92111,pothuman,False,False
92118,pothuman,False,False
92256,pothuman,False,False
92459,pothuman,False,False
92460,pothuman,False,False
92462,pothuman,False,False
92463,pothuman,False,False
92466,pothuman,False,False
92471,pothuman,False,False
92473,pothuman,False,False
92474,pothuman,False,False
92477,pothuman,False,False
92478,pothuman,False,False
92479,pothuman,False,False
92480,pothuman,False,False
92481,pothuman,False,False
93253,pothuman,False,False
93314,pothuman,False,False
93316,pothuman,False,False
93318,pothuman,False,False
93331,pothuman,False,False
93484,pothuman,False,False
93820,pothuman,False,False
93852,pothuman,False,False
93854,pothuman,False,False
93870,pothuman,False,False
93909,pothuman,False,False
93982,pothuman,False,False
94283,pothuman,False,False
94612,pothuman,False,False
94665,pothuman,False,False
94986,pothuman,False,False
95511,pothuman,False,False
95531,pothuman,False,False
95569,pothuman,False,False
95661,pothuman,False,False
95668,pothuman,False,False
95967,pothuman,False,False
95968,pothuman,False,False
96086,pothuman,False,False
96126,pothuman,False,False
96506,pothuman,False,False
96581,pothuman,False,False
96706,pothuman,False,False
96714,pothuman,False,False
98002,pothuman,False,False
98032,pothuman,False,False
98041,pothuman,False,False
98496,pothuman,False,False
98649,pothuman,False,False
98961,pothuman,False,False
98964,pothuman,False,False
99234,pothuman,False,False
99318,pothuman,False,False
99395,pothuman,False,False
99580,pothuman,False,False
99585,pothuman,False,False
99587,pothuman,False,False
99595,pothuman,False,False
99596,pothuman,False,False
99597,pothuman,False,False
99598,pothuman,False,False
100013,pothuman,False,False
100021,pothuman,False,False
100503,pothuman,False,False
101553,pothuman,False,False
101573,pothuman,False,False
101589,pothuman,False,False
101590,pothuman,False,False
101980,pothuman,False,False
102285,pothuman,False,False
102286,pothuman,False,False
102287,pothuman,False,False
102452,pothuman,False,False
102453,pothuman,False,False
102454,pothuman,False,False
102455,pothuman,False,False
102456,pothuman,False,False
102464,pothuman,False,False
103043,pothuman,False,False
103147,pothuman,False,False
103272,pothuman,False,False
103300,pothuman,False,False
103311,pothuman,False,False
103317,pothuman,False,False
103318,pothuman,False,False
103320,pothuman,False,False
103807,pothuman,False,False
103809,pothuman,False,False
103813,pothuman,False,False
103820,pothuman,False,False
103822,pothuman,False,False
104312,pothuman,False,False
104461,pothuman,False,False
104478,pothuman,False,False
104540,pothuman,False,False
105463,pothuman,False,False
105471,pothuman,False,False
105475,pothuman,False,False
105640,pothuman,False,False
105654,pothuman,False,False
105955,pothuman,False,False
105966,pothuman,False,False
105968,pothuman,False,False
105970,pothuman,False,False
105972,pothuman,False,False
105974,pothuman,False,False
105975,pothuman,False,False
105976,pothuman,False,False
105977,pothuman,False,False
105978,pothuman,False,False
106004,pothuman,False,False
106065,pothuman,False,False
106070,pothuman,False,False
106098,pothuman,False,False
106099,pothuman,False,False
106100,pothuman,False,False
106103,pothuman,False,False
106104,pothuman,False,False
106105,pothuman,False,False
106109,pothuman,False,False
106110,pothuman,False,False
106115,pothuman,False,False
106276,pothuman,False,False
106282,pothuman,False,False
106331,pothuman,False,False
106564,pothuman,False,False
106683,pothuman,False,False
106750,pothuman,False,False
106821,pothuman,False,False
106822,pothuman,False,False
106823,pothuman,False,False
106825,pothuman,False,False
106827,pothuman,False,False
106828,pothuman,False,False
106829,pothuman,False,False
106834,pothuman,False,False
106843,pothuman,False,False
107710,pothuman,False,False
107820,pothuman,False,False
107954,pothuman,False,False
108006,pothuman,False,False
108048,pothuman,False,False
108054,pothuman,False,False
108103,pothuman,False,False
108104,pothuman,False,False
108107,pothuman,False,False
108110,pothuman,False,False
108113,pothuman,False,False
108205,pothuman,False,False
108206,pothuman,False,False
108208,pothuman,False,False
108209,pothuman,False,False
108210,pothuman,False,False
108211,pothuman,False,False
108213,pothuman,False,False
108216,pothuman,False,False
108217,pothuman,False,False
108219,pothuman,False,False
108223,pothuman,False,False
108226,pothuman,False,False
108229,pothuman,False,False
108318,pothuman,False,False
108634,pothuman,False,False
108668,pothuman,False,False
108676,pothuman,False,False
108682,pothuman,False,False
108684,pothuman,False,False
108687,pothuman,False,False
108697,pothuman,False,False
108819,pothuman,False,False
109519,pothuman,False,False
109524,pothuman,False,False
110371,pothuman,False,False
110372,pothuman,False,False
110373,pothuman,False,False
110375,pothuman,False,False
110379,pothuman,False,False
110380,pothuman,False,False
110381,pothuman,False,False
110617,pothuman,False,False
110620,pothuman,False,False
110623,pothuman,False,False
110624,pothuman,False,False
110625,pothuman,False,False
110627,pothuman,False,False
110628,pothuman,False,False
110630,pothuman,False,False
110631,pothuman,False,False
110633,pothuman,False,False
110641,pothuman,False,False
110904,pothuman,False,False
111333,pothuman,False,False
112428,pothuman,False,False
112429,pothuman,False,False
112431,pothuman,False,False
112435,pothuman,False,False
112436,pothuman,False,False
112437,pothuman,False,False
112463,pothuman,False,False
116081,pothuman,False,False
116274,pothuman,False,False
116275,pothuman,False,False
116276,pothuman,False,False
116277,pothuman,False,False
116896,pothuman,False,False
116897,pothuman,False,False
116899,pothuman,False,False
116900,pothuman,False,False
116903,pothuman,False,False
118918,pothuman,False,False
119816,pothuman,False,False
119820,pothuman,False,False
119821,pothuman,False,False
119866,pothuman,False,False
119912,pothuman,False,False
119922,pothuman,False,False
119923,pothuman,False,False
119925,pothuman,False,False
119926,pothuman,False,False
119927,pothuman,False,False
122890,pothuman,False,False
123474,pothuman,False,False
123481,pothuman,False,False
123482,pothuman,False,False
123483,pothuman,False,False
124110,pothuman,False,False
124111,pothuman,False,False
124112,pothuman,False,False
124113,pothuman,False,False
124114,pothuman,False,False
124115,pothuman,False,False
124116,pothuman,False,False
124233,pothuman,False,False
124323,pothuman,False,False
124324,pothuman,False,False
124325,pothuman,False,False
124326,pothuman,False,False
124330,pothuman,False,False
124331,pothuman,False,False
124332,pothuman,False,False
124335,pothuman,False,False
124336,pothuman,False,False
124337,pothuman,False,False
124486,pothuman,False,False
124495,pothuman,False,False
124768,pothuman,False,False
125334,pothuman,False,False
125336,pothuman,False,False
125339,pothuman,False,False
125343,pothuman,False,False
125345,pothuman,False,False
125354,pothuman,False,False
125358,pothuman,False,False
126759,pothuman,False,False
126849,pothuman,False,False
126923,pothuman,False,False
127328,pothuman,False,False
127336,pothuman,False,False
127411,pothuman,False,False
127663,pothuman,False,False
127694,pothuman,False,False
128000,pothuman,False,False
128025,pothuman,False,False
128027,pothuman,False,False
128049,pothuman,False,False
128350,pothuman,False,False
128372,pothuman,False,False
128890,pothuman,False,False
128959,pothuman,False,False
129401,pothuman,False,False
129405,pothuman,False,False
129413,pothuman,False,False
129414,pothuman,False,False
129572,pothuman,False,False
129721,pothuman,False,False
129978,pothuman,False,False
130092,pothuman,False,False
130116,pothuman,False,False
130124,pothuman,False,False
130479,pothuman,False,False
130500,pothuman,False,False
131060,pothuman,False,False
131229,pothuman,False,False
131294,pothuman,False,False
131410,pothuman,False,False
131621,pothuman,False,False
131846,pothuman,False,False
132029,pothuman,False,False
132643,pothuman,False,False
132691,pothuman,False,False
133085,pothuman,False,False
133086,pothuman,False,False
133552,pothuman,False,False
133570,pothuman,False,False
133649,pothuman,False,False
134120,pothuman,False,False
134591,pothuman,False,False
134596,pothuman,False,False
134600,pothuman,False,False
134602,pothuman,False,False
134645,pothuman,False,False
134693,pothuman,False,False
135037,pothuman,False,False
135038,pothuman,False,False
135192,pothuman,False,False
135837,pothuman,False,False
136151,pothuman,False,False
136225,pothuman,False,False
136268,pothuman,False,False
136272,pothuman,False,False
136648,pothuman,False,False
136650,pothuman,False,False
136653,pothuman,False,False
136792,pothuman,False,False
136795,pothuman,False,False
136796,pothuman,False,False
136797,pothuman,False,False
136798,pothuman,False,False
136800,pothuman,False,False
136801,pothuman,False,False
136808,pothuman,False,False
136864,pothuman,False,False
136950,pothuman,False,False
136951,pothuman,False,False
137220,pothuman,False,False
137344,pothuman,False,False
137432,pothuman,False,False
137477,pothuman,False,False
137668,pothuman,False,False
137744,pothuman,False,False
137792,pothuman,False,False
137811,pothuman,False,False
137831,pothuman,False,False
137832,pothuman,False,False
138211,pothuman,False,False
138224,pothuman,False,False
138294,pothuman,False,False
138305,pothuman,False,False
138318,pothuman,False,False
138320,pothuman,False,False
138605,pothuman,False,False
138610,pothuman,False,False
138612,pothuman,False,False
138613,pothuman,False,False
138774,pothuman,False,False
138778,pothuman,False,False
138779,pothuman,False,False
138781,pothuman,False,False
138784,pothuman,False,False
138786,pothuman,False,False
138790,pothuman,False,False
138910,pothuman,False,False
138969,pothuman,False,False
139070,pothuman,False,False
139093,pothuman,False,False
139337,pothuman,False,False
139353,pothuman,False,False
139558,pothuman,False,False
139559,pothuman,False,False
139562,pothuman,False,False
139564,pothuman,False,False
139568,pothuman,False,False
139570,pothuman,False,False
139593,pothuman,False,False
139692,pothuman,False,False
139856,pothuman,False,False
139871,pothuman,False,False
139893,pothuman,False,False
139946,pothuman,False,False
140341,pothuman,False,False
140395,pothuman,False,False
140621,pothuman,False,False
140622,pothuman,False,False
140623,pothuman,False,False
140624,pothuman,False,False
140625,pothuman,False,False
140760,pothuman,False,False
140762,pothuman,False,False
140764,pothuman,False,False
140765,pothuman,False,False
140768,pothuman,False,False
140793,pothuman,False,False
140999,pothuman,False,False
141053,pothuman,False,False
141199,pothuman,False,False
141267,pothuman,False,False
141420,pothuman,False,False
141425,pothuman,False,False
141428,pothuman,False,False
141432,pothuman,False,False
141557,pothuman,False,False
142194,pothuman,False,False
142411,pothuman,False,False
142546,pothuman,False,False
142547,pothuman,False,False
142548,pothuman,False,False
142549,pothuman,False,False
142554,pothuman,False,False
143072,pothuman,False,False
143073,pothuman,False,False
143076,pothuman,False,False
143077,pothuman,False,False
143078,pothuman,False,False
143079,pothuman,False,False
143081,pothuman,False,False
143880,pothuman,False,False
143917,pothuman,False,False
143919,pothuman,False,False
143921,pothuman,False,False
143922,pothuman,False,False
143924,pothuman,False,False
143925,pothuman,False,False
144029,pothuman,False,False
144030,pothuman,False,False
144032,pothuman,False,False
144033,pothuman,False,False
144034,pothuman,False,False
144037,pothuman,False,False
144039,pothuman,False,False
144518,pothuman,False,False
144520,pothuman,False,False
144522,pothuman,False,False
145119,pothuman,False,False
145190,pothuman,False,False
145278,pothuman,False,False
145281,pothuman,False,False
145420,pothuman,False,False
145487,pothuman,False,False
145987,pothuman,False,False
145994,pothuman,False,False
145996,pothuman,False,False
146007,pothuman,False,False
146022,pothuman,False,False
146149,pothuman,False,False
146590,pothuman,False,False
146594,pothuman,False,False
146947,pothuman,False,False
146949,pothuman,False,False
146950,pothuman,False,False
146951,pothuman,False,False
146952,pothuman,False,False
146955,pothuman,False,False
146961,pothuman,False,False
147210,pothuman,False,False
147529,pothuman,False,False
147534,pothuman,False,False
147854,pothuman,False,False
148658,pothuman,False,False
148663,pothuman,False,False
149320,pothuman,False,False
149322,pothuman,False,False
149327,pothuman,False,False
150166,pothuman,False,False
150459,pothuman,False,False
150701,pothuman,False,False
151039,pothuman,False,False
151437,pothuman,False,False
151506,pothuman,False,False
151521,pothuman,False,False
152049,pothuman,False,False
152211,pothuman,False,False
153231,pothuman,False,False
153265,pothuman,False,False
153331,pothuman,False,False
153460,pothuman,False,False
154292,pothuman,False,False
154572,pothuman,False,False
155315,pothuman,False,False
156008,pothuman,False,False
156596,pothuman,False,False
156876,pothuman,False,False
156879,pothuman,False,False
157193,pothuman,False,False
157752,pothuman,False,False
157753,pothuman,False,False
158334,pothuman,False,False
159179,pothuman,False,False
159694,pothuman,False,False
160416,pothuman,False,False
160822,pothuman,False,False
161619,pothuman,False,False
161804,pothuman,False,False
162002,pothuman,False,False
162404,pothuman,False,False
162408,pothuman,False,False
162688,pothuman,False,False
163124,pothuman,False,False
163280,pothuman,False,False
163491,pothuman,False,False
163623,pothuman,False,False
163708,pothuman,False,False
163842,pothuman,False,False
163944,pothuman,False,False
164454,pothuman,False,False
164845,pothuman,False,False
165058,pothuman,False,False
165579,pothuman,False,False
166281,pothuman,False,False
166746,pothuman,False,False
168636,pothuman,False,False
170230,pothuman,False,False
170887,pothuman,False,False
170911,pothuman,False,False
171544,pothuman,False,False
171917,pothuman,False,False
172146,pothuman,False,False
172558,pothuman,False,False
172694,pothuman,False,False
173292,pothuman,False,False
173585,pothuman,False,False
173923,pothuman,False,False
173924,pothuman,False,False
174168,pothuman,False,False
174738,pothuman,False,False
174851,pothuman,False,False
175293,pothuman,False,False
175533,pothuman,False,False
176119,pothuman,False,False
176910,pothuman,False,False
178109,pothuman,False,False
178242,pothuman,False,False
178243,pothuman,False,False
178255,pothuman,False,False
178984,pothuman,False,False
179372,pothuman,False,False
179482,pothuman,False,False
179745,pothuman,False,False
180873,pothuman,False,False
181128,pothuman,False,False
181757,pothuman,False,False
181861,pothuman,False,False
182451,pothuman,False,False
182687,pothuman,False,False
182838,pothuman,False,False
183566,pothuman,False,False
183567,pothuman,False,False
183735,pothuman,False,False
183782,pothuman,False,False
183801,pothuman,False,False
185426,pothuman,False,False
185429,pothuman,False,False
186128,pothuman,False,False
186373,pothuman,False,False
186564,pothuman,False,False
187266,pothuman,False,False
187271,pothuman,False,False
187275,pothuman,False,False
187582,pothuman,False,False
188790,pothuman,False,False
188799,pothuman,False,False
188800,pothuman,False,False
188802,pothuman,False,False
190326,pothuman,False,False
190327,pothuman,False,False
190432,pothuman,False,False
192448,pothuman,False,False
192450,pothuman,False,False
192455,pothuman,False,False
194332,pothuman,False,False
194334,pothuman,False,False
194335,pothuman,False,False
196751,pothuman,False,False
197679,pothuman,False,False
198363,pothuman,False,False
199496,pothuman,False,False
199515,pothuman,False,False
200073,pothuman,False,False
200370,pothuman,False,False
200732,pothuman,False,False
202183,pothuman,False,False
202184,pothuman,False,False
203018,pothuman,False,False
204311,pothuman,False,False
205227,pothuman,False,False
205228,pothuman,False,False
206654,pothuman,False,False
209085,pothuman,False,False
209225,pothuman,False,False
209317,pothuman,False,False
209411,pothuman,False,False
209548,pothuman,False,False
209944,pothuman,False,False
210648,pothuman,False,False
211383,pothuman,False,False
211880,pothuman,False,False
213129,pothuman,False,False
213130,pothuman,False,False
213199,pothuman,False,False
213640,pothuman,False,False
213645,pothuman,False,False
216564,pothuman,False,False
217685,pothuman,False,False
218080,pothuman,False,False
218635,pothuman,False,False
218669,pothuman,False,False
218933,pothuman,False,False
219008,pothuman,False,False
219091,pothuman,False,False
219338,pothuman,False,False
219341,pothuman,False,False
219346,pothuman,False,False
219348,pothuman,False,False
219981,pothuman,False,False
219991,pothuman,False,False
220383,pothuman,False,False
221314,pothuman,False,False
221315,pothuman,False,False
221379,pothuman,False,False
222086,pothuman,False,False
222102,pothuman,False,False
222133,pothuman,False,False
222147,pothuman,False,False
222156,pothuman,False,False
222195,pothuman,False,False
222744,pothuman,False,False
223031,pothuman,False,False
223280,pothuman,False,False
223342,pothuman,False,False
223343,pothuman,False,False
223429,pothuman,False,False
223726,pothuman,False,False
225317,pothuman,False,False
226498,pothuman,False,False
228372,pothuman,False,False
228447,pothuman,False,False
230062,pothuman,False,False
231213,pothuman,False,False
231716,pothuman,False,False
232420,pothuman,False,False
232543,pothuman,False,False
232789,pothuman,False,False
233169,pothuman,False,False
233331,pothuman,False,False
233888,pothuman,False,False
235710,pothuman,False,False
235782,pothuman,False,False
236033,pothuman,False,False
237772,pothuman,False,False
238548,pothuman,False,False
239503,pothuman,False,False
241738,pothuman,False,False
241891,pothuman,False,False
242858,pothuman,False,False
242952,pothuman,False,False
243029,pothuman,False,False
243175,pothuman,False,False
243280,pothuman,False,False
243328,pothuman,False,False
243674,pothuman,False,False
244117,pothuman,False,False
244340,pothuman,False,False
247207,pothuman,False,False
247969,pothuman,False,False
248557,pothuman,False,False
248981,pothuman,False,False
249075,pothuman,False,False
249079,pothuman,False,False
249495,pothuman,False,False
249555,pothuman,False,False
249717,pothuman,False,False
251874,pothuman,False,False
252090,pothuman,False,False
253397,pothuman,False,False
253399,pothuman,False,False
253400,pothuman,False,False
253401,pothuman,False,False
253402,pothuman,False,False
253403,pothuman,False,False
254159,pothuman,False,False
254557,pothuman,False,False
255238,pothuman,False,False
257278,pothuman,False,False
257643,pothuman,False,False
260881,pothuman,False,False
262884,pothuman,False,False
262885,pothuman,False,False
262929,pothuman,False,False
262931,pothuman,False,False
262933,pothuman,False,False
262934,pothuman,False,False
262936,pothuman,False,False
263569,pothuman,False,False
263570,pothuman,False,False
263571,pothuman,False,False
263572,pothuman,False,False
263573,pothuman,False,False
263574,pothuman,False,False
263575,pothuman,False,False
263576,pothuman,False,False
263577,pothuman,False,False
263579,pothuman,False,False
263580,pothuman,False,False
263581,pothuman,False,False
263582,pothuman,False,False
263583,pothuman,False,False
263584,pothuman,False,False
263585,pothuman,False,False
263586,pothuman,False,False
264763,pothuman,False,False
265043,pothuman,False,False
265054,pothuman,False,False
265055,pothuman,False,False
265078,pothuman,False,False
265082,pothuman,False,False
265355,pothuman,False,False
267131,pothuman,False,False
267378,pothuman,False,False
267463,pothuman,False,False
267464,pothuman,False,False
268034,pothuman,False,False
269204,pothuman,False,False
269207,pothuman,False,False
270995,pothuman,False,False
271647,pothuman,False,False
271651,pothuman,False,False
271917,pothuman,False,False
271956,pothuman,False,False
271998,pothuman,False,False
272395,pothuman,False,False
272397,pothuman,False,False
274153,pothuman,False,False
275257,pothuman,False,False
275258,pothuman,False,False
276181,pothuman,False,False
277641,pothuman,False,False
278037,pothuman,False,False
278075,pothuman,False,False
279134,pothuman,False,False
279875,pothuman,False,False
280191,pothuman,False,False
280286,pothuman,False,False
280287,pothuman,False,False
280356,pothuman,False,False
280434,pothuman,False,False
280435,pothuman,False,False
280436,pothuman,False,False
282894,pothuman,False,False
283281,pothuman,False,False
283661,pothuman,False,False
283738,pothuman,False,False
285157,pothuman,False,False
286601,pothuman,False,False
287122,pothuman,False,False
288472,pothuman,False,False
288474,pothuman,False,False
288545,pothuman,False,False
289827,pothuman,False,False
290123,pothuman,False,False
290380,pothuman,False,False
290623,pothuman,False,False
290626,pothuman,False,False
290627,pothuman,False,False
290697,pothuman,False,False
290698,pothuman,False,False
290699,pothuman,False,False
292018,pothuman,False,False
293551,pothuman,False,False
294723,pothuman,False,False
295428,pothuman,False,False
295662,pothuman,False,False
298237,pothuman,False,False
299613,pothuman,False,False
300473,pothuman,False,False
302414,pothuman,False,False
302415,pothuman,False,False
304305,pothuman,False,False
304306,pothuman,False,False
304307,pothuman,False,False
304309,pothuman,False,False
306704,pothuman,False,False
307210,pothuman,False,False
309714,pothuman,False,False
309731,pothuman,False,False
310078,pothuman,False,False
311458,pothuman,False,False
311565,pothuman,False,False
311836,pothuman,False,False
313434,pothuman,False,False
315746,pothuman,False,False
316197,pothuman,False,False
320528,pothuman,False,False
325975,pothuman,False,False
326832,pothuman,False,False
328294,pothuman,False,False
329077,pothuman,False,False
329796,pothuman,False,False
331076,pothuman,False,False
334181,pothuman,False,False
334672,pothuman,False,False
336039,pothuman,False,False
336050,pothuman,False,False
336693,pothuman,False,False
338129,pothuman,False,False
339395,pothuman,False,False
341060,pothuman,False,False
341202,pothuman,False,False
341234,pothuman,False,False
343012,pothuman,False,False
344342,pothuman,False,False
348564,pothuman,False,False
350153,pothuman,False,False
350156,pothuman,False,False
352406,pothuman,False,False
353893,pothuman,False,False
354307,pothuman,False,False
356891,pothuman,False,False
360436,pothuman,False,False
372438,pothuman,False,False
372517,pothuman,False,False
376319,pothuman,False,False
376332,pothuman,False,False
377904,pothuman,False,False
379681,pothuman,False,False
382360,pothuman,False,False
383256,pothuman,False,False
383821,pothuman,False,False
386003,pothuman,False,False
386838,pothuman,False,False
387203,pothuman,False,False
387540,pothuman,False,False
387740,pothuman,False,False
388032,pothuman,False,False
389701,pothuman,False,False
394196,pothuman,False,False
397725,pothuman,False,False
399022,pothuman,False,False
399345,pothuman,False,False
404002,pothuman,False,False
404621,pothuman,False,False
409196,pothuman,False,False
410515,pothuman,False,False
412320,pothuman,False,False
413298,pothuman,False,False
415413,pothuman,False,False
416104,pothuman,False,False
417259,pothuman,False,False
417466,pothuman,False,False
420151,pothuman,False,False
420645,pothuman,False,False
423246,pothuman,False,False
423253,pothuman,False,False
424825,pothuman,False,False
425059,pothuman,False,False
425761,pothuman,False,False
428317,pothuman,False,False
431507,pothuman,False,False
432195,pothuman,False,False
432338,pothuman,False,False
432879,pothuman,False,False
433387,pothuman,False,False
433417,pothuman,False,False
433905,pothuman,False,False
434895,pothuman,False,False
434947,pothuman,False,False
435320,pothuman,False,False
435448,pothuman,False,False
436699,pothuman,False,False
437812,pothuman,False,False
440805,pothuman,False,False
441058,pothuman,False,False
442020,pothuman,False,False
442023,pothuman,False,False
443094,pothuman,False,False
443234,pothuman,False,False
444157,pothuman,False,False
444382,pothuman,False,False
449101,pothuman,False,False
452712,pothuman,False,False
452716,pothuman,False,False
452735,pothuman,False,False
452920,pothuman,False,False
455496,pothuman,False,False
456964,pothuman,False,False
457296,pothuman,False,False
457427,pothuman,False,False
457667,pothuman,False,False
460302,pothuman,False,False
462262,pothuman,False,False
462294,pothuman,False,False
462760,pothuman,False,False
463399,pothuman,False,False
463564,pothuman,False,False
463666,pothuman,False,False
464882,pothuman,False,False
466512,pothuman,False,False
467614,pothuman,False,False
467903,pothuman,False,False
468570,pothuman,False,False
468679,pothuman,False,False
468812,pothuman,False,False
469665,pothuman,False,False
470571,pothuman,False,False
478417,pothuman,False,False
488468,pothuman,False,False
505211,pothuman,False,False
1621599,pothuman,False,False
3780325,pothuman,False,False
3902962,pothuman,False,False
4969218,pothuman,False,False
8049320,pothuman,False,False
10138839,pothuman,False,False
12449603,pothuman,False,False
22181635,pothuman,False,False
24121357,pothuman,False,False
35971529,pothuman,False,False
40306876,pothuman,False,False
42704200,pothuman,False,False
44455847,pothuman,False,False
57636263,pothuman,False,False
61315235,pothuman,False,False
62558686,pothuman,False,False
68657889,pothuman,False,False
69871711,pothuman,False,False
71024437,pothuman,False,False
71097797,pothuman,False,False
78508254,pothuman,False,False
80810809,pothuman,False,False
85617350,pothuman,False,False
86117331,pothuman,False,False
86117387,pothuman,False,False
86228913,pothuman,False,False
89775399,pothuman,False,False
92500213,pothuman,False,False
95440340,pothuman,False,False
95790838,pothuman,False,False
100269203,pothuman,False,False
100509644,pothuman,False,False
102302285,pothuman,False,False
104169035,pothuman,False,False
104603709,pothuman,False,False
107302653,pothuman,False,False
107597750,pothuman,False,False
111438046,pothuman,False,False
117812490,pothuman,False,False
135769461,pothuman,False,False
158569484,pothuman,False,False
158742290,pothuman,False,False
158754939,pothuman,False,False
164486664,pothuman,False,False
174921402,pothuman,False,False
179946220,pothuman,False,False
180426516,pothuman,False,False
183463708,pothuman,False,False
183594564,pothuman,False,False
187706267,pothuman,False,False
187712029,pothuman,False,False
187712448,pothuman,False,False
187713096,pothuman,False,False
190776990,pothuman,False,False
198264393,pothuman,False,False
215097439,pothuman,False,False
215099760,pothuman,False,False
220313378,pothuman,False,False
220438042,pothuman,False,False
221048930,pothuman,False,False
223910145,pothuman,False,False
225592641,pothuman,False,False
225759983,pothuman,False,False
226675653,pothuman,False,False
234857685,pothuman,False,False
246499667,pothuman,False,False
255596853,pothuman,False,False
258687479,pothuman,False,False
263678655,pothuman,False,False
267929016,pothuman,False,False
279588890,pothuman,False,False
282442305,pothuman,False,False
283242851,pothuman,False,False
289186802,pothuman,False,False
292959993,pothuman,False,False
300531239,pothuman,False,False
303409292,pothuman,False,False
310834232,pothuman,False,False
318680030,pothuman,False,False
322597465,pothuman,False,False
327356679,pothuman,False,False
327357434,pothuman,False,False
327357473,pothuman,False,False
327358359,pothuman,False,False
327362419,pothuman,False,False
327362438,pothuman,False,False
327363347,pothuman,False,False
327363695,pothuman,False,False
327364075,pothuman,False,False
327364076,pothuman,False,False
327364516,pothuman,False,False
327366009,pothuman,False,False
327366020,pothuman,False,False
334890229,pothuman,False,False
334890235,pothuman,False,False
349319295,pothuman,False,False
351902537,pothuman,False,False
356432602,pothuman,False,False
364116365,pothuman,False,False
370971448,pothuman,False,False
374827888,pothuman,False,False
374830350,pothuman,False,False
378537288,pothuman,False,False
393106372,pothuman,False,False
397611852,pothuman,False,False
405116149,pothuman,False,False
418848761,pothuman,False,False
423416440,pothuman,False,False
424239471,pothuman,False,False
424745245,pothuman,False,False
424873343,pothuman,False,False
429353286,pothuman,False,False
430862534,pothuman,False,False
439631365,pothuman,False,False
440306219,pothuman,False,False
443433402,pothuman,False,False
446163124,pothuman,False,False
448375660,pothuman,False,False
449145714,pothuman,False,False
478579169,pothuman,False,False
486116822,pothuman,False,False
486800595,pothuman,False,False
487427819,pothuman,False,False
490249906,pothuman,False,False
495109554,pothuman,False,False
496577952,pothuman,False,False
501725578,pothuman,False,False
502015277,pothuman,False,False
502406677,pothuman,False,False
506524290,pothuman,False,False
507460337,pothuman,False,False
510348278,pothuman,False,False
518150935,pothuman,False,False
521282000,pothuman,False,False
525505838,pothuman,False,False
529897242,pothuman,False,False
535712046,pothuman,False,False
539290478,pothuman,False,False
539813025,pothuman,False,False
539882906,pothuman,False,False
543826569,pothuman,False,False
545744198,pothuman,False,False
545907744,pothuman,False,False
546651847,pothuman,False,False
547592490,pothuman,False,False
548949746,pothuman,False,False
550234620,pothuman,False,False
551286872,pothuman,False,False
552400192,pothuman,False,False
556186745,pothuman,False,False
568988240,pothuman,False,False
572402174,pothuman,False,False
575205743,pothuman,False,False
575404007,pothuman,False,False
577162882,pothuman,False,False
578182088,pothuman,False,False
578182139,pothuman,False,False
578182702,pothuman,False,False
578183778,pothuman,False,False
578184322,pothuman,False,False
578184360,pothuman,False,False
578186457,pothuman,False,False
578186835,pothuman,False,False
578187528,pothuman,False,False
578189189,pothuman,False,False
578189340,pothuman,False,False
578194351,pothuman,False,False
581446791,pothuman,False,False
581447212,pothuman,False,False
583047205,pothuman,False,False
594010764,pothuman,False,False
598458310,pothuman,False,False
599483495,pothuman,False,False
604823041,pothuman,False,False
604961181,pothuman,False,False
605967102,pothuman,False,False
606868302,pothuman,False,False
607986750,pothuman,False,False
609140810,pothuman,False,False
609922108,pothuman,False,False
609927275,pothuman,False,False
610251244,pothuman,False,False
611741796,pothuman,False,False
614882987,pothuman,False,False
615181748,pothuman,False,False
615665413,pothuman,False,False
618432951,pothuman,False,False
618441033,pothuman,False,False
622862922,pothuman,False,False
627350181,pothuman,False,False
635086945,pothuman,False,False
640040798,pothuman,False,False
641535524,pothuman,False,False
644678435,pothuman,False,False
648794675,pothuman,False,False
660025133,pothuman,False,False
663957819,pothuman,False,False
667034973,pothuman,False,False
670847815,pothuman,False,False
675255026,pothuman,False,False
677984510,pothuman,False,False
690061087,pothuman,False,False
695379616,pothuman,False,False
698681676,pothuman,False,False
698699606,pothuman,False,False
700360517,pothuman,False,False
700947361,pothuman,False,False
711396191,pothuman,False,False
711450558,pothuman,False,False
712253837,pothuman,False,False
727883558,pothuman,False,False
727883626,pothuman,False,False
728181331,pothuman,False,False
734048756,pothuman,False,False
734480372,pothuman,False,False
734785916,pothuman,False,False
734838124,pothuman,False,False
738394457,pothuman,False,False
739573649,pothuman,False,False
739727906,pothuman,False,False
739757907,pothuman,False,False
740786557,pothuman,False,False
749344050,pothuman,False,False
750425040,pothuman,False,False
754937606,pothuman,False,False
761355551,pothuman,False,False
772485840,pothuman,False,False
773546902,pothuman,False,False
777378056,pothuman,False,False
777583744,pothuman,False,False
783648789,pothuman,False,False
794184593,pothuman,False,False
794306821,pothuman,False,False
798533880,pothuman,False,False
799803478,pothuman,False,False
804699193,pothuman,False,False
829226752,pothuman,False,False
834587853,pothuman,False,False
834741600,pothuman,False,False
835098231,pothuman,False,False
835774316,pothuman,False,False
856925936,pothuman,False,False
866748049,pothuman,False,False
868940824,pothuman,False,False
870631280,pothuman,False,False
871480526,pothuman,False,False
871881774,pothuman,False,False
873330077,pothuman,False,False
885639427,pothuman,False,False
891629187,pothuman,False,False
894688112,pothuman,False,False
896024965,pothuman,False,False
899168898,pothuman,False,False
902292347,pothuman,False,False
905233373,pothuman,False,False
939202009,pothuman,False,False
939232260,pothuman,False,False
941676917,pothuman,False,False
943891560,pothuman,False,False
961271545,pothuman,False,False
964465277,pothuman,False,False
967959219,pothuman,False,False
974620977,pothuman,False,False
976865564,pothuman,False,False
987783136,pothuman,False,False
999427789,pothuman,False,False
1009944198,pothuman,False,False
1009988508,pothuman,False,False
1012139850,pothuman,False,False
1014843793,pothuman,False,False
1015830198,pothuman,False,False
1023270201,pothuman,False,False
1036248805,pothuman,False,False
1037400446,pothuman,False,False
1037762248,pothuman,False,False
1041677304,pothuman,False,False
1043600131,pothuman,False,False
1051095077,pothuman,False,False
1058878094,pothuman,False,False
1061567976,pothuman,False,False
1066188998,pothuman,False,False
1066220530,pothuman,False,False
1071931145,pothuman,False,False
1083396515,pothuman,False,False
1088473858,pothuman,False,False
1093207946,pothuman,False,False
1094407838,pothuman,False,False
1098020959,pothuman,False,False
1141222395,pothuman,False,False
1141503794,pothuman,False,False
1143128590,pothuman,False,False
1146229204,pothuman,False,False
1148927685,pothuman,False,False
1150277585,pothuman,False,False
1155312101,pothuman,False,False
1156530869,pothuman,False,False
1166319139,pothuman,False,False
1167723863,pothuman,False,False
1167729761,pothuman,False,False
1167879036,pothuman,False,False
1174044827,pothuman,False,False
1174386170,pothuman,False,False
1178392155,pothuman,False,False
1179702572,pothuman,False,False
1184374507,pothuman,False,False
1187631147,pothuman,False,False
1190248937,pothuman,False,False
1210474412,pothuman,False,False
1216095112,pothuman,False,False
1219840475,pothuman,False,False
1229774617,pothuman,False,False
1236597008,pothuman,False,False
1238227329,pothuman,False,False
1255694784,pothuman,False,False
1256084831,pothuman,False,False
1281662080,pothuman,False,False
1287033460,pothuman,False,False
1287062011,pothuman,False,False
1292807161,pothuman,False,False
1293789811,pothuman,False,False
1298971344,pothuman,False,False
1301386728,pothuman,False,False
1303204549,pothuman,False,False
1303590194,pothuman,False,False
1311619117,pothuman,False,False
1313966506,pothuman,False,False
1325639225,pothuman,False,False
1330542141,pothuman,False,False
1330680108,pothuman,False,False
1334033833,pothuman,False,False
1352679257,pothuman,False,False
1358447835,pothuman,False,False
1367357805,pothuman,False,False
1377050293,pothuman,False,False
1387974911,pothuman,False,False
1388648893,pothuman,False,False
1392108711,pothuman,False,False
1392108852,pothuman,False,False
1392109137,pothuman,False,False
1392109151,pothuman,False,False
1392109457,pothuman,False,False
1392109507,pothuman,False,False
1392111439,pothuman,False,False
1392112022,pothuman,False,False
1392114070,pothuman,False,False
1392114782,pothuman,False,False
1392115108,pothuman,False,False
1392115217,pothuman,False,False
1392117186,pothuman,False,False
1392117591,pothuman,False,False
1392118240,pothuman,False,False
1392122368,pothuman,False,False
1392124324,pothuman,False,False
1392124396,pothuman,False,False
1392128996,pothuman,False,False
1392134357,pothuman,False,False
1392145723,pothuman,False,False
1392155009,pothuman,False,False
1392157493,pothuman,False,False
1392158597,pothuman,False,False
1392158873,pothuman,False,False
1392159055,pothuman,False,False
1392162219,pothuman,False,False
1392162254,pothuman,False,False
1392184298,pothuman,False,False
1392209591,pothuman,False,False
1392239237,pothuman,False,False
1392278161,pothuman,False,False
1392509775,pothuman,False,False
1392544679,pothuman,False,False
1392866464,pothuman,False,False
1393227800,pothuman,False,False
1393249382,pothuman,False,False
1393626504,pothuman,False,False
1393775531,pothuman,False,False
1393856682,pothuman,False,False
1393879221,pothuman,False,False
1393880193,pothuman,False,False
1393888108,pothuman,False,False
1393890322,pothuman,False,False
1393890757,pothuman,False,False
1393915720,pothuman,False,False
1393926001,pothuman,False,False
1393969404,pothuman,False,False
1394078526,pothuman,False,False
1394367671,pothuman,False,False
1394371302,pothuman,False,False
1394559056,pothuman,False,False
1394999371,pothuman,False,False
1395005686,pothuman,False,False
1395506854,pothuman,False,False
1395542724,pothuman,False,False
1395553098,pothuman,False,False
1395614281,pothuman,False,False
1395618952,pothuman,False,False
1396093187,pothuman,False,False
1396711622,pothuman,False,False
1397090751,pothuman,False,False
1397409382,pothuman,False,False
1397420586,pothuman,False,False
1397445648,pothuman,False,False
1397782556,pothuman,False,False
1400711529,pothuman,False,False
1401600083,pothuman,False,False
1402865198,pothuman,False,False
1405632564,pothuman,False,False
1405637547,pothuman,False,False
1406171202,pothuman,False,False
1408804842,pothuman,False,False
1410560114,pothuman,False,False
1422141059,pothuman,False,False
1425728281,pothuman,False,False
1435288065,pothuman,False,False
1451487596,pothuman,False,False
1451570512,pothuman,False,False
1451746599,pothuman,False,False
1467120783,pothuman,False,False
1468212662,pothuman,False,False
1468340143,pothuman,False,False
1476091841,pothuman,False,False
1478731413,pothuman,False,False
1479535467,pothuman,False,False
1482846750,pothuman,False,False
1517058034,pothuman,False,False
1528463004,pothuman,False,False
1528543811,pothuman,False,False
1534291834,pothuman,False,False
1534293020,pothuman,False,False
1542475917,pothuman,False,False
1543369318,pothuman,False,False
1545275995,pothuman,False,False
1551168897,pothuman,False,False
1551178466,pothuman,False,False
1554403974,pothuman,False,False
1569694875,pothuman,False,False
1569698069,pothuman,False,False
1575364878,pothuman,False,False
1579854590,pothuman,False,False
1583814353,pothuman,False,False
1583858553,pothuman,False,False
1584289179,pothuman,False,False
1593009715,pothuman,False,False
1602633005,pothuman,False,False
1604828112,pothuman,False,False
1604904707,pothuman,False,False
1609138966,pothuman,False,False
1613072959,pothuman,False,False
1620642165,pothuman,False,False
1628008119,pothuman,False,False
1629308661,pothuman,False,False
1633177719,pothuman,False,False
1638578229,pothuman,False,False
1653846216,pothuman,False,False
1675614284,pothuman,False,False
1689685889,pothuman,False,False
1726971824,pothuman,False,False
1728544354,pothuman,False,False
1754131272,pothuman,False,False
1762279368,pothuman,False,False
1762605807,pothuman,False,False
1778321788,pothuman,False,False
1778410880,pothuman,False,False
1780104912,pothuman,False,False
1781358522,pothuman,False,False
1789637164,pothuman,False,False
1804946146,pothuman,False,False
1807604646,pothuman,False,False
1812961235,pothuman,False,False
1844288537,pothuman,False,False
1847635739,pothuman,False,False
1856352017,pothuman,False,False
1861534450,pothuman,False,False
1863485446,pothuman,False,False
1868364966,pothuman,False,False
1871679904,pothuman,False,False
1876944532,pothuman,False,False
1878052875,pothuman,False,False
1878063496,pothuman,False,False
1881981934,pothuman,False,False
1882138822,pothuman,False,False
1885056008,pothuman,False,False
1886278751,pothuman,False,False
1886384826,pothuman,False,False
1886442310,pothuman,False,False
1901671588,pothuman,False,False
1902807007,pothuman,False,False
1911552710,pothuman,False,False
1911572616,pothuman,False,False
1919782647,pothuman,False,False
1927304516,pothuman,False,False
1928009076,pothuman,False,False
1930188345,pothuman,False,False
1937109383,pothuman,False,False
1978280480,pothuman,False,False
1978527800,pothuman,False,False
1987238936,pothuman,False,False
2001124710,pothuman,False,False
2004496278,pothuman,False,False
2004509242,pothuman,False,False
2004640174,pothuman,False,False
2004653416,pothuman,False,False
2004774627,pothuman,False,False
2004791484,pothuman,False,False
2004803192,pothuman,False,False
2004867177,pothuman,False,False
2004938601,pothuman,False,False
2005067311,pothuman,False,False
2005235468,pothuman,False,False
2005279939,pothuman,False,False
2005291976,pothuman,False,False
2005354621,pothuman,False,False
2005474714,pothuman,False,False
2005528625,pothuman,False,False
2005549044,pothuman,False,False
2005761942,pothuman,False,False
2005882187,pothuman,False,False
2005926843,pothuman,False,False
2005978626,pothuman,False,False
2006053061,pothuman,False,False
2006126325,pothuman,False,False
2006271388,pothuman,False,False
2006365063,pothuman,False,False
2006394885,pothuman,False,False
2006412199,pothuman,False,False
2006542153,pothuman,False,False
2006826752,pothuman,False,False
2007886400,pothuman,False,False
2007994595,pothuman,False,False
2008087075,pothuman,False,False
2008237411,pothuman,False,False
2008241146,pothuman,False,False
2008733324,pothuman,False,False
2009381492,pothuman,False,False
2011817768,pothuman,False,False
2012404801,pothuman,False,False
2012509940,pothuman,False,False
2012601736,pothuman,False,False
2012763319,pothuman,False,False
2013209721,pothuman,False,False
2013343104,pothuman,False,False
2013840359,pothuman,False,False
2014193153,pothuman,False,False
2015978076,pothuman,False,False
2016436469,pothuman,False,False
2016836946,pothuman,False,False
2019509805,pothuman,False,False
2019584348,pothuman,False,False
2020076861,pothuman,False,False
2025345598,pothuman,False,False
2026157259,pothuman,False,False
2026261587,pothuman,False,False
2029505325,pothuman,False,False
2030715991,pothuman,False,False
2031096336,pothuman,False,False
2033115247,pothuman,False,False
2033774160,pothuman,False,False
2035020217,pothuman,False,False
2035595619,pothuman,False,False
2035620658,pothuman,False,False
2035738010,pothuman,False,False
2042423255,pothuman,False,False
2044377770,pothuman,False,False
2047506711,pothuman,False,False
2052667203,pothuman,False,False
2066180196,pothuman,False,False
2074477908,pothuman,False,False
2076267608,pothuman,False,False
2076860569,pothuman,False,False
2076955612,pothuman,False,False
2079623482,pothuman,False,False
2081287860,pothuman,False,False
2082137319,pothuman,False,False
2084303402,pothuman,False,False
2085202274,pothuman,False,False
2086910980,pothuman,False,False
2087376322,pothuman,False,False
2090589800,pothuman,False,False
2092841342,pothuman,False,False
2094278182,pothuman,False,False
2097572372,pothuman,False,False
2099662793,pothuman,False,False
2103153955,pothuman,False,False
2108064329,pothuman,False,False
2108334804,pothuman,False,False
2109473916,pothuman,False,False
2117657518,pothuman,False,False
2120319746,pothuman,False,False
2120570138,pothuman,False,False
2123373236,pothuman,False,False
2125141821,pothuman,False,False
2125196984,pothuman,False,False
2125205282,pothuman,False,False
2132061305,pothuman,False,False
2132371562,pothuman,False,False
2132406740,pothuman,False,False
2132671129,pothuman,False,False
2142882263,pothuman,False,False
2142904745,pothuman,False,False
2142999166,pothuman,False,False
2143037044,pothuman,False,False
2143241071,pothuman,False,False
2143531612,pothuman,False,False
2143689183,pothuman,False,False
2143791302,pothuman,False,False
2144457940,pothuman,False,False
2145482829,pothuman,False,False
2146003533,pothuman,False,False
2146248713,pothuman,False,False
2146790943,pothuman,False,False
