a_id,group,intensity,pre_O,dO,pre_logvol,pre_logvol_adjacent,pre_logvol_clean,post_logvol,dvol,retreat
41731,abusive,0.05263157894736842,2.8206573025163078,-1.5478605934343619,0.7742402021815782,1.075055681536833,0.7742402021815782,2.5751492939808953,1.8009090917993171,False
42264,abusive,0.2,3.600667190552431,-0.5499446342196572,1.5648092021712583,1.6685679608542916,1.5648092021712583,1.6912336979156926,0.12642449574443426,False
42415,abusive,0.025,3.182384269214488,0.2655616027224874,6.373205329204077,5.922980730445109,6.373205329204077,6.19451583779375,-0.17868949141032697,False
42945,abusive,0.12,0.440929523773121,0.35201315307906866,4.427113866780683,3.606425612223122,4.427113866780683,3.331618330404818,-1.0954955363758652,True
42945,abusive,0.07058823529411765,2.3492252495048915,-1.3575722504667012,1.861275512034625,4.302795745338149,1.861275512034625,3.457842926082636,1.5965674140480113,False
42945,abusive,0.027777777777777776,0.859882657609227,-0.25349214403554776,3.7421435522686735,4.078853969800218,3.7421435522686735,4.715142613056054,0.9729990607873806,False
42945,abusive,0.05263157894736842,0.8977333947315593,0.015790667445981232,3.2313315371384257,3.7055522758711215,3.2313315371384257,3.0875978931536543,-0.1437336439847714,False
42945,abusive,0.02247191011235955,1.4647952076507127,-0.6070341011153771,2.3598012512110076,2.312297406316932,2.3598012512110076,4.992992555052668,2.6331913038416603,False
42945,abusive,0.02027027027027027,0.7554309106326864,0.09634121373519144,4.8190044181286265,4.484550356212752,4.8190044181286265,4.970991295778034,0.15198687764940733,False
42963,abusive,0.5,3.006543958464816,-0.9310284146773191,1.1772208062900311,1.0961277846683983,1.1772208062900311,1.7414965835718739,0.5642757772818427,False
42963,abusive,0.2857142857142857,2.515637439099256,-0.677759819346579,1.440681104216619,2.1209205805490496,1.440681104216619,2.1240214178562433,0.6833403136396243,False
42965,abusive,0.038461538461538464,2.28914381629645,-1.8804896635008994,1.5136758535673045,2.4885764775216392,1.5136758535673045,4.390018275392185,2.8763424218248805,False
42965,abusive,0.14285714285714285,0.7350115784525144,0.349169314202062,4.3180738363537134,1.7618531224338625,4.3180738363537134,3.2152256000849517,-1.1028482362687617,True
42965,abusive,0.14285714285714285,1.5209893897048992,-0.05018227065672676,2.287916055748883,1.8824929112132633,2.287916055748883,2.3530478787168434,0.0651318229679605,False
42965,abusive,0.043478260869565216,0.9186069605981226,-0.23094446952918524,3.138636693667518,3.7158945273338224,3.138636693667518,3.639172157651443,0.5005354639839248,False
43145,abusive,1.0,2.206538104850237,-0.1527122250723525,1.3287579466295345,1.3733866568923765,1.3287579466295345,1.5931091146259984,0.26435116799646385,False
43261,abusive,0.1111111111111111,1.4760841104003564,0.03243818676896004,3.0071732061080807,3.44181094567453,3.0071732061080807,2.294895130919006,-0.7122780751890745,True
43261,abusive,1.0,1.0038643356137187,2.120895832532214,2.8540719878876666,2.680362328985801,2.8540719878876666,1.4950678473133472,-1.3590041405743194,True
43261,abusive,0.1111111111111111,2.170713908481538,1.1787003366766227,1.521774125838252,1.6028671474598848,1.521774125838252,0.9128696382935673,-0.6089044875446847,True
43261,abusive,1.0,4.0362988445199,-0.8875567302288832,0.9939626599152002,1.3158502424020202,0.9939626599152002,1.0961277846683983,0.10216512475319817,False
43261,abusive,0.2222222222222222,4.047850446750138,-0.49726064339529863,1.3158502424020202,2.1009038888376534,1.3158502424020202,2.0690183414520336,0.7531680990500134,False
43261,abusive,1.0,2.746453613839711,0.6713888013163816,1.7467832349855048,1.4909439898728003,1.7467832349855048,1.1772208062900313,-0.5695624286954735,True
43261,abusive,1.0,3.9613393540858746,-0.9833557374719679,1.1772208062900311,0.9939626599152002,1.1772208062900311,1.0675076159402637,-0.10971319034976745,False
43261,abusive,0.3333333333333333,4.0688726651990565,-1.4704358501469423,1.1058858175022848,0.9574983485564091,1.1058858175022848,1.075055681536833,-0.0308301359654517,False
43662,abusive,0.18181818181818182,2.4049466484541058,-0.06966295214791751,1.0596634733096073,1.6993980968197433,1.0596634733096073,1.1536641991587544,0.0940007258491471,False
43923,abusive,0.010273972602739725,2.3188726758352205,0.6332604430537878,1.1982929094215964,2.5983370107524424,1.1982929094215964,2.0353126945197095,0.8370197850981131,False
44367,abusive,1.0,2.4798455156351773,0.13487469830095034,0.9574983485564091,0.936426245424844,0.9574983485564091,0.7742402021815782,-0.18325814637483095,False
44367,abusive,0.2,1.8572623047403791,0.08316123922044483,1.8071973969662811,1.7496609824759246,1.8071973969662811,1.7050322722130828,-0.10216512475319828,False
44367,abusive,1.0,3.1244743218062103,-0.6446288061710339,1.075055681536833,1.3969432640236532,1.075055681536833,0.9574983485564091,-0.11755733298042392,False
44367,abusive,1.0,3.3896487394505015,-0.7959084969146968,0.936426245424844,1.017519267046477,0.936426245424844,0.9128696382935673,-0.02355660713127672,False
44680,abusive,0.5,3.1890618061684695,-0.5743415922323418,2.0579539682455037,1.7861252938347156,2.0579539682455037,0.7742402021815782,-1.2837137660639255,True
44755,abusive,0.14465408805031446,0.7441018475210928,0.2661270664002442,4.125407990642637,4.416716742332508,4.125407990642637,5.302814259267974,1.1774062686253366,False
44755,abusive,0.08450704225352113,1.6748059792802994,-0.3519777834387634,3.57964070059318,2.8581252198192373,3.57964070059318,4.711851031001451,1.1322103304082716,False
44755,abusive,0.0821917808219178,3.3636391442299605,-2.429775127533293,0.6931471805599453,2.995450825614495,0.6931471805599453,3.305912542252423,2.6127653616924778,False
44764,abusive,0.6666666666666666,2.242287937102923,-0.4098608914568507,2.9014881997192647,2.92665308662554,2.9014881997192647,3.036157110372018,0.13466891065275322,False
44764,abusive,0.22,0.612990532610357,0.06108635021063458,4.237887153389804,4.363628124368132,4.237887153389804,4.445554439540897,0.20766728615109287,False
44764,abusive,0.14634146341463414,0.8125829346600272,-0.17209310950652879,4.528867366534956,4.846455344645491,4.528867366534956,4.77546704579038,0.24659967925542414,False
44764,abusive,1.0,3.1232107934765185,1.455691894664188,2.6759931103735513,2.9353393061023287,2.6759931103735513,2.884467624442598,0.2084745140690467,False
44764,abusive,0.29411764705882354,3.703921746343893,-0.4400011410495779,2.798116177608807,3.6558905214478834,2.798116177608807,3.1709171460955052,0.3728009684866982,False
44946,abusive,0.25,3.201394487885646,-0.8688705925335922,0.9128696382935673,0.9939626599152002,0.9128696382935673,1.156148703158466,0.2432790648648988,False
45598,abusive,0.45454545454545453,0.37217130760955514,1.064947774297803,4.304655977608356,2.695189108726562,4.304655977608356,2.4079374856069147,-1.8967184920014417,True
45598,abusive,0.16666666666666666,1.6849400826272567,-0.012392599881515531,2.0504764618311797,1.9053219802559749,2.0504764618311797,2.07359520021875,0.023118738387570392,False
45598,abusive,0.2702702702702703,1.7020375658534745,-0.922808158147035,2.027490468496384,2.315967234050571,2.027490468496384,3.5641333076883948,1.5366428391920106,False
45598,abusive,0.05952380952380952,0.978442556548829,-0.2018336876805541,3.127288080898422,3.787394281429883,3.127288080898422,3.4286725506801234,0.30138446978170164,False
46030,abusive,0.006060606060606061,1.2930960155374638,0.08906785721788446,2.6097894331858016,2.1832175929095383,2.6097894331858016,2.5578145747396666,-0.05197485844613503,False
46747,abusive,0.09090909090909091,4.663408254397439,0.18641022325334422,1.3158502424020202,1.5120160930043656,1.3158502424020202,1.2712215321391782,-0.044628710262841986,False
46747,abusive,0.3333333333333333,4.7483016837163206,-0.271303652572227,1.339406849533297,1.2136851176488221,1.339406849533297,1.3604789526648622,0.021072103131565267,False
46747,abusive,0.3333333333333333,4.849818477650783,0.38153058207831325,1.2712215321391782,1.3287579466295345,1.2712215321391782,1.2136851176488221,-0.05753641449035607,False
46747,abusive,1.0,2.6147202139361276,0.7489189302938328,0.7742402021815782,0.7742402021815782,0.7742402021815782,0.6931471805599453,-0.0810930216216329,False
46800,abusive,0.125,4.759836328631904,0.35365757389080255,1.820995971263671,1.9514610084716093,1.820995971263671,1.7399029496420382,-0.08109302162163279,False
46800,abusive,0.16666666666666666,5.856149672952622,-1.0243187500120454,1.6094379124341003,1.6459022237928913,1.6094379124341003,1.7804911184413765,0.17105320600727625,False
46942,abusive,1.0,1.251943641707935,4.742466582177785,2.7314510933103846,2.2870187289632145,2.7314510933103846,1.017519267046477,-1.7139318262639076,True
46985,abusive,1.0,0.794992283577515,2.667662144210224,3.417255147907916,1.483395924276231,3.417255147907916,1.1325920960271891,-2.284663051880727,True
46985,abusive,0.25,2.977185342610311,-0.5716347620626814,1.4626440774180602,1.4724021102519467,1.4626440774180602,1.3831446897262627,-0.07949938769179754,False
46985,abusive,1.0,3.0933981714991843,1.4611072431511092,1.220958646482997,0.9939626599152002,1.220958646482997,0.9436997742590189,-0.27725887222397805,False
46985,abusive,1.0,2.31389914097782,0.8470025306158382,1.30205166810463,1.119684391799675,1.30205166810463,0.9704060527839233,-0.3316456153207066,False
46985,abusive,0.2,2.3292267609670567,-0.47169036277311527,1.2712215321391782,1.587474939232659,1.2712215321391782,1.912986629942118,0.6417650978029399,False
46985,abusive,0.5,2.2056071855419805,0.0008250342246611808,1.440681104216619,1.4673873827415236,1.440681104216619,1.3733866568923765,-0.0672944473242425,False
46985,abusive,1.0,4.741525342577867,-0.5929410687396679,0.6931471805599453,0.7742402021815782,0.6931471805599453,0.8764053269347762,0.18325814637483095,False
46985,abusive,0.25,5.57642969921212,-2.875724058935572,0.7742402021815782,0.9128696382935673,0.7742402021815782,0.936426245424844,0.1621860432432658,False
47116,abusive,1.0,13.759255909979606,-8.750808315889149,1.119684391799675,1.8640182471870606,1.119684391799675,0.936426245424844,-0.18325814637483107,False
47116,abusive,0.5,13.46610870788225,-10.681863811688789,1.485309814479461,1.0961277846683983,1.485309814479461,1.2136851176488221,-0.27162469683063883,False
47116,abusive,0.25,2.065769936254415,0.9781768737736614,1.4991083887768513,1.440681104216619,1.4991083887768513,2.290380152626491,0.7912717638496396,False
47116,abusive,0.2,1.9390575238848495,1.1176692595882136,1.6742021362476311,1.8565694125525858,1.6742021362476311,1.1536641991587544,-0.5205379370888767,False
47116,abusive,0.5,2.3961261864749184,1.7424414832694164,1.7399029496420382,1.8939245939812532,1.7399029496420382,0.8553332238032111,-0.8845697258388271,True
47116,abusive,1.0,3.2613703190055263,-0.6029576728335324,0.8317766166719343,0.7742402021815782,0.8317766166719343,0.9939626599152002,0.1621860432432659,False
47116,abusive,1.0,3.9326305811641538,-1.5370380024341763,0.8553332238032111,1.2347572207803874,0.8553332238032111,1.2922936352707435,0.4369604114675324,False
47344,abusive,0.0023235754897991514,6.878187877892235,3.8309526745661957,6.809835794318336,4.277522202684166,6.809835794318336,10.032581260990003,3.2227454666716673,False
47344,abusive,0.004562646334874227,12.354813133631316,-0.2482932832497564,9.556210257384086,10.707171668718066,9.556210257384086,8.714886814560447,-0.8413234428236382,True
47344,abusive,0.003554175645726308,5.890448379623239,0.4314193827260233,7.999525014079052,8.805050066109398,7.999525014079052,7.24494607973796,-0.754578934341092,True
47344,abusive,0.004054891746333252,15.621397767055646,-0.24522331508557826,9.452426498253034,8.310765306937009,9.452426498253034,8.549140339397805,-0.903286158855229,True
47344,abusive,0.007169245400343831,12.384308460425311,3.2044458239435265,4.120200987521235,6.522664448143897,4.120200987521235,5.474339184260845,1.3541381967396102,False
47344,abusive,0.000975370560864722,13.943581732942665,-6.839924802196136,10.226689087977329,6.503244110920716,10.226689087977329,5.488699054414967,-4.737990033562362,True
47344,abusive,0.0020938400576368875,24.649420638289897,3.9033237306780038,6.336658715198644,8.68358408634462,6.336658715198644,7.564036954373175,1.2273782391745307,False
47921,abusive,0.3,2.7183884772918736,-1.8175587102321817,0.9128696382935673,1.14075649493124,0.9128696382935673,3.683672090832155,2.7708024525385877,False
48300,abusive,0.015925406386665567,4.1254569524986735,-0.08733883059760039,9.559831603329709,8.523603262981469,9.559831603329709,9.438620976422568,-0.1212106269071409,False
48300,abusive,0.006352524927629463,4.034618170373169,0.0029233147694514017,9.438765522698576,9.452585827265736,9.438765522698576,9.447677411403065,0.008911888704489002,False
48300,abusive,0.006400487656202377,4.024173897169322,-0.19030666172559219,9.403461700216218,9.42323503203728,9.403461700216218,8.976363182997236,-0.4270985172189814,False
48300,abusive,0.0034372501998401277,4.042945014033679,-0.005364286515730399,9.461639592569991,9.447715399251237,9.461639592569991,9.448471665322703,-0.013167927247287992,False
48570,abusive,0.2,3.099019777577617,-2.266762349263761,1.0961277846683983,0.6931471805599453,1.0961277846683983,3.6788931097642523,2.582765325095854,False
49403,abusive,0.07407407407407407,2.6147202139361276,-1.095285932208752,0.7742402021815782,1.9120585540308177,0.7742402021815782,2.575762603262491,1.801522401080913,False
49463,abusive,0.25,1.8807103156043634,0.2767189418870666,1.781061732237858,1.4180153671552183,1.781061732237858,2.4470486045659907,0.6659868723281328,False
49463,abusive,0.018691588785046728,2.269773342858703,-1.7411775123253928,1.2445152536142738,1.262709609255419,1.2445152536142738,4.416335867808067,3.1718206141937935,False
49463,abusive,0.03571428571428571,0.4950408674178168,0.6630678563921752,4.295268908543246,1.6766866402473428,4.295268908543246,2.77648425264938,-1.518784655893866,True
49463,abusive,0.14285714285714285,1.5109364139198385,0.19171128555377548,2.2679143156317068,2.0321833163633776,2.2679143156317068,2.0255261208366844,-0.24238819479502238,False
49463,abusive,0.2,1.493752879620144,0.20982861356242188,2.321567112950643,2.2251994955720953,2.321567112950643,2.028106801803866,-0.29346031114677684,False
49463,abusive,0.1111111111111111,1.7866693823319462,-0.7098042342505959,1.9099331355159603,2.2247454658651877,1.9099331355159603,3.0429106623812663,1.132977526865306,False
49463,abusive,0.019230769230769232,1.0648341884359356,-0.45236058480865915,3.0031553000717772,3.8065201030714038,3.0031553000717772,3.8483792885546064,0.8452239884828292,False
50276,abusive,0.1,3.2613703190055263,-1.1618992682202394,0.8317766166719343,0.8317766166719343,0.8317766166719343,2.38099351054925,1.5492168938773159,False
50687,abusive,0.3333333333333333,1.6693471796412624,0.9694147032604636,2.1141402702139134,1.4544796785140093,2.1141402702139134,1.6839601690815176,-0.4301801011323958,False
50687,abusive,0.36363636363636365,2.594600338150273,0.21444874584259654,1.3604789526648622,1.9982996859717683,1.3604789526648622,1.3969432640236532,0.036464311358791024,False
50687,abusive,0.3,2.2969963167144423,-1.510286428086661,1.3287579466295345,1.156148703158466,1.3287579466295345,3.314043673047073,1.9852857264175385,False
50687,abusive,0.25,2.427960599020921,-1.6075118442627236,1.3158502424020202,2.8401545917509834,1.3158502424020202,3.291791647176165,1.9759414047741448,False
50687,abusive,0.08333333333333333,0.8429723629290835,0.48148964706816577,3.186302461126182,3.653777001812866,3.186302461126182,3.279333268108328,0.09303080698214572,False
50975,abusive,0.5,2.3924997264719337,0.18825425156485442,1.075055681536833,1.0514990744055563,1.075055681536833,1.0986122886681098,0.02355660713127672,False
51530,abusive,0.1,3.2613703190055263,-1.6146814783832988,0.8317766166719343,1.119684391799675,0.8317766166719343,3.021704895593173,2.189928278921239,False
51930,abusive,0.125,4.65000352657604,-2.923382381308822,1.396943264023653,2.395482782705571,1.396943264023653,2.123757507547441,0.7268142435237879,False
51930,abusive,0.08333333333333333,1.6411766323346186,0.8549913574930614,2.1096726368844747,1.2891439638771156,2.1096726368844747,1.2136851176488221,-0.8959875192356526,True
51934,abusive,0.4,2.5874166056457057,-0.8197488373067996,1.7683185693606362,1.8794303668085977,1.7683185693606362,2.0844562691902597,0.3161376998296235,False
51934,abusive,0.09090909090909091,2.039057533472769,-0.06155198846466514,1.5566448032672073,1.6506455291163544,1.5566448032672073,2.767297792869893,1.2106529896026856,False
52161,abusive,1.0,4.514628318760465,-0.22402767498384613,2.11804283305863,1.755295157869264,2.11804283305863,2.290022690511672,0.17197985745304178,False
52161,abusive,1.0,3.560185480926768,0.951782222308402,2.990588695952865,2.267914315631707,2.990588695952865,1.8460285998544723,-1.1445600960983926,True
52161,abusive,0.5,4.289812679790932,0.14525790671205563,3.5650699093004397,2.2660503692419462,3.5650699093004397,3.554694332858645,-0.010375576441794543,False
52161,abusive,0.2222222222222222,2.829983102776354,0.07918796632924163,2.0527352631549314,1.6764121034849482,2.0527352631549314,1.7092727137432036,-0.3434625494117278,False
52161,abusive,0.4117647058823529,2.3630828812650253,1.7264938914829213,1.854475152579127,1.1901285105175454,1.854475152579127,1.7589649856029035,-0.0955101669762235,False
52275,abusive,0.6666666666666666,2.614720213936127,1.5411940845510128,0.7742402021815782,1.1901285105175454,0.7742402021815782,1.4067012968575394,0.6324610946759612,False
52275,abusive,0.014598540145985401,2.6746960450560073,-2.2013918764017535,0.6931471805599453,1.4900159139614997,0.6931471805599453,4.351310555535316,3.658163374975371,False
52275,abusive,0.5,0.5064912495030716,1.468845775030775,3.9555520967187427,0.9128696382935673,3.9555520967187427,1.6697075650772195,-2.2858445316415232,True
52275,abusive,0.1111111111111111,1.028935444715504,0.565398515125473,2.9787056451584197,1.7589649856029035,2.9787056451584197,2.178456995039406,-0.8002486501190136,True
52275,abusive,0.2,1.6945549722693785,-0.19956835964020803,2.0362238578268816,2.1557912579780054,2.0362238578268816,2.3170864311513952,0.2808625733245136,False
52275,abusive,0.1111111111111111,1.5811508348323464,-0.337231999543103,1.9047380382353079,2.13471915484644,1.9047380382353079,2.7661192390764624,0.8613812008411545,False
52275,abusive,0.03636363636363636,0.984179363607041,-0.44782865324943355,3.187308999388489,3.2348714525583064,3.187308999388489,3.893647773506794,0.7063387741183047,False
52917,abusive,0.2,2.374816889456608,-0.042292994104554005,1.0986122886681098,1.0986122886681098,1.0986122886681098,1.156148703158466,0.05753641449035629,False
53726,abusive,0.04854368932038835,2.374816889456608,0.6321252407593239,1.0986122886681098,1.6264237545911615,1.0986122886681098,1.657253890556613,0.5586416018885032,False
53726,abusive,0.014492753623188406,5.375701413449518,-0.3797170172589368,2.7779936937764567,3.451873469813107,2.7779936937764567,1.0961277846683983,-1.6818659091080583,True
54308,abusive,0.03125,3.840036357655053,-3.418868400947617,1.220958646482997,1.3631279980148663,1.220958646482997,4.440261389094206,3.2193027426112093,False
54308,abusive,0.06896551724137931,1.5152264450977708,-0.2786183385204981,2.3679343976733973,2.2452485785703065,2.3679343976733973,2.7166632342259294,0.34872883655253206,False
54308,abusive,0.16666666666666666,1.616532822695121,0.156072440357784,2.1136470517148753,2.5620252565792327,2.1136470517148753,1.9272392339464166,-0.18640781776845872,False
54308,abusive,0.18181818181818182,1.5551416322784906,-0.9678443875691654,2.2363836535560147,2.063384166058694,2.2363836535560147,3.739854404009069,1.5034707504530544,False
54308,abusive,0.05454545454545454,1.0962929796708942,-0.07756140299461634,2.9479516696629533,3.80735207666105,2.9479516696629533,3.081713811442656,0.13376214177970258,False
54765,abusive,0.2,5.994410223885721,-0.7526407069012233,1.0986122886681098,1.119684391799675,1.0986122886681098,1.1325920960271891,0.03397980735907935,False
55115,abusive,0.11266816143497758,2.333257274837746,1.5604699997504543,1.7317385507379874,1.860109327972466,1.7317385507379874,2.6313297710741756,0.8995912203361882,False
55115,abusive,0.21839080459770116,1.7239881259864418,-0.31500541921219516,2.6049942062791356,3.314390168642915,2.6049942062791356,2.906958642425769,0.3019644361466334,False
55456,abusive,0.2,7.940785692628369,-4.5736825120399764,0.8764053269347762,1.4334075753824442,0.8764053269347762,1.359588082594986,0.48318275566020974,False
55456,abusive,0.009345794392523364,2.554744382816247,-2.124373151261924,0.8553332238032111,2.957548592750096,0.8553332238032111,4.3780175041683735,3.5226842803651626,False
55456,abusive,0.5,0.9586132280135349,0.38844410981190913,3.3865283444169925,0.9574983485564091,3.3865283444169925,2.5055442535090453,-0.8809840909079472,True
55456,abusive,0.2,1.6025884556507362,-0.01653281098515058,2.163539223641192,2.0366778875337896,2.163539223641192,2.1882150278732926,0.024675804232100695,False
55456,abusive,0.2222222222222222,1.4290985583479627,0.20072255059282873,2.375713615778244,2.4351639204718305,2.375713615778244,2.1330455049123374,-0.24266811086590678,False
55456,abusive,0.015384615384615385,1.8548459915178301,-0.8754666986392382,1.7842114036314853,3.3748092696812093,1.7842114036314853,3.0711454002712837,1.2869339966397983,False
55456,abusive,0.043478260869565216,0.5735938365298878,0.12432480565451276,3.806876927430104,3.7717555660337267,3.806876927430104,3.5524843656213276,-0.25439256180877656,False
55497,abusive,0.4883720930232558,3.7623561162865338,0.3616785818135604,3.2172053802865626,3.0051700501144825,3.2172053802865626,3.415351195839797,0.19814581555323452,False
55497,abusive,0.11585365853658537,2.0208935440763076,-0.17367873502019848,4.855563111672292,4.976383867547054,4.855563111672292,4.805601064950474,-0.049962046721818254,False
55497,abusive,0.21804511278195488,4.005914020785278,0.7566561707875721,2.087557106497452,4.054151212719764,2.087557106497452,3.906521925048989,1.818964818551537,False
55497,abusive,0.26506024096385544,5.247994447692074,-1.1061468443015317,2.3001381854603773,2.8514229425376625,2.3001381854603773,4.278558495208463,1.9784203097480857,False
55653,abusive,0.15384615384615385,2.6746960450560073,-1.443957924454665,0.6931471805599453,0.9939626599152002,0.6931471805599453,2.7303798534702794,2.037232672910334,False
55820,abusive,0.034482758620689655,1.8623131828337935,2.4298877165551955,2.018755455795852,4.1808161638854004,2.018755455795852,1.3408828709928216,-0.6778725848030303,True
55820,abusive,0.01904761904761905,2.0188237631202846,-1.2682727982834612,2.0269198546999028,3.9522275609811084,2.0269198546999028,3.5017076791249044,1.4747878244250017,False
55820,abusive,0.02197802197802198,0.5268029425120154,0.3515231705084816,3.6682509212321093,3.9163339625256923,3.6682509212321093,3.1594643260096387,-0.5087865952224706,False
55820,abusive,0.08421052631578947,2.6832104806044703,-0.7204197100759373,1.2655873567458389,4.383342732376867,1.2655873567458389,2.8698615799593084,1.6042742232134695,False
55820,abusive,0.038461538461538464,1.1974102946591576,-0.30497166110864715,3.0635672843403485,4.1159108542937,3.0635672843403485,5.188798318718323,2.1252310343779746,False
55820,abusive,0.05154639175257732,1.5902788207867888,-0.23729481223569193,2.1840911704327453,2.8763902009693587,2.1840911704327453,2.9254800627350606,0.7413888923023153,False
55820,abusive,0.03278688524590164,0.9206765847739302,0.17775317992213924,3.2031969698511213,2.723797649209687,3.2031969698511213,3.477001529635589,0.2738045597844678,False
55820,abusive,0.05,0.9056668684128525,-0.477394542922889,3.1719167911612636,3.5397859905620073,3.1719167911612636,4.042916383618456,0.8709995924571925,False
55820,abusive,0.030303030303030304,0.902772177894312,0.11024083464430612,3.121210657452887,3.709155976971657,3.121210657452887,3.007579357960185,-0.11363129949270201,False
55820,abusive,0.01098901098901099,1.2402984300257465,-0.403871491632146,2.6866420132773134,2.94568969508653,2.6866420132773134,4.9438718030622,2.257229789784887,False
55820,abusive,0.023255813953488372,0.8102081915519435,-0.0950486187751799,4.869054400077669,5.055557044816287,4.869054400077669,4.737780429180197,-0.13127397089747195,False
55820,abusive,0.01694915254237288,0.857098512115634,-0.08488674328028212,5.010738087515511,4.9753752302066685,5.010738087515511,4.884343149558055,-0.12639493795745604,False
55827,abusive,1.0,1.23650612007381,-0.34562066480896214,2.6921427698074627,3.1113268822447493,2.6921427698074627,3.446518226250793,0.7543754564433303,False
56507,abusive,0.5,1.6631027968584136,-0.047312100816488956,2.360856156557661,1.851749902236774,2.360856156557661,2.2421477412631132,-0.1187084152945479,False
56507,abusive,1.0,2.0628832715219687,0.019142066091346166,1.5249237972318797,1.498217518706975,1.5249237972318797,1.498217518706975,-0.026706278524904592,False
57313,abusive,0.010638297872340425,2.7998932493663773,2.02761751955191,1.5355727001356423,0.8553332238032111,1.5355727001356423,0.8553332238032111,-0.6802394763324312,True
57313,abusive,0.3333333333333333,4.741525342577867,-2.370342949745666,0.6931471805599453,1.2136851176488221,0.6931471805599453,1.30205166810463,0.6089044875446846,False
57402,abusive,0.25,3.820497017894245,-1.2657526350779968,1.30205166810463,0.7742402021815782,1.30205166810463,0.8553332238032111,-0.4467184443014188,False
57402,abusive,1.0,2.614720213936127,0.14596125746030086,0.7742402021815782,0.7742402021815782,0.7742402021815782,0.8553332238032111,0.0810930216216329,False
57402,abusive,0.2,25.289044885573425,-21.126277394092178,0.8317766166719343,0.7742402021815782,0.8317766166719343,0.9574983485564091,0.12572173188447489,False
57402,abusive,0.028368794326241134,2.5124513887116935,-2.0193934653395407,0.9128696382935673,1.580201410398484,0.9128696382935673,4.285121972119702,3.372252333826135,False
57402,abusive,0.5,0.41290513739066864,0.9509798186105376,3.8995272414722466,0.936426245424844,3.8995272414722466,2.5281416261876233,-1.3713856152846233,True
57402,abusive,0.14285714285714285,2.479845515635177,-0.8000266665851876,0.9574983485564091,2.092820568160927,0.9574983485564091,2.055836100462124,1.098337751905715,False
57402,abusive,0.14285714285714285,1.8074516705164576,-0.38796717048783913,1.8785323857540273,2.279798999725867,1.8785323857540273,2.4279865686051254,0.5494541828510981,False
57402,abusive,0.14285714285714285,1.5032242886405245,-0.6968026018164007,2.2765815783291004,2.0464359203676756,2.2765815783291004,3.3821271150792596,1.1055455367501592,False
57402,abusive,0.03125,1.0373283521813086,-0.4742109242313942,2.99278250222698,3.671547166468868,2.99278250222698,3.8418242462894034,0.8490417440624234,False
57429,abusive,0.09090909090909091,1.3602878629898971,0.17711488677490372,2.509079590226759,2.5081887201568827,2.509079590226759,2.2539362483898033,-0.25514334183695553,False
57429,abusive,0.07407407407407407,1.45441787270395,0.0005358495549250275,2.3735036485409275,2.2918416364928484,2.3735036485409275,2.377627505981475,0.004123857440547329,False
57429,abusive,0.1,1.2125950580027094,-0.060683786560535635,2.726221366993199,2.6503580716887516,2.726221366993199,2.783710156766102,0.05748878977290284,False
57429,abusive,0.03571428571428571,0.6800521726602128,0.09362769233127655,4.113893546991256,3.024505746012026,4.113893546991256,3.459956716352482,-0.6539368306387741,False
57429,abusive,0.008620689655172414,0.8664432134703522,0.027424067106421646,5.009559924137205,5.116808535682931,5.009559924137205,5.031927329307074,0.02236740516986835,False
57429,abusive,0.008547008547008548,0.8641693262186896,-0.1911589035058714,5.009099198057045,4.845774725091185,5.009099198057045,4.593666661838686,-0.4154325362183595,False
57429,abusive,0.013513513513513514,0.5868137107846132,-0.008352885040421976,4.362773868148112,4.2047598061734694,4.362773868148112,4.325208589957979,-0.037565278190133,False
57429,abusive,0.011363636363636364,0.6422867237412664,-0.041338672948197264,4.542104516144759,4.467887564902975,4.542104516144759,4.422034024504912,-0.12007049163984718,False
57429,abusive,0.015873015873015872,0.5955540546023138,-0.02794557637059636,4.396644614052335,4.3210472803075195,4.396644614052335,4.264018685844133,-0.13262592820820274,False
57429,abusive,0.014084507042253521,0.5655634635669304,-0.005922790300979419,4.253529289860407,4.250228649818924,4.253529289860407,4.180169914929218,-0.07335937493118916,False
57429,abusive,0.010416666666666666,0.5586762353395575,0.09968580877118871,4.1588830833596715,4.494651986695916,4.1588830833596715,4.595640494023703,0.43675741066403173,False
57429,abusive,0.012658227848101266,0.5943650300416301,-0.0005314705183467883,4.408822569613774,4.388382489843884,4.408822569613774,4.406240873612854,-0.002581696000919287,False
57429,abusive,0.3333333333333333,1.5152262150799705,0.2519293733125689,1.9674695500063168,1.433407575382444,1.9674695500063168,1.9320282587808795,-0.03544129122543738,False
57429,abusive,0.1111111111111111,1.9504190960216437,-0.12538264057986748,1.6845765023889991,2.1585718390118034,1.6845765023889991,1.8672183154563489,0.18264181306734972,False
57429,abusive,0.16666666666666666,1.4200088284430614,-0.08768680610827406,2.5493535405796885,2.0089974229619654,2.5493535405796885,2.612838348909792,0.06348480833010361,False
57429,abusive,0.42857142857142855,1.4298274291522746,0.4018856984176671,2.4103043771363155,2.1833083905685178,2.4103043771363155,1.8436617083250717,-0.5666426688112438,False
57429,abusive,0.14285714285714285,1.8721715466126956,0.3008674933491793,1.7861252938347154,1.7131966711171338,1.7861252938347154,1.3733866568923765,-0.4127386369423389,False
57429,abusive,0.1,2.191569240519683,-0.030193829730413402,1.3523145537608112,1.8209959712636714,1.3523145537608112,1.3913090886303139,0.03899453486950266,False
57429,abusive,0.25,2.1562493947583947,-0.19148234976042833,1.396943264023653,1.5453307329695285,1.396943264023653,1.6604035619502409,0.26346029792658787,False
57429,abusive,0.3333333333333333,2.2274803487541486,-0.2803972969516524,1.30205166810463,0.9574983485564091,1.30205166810463,1.4853098144794608,0.18325814637483084,False
57429,abusive,1.0,2.5124513887116935,-0.29531917683269926,0.9128696382935673,1.156148703158466,0.9128696382935673,1.3158502424020202,0.40298060410845293,False
57429,abusive,0.2,1.1616213501657209,0.6234537126176751,2.8098950695820135,2.4988209313492487,2.8098950695820135,1.938553304244095,-0.8713417653379185,True
57429,abusive,0.06666666666666667,1.723128613351955,-0.06597589261478443,2.0037200719273267,2.6771792379246215,2.0037200719273267,2.097720797776474,0.09400072584914732,False
57429,abusive,0.25,1.6296906215790679,1.3521973515271566,2.1330455049123374,2.392902101738389,2.1330455049123374,1.2136851176488221,-0.9193603872635152,True
57429,abusive,0.125,3.0409500093538977,0.11815148442719536,1.1325920960271891,0.6931471805599453,1.1325920960271891,0.9704060527839233,-0.1621860432432658,False
58077,abusive,0.023255813953488372,2.787930635497239,-2.302882656217741,1.478036285645286,1.893924593981253,1.478036285645286,4.271767729786787,2.793731444141501,False
58077,abusive,0.02666666666666667,0.491938832512201,1.2497799825412745,3.5940831479909443,3.8946686730834204,3.5940831479909443,1.996089718734451,-1.5979934292564932,True
58077,abusive,0.12121212121212122,2.360979176160186,-1.0483305547973807,1.8925308601180348,4.395373236548705,1.8925308601180348,2.9661250577885103,1.0735941976704755,False
58077,abusive,0.03184713375796178,1.1630587259896827,-0.664685908596046,3.2923711107259606,3.5918366279371385,3.2923711107259606,4.340119812343344,1.0477487016173836,False
58077,abusive,0.03669724770642202,1.9972027257637748,0.04210901244626153,1.616665721757275,2.491677314828833,1.616665721757275,2.9068120685826386,1.2901463468253636,False
58077,abusive,0.0625,1.2026436935965088,-0.5355998607021657,2.709881462441986,3.3315819634622685,2.709881462441986,3.4730283475506054,0.7631468851086196,False
58077,abusive,0.07692307692307693,1.1609732609378596,0.22750964224133274,2.7260914546794397,3.6731259998362744,2.7260914546794397,2.439204461935335,-0.2868869927441047,False
58077,abusive,0.05660377358490566,0.5620765913609503,0.08298011313531839,4.17133776173872,4.157364658899688,4.17133776173872,4.618452876059843,0.4471151143211225,False
58077,abusive,0.013986013986013986,0.72223269186431,-0.047265145875555525,4.799442934302018,4.9360659686412145,4.799442934302018,4.645883673231732,-0.15355926107028584,False
58077,abusive,0.03278688524590164,0.7267162810391716,0.0693977293253547,4.777305863058578,4.770287901739355,4.777305863058578,4.892313763779675,0.11500790072109712,False
58077,abusive,0.04054054054054054,0.7671317947018365,-0.05793382176891093,4.824427319705181,4.755336971953765,4.824427319705181,4.862781840591608,0.038354520886427323,False
58231,abusive,0.0,3.4097669461904525,-2.327473052520384,1.9514610084716093,1.9068322982087675,1.9514610084716093,2.9383957591302514,0.9869347506586421,False
58231,abusive,0.0379746835443038,1.11897035643134,-0.6808236988843797,2.8940873051408045,3.898187267678165,2.8940873051408045,4.395747634358353,1.501660329217548,False
58231,abusive,0.16,2.187021324028458,-0.2603169904204168,1.3584688854941622,1.5992634463593494,1.3584688854941622,1.7188308465104734,0.3603619610163111,False
58231,abusive,0.058823529411764705,1.9418688960098478,0.951778364207889,1.6921245679855688,2.154235220514213,1.6921245679855688,1.3349122783628853,-0.3572122896226835,False
58231,abusive,0.14285714285714285,1.202423868861516,0.1552174375716595,2.709369298269651,2.6923377366015897,2.709369298269651,2.4792724743946613,-0.23009682387498964,False
58231,abusive,0.11764705882352941,1.2066291414473753,0.14119005634468396,2.696298262060826,2.6121044031319998,2.696298262060826,2.617641324150567,-0.07865693791025885,False
58231,abusive,0.21951219512195122,1.2147656914117886,-0.58239498643071,2.8978909063079565,2.91927217523845,2.8978909063079565,3.809962813143076,0.9120719068351195,False
58231,abusive,0.036036036036036036,1.068279642381659,-0.4354419912212253,3.0408084828048714,4.095321677616846,3.0408084828048714,3.817440929878374,0.7766324470735024,False
58444,abusive,1.0,5.57642969921212,-3.035624436635696,0.7742402021815782,1.542846228969817,0.7742402021815782,1.2372417247800989,0.4630015225985207,False
59451,abusive,1.0,3.9502075330958846,-1.2495018928193367,0.8764053269347762,0.6931471805599453,0.8764053269347762,0.936426245424844,0.06002091849006774,False
59767,abusive,0.96,1.6823157603337537,-0.040837057333229065,2.077182740356084,3.2378774636377043,2.077182740356084,3.2724992914718087,1.1953165511157247,False
61758,abusive,1.0,3.695775240914591,1.0457501016632764,1.2712215321391782,0.6931471805599453,1.2712215321391782,0.6931471805599453,-0.5780743515792329,True
66572,abusive,0.32558139534883723,1.8186955475987456,-0.04417996013289982,1.9958673729639134,2.4671673903170905,1.9958673729639134,2.223976575372124,0.22810920240821075,False
67491,abusive,0.002570694087403599,2.340226770808882,-0.14921648524390463,1.1634222319926408,2.7446790538112937,1.1634222319926408,1.716146242444045,0.5527240104514042,False
73825,abusive,1.0,2.4701583946071395,0.5866742739495185,0.9704060527839233,1.3447664881642418,0.9704060527839233,1.1090354888959124,0.13862943611198908,False
74354,abusive,0.0967741935483871,2.820657302516308,-1.4174380946683762,0.7742402021815782,1.2712215321391782,0.7742402021815782,2.9089593570280186,2.13471915484644,False
74354,abusive,1.0,2.2262868127221767,0.560404253894792,1.2712215321391782,0.8764053269347762,1.2712215321391782,1.0986122886681098,-0.17260924347106843,False
76011,abusive,0.14285714285714285,2.470052509523544,-1.5991869762970938,1.0150347630467653,1.4415719742864952,1.0150347630467653,3.271888109640348,2.2568533465935827,False
76011,abusive,1.0,2.6147202139361276,-0.042292994104554005,0.7742402021815782,0.7742402021815782,0.7742402021815782,0.8317766166719343,0.05753641449035607,False
77331,abusive,0.06666666666666667,4.198543500864214,-3.193956428155081,0.7742402021815782,1.4139748256917144,0.7742402021815782,3.292196255551339,2.517956053369761,False
77334,abusive,0.38461538461538464,2.6746960450560073,-0.8070679306106434,0.6931471805599453,0.9574983485564091,0.6931471805599453,2.8308440579051357,2.1376968773451903,False
77335,abusive,1.0,4.052582243403914,-0.8688705925335931,0.6931471805599453,0.7742402021815782,0.6931471805599453,0.936426245424844,0.2432790648648987,False
77335,abusive,0.1111111111111111,2.6746960450560073,-0.7955057270290036,0.6931471805599453,0.9939626599152002,0.6931471805599453,2.780087953749916,2.0869407731899705,False
78821,abusive,0.1744186046511628,3.6643433013264946,-1.4800491384887455,1.2655873567458389,2.3032878568540047,1.2655873567458389,1.359588082594986,0.0940007258491471,False
78967,abusive,0.3333333333333333,2.374816889456608,-0.0032971343849972357,1.0986122886681098,1.2136851176488221,1.0986122886681098,1.2136851176488221,0.11507282898071236,False
79129,abusive,0.5,2.6746960450560073,0.0,0.6931471805599453,0.6931471805599453,0.6931471805599453,0.6931471805599453,0.0,False
79132,abusive,0.058823529411764705,3.3636391442299605,-1.4323660398855975,0.6931471805599453,1.2712215321391782,0.6931471805599453,3.105645363970375,2.4124981834104298,False
80281,abusive,1.0,1.9946885982707652,0.41549396521649373,1.62202536038822,1.6101406762940595,1.62202536038822,1.0514990744055563,-0.5705262859826636,True
80281,abusive,0.2,1.9228948803998775,-0.03542495174021165,1.7342230547376989,1.0961277846683983,1.7342230547376989,1.7682028620967785,0.03397980735907957,False
80281,abusive,0.5,2.0225176538826584,0.31128230709190197,1.629573425984789,0.9939626599152002,1.629573425984789,0.9704060527839233,-0.6591673732008656,True
80281,abusive,0.5,3.266029164025425,-0.26917232658864654,1.1058858175022848,0.9128696382935673,1.1058858175022848,1.1901285105175454,0.08424269301526066,False
80281,abusive,0.14285714285714285,2.0447919282099125,0.6353824536457875,1.5526042618037035,1.8882904185879137,1.5526042618037035,1.6742021362476311,0.12159787444392767,False
80281,abusive,0.3333333333333333,2.9968568374367783,-0.9148314998234635,1.1901285105175454,1.0961277846683983,1.1901285105175454,1.498217518706975,0.30808900818942964,False
80281,abusive,1.0,2.741106356558537,0.417995137222555,1.542846228969817,1.2347572207803874,1.542846228969817,0.9704060527839233,-0.5724401761858937,True
80281,abusive,1.0,4.322084004091041,0.34846084027048363,0.7742402021815782,1.1634222319926408,0.7742402021815782,0.9939626599152002,0.21972245773362198,False
80299,abusive,1.0,2.374816889456608,0.13763449925508553,1.0986122886681098,1.038591370178042,1.0986122886681098,0.9128696382935673,-0.18574265037454252,False
81515,abusive,0.9084041548630784,4.459478008572694,0.13457365155429102,2.776977471148419,5.860153683548182,2.776977471148419,4.800450164862119,2.0234726937137,False
82143,abusive,1.0,4.09627467563978,0.6452506669380877,0.9128696382935673,1.2476649250079015,0.9128696382935673,0.6931471805599453,-0.21972245773362198,False
83070,abusive,1.0,2.163351918933837,-0.14984356263150467,1.3862943611198906,1.498217518706975,1.3862943611198906,1.5931091146259984,0.20681475350610778,False
83323,abusive,0.25,5.898093236241567,0.04111791577334323,1.4544796785140093,1.5226649959081278,1.4544796785140093,1.3158502424020202,-0.13862943611198908,False
83323,abusive,0.4,2.8401329215396585,-0.43200940347168215,2.0439514163679644,1.8071973969662811,2.0439514163679644,1.5664028361010938,-0.47754858026687064,False
83323,abusive,0.012578616352201259,2.507275974289039,1.023265828491037,2.126554755942389,1.996089718734451,2.126554755942389,2.4525661958697564,0.32601143992736725,False
83323,abusive,0.14285714285714285,3.1547061972274335,-0.3331246650188553,1.6094379124341003,1.811321254406828,1.6094379124341003,2.2693080494949256,0.6598701370608253,False
83323,abusive,0.1111111111111111,5.166552391337308,0.6395083226733957,2.194740073336508,1.7723267195373253,2.194740073336508,1.8380275329317328,-0.35671254040477507,False
83323,abusive,0.08333333333333333,4.973348200196716,0.40163878901975547,2.610710669268781,3.07995812992309,2.610710669268781,3.2948929256187967,0.6841822563500157,False
83651,abusive,0.1,1.6573301036508614,-0.17538024047094503,2.0869407731899705,2.3361958099932956,2.0869407731899705,2.3355794766858144,0.24863870349584394,False
83651,abusive,0.14285714285714285,1.7184348801485338,0.12645007218086368,1.9993227061051222,2.2096439553635583,1.9993227061051222,1.8298631340276816,-0.16945957207744056,False
83651,abusive,0.06666666666666667,1.3295749015554974,0.09840737975539904,2.5601040818610596,2.567639024850469,2.5601040818610596,2.419608380263294,-0.1404957015977657,False
83651,abusive,0.018867924528301886,0.8449239510840684,0.23062113032862397,3.3384669926950123,3.5904690964414554,3.3384669926950123,2.930724701754881,-0.40774229094013137,False
83651,abusive,0.013157894736842105,0.8774915746129608,-0.049570228506708114,5.001883489092059,5.104978778868347,5.001883489092059,4.974000212655121,-0.027883276436937443,False
83651,abusive,0.031746031746031744,0.6470144309461074,-0.08334889527189149,4.677079088545095,4.284352418731174,4.677079088545095,4.217382691038643,-0.45969639750645186,False
83651,abusive,0.01098901098901099,0.6320303408360844,-0.02100001201937296,4.524777704840335,4.465754505006801,4.524777704840335,4.4643356523715,-0.06044205246883472,False
83651,abusive,0.011111111111111112,0.6490133728150551,-0.029346398926672235,4.575377611627345,4.517005773348619,4.575377611627345,4.4827744652819685,-0.09260314634537625,False
83651,abusive,0.008695652173913044,0.764612250618135,-0.01614913252620187,4.826970631158202,4.837232669087712,4.826970631158202,4.797327213040306,-0.029643418117895948,False
83651,abusive,0.007042253521126761,0.7827519120708868,-0.03346851508760962,4.862312568447791,4.830291093586635,4.862312568447791,4.799207643514998,-0.06310492493279352,False
83651,abusive,0.009708737864077669,0.673716374134049,0.8275879825150326,4.638518330702232,4.642088461747656,4.638518330702232,3.295444716771624,-1.343073613930608,True
83651,abusive,0.1111111111111111,1.9553327029950183,-0.08402168285833223,1.6742021362476311,1.3466803783674721,1.6742021362476311,1.7897951215683547,0.1155929853207236,False
83651,abusive,0.058823529411764705,1.6255874363846885,0.25676310131283997,2.134348441116576,1.7954292969616943,2.134348441116576,1.7763672610008292,-0.35798118011574664,False
83651,abusive,0.2222222222222222,1.6552793877624137,0.2359538471224183,2.0923004118209154,1.8744918442905234,2.0923004118209154,1.7487701124060486,-0.3435302994148668,False
83651,abusive,0.6666666666666666,2.194874475677632,-0.5426724089038646,1.346680378367472,1.2347572207803874,1.346680378367472,1.8939245939812532,0.5472442156137813,False
83651,abusive,0.3333333333333333,2.012580767241252,0.30502009204961045,1.5931091146259984,1.8656246815265134,1.5931091146259984,1.1772208062900311,-0.41588830833596724,False
83651,abusive,0.25,2.1403873386159953,-0.04044698802262614,1.42049987115493,0.936426245424844,1.42049987115493,1.4755517816455745,0.05505191049064462,False
83651,abusive,0.5,2.3775766904107427,-0.31367912275281684,1.0961277846683983,1.1772208062900311,1.0961277846683983,1.5299385247423027,0.4338107400739044,False
83651,abusive,0.08333333333333333,1.861568249513017,-0.3222669824756066,1.807768010762762,2.1998859225296714,1.807768010762762,2.2724577208885535,0.4646897101257914,False
83651,abusive,0.1,1.5381862958268997,0.5428982897918073,2.3073479286138965,2.4377446014390123,2.3073479286138965,1.504371850440326,-0.8029760781735704,True
83654,abusive,0.2,1.6402598250076306,0.2599702838732938,2.112253317851656,1.3523145537608112,2.112253317851656,1.7487701124060486,-0.3634832054456074,False
83654,abusive,0.125,1.6835106737142502,-0.12735425554280866,2.0536261332248076,1.643001286552315,2.0536261332248076,2.180941499039118,0.12731536581431024,False
83654,abusive,0.07142857142857142,1.383238163212972,0.4225732852103208,2.4504385162287456,2.312022869554537,2.4504385162287456,1.883226856991056,-0.5672116592376897,False
83654,abusive,0.025,0.6203391008073365,0.01787334870020152,3.867201306083282,3.8251943478018857,3.867201306083282,3.9050919160646047,0.037890609981322765,False
83654,abusive,0.006756756756756757,0.6256987262633172,0.36578097001999355,4.350588730484472,5.096077226255882,4.350588730484472,5.237485493731593,0.8868967632471207,False
83654,abusive,0.009433962264150943,0.7218881700842459,-0.03317551469929847,4.741784107582469,4.736880933145757,4.741784107582469,4.641279418330567,-0.10050468925190259,False
83654,abusive,0.007352941176470588,0.8473771515981049,-0.039025222051709774,4.980405499531832,4.98613355553503,4.980405499531832,4.923546454548105,-0.05685904498372718,False
83654,abusive,0.008403361344537815,0.7560609202698098,-0.009147679512451878,4.813617149950338,4.803793850809367,4.813617149950338,4.795520562408795,-0.018096587541543308,False
83654,abusive,0.14285714285714285,1.682580744296608,-0.19801916821046506,2.063384166058694,1.7861252938347156,2.063384166058694,2.3735036485409275,0.31011948248223353,False
83654,abusive,0.08333333333333333,1.7991072544934252,-0.02624225680658765,1.8882904185879137,1.768202862096778,1.8882904185879137,3.080257181425002,1.1919667628370885,False
83654,abusive,0.09090909090909091,1.3446377740596065,0.11238935375053982,4.80086436209033,1.9766569690437215,4.80086436209033,2.371473174248124,-2.429391187842206,True
83654,abusive,0.25,1.1916051090383313,0.16054533510883862,2.7637410897721586,2.62321271505116,2.7637410897721586,2.5476223331390724,-0.21611875663308622,False
83654,abusive,0.058823529411764705,1.5104163623329598,0.07218552672455969,2.322836313808592,2.3187461917143346,2.322836313808592,2.1939153298997356,-0.12892098390885653,False
83654,abusive,0.07142857142857142,1.761821527032233,-0.40602521688213367,1.949787358537506,1.8615841400630093,1.949787358537506,2.5232334044044,0.573446045866894,False
83654,abusive,0.125,1.676381939191063,-0.010538650375189418,2.0655941332960106,2.259550016661039,2.0655941332960106,2.0786587618156083,0.013064628519597665,False
83654,abusive,0.125,1.5335597882539662,0.35009729810217216,2.2834942549593817,2.7307159381636112,2.2834942549593817,1.7969387380887707,-0.48655551687061105,False
83654,abusive,0.3333333333333333,1.7011197981186625,0.11690686727245492,2.024909787529203,1.4544796785140093,2.024909787529203,1.870888143189988,-0.15402164433921484,False
83654,abusive,0.08333333333333333,1.4969721744310185,0.4756908636031132,2.3609995771446606,2.1695098162711277,2.3609995771446606,1.6537463664235474,-0.7072532107211131,True
83654,abusive,0.047619047619047616,1.21629546587051,0.09760221853389894,2.753381675225011,2.92694791539906,2.753381675225011,2.5966202620141643,-0.1567614132108468,False
83654,abusive,0.07692307692307693,1.5623409073624615,-0.518925932117472,2.23549054573642,2.645128345371566,2.23549054573642,3.041213663574024,0.8057231178376041,False
83654,abusive,0.07692307692307693,1.327137110167101,-0.2628472782501201,2.5926078677606146,2.725214507823047,2.5926078677606146,2.9690259950290865,0.3764181272684719,False
84551,abusive,0.8571428571428571,2.6746960450560073,0.0,0.6931471805599453,0.6931471805599453,0.6931471805599453,0.6931471805599453,0.0,False
85221,abusive,0.25,2.1633141914374265,0.21426249897331573,1.498217518706975,1.1325920960271891,1.498217518706975,1.0961277846683983,-0.40208973403857673,False
85375,abusive,0.1111111111111111,1.5401300499302244,0.12695446619891482,2.250312140167164,2.0495855917613035,2.250312140167164,2.072688169185672,-0.17762397098149219,False
85375,abusive,0.2,1.8676242358044077,-0.02278998189923942,1.7933988226688906,2.1234050845487618,1.7933988226688906,1.8262594329271458,0.03286061025825515,False
85375,abusive,0.2,1.4637403352987635,0.08345719629337767,2.3698795403182884,1.768202862096778,2.3698795403182884,2.246642312433525,-0.12323722788476354,False
85375,abusive,0.034482758620689655,1.222556653701241,-0.5065383769071297,2.70805020110221,3.1368462136656916,2.70805020110221,3.5563243337310295,0.8482741326288195,False
85375,abusive,0.012658227848101266,0.6515268321211967,0.2277031071084039,3.810049788573888,4.546959076342485,3.810049788573888,5.052946975819736,1.2428971872458474,False
85375,abusive,0.007042253521126761,0.8857986806577255,-0.003987778328585434,5.046502047977074,5.06064657664947,5.046502047977074,5.052031161804361,0.005529113827287269,False
85375,abusive,0.012195121951219513,0.6780206831518718,-0.0915714564360488,4.646697858943641,4.439804860930792,4.646697858943641,4.353134379660213,-0.29356347928342785,False
85375,abusive,0.016129032258064516,0.580909170740498,0.011407999174401162,4.396135436993257,4.330296977344276,4.396135436993257,4.380717840157741,-0.015417596835515468,False
85375,abusive,0.011363636363636364,0.6315771103806495,-0.03656634529289693,4.509226019445051,4.451589133190048,4.509226019445051,4.407697032075005,-0.10152898737004623,False
85375,abusive,0.009523809523809525,0.6820146383985962,-0.054021014027040515,4.657094077928951,4.726644673058735,4.657094077928951,4.514531889367693,-0.14256218856125802,False
85375,abusive,0.013157894736842105,0.6208607126936593,-0.04860388266784532,4.446233409390988,4.341088905811101,4.446233409390988,4.303627504295623,-0.14260590509536542,False
85375,abusive,0.16666666666666666,0.5839278721529986,0.8894008615954014,4.363677743942544,3.5261754555988696,4.363677743942544,2.3530478787168434,-2.0106298652257006,True
85375,abusive,0.1,1.440788013576017,0.21901945937787315,2.4682814822199584,1.932919128850756,2.4682814822199584,2.1004648107249664,-0.367816671494992,False
85375,abusive,0.1111111111111111,1.2951277361367484,0.2681572805923613,2.6358243422445873,2.155290631934382,2.6358243422445873,2.222262585235511,-0.4135617570090764,False
85375,abusive,0.1111111111111111,1.6316848801805697,-0.19635482157818318,2.13471915484644,1.9340587330736838,2.13471915484644,2.4150104766183538,0.2802913217719136,False
85375,abusive,0.08333333333333333,1.6767818413615612,0.11790073681633007,2.0665338374523214,1.9764936370624107,2.0665338374523214,1.9036826268151394,-0.162851210637182,False
85375,abusive,0.15384615384615385,1.5251956715545534,-0.0276197011838184,2.2755585581957463,1.4375314328229911,2.2755585581957463,2.312297406316932,0.036738848121185885,False
85375,abusive,0.0425531914893617,1.474565541248834,0.14344176951763776,2.3467973700160227,2.467504374390074,2.3467973700160227,2.1444771876803266,-0.20232018233569615,False
85375,abusive,0.07142857142857142,1.743527380472769,0.11766914119218774,1.975017615602886,1.3287579466295345,1.975017615602886,1.803156855502777,-0.17186076010010898,False
85375,abusive,0.4,1.5716641150131536,0.3540104441808143,2.213327672468362,2.8156241891974063,2.213327672468362,1.726104375344648,-0.48722329712371404,False
85375,abusive,0.043478260869565216,1.328346682699788,-0.18807171373434506,2.580769818894756,2.9485928700768254,2.580769818894756,2.8566864042011373,0.2759165853063812,False
85375,abusive,0.030303030303030304,1.089277632905302,0.23158593747384715,2.9154501059979667,2.4971949061325986,2.9154501059979667,2.602984139108435,-0.31246596688953154,False
85375,abusive,0.027777777777777776,1.3928827221696953,0.30876694802325044,2.5053527743177804,3.0047673345737156,2.5053527743177804,2.042194450456818,-0.46315832386096245,False
86200,abusive,0.04225352112676056,3.201727539189555,-0.6913581343056832,1.1325920960271891,2.1209205805490496,1.1325920960271891,2.4609155432462035,1.3283234472190144,False
87194,abusive,0.4782608695652174,4.172347735035302,0.2631141465341704,1.9063977987982477,2.746943163517003,1.9063977987982477,2.826519944424202,0.9201221456259545,False
87194,abusive,0.10714285714285714,5.329181161293282,-0.8160701265869754,3.157308499158673,2.7620786976129588,3.157308499158673,2.5678143306507684,-0.5894941685079047,False
87194,abusive,0.2692307692307692,4.748766032936429,0.8026342098742782,2.994100636013698,2.6004996351087244,2.994100636013698,3.58746616963712,0.5933655336234218,False
87194,abusive,0.03409090909090909,1.2752304496137588,-0.3472138293143975,4.458003737418692,4.408425283541551,4.458003737418692,4.305925510688285,-0.15207822673040727,False
87194,abusive,0.04712041884816754,0.8617213956896587,3.3805416019364096,5.113558195550851,5.326738934599229,5.113558195550851,3.573258374372147,-1.5402998211787042,True
87194,abusive,0.3333333333333333,4.385497359707108,-0.004300848382084332,3.0108430338417205,3.3398319540199224,3.0108430338417205,2.589244535937091,-0.42159849790462944,False
87582,abusive,0.021505376344086023,2.8577693813075316,-1.8072881862852357,1.4909439898728003,2.7441168608901636,1.4909439898728003,3.431226338327992,1.9402823484551917,False
87582,abusive,0.018518518518518517,2.911707872961804,-2.3643519918879363,1.6377378248888406,1.982291144437061,1.6377378248888406,4.452554553887191,2.814816728998351,False
87582,abusive,0.038461538461538464,0.6011494202566827,-0.26557774681080965,3.51647843554455,3.8037825333432047,3.51647843554455,3.9683025740642313,0.4518241385196813,False
87582,abusive,0.13157894736842105,2.1024676782268075,-1.2260719221142342,2.0940441616480827,4.3898826905427155,2.0940441616480827,3.742670071583037,1.6486259099349545,False
87582,abusive,0.02197802197802198,0.6901512786885062,-0.08501378476673482,3.3765672969410545,3.6969067647957687,3.3765672969410545,4.78890547104474,1.4123381741036853,False
87582,abusive,0.07142857142857142,1.197679193001969,-0.0010737899753741065,2.8746088359390747,3.234459940994366,2.8746088359390747,2.768308747002218,-0.10630008893685661,False
87582,abusive,0.022222222222222223,1.0432730575369005,0.11929084274227386,4.012797901518178,4.863599250254393,4.012797901518178,2.9870953115914483,-1.02570258992673,True
87582,abusive,0.02702702702702703,0.6699312134178148,0.23602966126427083,4.44130199205864,4.755852913872123,4.44130199205864,3.264362438804536,-1.1769395532541038,True
87582,abusive,0.4,1.169905360232182,0.7536619453184206,2.8234782699631733,1.732258707077999,2.8234782699631733,1.724310641348096,-1.0991676286150773,True
87582,abusive,0.023809523809523808,1.1980687430847055,-0.7725223184286748,2.7432661802763056,3.592231282908385,2.7432661802763056,4.045440857179942,1.3021746769036366,False
87582,abusive,0.09523809523809523,0.5970473626282975,-0.0281698018065063,4.356047815729561,2.7875845724008643,4.356047815729561,3.7449188147889068,-0.6111290009406538,False
87582,abusive,0.023809523809523808,1.624803175674851,-0.9636423681486467,2.106002809150836,2.6853120650947506,2.106002809150836,4.426329163079129,2.320326353928293,False
87582,abusive,0.018867924528301886,0.8669943353590694,-0.2524570894473095,5.053125829787379,4.849304317818747,5.053125829787379,4.222482028473177,-0.8306438013142019,True
87582,abusive,0.023809523809523808,0.8889681081502288,-0.09752797333243268,5.002126314704395,4.84333287407801,5.002126314704395,4.888615817667901,-0.11351049703649352,False
87582,abusive,0.015384615384615385,0.7372350902567694,-0.016093547075575976,4.704913018602386,4.660873182545119,4.704913018602386,4.857757164567999,0.1528441459656129,False
87973,abusive,1.0,2.2330148710817546,1.8195673723221595,1.2922936352707435,0.7742402021815782,1.2922936352707435,0.6931471805599453,-0.5991464547107982,True
87973,abusive,0.5,2.1666203756431166,-0.14367767733783543,1.3893951984270836,1.359588082594986,1.3893951984270836,1.579310540328608,0.18991534190152448,False
88624,abusive,0.18181818181818182,5.994410223885721,-0.7641421052338657,1.0986122886681098,1.2007774134213078,1.0986122886681098,1.2947781392704552,0.19616585060234537,False
89301,abusive,1.0,1.8643993544985218,-0.2827616156729713,1.8098464423162852,3.5769747741888906,1.8098464423162852,4.841282445381035,3.0314360030647496,False
89399,abusive,0.005383651821646545,5.292359801334767,-1.2978986585237857,5.349956441075742,7.143137651723715,5.349956441075742,8.78760705465162,3.4376506135758778,False
89625,abusive,0.46153846153846156,2.463562116751163,0.3152573729705046,1.2583138279116641,1.4180153671552183,1.2583138279116641,1.2347572207803872,-0.02355660713127694,False
89625,abusive,0.047619047619047616,2.393392918283779,1.8836641003522647,1.075055681536833,1.221849516552873,1.075055681536833,1.522664995908128,0.4476093143712949,False
89625,abusive,0.0,1.1742247316311114,1.1284530915985602,2.780781195345213,2.2344697633527844,2.780781195345213,1.1982929094215964,-1.5824882859236167,True
89625,abusive,0.03614457831325301,2.487355785533492,-2.0302764061194303,1.912986629942118,2.8328010469125413,1.912986629942118,4.482164445419018,2.5691778154769,False
89625,abusive,0.10714285714285714,1.4693641684808283,-0.2835512224506258,2.3704501541147693,1.8051873297955807,2.3704501541147693,2.6832336335412275,0.3127834794264581,False
89625,abusive,0.13043478260869565,1.1376126431370432,0.07079681039783825,2.8385975259064535,2.9210842813913054,2.8385975259064535,2.641120195194877,-0.19747733071157647,False
89625,abusive,0.11764705882352941,0.9104185966037873,-0.3240551422626343,3.299328333943044,2.616228260572547,3.299328333943044,3.7833449714977903,0.48401663755474633,False
89625,abusive,0.03333333333333333,0.8844014226073375,-0.17393086216690812,3.321126742417758,3.81797823248899,3.321126742417758,3.502221479965147,0.18109473754738925,False
89731,abusive,0.3333333333333333,2.374816889456608,-0.17627450059365968,1.0986122886681098,1.2583138279116641,1.0986122886681098,1.339406849533297,0.24079456086518713,False
93910,abusive,0.2,2.6147202139361276,-1.765927387299961,0.7742402021815782,0.9704060527839233,0.7742402021815782,3.5474302331260468,2.773190030944469,False
93910,abusive,1.0,1.3812437487839666,3.3602815937939,2.8460848441784097,0.6931471805599453,2.8460848441784097,0.6931471805599453,-2.1529376636184643,True
95540,abusive,0.17647058823529413,2.6746960450560073,-0.7857278308700575,0.6931471805599453,1.2712215321391782,0.6931471805599453,2.8542931942967904,2.161146013736845,False
95595,abusive,0.07142857142857142,2.6147202139361276,-0.3871587710207667,0.7742402021815782,2.2806221197926044,0.7742402021815782,3.0136419048823107,2.2394017027007322,False
95620,abusive,0.14285714285714285,3.10881278368925,1.8580911440043097,1.038591370178042,1.1536641991587544,1.038591370178042,1.346680378367472,0.30808900818942986,False
95620,abusive,0.03333333333333333,1.6569138873802145,-1.1983950633505533,2.570739862157662,4.419798642724276,2.570739862157662,4.02462170927984,1.4538818471221782,False
95620,abusive,0.21428571428571427,1.927237705736006,-0.08489384210280648,1.7342230547376989,2.6432071706533926,1.7342230547376989,1.8307540040975578,0.09653094935985895,False
95620,abusive,0.2222222222222222,1.6623611066769843,-0.13706976736454868,2.0869407731899705,2.2682850293615715,2.0869407731899705,2.2713385237877293,0.18439775059775876,False
95620,abusive,0.06382978723404255,1.6240589129383314,-0.7202275982752485,2.1338282847765644,2.624056242240001,2.1338282847765644,3.2318223349307393,1.097994050154175,False
95620,abusive,0.05,0.6010230820718411,-0.16307542834978772,3.910363444033108,3.3112443082612066,3.910363444033108,3.838312932943223,-0.07205051108988503,False
95648,abusive,0.3076923076923077,1.3671016316924913,-0.184288964478722,2.767042636052024,1.907352454548779,2.767042636052024,3.2997494878382563,0.5327068517862323,False
95648,abusive,0.34782608695652173,1.654508764618812,-0.10421592536727253,2.0958740625870846,1.5355727001356423,2.0958740625870846,2.654597569491006,0.5587235069039211,False
95648,abusive,0.21428571428571427,1.8443978514685413,-0.7328651863486382,2.3544416125800622,2.7762866241748014,2.3544416125800622,3.3038141387587237,0.9493725261786614,False
95648,abusive,0.4,6.259443008052817,-4.711414694840254,1.6281796921215705,1.8882904185879137,1.6281796921215705,2.247829259537488,0.6196495674159173,False
95648,abusive,0.29411764705882354,2.174116280600286,0.5789235651247346,1.383144689726263,1.8128315723596207,1.383144689726263,1.5880455530291404,0.2049008633028775,False
96054,abusive,0.04,2.215286205797066,-1.2974883161763109,1.3183347464017319,2.6516695517979834,1.3183347464017319,3.666714736477023,2.3483799900752915,False
96054,abusive,0.039603960396039604,1.9651030061806058,-1.2229449931502918,1.7785772282381462,4.37667975501095,1.7785772282381462,3.3504004502947984,1.5718232220566521,False
96054,abusive,0.08,2.4022401351497042,-0.6653048413170422,1.1325920960271891,2.5499118103071425,1.1325920960271891,1.982291144437061,0.8496990484098719,False
96054,abusive,0.11009174311926606,2.137119813188285,-1.2904360515435378,2.029286746229303,4.28913451907462,2.029286746229303,3.468754513545761,1.439467767316458,False
96054,abusive,0.015267175572519083,0.8588379322133413,-0.3701437831004075,3.451380251314068,3.862110807155227,3.451380251314068,4.609583611597001,1.1582033602829331,False
96054,abusive,0.0273972602739726,0.7670006128525235,-0.05090411282693341,4.604539790936289,3.0742462375784774,4.604539790936289,4.392944289104205,-0.21159550183208342,False
96054,abusive,0.08333333333333333,1.6962585393390541,-1.2938413045138022,2.0446789544565296,3.154288068480367,2.0446789544565296,3.8850456953409003,1.8403667408843707,False
96054,abusive,0.025974025974025976,1.802918911975889,-0.8324247788681529,1.908216386777682,4.1662904245505,1.908216386777682,3.3739570574260753,1.4657406706483933,False
96054,abusive,0.024096385542168676,1.3825349651848549,-0.6884330961433492,2.5242580090162035,2.137203658846152,2.5242580090162035,4.564037943226168,2.0397799342099647,False
96054,abusive,0.041666666666666664,0.5747904562935784,0.07909074865958077,4.246655666042277,4.213607404367371,4.246655666042277,4.646528395277187,0.39987272923491,False
96054,abusive,0.02564102564102564,0.870922200710391,-0.28316415138285145,5.099100665391289,4.706588260948336,5.099100665391289,4.373347362328329,-0.7257533030629597,True
96054,abusive,0.011560693641618497,0.9575360294617192,-0.27289870435671537,5.150463028212243,4.776340281640263,5.150463028212243,4.7923788295707475,-0.358084198641496,False
97239,abusive,0.022727272727272728,1.8528673406441603,-1.1921471506252246,1.8832268569910557,2.804559572155195,1.8832268569910557,3.968268349715193,2.0850414927241374,False
97239,abusive,0.1111111111111111,0.5884304258056449,0.14322354863104092,4.687280827670177,2.994125839214538,4.687280827670177,3.507942782347449,-1.1793380453227282,True
97239,abusive,0.05555555555555555,2.1452605756217813,-0.04286939699451464,1.4139748256917144,2.4462778907027927,1.4139748256917144,1.7106664476064222,0.29669162191470777,False
97239,abusive,0.12173913043478261,2.4135012161736347,-1.2333202214016072,1.7803277864600653,4.281660116904744,1.7803277864600653,3.3017762548074785,1.5214484683474132,False
97239,abusive,0.024793388429752067,0.9900377408868873,-0.4032183997474875,3.7228480238526247,3.7345541742601887,3.7228480238526247,4.25432574961678,0.5314777257641552,False
97239,abusive,0.02857142857142857,2.0792745864798734,-0.2096179122660251,1.5069525314075076,2.0799048717657356,1.5069525314075076,2.915517321592617,1.4085647901851093,False
97239,abusive,0.09523809523809523,1.5406709614023089,0.13991429867916239,2.2247454658651873,2.703834223684262,2.2247454658651873,2.0401843832861175,-0.18456108257906978,False
97239,abusive,0.058823529411764705,0.6725336677182279,0.2138903454454988,3.7824001120733564,3.1121295822214536,3.7824001120733564,3.320281466785558,-0.46211864528779856,False
97239,abusive,0.02631578947368421,1.1476643840314975,-0.5112574832739929,2.755983722572214,2.5392933928847286,2.755983722572214,4.4829271761628835,1.7269434535906694,False
97239,abusive,0.02912621359223301,0.5519166477762707,0.16668563186029783,4.133643018435085,4.472385659152958,4.133643018435085,4.70262815046558,0.5689851320304955,False
97239,abusive,0.01910828025477707,0.83540525953495,-0.09138162524631888,5.004610296135827,4.333857311281813,5.004610296135827,4.847852164904649,-0.15675813123117877,False
97240,abusive,0.08620689655172414,1.984310898641667,-0.7692779752137109,2.453801977060154,4.3611677479269755,2.453801977060154,3.3004533688707545,0.8466513918106005,False
97240,abusive,0.034482758620689655,1.239866439540773,-0.6348578217282311,2.920473327392314,3.6593399883515945,2.920473327392314,4.550628994235742,1.6301556668434283,False
97240,abusive,0.027777777777777776,1.2919316092110198,-0.5959796315889476,2.560365496016294,3.227297397747224,2.560365496016294,4.625280652831613,2.064915156815319,False
97240,abusive,0.028169014084507043,0.5861802854458249,0.1676395758181599,4.106576124817719,4.494437722952939,4.106576124817719,4.775836718445056,0.669260593627337,False
97240,abusive,0.010344827586206896,0.6217259923991649,0.07022094491163167,4.49673210683015,4.9235495684282355,4.49673210683015,4.477924837821374,-0.01880726900877594,False
97240,abusive,0.03333333333333333,0.7242226253507419,-0.027734044948739656,4.7703196681855875,4.863429178037849,4.7703196681855875,4.853710773113122,0.08339110492753488,False
98009,abusive,1.0,2.205644913038391,3.1398474341855387,1.3287579466295345,0.7742402021815782,1.3287579466295345,0.8553332238032111,-0.4734247228263234,True
98905,abusive,0.028037383177570093,1.869735131770406,-1.0863030501772888,1.8492958837184112,3.1500453720928014,1.8492958837184112,3.644278818052475,1.7949829343340638,False
98905,abusive,0.17647058823529413,0.6217730650597503,-0.08463190652003316,4.17801644144078,3.1862182292519967,4.17801644144078,3.74924330759154,-0.4287731338492402,False
98905,abusive,0.025,2.494768551696368,-1.2702433153709451,0.936426245424844,3.4222406827199214,0.936426245424844,4.084595681956565,3.148169436531721,False
98905,abusive,0.014492753623188406,0.8756128107895463,-0.3090868567560603,3.6365599049503388,3.4934336599182187,3.6365599049503388,4.126523094901936,0.48996318995159704,False
98905,abusive,0.011428571428571429,0.5949887994468234,0.5194041819159453,4.1796849163886955,4.733355707934462,4.1796849163886955,3.0524612478363213,-1.1272236685523742,True
98905,abusive,0.01904761904761905,0.9361270523362073,-0.5142697029193443,3.1725823491797986,3.3361178245915624,3.1725823491797986,4.267481234628225,1.0948988854484267,False
98905,abusive,0.035211267605633804,1.007029017889136,-0.3039151383673204,2.914303971056169,2.1933463394732895,2.914303971056169,4.54949349500655,1.6351895239503813,False
98905,abusive,0.043478260869565216,0.624445525151857,0.09419273591880284,4.023124108533605,4.41744199648418,4.023124108533605,4.712118553483244,0.688994444949639,False
98905,abusive,0.017241379310344827,0.728648759321368,-0.07046944025362611,4.77599242010523,4.913617117827318,4.77599242010523,4.541442276311793,-0.2345501437934372,False
98905,abusive,0.023255813953488372,0.7150743313964981,0.035909984362115566,4.765057881669212,4.8750366738727555,4.765057881669212,4.844281522289995,0.07922364062078291,False
98905,abusive,0.022900763358778626,0.6738192467412488,-0.0567450726488431,4.700277947158477,4.810877405351247,4.700277947158477,4.7837518570547966,0.08347390989631975,False
98928,abusive,0.03614457831325301,2.0302773984454516,-1.190748507679461,1.5695525074947216,2.7064437667627574,1.5695525074947216,3.7691096798670736,2.199557172372352,False
98928,abusive,0.021739130434782608,2.3122824260075006,-1.6528492535630455,1.3523145537608112,3.866573412848285,1.3523145537608112,3.583697946875742,2.231383393114931,False
98928,abusive,0.25,1.057088058784687,0.02060683271398389,3.2019434505474145,1.7446462549655017,3.2019434505474145,2.8534191203371986,-0.3485243302102159,False
98928,abusive,0.25,2.1307460458573204,-0.14464204484758625,1.4309230713827326,2.1854752590016604,1.4309230713827326,1.6295734259847894,0.19865035460205682,False
98928,abusive,0.04395604395604396,2.2856024380064075,-0.4602269588054577,1.8790650092379242,4.345141007202121,1.8790650092379242,2.998691214382714,1.1196262051447896,False
98928,abusive,0.022988505747126436,1.7977181744120228,-1.2614946129198128,2.9323283762137,3.8826359282060166,2.9323283762137,4.638253341184785,1.7059249649710853,False
98928,abusive,0.06666666666666667,1.4832662860554973,-0.3690097320341128,3.2477650903491266,3.236676728234753,3.2477650903491266,2.877805850213737,-0.3699592401353895,False
98928,abusive,0.046511627906976744,1.34342743071609,-0.06400437668163428,2.4654739000972707,2.6337638781982267,2.4654739000972707,2.5528174304197244,0.08734353032245368,False
98928,abusive,0.047619047619047616,0.7301718452992938,0.0719019010471803,3.61078714474111,3.1156911029130407,3.61078714474111,3.5007979864113743,-0.10998915832973566,False
98928,abusive,0.020618556701030927,1.6383392813116775,-0.44700101752221033,2.180323260525183,4.234370347063616,2.180323260525183,2.86179730867903,0.6814740481538468,False
98928,abusive,0.012269938650306749,1.0181044926652647,-0.3295054064965963,2.9187173898619045,2.3151424906137987,2.9187173898619045,4.553677390088189,1.6349600002262843,False
98928,abusive,0.046875,0.5732545959526747,0.08236701166391369,4.263914603785156,3.8301016982292837,4.263914603785156,4.65885855589861,0.39494395211345434,False
98928,abusive,0.010309278350515464,0.6924230122580732,0.07859634693924644,4.644253810717283,4.948658596447322,4.644253810717283,4.851141049527788,0.20688723881050564,False
98928,abusive,0.03614457831325301,0.7331702236595394,0.06457906828489313,4.810731545313423,5.04539784931956,4.810731545313423,4.884940264073672,0.07420871876024826,False
98928,abusive,0.0364963503649635,0.6586868378203603,-0.06924156848520513,4.732782007534355,4.780704756539275,4.732782007534355,4.598519101316471,-0.1342629062178835,False
98989,abusive,0.25,25.28904488557343,-22.93883815320605,0.8317766166719343,1.0514990744055563,0.8317766166719343,1.1325920960271891,0.3008154793552549,False
98989,abusive,0.25,1.898648312844213,0.23209773301310732,1.7496609824759246,1.6094379124341003,1.7496609824759246,1.4309230713827326,-0.31873791109319205,False
98989,abusive,0.16666666666666666,1.8043087722773437,0.0,1.8801260196838627,1.9109561556493144,1.8801260196838627,1.8801260196838627,0.0,False
98989,abusive,1.0,2.479845515635177,0.06701449789028802,0.9574983485564091,1.7081819436067107,0.9574983485564091,0.8317766166719343,-0.12572173188447489,False
98989,abusive,0.2,1.9599997677887615,2.6912569118002905,1.6474958577227266,1.3113556712316086,1.6474958577227266,1.1634222319926408,-0.4840736257300857,False
98989,abusive,0.0,1.441685155276144,1.6148023408197067,2.39311589117617,3.1159386518844188,2.39311589117617,1.1211604132591995,-1.2719554779169706,True
98989,abusive,0.045454545454545456,1.362027424665179,-0.9481986331900604,2.5223608769511534,2.4542222083418794,2.5223608769511534,4.358217559054691,1.8358566821035378,False
98989,abusive,0.16666666666666666,1.4172089819873697,0.044467245843630154,2.441688965935046,2.124021417856243,2.441688965935046,2.363828931684084,-0.07786003425096188,False
98989,abusive,0.125,1.8782549718676655,0.004218165136245178,1.7804911184413765,1.3183347464017316,1.7804911184413765,1.7480673485460894,-0.03242376989528717,False
98989,abusive,0.09090909090909091,2.132500395400523,-0.5352851595362482,1.4334075753824442,2.3938091327714672,1.4334075753824442,2.1776742151751787,0.7442666397927344,False
98989,abusive,0.09090909090909091,1.2560228039684318,-0.07177199313789417,2.630026834869937,2.4341409003384764,2.630026834869937,2.7778949039498,0.14786806907986305,False
98989,abusive,0.07142857142857142,1.4315853906893372,-0.3438022113853272,2.4138442925561954,3.012718115711052,2.4138442925561954,3.129218132064854,0.7153738395086586,False
98989,abusive,0.13636363636363635,0.9172254118365389,-0.2178287039184349,3.4926955818663323,2.571178940270349,3.4926955818663323,3.915606599918026,0.4229110180516935,False
98989,abusive,0.023809523809523808,0.8247228840923073,-0.023638965752841634,3.3418239472842806,3.9689159487699484,3.3418239472842806,3.3743840315656293,0.03256008428134871,False
99033,abusive,0.09090909090909091,2.1875535697263353,-0.809019460506748,1.3564384112013583,1.7969387380887707,1.3564384112013583,2.5463010137370636,1.1898626025357053,False
99033,abusive,0.08,1.016019463074705,0.3513858776089629,3.033982442080118,1.2007774134213078,3.033982442080118,2.5028290815259377,-0.53115336055418,False
99033,abusive,0.2727272727272727,1.2927816810367165,-0.5176664312313182,2.6052902833132228,2.662530620769492,2.6052902833132228,3.550933380460522,0.9456430971472991,False
99033,abusive,0.03773584905660377,0.7560775342631444,-0.1739199587741843,3.668871183277891,3.328296277051371,3.668871183277891,3.7668866869955147,0.0980155037176238,False
99033,abusive,0.05333333333333334,0.6502507152647831,-0.40230288023812777,3.728609534754831,3.5902516131843583,3.728609534754831,4.118449552657621,0.3898400179027899,False
99034,abusive,0.0,5.069181682677664,-2.927819515465399,2.235210629665535,1.883958119231678,2.235210629665535,1.7477470922726948,-0.48746353739284043,False
99034,abusive,0.031578947368421054,1.5394573457789793,-1.1209098615373299,2.26771441556509,3.0070467344762877,2.26771441556509,4.452140471365821,2.184426055800731,False
99034,abusive,0.13043478260869565,1.334852683550147,-0.09942796732675085,2.5455439015855497,2.4627772300298134,2.5455439015855497,2.698040276377751,0.15249637479220146,False
99034,abusive,0.05128205128205128,1.4273102342648785,-0.6606704539823516,2.4105842932072,3.7861755380284032,2.4105842932072,3.4494179408225007,1.0388336476153008,False
99034,abusive,0.038461538461538464,0.8901839158610049,-0.46680399249123766,4.543850099457816,3.615757487972263,4.543850099457816,3.9849710831994494,-0.5588790162583668,False
100156,abusive,0.25,2.413812749176165,-0.3075358675665205,1.156148703158466,1.4180153671552183,1.156148703158466,1.5120160930043653,0.3558673898458993,False
100575,abusive,0.1111111111111111,0.6117171613927527,1.5641248433500174,4.159039081621332,3.281088733523936,4.159039081621332,1.737892882471338,-2.4211461991499936,True
100575,abusive,0.12903225806451613,2.174290556918245,-1.1779611599630893,2.056726970532,4.467234028817279,2.056726970532,3.389156982644893,1.332430012112893,False
100575,abusive,0.05,0.9418332540957529,-0.36181099591449684,3.1821872342033855,3.6625961654724213,3.1821872342033855,4.564911351391316,1.382724117187931,False
100575,abusive,0.023255813953488372,1.4216782893163933,-0.8270798890879841,2.3151237068617303,4.16725634573915,2.3151237068617303,4.39125055651834,2.07612684965661,False
100575,abusive,0.03571428571428571,0.7712783905670737,-0.09738874340458636,4.815803562772915,5.058598176107081,4.815803562772915,4.462536532460746,-0.35326703031216944,False
100575,abusive,0.05405405405405406,0.6797863333091594,0.09614436042677665,4.637763526834432,5.172852535048375,4.637763526834432,4.826657115777716,0.18889358894328456,False
100575,abusive,0.028037383177570093,0.6506872138614038,-0.04234550232304002,4.630158761727614,4.811763348338476,4.630158761727614,4.7855012059077335,0.15534244418011944,False
100576,abusive,0.03278688524590164,1.7264807173446806,-0.634289664457123,1.9977494792973904,4.0399315569845315,1.9977494792973904,2.912137102623027,0.9143876233256365,False
100576,abusive,0.021505376344086023,1.4606289969559085,-0.9555075643236414,2.3695592840448936,1.7754763909309532,2.3695592840448936,4.561552229857474,2.1919929458125806,False
100576,abusive,0.05,0.8994452720456565,-0.4328124766118068,3.1443795736461904,3.7695560424947048,3.1443795736461904,4.036372720379388,0.8919931467331979,False
100576,abusive,0.09009009009009009,2.396509620877779,-0.7531442961396859,1.7954292969616943,4.25809337281593,1.7954292969616943,2.6458542989816816,0.8504250020199873,False
100576,abusive,0.03333333333333333,2.002056159789052,-1.4465139636918485,3.5568961687668343,3.4703573868194413,3.5568961687668343,4.22349222368993,0.6665960549230956,False
100576,abusive,0.030612244897959183,1.4326495311934304,0.14136858843064393,2.6914228266254403,4.655470668110316,2.6914228266254403,2.2644014121901512,-0.42702141443528907,False
100576,abusive,0.05,1.0966911344945243,-0.263506265358314,2.7960964952846235,3.2902496194909716,2.7960964952846235,3.3039970616172325,0.507900566332609,False
100576,abusive,0.03296703296703297,1.642608535896585,-0.5457218823582202,2.1697897323420126,4.086836636827941,2.1697897323420126,2.933844361705728,0.7640546293637156,False
100576,abusive,0.024691358024691357,2.183869151253169,-1.541471004260404,2.340643038282672,2.3333695094484974,2.340643038282672,4.473367908163984,2.1327248698813115,False
100576,abusive,0.028037383177570093,0.5989564748690643,0.09396479053147533,4.355798755625565,4.0164407914108455,4.355798755625565,4.675577328553708,0.3197785729281435,False
100576,abusive,0.024193548387096774,0.7418809282027972,-0.11947710575042558,4.733400757458332,5.037705562215697,4.733400757458332,4.561649725750534,-0.1717510317077977,False
100576,abusive,0.03305785123966942,0.6553596367625788,0.06895793347051127,4.583325398172807,5.19337902715578,4.583325398172807,4.655287330556007,0.07196193238319992,False
100576,abusive,0.02564102564102564,0.7261487823420595,-0.05743568172208702,4.7766529304068595,4.829294402576141,4.7766529304068595,4.7449030062537,-0.0317499241531598,False
102398,abusive,0.02564102564102564,2.069829462742833,-1.1677803393835577,1.5181704247377161,2.76268567835199,1.5181704247377161,3.7472267226699003,2.229056297932184,False
102398,abusive,0.04878048780487805,1.7769714795698164,-1.2103839628772906,1.920260158776293,1.6116021601604171,1.920260158776293,4.692269633029497,2.7720094742532035,False
102398,abusive,0.034482758620689655,1.9494194549488781,-0.19572131126685255,1.6604035619502409,2.007323773027862,1.6604035619502409,1.9636730598238585,0.3032694978736177,False
102398,abusive,0.16279069767441862,2.2869842014568778,-1.0008297672187252,1.7824946548932072,4.291644854461453,1.7824946548932072,3.138475362764578,1.3559807078713708,False
102398,abusive,0.025423728813559324,1.5139189121621284,-1.066545714828273,2.7520367754482273,3.7870993271996625,2.7520367754482273,4.456468757544696,1.704431982096469,False
102398,abusive,0.07407407407407407,1.627325714940369,-0.8925464063647114,2.1636354006086616,3.1581102246961965,2.1636354006086616,3.5756917132626556,1.412056312653994,False
102398,abusive,0.038461538461538464,0.7040124990368903,0.3125144997177036,3.9782681219654075,4.011240596604052,3.9782681219654075,3.1122355839983125,-0.866032537967095,True
102398,abusive,0.04285714285714286,0.8007239234935568,-0.16740963140500287,3.316847617075273,2.7992461666782513,3.316847617075273,3.4190210235734364,0.1021734064981632,False
102398,abusive,0.02127659574468085,1.9426387687517483,-1.0538987440354532,1.7050322722130828,4.151565450173022,1.7050322722130828,3.5142462541010033,1.8092139818879205,False
102398,abusive,0.026455026455026454,0.7017445317823015,-0.016906328990219266,3.3852711277237537,2.3406430382826717,3.3852711277237537,4.556414113991503,1.171142986267749,False
102398,abusive,0.012422360248447204,0.6781516305982397,0.12003996208107348,4.32985933353511,4.826011046820962,4.32985933353511,4.772104301164685,0.4422449676295752,False
102398,abusive,0.03076923076923077,0.7208479883862176,-0.12409616745190433,4.838308262896436,4.826521073354679,4.838308262896436,4.746210725965824,-0.09209753693061185,False
105223,abusive,1.0,2.942900214159619,-0.3281800002234916,1.2655873567458389,1.2476649250079013,1.2655873567458389,0.7742402021815782,-0.4913471545642607,True
105223,abusive,1.0,2.248097347690872,1.441646482462585,1.339406849533297,1.4277733999891047,1.339406849533297,1.0514990744055563,-0.2879077751277406,False
105223,abusive,0.125,3.618869664789171,-1.2719466544262557,1.2347572207803874,1.5931091146259984,1.2347572207803874,1.383144689726263,0.1483874689458755,False
105223,abusive,0.2,3.950313418179479,-0.8934807496228205,0.8317766166719343,1.2655873567458389,0.8317766166719343,1.1090354888959124,0.27725887222397816,False
105223,abusive,1.0,2.497061181639526,0.8844767347093163,1.2136851176488221,1.346680378367472,1.2136851176488221,1.1901285105175454,-0.02355660713127672,False
105223,abusive,0.125,1.9799323466313954,-0.18229077563906193,1.6368469548189641,1.5566448032672073,1.6368469548189641,1.9247547299467047,0.2879077751277406,False
105223,abusive,0.14285714285714285,1.663631580296073,0.8274690582149784,2.082446202019559,1.529938524742303,2.082446202019559,0.9436997742590189,-1.1387464277605401,True
105223,abusive,0.08333333333333333,1.9090290748386451,0.017471628061754174,1.8307540040975578,1.95962540737566,1.8307540040975578,1.6921245679855688,-0.13862943611198908,False
105223,abusive,0.16666666666666666,3.6318433133335724,0.1500831004401193,1.2655873567458389,2.144124142575413,1.2655873567458389,1.1901285105175454,-0.07545884622829346,False
105223,abusive,0.3333333333333333,4.6815495114579875,-1.5392541399957667,0.7742402021815782,0.9939626599152002,0.7742402021815782,1.454479678514009,0.6802394763324309,False
105223,abusive,1.0,3.993899965331751,-0.1486494212686389,1.0961277846683983,0.8553332238032111,1.0961277846683983,1.1325920960271891,0.0364643113587908,False
105223,abusive,1.0,4.156583558063569,-0.0430161517272456,1.0514990744055563,1.5931091146259984,1.0514990744055563,0.936426245424844,-0.11507282898071236,False
105842,abusive,0.03571428571428571,1.795864920540445,-0.36864528188648404,1.9093625217194792,4.123780964324334,1.9093625217194792,2.4529060430203486,0.5435435213008695,False
105842,abusive,0.05405405405405406,0.4850494571304684,0.044479256252774324,4.143947540077145,3.016908099784703,4.143947540077145,3.75905565175844,-0.38489188831870447,False
105842,abusive,0.024390243902439025,2.344970817334226,-0.239550877706856,1.14075649493124,1.9228408397434749,1.14075649493124,1.5030689142360874,0.36231241930484726,False
105842,abusive,0.1518987341772152,2.255925118116599,-1.0381504683826854,1.9803772542338307,4.259605880307543,1.9803772542338307,3.2479791702874214,1.2676019160535907,False
105842,abusive,0.015625,0.9693311835779396,-0.37851718126518874,3.1621933007987955,3.731826520585444,3.1621933007987955,4.682746292467261,1.5205529916684655,False
105842,abusive,0.02727272727272727,2.182712660182065,-0.40488378845076545,1.5931091146259986,2.196736251136044,1.5931091146259986,2.803526948410882,1.2104178337848834,False
105842,abusive,0.01680672268907563,0.9977693122187097,-0.27468310875684376,3.1642645564295475,4.737041176500769,3.1642645564295475,4.4012553381199,1.2369907816903525,False
105842,abusive,0.041666666666666664,0.8954241326672971,-0.44473164734315057,3.1331455193527793,4.4365949162628535,3.1331455193527793,3.6843613020079737,0.5512157826551944,False
105842,abusive,0.030612244897959183,0.7180751090306743,-0.08685825122919333,3.3998058855486555,2.5069529389664846,3.3998058855486555,4.453412764383524,1.0536068788348683,False
105842,abusive,0.02054794520547945,0.7601581218353599,-0.1513932316900527,4.7981735647871915,5.0218057900562885,4.7981735647871915,4.256484081536078,-0.5416894832511137,False
105843,abusive,0.04285714285714286,2.1307460458573204,-0.6960186537090332,1.4309230713827326,4.228618725233442,1.4309230713827326,3.751372147574968,2.3204490761922356,False
105843,abusive,0.034482758620689655,1.1922485948840802,-0.5923849872212148,3.642257600581594,3.435816167200538,3.642257600581594,4.317997203405581,0.6757396028239873,False
105843,abusive,0.07692307692307693,1.2903754354122705,0.057992037208117075,2.5618726993936516,3.400162709907356,2.5618726993936516,2.4509725619399214,-0.11090013745373017,False
105843,abusive,0.022598870056497175,1.9784837138463485,-1.3801254843270376,1.6531300331160659,3.956213947978931,1.6531300331160659,4.345231083272991,2.6921010501569254,False
105843,abusive,0.046875,0.7540118697592612,0.03178992492943278,4.892010958655026,5.102896464849378,4.892010958655026,4.874233526218305,-0.017777432436721696,False
105843,abusive,0.0234375,0.6734681232895323,-0.03863556635767562,4.691419138423118,4.6769641377552365,4.691419138423118,4.827073439354754,0.13565430093163577,False
106069,abusive,0.0547945205479452,1.7961243273952552,-0.7047111079003021,1.8961345612185703,4.22119691945231,1.8961345612185703,2.929091756003273,1.0329571947847027,False
106069,abusive,0.019801980198019802,2.531806040875223,-1.7115699023744253,1.6814756650818061,3.838533440132042,1.6814756650818061,3.4223154054474776,1.7408397403656715,False
106069,abusive,0.038461538461538464,0.6840887584427824,0.9532580069784364,3.365792658522024,3.986282740650828,3.365792658522024,2.305673129891621,-1.0601195286304028,True
106069,abusive,0.0196078431372549,1.9456455819669807,-0.32244983974952257,1.6871098404751455,2.180013423127817,1.6871098404751455,2.1655492908118923,0.47843945033674684,False
106069,abusive,0.6666666666666666,2.6746960450560073,0.14596125746030042,0.6931471805599453,1.9893094083993148,0.6931471805599453,0.7742402021815782,0.0810930216216329,False
106069,abusive,0.04411764705882353,2.6746960450560073,-1.45873129246037,0.6931471805599453,4.0866647609416376,0.6931471805599453,3.518359262215175,2.8252120816552297,False
106069,abusive,0.01680672268907563,1.0360198644423428,-0.49852649320427866,3.43938266245965,3.32764057343406,3.43938266245965,4.153771626676578,0.7143889642169281,False
106069,abusive,0.030927835051546393,1.1812201523474837,0.20546983412757003,2.7187457158578394,1.893924593981253,2.7187457158578394,3.113397910538061,0.3946521946802215,False
106069,abusive,0.010752688172043012,0.8226751230637369,-0.08513684205879324,5.013773068602718,4.530931965912521,5.013773068602718,4.523675571844803,-0.49009749675791436,False
106069,abusive,0.010810810810810811,1.0886716913261056,-0.41876625272591994,3.053743124873358,4.463785614793494,3.053743124873358,4.460903681661842,1.4071605567884835,False
106069,abusive,0.0425531914893617,1.1853099946647723,-0.6463399418849562,2.7734307582232223,3.773267833800889,2.7734307582232223,3.8628633570523427,1.0894325988291205,False
106069,abusive,0.038834951456310676,1.2558862861723337,-0.5529859897440643,2.582328469217735,2.790064226417435,2.582328469217735,4.53472924164503,1.952400772427295,False
106069,abusive,0.0297029702970297,0.5688707260861389,0.08771531752465056,4.280753195961117,4.0963374886583095,4.280753195961117,4.574182669290475,0.29342947332935765,False
106069,abusive,0.029850746268656716,0.9112396108626578,-0.2732954812650946,5.119924114628018,4.737882786899389,5.119924114628018,4.554332882631826,-0.5655912319961924,False
106069,abusive,0.012121212121212121,0.9129206405964225,-0.2638008375991052,5.06784733731362,4.728984757556107,5.06784733731362,4.655938561159962,-0.4119087761536582,False
106095,abusive,0.03361344537815126,2.205236406741661,-1.6357024144110826,1.3328818040700816,3.9776286512239643,1.3328818040700816,3.6734434192101175,2.340561615140036,False
106095,abusive,0.04878048780487805,0.6946298979632137,-0.34557555521803723,3.4016906001611935,3.5552585282728786,3.4016906001611935,3.9330565000334055,0.5313658998722119,False
106095,abusive,0.05555555555555555,2.165633494767019,-0.5228915201207978,1.572037011494433,1.375871160892088,1.572037011494433,2.207647777564022,0.6356107660695891,False
106095,abusive,0.029411764705882353,2.551447248431251,-1.2013233059217892,0.9704060527839233,4.163095422201499,0.9704060527839233,3.357887768566754,2.3874817157828305,False
106095,abusive,0.03333333333333333,1.5719760181766556,-0.9442967177725423,2.5580907034594924,4.340627912317254,2.5580907034594924,4.824524289357525,2.2664335858980325,False
106095,abusive,0.017543859649122806,0.7562495091236189,-0.23600765509042332,3.618100777952543,3.6933144164021834,3.618100777952543,4.506589398481395,0.8884886205288525,False
106095,abusive,0.01694915254237288,1.5204657012538925,-0.6814570693269624,2.3016388581188654,3.108444728756242,2.3016388581188654,4.961398424804176,2.6597595666853104,False
106095,abusive,0.025210084033613446,0.6125329161004138,0.25252188732617986,4.481134455651619,4.756064403058181,4.481134455651619,4.9953111436640585,0.5141766880124399,False
106095,abusive,0.020689655172413793,0.8045282512573906,0.10569442836038967,4.957021703947168,4.545088997457741,4.957021703947168,5.055740292008188,0.09871858806102018,False
106095,abusive,0.016129032258064516,0.735155233111022,-0.06704798264210599,4.804311138382362,4.924238210779409,4.804311138382362,4.782579658114296,-0.02173148026806615,False
106861,abusive,0.05555555555555555,2.3026778232296716,-1.1426163119152866,1.1982929094215964,1.1634222319926408,1.1982929094215964,3.406878876560095,2.2085859671384984,False
108196,abusive,0.5,2.163351918933837,-0.14040922062855632,1.3862943611198906,1.2347572207803874,1.3862943611198906,1.579310540328608,0.1930161792087175,False
108440,abusive,0.046511627906976744,4.21087590529285,-3.1177112573414183,1.1090354888959124,1.499108388776851,1.1090354888959124,3.55508180472669,2.4460463158307775,False
108478,abusive,1.0,2.4524755575918133,-1.126392023426827,0.9939626599152002,1.6377378248888401,0.9939626599152002,2.557057871949845,1.563095212034645,False
109493,abusive,0.17391304347826086,2.5547443828162475,-1.1851240947974957,0.8553332238032111,0.6931471805599453,0.8553332238032111,2.4998439514826023,1.6445107276793913,False
110225,abusive,0.0136986301369863,2.3662377691135106,-1.570479054215069,1.6368469548189641,3.310144269617271,1.6368469548189641,3.7621983208577703,2.125351366038806,False
110225,abusive,0.04878048780487805,0.9092600231121419,-0.301578063824274,3.184784427272847,3.650064473224094,3.184784427272847,3.6055753884291706,0.42079096115632364,False
110225,abusive,0.0196078431372549,1.6585128838128682,0.21073619309832803,2.203673362733622,1.6567998608497052,2.203673362733622,1.7682028620967785,-0.43547050063684356,False
110225,abusive,0.01680672268907563,2.332523895352054,-1.1199584506180644,1.156148703158466,3.5758956767055317,1.156148703158466,3.955277647991024,2.799128944832558,False
110225,abusive,0.044444444444444446,1.3136000708037785,-0.8518463467470762,2.839114340106108,3.5787606958274063,2.839114340106108,4.445237634979802,1.6061232948736937,False
110225,abusive,0.05,1.313056052530492,0.0847880358316706,2.566923460580892,2.6634748170628546,2.566923460580892,3.0683307628401124,0.5014073022592203,False
110225,abusive,0.01694915254237288,1.220564091944966,0.3337838417503882,2.8781841903596677,3.9608629293378477,2.8781841903596677,3.4940922782141284,0.6159080878544607,False
110225,abusive,0.013605442176870748,1.543204018122154,-0.7662238135842644,2.2967508175339897,4.190991266966113,2.2967508175339897,4.819850644039446,2.5230998265054567,False
110225,abusive,0.029411764705882353,0.6400788629617072,0.23396008988031747,3.962092902002305,3.890240123976909,3.962092902002305,3.2359804888645542,-0.7261124131377508,True
110225,abusive,0.07692307692307693,1.1737544214085198,0.4089157353938382,2.706491550779231,3.8477549146889887,2.706491550779231,2.1842068776966035,-0.5222846730826274,False
110225,abusive,0.009900990099009901,0.733798774989352,-0.01683584424845641,4.7359677915384495,4.9179517383723,4.7359677915384495,4.767062096251822,0.031094304713372267,False
110225,abusive,0.010169491525423728,0.6776556918454164,0.00800904482059761,4.456132288384223,4.951264908475632,4.456132288384223,4.557078570014728,0.10094628163050423,False
111114,abusive,0.1111111111111111,3.037980537474543,-1.5089977150852207,1.1325920960271891,1.8025729134821102,1.1325920960271891,2.8929474396932164,1.7603553436660273,False
111768,abusive,0.11764705882352941,2.1895882356588374,-1.6734316567391767,2.1638756408777886,2.8191369029851465,2.1638756408777886,4.170978959218276,2.0071033183404876,False
111835,abusive,0.5,2.614720213936127,-0.2645134815687471,0.7742402021815782,0.7742402021815782,0.7742402021815782,1.1325920960271891,0.35835189384561095,False
113205,abusive,0.35714285714285715,2.419869684515297,-1.0655503882187196,1.038591370178042,0.9939626599152002,1.038591370178042,2.527861710116739,1.4892703399386968,False
113273,abusive,0.1111111111111111,3.3636391442299605,-2.2215712531109526,0.6931471805599453,0.936426245424844,0.6931471805599453,3.5900212143385195,2.896874033778574,False
113300,abusive,0.019230769230769232,1.695349397897747,-0.006487168788436248,2.032554030093242,3.3162637186436354,2.032554030093242,3.097859394696732,1.06530536460349,False
113300,abusive,0.06060606060606061,0.5222483614904121,-0.13385537533313263,4.104304242338941,3.188948352829325,4.104304242338941,3.789489930287408,-0.31481431205153276,False
113300,abusive,0.10526315789473684,2.468737715352794,-1.0999537743040455,1.6116021601604171,4.378069523072229,1.6116021601604171,3.1534237456268457,1.5418215854664286,False
113300,abusive,0.029850746268656716,1.4154021361938183,-0.9320110591415778,2.4309558702285248,3.8076558938413747,2.4309558702285248,4.601211725638193,2.1702558554096685,False
113300,abusive,0.024691358024691357,1.5073396407364184,0.07350804797133814,2.4103043771363155,2.1080128763215358,2.4103043771363155,2.9824081360856116,0.5721037589492961,False
113300,abusive,0.010526315789473684,0.6559767037068219,0.3988045237124861,4.213399484126569,4.7479961033755185,4.213399484126569,3.177943258338501,-1.0354562257880677,True
113300,abusive,0.07142857142857142,0.7168819579453749,1.2127604773428082,3.6469031461065198,3.8850778958106886,3.6469031461065198,1.6952742393791964,-1.9516289067273234,True
113300,abusive,0.06666666666666667,1.625607991062905,-1.102919824701568,2.1557912579780054,3.317569849789769,2.1557912579780054,3.6735469769663176,1.5177557189883122,False
113300,abusive,0.037037037037037035,1.8404686644803767,-1.120962600831362,1.9036826268151394,2.577560984654964,1.9036826268151394,4.637715439218501,2.7340328124033615,False
113300,abusive,0.018018018018018018,0.6630808801724879,0.291478111542561,4.59898218991668,4.788956274940979,4.59898218991668,5.185931365861385,0.5869491759447047,False
113300,abusive,0.013422818791946308,0.5855041058224517,0.21254914651965384,4.50521482847211,4.939420516031868,4.50521482847211,4.838740916803669,0.33352608833155895,False
113300,abusive,0.013245033112582781,0.8049898015399448,-0.05367509740873233,4.884520792794585,4.654270753384909,4.884520792794585,5.0271549600870395,0.1426341672924547,False
116281,abusive,0.019399538106235566,0.9839800835982391,0.5148405920597836,3.0850946265478028,2.726192504881886,3.0850946265478028,4.298221166521219,1.2131265399734161,False
116281,abusive,0.029585798816568046,0.8490474507038905,0.5942327970812962,5.052538911549957,5.478047043355462,5.052538911549957,2.757422216688515,-2.2951166948614414,True
116281,abusive,0.1935483870967742,2.1572916832102806,-0.6828588519200143,1.4098509682511673,3.8256351402251054,1.4098509682511673,2.351456482536727,0.9416055142855595,False
116281,abusive,0.022151898734177215,1.3711294765957753,0.030633233509579805,2.508708876496894,2.274159445024037,2.508708876496894,5.817054642045496,3.3083457655486015,False
116281,abusive,0.016853932584269662,0.8859682681559355,0.33077475730781614,4.848486847319032,5.862042157593032,4.848486847319032,5.555153021917625,0.7066661745985927,False
116281,abusive,0.061855670103092786,0.9924099056509759,-0.26635782237639716,3.877402685522277,4.406739186506373,3.877402685522277,4.674523468648717,0.7971207831264397,False
116281,abusive,0.032640949554896145,0.8266657885803518,-0.09536315355783365,4.825877345882594,4.919807991048136,4.825877345882594,4.453641749459194,-0.37223559642339943,False
116281,abusive,0.028169014084507043,1.2472242036215566,0.2152245437245719,5.618640903156761,5.974657390177153,5.618640903156761,5.949413080373928,0.3307721772171668,False
116372,abusive,0.07692307692307693,0.4677998659917402,0.3313779379442841,4.478290061889674,3.395599774354122,4.478290061889674,3.3058759591171474,-1.1724141027725268,True
116372,abusive,0.02127659574468085,1.6049993733007817,0.1488504428438635,2.149286619636894,2.1010354245214478,2.149286619636894,1.9293315887134224,-0.21995503092347146,False
116372,abusive,0.10256410256410256,2.5531069681532115,-1.4023433645382064,1.6691385746507734,4.286687267514891,1.6691385746507734,3.156128554733235,1.4869899800824617,False
116372,abusive,0.16666666666666666,1.3200353156184776,0.14612966083962764,2.5649493574615367,2.5649493574615367,2.5649493574615367,2.355057945887544,-0.20989141157399294,False
116372,abusive,0.04477611940298507,1.5733182762398434,-1.1064651036560722,2.2051632735643105,4.096964822606031,2.2051632735643105,4.55942313040443,2.3542598568401196,False
116372,abusive,0.023809523809523808,2.1427292460510103,0.39991326138396177,1.4139748256917144,2.0525398552253664,1.4139748256917144,2.351785159685473,0.9378103339937585,False
116372,abusive,0.031746031746031744,1.0502645797969834,0.6278084673585502,3.5669380194487146,4.568905907363206,3.5669380194487146,2.0869407731899705,-1.479997246258744,True
116372,abusive,0.041666666666666664,1.0690366945071312,-0.01413888513392303,2.789946742253439,3.741958538728454,2.789946742253439,2.974588977197185,0.184642234943746,False
116372,abusive,0.018867924528301886,1.2003904087314583,-0.721190307196308,2.8073143886148317,3.3582445929254545,2.8073143886148317,4.166003538448438,1.358689149833606,False
116372,abusive,0.46153846153846156,1.2540725351052229,-0.498325350421701,2.5822484532134675,2.0089974229619654,2.5822484532134675,3.803005435953641,1.2207569827401734,False
116372,abusive,0.027210884353741496,1.0476453002074346,-0.3177428468294232,2.9725743313243176,2.2733485909584297,2.9725743313243176,4.685848933087368,1.7132746017630507,False
116372,abusive,0.022900763358778626,0.5750474819887086,0.09138276575535786,4.135132631088056,4.052374034527438,4.135132631088056,4.545564311266644,0.4104316801785881,False
116372,abusive,0.013422818791946308,0.59029487289332,0.3017941027179709,4.48990490906877,4.3659540473631555,4.48990490906877,5.024978305713017,0.5350733966442469,False
116373,abusive,0.02247191011235955,1.736842053382519,-0.28146998745147767,2.0114819269616766,4.109071226719771,2.0114819269616766,2.4136377876333577,0.4021558606716811,False
116373,abusive,0.031746031746031744,2.0183790518037177,-1.6018084438593847,1.5931091146259984,1.7807630423445844,1.5931091146259984,4.348601612691347,2.7554924980653484,False
116373,abusive,0.05333333333333334,0.6084384541745309,1.2660077843898252,3.541015574205886,4.231475108626208,3.541015574205886,1.8261295206133865,-1.7148860535924997,True
116373,abusive,0.15789473684210525,2.251197314031532,-0.5956559884382655,1.2680718607455506,1.5781913432277839,1.2680718607455506,2.187192007739938,0.9191201469943875,False
116373,abusive,0.13333333333333333,2.1020718482009806,-1.228961732592809,1.478036285645286,1.653130033116066,1.478036285645286,3.1191236819943704,1.6410873963490844,False
116373,abusive,0.15384615384615385,2.388946074310258,-1.474202619438063,1.8096819009659924,4.479653780670041,1.8096819009659924,3.393841223964526,1.5841593229985338,False
116373,abusive,0.13333333333333333,1.0228352488963772,0.0302641004460531,2.8172174325026234,2.772588722239781,2.8172174325026234,2.772588722239781,-0.04462871026284221,False
116373,abusive,0.02912621359223301,0.9807139870173538,-0.4626832645504583,3.225132748117231,3.3272978728704294,3.225132748117231,4.599360289582669,1.3742275414654377,False
116373,abusive,0.017094017094017096,1.4838485038128266,-0.7143921120446751,2.328527414298377,4.46484398263964,2.328527414298377,4.785188009113716,2.4566605948153386,False
116373,abusive,0.01834862385321101,1.1071865123534101,-0.6546225839957813,3.0538971059867253,3.4564991360328863,3.0538971059867253,4.127488472424309,1.0735913664375838,False
116373,abusive,0.0625,1.044576077767913,0.022590402129085252,2.937695233020011,3.5616335699789694,2.937695233020011,2.8149586311788717,-0.12273660184113933,False
116373,abusive,0.025,1.1172067735733158,-0.23335678340132882,3.020882514615103,4.315858740342601,3.020882514615103,3.0871539418059917,0.06627142719088885,False
116373,abusive,0.027972027972027972,1.009486567873682,-0.29926757288899086,2.9825043130530817,2.4663647701671465,2.9825043130530817,4.590539764160818,1.6080354511077362,False
116373,abusive,0.045454545454545456,0.5393373205650371,0.1265334211169038,4.26369577161533,4.0006023137190745,4.26369577161533,4.610814729362689,0.3471189577473588,False
116373,abusive,0.030534351145038167,0.7224429713327595,-0.0838382910355634,4.7473755161783435,5.094987639762812,4.7473755161783435,4.461721932007872,-0.28565358417047193,False
116373,abusive,0.025974025974025976,0.7464753145142312,0.08313603360288102,4.745721350933698,5.119194757272711,4.745721350933698,4.963836262367768,0.21811491143407036,False
118503,abusive,0.018518518518518517,3.0777749124605704,-2.4895231630788683,1.0823292103710078,3.8861324384560794,1.0823292103710078,3.662496240414135,2.580167030043127,False
118503,abusive,0.05172413793103448,0.5185111396225289,1.14946216608814,3.677767827619241,3.912139195671178,3.677767827619241,2.1270749122824,-1.5506929153368407,True
118503,abusive,0.041666666666666664,2.1860092585099333,-0.7454923859569613,2.5137956278439084,2.3383816240997337,2.5137956278439084,2.4006639567727395,-0.11313167107116895,False
118503,abusive,0.14814814814814814,2.1234020654736567,-1.0802679878443904,2.230103969264502,4.345689719255597,2.230103969264502,3.3424722563916296,1.1123682871271274,False
118503,abusive,0.04,1.1575290726223748,-0.6489809414629972,3.237836393930953,3.7126006636306528,3.237836393930953,4.526907538018049,1.2890711440870963,False
118503,abusive,0.023529411764705882,1.5877150539590474,-0.21822793652036876,2.7780783319495357,4.7750117290785745,2.7780783319495357,2.6263482534433322,-0.15173007850620346,False
118503,abusive,0.2222222222222222,0.5808890520680648,1.3945087289931593,4.161286735199662,2.6137975833624907,4.161286735199662,1.647495857722727,-2.513790877476935,True
118503,abusive,0.02127659574468085,1.1075866364588127,-0.5191481948176626,2.747459634845092,3.9900994200032533,2.747459634845092,3.713108886573573,0.9656492517284807,False
118503,abusive,0.044444444444444446,1.696484756579992,-0.4507826925610503,2.205683429904322,1.3733866568923765,2.205683429904322,2.6598460167030638,0.4541625867987418,False
118503,abusive,0.05,1.156654313702002,-0.086886613972607,2.7726314422863254,3.5254184258381707,2.7726314422863254,2.799366322884929,0.026734880598603628,False
118503,abusive,0.06896551724137931,0.5679549164263268,-0.016120202176094556,4.2094249535598385,2.9113804078903405,4.2094249535598385,3.93961165464233,-0.2698132989175086,False
118503,abusive,0.01904761904761905,1.2400348773712795,-0.5533197358357606,2.552473728668185,3.634123620657378,2.552473728668185,4.638825746649352,2.086352017981167,False
118503,abusive,0.02962962962962963,0.5740396424762861,0.16583799382092534,4.207016317064952,4.34510022152146,4.207016317064952,4.764799641483039,0.5577833244180868,False
118503,abusive,0.014084507042253521,0.8846931953831527,-0.1446131760219218,5.0534423316616595,4.412686361147398,5.0534423316616595,4.730988670785976,-0.3224536608756834,False
118503,abusive,0.018867924528301886,0.8361916495907471,-0.08571473837642862,4.7988888165565236,4.886020338555497,4.7988888165565236,4.820227627288415,0.021338810731891478,False
123526,abusive,0.3132530120481928,2.1885624572906752,1.4300406120812337,5.6347902253513755,5.080054235158023,5.6347902253513755,5.8935784777066305,0.25878825235525493,False
123526,abusive,0.12887438825448613,4.0290816106183325,-0.023374359846890513,6.622491090015894,6.363298790697769,6.622491090015894,6.770197157487276,0.1477060674713817,False
123526,abusive,0.0954356846473029,0.5571131407207074,0.37719561444905925,4.618732762294603,5.194142066543302,4.618732762294603,5.252341641029665,0.6336088787350622,False
123526,abusive,0.010810810810810811,3.9001742567860744,0.16007274923575432,5.746367207831823,5.876336123463569,5.746367207831823,6.674452997993446,0.9280857901616226,False
123526,abusive,0.054365733113673806,2.5425740155193983,-0.9086247308573911,6.1039573316609435,6.272075610264046,6.1039573316609435,5.416238425249371,-0.6877189064115727,False
123526,abusive,0.028820960698689956,2.6524021257222126,0.6004693349761872,6.258847806301539,6.291713334821656,6.258847806301539,6.436069069548229,0.17722126324669052,False
123526,abusive,0.18468468468468469,1.3977682844376542,1.2374650191026977,5.674050690012668,6.196825948213801,5.674050690012668,7.041789046184189,1.3677383561715217,False
124213,abusive,0.028985507246376812,1.6390701738957354,-1.0914813234711502,2.111162547715163,1.7616140309529076,2.111162547715163,4.482138953315162,2.3709764055999987,False
124213,abusive,0.07317073170731707,0.9391781989491459,-0.545162333281642,2.9774999143023884,3.843284671369662,2.9774999143023884,3.8448898754282106,0.8673899611258222,False
124213,abusive,0.05128205128205128,1.8730991356737765,-0.4586771282819422,1.7861252938347156,1.5802014103984843,1.7861252938347156,2.6361204192786745,0.8499951254439588,False
124213,abusive,0.08333333333333333,2.012580767241252,-0.5619563841846902,1.5931091146259984,2.3874817157828305,1.5931091146259984,2.412671268665716,0.8195621540397175,False
124213,abusive,0.13861386138613863,2.3597426471991176,-1.2143120384394397,1.8703679868499763,4.48306861179271,1.8703679868499763,3.425913478131619,1.5555454912816429,False
124213,abusive,0.023809523809523808,1.2971612081532886,-0.6849085015210751,2.5649493574615367,3.789650645003816,2.5649493574615367,4.319686489732992,1.7547371322714551,False
124213,abusive,0.02127659574468085,1.742239008149466,-0.7560482027287547,1.976156343000098,2.7162131777789815,1.976156343000098,3.48607636698896,1.509920023988862,False
124213,abusive,0.04,1.32281697502831,-0.39113283793814113,2.76832920631378,5.004380672258883,2.76832920631378,3.2331722580963125,0.4648430517825326,False
124213,abusive,0.045454545454545456,0.623300980275226,0.09743257598317567,3.502993900281063,4.045351939646926,3.502993900281063,3.378013759852781,-0.1249801404282822,False
124213,abusive,0.02030456852791878,0.9981906598744257,-0.33621003527276605,3.091716877359226,4.350966249034495,3.091716877359226,4.606125040906524,1.514408163547298,False
124213,abusive,0.023391812865497075,0.77438275442441,0.08426436734356513,4.83050394379579,5.0031637528691535,4.83050394379579,5.006049291185176,0.1755453473893862,False
124213,abusive,0.008849557522123894,0.6420033368249534,0.2264041225014488,4.548286203769952,4.89974475456037,4.548286203769952,4.962806483564123,0.4145202797941705,False
125855,abusive,0.06818181818181818,2.6048304662875337,0.63369771707303,1.6506455291163544,2.0224252835294907,1.6506455291163544,2.1350152318805273,0.4843697027641729,False
125855,abusive,0.4634146341463415,3.0809684100063857,-0.4378236264893447,2.1926995206844593,1.3862943611198906,2.1926995206844593,1.6871098404751455,-0.5055896802093138,False
125855,abusive,0.23684210526315788,0.41872072457627835,0.04321017636517116,4.108513984256321,4.093469300008804,4.108513984256321,4.07753744390572,-0.03097654035060149,False
126531,abusive,0.041666666666666664,2.61611965206744,-0.6328287968038138,1.0514990744055563,1.7520278740053254,1.0514990744055563,2.990343832849247,1.9388447584436908,False
127058,abusive,1.0,4.052582243403913,-0.7489189302938324,0.6931471805599453,0.6931471805599453,0.6931471805599453,0.7742402021815782,0.0810930216216329,False
127058,abusive,0.11764705882352941,2.760681471396428,-0.6252159702192013,0.8553332238032111,1.1772208062900311,0.8553332238032111,2.30148607893765,1.446152855134439,False
127058,abusive,0.5,3.3036633131100808,-0.6289672680540734,0.7742402021815782,0.6931471805599453,0.7742402021815782,0.6931471805599453,-0.0810930216216329,False
127265,abusive,0.14285714285714285,0.6160132532147762,0.018194993476688293,3.87921778589885,3.938888714470937,3.87921778589885,3.4797258832798095,-0.39949190261904066,False
127265,abusive,0.03389830508474576,0.6192294597270089,1.0569492007345047,3.644140361833723,4.043405534934024,3.644140361833723,2.12092058054905,-1.523219781284673,True
127265,abusive,0.022222222222222223,1.8508551936612883,0.0012192544976279418,1.8169554298001676,1.9340587330736831,1.8169554298001676,1.8747637681937317,0.05780833839356414,False
127265,abusive,0.10204081632653061,2.3870443159871293,-0.9807248329060443,1.7892749652283435,4.220471112119496,1.7892749652283435,2.770107575145491,0.9808326099171476,False
127265,abusive,0.031746031746031744,1.3468617327177999,-0.8282338582039486,3.1738052829264634,3.5169241404163927,3.1738052829264634,4.15416785223759,0.9803625693111266,False
127265,abusive,0.034482758620689655,1.4826743061310854,-0.43142177947847427,2.35455731984392,2.4138442925561954,2.35455731984392,3.978134154358,1.62357683451408,False
127265,abusive,0.01015228426395939,0.6486342770406294,0.564070543779369,4.191019389817181,4.758140094799282,4.191019389817181,2.9872978356584845,-1.2037215541586965,True
127265,abusive,0.024390243902439025,0.5470377949176892,0.7989980769605285,3.9522477421794564,4.08182073626603,3.9522477421794564,2.781061111416098,-1.1711866307633585,True
127265,abusive,0.028169014084507043,1.5499878267812233,-0.9666701292104399,2.2236563190987297,2.914613062717746,2.2236563190987297,4.258405183790397,2.034748864691667,False
127265,abusive,0.017543859649122806,0.8288248050818723,-0.11855301967223175,3.2931727694642765,2.568529894920345,3.2931727694642765,4.504906636544703,1.2117338670804267,False
127265,abusive,0.04918032786885246,0.5763447976828676,0.09816129792172568,4.210748281892721,4.142971267200981,4.210748281892721,4.58941696502253,0.37866868312980895,False
127265,abusive,0.017964071856287425,0.8525940073751975,-0.1161387158765308,5.011454418343183,4.583671061980389,5.011454418343183,4.711442485481177,-0.3000119328620059,False
127265,abusive,0.013605442176870748,0.6964672424990945,0.09046288085907972,4.649942716527856,4.799800406248748,4.649942716527856,5.070984949675461,0.42104223314760514,False
127317,abusive,0.25,2.6746960450560073,-0.24055594534356617,0.6931471805599453,1.0514990744055563,0.6931471805599453,1.5201804919084165,0.8270333113484712,False
127317,abusive,1.0,2.569796188054394,-0.09963779344725454,1.3862943611198906,1.1634222319926408,1.3862943611198906,0.9704060527839233,-0.41588830833596724,False
127352,abusive,0.2857142857142857,2.1888552678349114,-0.10350718949708737,1.3523145537608112,1.478036285645286,1.3523145537608112,1.5030689142360871,0.1507543604752759,False
127352,abusive,0.4,2.257625028170983,0.07489886718107108,1.2583138279116641,1.7188308465104734,1.2583138279116641,1.156148703158466,-0.10216512475319806,False
127376,abusive,0.25,2.6147202139361276,-0.32448931268862813,0.7742402021815782,0.6931471805599453,0.7742402021815782,1.2136851176488221,0.43944491546724396,False
127693,abusive,0.06666666666666667,6.119411540925773,-3.3679562419902873,0.6931471805599453,1.1058858175022848,0.6931471805599453,1.8225896051935067,1.1294424246335613,False
127693,abusive,0.13333333333333333,1.101704435451403,0.42471028803837685,2.893710222613298,2.404429961473849,2.893710222613298,2.2893571324931363,-0.6043530901201617,False
127693,abusive,0.35,1.4984242198992235,0.08490127669328151,2.327297465311452,1.8479021498551926,2.327297465311452,2.196950040573825,-0.13034742473762728,False
127693,abusive,0.25,1.5220625548245732,-0.0350635095459666,2.2933176579523726,1.7188308465104734,2.2933176579523726,2.3370393371821363,0.043721679229763666,False
127693,abusive,0.11764705882352941,2.3724230844848493,0.18223292340711472,1.3969432640236532,1.9388493812781817,1.3969432640236532,1.8143075938191449,0.41736432979549165,False
127693,abusive,0.3333333333333333,2.7533526278387326,0.8233058364680503,1.535572700135642,1.396943264023653,1.535572700135642,1.346680378367472,-0.18889232176817017,False
128042,abusive,1.0,2.6147202139361276,0.303244593553714,0.7742402021815782,0.6931471805599453,0.7742402021815782,0.7742402021815782,0.0,False
129172,abusive,0.19887605369965658,4.748239222781964,0.5572347474179562,6.74009757446706,7.830637277678744,6.74009757446706,8.046359991931634,1.3062624174645743,False
129172,abusive,0.1067597125299448,9.78923449118226,-5.179889376827358,8.330604380751094,7.928863797737842,8.330604380751094,7.651054997633574,-0.6795493831175197,False
129172,abusive,0.23301608139153265,10.441303169457651,-2.375302000230464,3.1062159777668565,3.652882172039571,3.1062159777668565,3.657075764974099,0.5508597872072425,False
129172,abusive,0.2991941772809982,58.75102779696742,-55.751853730649856,4.06449801831401,3.9860554652817464,4.06449801831401,4.684080606646706,0.6195825883326957,False
129172,abusive,0.27009783071033605,2.174840746976827,0.027594653790000923,4.624809701620851,5.085212141241608,4.624809701620851,5.166185748977047,0.5413760473561959,False
129172,abusive,0.2529785544082605,1.9390423285266614,-0.6565262949059436,4.115689405227433,3.8383232024879654,4.115689405227433,5.2392055677272,1.123516162499767,False
129172,abusive,0.05768040599084045,0.508925898206131,2.456159856649707,4.232874754965046,5.296795244112263,4.232874754965046,7.936746182412895,3.703871427447849,False
129172,abusive,0.1649782923299566,0.9099790586169778,0.23559326737239927,5.118385718187157,5.472137868654613,5.118385718187157,5.434897985068913,0.31651226688175615,False
129172,abusive,0.2110827561064528,1.7004223549583308,49.587328165523786,6.129145349606084,4.869750787774558,6.129145349606084,5.1145379530644846,-1.0146073965415994,True
129172,abusive,0.24751381215469614,0.6642045822745333,0.2493154643111295,4.727010545055611,4.7734516647084515,4.727010545055611,5.2024046756863935,0.4753941306307823,False
129172,abusive,0.1147597411537932,1.1747142052591188,-0.2405720042179057,3.3227253332450664,3.2891942080708034,3.3227253332450664,3.4062067136853393,0.08348138044027298,False
129172,abusive,0.18675054059367013,0.7461706098677314,0.5037844866178494,4.771979690530516,4.940597700356623,4.771979690530516,5.507034974886265,0.7350552843557487,False
129172,abusive,0.22324723247232472,1.9142123519910015,-1.1235748652554376,6.549288484061684,6.07523888997142,6.549288484061684,4.947919765884076,-1.601368718177608,True
129172,abusive,0.26307168955524757,1.1549495549657092,0.23642202515823274,5.350943486853128,3.928535112362108,5.350943486853128,5.718094420919949,0.36715093406682175,False
130112,abusive,0.07142857142857142,2.8206573025163078,-1.5222465480403942,0.7742402021815782,1.0514990744055563,0.7742402021815782,2.999192172969603,2.224951970788025,False
130841,abusive,0.2,3.3036633131100808,-1.384969436048045,0.7742402021815782,1.4909439898728003,0.7742402021815782,2.8176186411405935,2.0433784389590155,False
131296,abusive,0.4,4.095467449065781,0.8392444579038845,1.4180153671552183,1.2372417247800989,1.4180153671552183,1.294778139270455,-0.12323722788476332,False
131401,abusive,0.2857142857142857,2.3924997264719337,0.8844552250859352,1.075055681536833,1.396943264023653,1.075055681536833,1.4098509682511673,0.33479528671433423,False
131406,abusive,0.8,3.5096004016902613,-1.1593936693228821,0.7742402021815782,0.8553332238032111,0.7742402021815782,1.1325920960271891,0.35835189384561095,False
131550,abusive,0.005476673427991886,1.5077657363179828,1.2792884068466635,2.402303310213575,4.186314176022325,2.402303310213575,7.449660855773034,5.047357545559459,False
131550,abusive,0.011958762886597939,1.654458573715754,1.5694605390767,6.273361469374751,6.987840057433625,6.273361469374751,7.85359451607417,1.5802330466994192,False
131550,abusive,0.00594732370433305,2.3915046785655716,0.863452247441987,7.2779385729456605,7.2779385729456605,7.2779385729456605,8.204259455907337,0.9263208829616767,False
131550,abusive,0.021547502448579822,2.854011280578463,0.35871324982993347,5.910796644040527,6.1463190709675,5.910796644040527,5.333654837562314,-0.5771418064782132,False
131839,abusive,0.07142857142857142,3.6555616591505613,-2.685604960771531,0.8553332238032111,1.156148703158466,0.8553332238032111,3.488367790925124,2.633034567121913,False
132050,abusive,0.6666666666666666,3.857731713983083,-1.6282881613686997,0.9574983485564091,0.8553332238032111,0.9574983485564091,1.1772208062900311,0.21972245773362198,False
132050,abusive,1.0,2.2499854441548233,0.00763958401616005,1.038591370178042,0.9128696382935673,1.038591370178042,1.2583138279116641,0.2197224577336221,False
132050,abusive,0.6666666666666666,2.6993643918092567,-0.16120836378801817,1.7210408137477902,1.7661086021233192,1.7210408137477902,1.8604380051212122,0.139397191373422,False
132050,abusive,1.0,1.87602591959927,2.8404991595705864,2.0562751785748117,1.2347572207803874,2.0562751785748117,0.7742402021815782,-1.2820349763932335,True
132050,abusive,0.3333333333333333,2.261082966114509,-0.6228832353582234,1.4544796785140093,1.8169554298001676,1.4544796785140093,2.371473174248124,0.9169934957341146,False
132050,abusive,1.0,2.1166661034621668,-0.030082685337753823,1.4258595097858746,1.7487701124060486,1.4258595097858746,1.6977587433789079,0.27189923359303325,False
132050,abusive,1.0,2.0146214088378054,0.9399424344944194,1.5931091146259981,1.4042167928578282,1.5931091146259981,1.2476649250079015,-0.34544418961809664,False
132050,abusive,1.0,1.951659001236342,-0.30276179492821464,1.851749902236774,1.4309230713827326,1.851749902236774,2.103518305151124,0.2517684029143501,False
132050,abusive,1.0,2.9968568374367783,0.6810826856378314,1.1901285105175454,0.8553332238032111,1.1901285105175454,1.2136851176488221,0.02355660713127672,False
132050,abusive,1.0,2.6833071756765343,1.8733429417843603,1.9746469018730213,1.2820349763932335,1.9746469018730213,1.038591370178042,-0.9360555316949792,True
132055,abusive,0.25,4.992114665476289,-2.5609898580851183,1.2445152536142738,1.1772208062900311,1.2445152536142738,1.0247927958806518,-0.2197224577336221,False
132055,abusive,0.05555555555555555,0.4301587119027704,0.7594644103565644,4.43559033988663,3.2842237294777386,4.43559033988663,2.76268567835199,-1.6729046615346403,True
132055,abusive,0.18181818181818182,1.7620767051013746,-0.13971983079832295,1.9483113370779814,2.1270749122824006,1.9483113370779814,2.1385888826466966,0.19027754556871512,False
132055,abusive,0.4,1.8185998678427637,-0.1969200430655884,1.8703679868499765,2.3950297813794004,1.8703679868499765,2.1369291220837576,0.2665611352337811,False
132055,abusive,0.0425531914893617,1.5482778923399438,-0.8118322191589271,2.2410081370401858,2.232843738136135,2.2410081370401858,3.5491893981806273,1.3081812611404415,False
132055,abusive,0.10344827586206896,0.7887953797384352,-0.03301843980303654,3.48607636698896,3.9532682185764427,3.48607636698896,3.5597343368371512,0.0736579698481914,False
132082,abusive,0.02127659574468085,3.163789369212418,-1.0817640315991026,1.5120160930043656,1.404216792857828,1.5120160930043656,1.498217518706975,-0.013798574297390509,False
132522,abusive,0.8571428571428571,2.233014871081754,-0.30708127241623573,1.2922936352707435,1.2476649250079015,1.2922936352707435,1.6977587433789079,0.4054651081081644,False
132524,abusive,1.0,2.937668313045149,-0.34246238583573163,1.3158502424020202,1.038591370178042,1.3158502424020202,1.4098509682511673,0.0940007258491471,False
132524,abusive,0.2857142857142857,3.014043683049727,-1.1794070333472997,1.2583138279116641,1.5484804043631564,1.2583138279116641,1.962974978835905,0.7046611509242409,False
132524,abusive,0.041666666666666664,1.8654073373579252,-0.3378895888315143,2.0429283962346103,1.799923868132106,2.0429283962346103,2.5336592174913894,0.49073082125677914,False
132568,abusive,1.0,3.0781456912608904,-0.94739964540357,1.1901285105175454,1.2476649250079015,1.1901285105175454,1.4309230713827326,0.24079456086518713,False
132568,abusive,0.25,1.8990901080275073,0.050804324132642575,1.752810653869553,1.498217518706975,1.752810653869553,1.6814756650818061,-0.0713349887877468,False
132701,abusive,0.08823529411764706,2.6147202139361276,-1.226350040247236,0.7742402021815782,1.7210408137477902,0.7742402021815782,3.2873188943938763,2.5130786922122983,False
133537,abusive,0.2,2.374816889456608,0.0,1.0986122886681098,1.2007774134213078,1.0986122886681098,1.0986122886681098,0.0,False
133957,abusive,0.5,1.9921874262647044,0.33487923025586497,1.6239392505914503,1.1536641991587544,1.6239392505914503,1.352314553760811,-0.2716246968306393,False
133957,abusive,0.25,4.028632611598439,-1.6990520013363812,1.038591370178042,1.404216792857828,1.038591370178042,1.4415719742864952,0.40298060410845316,False
133957,abusive,0.25,4.822280309126215,-2.256449367150618,1.221849516552873,1.493474213383512,1.221849516552873,1.119684391799675,-0.10216512475319806,False
133957,abusive,0.16666666666666666,4.138567669744334,-1.9367557843852894,0.8553332238032111,1.3604789526648622,0.8553332238032111,1.3328818040700816,0.4775485802668705,False
133957,abusive,0.2,2.8615736328390975,-1.0636201416590656,1.3775105143329234,1.7143362753400613,1.3775105143329234,2.0808525680897234,0.7033420537568,False
133957,abusive,0.18181818181818182,1.7370309013408527,0.19951956138563287,1.938553304244095,2.063384166058694,1.938553304244095,1.8672183154563484,-0.07133498878774658,False
133957,abusive,0.08333333333333333,2.3928445536824947,-0.12580529976451693,1.8647338114566374,2.2004199682408476,1.8647338114566374,1.4544796785140093,-0.41025413294262814,False
133957,abusive,0.16666666666666666,2.2656207441582707,0.7312360932785076,1.2476649250079015,1.579310540328608,1.2476649250079015,1.1901285105175454,-0.05753641449035607,False
133957,abusive,1.0,4.6815495114579875,0.6140442319928807,0.7742402021815782,0.9128696382935673,0.7742402021815782,0.8764053269347762,0.10216512475319806,False
134595,abusive,0.4416961130742049,1.6826525460213237,0.26914480077637415,2.0942143020241457,4.168681571734529,2.0942143020241457,2.422580834127542,0.3283665321033964,False
135249,abusive,1.0,2.4701583946071395,-0.20453765044886785,0.9704060527839233,1.1090354888959124,0.9704060527839233,1.2476649250079015,0.27725887222397816,False
135834,abusive,0.5,3.10881278368925,-0.25849143148694465,1.038591370178042,0.9128696382935673,1.038591370178042,1.119684391799675,0.08109302162163301,False
135834,abusive,0.14285714285714285,2.3565967190104202,1.0313311839814632,1.2347572207803874,1.220958646482997,1.2347572207803874,1.2922936352707435,0.05753641449035607,False
135834,abusive,0.2,2.799677331115985,-0.1538421250232327,0.9128696382935673,1.4544796785140093,0.9128696382935673,1.5695525074947216,0.6566828692011544,False
135834,abusive,0.16666666666666666,2.281591966745754,-0.4119081513881979,1.3815510557964275,1.5664028361010938,1.3815510557964275,1.9786874433365256,0.5971363875400981,False
135834,abusive,0.2,2.104484331154482,0.4202878827750558,1.5802014103984843,1.4180153671552183,1.5802014103984843,1.6110315463639355,0.030830135965451255,False
135834,abusive,1.0,2.614720213936127,1.628140226919323,0.7742402021815782,0.9939626599152002,0.7742402021815782,1.0150347630467653,0.24079456086518713,False
135834,abusive,0.25,5.37049261063194,-0.8172122100660779,0.7742402021815782,1.0150347630467653,0.7742402021815782,0.9128696382935673,0.13862943611198908,False
136480,abusive,0.046984672682996706,4.126423554492602,-2.2190611574834014,9.555277855733156,9.544256624827476,9.555277855733156,6.247331783517813,-3.3079460722153424,True
136480,abusive,0.009109311740890687,3.7679900315551174,-0.2754783262848668,7.314280016914725,7.55552326919924,7.314280016914725,7.0437314893688425,-0.2705485275458823,False
136480,abusive,0.007028112449799197,3.857081160452114,-0.4804822715241448,7.444534904581881,7.030328969316498,7.444534904581881,7.031250321595353,-0.41328458298652837,False
136480,abusive,0.000722543352601156,2.9537672515946056,0.8774605727629661,6.921692176602105,7.227104533286701,6.921692176602105,7.540905855618237,0.6192136790161324,False
136480,abusive,0.010646108663729809,4.2680225742010744,-0.7699635766873345,8.139497532910006,7.806191578043695,8.139497532910006,7.882286043703816,-0.2572114892061901,False
136480,abusive,0.024322169059011165,2.0419476618438694,1.0807007997444722,6.0075796977239,7.379525619450051,6.0075796977239,6.994123982633958,0.9865442849100585,False
136480,abusive,0.018757612667478683,4.087870171175811,-0.4298517056036002,7.9746330667620295,8.856236840449762,7.9746330667620295,6.389977355841475,-1.5846557109205541,True
136480,abusive,0.0007900677200902935,3.6014717240290572,1.2828773039768802,7.340441686829121,7.70933975009955,7.340441686829121,9.796642172969225,2.456200486140104,False
136480,abusive,0.0005235602094240838,4.064612513764759,-1.2656640344426044,9.13481404419598,9.218813681806894,9.13481404419598,7.347902786020218,-1.7869112581757625,True
136480,abusive,0.02553191489361702,2.3521424312669943,1.774704804061324,6.830629858017774,8.725853774591439,6.830629858017774,9.240612744141904,2.40998288612413,False
136480,abusive,0.0587516960651289,4.514875799429722,0.21385527160065454,9.383033795088377,9.419626817194082,9.383033795088377,9.115331469152183,-0.2677023259361935,False
136480,abusive,0.015321289732449119,4.351175483324505,-0.013450210183316713,8.655692155212067,8.70719187931758,8.655692155212067,8.300120686920375,-0.35557146829169284,False
136480,abusive,0.004340962904498816,4.518307550794383,-0.45272421585518696,8.89811730124337,9.331324300391806,8.89811730124337,8.583237044741796,-0.31488025650157425,False
136480,abusive,0.18782591255515443,4.692478220916271,-0.002966467530049144,9.688985923093636,7.842729116897611,9.688985923093636,9.235810129796947,-0.45317579329668867,False
136480,abusive,0.2175609756097561,4.670722816506414,-0.44357890518666565,9.276636646045223,8.410975385727,9.276636646045223,8.85580668737036,-0.4208299586748634,False
136480,abusive,0.01791420548077854,4.083230622089893,0.13963350513793493,8.383677808855166,7.52040647392657,8.383677808855166,8.619420681724876,0.23574287286970907,False
136480,abusive,0.03470861140744784,3.6011175193828153,0.2634860590003347,7.884721017439814,6.077374798925555,7.884721017439814,8.02582226930241,0.1411012518625956,False
136480,abusive,0.3582859549378817,4.782192625078672,0.2949678792638224,9.459580247273891,9.168593358588177,9.459580247273891,9.671156720425653,0.2115764731517622,False
136480,abusive,0.0036661371135280458,3.6920812851922413,0.7019567332154644,7.250080013481119,6.556356615701302,7.250080013481119,9.098655255159315,1.848575241678196,False
136480,abusive,0.143266622306393,4.879052602842913,-0.015845617216664998,9.765135569782665,9.175571160340303,9.765135569782665,9.213534618934435,-0.5516009508482291,False
136480,abusive,0.19583718778908418,4.840905887896127,0.23588962657872248,9.57828059435758,8.134042852704994,9.57828059435758,10.102932715301554,0.5246521209439745,False
136480,abusive,0.026804295346707734,4.749215650996888,-0.5021052278806701,9.55003570381117,9.819510112926514,9.55003570381117,8.763990361064879,-0.7860453427462915,True
136480,abusive,0.0018022446137462111,4.881029916736164,0.1207035561732841,9.891426839785908,9.773023770906082,9.891426839785908,10.020828971434472,0.12940213164856473,False
136480,abusive,0.021329285828407093,3.9817693440857105,0.8004186621818552,8.403188024374046,8.885569516245306,8.403188024374046,9.775634432207159,1.3724464078331131,False
136480,abusive,0.06751242374045494,4.186109595787446,0.023367923401549362,8.637645620879624,8.494018377820764,8.637645620879624,9.591515618061628,0.9538699971820037,False
136833,abusive,1.0,2.653716073655685,1.0692587514904446,0.8317766166719343,0.6931471805599453,0.8317766166719343,0.7742402021815782,-0.05753641449035607,False
136833,abusive,1.0,3.3631872400763316,-0.16089956037883946,1.3158502424020202,0.9128696382935673,1.3158502424020202,0.9128696382935673,-0.40298060410845293,False
136833,abusive,0.2,4.656549248049975,-2.580028308932831,0.8553332238032111,1.0514990744055563,0.8553332238032111,1.5181704247377161,0.662837200934505,False
136833,abusive,0.13333333333333333,4.596573416930096,-1.1438305903358899,0.936426245424844,0.9574983485564091,0.936426245424844,1.5867593749630822,0.6503331295382382,False
136835,abusive,1.0,3.2786630497020703,1.6088235503360964,0.8553332238032111,0.9574983485564091,0.8553332238032111,0.7742402021815782,-0.0810930216216329,False
136835,abusive,1.0,3.1589956086974973,0.06976883723151195,1.0150347630467653,0.6931471805599453,1.0150347630467653,0.8764053269347762,-0.13862943611198908,False
136835,abusive,0.02040816326530612,2.41018256348726,-0.8302302966623782,1.0514990744055563,1.3349122783628853,1.0514990744055563,2.354934831079101,1.3034357566735448,False
136835,abusive,1.0,2.7397014999961056,0.6239376442338549,0.9939626599152002,0.7742402021815782,0.9939626599152002,0.6931471805599453,-0.3008154793552549,False
137321,abusive,0.012256014525646845,1.0000738609902382,0.375189451890624,3.0558531670523887,2.6603661730430757,3.0558531670523887,4.512720460953718,1.456867293901329,False
137321,abusive,0.017189079878665317,1.1061538560230122,-0.08908869590526591,5.377408597191365,2.912119444817055,5.377408597191365,4.933426595067021,-0.44398200212434347,False
137321,abusive,0.01293103448275862,1.600257305027554,-0.4326615086344636,2.189105897943169,2.997655992087156,2.189105897943169,5.4478040317643694,3.2586981338212007,False
137321,abusive,0.022222222222222223,1.3079080151227465,-0.1343657796466422,3.710509310051556,4.544921515519825,3.710509310051556,5.488936256329181,1.7784269462776248,False
137321,abusive,0.014492753623188406,1.2821252542217412,-0.24307283445220706,5.662433770273028,5.462964327975651,5.662433770273028,4.541447636435889,-1.120986133837139,True
137321,abusive,0.03353658536585366,0.7769349968262318,-0.11010914290781848,4.725635278492732,4.8579611804900305,4.725635278492732,4.570492265641056,-0.15514301285167598,False
137321,abusive,0.034782608695652174,1.155734444419186,0.31626221739216076,5.489455146588919,6.113468928309768,5.489455146588919,5.9497060520062215,0.4602509054173023,False
137372,abusive,0.2,3.3636391442299605,-1.4773224604705912,0.6931471805599453,0.936426245424844,0.6931471805599453,2.8928993685476896,2.199752187987744,False
137806,abusive,1.0,0.5800378784214282,1.7083252874533204,3.9357092498957464,4.0684846095477125,3.9357092498957464,1.220958646482997,-2.7147506034127495,True
138214,abusive,0.0,1.7348612431761379,0.9817662568487875,1.9879253198304003,2.731524179370032,1.9879253198304003,2.7031511808556443,0.715225861025244,False
138214,abusive,0.015952597994530537,0.8239497022619444,0.5332011707978124,3.3493280616665215,2.8328048579244602,3.3493280616665215,4.546360897342214,1.1970328356756923,False
138214,abusive,0.01744186046511628,0.782403078359453,0.5234046761108958,4.987575362537588,5.506734094087863,4.987575362537588,2.9449537236948498,-2.0426216388427383,True
138214,abusive,0.011204481792717087,2.2074715561867295,-1.0812938111240404,2.2978945167190905,3.193932121145389,2.2978945167190905,5.3681382347489635,3.070243718029873,False
138214,abusive,0.0160857908847185,0.9412059530791618,0.32356329949592333,4.526513649802175,5.673751354503245,4.526513649802175,5.636564084932756,1.1100504351305807,False
138214,abusive,0.03827751196172249,0.6710324495869904,0.1721768972276263,4.215515048240203,4.502599079460559,4.215515048240203,4.537450951713171,0.3219359034729683,False
138214,abusive,0.035211267605633804,0.8803852074763675,0.25717657828148444,4.9477966864921274,4.723049603926883,4.9477966864921274,5.45539017802714,0.5075934915350127,False
138214,abusive,0.020161290322580645,1.4173893390934653,-0.29878236073810815,5.863529079991992,5.918592817027653,5.863529079991992,5.463609827348032,-0.39991925264396055,False
138752,abusive,0.25,2.479845515635177,-0.1050286261785689,0.9574983485564091,1.0514990744055563,0.9574983485564091,1.0986122886681098,0.14111394011170064,False
138754,abusive,0.3333333333333333,2.5547443828162475,0.8948801877541337,0.8553332238032111,0.9939626599152002,0.8553332238032111,0.8553332238032111,0.0,False
138770,abusive,0.16666666666666666,2.88863081260165,-0.8496973390152598,1.9099331355159606,1.359588082594986,1.9099331355159606,1.5695525074947216,-0.3403806280212389,False
138770,abusive,0.1724137931034483,1.6808356192474008,-0.13331186167948061,2.0612564864176828,2.287502405136071,2.0612564864176828,2.2595500166610387,0.19829353024335594,False
138770,abusive,0.3333333333333333,1.766436919989357,0.35644871233184205,1.9606892396711804,1.6635532333438685,1.9606892396711804,1.4544796785140093,-0.5062095611571711,False
138770,abusive,0.2727272727272727,1.9439257580064784,-0.019893614173988716,1.6979232847292007,1.528024634539073,1.6979232847292007,1.521774125838252,-0.17614915889094873,False
138770,abusive,0.2777777777777778,1.746071032039172,0.17330114293309906,1.9764936370624107,1.3924486928532416,1.9764936370624107,1.722063833881144,-0.2544298031812666,False
138770,abusive,0.25,1.8965997810272301,-0.010881338870153634,1.8201051011937952,1.781630722664304,1.8201051011937952,1.7718726898304176,-0.048232411363377636,False
138770,abusive,0.21428571428571427,1.9762138496187245,0.0,1.6506455291163544,1.220958646482997,1.6506455291163544,1.6506455291163544,0.0,False
138770,abusive,0.23076923076923078,1.8560116070460502,1.0087143249375627,1.8201051011937952,2.039827558927417,1.8201051011937952,1.3733866568923765,-0.4467184443014187,False
138770,abusive,0.25,1.729882276171557,-0.003456060911910974,1.9982996859717683,1.5370487215951667,1.9982996859717683,1.9484758784282739,-0.04982380754349447,False
138771,abusive,0.6,2.204171062382625,-0.602041346985934,1.6075732469419237,1.643001286552315,1.6075732469419237,1.8396535581483824,0.23208031120645867,False
138771,abusive,0.6153846153846154,1.8105087069687773,1.0399435140683133,1.8703679868499765,1.6028671474598848,1.8703679868499765,1.4098509682511673,-0.4605170185988092,False
138771,abusive,0.6,1.9470704137937667,0.9777859070488784,1.6839601690815176,1.1869788391239176,1.6839601690815176,1.4991083887768513,-0.1848517803046663,False
138771,abusive,0.35714285714285715,1.9766605887946322,1.2178792061467278,1.6577068918827833,1.6121711505868632,1.6577068918827833,1.1772208062900311,-0.4804860855927522,False
138771,abusive,0.3333333333333333,1.897271615117446,0.9787469860678064,1.8378642009504216,1.2244985619028772,1.8378642009504216,1.4098509682511673,-0.4280132326992543,False
138771,abusive,0.3125,1.8990901080275073,0.635619860232971,1.752810653869553,1.7339485179753045,1.752810653869553,1.8842498771244098,0.1314392232548569,False
138771,abusive,0.2857142857142857,2.3399425413260873,-0.4964854307314779,1.4277733999891047,1.499108388776851,1.4277733999891047,1.8365527208411894,0.4087793208520847,False
138771,abusive,0.19047619047619047,1.8588230829962256,0.3576449117343099,2.392902101738389,2.4561061112896367,2.392902101738389,1.7718726898304176,-0.6210294119079716,True
138771,abusive,0.1875,1.5574757905258336,0.6871649822321146,2.2447284222302946,1.8574602826224624,2.2447284222302946,1.3862943611198906,-0.858434061110404,True
138771,abusive,0.36666666666666664,2.248645400901456,0.5769610920470871,1.5566448032672073,1.7785772282381465,1.5566448032672073,1.5972329720665452,0.04058816879933791,False
138771,abusive,0.2222222222222222,1.8986572666598864,0.9419741222752991,1.762568686703439,1.383144689726263,1.762568686703439,1.404216792857828,-0.35835189384561095,False
138771,abusive,0.25,2.8392428556608174,-1.21417371416304,1.4098509682511673,1.6952742393791964,1.4098509682511673,2.1379521422171113,0.728101173965944,False
138771,abusive,0.15,1.7190359017237231,0.08107104070509874,1.9741928721661135,1.2445152536142736,1.9741928721661135,1.8589363040819868,-0.11525656808412665,False
138771,abusive,0.25,3.904333183371146,-1.5054434702561719,1.0514990744055563,0.7742402021815782,1.0514990744055563,1.1772208062900311,0.12572173188447477,False
139269,abusive,1.0,2.0820253376133153,0.0,1.498217518706975,1.3862943611198906,1.498217518706975,1.498217518706975,0.0,False
139810,abusive,0.18181818181818182,2.0820253376133153,-0.1686633206630721,1.498217518706975,1.6506455291163544,1.498217518706975,1.7339485179753045,0.2357309992683294,False
140393,abusive,0.26666666666666666,2.1489609099958575,-0.4652631314505815,1.893924593981253,1.8801260196838627,1.893924593981253,2.0684001029380985,0.1744755089568455,False
140393,abusive,0.23529411764705882,2.4101825634872593,-0.6523223395771691,1.0514990744055563,1.440681104216619,1.0514990744055563,1.958734537305784,0.9072354629002277,False
140393,abusive,0.3157894736842105,1.7883640261437257,0.1118841442931584,1.9189572225720544,1.843661708325072,1.9189572225720544,1.7552951578692642,-0.1636620647027902,False
140393,abusive,0.2608695652173913,2.0820253376133153,-0.10581148799459084,1.498217518706975,2.307156449422631,1.498217518706975,1.6506455291163544,0.15242801040937937,False
140393,abusive,0.3333333333333333,2.017485859991872,-0.11263517306971771,1.5931091146259984,1.5886145434555867,1.5931091146259984,1.7477470922726948,0.1546379776466964,False
140393,abusive,0.19230769230769232,2.058817028091077,0.023208309522237958,1.537782667372959,1.7575051251065812,1.537782667372959,1.498217518706975,-0.03956514866598404,False
140393,abusive,0.25,2.0035582149068487,0.06523733890827188,1.6239392505914498,1.6814756650818061,1.6239392505914498,1.5249237972318797,-0.09901545335957018,False
140393,abusive,0.5555555555555556,4.096274675639781,-2.0319231252210983,0.9128696382935673,2.1232874720784505,0.9128696382935673,1.5280246345390727,0.6151549962455054,False
140393,abusive,0.3225806451612903,2.1516882897612324,0.48352862364020677,1.404216792857828,1.6814756650818061,1.404216792857828,1.7005377010426712,0.29632090818484325,False
140757,abusive,0.03225806451612903,2.6147202139361276,-2.158988897263207,0.7742402021815782,2.2063705598707175,0.7742402021815782,4.464998008296879,3.6907578061153012,False
140757,abusive,0.5,0.5194552689811562,1.2835658017676537,3.9389784087307205,2.039827558927417,3.9389784087307205,1.8882904185879137,-2.050687990142807,True
140757,abusive,0.20588235294117646,1.5218796546625117,-0.7717978231217001,2.278612052621904,2.4038136281663673,2.278612052621904,3.623595956770946,1.344983904149042,False
140757,abusive,0.07228915662650602,0.9992811971448587,-0.23658216410306343,3.078293890026676,3.875985152870249,3.078293890026676,3.2969029927894966,0.21860910276282075,False
141160,abusive,0.5,2.0820253376133153,0.7386319649029929,1.498217518706975,0.7742402021815782,1.498217518706975,0.7742402021815782,-0.7239773165253969,True
141177,abusive,0.375,2.6093466109578243,-1.6301649776893696,1.0961277846683983,1.499108388776851,1.0961277846683983,3.5657507905083334,2.469623005839935,False
143134,abusive,0.16666666666666666,3.4076646277697358,-2.41491989740729,1.1325920960271891,1.6857161066119268,1.1325920960271891,3.5865770947881854,2.4539849987609963,False
145864,abusive,0.3333333333333333,2.374816889456608,1.0148318499938935,1.0986122886681098,0.8553332238032111,1.0986122886681098,0.936426245424844,-0.1621860432432658,False
145864,abusive,1.0,2.224465813557255,0.15149352742790523,1.4180153671552183,1.433407575382444,1.4180153671552183,1.3158502424020202,-0.10216512475319806,False
145864,abusive,0.14285714285714285,3.2012886028020517,-0.7801253652390381,0.9574983485564091,1.258313827911664,0.9574983485564091,1.3604789526648622,0.40298060410845304,False
145864,abusive,0.07142857142857142,2.0493135794532034,-0.3838484370580002,1.587474939232659,1.1634222319926408,1.587474939232659,2.180941499039118,0.5934665598064588,False
145864,abusive,1.0,2.3104214197346615,1.8556855335304578,1.5802014103984843,1.1634222319926408,1.5802014103984843,1.30205166810463,-0.27814974229385436,False
145864,abusive,1.0,2.6147202139361276,1.7561086148043596,0.7742402021815782,0.9128696382935673,0.7742402021815782,0.8317766166719343,0.05753641449035607,False
145864,abusive,0.5,4.027581979995903,-1.6985669891960358,0.7742402021815782,0.9128696382935673,0.7742402021815782,1.3604789526648622,0.586238750483284,False
145865,abusive,0.037037037037037035,2.5124513887116935,-2.0743913452699805,0.9128696382935673,1.6612944320201168,0.9128696382935673,4.480481033957476,3.567611395663909,False
145865,abusive,0.4,1.5495039420161425,0.1700158116891204,2.23936878359935,1.6203355494909144,2.23936878359935,2.0033632475686263,-0.23600553603072383,False
145865,abusive,0.038461538461538464,1.0223605014995618,-0.4183361932613281,3.1258405474383757,3.6523555338729805,3.1258405474383757,3.7838109429290876,0.6579703954907119,False
146003,abusive,1.0,2.233014871081754,0.032605873076516634,1.2922936352707435,0.9704060527839233,1.2922936352707435,1.2476649250079015,-0.044628710262841986,False
146037,abusive,0.030927835051546393,2.614720213936127,-2.2472802777001912,0.7742402021815782,2.5443867141721404,0.7742402021815782,4.394551115540111,3.6203109133585327,False
146037,abusive,0.35714285714285715,0.8664795660195536,1.3229380713446703,3.3257837309441762,2.1472793350942463,3.3257837309441762,1.3604789526648622,-1.965304778279314,True
146037,abusive,0.3076923076923077,1.7970205316618828,-1.1754192936995764,1.8935538802513885,2.4461276841617483,1.8935538802513885,3.568743063536366,1.6751891832849775,False
146037,abusive,0.10256410256410256,1.006412223364677,-0.34283480816168765,3.0466979230701314,3.900904894464034,3.0466979230701314,3.703182765975189,0.6564848429050576,False
146457,abusive,0.14285714285714285,3.5532928339261276,-2.2822934601741887,0.9939626599152002,1.0961277846683983,0.9939626599152002,2.808790410074356,1.8148277501591559,False
146667,abusive,0.13043478260869565,5.165053598030331,0.11887696877575493,2.5838044906772595,2.909161800831002,2.5838044906772595,2.008997422961966,-0.5748070677152937,False
147084,abusive,0.14285714285714285,2.4844601955262364,-0.5710914593992766,2.351832069501567,1.4544796785140093,2.351832069501567,2.62031781563757,0.26848574613600285,False
147573,abusive,0.03680981595092025,2.0917124586413527,-0.21811540406708874,1.485309814479461,2.1086467912737916,1.485309814479461,3.674094971624354,2.188785157144893,False
147573,abusive,1.0,4.052582243403913,-1.4378620294677855,0.6931471805599453,0.6931471805599453,0.6931471805599453,0.7742402021815782,0.0810930216216329,False
147740,abusive,0.06451612903225806,2.7706980754902926,-1.2698375942037332,0.8764053269347762,1.1486006375618962,0.8764053269347762,2.413030806894327,1.5366254799595507,False
149244,abusive,0.23076923076923078,1.7621861803004506,-0.264780258759032,2.278612052621904,1.9514610084716093,2.278612052621904,2.2983812195492304,0.01976916692732633,False
149244,abusive,0.3181818181818182,1.9961351097912299,0.562936260233805,1.6239392505914498,1.8832756910774908,1.6239392505914498,1.7976392641990113,0.1737000136075615,False
149244,abusive,0.5833333333333334,1.7788989631874899,0.0762972217817075,1.9228408397434749,1.3862943611198906,1.9228408397434749,1.8124608586297555,-0.11037998111371938,False
149244,abusive,0.25,1.556676024381089,0.5301402953253165,2.256349948391751,1.6368469548189641,2.256349948391751,1.498217518706975,-0.758132429684776,True
149244,abusive,0.29411764705882354,1.6179912584357878,0.06764136281803212,2.16105471964148,1.5695525074947216,2.16105471964148,2.0479919578314685,-0.11306276181001174,False
149244,abusive,0.21212121212121213,1.683909777556592,1.568480251888172,2.063384166058694,1.4673873827415236,2.063384166058694,2.0536261332248076,-0.009758032833886432,False
149244,abusive,0.1875,2.0054897383858834,-0.21175742089140326,1.6101406762940595,1.7446462549655017,1.6101406762940595,1.9035650143448286,0.29342433805076906,False
149244,abusive,0.35714285714285715,2.1776697145302277,-0.31690696455295564,1.3733866568923763,1.7876013152942403,1.3733866568923763,2.3155627849744174,0.9421761280820411,False
149244,abusive,0.37037037037037035,2.163351918933837,-0.3109353299050306,1.3862943611198906,1.4258595097858746,1.3862943611198906,1.8201051011937952,0.43381074007390463,False
149244,abusive,0.3333333333333333,1.9133620169502432,0.2498840168999985,1.7339485179753045,1.3559843814944506,1.7339485179753045,1.4309230713827326,-0.3030254465925719,False
149244,abusive,0.15,1.928902479126333,0.38869838016453007,1.7240943081739477,0.8317766166719343,1.7240943081739477,1.1772208062900311,-0.5468735018839166,True
150702,abusive,0.175,2.0586254971067355,-0.22316897244312162,1.5463861443896973,2.198409901070147,1.5463861443896973,2.1481816444504997,0.6017955000608024,False
151243,abusive,0.1,1.6442396397313743,-0.03166225804129619,2.1029981488111127,2.1476268590739545,2.1029981488111127,2.147626859073955,0.04462871026284221,False
151249,abusive,1.0,1.9595815531881873,-0.8211762575390402,1.668567960854292,2.275462381228276,1.668567960854292,2.839284128803211,1.1707161679489189,False
152137,abusive,0.25,2.1307460458573204,-0.17034833852856046,1.4309230713827326,1.3862943611198906,1.4309230713827326,1.6506455291163544,0.21972245773362187,False
152418,abusive,0.25,2.494768551696368,0.7066259361892793,0.936426245424844,0.8553332238032111,0.936426245424844,0.9128696382935673,-0.02355660713127672,False
152576,abusive,1.0,4.65928951103118,-2.146838122319487,0.9704060527839233,0.7742402021815782,0.9704060527839233,0.9128696382935673,-0.05753641449035607,False
152805,abusive,0.5,2.193822816751138,0.18099407270546974,1.4334075753824442,1.0986122886681098,1.4334075753824442,1.0986122886681098,-0.33479528671433445,False
153492,abusive,1.0,2.309713916075391,-0.2706563826026218,1.1901285105175454,0.9574983485564091,1.1901285105175454,1.5566448032672073,0.3665162927496619,False
153492,abusive,0.5,2.2702008939600296,0.9311935939256166,1.2136851176488221,0.9939626599152002,1.2136851176488221,0.9128696382935673,-0.3008154793552549,False
153492,abusive,0.5,2.144633315882649,0.94783473922856,1.4277733999891047,0.9704060527839233,1.4277733999891047,1.221849516552873,-0.20592388343623158,False
153492,abusive,1.0,2.872044688987767,-0.6454575320454641,1.3733866568923765,1.359588082594986,1.3733866568923765,1.30205166810463,-0.07133498878774658,False
153492,abusive,0.1111111111111111,2.1538592463741173,-0.17013943798284137,1.5120160930043653,1.6474958577227266,1.5120160930043653,1.9345127627805911,0.4224966697762258,False
153492,abusive,0.2,2.016252149150118,0.15297156314705784,1.5931091146259984,1.9020889928853044,1.5931091146259984,1.8169554298001676,0.2238463151741692,False
153492,abusive,0.043478260869565216,1.100018843083788,0.2479153417361628,2.9073432773942622,2.8982616200378213,2.9073432773942622,2.647709026338748,-0.2596342510555143,False
153492,abusive,1.0,2.317600859290863,0.7815248033703499,1.1772208062900311,1.220958646482997,1.1772208062900311,1.0514990744055563,-0.12572173188447477,False
153492,abusive,0.25,2.9219579702557077,-0.6889430991739531,1.2922936352707435,1.726104375344648,1.2922936352707435,1.2922936352707435,0.0,False
153492,abusive,1.0,3.2163767645967334,-0.0782552422159637,1.0247927958806518,0.8553332238032111,1.0247927958806518,1.1090354888959124,0.08424269301526066,False
153640,abusive,1.0,3.3036633131100808,-0.8984052098238675,0.7742402021815782,0.936426245424844,0.7742402021815782,1.1772208062900311,0.40298060410845293,False
153640,abusive,0.3333333333333333,3.1339953452894873,-0.8310060672277082,1.0961277846683983,0.8553332238032111,1.0961277846683983,1.3158502424020202,0.21972245773362187,False
153640,abusive,0.2,3.202583700553011,-0.947272975705395,1.383144689726263,1.075055681536833,1.383144689726263,1.5453307329695287,0.1621860432432658,False
153640,abusive,1.0,2.444878121727034,-0.025008437211736734,1.2712215321391782,1.1942523679580925,1.2712215321391782,1.038591370178042,-0.23263016196113617,False
153640,abusive,0.2,2.375251558930406,-0.8304753145421155,1.2445152536142738,1.5515812416703494,1.2445152536142738,2.2348742124289385,0.9903589588146646,False
153640,abusive,0.14285714285714285,2.7706980754902926,-0.8780861048256114,0.8764053269347762,1.7634595567733151,0.8764053269347762,1.762568686703439,0.8861633597686627,False
153640,abusive,1.0,3.95031341817948,-0.1114015354341169,0.8317766166719343,1.0961277846683983,0.8317766166719343,0.9436997742590189,0.1119231575870846,False
153640,abusive,0.3333333333333333,4.275018665971665,0.22951690994475094,0.9128696382935673,1.1325920960271891,0.9128696382935673,0.8553332238032111,-0.05753641449035618,False
154293,abusive,0.25,2.055682064182219,0.10766985475161794,1.529938524742303,1.5695525074947216,1.529938524742303,1.3862943611198906,-0.1436441636224124,False
156676,abusive,0.10256410256410256,2.5124513887116935,-0.408949419112981,0.9128696382935673,0.9128696382935673,0.9128696382935673,1.8854126710974939,0.9725430328039266,False
156676,abusive,0.4,2.3765530969048583,-0.3559362898080942,2.0260289846300266,1.8262594329271458,2.0260289846300266,1.5931091146259981,-0.43291987000402843,False
156676,abusive,0.21212121212121213,1.520057301471907,1.1384644278534637,2.2983812195492304,1.4258595097858746,2.2983812195492304,1.6604035619502409,-0.6379776575989895,True
156676,abusive,0.20512820512820512,1.658370994626047,0.056690865488883135,2.089719730853734,1.542846228969817,2.089719730853734,2.0131212804025127,-0.07659845045122138,False
156676,abusive,0.3076923076923077,1.5502803436975405,0.5414321149438122,2.2519057740969997,1.6635532333438685,2.2519057740969997,1.485309814479461,-0.7665959596175387,True
156676,abusive,0.15,1.6246765525098144,0.4709592177284363,2.1425632974770963,1.6101406762940595,2.1425632974770963,1.454479678514009,-0.6880836189630872,True
156676,abusive,0.4166666666666667,1.8560116070460506,0.1494781313398328,1.8201051011937952,1.4309230713827328,1.8201051011937952,1.6101406762940595,-0.20996442489973566,False
156676,abusive,0.17647058823529413,1.9457259358190435,0.762774547662977,1.6979232847292007,1.5695525074947216,1.6979232847292007,1.5874749392326593,-0.11044834549654148,False
156676,abusive,0.23076923076923078,1.7959315991493878,0.14670716960236074,1.913323047178715,1.2476649250079015,1.913323047178715,1.7050322722130826,-0.20829077496563242,False
156676,abusive,0.3,2.0969574234951995,4.491944725644039,1.483395924276231,1.7031183820098525,1.483395924276231,1.9957190050045868,0.5123230807283559,False
156676,abusive,0.5,2.03342029513558,0.12993162379825707,1.579310540328608,1.9320282587808797,1.579310540328608,1.3862943611198906,-0.1930161792087175,False
157625,abusive,0.25,4.365803463730877,-2.189505016880416,0.7742402021815782,0.8317766166719343,0.7742402021815782,1.3702369854987486,0.5959967833171704,False
157625,abusive,0.3333333333333333,3.3397480077373523,-0.7414170777688334,1.2947781392704552,1.6742021362476311,1.2947781392704552,1.119684391799675,-0.1750937474707801,False
157625,abusive,1.0,3.3636391442299605,0.5989643938073592,0.6931471805599453,0.8553332238032111,0.6931471805599453,1.1151898206292632,0.4220426400693179,False
157625,abusive,1.0,3.093889747628059,-0.6661894616195045,1.0596634733096073,1.0961277846683983,1.0596634733096073,1.0247927958806518,-0.034870677428955554,False
157625,abusive,0.25,2.1236435216818776,-0.12362696009066232,1.4415719742864952,1.840058007224536,1.4415719742864952,1.7414965835718736,0.29992460928537845,False
157625,abusive,0.14285714285714285,3.0566675540626282,-1.3130905352009794,1.1058858175022848,1.454479678514009,1.1058858175022848,2.011481926961677,0.9055961094593923,False
157625,abusive,1.0,5.37049261063194,-0.848462539326091,0.7742402021815782,1.1325920960271891,0.7742402021815782,0.9939626599152002,0.21972245773362198,False
157625,abusive,1.0,4.633438865340541,-0.5420156059138339,0.9574983485564091,0.7742402021815782,0.9574983485564091,1.1634222319926408,0.2059238834362317,False
158011,abusive,1.0,2.193981283865787,0.11393245439703836,1.346680378367472,1.1090354888959124,1.346680378367472,1.1901285105175454,-0.15655186784992647,False
158554,abusive,0.4,2.4347927205764877,-0.1918409628533264,1.017519267046477,0.7742402021815782,1.017519267046477,1.3287579466295345,0.3112386795830575,False
158554,abusive,0.375,2.2676875780229224,-0.0390201344616945,1.2583138279116641,1.1325920960271891,1.2583138279116641,1.1772208062900311,-0.08109302162163301,False
158554,abusive,0.3333333333333333,2.7148010316909668,-0.7508447252572792,1.2712215321391782,1.880126019683863,1.2712215321391782,1.893924593981253,0.6227030618420748,False
158554,abusive,0.2222222222222222,1.960570574630686,2.300676692115739,1.982291144437061,1.2136851176488221,1.982291144437061,1.30205166810463,-0.6802394763324311,True
158554,abusive,0.056179775280898875,2.452369672508218,-2.002895740964178,1.038591370178042,2.1367092210170737,1.038591370178042,4.424003137686725,3.385411767508683,False
158554,abusive,0.18181818181818182,2.4497866783564577,-1.4727877316105173,0.936426245424844,0.8553332238032111,0.936426245424844,3.054031917392502,2.117605671967658,False
158554,abusive,0.25,1.4283835738884698,0.14153290783810846,2.3833578583422836,2.566519827749645,2.3833578583422836,2.2081679339040337,-0.17518992443825,False
158554,abusive,0.18181818181818182,1.635845010720352,-0.04501838505616562,2.0900904445835984,2.2581562827978203,2.0900904445835984,2.1645946350613605,0.07450419047776213,False
158554,abusive,0.034482758620689655,0.6102679967604422,-0.16186424999767612,3.729942059742285,2.9927825022269796,3.729942059742285,3.8637294007041545,0.13378734096186928,False
158554,abusive,0.02666666666666667,0.700950777888875,-0.30744356263683376,3.5339069272840504,4.106675898552504,3.5339069272840504,4.00144020359939,0.4675332763153399,False
160179,abusive,0.12903225806451613,2.6841656680474513,-0.27514842762947245,1.8215285947475681,1.3287579466295345,1.8215285947475681,2.0676246075888143,0.24609601284124616,False
160179,abusive,0.3076923076923077,1.3335284903530868,0.15536313048744876,2.531531537850378,1.9705230444324742,2.531531537850378,2.341336279877969,-0.19019525797240933,False
160179,abusive,0.28125,1.9133620169502432,-0.13445323243648488,1.7339485179753045,1.5886145434555867,1.7339485179753045,1.920260158776293,0.1863116408009886,False
160179,abusive,0.3076923076923077,1.8272660051393945,0.14792686074792316,1.8574602826224624,1.9053219802559753,1.8574602826224624,1.6506455291163544,-0.206814753506108,False
160179,abusive,0.2222222222222222,1.6865328643061255,0.17602482851147472,2.048191857898085,1.6712170062042961,2.048191857898085,1.805283506763051,-0.24290835113503406,False
160179,abusive,0.36363636363636365,2.0006987562927927,0.08611756341361287,1.6101406762940595,1.359588082594986,1.6101406762940595,1.498217518706975,-0.11192315758708449,False
160179,abusive,0.2608695652173913,2.028132048172079,-0.281478398393739,1.5816774318580085,1.0514990744055563,1.5816774318580085,1.715845716467138,0.13416828460912944,False
160179,abusive,0.5555555555555556,1.8488225393288,0.4167982048294716,1.8288401138943275,1.9587345373057843,1.8288401138943275,1.2476649250079015,-0.581175188886426,True
160179,abusive,0.22727272727272727,1.7889608692669512,-0.007095266864102001,1.9149966971128183,1.9141058270429423,1.9149966971128183,1.9408121055678467,0.025815408455028388,False
161071,abusive,0.38461538461538464,1.921655424838761,-0.17247628951870775,1.700537701042671,2.1029981488111127,1.700537701042671,1.9725331116031746,0.2719954105605036,False
161071,abusive,0.26666666666666666,2.1110885479196755,-0.2542711614184443,1.4673873827415236,1.6506455291163546,1.4673873827415236,1.8128315723596202,0.34544418961809664,False
161071,abusive,0.2222222222222222,1.777790411167929,-0.006700403459644733,1.9295641619032717,1.79903299806223,1.9295641619032717,1.9320282587808797,0.0024640968776079575,False
161071,abusive,0.29411764705882354,1.7812311114970782,0.3672322969582682,1.9172066643501353,1.8322300255570823,1.9172066643501353,1.4206644125052226,-0.49654225184491274,False
161071,abusive,0.2413793103448276,1.7585337639147067,0.775670577348307,1.9587345373057843,1.8499122170258928,1.9587345373057843,1.843661708325072,-0.11507282898071236,False
161071,abusive,0.2857142857142857,2.1939812838657864,-0.38955776048714474,1.346680378367472,1.6110315463639355,1.346680378367472,1.890939463937918,0.5442590855704461,False
161071,abusive,0.35714285714285715,1.8430847745168322,0.17903314273943316,1.8298631340276816,1.5931091146259984,1.8298631340276816,1.5975048959697535,-0.2323582380579281,False
161071,abusive,0.34285714285714286,2.005737937157876,-0.10251702399642681,1.6060168188535127,1.6814756650818061,1.6060168188535127,1.7487701124060486,0.14275329355253596,False
161349,abusive,0.2,3.0426672408098594,0.4867486347551897,2.6152052404391926,1.498217518706975,2.6152052404391926,1.9320282587808797,-0.6831769816583129,True
161349,abusive,0.2857142857142857,2.4976506565753627,0.1748514688664744,1.6239392505914498,1.1901285105175454,1.6239392505914498,1.6060168188535127,-0.017922431737937172,False
161983,abusive,0.25,2.374816889456608,-0.12687898231366246,1.0986122886681098,1.2136851176488221,1.0986122886681098,1.2712215321391782,0.17260924347106843,False
161996,abusive,0.25,2.3715197550716107,-0.38541575406187656,1.2136851176488221,1.4309230713827326,1.2136851176488221,1.629573425984789,0.4158883083359668,False
162027,abusive,0.3333333333333333,2.6746960450560073,-0.29987915559939937,0.6931471805599453,0.7742402021815782,0.6931471805599453,1.0986122886681098,0.4054651081081645,False
162027,abusive,0.3333333333333333,2.374816889456608,-0.2766767166758042,1.0986122886681098,1.0986122886681098,1.0986122886681098,1.4755517816455745,0.37693949297746476,False
162028,abusive,1.0,2.6507464132505327,-0.07831919341895954,1.038591370178042,0.7742402021815782,1.038591370178042,0.8317766166719343,-0.20681475350610778,False
162410,abusive,0.14457831325301204,2.333417087163899,-1.7391918599663632,1.156148703158466,2.005847751568338,1.156148703158466,4.3694502808120586,3.2133015776535925,False
163238,abusive,0.5,5.57642969921212,0.5429818417136527,0.7742402021815782,0.6931471805599453,0.7742402021815782,0.6931471805599453,-0.0810930216216329,False
163238,abusive,1.0,2.6746960450560073,1.3778861983479058,0.6931471805599453,0.6931471805599453,0.6931471805599453,0.6931471805599453,0.0,False
163238,abusive,1.0,3.9676061488760235,-1.2186632723253892,0.8553332238032111,0.8317766166719343,0.8553332238032111,1.529938524742303,0.6746053009390919,False
163238,abusive,0.2777777777777778,3.7298793143389775,-0.5052833316846499,1.1325920960271891,0.7742402021815782,1.1325920960271891,2.0430162890068444,0.9104241929796553,False
163238,abusive,0.25,2.5547443828162475,1.0271103755867026,0.8553332238032111,1.1090354888959124,0.8553332238032111,1.3924486928532414,0.5371154690500303,False
163261,abusive,0.6,3.8154387198785287,0.3247052477921848,1.0150347630467653,1.0514990744055563,1.0150347630467653,1.0961277846683983,0.08109302162163301,False
163261,abusive,1.0,2.3697328122780243,0.6617716124580038,1.4098509682511673,1.220958646482997,1.4098509682511673,1.2583138279116641,-0.15153714033950316,False
163261,abusive,0.4,3.713169894654095,-1.9237507423730054,1.1536641991587544,1.4735417144748741,1.1536641991587544,2.0900904445835984,0.936426245424844,False
164274,abusive,0.0625,2.6084534191459787,-0.2802710233516339,1.0961277846683983,2.11503114028379,1.0961277846683983,2.6717095848176866,1.5755818001492883,False
165471,abusive,0.3333333333333333,2.5547443828162475,-0.042292994104554005,0.8553332238032111,0.8317766166719343,0.8553332238032111,0.9128696382935673,0.05753641449035618,False
165733,abusive,0.25,2.12245045418033,-0.5078890401378278,1.6239392505914498,1.6474958577227266,1.6239392505914498,2.007323773027862,0.3833845224364123,False
168201,abusive,0.08333333333333333,2.6147202139361276,-1.2012919479971473,0.7742402021815782,1.1211604132591995,0.7742402021815782,3.52440580747312,2.750165605291542,False
169658,abusive,0.10526315789473684,2.6147202139361276,-1.6731582983935671,0.7742402021815782,2.1330455049123374,0.7742402021815782,3.5159916834560496,2.7417514812744717,False
169823,abusive,0.3333333333333333,2.200408998005238,0.8421987714796209,1.3369223455335855,1.440681104216619,1.3369223455335855,1.3287579466295345,-0.008164398904050962,False
169823,abusive,1.0,2.5809592631509446,0.40922227319895477,1.7050322722130828,1.1772208062900311,1.7050322722130828,1.5161399504449125,-0.1888923217681704,False
169823,abusive,1.0,2.7888345550455513,-0.34491317949478395,1.5761608689349802,0.9939626599152002,1.5761608689349802,1.5484804043631564,-0.027680464571823826,False
169823,abusive,1.0,2.56605453995783,0.394782774380678,1.1982929094215964,1.156148703158466,1.1982929094215964,1.6839601690815176,0.4856672596599212,False
174734,abusive,0.05128205128205128,3.0433231414392705,-1.4458768132663609,1.4098509682511673,1.9215546616774166,1.4098509682511673,3.1219015044265044,1.712050536175337,False
174734,abusive,0.5,3.3036633131100808,0.0,0.7742402021815782,0.8317766166719343,0.7742402021815782,0.7742402021815782,0.0,False
175932,abusive,0.14285714285714285,3.1762883393940413,-1.3243730211860893,1.038591370178042,1.1901285105175454,1.038591370178042,2.8315372995004333,1.7929459293223913,False
176133,abusive,0.043478260869565216,3.3036633131100808,-2.41275693107805,0.7742402021815782,1.1090354888959124,0.7742402021815782,3.4710706865834444,2.6968304844018665,False
176239,abusive,0.07692307692307693,2.5274336654227803,-0.19883296095824088,1.0247927958806518,1.2947781392704552,1.0247927958806518,2.301300979433461,1.2765081835528092,False
176727,abusive,0.1111111111111111,2.6537160736556844,0.3258775321234606,0.8317766166719343,1.8785323857540273,0.8317766166719343,2.614466488759753,1.7826898720878186,False
179056,abusive,0.002957121734844751,1.6477379622434896,0.14479213084100206,4.929208978739261,5.217586083342381,4.929208978739261,4.900952464518854,-0.028256514220407425,False
179056,abusive,0.00352685838307108,2.12030508697653,-0.414463399349446,4.7621404687191085,4.975227415568078,4.7621404687191085,4.777233083904536,0.01509261518542715,False
179056,abusive,0.0035149384885764497,2.4134622217423294,-0.2212282924175102,2.156602112043614,4.701718516992624,2.156602112043614,3.3265141215601775,1.1699120095165636,False
181190,abusive,1.0,2.6746960450560073,0.026009595220541026,0.6931471805599453,0.7742402021815782,0.6931471805599453,0.936426245424844,0.2432790648648987,False
183308,abusive,0.14285714285714285,2.966618559976608,-0.8328908954703294,0.8553332238032111,1.075055681536833,0.8553332238032111,2.2924106269192945,1.4370774031160836,False
184766,abusive,0.09302325581395349,3.371215545400767,-1.0072021130665103,1.3969432640236532,2.105135128831116,1.3969432640236532,2.4867690930456092,1.089825829021956,False
186612,abusive,0.10256410256410256,2.1258534736489216,-1.5449524574271882,1.4642377113478957,1.294778139270455,1.4642377113478957,4.3479958485960575,2.8837581372481615,False
187441,abusive,0.08888888888888889,3.4676404588896164,-2.0768322832899595,1.0514990744055563,2.3402855761678527,1.0514990744055563,2.882886553933086,1.8313874795275298,False
191249,abusive,0.08333333333333333,6.119411540925773,-4.311953325788534,0.6931471805599453,0.7742402021815782,0.6931471805599453,2.3757136157782446,1.6825664352182992,False
191249,abusive,0.5384615384615384,1.704221855294185,-0.40251405464133705,2.007603689098747,2.204967865634745,2.007603689098747,2.5952361734452496,0.5876324843465026,False
191249,abusive,0.3,2.813510445134538,-1.3247776388626407,1.5399684814793972,1.8824929112132633,1.5399684814793972,2.348807437186723,0.8088389557073259,False
191249,abusive,0.23076923076923078,1.6420496039642196,0.2106171347387935,2.11900669034582,2.2619169081904396,2.11900669034582,1.8298631340276816,-0.28914355631813815,False
191249,abusive,0.15384615384615385,1.8044143712189318,-0.3118673520407609,1.8894300228108416,1.440681104216619,1.8894300228108416,2.3366348881059826,0.44720486529514103,False
191249,abusive,0.11538461538461539,2.858737909553292,0.0709325208081335,1.6902106777823385,1.3158502424020202,1.6902106777823385,1.2922936352707435,-0.397917042511595,False
192234,abusive,0.07894736842105263,2.4798455156351773,0.4166726108412808,0.9574983485564091,1.6101406762940595,0.9574983485564091,1.4642377113478955,0.5067393627914863,False
192234,abusive,0.16666666666666666,1.3335111669346171,0.24348433084827525,2.5256002959338004,1.7718726898304176,2.5256002959338004,2.2184612218180773,-0.30713907411572317,False
192234,abusive,0.2857142857142857,1.921769614738124,0.1321938204590254,1.7414965835718739,1.8574602826224624,1.7414965835718739,1.542846228969817,-0.19865035460205682,False
192234,abusive,0.375,1.9961351097912297,-0.016723769863156157,1.6239392505914498,1.9484758784282743,1.6239392505914498,1.6489718791822512,0.025032628590801353,False
192234,abusive,0.15789473684210525,1.8040283732181848,0.438367593226235,1.8882904185879137,1.9725331116031746,1.8882904185879137,1.1634222319926408,-0.7248681865952729,True
192234,abusive,0.15151515151515152,1.999415854053494,0.26620489010477755,1.9143289168597157,1.3862943611198906,1.9143289168597157,1.2476649250079015,-0.6666639918518142,True
192234,abusive,0.35714285714285715,1.8862979831076068,0.02838049420210842,1.781630722664304,1.7477470922726948,1.781630722664304,1.7446462549655017,-0.03698446769880226,False
192234,abusive,0.4166666666666667,2.6319579393613237,-0.7515220671744858,1.762568686703439,1.883795847417502,1.762568686703439,1.79903299806223,0.036464311358791024,False
192234,abusive,0.18181818181818182,3.024226795480142,-0.9908065003445623,1.1536641991587544,1.220958646482997,1.1536641991587544,1.579310540328608,0.42564634116985367,False
192234,abusive,0.23076923076923078,2.052163257384584,-0.15794330652568744,1.542846228969817,1.6489718791822512,1.542846228969817,1.760654796500209,0.21780856753039202,False
192762,abusive,1.0,3.3636391442299605,-0.7639128880738033,0.6931471805599453,0.7742402021815782,0.6931471805599453,0.7742402021815782,0.0810930216216329,False
193248,abusive,0.16666666666666666,4.741525342577867,-2.470819668172309,0.6931471805599453,1.4950678473133472,0.6931471805599453,2.540765037545662,1.8476178569857167,False
193248,abusive,0.5,3.3036633131100808,0.7489189302938333,0.7742402021815782,0.6931471805599453,0.7742402021815782,0.6931471805599453,-0.0810930216216329,False
194379,abusive,0.04,2.554744382816247,-0.3189234417229865,0.8553332238032111,1.6141812177575634,0.8553332238032111,3.103153716985967,2.247820493182756,False
196017,abusive,0.5,3.7667180116345236,0.7702696804944758,1.0823292103710078,1.1982929094215964,1.0823292103710078,0.9704060527839233,-0.11192315758708449,False
196728,abusive,0.1111111111111111,2.2656207441582716,0.7767110685410357,1.2476649250079015,2.1029981488111127,1.2476649250079015,2.290380152626491,1.0427152276185894,False
196728,abusive,0.14285714285714285,1.94989443216015,-0.13446305376275314,1.6814756650818061,1.498217518706975,1.6814756650818061,1.8703679868499765,0.1888923217681704,False
196820,abusive,0.6666666666666666,3.22876444592901,-0.7586060513218706,0.8764053269347762,0.7742402021815782,0.8764053269347762,0.9704060527839233,0.0940007258491471,False
196974,abusive,1.0,5.43046844175182,-2.830742185595663,0.6931471805599453,0.6931471805599453,0.6931471805599453,0.7742402021815782,0.0810930216216329,False
197135,abusive,0.14285714285714285,1.7184348801485334,0.03828413218269344,1.9993227061051222,1.9993227061051222,1.9993227061051222,1.945910149055313,-0.053412557049809184,False
197137,abusive,1.0,4.334994497091544,-1.9960806150964494,0.8317766166719343,0.8553332238032111,0.8317766166719343,1.2583138279116641,0.4265372112397299,False
197140,abusive,0.3333333333333333,2.4524755575918133,-0.34820627796601045,0.9939626599152002,1.156148703158466,0.9939626599152002,1.4673873827415236,0.4734247228263234,False
197142,abusive,1.0,3.3636391442299605,-0.9888222547733525,0.6931471805599453,0.7742402021815782,0.6931471805599453,0.7742402021815782,0.0810930216216329,False
197142,abusive,0.5,2.374816889456608,0.17992749335963998,1.0986122886681098,1.0986122886681098,1.0986122886681098,0.8553332238032111,-0.2432790648648987,False
197323,abusive,0.25,2.1307460458573204,-0.026476766231517512,1.4309230713827326,1.4309230713827326,1.4309230713827326,1.4673873827415236,0.036464311358791024,False
197509,abusive,1.0,2.5724272198315736,0.02729903632458397,0.8317766166719343,0.6931471805599453,0.8317766166719343,0.7742402021815782,-0.05753641449035607,False
198385,abusive,0.2,2.299918022275537,-0.32607223495580073,1.2007774134213078,1.7496609824759246,1.2007774134213078,1.6459022237928913,0.44512481037158347,False
198571,abusive,0.6666666666666666,2.6147202139361276,-0.17992749335963998,0.7742402021815782,0.9128696382935673,0.7742402021815782,1.017519267046477,0.2432790648648988,False
198583,abusive,0.3333333333333333,2.205644913038391,0.009687121028037815,1.3287579466295345,1.2007774134213078,1.3287579466295345,1.3158502424020202,-0.012907704227514305,False
198715,abusive,1.0,3.9061763127411453,-0.39652635796809976,1.075055681536833,0.6931471805599453,1.075055681536833,0.8317766166719343,-0.2432790648648988,False
198946,abusive,1.0,2.374816889456608,0.17992749335963953,1.0986122886681098,1.2007774134213078,1.0986122886681098,0.8553332238032111,-0.2432790648648987,False
199333,abusive,0.25,2.0808327645893803,0.049913281267940146,1.5120160930043653,1.4309230713827326,1.5120160930043653,1.4309230713827326,-0.08109302162163279,False
199333,abusive,1.0,1.9156907370727825,0.6990294768633452,1.726995245414524,0.7742402021815782,1.726995245414524,0.7742402021815782,-0.9527550432329459,True
199471,abusive,0.5,2.7606814713964285,-0.04229299410455445,0.8553332238032111,0.7742402021815782,0.8553332238032111,0.9128696382935673,0.05753641449035618,False
199847,abusive,0.3333333333333333,2.3924997264719337,-0.10226882522443415,1.075055681536833,1.156148703158466,1.075055681536833,1.2136851176488221,0.13862943611198908,False
200278,abusive,0.5,2.6746960450560073,-0.2821963185840737,0.6931471805599453,0.6931471805599453,0.6931471805599453,1.075055681536833,0.3819085009768878,False
200367,abusive,0.25,2.6746960450560073,-0.5440558842822818,0.6931471805599453,1.2007774134213078,0.6931471805599453,1.4755517816455745,0.7824046010856293,False
200715,abusive,0.25,2.0820253376133153,0.16680576134147573,1.498217518706975,1.359588082594986,1.498217518706975,1.2712215321391782,-0.22699598656779685,False
200715,abusive,0.5,3.8154387198785287,-0.34587116175857124,1.0150347630467653,1.1325920960271891,1.0150347630467653,1.1058858175022848,0.09085105445551944,False
200715,abusive,0.25,1.9387939673252057,0.9390517346379483,1.7091561296536297,1.1536641991587544,1.7091561296536297,0.9939626599152002,-0.7151934697384296,True
200715,abusive,0.4,2.2713346264609293,0.3593553305049255,1.383144689726263,0.9128696382935673,1.383144689726263,1.0514990744055563,-0.3316456153207066,False
200715,abusive,0.1,1.919372174972271,-0.11226730650453587,1.722063833881144,1.6912336979156926,1.722063833881144,1.9093625217194792,0.18729868783833514,False
200715,abusive,0.16666666666666666,2.0036561207802643,1.2882691365082528,1.6028671474598848,1.5201804919084165,1.6028671474598848,1.4180153671552183,-0.18485178030466654,False
200715,abusive,1.0,2.30780785317923,1.684798559104804,1.2347572207803874,0.8553332238032111,1.2347572207803874,0.7742402021815782,-0.4605170185988092,True
201120,abusive,0.25,4.052582243403913,-1.6001066858120998,0.6931471805599453,0.7742402021815782,0.6931471805599453,0.9939626599152002,0.3008154793552549,False
201245,abusive,0.3333333333333333,2.161422247312747,-0.1311448488672955,1.4309230713827326,1.4309230713827326,1.4309230713827326,1.5695525074947216,0.13862943611198908,False
201518,abusive,1.0,4.052582243403913,-1.632712558888616,0.6931471805599453,0.7742402021815782,0.6931471805599453,1.038591370178042,0.34544418961809675,False
201642,abusive,0.25,2.1307460458573204,-0.032711758160111515,1.4309230713827326,1.4309230713827326,1.4309230713827326,1.5201804919084165,0.08925742052568397,False
201642,abusive,1.0,2.163351918933837,0.45136829500229014,1.3862943611198906,1.498217518706975,1.3862943611198906,0.7742402021815782,-0.6120541589383124,True
202056,abusive,0.17857142857142858,2.173039039961875,-1.5931831738017497,1.3733866568923765,0.6931471805599453,1.3733866568923765,4.3202888998269895,2.946902242934613,False
202207,abusive,0.23529411764705882,3.6958624864626706,-2.366423407616949,1.1901285105175454,2.356101373143001,1.1901285105175454,2.560365496016294,1.3702369854987484,False
202207,abusive,0.3076923076923077,1.9161102265792835,-0.29254167861482117,1.7317385507379874,1.901198122815428,1.7317385507379874,2.169789732342013,0.43805118160402556,False
202207,abusive,0.2608695652173913,1.6662922812297176,0.10724520690546724,2.083501613439728,1.7179399764405971,2.083501613439728,1.937662434174219,-0.14583917926550893,False
202207,abusive,0.2631578947368421,2.184294162837749,-0.4527664688162607,1.359588082594986,1.9217695999033697,1.359588082594986,1.9987387640844552,0.6391506814894692,False
202207,abusive,0.30303030303030304,1.8938662845667955,-0.05689755315558642,1.762568686703439,1.8298631340276816,1.762568686703439,1.8863765283846838,0.12380784168124492,False
202207,abusive,0.4,1.856397489830131,-0.050480852195338155,1.8257392765871345,1.6368469548189641,1.8257392765871345,1.8926861999316689,0.06694692334453434,False
202207,abusive,0.2777777777777778,1.7547275375573288,0.8879323473855463,1.9510902947417446,1.8873995485180377,1.9510902947417446,1.6952742393791964,-0.25581605536254814,False
202207,abusive,0.1875,2.035732386142351,0.46996889031863187,1.5370487215951667,1.762568686703439,1.5370487215951667,1.8728181943564202,0.33576947276125346,False
202274,abusive,0.5,3.3636391442299605,-1.0311152488779065,0.6931471805599453,0.8553332238032111,0.6931471805599453,1.156148703158466,0.4630015225985208,False
202274,abusive,0.25,2.374816889456608,-0.14979773436214172,1.0986122886681098,1.2712215321391782,1.0986122886681098,1.3029425381745061,0.20433024950639633,False
203002,abusive,0.5,2.6746960450560073,-0.35709518576514476,0.6931471805599453,0.8553332238032111,0.6931471805599453,1.1772208062900311,0.48407362573008583,False
203002,abusive,0.14285714285714285,2.1307460458573204,-0.15690025853758427,1.4309230713827326,1.5201804919084165,1.4309230713827326,1.6459022237928913,0.21497915241015875,False
203182,abusive,0.25,2.332523895352054,-0.1691719764182169,1.156148703158466,1.3604789526648622,1.156148703158466,1.3862943611198906,0.2301456579614245,False
203209,abusive,0.5,2.4701583946071395,0.20453765044886785,0.9704060527839233,0.9128696382935673,0.9704060527839233,0.6931471805599453,-0.27725887222397805,False
203635,abusive,0.5,2.6537160736556844,-0.1589475219593166,0.8317766166719343,0.7742402021815782,0.8317766166719343,0.936426245424844,0.10464962875290973,False
203739,abusive,0.5,2.6746960450560073,-0.39938817986969877,0.6931471805599453,0.7742402021815782,0.6931471805599453,1.2347572207803874,0.5416100402204421,False
203739,abusive,0.16666666666666666,2.1632460338502417,-0.042273681069836755,1.4309230713827326,1.542846228969817,1.4309230713827326,1.6459022237928913,0.21497915241015875,False
203773,abusive,1.0,4.344496880369737,1.0609712979740733,1.4415719742864952,1.1090354888959124,1.4415719742864952,0.7742402021815782,-0.667331772104917,True
203852,abusive,1.0,2.370695471475362,0.18404891134088563,1.1325920960271891,0.6931471805599453,1.1325920960271891,0.8553332238032111,-0.27725887222397805,False
203914,abusive,1.0,2.374816889456608,0.23990332447951923,1.0986122886681098,1.1772208062900311,1.0986122886681098,0.7742402021815782,-0.3243720864865316,False
203914,abusive,0.3333333333333333,2.2902309012474995,0.08458598820910845,1.2136851176488221,1.156148703158466,1.2136851176488221,1.0986122886681098,-0.11507282898071236,False
204015,abusive,0.5,3.322521228456617,-0.04385817875454645,0.8317766166719343,0.8553332238032111,0.8317766166719343,0.8553332238032111,0.02355660713127683,False
204180,abusive,0.3333333333333333,2.4798455156351773,0.1348746983009499,0.9574983485564091,0.8317766166719343,0.9574983485564091,0.7742402021815782,-0.18325814637483095,False
205349,abusive,0.3333333333333333,2.6857826042153574,-0.13103822139910948,0.9574983485564091,0.8317766166719343,0.9574983485564091,0.8553332238032111,-0.10216512475319806,False
205405,abusive,1.0,3.9091955024061362,-0.4845711952437659,0.9704060527839233,1.156148703158466,0.9704060527839233,0.936426245424844,-0.03397980735907935,False
206010,abusive,0.3333333333333333,2.6147202139361276,-0.01628339888401431,0.7742402021815782,0.8764053269347762,0.7742402021815782,1.075055681536833,0.3008154793552549,False
206215,abusive,0.16666666666666666,2.6147202139361276,-1.4687801860166068,0.7742402021815782,0.9128696382935673,0.7742402021815782,2.8996244873217676,2.125384285140189,False
206215,abusive,0.5,3.3036633131100808,-0.6289672680540734,0.7742402021815782,1.0961277846683983,0.7742402021815782,0.6931471805599453,-0.0810930216216329,False
206565,abusive,0.25,2.1307460458573204,-0.08132658132052217,1.4309230713827326,1.4309230713827326,1.4309230713827326,1.542846228969817,0.11192315758708449,False
206732,abusive,0.5,2.3924997264719337,-0.017682837015325692,1.075055681536833,0.7742402021815782,1.075055681536833,1.0986122886681098,0.02355660713127672,False
206732,abusive,0.25,2.3324180102684586,-0.23427783748765485,1.2007774134213078,1.4673873827415236,1.2007774134213078,1.4755517816455745,0.2747743682242667,False
207147,abusive,0.25,2.614720213936127,-0.4742870470507694,0.7742402021815782,0.9939626599152002,0.7742402021815782,1.4180153671552183,0.6437751649736401,False
207321,abusive,0.3333333333333333,2.6147202139361276,-0.32448931268862813,0.7742402021815782,1.156148703158466,0.7742402021815782,1.2136851176488221,0.43944491546724396,False
207321,abusive,0.25,2.3292267609670567,-0.22506336642484914,1.2712215321391782,1.3158502424020202,1.2712215321391782,1.5120160930043653,0.24079456086518713,False
207542,abusive,0.25,2.4347927205764877,-0.3631293140272014,1.017519267046477,1.2583138279116641,1.017519267046477,1.5120160930043656,0.4944968259578886,False
207543,abusive,1.0,4.052582243403913,-1.5278257761476053,0.6931471805599453,0.7742402021815782,0.6931471805599453,0.8553332238032111,0.1621860432432658,False
207543,abusive,1.0,2.163351918933837,0.34909946977785644,1.3862943611198906,1.359588082594986,1.3862943611198906,0.9128696382935673,-0.4734247228263233,True
207701,abusive,0.5,4.198543500864214,-1.658722154109157,0.7742402021815782,0.6931471805599453,0.7742402021815782,0.8764053269347762,0.10216512475319806,False
207701,abusive,0.06666666666666667,2.9571082987436377,-2.142860823541279,0.8317766166719343,0.9939626599152002,0.8317766166719343,3.6546289080333225,2.8228522913613885,False
207701,abusive,0.5,3.992606412284034,0.05997583111987925,0.7742402021815782,0.7742402021815782,0.7742402021815782,0.6931471805599453,-0.0810930216216329,False
208095,abusive,0.5,2.5124513887116935,-0.28130312677222813,0.9128696382935673,0.6931471805599453,0.9128696382935673,1.294778139270455,0.38190850097688767,False
208151,abusive,0.3333333333333333,2.5937402425358047,-0.26121634718375075,0.9128696382935673,1.1325920960271891,0.9128696382935673,1.156148703158466,0.2432790648648988,False
208151,abusive,0.25,2.332523895352054,-0.07489886718107064,1.156148703158466,1.2583138279116641,1.156148703158466,1.2583138279116641,0.10216512475319806,False
208238,abusive,0.3333333333333333,3.2613703190055263,-1.003745290834543,0.8317766166719343,0.9939626599152002,0.8317766166719343,1.2583138279116641,0.4265372112397299,False
208349,abusive,0.25,2.6746960450560073,-0.26088329587984216,0.6931471805599453,1.156148703158466,0.6931471805599453,1.156148703158466,0.4630015225985208,False
208751,abusive,0.5,2.6746960450560073,0.0,0.6931471805599453,1.0150347630467653,0.6931471805599453,0.6931471805599453,0.0,False
208851,abusive,0.5,2.6746960450560073,-0.10237471030802903,0.6931471805599453,0.6931471805599453,0.6931471805599453,0.8764053269347762,0.18325814637483095,False
209662,abusive,1.0,2.653716073655685,-0.09897169083943691,0.8317766166719343,0.6931471805599453,0.8317766166719343,0.8553332238032111,0.02355660713127683,False
209942,abusive,0.16666666666666666,2.000322553551254,-0.05295353246303525,1.6094379124341003,1.6459022237928913,1.6094379124341003,1.6823665351516819,0.0729286227175816,False
209942,abusive,1.0,2.000322553551254,0.43722996797936853,1.6094379124341003,1.6094379124341003,1.6094379124341003,1.0150347630467653,-0.594403149387335,True
210360,abusive,0.3333333333333333,2.413812749176165,-0.20490842924918784,1.156148703158466,1.0986122886681098,1.156148703158466,1.3256082752359066,0.16945957207744056,False
210656,abusive,0.3333333333333333,2.399265141938876,0.21545507199725167,1.1901285105175454,0.9128696382935673,1.1901285105175454,0.7742402021815782,-0.41588830833596724,False
210667,abusive,0.5,3.5358749190234486,-1.0111184517671408,0.6931471805599453,0.9128696382935673,0.6931471805599453,0.8553332238032111,0.1621860432432658,False
210723,abusive,1.0,4.741525342577868,-2.335748405075974,0.6931471805599453,0.7742402021815782,0.6931471805599453,0.9128696382935673,0.21972245773362198,False
210803,abusive,0.16666666666666666,1.8721715466126956,-0.12004583424784387,1.7861252938347156,1.791759469228055,1.7861252938347156,1.937662434174219,0.15153714033950338,False
211414,abusive,0.2,2.332523895352054,-0.348316176968289,1.156148703158466,1.3158502424020202,1.156148703158466,1.632103649495501,0.47595494633703495,False
211428,abusive,1.0,2.6147202139361276,-0.10226882522443415,0.7742402021815782,0.8553332238032111,0.7742402021815782,0.9128696382935673,0.13862943611198908,False
211789,abusive,0.3333333333333333,3.3636391442299605,-0.7489189302938333,0.6931471805599453,0.7742402021815782,0.6931471805599453,0.7742402021815782,0.0810930216216329,False
211799,abusive,0.3333333333333333,2.6537160736556844,-0.07663000880421222,0.8317766166719343,0.7742402021815782,0.8317766166719343,1.1058858175022848,0.2741092008303505,False
212087,abusive,0.125,2.74613873901059,-1.6809827162453148,1.4277733999891047,0.7742402021815782,1.4277733999891047,3.3519301090137246,1.9241567090246199,False
214487,abusive,0.25,2.6147202139361276,-0.23990332447951968,0.7742402021815782,0.8317766166719343,0.7742402021815782,1.0986122886681098,0.3243720864865316,False
214487,abusive,0.25,2.374816889456608,-0.042292994104554005,1.0986122886681098,1.156148703158466,1.0986122886681098,1.156148703158466,0.05753641449035629,False
214493,abusive,0.3333333333333333,3.2613703190055268,-0.7366138517492193,0.8317766166719343,0.9939626599152002,0.8317766166719343,0.8553332238032111,0.02355660713127683,False
214817,abusive,1.0,2.6746960450560073,0.9520685872009795,0.6931471805599453,0.6931471805599453,0.6931471805599453,0.9128696382935673,0.21972245773362198,False
215246,abusive,0.5,2.760681471396428,-0.26591291970006026,0.8553332238032111,0.6931471805599453,0.8553332238032111,0.936426245424844,0.0810930216216329,False
215246,abusive,1.0,2.6746960450560073,-0.1022688252244337,0.6931471805599453,0.7742402021815782,0.6931471805599453,0.8317766166719343,0.13862943611198897,False
215676,abusive,0.16666666666666666,1.8456947803811778,-0.10811783414129783,1.8225896051935067,1.8492958837184112,1.8225896051935067,1.9726164275802176,0.15002682238671095,False
215676,abusive,1.0,2.374816889456608,0.17992749335963953,1.0986122886681098,1.2007774134213078,1.0986122886681098,0.8553332238032111,-0.2432790648648987,False
216060,abusive,1.0,2.506102672179819,0.006348716531874299,0.8764053269347762,0.936426245424844,0.8764053269347762,0.9128696382935673,0.036464311358791024,False
216637,abusive,0.25,2.374816889456608,-0.2939841248672277,1.0986122886681098,1.2712215321391782,1.0986122886681098,1.5120160930043656,0.4134038043362558,False
216765,abusive,1.0,2.0820253376133153,-4.440892098500626e-16,1.498217518706975,1.3862943611198906,1.498217518706975,1.498217518706975,0.0,False
217209,abusive,0.05555555555555555,3.0315147498978625,-0.9541528110497488,1.3240146413060712,2.102215368946885,1.3240146413060712,2.9517574930646733,1.6277428517586021,False
217209,abusive,1.0,3.95031341817948,-0.44071301648921857,0.8317766166719343,0.6931471805599453,0.8317766166719343,0.7742402021815782,-0.05753641449035607,False
218136,abusive,1.0,3.3036633131100808,0.14596125746030042,0.7742402021815782,0.8553332238032111,0.7742402021815782,0.8553332238032111,0.0810930216216329,False
218477,abusive,0.3333333333333333,3.3636391442299605,-0.6343275588791197,0.6931471805599453,0.9704060527839233,0.6931471805599453,0.9128696382935673,0.21972245773362198,False
219337,abusive,0.5,4.01146432763057,-1.357748253974885,0.8317766166719343,0.8553332238032111,0.8317766166719343,0.8317766166719343,0.0,False
219337,abusive,0.5,2.6746960450560073,-0.11995166223976028,0.6931471805599453,0.6931471805599453,0.6931471805599453,0.8553332238032111,0.1621860432432658,False
220631,abusive,0.5,3.3036633131100808,-0.4830060105937726,0.7742402021815782,0.6931471805599453,0.7742402021815782,0.7742402021815782,0.0,False
220631,abusive,0.25,2.4524755575918133,-0.1199516622397594,0.9939626599152002,1.0986122886681098,0.9939626599152002,1.156148703158466,0.1621860432432659,False
221639,abusive,0.2,2.374816889456608,-0.39403369245545994,1.0986122886681098,1.0986122886681098,1.0986122886681098,1.632103649495501,0.5334913608273912,False
221640,abusive,0.5,3.3636391442299605,-0.883793628594784,0.6931471805599453,0.7742402021815782,0.6931471805599453,0.9574983485564091,0.26435116799646385,False
222474,abusive,0.2,1.9516018453072483,0.022243942012487805,1.6767323597583428,1.6459022237928913,1.6767323597583428,1.6459022237928913,-0.030830135965451477,False
223074,abusive,1.0,2.6746960450560073,-0.05997583111988014,0.6931471805599453,0.9939626599152002,0.6931471805599453,0.7742402021815782,0.0810930216216329,False
223075,abusive,0.2777777777777778,2.6746960450560073,-1.2736180831086736,0.6931471805599453,0.8553332238032111,0.6931471805599453,2.452566195869757,1.7594190153098115,False
223956,abusive,0.5,2.554744382816248,0.0599758311198797,0.8553332238032111,0.8553332238032111,0.8553332238032111,0.7742402021815782,-0.0810930216216329,False
223956,abusive,0.25,2.431495586191491,-0.09897169083943691,1.1325920960271891,1.3029425381745061,1.1325920960271891,1.156148703158466,0.02355660713127694,False
224422,abusive,0.5,2.4947685516963674,0.17992749335963998,0.936426245424844,0.8317766166719343,0.936426245424844,0.6931471805599453,-0.2432790648648987,False
224681,abusive,0.3333333333333333,2.554744382816248,-0.2646193666523433,0.8553332238032111,1.2583138279116641,0.8553332238032111,1.2583138279116641,0.40298060410845304,False
224681,abusive,0.14285714285714285,2.000322553551254,-0.1281510069385583,1.6094379124341003,1.6823665351516823,1.6094379124341003,1.7861252938347156,0.17668738140061535,False
224681,abusive,1.0,2.949282100029708,-0.2745860549737005,1.2583138279116641,0.7742402021815782,1.2583138279116641,0.6931471805599453,-0.5651666473517188,True
225258,abusive,1.0,2.5124513887116935,0.16224465634431384,0.9128696382935673,0.6931471805599453,0.9128696382935673,0.6931471805599453,-0.21972245773362198,False
225535,abusive,0.25,2.374816889456608,-0.3288219463024262,1.0986122886681098,1.156148703158466,1.0986122886681098,1.542846228969817,0.44423394030170726,False
226125,abusive,1.0,2.6746960450560073,1.3778861983479058,0.6931471805599453,0.7742402021815782,0.6931471805599453,0.6931471805599453,0.0,False
227476,abusive,1.0,3.5096004016902613,-0.834904356634254,0.7742402021815782,1.1058858175022848,0.7742402021815782,0.7742402021815782,0.0,False
227513,abusive,0.3333333333333333,2.6147202139361276,-0.18322462774463677,0.7742402021815782,0.6931471805599453,0.7742402021815782,1.1325920960271891,0.35835189384561095,False
227669,abusive,0.5,2.374816889456608,0.29987915559939937,1.0986122886681098,1.0986122886681098,1.0986122886681098,0.6931471805599453,-0.4054651081081645,True
227935,abusive,0.16666666666666666,2.6746960450560073,-1.2286064605183553,0.6931471805599453,1.017519267046477,0.6931471805599453,2.299163999413458,1.6060168188535124,False
228404,abusive,0.025,3.0170005660742207,-1.978660659550095,1.2712215321391782,1.95962540737566,1.2712215321391782,3.4506851045123184,2.17946357237314,False
228998,abusive,0.5,2.6746960450560073,-0.1199516622397594,0.6931471805599453,0.6931471805599453,0.6931471805599453,0.8553332238032111,0.1621860432432658,False
229426,abusive,0.21428571428571427,2.275307865186309,-1.688294717981785,1.2347572207803874,0.6931471805599453,1.2347572207803874,4.352941894344428,3.118184673564041,False
229778,abusive,0.189873417721519,1.7168539162962038,-1.1205431992639119,2.6132220871707057,1.4642377113478957,2.6132220871707057,4.373224968215536,1.76000288104483,False
229910,abusive,1.0,4.052582243403913,-1.6001066858120998,0.6931471805599453,0.7742402021815782,0.6931471805599453,0.9939626599152002,0.3008154793552549,False
229942,abusive,0.16666666666666666,2.479845515635177,1.1585785114919407,0.9574983485564091,1.0514990744055563,0.9574983485564091,1.4321691813328599,0.4746708327764507,False
229959,abusive,0.5,2.6746960450560073,0.0,0.6931471805599453,0.6931471805599453,0.6931471805599453,0.6931471805599453,0.0,False
230141,abusive,0.25,2.3924997264719337,-0.0599758311198797,1.075055681536833,1.156148703158466,1.075055681536833,1.156148703158466,0.08109302162163301,False
230155,abusive,0.3333333333333333,2.8206573025163078,-0.4458404130596998,0.7742402021815782,1.2947781392704552,0.7742402021815782,1.0986122886681098,0.3243720864865316,False
230155,abusive,0.3333333333333333,2.374816889456608,-0.11719186128562509,1.0986122886681098,1.2712215321391782,1.0986122886681098,1.2583138279116641,0.15970153924355435,False
230354,abusive,0.08928571428571429,2.250631276767357,-1.654265287375014,1.2712215321391782,1.2872300736738853,1.2712215321391782,4.415923758928452,3.1447022267892737,False
230701,abusive,0.10204081632653061,2.308806930074671,-1.7852698245375849,1.1901285105175454,1.949132693468512,1.1901285105175454,4.388059659088599,3.1979311485710538,False
231689,abusive,1.0,2.5124513887116935,0.08727486744446411,0.9128696382935673,0.7742402021815782,0.9128696382935673,0.7742402021815782,-0.13862943611198908,False
231717,abusive,0.14285714285714285,2.332523895352054,-0.1691719764182169,1.156148703158466,1.3733866568923765,1.156148703158466,1.3862943611198906,0.2301456579614245,False
232142,abusive,0.125,2.6746960450560073,-0.5962011139089043,0.6931471805599453,1.4309230713827326,0.6931471805599453,1.542846228969817,0.8496990484098718,False
232142,abusive,1.0,2.163351918933837,1.2002872252961234,1.3862943611198906,0.9436997742590189,1.3862943611198906,0.6931471805599453,-0.6931471805599453,True
232548,abusive,0.36363636363636365,2.0820253376133153,-0.20488282290967574,1.498217518706975,1.6814756650818061,1.498217518706975,1.7876013152942403,0.2893837965872652,False
233180,abusive,0.5,25.288939000489833,-23.39638342168567,0.8764053269347762,1.5931091146259984,0.8764053269347762,1.7790163063508335,0.9026109794160573,False
233939,abusive,0.3333333333333333,3.70541921763722,1.4071513705183096,2.1306786133829365,1.7399029496420386,2.1306786133829365,1.5566448032672073,-0.5740338101157292,False
233939,abusive,0.01020408163265306,1.0105411135180051,-0.011555625440312634,5.25227342804663,5.2688811248318075,5.25227342804663,5.2625890947795515,0.010315666732921613,False
238589,abusive,1.0,2.6147202139361276,0.08598542634042072,0.7742402021815782,0.8317766166719343,0.7742402021815782,0.936426245424844,0.1621860432432658,False
240599,abusive,0.25,2.163351918933837,-0.032605873076516634,1.3862943611198906,1.3862943611198906,1.3862943611198906,1.4309230713827326,0.044628710262841986,False
240599,abusive,0.2,2.039057533472769,-0.09168851238455056,1.5566448032672073,1.6823665351516819,1.5566448032672073,1.6823665351516819,0.12572173188447455,False
240777,abusive,0.3333333333333333,2.2902309012474995,-0.19209072846669528,1.2136851176488221,1.2136851176488221,1.2136851176488221,1.4755517816455745,0.2618666639967524,False
240934,abusive,0.07042253521126761,1.9121121198293831,-1.3028055043278037,1.7317385507379872,1.2279769104452511,1.7317385507379872,4.363770730500653,2.6320321797626653,False
241397,abusive,0.5,2.760681471396428,-0.5745431819108573,0.8553332238032111,0.936426245424844,0.8553332238032111,1.3523145537608112,0.49698132995760014,False
241808,abusive,0.16666666666666666,1.82345083836869,-0.0448105294864507,1.8534197411589581,1.791759469228055,1.8534197411589581,1.9109561556493144,0.05753641449035629,False
241993,abusive,0.5,2.653716073655685,-0.5896729542697847,0.8317766166719343,1.017519267046477,0.8317766166719343,1.5355727001356423,0.703796083463708,False
242440,abusive,0.25,2.2752019801027137,-0.11185006116887664,1.2793859310432292,1.3158502424020202,1.2793859310432292,1.3862943611198906,0.1069084300766614,False
242846,abusive,1.0,2.163351918933837,-0.00010588508359532511,1.3862943611198906,1.6547693865569015,1.3862943611198906,1.4309230713827326,0.044628710262841986,False
242899,abusive,0.09523809523809523,2.3775766904107427,-1.8011613882392974,1.0961277846683983,3.0837152421214693,1.0961277846683983,4.298256320863879,3.2021285361954805,False
242943,abusive,0.3333333333333333,2.991457117587351,-0.9579203122533126,2.706625285321158,2.3159672340505706,2.706625285321158,1.5664028361010938,-1.1402224492200643,True
242943,abusive,0.08196721311475409,2.275307865186309,-1.6927314243989184,1.2347572207803874,1.2022534348808325,1.2347572207803874,4.291196733884784,3.056439513104397,False
243221,abusive,0.1875,2.350206732367379,-1.7482986343617914,1.1325920960271891,1.0961277846683983,1.1325920960271891,4.357645928382889,3.2250538323556994,False
243334,abusive,0.5714285714285714,17.862781576138012,27.499348846530317,2.3159672340505715,2.786338462450737,2.3159672340505715,2.2961300352836878,-0.019837198766883724,False
243334,abusive,0.09523809523809523,2.3184940511027086,-1.7226792628060208,1.1772208062900311,1.30205166810463,1.1772208062900311,4.373281909060499,3.196061102770468,False
245295,abusive,0.06493506493506493,2.4947685516963674,-1.9134159459127869,0.936426245424844,1.3559843814944503,0.936426245424844,4.340818577991143,3.4043923325662986,False
247215,abusive,0.14035087719298245,2.17393223177372,-1.5907035654046358,1.3733866568923763,1.5069525314075076,1.3733866568923763,4.344472283653166,2.9710856267607904,False
248585,abusive,0.2,3.5096004016902613,-2.542416656637733,0.7742402021815782,0.8553332238032111,0.7742402021815782,3.4372327697628293,2.6629925675812514,False
250080,abusive,0.36363636363636365,2.6746960450560073,-1.346588370719412,0.6931471805599453,1.3969432640236532,0.6931471805599453,2.8710565515529263,2.177909370992981,False
250362,abusive,0.0032725572697522207,2.6219094495488386,0.31661942122011233,7.519004526269798,7.725554495061013,7.519004526269798,7.978084980710061,0.45908045444026246,False
253107,abusive,0.7142857142857143,3.389648739450501,-1.3741480367281635,0.936426245424844,1.5648092021712583,0.936426245424844,1.7050322722130826,0.7686060267882386,False
253107,abusive,0.06382978723404255,1.9463262981975276,-1.070090655076374,1.8380275329317328,1.6604035619502409,1.8380275329317328,3.495518837858209,1.6574913049264763,False
253107,abusive,0.16326530612244897,1.8678749127728604,0.008763481245841032,2.1010354245214478,3.470312773433432,2.1010354245214478,1.7892749652283435,-0.31176045929310425,False
253107,abusive,0.045454545454545456,1.3855028729442753,-0.6550696825923946,2.9090750642918763,3.880624459302073,2.9090750642918763,3.4684442042689447,0.5593691399770684,False
253186,abusive,0.125,2.6746960450560073,-0.6471810111424823,0.6931471805599453,0.8317766166719343,0.6931471805599453,2.466364770167147,1.7732175896072015,False
268023,abusive,0.07142857142857142,2.6746960450560073,-0.4584708191777329,0.6931471805599453,0.6931471805599453,0.6931471805599453,1.3158502424020202,0.6227030618420749,False
268623,abusive,0.030303030303030304,3.488636168630934,-0.808623860328654,2.4342341187041816,2.0913365545337257,2.4342341187041816,1.559129307266919,-0.8751048114372626,True
275241,abusive,0.009566685424873381,3.7981408937540238,0.8069131386118835,9.120994589593847,8.706864120179208,9.120994589593847,10.176833448525908,1.055838858932061,False
275241,abusive,0.05805728088336784,3.0347028039524226,0.542193840509487,7.882039386248701,8.74935549526628,7.882039386248701,8.818904938168966,0.9368655519202651,False
275241,abusive,0.17918831624771803,3.76666358552587,0.4228335426463099,9.069402198722191,9.03064099642576,9.069402198722191,9.632650721557116,0.5632485228349253,False
275241,abusive,0.008328345001691695,1.6825174110665793,2.1340426735197053,3.77459855921334,6.362005648367349,3.77459855921334,8.236006818998792,4.461408259785452,False
276996,abusive,1.0,4.45055759258611,-1.2217931466570997,1.2712215321391782,0.9128696382935673,1.2712215321391782,0.8764053269347762,-0.39481620520440197,False
283886,abusive,0.3073394495412844,2.3612378120798687,-0.1066440802590023,1.635053220822412,3.0856286722589785,1.635053220822412,1.4180153671552183,-0.21703785366719375,False
284264,abusive,0.5,5.430468441751819,-2.83113843488786,0.6931471805599453,0.9128696382935673,0.6931471805599453,1.075055681536833,0.3819085009768878,False
288334,abusive,1.0,2.0820253376133153,0.08132658132052173,1.498217518706975,1.3862943611198906,1.498217518706975,1.3862943611198906,-0.11192315758708449,False
295524,abusive,0.6666666666666666,2.494768551696368,1.8247359432201358,0.936426245424844,1.0150347630467653,0.936426245424844,0.936426245424844,0.0,False
295524,abusive,0.023809523809523808,2.7606814713964285,-2.336303104063808,0.8553332238032111,1.7358624081785343,0.8553332238032111,4.363521723778958,3.508188499975747,False
295524,abusive,0.13333333333333333,1.5051191847480634,-0.039747640914884697,2.300774925889962,1.9831820145069368,2.300774925889962,2.3617151414142374,0.06094021552427531,False
295524,abusive,0.3333333333333333,1.4339359167217567,0.11572774912905226,2.4018509038767024,2.059780464958158,2.4018509038767024,1.937662434174219,-0.4641884697024834,False
295524,abusive,0.034482758620689655,1.4532527890501665,-0.5681347240237906,2.373503648540927,3.0552525660004344,2.373503648540927,3.1558843424738274,0.7823806939329003,False
295524,abusive,0.06060606060606061,0.5480255841998971,-0.11267833636623509,3.90328973425146,3.037330134262498,3.90328973425146,3.9052521403872134,0.0019624061357532696,False
296275,abusive,0.3684210526315789,2.031221013480672,-0.2625461457771716,1.5695525074947216,1.7876013152942403,1.5695525074947216,1.94391294287504,0.37436043538031827,False
298168,abusive,0.5,2.082025337613315,4.440892098500626e-16,1.498217518706975,1.498217518706975,1.498217518706975,1.498217518706975,0.0,False
298858,abusive,1.0,3.33863888082195,-0.13724439293630386,0.7742402021815782,0.7742402021815782,0.7742402021815782,0.9128696382935673,0.13862943611198908,False
298858,abusive,0.2,3.09012878866512,-1.1665628235596879,1.0514990744055563,1.1325920960271891,1.0514990744055563,1.4309230713827326,0.3794239969771762,False
298858,abusive,0.5,3.682916995437844,0.8387575543111829,1.3256082752359066,1.1772208062900311,1.3256082752359066,1.038591370178042,-0.2870169050578646,False
298858,abusive,0.125,2.4524755575918133,-0.8358927286349631,0.9939626599152002,1.1772208062900311,0.9939626599152002,2.0676246075888143,1.0736619476736142,False
298858,abusive,0.2,1.9968077719117623,0.21852426215466658,1.7496609824759246,1.7240943081739477,1.7496609824759246,1.3158502424020202,-0.4338107400739044,False
298858,abusive,1.0,1.806228187249794,1.1924288279995496,1.9279044013403326,1.8672183154563489,1.9279044013403326,1.1901285105175454,-0.7377758908227872,True
298858,abusive,1.0,3.2436874819902,0.7503183684251455,0.8553332238032111,0.8553332238032111,0.8553332238032111,1.0514990744055563,0.19616585060234526,False
298858,abusive,1.0,3.183711650870321,-0.8834181997708814,0.936426245424844,1.0247927958806518,0.936426245424844,1.2136851176488221,0.27725887222397816,False
299864,abusive,0.16129032258064516,2.226587156942303,-0.31441771301599486,1.30205166810463,1.5619082649306821,1.30205166810463,1.7477470922726948,0.44569542416806485,False
299864,abusive,0.34782608695652173,1.5362574356630643,0.552230141672402,2.263673874101586,1.8209959712636714,2.263673874101586,1.5017574341268554,-0.7619164399747307,True
299864,abusive,0.3333333333333333,1.962140703440345,-0.06592827042305771,1.6742021362476311,1.5947688751889375,1.6742021362476311,1.7829252255654275,0.1087230893177964,False
299864,abusive,0.16666666666666666,1.6873482863829785,0.04229299410455423,2.055836100462124,1.8492958837184112,2.055836100462124,1.9982996859717683,-0.05753641449035585,False
299864,abusive,0.2222222222222222,1.966526728590687,0.7470761332231337,1.6635532333438685,2.110222843558853,1.6635532333438685,1.6060168188535127,-0.05753641449035585,False
299864,abusive,0.2857142857142857,1.9546854142532404,-0.031392431761715356,1.6814756650818061,2.1666888950348193,1.6814756650818061,1.7272439795675758,0.04576831448576968,False
299864,abusive,0.4583333333333333,2.9851932082641737,-1.2193163927810604,1.2080509422554828,1.6952742393791964,1.2080509422554828,1.9262307514062293,0.7181798091507465,False
305230,abusive,0.1,2.794757757315728,-1.7133255283750286,1.0961277846683983,1.156148703158466,1.0961277846683983,2.8467125563155817,1.7505847716471834,False
311756,abusive,0.5,2.470158394607139,-0.3298311128053766,0.9704060527839233,1.0150347630467653,0.9704060527839233,1.4626440774180602,0.4922380246341369,False
311756,abusive,0.25,2.954316373873508,-0.5362519883066015,1.5453307329695285,1.6377378248888401,1.5453307329695285,1.4415719742864952,-0.1037587586830333,False
311756,abusive,0.5,3.9177075451029624,-1.561544450722843,0.8764053269347762,1.383144689726263,0.8764053269347762,1.119684391799675,0.2432790648648988,False
311756,abusive,1.0,2.9669947572080475,-0.9357737437273754,1.2347572207803874,1.383144689726263,1.2347572207803874,1.5695525074947216,0.33479528671433423,False
311756,abusive,0.3333333333333333,2.6338358967947846,-0.6434990715660205,1.7358624081785343,1.7589649856029035,1.7358624081785343,1.6239392505914498,-0.11192315758708449,False
311756,abusive,0.5,2.0805165764153744,-0.13275833231437972,1.632103649495501,1.9002434670648967,1.632103649495501,1.6952742393791964,0.0631705898836954,False
311756,abusive,0.07142857142857142,2.950995709369602,-0.28995943518536293,1.404216792857828,2.126554755942389,1.404216792857828,1.7861252938347156,0.38190850097688767,False
311756,abusive,0.25,3.159101493781092,1.3625730559679345,0.9704060527839233,0.8553332238032111,0.9704060527839233,1.038591370178042,0.0681853173941187,False
311774,abusive,1.0,2.163351918933837,0.0,1.3862943611198906,1.5695525074947216,1.3862943611198906,1.3862943611198906,0.0,False
313661,abusive,0.02032520325203252,1.858613579856269,0.30741489722490756,6.505656447095011,7.105943757460139,6.505656447095011,6.939193997530121,0.4335375504351102,False
313661,abusive,0.014164305949008499,1.520164967021051,-0.03820653161246357,2.2682850293615715,4.167397888852291,2.2682850293615715,2.334185742822595,0.06590071346102366,False
313661,abusive,0.011399908800729594,0.9791227755702258,0.43262506135560297,3.0564652562830097,2.8048402739556595,3.0564652562830097,4.387286711631869,1.3308214553488589,False
313661,abusive,0.023391812865497075,0.8913767370346551,0.7765689484901824,5.105294170419353,5.466698968066402,5.105294170419353,2.4116884657052298,-2.6936057047141233,True
313661,abusive,0.06451612903225806,0.7232525118044133,0.3361680086763239,3.9304664858469613,3.8202879169859196,3.9304664858469613,2.9033251816346795,-1.027141304212282,True
313661,abusive,0.011782032400589101,1.311354660375967,-0.16727351640279964,2.5906847760207263,2.913653828265047,2.5906847760207263,5.393445049469533,2.802760273448807,False
313661,abusive,0.014925373134328358,1.0102867137488059,0.24510117163376743,4.417173714963779,5.7007023142319895,4.417173714963779,5.630174841671004,1.2130011267072254,False
313661,abusive,0.01282051282051282,1.1666517430326582,-0.42718536200099444,5.482605951498994,5.718556895737405,5.482605951498994,3.564191666111843,-1.9184142853871506,True
313661,abusive,0.03007518796992481,0.5901439033895086,0.10206183121903245,4.315646764514394,4.507635522229737,4.315646764514394,4.538112782134317,0.22246601761992313,False
313661,abusive,0.019305019305019305,0.9458159444355745,0.2418891723507861,5.160460078743486,4.513099587982433,5.160460078743486,5.535340012599483,0.37487993385599694,False
313661,abusive,0.01718213058419244,1.477172537435999,-0.33064572179539486,5.943833499957042,5.96462821036868,5.943833499957042,5.513669865879772,-0.4301636340772701,False
313907,abusive,0.05,4.227957694823033,-3.0293668307356456,1.2347572207803874,1.521774125838252,1.2347572207803874,2.7310458246813383,1.4962886039009509,False
318701,abusive,0.0625,3.265849983828123,-2.4220421297435006,1.221849516552873,0.9128696382935673,1.221849516552873,3.504481503516078,2.282631986963205,False
319262,abusive,1.0,2.134380881569809,-0.1031598680891368,1.440681104216619,1.498217518706975,1.440681104216619,1.5695525074947219,0.12887140327810287,False
321957,abusive,0.23076923076923078,2.6147202139361276,-0.8871106785550271,0.7742402021815782,0.9939626599152002,0.7742402021815782,2.9565657897896105,2.182325587608032,False
321957,abusive,1.0,4.741525342577866,-2.1268051286417387,0.6931471805599453,0.6931471805599453,0.6931471805599453,0.7742402021815782,0.0810930216216329,False
322725,abusive,0.14285714285714285,2.5807187721773817,-1.7144695461998982,1.7317385507379874,1.4544796785140093,1.7317385507379874,3.597417391597422,1.8656788408594347,False
324224,abusive,1.0,2.000698756292793,0.1626531626410439,1.6101406762940595,1.498217518706975,1.6101406762940595,1.3862943611198906,-0.22384631517416897,False
328464,abusive,0.045454545454545456,2.711251701852506,-1.6844232652115296,1.433407575382444,1.84186797432852,1.433407575382444,3.5226847546204665,2.0892771792380227,False
329222,abusive,1.0,2.0820253376133153,0.0,1.498217518706975,1.3862943611198906,1.498217518706975,1.498217518706975,0.0,False
333737,abusive,0.07142857142857142,3.4073315764658267,-2.5061051255735185,0.9128696382935673,1.075055681536833,0.9128696382935673,3.575644715259854,2.6627750769662866,False
334315,abusive,1.0,2.41018256348726,1.3355932042433523,1.0514990744055563,1.3862943611198906,1.0514990744055563,1.1090354888959124,0.05753641449035607,False
339388,abusive,0.005780346820809248,2.0108086561643637,0.3734595106206906,1.629573425984789,2.2261103376170923,1.629573425984789,1.0961277846683983,-0.5334456413163906,True
346245,abusive,0.16666666666666666,3.9676061488760235,-1.5151305912842101,0.8553332238032111,1.2583138279116641,0.8553332238032111,0.9939626599152002,0.13862943611198908,False
346245,abusive,0.025,0.5108296474315662,1.2671607467815318,4.411484050231822,3.9768901360959177,4.411484050231822,1.9358687001776669,-2.475615350054155,True
346245,abusive,0.2,1.5662498797619602,0.24020810084577593,2.1857982738767197,1.9345127627805911,2.1857982738767197,1.8785323857540273,-0.3072658881226924,False
346245,abusive,0.2727272727272727,1.7270116559390432,-0.9264280592620955,1.9879253198304003,2.252276487826864,1.9879253198304003,3.4160972529538034,1.428171933123403,False
346245,abusive,0.07692307692307693,1.0951945310836089,-0.2606530663628621,3.039481352270476,3.785915141037657,3.039481352270476,3.380894169023653,0.34141281675317714,False
352556,abusive,1.0,2.4347927205764877,-0.13487469830095078,1.017519267046477,1.2007774134213078,1.017519267046477,1.2007774134213078,0.18325814637483084,False
373321,abusive,0.03125,3.9676061488760235,-2.644694288371898,0.8553332238032111,2.4792724743946613,0.8553332238032111,3.0217733846849795,2.1664401608817685,False
373321,abusive,0.5,4.716525079169857,0.025000263408010426,0.7742402021815782,0.7742402021815782,0.7742402021815782,0.6931471805599453,-0.0810930216216329,False
387599,abusive,0.0019455252918287938,3.243687481990201,0.2311568152335104,0.8553332238032111,0.7742402021815782,0.8553332238032111,2.0801604628548342,1.2248272390516233,False
387599,abusive,0.002008032128514056,3.3545431053314942,-0.11698200183460727,1.2007774134213078,3.097154332146814,1.2007774134213078,1.156148703158466,-0.044628710262841764,False
387599,abusive,0.020202020202020204,2.820599740133848,-0.6617130529221797,1.4724021102519467,3.396915954451275,1.4724021102519467,3.4405968396813242,1.9681947294293776,False
387599,abusive,0.031746031746031744,2.8542295177101478,-0.8610840033070846,1.792683258399314,2.783496246920886,1.792683258399314,3.834136842543381,2.041453584144067,False
387599,abusive,0.08333333333333333,2.2119167959525874,0.15886400292085767,2.4517652745932077,2.559209715780193,2.4517652745932077,3.2334539482837243,0.7816886736905166,False
387599,abusive,0.07692307692307693,2.0987853627881985,0.05772696231019525,2.2516505092250787,2.703797907369058,2.2516505092250787,3.266521063464817,1.0148705542397383,False
387599,abusive,0.03636363636363636,3.0930844952132803,-0.934186056173878,2.329945301292475,3.5390906497617842,2.329945301292475,3.535082090223402,1.2051367889309272,False
387599,abusive,0.07142857142857142,2.245013475030521,0.8918914313637814,4.045985810925266,3.736982769134113,4.045985810925266,2.394518925418381,-1.6514668855068853,True
388950,abusive,0.022988505747126436,2.1307460458573204,-1.2532677794186078,1.4309230713827326,1.7804911184413765,1.4309230713827326,4.422585110281392,2.9916620388986592,False
400168,abusive,0.0625,2.820657302516308,-1.8070761865623521,0.7742402021815782,1.038591370178042,0.7742402021815782,2.8593827924321764,2.085142590250598,False
403779,abusive,0.075,3.0102051071288796,-1.3238897415034956,1.119684391799675,2.2924106269192945,1.119684391799675,2.9270933170775826,1.8074089252779075,False
407548,abusive,0.07142857142857142,3.137145842123238,-1.9576023182018338,1.1536641991587544,1.0514990744055563,1.1536641991587544,2.9116894806053466,1.7580252814465922,False
407548,abusive,1.0,0.9853774431161011,1.6683386305395833,3.091277799246539,0.7742402021815782,3.091277799246539,0.8317766166719343,-2.2595011825746045,True
417257,abusive,0.36363636363636365,2.2489288389775277,-0.44505527302788495,1.5526042618037035,1.498217518706975,1.5526042618037035,1.8873995485180377,0.33479528671433423,False
421689,abusive,0.4,1.94989443216015,0.13213090545316541,1.6814756650818061,1.6101406762940595,1.6814756650818061,1.498217518706975,-0.18325814637483107,False
426345,abusive,0.18181818181818182,3.2436874819902,-1.9872411912918566,0.8553332238032111,0.9128696382935673,0.8553332238032111,2.592416388569349,1.7370831647661382,False
431475,abusive,0.006349206349206349,2.1387018601942356,0.9679127705144159,1.4334075753824442,2.9352949218230586,1.4334075753824442,8.20505831856941,6.7716507431869655,False
431475,abusive,0.003089598352214212,3.2186294885698943,-0.08979100777061833,8.361162963443348,8.541767027916817,8.361162963443348,8.24104969267601,-0.12011327076733913,False
431475,abusive,0.0011190689346463742,3.333533554090136,-0.05465224075025654,8.503061033970763,8.583477735262928,8.503061033970763,8.433572472534804,-0.06948856143595883,False
431475,abusive,0.17123287671232876,3.074017584887413,-1.630412548757499,3.6536712524552812,4.494090893702895,3.6536712524552812,3.3820452513377774,-0.2716260011175038,False
431475,abusive,0.001869158878504673,1.7043997724273445,-0.8617839294149152,5.515896650281759,5.85098994301475,5.515896650281759,5.068598145588702,-0.4472985046930571,False
431475,abusive,0.043478260869565216,1.5332963388398415,-0.7064453275645851,4.347646055667727,2.2352778452601854,4.347646055667727,4.676121847128204,0.3284757914604768,False
431475,abusive,0.0016746912288046892,1.2247713519194412,-0.1994741977754826,5.585854045607885,4.086786239952281,5.585854045607885,4.112258763338008,-1.4735952822698772,True
431475,abusive,0.016597510373443983,3.049672768951102,-0.26703211069415644,4.478860071967874,3.6023375961959787,4.478860071967874,2.914385090505669,-1.5644749814622054,True
432465,abusive,0.021808918975504223,4.431454199511312,-0.16675781656140476,9.948252409340494,8.970172524391982,9.948252409340494,9.729210640836115,-0.21904176850437906,False
432465,abusive,0.008109416606148633,4.4724761077262745,-0.5150360313648692,9.999288494079753,9.528460860768174,9.999288494079753,9.331058376515234,-0.6682301175645193,False
432465,abusive,0.007090925410645364,4.279731153232565,-0.16555692790759569,9.75952133580454,9.833561328695572,9.75952133580454,9.5384909949009,-0.2210303409036385,False
432465,abusive,0.12344515642668677,3.518854076265785,0.48712467391075887,8.74449929628099,8.985472823793971,8.74449929628099,9.389417419184088,0.644918122903098,False
432465,abusive,0.10093014051058777,3.7659734395413884,-0.2281420408270627,9.074525504242283,8.813448758657481,9.074525504242283,8.777654876272592,-0.29687062796969066,False
432465,abusive,0.009124087591240875,3.4237716743392688,-0.45740331673820966,8.622698396248856,8.910421666640847,8.622698396248856,7.522054287170578,-1.100644109078278,True
432481,abusive,0.010810810810810811,16.394312375995252,-10.895535814449818,2.4293664130971804,3.6370809381160663,2.4293664130971804,3.585420750704131,1.1560543376069505,False
432481,abusive,0.02262443438914027,2.721708361783273,-1.8057958903287934,3.003350326903418,3.0975771420337943,3.003350326903418,3.1603040309703117,0.1569537040668938,False
432481,abusive,0.009773434029320302,0.7720177437625848,0.6142508514793692,3.4135352161394237,2.9197728012820736,3.4135352161394237,4.469589363533615,1.0560541473941911,False
432481,abusive,0.01142263759086189,1.0737591779339357,-0.0702232771835376,4.875589873612336,3.0887932952468273,4.875589873612336,5.049839434408303,0.17424956079596665,False
432481,abusive,0.011730205278592375,1.2376467545452376,-0.10852328784171239,2.699061058761387,3.162479030115923,2.699061058761387,5.403338452210774,2.7042773934493876,False
432481,abusive,0.013020833333333334,1.2680795610358684,-0.013241627793369348,4.136581496985472,5.675160601020514,4.136581496985472,5.608317733966315,1.4717362369808429,False
432481,abusive,0.017467248908296942,1.1960945299298433,-0.3802398589407652,5.530481000533783,5.7001848161452715,5.530481000533783,3.489647248095006,-2.0408337524387767,True
432481,abusive,0.044444444444444446,0.7130570256218798,-0.06926957498096997,4.543959221486125,4.471514278891336,4.543959221486125,4.425493752433701,-0.11846546905242406,False
432481,abusive,0.019230769230769232,0.9075100734385557,0.5638451797973942,4.924094033876597,5.365153745062086,4.924094033876597,5.937855779915017,1.01376174603842,False
432700,abusive,1.0,2.6147202139361276,0.20593708858018012,0.7742402021815782,0.7742402021815782,0.7742402021815782,0.7742402021815782,0.0,False
438104,abusive,0.5,2.6746960450560073,0.0,0.6931471805599453,0.7742402021815782,0.6931471805599453,0.6931471805599453,0.0,False
441296,abusive,1.0,3.3636391442299605,1.8196237338285215,0.6931471805599453,0.7742402021815782,0.6931471805599453,0.7742402021815782,0.0810930216216329,False
441296,abusive,0.05555555555555555,4.656549248049977,-2.58573495278104,0.8553332238032111,1.1325920960271891,0.8553332238032111,2.7412886360750246,1.8859554122718136,False
443783,abusive,0.5,1.7661428933287175,0.08302637513686495,1.9764936370624107,2.321326872681516,1.9764936370624107,1.8201051011937952,-0.15638853586861545,False
445015,abusive,0.11467840652850854,4.7284660679525725,-0.43768725934156105,10.353912254893197,9.787842946040493,10.353912254893197,9.784174375007284,-0.5697378798859134,False
445015,abusive,0.02381864400877529,4.945960605271608,-0.1765619592990415,10.646020550528233,10.41655246487741,10.646020550528233,10.418219928914697,-0.22780062161353598,False
445015,abusive,0.0296035655641567,4.482102024502977,0.847905490051116,10.037489030126117,10.110201792352782,10.037489030126117,11.157046996427479,1.119557966301361,False
445015,abusive,0.0201160898006818,4.229772836675566,0.7751387142380954,9.697730528382191,9.135469156881573,9.697730528382191,10.734577056659997,1.036846528277806,False
445015,abusive,0.1694445300224899,3.8280331296919967,-0.3007913031582312,9.16854644858018,8.875347162966468,9.16854644858018,8.74344798758695,-0.42509846099322957,False
445015,abusive,0.019275545993103244,4.218605445445912,-0.14913472376978465,9.69301179009878,9.493295612318573,9.69301179009878,9.468891447454675,-0.2241203426441043,False
445015,abusive,0.03249649752814055,3.8727263973153727,0.06836037316578869,9.225088063438887,9.707876044661978,9.225088063438887,9.114009916625491,-0.11107814681339612,False
445015,abusive,0.17697973891999788,4.36184333614312,0.103523532820879,9.870940670358817,8.900700770652978,9.870940670358817,10.019619308706345,0.14867863834752804,False
445015,abusive,0.32881790959646373,4.919002315509402,-0.5421820509103767,10.605606007629259,9.685486736746387,10.605606007629259,9.889515428443477,-0.7160905791857815,True
445015,abusive,0.06941870451566243,4.342745471300158,-0.02569667697124345,9.859533747085893,9.886180664131441,9.859533747085893,9.82567645140687,-0.03385729567902196,False
445015,abusive,0.007896653182864768,5.323539063250864,-0.8455156739329928,11.13826946742781,10.022980750714535,11.13826946742781,10.020847114539208,-1.1174223528886014,True
445015,abusive,0.020161865155816597,3.8888105836223454,0.5370582206400192,9.173049466156982,10.447885389854381,9.173049466156982,9.96556975193622,0.7925202857792382,False
445015,abusive,0.16124782728021225,4.333245944552734,-0.5940659476154324,9.846701355661764,10.443107517966904,9.846701355661764,9.04792065018275,-0.7987807054790146,True
445379,abusive,0.21428571428571427,2.3715578724250106,-1.4994136663382498,1.5931091146259984,1.156148703158466,1.5931091146259984,3.5986954520391015,2.005586337413103,False
445706,abusive,0.25,2.4347927205764877,-0.8295454449009267,1.017519267046477,1.8083370011892086,1.017519267046477,2.1753073236457783,1.1577880565993013,False
447906,abusive,0.35,2.163351918933837,-0.9547445389635005,1.3862943611198906,1.5644889458978635,1.3862943611198906,2.756213634081612,1.3699192729617213,False
457851,abusive,0.25,2.5018608318040427,-1.5097624127674867,1.5484804043631564,0.9939626599152002,1.5484804043631564,3.499787032279049,1.9513066279158928,False
458857,abusive,0.05555555555555555,3.2612644339219314,-1.5666424379250088,0.8764053269347762,1.2583138279116641,0.8764053269347762,2.3053183311468084,1.4289130042120322,False
460417,abusive,0.2857142857142857,2.4947685516963674,-1.0582510522330721,0.936426245424844,1.2372417247800989,0.936426245424844,2.40691446547356,1.4704882200487162,False
462853,abusive,0.027777777777777776,2.806432403444508,-1.4578192121263975,0.9939626599151999,1.1772208062900311,0.9939626599151999,3.033287355049275,2.039324695134075,False
464123,abusive,0.5,4.052582243403913,-1.4801550235723395,0.6931471805599453,0.8553332238032111,0.6931471805599453,0.8317766166719343,0.13862943611198897,False
465958,abusive,0.05714285714285714,2.8206573025163078,-1.1323728019644972,0.7742402021815782,1.7559114911767455,0.7742402021815782,3.0528680370090533,2.278627834827475,False
466000,abusive,0.058823529411764705,3.7381613083666982,-2.1715773159139284,1.4940448271799933,2.8648508031051882,1.4940448271799933,2.435830711235782,0.9417858840557887,False
467864,abusive,0.25,2.1307460458573204,0.032605873076516634,1.4309230713827326,1.5566448032672073,1.4309230713827326,1.3862943611198906,-0.044628710262841986,False
467894,abusive,0.5,2.7606814713964285,-0.08598542634042117,0.8553332238032111,0.6931471805599453,0.8553332238032111,0.6931471805599453,-0.1621860432432658,False
468042,abusive,0.3333333333333333,2.6147202139361276,-0.32448931268862813,0.7742402021815782,0.9939626599152002,0.7742402021815782,1.2136851176488221,0.43944491546724396,False
468212,abusive,0.25,2.614720213936127,-0.516580041155323,0.7742402021815782,1.1772208062900311,0.7742402021815782,1.4755517816455745,0.7013115794639964,False
468218,abusive,0.25,2.6147202139361276,-0.4513682950022906,0.7742402021815782,1.5120160930043653,0.7742402021815782,1.3862943611198906,0.6120541589383124,False
468219,abusive,0.16666666666666666,2.257519143087388,-0.09416722415355094,1.3029425381745061,1.2136851176488221,1.3029425381745061,1.3862943611198906,0.08335182294538446,False
468219,abusive,1.0,2.163351918933837,0.5113441261221703,1.3862943611198906,1.30205166810463,1.3862943611198906,0.6931471805599453,-0.6931471805599453,True
468221,abusive,0.14285714285714285,1.9473690210882186,-0.07943029869455276,1.6823665351516823,1.8225896051935062,1.6823665351516823,1.791759469228055,0.10939293407637263,False
468237,abusive,0.3333333333333333,2.6746960450560073,-0.3844651438085078,0.6931471805599453,0.7742402021815782,0.6931471805599453,1.2136851176488221,0.5205379370888769,False
468237,abusive,1.0,2.374816889456608,0.19761033037496567,1.0986122886681098,1.2007774134213078,1.0986122886681098,0.8317766166719343,-0.2668356719961755,False
468492,abusive,1.0,3.2826833417097583,-0.8028378260745819,0.9128696382935673,0.8317766166719343,0.9128696382935673,0.9574983485564091,0.044628710262841875,False
468547,abusive,0.3333333333333333,2.820657302516308,-0.20593708858018056,0.7742402021815782,0.7742402021815782,0.7742402021815782,0.7742402021815782,0.0,False
468944,abusive,1.0,2.6746960450560073,1.442891653288004,0.6931471805599453,0.7742402021815782,0.6931471805599453,0.9939626599152002,0.3008154793552549,False
468948,abusive,0.3333333333333333,2.2902309012474995,-0.20797338766945606,1.2136851176488221,1.0986122886681098,1.2136851176488221,1.4991083887768513,0.2854232711280291,False
468961,abusive,0.25,2.1307460458573204,-0.04991328126794059,1.4309230713827326,1.5201804919084165,1.4309230713827326,1.5120160930043653,0.08109302162163279,False
468962,abusive,1.0,2.551341363347656,0.12335468170835151,1.0150347630467653,0.6931471805599453,1.0150347630467653,0.6931471805599453,-0.32188758248682003,False
468994,abusive,0.25,2.299918022275537,-0.217892684662222,1.2007774134213078,1.4309230713827326,1.2007774134213078,1.498217518706975,0.2974401052856672,False
469005,abusive,0.5,3.22876444592901,-0.6563372260974369,0.8764053269347762,0.7742402021815782,0.8764053269347762,0.8317766166719343,-0.044628710262841986,False
469010,abusive,0.25,2.6746960450560073,-0.5113441261221703,0.6931471805599453,1.2922936352707435,0.6931471805599453,1.3862943611198906,0.6931471805599453,False
469055,abusive,0.3333333333333333,2.6746960450560073,-0.0599758311198797,0.6931471805599453,0.6931471805599453,0.6931471805599453,0.7742402021815782,0.0810930216216329,False
469071,abusive,1.0,2.6746960450560073,0.060043665524009526,0.6931471805599453,0.8317766166719343,0.6931471805599453,0.9574983485564091,0.26435116799646385,False
469102,abusive,0.3333333333333333,2.5514472484312507,-0.21892335307919675,0.9704060527839233,1.075055681536833,0.9704060527839233,1.156148703158466,0.18574265037454274,False
469116,abusive,0.125,2.554744382816247,-0.1799274933596391,0.8553332238032111,1.0986122886681098,0.8553332238032111,1.0986122886681098,0.2432790648648987,False
469139,abusive,0.4,2.374816889456608,-0.1691719764182169,1.0986122886681098,1.2007774134213078,1.0986122886681098,1.3287579466295345,0.23014565796142472,False
469139,abusive,0.1111111111111111,1.8234508383686905,0.02224394201248736,1.8534197411589581,1.8225896051935062,1.8534197411589581,1.8225896051935062,-0.03083013596545192,False
469205,abusive,0.25,2.332523895352054,-0.1691719764182169,1.156148703158466,1.2136851176488221,1.156148703158466,1.3862943611198906,0.2301456579614245,False
469205,abusive,1.0,2.163351918933837,0.5113441261221703,1.3862943611198906,1.498217518706975,1.3862943611198906,0.6931471805599453,-0.6931471805599453,True
469206,abusive,0.3333333333333333,2.4528086088957224,-0.19518358072473907,1.2136851176488221,1.0986122886681098,1.2136851176488221,1.2583138279116641,0.044628710262841986,False
469207,abusive,1.0,3.30366331311008,1.0933904798808105,0.7742402021815782,0.8317766166719343,0.7742402021815782,0.6931471805599453,-0.0810930216216329,False
469209,abusive,0.3333333333333333,2.820657302516308,-0.5304264012688087,0.7742402021815782,1.075055681536833,0.7742402021815782,1.2136851176488221,0.43944491546724396,False
469328,abusive,0.16666666666666666,1.8679387223936659,-0.0744270019249802,1.791759469228055,1.8225896051935067,1.791759469228055,1.880126019683863,0.08836655045580799,False
469347,abusive,0.25,2.3324180102684586,-0.16906609133462158,1.2007774134213078,1.3733866568923765,1.2007774134213078,1.3862943611198906,0.18551694769858273,False
469354,abusive,0.5,6.119411540925773,-0.5679821051216631,0.6931471805599453,1.038591370178042,0.6931471805599453,0.8553332238032111,0.1621860432432658,False
469354,abusive,0.5,6.119411540925773,-0.5429818417136527,0.6931471805599453,0.6931471805599453,0.6931471805599453,0.7742402021815782,0.0810930216216329,False
469358,abusive,1.0,2.163351918933837,0.3314166327625303,1.3862943611198906,1.1269579206338498,1.3862943611198906,0.936426245424844,-0.4498681156950466,False
469361,abusive,0.5,2.760681471396428,-0.46038802029698855,0.8553332238032111,0.9939626599152002,0.8553332238032111,1.2136851176488221,0.35835189384561106,False
469361,abusive,1.0,2.299918022275537,0.2125333664361566,1.2007774134213078,0.9128696382935673,1.2007774134213078,0.9128696382935673,-0.2879077751277406,False
469363,abusive,0.5,2.6746960450560073,-0.3421721497039534,0.6931471805599453,0.9704060527839233,0.6931471805599453,1.156148703158466,0.4630015225985208,False
469371,abusive,0.3333333333333333,2.6746960450560073,-0.0599758311198797,0.6931471805599453,0.7742402021815782,0.6931471805599453,0.7742402021815782,0.0810930216216329,False
469371,abusive,0.3333333333333333,2.4347927205764877,-0.2194606865100588,1.017519267046477,1.156148703158466,1.017519267046477,1.3158502424020202,0.2983309753555432,False
469584,abusive,1.0,2.6746960450560073,-0.2548263605407102,0.6931471805599453,0.6931471805599453,0.6931471805599453,1.038591370178042,0.34544418961809675,False
469591,abusive,0.3333333333333333,2.374816889456608,-0.08469187329270333,1.0986122886681098,1.2007774134213078,1.0986122886681098,1.2583138279116641,0.15970153924355435,False
469593,abusive,0.3333333333333333,3.96977483415753,0.7717505084203369,1.0150347630467655,0.7742402021815782,1.0150347630467655,0.6931471805599453,-0.32188758248682026,False
469612,abusive,0.5,2.6147202139361276,-0.20453765044886874,0.7742402021815782,0.6931471805599453,0.7742402021815782,1.0514990744055563,0.27725887222397816,False
469612,abusive,0.3333333333333333,2.386682074459042,-0.1290570462880587,1.2007774134213078,1.3523145537608112,1.2007774134213078,1.2583138279116641,0.05753641449035629,False
469673,abusive,0.5,2.5547443828162475,-0.08912376625287077,0.8553332238032111,0.6931471805599453,0.8553332238032111,1.1772208062900311,0.32188758248682003,False
469673,abusive,0.16666666666666666,2.104269279625803,-0.06521174615303371,1.4673873827415236,1.3862943611198906,1.4673873827415236,1.5566448032672073,0.08925742052568375,False
469678,abusive,0.3333333333333333,2.5124513887116935,-0.3658891149813366,0.9128696382935673,1.156148703158466,0.9128696382935673,1.4098509682511673,0.4969813299576,False
469681,abusive,0.5,2.6746960450560073,0.14596125746030086,0.6931471805599453,0.6931471805599453,0.6931471805599453,0.7742402021815782,0.0810930216216329,False
469681,abusive,0.3333333333333333,2.614720213936127,-0.4742870470507694,0.7742402021815782,0.936426245424844,0.7742402021815782,1.4180153671552183,0.6437751649736401,False
469683,abusive,0.25,2.3389138819950945,-0.25808111740571427,1.2583138279116641,1.3862943611198906,1.2583138279116641,1.5120160930043656,0.25370226509270144,False
469688,abusive,0.25,2.6746960450560073,-0.41707101688502446,0.6931471805599453,0.8553332238032111,0.6931471805599453,1.2583138279116641,0.5651666473517188,False
469701,abusive,0.2,2.6746960450560073,-0.5439499991986869,0.6931471805599453,1.1325920960271891,0.6931471805599453,1.4309230713827326,0.7377758908227873,False
469701,abusive,1.0,2.163351918933837,0.33141663276253075,1.3862943611198906,1.498217518706975,1.3862943611198906,0.936426245424844,-0.4498681156950466,False
469704,abusive,0.5,2.8206573025163078,-0.2868928911003832,0.7742402021815782,0.8317766166719343,0.7742402021815782,0.9939626599152002,0.21972245773362198,False
469710,abusive,0.2,2.374816889456608,-0.24407084359928755,1.0986122886681098,1.3733866568923765,1.0986122886681098,1.4309230713827326,0.3323107827146228,False
469711,abusive,0.5,2.760681471396428,-0.042292994104554005,0.8553332238032111,0.6931471805599453,0.8553332238032111,0.9128696382935673,0.05753641449035618,False
469731,abusive,0.25,2.0543559983578623,0.10899592057597474,1.5484804043631564,1.3862943611198906,1.5484804043631564,1.3862943611198906,-0.1621860432432658,False
469732,abusive,0.25,2.554744382816247,-0.2222204874641931,0.8553332238032111,0.6931471805599453,0.8553332238032111,1.156148703158466,0.300815479355255,False
469738,abusive,0.5,2.5937402425358043,0.08095580252020307,0.9128696382935673,0.6931471805599453,0.9128696382935673,0.6931471805599453,-0.21972245773362198,False
469740,abusive,0.3333333333333333,2.6147202139361276,-0.32448931268862813,0.7742402021815782,0.8317766166719343,0.7742402021815782,1.2136851176488221,0.43944491546724396,False
469747,abusive,0.14285714285714285,1.9738457873197361,-0.10590706492607027,1.6459022237928913,1.8169554298001676,1.6459022237928913,1.791759469228055,0.14585724543516365,False
469747,abusive,0.125,1.7184348801485334,-0.10633247566972681,1.9993227061051222,2.1029981488111127,1.9993227061051222,2.126554755942389,0.127232049837267,False
469752,abusive,0.6666666666666666,2.700705640276548,-0.34410892126612813,0.936426245424844,0.9128696382935673,0.936426245424844,1.2347572207803874,0.2983309753555434,False
469753,abusive,0.25,2.3924997264719337,-0.28622284486228944,1.075055681536833,1.4309230713827326,1.075055681536833,1.5120160930043656,0.4369604114675325,False
469754,abusive,1.0,2.082025337613315,0.4304260510983786,1.498217518706975,0.6931471805599453,1.498217518706975,0.9128696382935673,-0.5853478804134078,True
469763,abusive,0.2,2.4798455156351764,-0.14732162028312246,0.9574983485564091,1.0986122886681098,0.9574983485564091,1.156148703158466,0.19865035460205693,False
469763,abusive,1.0,2.374816889456608,0.29987915559939937,1.0986122886681098,1.119684391799675,1.0986122886681098,0.6931471805599453,-0.4054651081081645,True
469780,abusive,0.3333333333333333,2.6147202139361276,-0.5165800411553234,0.7742402021815782,0.936426245424844,0.7742402021815782,1.4755517816455745,0.7013115794639964,False
469788,abusive,0.5,2.5937402425358047,-0.03899585971955766,0.9128696382935673,1.038591370178042,0.9128696382935673,0.8553332238032111,-0.05753641449035618,False
469796,abusive,0.5,2.6746960450560073,-0.0599758311198797,0.6931471805599453,0.7742402021815782,0.6931471805599453,0.7742402021815782,0.0810930216216329,False
469812,abusive,1.0,2.6746960450560073,1.8298395308604083,0.6931471805599453,0.7742402021815782,0.6931471805599453,0.8553332238032111,0.1621860432432658,False
469815,abusive,0.25,2.820657302516308,-0.14596125746030086,0.7742402021815782,0.7742402021815782,0.7742402021815782,0.6931471805599453,-0.0810930216216329,False
469818,abusive,0.25,2.410182563487259,-0.2794365176299385,1.0514990744055563,1.5695525074947216,1.0514990744055563,1.4309230713827326,0.3794239969771762,False
469820,abusive,0.5,2.6147202139361276,0.0,0.7742402021815782,0.7742402021815782,0.7742402021815782,0.7742402021815782,0.0,False
469850,abusive,0.5,2.6746960450560073,0.026009595220541026,0.6931471805599453,0.6931471805599453,0.6931471805599453,0.936426245424844,0.2432790648648987,False
469905,abusive,1.0,2.554744382816247,-0.20364445863702185,0.8553332238032111,0.6931471805599453,0.8553332238032111,1.1325920960271891,0.27725887222397805,False
469909,abusive,1.0,2.5124513887116935,0.042292994104554005,0.9128696382935673,0.936426245424844,0.9128696382935673,0.8553332238032111,-0.05753641449035618,False
469925,abusive,0.25,2.0808327645893803,0.049913281267940146,1.5120160930043653,1.4755517816455745,1.5120160930043653,1.4309230713827326,-0.08109302162163279,False
469937,abusive,0.3333333333333333,2.760681471396428,-0.14596125746030042,0.8553332238032111,0.6931471805599453,0.8553332238032111,0.7742402021815782,-0.0810930216216329,False
469937,abusive,0.2,2.2902309012474995,-0.2899083476962456,1.2136851176488221,1.4180153671552183,1.2136851176488221,1.6094379124341003,0.39575279478527814,False
469944,abusive,0.6666666666666666,2.6147202139361276,-0.10237471030802947,0.7742402021815782,0.6931471805599453,0.7742402021815782,0.9574983485564091,0.18325814637483095,False
469946,abusive,0.3333333333333333,2.299918022275537,0.03260587307651708,1.2007774134213078,1.156148703158466,1.2007774134213078,1.156148703158466,-0.044628710262841764,False
469970,abusive,0.5,4.887486600038167,-1.9420229025690419,0.7742402021815782,0.7742402021815782,0.7742402021815782,0.9939626599152002,0.21972245773362198,False
469979,abusive,0.25,2.4798455156351773,0.03260587307651619,0.9574983485564091,0.936426245424844,0.9574983485564091,0.9128696382935673,-0.044628710262841875,False
469996,abusive,0.14285714285714285,1.8679387223936659,-0.07015634742008015,1.791759469228055,1.8728524908496875,1.791759469228055,1.8842498771244098,0.09249040789635488,False
470000,abusive,0.25,2.6746960450560073,-0.5016570050941325,0.6931471805599453,0.7742402021815782,0.6931471805599453,1.3733866568923765,0.6802394763324312,False
470013,abusive,1.0,4.741525342577867,-1.3778861983479063,0.6931471805599453,0.8553332238032111,0.6931471805599453,0.6931471805599453,0.0,False
470014,abusive,0.2,1.8679387223936659,1.4957004218362946,1.791759469228055,1.791759469228055,1.791759469228055,0.6931471805599453,-1.0986122886681096,True
470128,abusive,0.25,2.1307460458573204,-0.032605873076516634,1.4309230713827326,1.5120160930043653,1.4309230713827326,1.4755517816455745,0.044628710262841986,False
470136,abusive,0.5,2.5724272198315736,0.021313022704230633,0.8317766166719343,0.6931471805599453,0.8317766166719343,0.9128696382935673,0.08109302162163301,False
470145,abusive,0.3333333333333333,3.3636391442299605,0.17223577479348862,0.6931471805599453,0.936426245424844,0.6931471805599453,0.6931471805599453,0.0,False
470148,abusive,0.6666666666666666,2.8206573025163078,-0.6053252684498789,0.7742402021815782,0.9939626599152002,0.7742402021815782,1.3158502424020202,0.541610040220442,False
470153,abusive,0.5,3.9326305811641538,-1.2579345361081464,0.8553332238032111,0.6931471805599453,0.8553332238032111,0.6931471805599453,-0.1621860432432658,False
470281,abusive,0.25,2.572427219831573,-0.40907530089773614,0.8317766166719343,1.3158502424020202,0.8317766166719343,1.3862943611198906,0.5545177444479563,False
470283,abusive,0.25,2.374816889456608,-0.042292994104554005,1.0986122886681098,1.3256082752359066,1.0986122886681098,1.156148703158466,0.05753641449035629,False
470289,abusive,1.0,3.2612644339219314,-0.6615381777657738,0.8764053269347762,0.6931471805599453,0.8764053269347762,0.7742402021815782,-0.10216512475319806,False
470316,abusive,0.6666666666666666,2.5724272198315736,0.1672742801645315,0.8317766166719343,0.7742402021815782,0.8317766166719343,0.9939626599152002,0.1621860432432659,False
470336,abusive,0.3333333333333333,2.2311482619394654,0.1436686275171426,1.294778139270455,1.3287579466295345,1.294778139270455,1.0986122886681098,-0.19616585060234515,False
470339,abusive,0.5,2.6147202139361276,-0.10226882522443415,0.7742402021815782,0.6931471805599453,0.7742402021815782,0.9128696382935673,0.13862943611198908,False
470343,abusive,0.3333333333333333,2.614720213936127,-0.28219631858407324,0.7742402021815782,0.9574983485564091,0.7742402021815782,1.156148703158466,0.3819085009768879,False
470413,abusive,0.3333333333333333,2.374816889456608,-0.17679226358160305,1.0986122886681098,1.0986122886681098,1.0986122886681098,1.3523145537608112,0.25370226509270144,False
470415,abusive,1.0,2.6746960450560073,0.0,0.6931471805599453,1.0961277846683983,0.6931471805599453,0.6931471805599453,0.0,False
470422,abusive,1.0,2.5124513887116935,0.042292994104554005,0.9128696382935673,0.7742402021815782,0.9128696382935673,0.8553332238032111,-0.05753641449035618,False
470431,abusive,0.125,1.8679387223936659,-0.11121971006243903,1.791759469228055,1.9345127627805911,1.791759469228055,1.945910149055313,0.15415067982725805,False
470441,abusive,0.5,2.6147202139361276,-0.01422489907179969,0.7742402021815782,0.936426245424844,0.7742402021815782,0.9939626599152002,0.21972245773362198,False
470446,abusive,0.3333333333333333,2.163351918933837,1.1403113941762437,1.3862943611198906,1.3862943611198906,1.3862943611198906,0.7742402021815782,-0.6120541589383124,True
470478,abusive,0.25,2.41018256348726,-0.31204239070645556,1.0514990744055563,1.352314553760811,1.0514990744055563,1.4755517816455745,0.4240527072400182,False
470484,abusive,1.0,3.3636391442299605,-0.7913178094819822,0.6931471805599453,0.7742402021815782,0.6931471805599453,0.8764053269347762,0.18325814637483095,False
470488,abusive,0.25,2.6746960450560073,-0.417071016885024,0.6931471805599453,0.9128696382935673,0.6931471805599453,1.2583138279116641,0.5651666473517188,False
470488,abusive,0.3333333333333333,2.374816889456608,-0.0032971343849972357,1.0986122886681098,1.156148703158466,1.0986122886681098,1.2136851176488221,0.11507282898071236,False
470491,abusive,0.25,2.0451866403177688,0.0682519973481277,1.5484804043631564,1.4755517816455745,1.5484804043631564,1.4673873827415236,-0.08109302162163279,False
470769,abusive,0.3333333333333333,2.41018256348726,-0.03536567403065183,1.0514990744055563,1.2136851176488221,1.0514990744055563,1.0986122886681098,0.04711321426255344,False
470769,abusive,0.3333333333333333,2.332523895352054,-0.07489886718107064,1.156148703158466,1.2947781392704552,1.156148703158466,1.2583138279116641,0.10216512475319806,False
470772,abusive,1.0,3.3494142451581608,-0.9146215245816731,0.9128696382935673,0.6931471805599453,0.9128696382935673,1.017519267046477,0.10464962875290973,False
470826,abusive,0.5,2.5724272198315736,0.042292994104554005,0.8317766166719343,0.6931471805599453,0.8317766166719343,0.7742402021815782,-0.05753641449035607,False
470840,abusive,1.0,5.430468441751819,-3.0193926864527145,0.6931471805599453,0.6931471805599453,0.6931471805599453,1.0514990744055563,0.35835189384561106,False
470904,abusive,0.3333333333333333,2.6746960450560073,-0.6737182762750087,0.6931471805599453,1.156148703158466,0.6931471805599453,1.6506455291163544,0.9574983485564091,False
482617,abusive,0.015748031496062992,1.2070285228514737,0.4672865110244251,2.743919719425212,4.382629630998223,2.743919719425212,2.0900904445835984,-0.6538292748416135,True
482617,abusive,0.010009099181073703,0.7842389570256489,0.4185852614737575,3.423520320705954,2.8419829437426025,3.423520320705954,5.089015800835148,1.6654954801291941,False
482617,abusive,0.022435897435897436,0.8789838600636491,0.221530645796007,5.104360220902102,5.5702463008245235,5.104360220902102,3.2662249728741886,-1.8381352480279132,True
482617,abusive,0.013605442176870748,1.2999301773316716,0.13637579814515122,2.597523048970382,3.268883182237115,2.597523048970382,5.861827210314957,3.264304161344575,False
482617,abusive,0.018302828618968387,1.2646841317905957,-0.05004584001706691,3.634692337919302,5.308335767752942,3.634692337919302,5.547649283657275,1.9129569457379731,False
482617,abusive,0.014084507042253521,1.3239124409772427,-0.16599743095658503,5.717790432618202,5.422831377438319,5.717790432618202,4.406784509772131,-1.3110059228460704,True
482617,abusive,0.02857142857142857,0.6441162095078833,0.011784772910314323,4.360601497975851,4.389023224509172,4.360601497975851,4.398957828368462,0.038356330392611326,False
482617,abusive,0.04807692307692308,0.7235768948112093,0.31019651821643035,4.629980509781981,4.946375372017413,4.629980509781981,5.303225479681231,0.6732449698992502,False
482617,abusive,0.00998003992015968,1.347765149791518,0.044457564046350484,5.766357756178925,5.909495839858524,5.766357756178925,5.867382741200679,0.10102498502175372,False
533891,abusive,0.0022727272727272726,76.00896223268919,-2.9876634712099417,6.041099897677742,6.088960702097567,6.041099897677742,6.490371022027783,0.4492711243500409,False
1542378,abusive,0.0967741935483871,1.7926495498679322,-1.2193576228748606,2.224083213604456,2.3520570835886807,2.224083213604456,4.28005165388022,2.0559684402757634,False
9736324,abusive,1.0,2.2637779470875716,0.14640461639968816,1.2712215321391782,1.1325920960271891,1.2712215321391782,1.0514990744055563,-0.21972245773362187,False
9736324,abusive,0.25,3.0317265200650527,-1.0538989655238793,1.2347572207803874,1.2347572207803874,1.2347572207803874,1.6547693865569015,0.4200121657765141,False
9736324,abusive,0.25,2.8914231845200917,-0.13074171312366367,1.383144689726263,1.0961277846683983,1.383144689726263,0.8553332238032111,-0.5278114659230518,True
9736324,abusive,1.0,2.8809497221174203,0.3815956752193168,1.359588082594986,1.0514990744055563,1.359588082594986,0.9128696382935673,-0.4467184443014187,False
9736324,abusive,0.2,2.031437246309383,0.2015776247723715,1.5802014103984843,1.4067012968575396,1.5802014103984843,1.2922936352707435,-0.2879077751277408,False
9736324,abusive,0.25,1.9821987750774344,1.0843210145072615,1.6604035619502409,1.8672183154563489,1.6604035619502409,1.0961277846683983,-0.5642757772818425,True
9736324,abusive,0.3333333333333333,2.760681471396428,1.0059306551545002,0.8553332238032111,1.2712215321391782,0.8553332238032111,1.1269579206338498,0.2716246968306387,False
31266097,abusive,0.5,3.3636391442299605,-0.6889430991739531,0.6931471805599453,0.8317766166719343,0.6931471805599453,0.6931471805599453,0.0,False
35999782,abusive,1.0,4.052582243403913,-1.4378620294677855,0.6931471805599453,0.7742402021815782,0.6931471805599453,0.7742402021815782,0.0810930216216329,False
36125128,abusive,0.25,2.374816889456608,-0.24407084359928755,1.0986122886681098,1.4180153671552183,1.0986122886681098,1.4309230713827326,0.3323107827146228,False
36125128,abusive,0.16666666666666666,2.1307460458573204,-0.03260587307651619,1.4309230713827326,1.4309230713827326,1.4309230713827326,1.4755517816455745,0.044628710262841986,False
36125128,abusive,1.0,2.163351918933837,0.2742006025967858,1.3862943611198906,1.1058858175022848,1.3862943611198906,1.0150347630467653,-0.37125959807312525,False
37906653,abusive,0.125,1.8012068963562027,-0.20033202469542255,1.8842498771244098,1.9961730347114943,1.8842498771244098,2.138843012286988,0.2545931351625781,False
38339711,abusive,0.3333333333333333,2.6147202139361276,-0.2821963185840737,0.7742402021815782,1.0514990744055563,0.7742402021815782,1.156148703158466,0.3819085009768879,False
39388507,abusive,0.2222222222222222,2.374816889456608,-0.9890622302575998,1.0986122886681098,0.936426245424844,1.0986122886681098,2.4828123898145416,1.3842001011464318,False
39388566,abusive,0.5,3.3068629290539584,-2.21159664380266,1.0514990744055563,2.6804530525074295,1.0514990744055563,2.9623327347124544,1.910833660306898,False
42667067,abusive,0.2,2.6746960450560073,-0.1499395777996999,0.6931471805599453,0.6931471805599453,0.6931471805599453,0.8553332238032111,0.1621860432432658,False
42667659,abusive,0.3333333333333333,2.4947685516963674,-0.08095580252020218,0.936426245424844,1.0986122886681098,0.936426245424844,1.156148703158466,0.2197224577336221,False
53348849,abusive,0.25,2.2734412560440194,0.05908263930803459,1.2372417247800989,1.156148703158466,1.2372417247800989,1.156148703158466,-0.08109302162163279,False
53740852,abusive,0.3333333333333333,2.580753978036788,-0.24823008268473412,1.0986122886681098,1.2372417247800989,1.0986122886681098,1.156148703158466,0.05753641449035629,False
53740852,abusive,0.2,2.413812749176165,-0.0034030194685921167,1.156148703158466,1.0986122886681098,1.156148703158466,1.3158502424020202,0.15970153924355412,False
53782438,abusive,0.3333333333333333,2.554744382816247,-0.2222204874641931,0.8553332238032111,1.038591370178042,0.8553332238032111,1.156148703158466,0.300815479355255,False
53782438,abusive,1.0,2.374816889456608,0.17992749335963953,1.0986122886681098,0.9574983485564091,1.0986122886681098,0.8553332238032111,-0.2432790648648987,False
53815011,abusive,0.3333333333333333,2.6746960450560073,-0.16235054142790917,0.6931471805599453,0.6931471805599453,0.6931471805599453,0.9574983485564091,0.26435116799646385,False
53815011,abusive,0.2,2.5723213347479783,-0.4415752888906579,0.8764053269347762,1.2007774134213078,0.8764053269347762,1.4309230713827326,0.5545177444479563,False
53815011,abusive,1.0,2.184294162837749,1.1793449813922114,1.359588082594986,0.9574983485564091,1.359588082594986,0.6931471805599453,-0.6664409020350407,True
56637015,abusive,0.3333333333333333,2.350206732367379,0.024610157089228757,1.1325920960271891,1.2136851176488221,1.1325920960271891,1.0986122886681098,-0.03397980735907935,False
58527709,abusive,0.3333333333333333,2.2826106140841134,0.007620287163386141,1.2372417247800986,1.0986122886681098,1.2372417247800986,1.2136851176488221,-0.023556607131276497,False
58594608,abusive,0.2608695652173913,1.4568355657268555,-0.1267256180148446,2.3385153586416605,2.746773313784753,2.3385153586416605,2.525040788880431,0.18652543023877044,False
58594608,abusive,0.01597444089456869,0.8457792382045062,0.5713882881469785,3.5130275934930437,2.8884074102364643,3.5130275934930437,4.418457303676943,0.9054297101838995,False
58594608,abusive,0.022123893805309734,1.1113314909576082,0.2144367449050597,5.358855073852623,2.2004199682408476,5.358855073852623,5.629665966432455,0.27081089257983226,False
58594608,abusive,0.022304832713754646,1.410818362731987,-0.0004944760687146665,2.4408942728326397,2.2103779011413507,2.4408942728326397,5.828194613387314,3.3873003405546744,False
58594608,abusive,0.021778584392014518,1.2782064669637063,-0.04018358401061395,3.5784205958411035,5.387366547117638,3.5784205958411035,5.592470328321788,2.0140497324806845,False
58594608,abusive,0.031746031746031744,1.3047051297261523,-0.3072439458979239,5.6933007491539245,5.5180613008885055,5.6933007491539245,4.516547050604194,-1.1767536985497307,True
58594608,abusive,0.018867924528301886,0.7861902752880561,0.004023221842125668,4.794178803218122,4.487518773483744,4.794178803218122,4.710877818481211,-0.08330098473691105,False
58594608,abusive,0.022887323943661973,1.0986477740499878,0.31155733813761954,5.413908916343608,5.9285053451669585,5.413908916343608,5.846995328703367,0.4330864123597591,False
60776696,abusive,0.3333333333333333,2.374816889456608,-0.1594848553901791,1.0986122886681098,1.0986122886681098,1.0986122886681098,1.3158502424020202,0.21723795373391042,False
61003719,abusive,0.25,2.3924997264719337,-0.017682837015325692,1.075055681536833,1.0986122886681098,1.075055681536833,1.0986122886681098,0.02355660713127672,False
61003719,abusive,0.25,2.163351918933837,-0.10046864741186834,1.3862943611198906,1.4673873827415236,1.3862943611198906,1.5249237972318794,0.13862943611198886,False
61003720,abusive,0.3333333333333333,2.6746960450560073,0.0,0.6931471805599453,0.7742402021815782,0.6931471805599453,0.6931471805599453,0.0,False
61412756,abusive,0.2,3.3636391442299605,-0.9888222547733525,0.6931471805599453,0.6931471805599453,0.6931471805599453,1.0986122886681098,0.4054651081081645,False
62574764,abusive,0.42857142857142855,2.5547443828162475,-0.04508042577758831,0.8553332238032111,0.7742402021815782,0.8553332238032111,1.2136851176488221,0.35835189384561106,False
62574764,abusive,0.6666666666666666,2.332523895352054,0.21943305579115924,1.156148703158466,1.156148703158466,1.156148703158466,1.156148703158466,0.0,False
62574764,abusive,0.5,2.374816889456608,0.23990332447951968,1.0986122886681098,1.0986122886681098,1.0986122886681098,0.7742402021815782,-0.3243720864865316,False
63663841,abusive,0.2857142857142857,2.1631401487666464,-0.06499997598584306,1.4755517816455745,1.4309230713827326,1.4755517816455745,1.4755517816455745,0.0,False
63663841,abusive,1.0,2.163351918933837,0.4090753008977366,1.3862943611198906,1.498217518706975,1.3862943611198906,0.8317766166719343,-0.5545177444479563,True
63747192,abusive,0.5,2.6147202139361276,0.0599758311198797,0.7742402021815782,0.7742402021815782,0.7742402021815782,0.6931471805599453,-0.0810930216216329,False
63747192,abusive,0.125,2.6147202139361276,-0.2821963185840737,0.7742402021815782,0.936426245424844,0.7742402021815782,1.156148703158466,0.3819085009768879,False
63747226,abusive,0.25,2.163351918933837,-0.06521174615303327,1.3862943611198906,1.4309230713827326,1.3862943611198906,1.4755517816455745,0.08925742052568397,False
63840950,abusive,1.0,2.6147202139361276,0.0599758311198797,0.7742402021815782,0.7742402021815782,0.7742402021815782,0.6931471805599453,-0.0810930216216329,False
65557899,abusive,0.25,2.6746960450560073,-0.16806230835720548,0.6931471805599453,0.7742402021815782,0.6931471805599453,1.038591370178042,0.34544418961809675,False
65878123,abusive,0.3333333333333333,2.371519755071611,-0.03899585971955721,1.2136851176488221,1.2136851176488221,1.2136851176488221,1.156148703158466,-0.05753641449035607,False
66095341,abusive,0.3333333333333333,2.5547443828162475,-0.19814766380582727,0.8553332238032111,0.9128696382935673,0.8553332238032111,1.2347572207803874,0.3794239969771763,False
66291172,abusive,0.3333333333333333,2.4524755575918133,-0.296743925821362,0.9939626599152002,1.2136851176488221,0.9939626599152002,1.4098509682511673,0.4158883083359671,False
68286445,abusive,0.5,2.5723213347479783,0.021418907787826402,0.8764053269347762,0.8553332238032111,0.8764053269347762,0.9128696382935673,0.036464311358791024,False
68286445,abusive,0.5,2.374816889456608,0.29987915559939937,1.0986122886681098,1.2007774134213078,1.0986122886681098,0.6931471805599453,-0.4054651081081645,True
70925120,abusive,1.0,3.3636391442299605,-0.7639128880738029,0.6931471805599453,0.8317766166719343,0.6931471805599453,0.7742402021815782,0.0810930216216329,False
70938938,abusive,1.0,2.820657302516308,1.2455460035967882,0.7742402021815782,0.8317766166719343,0.7742402021815782,0.7742402021815782,0.0,False
71039083,abusive,0.2,2.374816889456608,-0.24407084359928755,1.0986122886681098,1.3158502424020202,1.0986122886681098,1.4309230713827326,0.3323107827146228,False
73071769,abusive,0.5,2.6746960450560073,0.0,0.6931471805599453,0.6931471805599453,0.6931471805599453,0.6931471805599453,0.0,False
73071769,abusive,0.25,2.359893853395417,0.014923036061190942,1.119684391799675,1.156148703158466,1.119684391799675,1.0986122886681098,-0.021072103131565267,False
73071769,abusive,0.25,2.257625028170983,-0.28643026903356517,1.2583138279116641,1.4309230713827326,1.2583138279116641,1.6506455291163544,0.3923317012046903,False
73071770,abusive,0.3333333333333333,2.6746960450560073,-0.3421721497039534,0.6931471805599453,1.156148703158466,0.6931471805599453,1.156148703158466,0.4630015225985208,False
73071770,abusive,0.5,2.332523895352054,0.042292994104554005,1.156148703158466,1.2136851176488221,1.156148703158466,1.0986122886681098,-0.05753641449035629,False
73353532,abusive,0.5,3.3036633131100808,-0.7489189302938333,0.7742402021815782,0.7742402021815782,0.7742402021815782,0.8553332238032111,0.0810930216216329,False
73353532,abusive,0.5,2.572427219831573,0.07831919341895954,0.8317766166719343,0.6931471805599453,0.8317766166719343,1.038591370178042,0.20681475350610778,False
73498797,abusive,0.25,2.6147202139361276,-0.43199405294621585,0.7742402021815782,1.2136851176488221,0.7742402021815782,1.3604789526648622,0.586238750483284,False
73498797,abusive,1.0,2.163351918933837,0.2891236386579763,1.3862943611198906,1.220958646482997,1.3862943611198906,0.9939626599152002,-0.3923317012046904,False
75427009,abusive,0.5,2.184294162837749,0.3881330569938246,1.359588082594986,1.075055681536833,1.359588082594986,0.8317766166719343,-0.5278114659230517,True
75851555,abusive,0.25,2.4524755575918133,-0.34820627796601045,0.9939626599152002,1.4180153671552183,0.9939626599152002,1.4673873827415236,0.4734247228263234,False
75851555,abusive,1.0,2.082025337613315,0.5326948763228128,1.498217518706975,0.6931471805599453,1.498217518706975,0.7742402021815782,-0.7239773165253969,True
76085030,abusive,0.6666666666666666,2.6147202139361276,0.0,0.7742402021815782,0.6931471805599453,0.7742402021815782,0.7742402021815782,0.0,False
77807552,abusive,1.0,6.119411540925772,-3.7149316889630786,0.6931471805599453,0.6931471805599453,0.6931471805599453,0.9574983485564091,0.26435116799646385,False
77807552,abusive,0.4,2.1307460458573204,-0.059082639308034146,1.4309230713827326,1.3862943611198906,1.4309230713827326,1.5120160930043656,0.08109302162163301,False
77807552,abusive,0.3333333333333333,2.163351918933837,0.23186178022286796,1.3862943611198906,1.3862943611198906,1.3862943611198906,1.075055681536833,-0.3112386795830575,False
81060345,abusive,1.0,2.6746960450560073,0.0,0.6931471805599453,0.7742402021815782,0.6931471805599453,0.6931471805599453,0.0,False
81150328,abusive,0.3333333333333333,2.6746960450560073,-0.3421721497039534,0.6931471805599453,0.8317766166719343,0.6931471805599453,1.156148703158466,0.4630015225985208,False
81150328,abusive,0.2,2.163351918933837,0.3913924638824109,1.3862943611198906,1.498217518706975,1.3862943611198906,0.8553332238032111,-0.5309611373166795,True
81182240,abusive,0.14285714285714285,2.473788580296045,-0.3756484075152411,1.075055681536833,1.156148703158466,1.075055681536833,1.4755517816455745,0.4004961001087415,False
81268359,abusive,0.25,2.6746960450560073,-0.5765558722752036,0.6931471805599453,0.8317766166719343,0.6931471805599453,1.4755517816455745,0.7824046010856293,False
81268359,abusive,0.5,2.163351918933837,0.4090753008977366,1.3862943611198906,1.30205166810463,1.3862943611198906,0.8317766166719343,-0.5545177444479563,True
82948672,abusive,0.14285714285714285,2.146562273730357,-0.04842210094955357,1.4098509682511673,1.4673873827415236,1.4098509682511673,1.4755517816455745,0.06570081339440725,False
83658211,abusive,0.25,1.8444274795218374,-0.12443900240955386,1.826713462634054,1.9417862916147661,1.826713462634054,1.9612190413054957,0.13450557867144175,False
83658211,abusive,0.125,1.7875397301342244,-0.1534472584045723,1.9036826268151394,2.0187554557958522,1.9036826268151394,2.117770909155422,0.21408828234028277,False
84205702,abusive,0.5,2.6746960450560073,0.0,0.6931471805599453,0.6931471805599453,0.6931471805599453,0.6931471805599453,0.0,False
84205702,abusive,0.2,2.6746960450560073,-0.5281337713256504,0.6931471805599453,0.8553332238032111,0.6931471805599453,1.4098509682511673,0.716703787691222,False
86034672,abusive,0.3333333333333333,2.6746960450560073,-0.2223263725477893,0.6931471805599453,0.6931471805599453,0.6931471805599453,1.038591370178042,0.34544418961809675,False
86129662,abusive,0.3333333333333333,2.6722118421120675,-0.29739495265545957,1.1434055402812444,1.119684391799675,1.1434055402812444,1.0986122886681098,-0.04479325161313463,False
86129662,abusive,0.25,2.1827261609899122,-0.0520860002161867,1.3604789526648622,1.4309230713827326,1.3604789526648622,1.4755517816455745,0.11507282898071236,False
88456457,abusive,0.3333333333333333,2.6746960450560073,-0.42675813791306183,0.6931471805599453,0.8553332238032111,0.6931471805599453,1.2712215321391782,0.5780743515792329,False
88456457,abusive,0.25,2.163351918933837,-0.24859683836811763,1.3862943611198906,1.4309230713827326,1.3862943611198906,1.7358624081785343,0.34956804705864375,False
88459555,abusive,0.16666666666666666,1.8456947803811778,-0.017837526771401713,1.8225896051935067,1.8225896051935062,1.8225896051935067,1.9036826268151394,0.08109302162163279,False
90802471,abusive,0.5,3.243687481990201,-0.5689914369341937,0.8553332238032111,0.8317766166719343,0.8553332238032111,0.6931471805599453,-0.1621860432432658,False
90914443,abusive,0.3333333333333333,2.332523895352054,0.0,1.156148703158466,1.0986122886681098,1.156148703158466,1.156148703158466,0.0,False
92646180,abusive,0.5,3.3036633131100808,-0.6889430991739531,0.7742402021815782,0.6931471805599453,0.7742402021815782,0.7742402021815782,0.0,False
92890059,abusive,0.3333333333333333,2.6746960450560073,0.0,0.6931471805599453,0.6931471805599453,0.6931471805599453,0.6931471805599453,0.0,False
92890060,abusive,0.5,2.614720213936127,-0.3244893126886277,0.7742402021815782,0.6931471805599453,0.7742402021815782,1.2136851176488221,0.43944491546724396,False
95619812,abusive,0.4,2.6746960450560073,-0.2548263605407106,0.6931471805599453,0.7742402021815782,0.6931471805599453,1.038591370178042,0.34544418961809675,False
95631761,abusive,0.5,2.6147202139361276,0.0599758311198797,0.7742402021815782,0.8764053269347762,0.7742402021815782,0.6931471805599453,-0.0810930216216329,False
95645205,abusive,1.0,2.374816889456608,0.23990332447951968,1.0986122886681098,1.038591370178042,1.0986122886681098,0.7742402021815782,-0.3243720864865316,False
95876358,abusive,0.5,2.374816889456608,0.23990332447951923,1.0986122886681098,1.038591370178042,1.0986122886681098,0.7742402021815782,-0.3243720864865316,False
97598426,abusive,0.3333333333333333,2.374816889456608,0.23990332447951968,1.0986122886681098,1.119684391799675,1.0986122886681098,0.7742402021815782,-0.3243720864865316,False
98871877,abusive,0.3333333333333333,2.5984368150521133,-0.26591291970005937,1.075055681536833,1.0986122886681098,1.075055681536833,1.156148703158466,0.08109302162163301,False
104169131,abusive,0.016129032258064516,0.9694181338547143,0.43348265565646193,3.1206331231214475,2.950438395897233,3.1206331231214475,4.399887477130586,1.2792543540091388,False
104169131,abusive,0.019230769230769232,0.8616609374872569,0.47364115276378504,5.126489171996205,5.368025905478682,5.126489171996205,2.8894857868452606,-2.2370033851509445,True
104169131,abusive,0.015360983102918587,1.4080125409686197,-0.30485494923373624,2.4515431757364023,2.905263968247451,2.4515431757364023,5.326544014090906,2.875000838354504,False
104169131,abusive,0.019704433497536946,0.9357691086831943,0.34026673631905413,4.367531853159058,5.665352008105702,4.367531853159058,5.645616530385816,1.278084677226758,False
104169131,abusive,0.0297029702970297,1.1748021859117252,-0.3753425541541191,5.495305750874947,5.7184863475780645,5.495305750874947,3.821703956242802,-1.673601794632145,True
104169131,abusive,0.03896103896103896,0.6212929513911565,0.14661320092687524,4.34327471991754,4.409506999178989,4.34327471991754,4.644722534244458,0.30144781432691836,False
104169131,abusive,0.032388663967611336,0.8931599554044614,0.5984174526993851,4.7750799510009445,5.294567480330748,4.7750799510009445,5.972975692955257,1.1978957419543121,False
104634312,abusive,0.015789473684210527,0.9444456478184549,1.2542049324329683,3.1913395949947514,4.560049270556977,3.1913395949947514,3.0211635670463957,-0.17017602794835573,False
104634312,abusive,0.015068493150684932,1.3058978717354601,-0.025244360904341123,3.4471451890924385,3.241578130014907,3.4471451890924385,4.677748862728691,1.230603673636253,False
104634312,abusive,0.014720314033366046,1.1263001258012935,-0.12079888026278418,4.369393936601215,3.002412458830741,4.369393936601215,5.03502965038886,0.665635713787645,False
104634312,abusive,0.013333333333333334,1.8760769690369077,-0.7091082909948179,3.026785499336216,3.5367815283078863,3.026785499336216,5.417145207990308,2.390359708654092,False
104634312,abusive,0.015306122448979591,1.188855553599073,0.10431137582847705,4.111153778119624,5.704973083856288,4.111153778119624,5.671730521670673,1.5605767435510494,False
104634312,abusive,0.061855670103092786,1.4441440428487589,-0.6107240406576055,5.893042250976478,3.4316837726598157,5.893042250976478,4.557335317879383,-1.3357069330970948,True
104634312,abusive,0.026881720430107527,0.7520840988125893,0.05513547955926612,4.679453827162011,4.56542526919486,4.679453827162011,4.785941913929648,0.10648808676763633,False
104634312,abusive,0.0371900826446281,0.8278947463342577,0.6615652086064926,4.88700630925822,5.263411486021118,4.88700630925822,5.959653487497137,1.0726471782389169,False
122930989,abusive,0.3333333333333333,2.200363169735875,-0.2784629719660303,1.339406849533297,1.2347572207803874,1.339406849533297,1.7296442907645282,0.3902374412312313,False
122930989,abusive,0.625,1.9698906121131796,0.27906154309249676,1.713120466124785,0.9939626599152002,1.713120466124785,1.4098509682511673,-0.3032694978736177,False
122930989,abusive,1.0,3.5942141152552964,-1.3453830163005054,1.433407575382444,1.5151169303115586,1.433407575382444,1.2712215321391782,-0.1621860432432658,False
122930989,abusive,1.0,2.351099924179225,0.26362028975690244,1.1325920960271891,0.9939626599152002,1.1325920960271891,0.7742402021815782,-0.35835189384561095,False
122930989,abusive,0.1111111111111111,3.0014953477086452,-1.1452658307477988,1.2136851176488221,1.906832298208767,1.2136851176488221,1.8975944217148926,0.6839093040660704,False
122930989,abusive,0.5,1.9791976345984807,0.12354361898625998,1.624830120661326,1.2136851176488221,1.624830120661326,1.3158502424020202,-0.30897987825930584,False
122930989,abusive,0.25,1.8954055631851137,1.449828126107047,1.7589649856029035,1.2891439638771156,1.7589649856029035,1.1901285105175454,-0.5688364750853581,True
122930989,abusive,1.0,1.9907484697669617,0.783823385497858,1.6295734259847894,0.8553332238032111,1.6295734259847894,1.5355727001356423,-0.0940007258491471,False
122930989,abusive,0.3333333333333333,2.1780065888781017,1.0836967814313332,1.4544796785140093,1.2476649250079015,1.4544796785140093,1.0514990744055563,-0.40298060410845293,False
127346440,abusive,0.3333333333333333,2.6746960450560073,-0.3421721497039534,0.6931471805599453,0.8317766166719343,0.6931471805599453,1.156148703158466,0.4630015225985208,False
144469879,abusive,0.5,4.318321380634577,-1.5576399092381488,1.3862943611198906,0.6931471805599453,1.3862943611198906,0.8553332238032111,-0.5309611373166795,True
144469879,abusive,0.2,2.6147202139361276,-0.26451348156874843,0.7742402021815782,0.6931471805599453,0.7742402021815782,1.1325920960271891,0.35835189384561095,False
166956714,abusive,0.25,2.3324180102684586,0.00010588508359532511,1.2007774134213078,1.2712215321391782,1.2007774134213078,1.156148703158466,-0.044628710262841764,False
166956714,abusive,1.0,2.374816889456608,0.9288464236534728,1.0986122886681098,1.2007774134213078,1.0986122886681098,0.7742402021815782,-0.3243720864865316,False
166956715,abusive,0.2,2.000322553551254,-0.07519747447552283,1.6094379124341003,1.6094379124341003,1.6094379124341003,1.7131966711171338,0.10375875868303353,False
166956715,abusive,1.0,2.374816889456608,0.29987915559939937,1.0986122886681098,1.038591370178042,1.0986122886681098,0.6931471805599453,-0.4054651081081645,True
176433470,abusive,0.01282051282051282,2.163351918933837,-0.1626531626410439,1.3862943611198906,1.3733866568923765,1.3862943611198906,1.6101406762940595,0.22384631517416897,False
178265854,abusive,0.3333333333333333,2.7996773311159853,-0.3472017735241719,0.9128696382935673,0.8553332238032111,0.9128696382935673,0.9939626599152002,0.0810930216216329,False
178265854,abusive,0.25,2.6746960450560073,0.0,0.6931471805599453,0.7742402021815782,0.6931471805599453,0.6931471805599453,0.0,False
183642184,abusive,0.25,2.3389138819950945,-0.1491516281594638,1.2583138279116641,1.2583138279116641,1.2583138279116641,1.3523145537608112,0.0940007258491471,False
184924548,abusive,0.045454545454545456,5.994410223885721,-1.2321939657397971,1.0986122886681098,1.339406849533297,1.0986122886681098,2.8768908270129825,1.7782785383448727,False
187709954,abusive,0.7142857142857143,2.6594313955871676,-0.21913508120875935,1.7658745470936812,5.193906358572403,1.7658745470936812,1.0150347630467653,-0.7508397840469159,True
189808981,abusive,0.13333333333333333,5.994410223885721,-1.3190030604892087,1.0986122886681098,1.5992634463593491,1.0986122886681098,0.9128696382935673,-0.18574265037454252,False
190732457,abusive,0.04424778761061947,4.7311491795582965,-3.173675764874038,1.9514610084716089,2.2743460992606375,1.9514610084716089,3.8625590339853817,1.9110980255137728,False
190732457,abusive,0.18518518518518517,1.2113784163556172,-0.2054902803078602,4.098934542730303,4.057310650397595,4.098934542730303,3.3600396123971024,-0.7388949303332009,True
190732457,abusive,0.08602150537634409,1.715419147260795,-1.2782494509843332,2.038153908993314,3.0120998771971177,2.038153908993314,4.400285595957433,2.362131686964119,False
190732457,abusive,0.21428571428571427,1.9848723206326557,-0.466660579361982,1.8201051011937952,3.7361864633438215,1.8201051011937952,3.2829490786784725,1.4628439774846773,False
190732457,abusive,0.09302325581395349,1.4832807618916528,-0.15557149904413392,3.2137232578693764,3.3436201399596626,3.2137232578693764,3.6891274253260797,0.47540416745670333,False
190732457,abusive,0.13725490196078433,0.9516446060360135,2.3616400364955874,3.5395065615007497,3.6192104979277353,3.5395065615007497,3.5558235071058197,0.01631694560507002,False
194857974,abusive,0.3333333333333333,2.8580230006365053,2.008483628001339,1.339406849533297,1.2445152536142738,1.339406849533297,0.9128696382935673,-0.42653721123972965,False
194857974,abusive,0.5,4.075188819155862,0.11713383267627808,1.0961277846683983,0.6931471805599453,1.0961277846683983,1.075055681536833,-0.021072103131565267,False
194857974,abusive,1.0,3.3636391442299605,1.3528859349398958,0.6931471805599453,0.6931471805599453,0.6931471805599453,0.7742402021815782,0.0810930216216329,False
194936125,abusive,0.5,2.6746960450560073,0.14596125746030042,0.6931471805599453,0.6931471805599453,0.6931471805599453,0.7742402021815782,0.0810930216216329,False
195514292,abusive,0.5,2.6746960450560073,-0.22222048746419398,0.6931471805599453,0.9939626599152002,0.6931471805599453,0.9939626599152002,0.3008154793552549,False
195514292,abusive,0.25,2.4947685516963682,-0.3640225058390478,0.936426245424844,1.156148703158466,0.936426245424844,1.4309230713827326,0.4944968259578886,False
195942985,abusive,0.6666666666666666,3.3636391442299605,-0.6889430991739531,0.6931471805599453,0.6931471805599453,0.6931471805599453,0.6931471805599453,0.0,False
195942987,abusive,0.5,2.554744382816248,-0.14456181932898904,0.8553332238032111,0.6931471805599453,0.8553332238032111,1.0514990744055563,0.19616585060234526,False
195942987,abusive,0.16666666666666666,2.374816889456608,0.03569872533456042,1.0986122886681098,1.2007774134213078,1.0986122886681098,1.2712215321391782,0.17260924347106843,False
195942988,abusive,0.25,2.4798455156351764,-0.31649359670133936,0.9574983485564091,1.3158502424020202,0.9574983485564091,1.3862943611198906,0.42879601256348143,False
195942988,abusive,1.0,2.163351918933837,0.5113441261221703,1.3862943611198906,1.359588082594986,1.3862943611198906,0.6931471805599453,-0.6931471805599453,True
198571624,abusive,0.3333333333333333,3.083782790543334,-0.7935518892958346,0.9939626599152002,1.156148703158466,0.9939626599152002,1.2136851176488221,0.21972245773362198,False
200649248,abusive,0.3333333333333333,2.374816889456608,-0.42343670786955,1.0986122886681098,1.0986122886681098,1.0986122886681098,1.6952742393791964,0.5966619507110866,False
200649265,abusive,0.25,2.251197314031532,0.048720708244005095,1.2680718607455506,1.0986122886681098,1.2680718607455506,1.2007774134213078,-0.06729444732424272,False
200657125,abusive,1.0,2.042991750397347,1.8896388307668066,1.5526042618037035,0.6931471805599453,1.5526042618037035,0.8553332238032111,-0.6972710380004924,True
200683508,abusive,0.14285714285714285,1.8679387223936659,-0.16627288438825172,1.791759469228055,1.791759469228055,1.791759469228055,2.022879313236399,0.23111984400834418,False
200683508,abusive,1.0,2.374816889456608,0.1050286261785689,1.0986122886681098,0.8764053269347762,1.0986122886681098,0.9574983485564091,-0.14111394011170064,False
200785615,abusive,0.25,2.371519755071611,-0.20827372122136945,1.2136851176488221,1.4673873827415236,1.2136851176488221,1.4309230713827326,0.21723795373391042,False
200972213,abusive,0.6666666666666666,2.6746960450560073,-0.35712281648404387,0.6931471805599453,0.8553332238032111,0.6931471805599453,1.4755517816455745,0.7824046010856293,False
200972213,abusive,0.3333333333333333,2.163351918933837,0.4090753008977366,1.3862943611198906,1.3862943611198906,1.3862943611198906,0.8317766166719343,-0.5545177444479563,True
200972785,abusive,0.2,2.1307460458573204,-0.14040922062855654,1.4309230713827326,1.4309230713827326,1.4309230713827326,1.6239392505914498,0.19301617920871728,False
202617745,abusive,0.2,2.000322553551254,-0.026476766231517734,1.6094379124341003,1.6094379124341003,1.6094379124341003,1.6459022237928909,0.03646431135879058,False
202670186,abusive,1.0,2.374816889456608,0.44584041305970024,1.0986122886681098,1.2007774134213078,1.0986122886681098,0.7742402021815782,-0.3243720864865316,False
203402095,abusive,0.36363636363636365,5.994410223885721,-2.3784508564403435,1.0986122886681098,1.2007774134213078,1.0986122886681098,1.579310540328608,0.4806982516604983,False
205912197,abusive,0.5,3.30366331311008,-0.7912119243983864,0.7742402021815782,0.936426245424844,0.7742402021815782,0.9128696382935673,0.13862943611198908,False
205912197,abusive,0.3333333333333333,2.374816889456608,-0.11719186128562464,1.0986122886681098,1.2136851176488221,1.0986122886681098,1.2583138279116641,0.15970153924355435,False
205912197,abusive,1.0,2.299918022275537,0.9874618919505305,1.2007774134213078,0.6931471805599453,1.2007774134213078,1.075055681536833,-0.12572173188447477,False
205915307,abusive,0.5,2.6147202139361276,0.0,0.7742402021815782,0.936426245424844,0.7742402021815782,0.7742402021815782,0.0,False
205915307,abusive,0.16666666666666666,2.614720213936127,-0.3148021916605903,0.7742402021815782,1.0961277846683983,0.7742402021815782,1.2007774134213078,0.42653721123972965,False
206003230,abusive,0.5,2.6746960450560073,0.0,0.6931471805599453,0.6931471805599453,0.6931471805599453,0.6931471805599453,0.0,False
206029633,abusive,0.3333333333333333,2.8566835018307133,-0.3442321131190198,1.038591370178042,0.6931471805599453,1.038591370178042,0.9128696382935673,-0.12572173188447477,False
206029976,abusive,1.0,3.535874919023449,-0.9811305362072011,0.6931471805599453,0.7742402021815782,0.6931471805599453,0.8553332238032111,0.1621860432432658,False
206237306,abusive,0.5,2.6147202139361276,0.0,0.7742402021815782,0.6931471805599453,0.7742402021815782,0.7742402021815782,0.0,False
208521843,abusive,0.1,5.994410223885721,-1.4149048590694555,1.0986122886681098,1.599263446359349,1.0986122886681098,0.7742402021815782,-0.3243720864865316,False
211296916,abusive,0.2,2.2576250281709833,-0.25730247461972944,1.2583138279116641,1.5566448032672073,1.2583138279116641,1.6094379124341003,0.35112408452243615,False
215282637,abusive,0.25,3.8912307788714458,-1.7278788599376087,0.9128696382935673,1.3158502424020202,0.9128696382935673,1.3862943611198906,0.4734247228263233,False
215282637,abusive,0.16666666666666666,2.163351918933837,-0.16302936538258317,1.3862943611198906,1.4755517816455745,1.3862943611198906,1.6094379124341003,0.2231435513142097,False
216280633,abusive,0.5,2.614720213936127,0.05997583111988014,0.7742402021815782,0.8553332238032111,0.7742402021815782,0.6931471805599453,-0.0810930216216329,False
216295138,abusive,0.5,2.6147202139361276,-0.06327296550487693,0.7742402021815782,0.6931471805599453,0.7742402021815782,0.9704060527839233,0.19616585060234515,False
216295322,abusive,0.3333333333333333,2.572427219831573,-0.31480219166058987,0.8317766166719343,1.0986122886681098,0.8317766166719343,1.2583138279116641,0.4265372112397299,False
216318539,abusive,0.3333333333333333,2.374816889456608,0.23990332447951968,1.0986122886681098,1.119684391799675,1.0986122886681098,0.7742402021815782,-0.3243720864865316,False
216319318,abusive,0.5,2.6147202139361276,0.0,0.7742402021815782,0.6931471805599453,0.7742402021815782,0.7742402021815782,0.0,False
216319318,abusive,0.25,2.2902309012474995,-0.12687898231366246,1.2136851176488221,1.2445152536142738,1.2136851176488221,1.3862943611198906,0.17260924347106843,False
216396218,abusive,0.25,2.6147202139361276,-0.3570951857651443,0.7742402021815782,0.8553332238032111,0.7742402021815782,1.2583138279116641,0.48407362573008594,False
216397035,abusive,0.3333333333333333,3.10881278368925,-0.8608748765463043,1.038591370178042,1.2583138279116641,1.038591370178042,1.2712215321391782,0.23263016196113617,False
216397035,abusive,0.125,2.039057533472769,-0.2378506371165665,1.5566448032672073,1.6094379124341003,1.5566448032672073,1.8842498771244098,0.3276050738572025,False
216471258,abusive,1.0,2.6746960450560073,-0.16224465634431384,0.6931471805599453,0.6931471805599453,0.6931471805599453,0.9128696382935673,0.21972245773362198,False
216471266,abusive,0.5,2.6147202139361276,0.0599758311198797,0.7742402021815782,0.8553332238032111,0.7742402021815782,0.6931471805599453,-0.0810930216216329,False
216471266,abusive,0.25,2.4947685516963674,-0.20453765044886785,0.936426245424844,1.2947781392704552,0.936426245424844,1.2136851176488221,0.27725887222397816,False
218201136,abusive,1.0,2.5247564672563074,0.7789068458537733,0.8553332238032111,0.9128696382935673,0.8553332238032111,0.7742402021815782,-0.0810930216216329,False
218201146,abusive,0.16666666666666666,1.9251250790757308,-0.057186356682064954,1.7131966711171338,1.8169554298001676,1.7131966711171338,1.791759469228055,0.07856279811092115,False
219582821,abusive,1.0,2.374816889456608,0.7674949591210041,1.0986122886681098,1.038591370178042,1.0986122886681098,0.9939626599152002,-0.10464962875290962,False
220197200,abusive,0.25,3.527526643734123,-0.5901526612131462,1.5201804919084165,1.542846228969817,1.5201804919084165,1.7050322722130828,0.1848517803046663,False
220197200,abusive,0.2,3.3442380647864907,-0.7558089569243585,1.587474939232659,1.5931091146259984,1.587474939232659,1.8128315723596202,0.2253566331269612,False
220197200,abusive,0.2,4.452460047585696,-0.8677855556843204,1.6094379124341003,1.7496609824759246,1.6094379124341003,1.811321254406828,0.20188334197272773,False
220199479,abusive,0.16666666666666666,2.655342678007311,-0.0855464899529168,1.3733866568923765,1.4309230713827326,1.3733866568923765,1.3862943611198906,0.012907704227514083,False
220199479,abusive,0.2,2.275804575146929,0.2939916129074649,1.5566448032672073,1.542846228969817,1.5566448032672073,1.3862943611198906,-0.17035044214731676,False
220199479,abusive,1.0,2.2089133697476706,0.1263703265585181,1.3318587839367275,0.9939626599152002,1.3318587839367275,1.1536641991587544,-0.17819458477797312,False
229330294,abusive,0.5,2.6746960450560073,0.0,0.6931471805599453,0.7742402021815782,0.6931471805599453,0.6931471805599453,0.0,False
234571930,abusive,0.012396694214876033,0.8523590563285405,0.6090697876896746,3.3194689443183796,2.5332051877844814,3.3194689443183796,4.362287579116069,1.0428186347976895,False
234571930,abusive,0.011940298507462687,0.8405161643397243,0.5722632909249545,5.103762732435971,5.444346218028054,5.103762732435971,2.7752458585997957,-2.3285168738361754,True
234571930,abusive,0.013157894736842105,1.2589667133993954,-0.36797798320537467,2.2733485909584292,4.461234339361448,2.2733485909584292,4.446850687302966,2.173502096344537,False
234571930,abusive,0.015105740181268883,1.0649882054315472,0.2206538158469471,5.275938506791758,5.683686458947137,5.275938506791758,5.657314031551255,0.38137552475949743,False
234571930,abusive,0.05309734513274336,1.4101488611093729,-0.7976902274355434,5.8481097516494405,3.5510921721391995,5.8481097516494405,4.439214447681627,-1.4088953039678138,True
234571930,abusive,0.03067484662576687,0.6695312952358188,0.2874853291217939,4.425504668085865,4.571105340108255,4.425504668085865,4.893771191868776,0.4682665237829111,False
234571930,abusive,0.022935779816513763,0.948795465216026,0.48351917793943744,5.148756176989979,5.5455004783101165,5.148756176989979,5.8751272735706275,0.7263710965806487,False
236279994,abusive,0.5,3.3636391442299605,0.17223577479348862,0.6931471805599453,0.7742402021815782,0.6931471805599453,0.6931471805599453,0.0,False
240267589,abusive,0.2,2.374816889456608,-0.12698486739725778,1.0986122886681098,1.2007774134213078,1.0986122886681098,1.3158502424020202,0.21723795373391042,False
240789348,abusive,0.3333333333333333,2.6147202139361276,0.0,0.7742402021815782,0.6931471805599453,0.7742402021815782,0.7742402021815782,0.0,False
240789388,abusive,0.3333333333333333,2.332523895352054,0.08128885382411122,1.156148703158466,1.0986122886681098,1.156148703158466,1.156148703158466,0.0,False
240789388,abusive,0.3333333333333333,2.374816889456608,0.17992749335963953,1.0986122886681098,1.038591370178042,1.0986122886681098,0.8553332238032111,-0.2432790648648987,False
242390691,abusive,1.0,3.3636391442299605,-0.6889430991739531,0.6931471805599453,0.6931471805599453,0.6931471805599453,0.6931471805599453,0.0,False
245554909,abusive,0.4,2.1827261609899127,-0.01937424205607563,1.3604789526648622,1.587474939232659,1.3604789526648622,1.3862943611198906,0.025815408455028388,False
250732487,abusive,0.14285714285714285,2.6746960450560073,0.1545608021351872,0.6931471805599453,1.3604789526648622,0.6931471805599453,2.434759471395677,1.7416122908357314,False
251214441,abusive,0.5,2.6147202139361276,-0.13487469830095078,0.7742402021815782,0.6931471805599453,0.7742402021815782,0.9574983485564091,0.18325814637483095,False
258230612,abusive,0.14285714285714285,2.000322553551254,-0.2735426591200314,1.6094379124341003,1.7440268070825855,1.6094379124341003,1.9726164275802176,0.3631785151461173,False
258265824,abusive,0.1799532359818238,3.94253996119656,-0.29867468287011123,9.310640375368454,9.346306343334694,9.310640375368454,8.922128934790646,-0.3885114405778083,False
258265824,abusive,0.14552736982643524,2.7398296566305325,0.8265248649296164,7.727922940400942,7.4508163763323285,7.727922940400942,8.814344464448302,1.0864215240473598,False
258265824,abusive,0.08665444191553864,2.9221744753661847,0.468830321873158,5.5198885454685405,7.365118583274709,5.5198885454685405,7.989764562626284,2.469876017157744,False
261405626,abusive,0.5,2.8206573025163078,-0.08095580252020218,0.7742402021815782,0.6931471805599453,0.7742402021815782,0.9939626599152002,0.21972245773362198,False
261405626,abusive,1.0,2.6746960450560073,0.6889430991739531,0.6931471805599453,0.7742402021815782,0.6931471805599453,0.6931471805599453,0.0,False
261443942,abusive,0.3333333333333333,4.19232265183214,0.13120213509205136,1.075055681536833,0.8553332238032111,1.075055681536833,0.9939626599152002,-0.0810930216216329,False
261443942,abusive,0.1111111111111111,2.6064365541563386,2.427011303342129,1.4642377113478957,1.2583138279116641,1.4642377113478957,0.8553332238032111,-0.6089044875446846,True
261443942,abusive,1.0,4.027581979995903,0.36947181299498766,0.7742402021815782,1.1772208062900311,0.7742402021815782,0.6931471805599453,-0.0810930216216329,False
272090378,abusive,0.3333333333333333,2.5997262561561576,0.014993957779970035,0.7742402021815782,0.9128696382935673,0.7742402021815782,0.7742402021815782,0.0,False
277608612,abusive,1.0,2.6746960450560073,-0.2821963185840737,0.6931471805599453,0.9128696382935673,0.6931471805599453,1.075055681536833,0.3819085009768878,False
277608613,abusive,0.25,2.2901250161639046,-0.342755995075686,1.2583138279116641,1.4755517816455745,1.2583138279116641,1.6823665351516819,0.42405270724001776,False
278854526,abusive,0.16666666666666666,5.856149672952622,-2.6761059352676173,1.6094379124341003,1.8846867174873783,1.6094379124341003,0.9436997742590189,-0.6657381381750814,True
279322268,abusive,0.3333333333333333,2.5547443828162475,-0.37531535621133205,0.8553332238032111,1.075055681536833,0.8553332238032111,1.4755517816455745,0.6202185578423635,False
279660917,abusive,0.5,2.6746960450560073,-0.2880139705969653,0.6931471805599453,0.6931471805599453,0.6931471805599453,1.2007774134213078,0.5076302328613626,False
279881686,abusive,0.16666666666666666,2.374816889456608,-0.3031534829073217,1.0986122886681098,1.535572700135642,1.0986122886681098,1.5120160930043656,0.4134038043362558,False
294929542,abusive,0.5,2.820657302516308,-0.4905373497374059,0.7742402021815782,0.7742402021815782,0.7742402021815782,1.2712215321391782,0.4969813299576,False
300517546,abusive,0.4,2.2152261489828335,-0.11719186128562464,1.3604789526648622,1.587474939232659,1.3604789526648622,1.5201804919084165,0.15970153924355435,False
300544631,abusive,1.0,4.777461352858943,-2.230601339333478,1.2947781392704552,1.44884550312067,1.2947781392704552,0.8317766166719343,-0.4630015225985209,True
300544631,abusive,1.0,2.539821346755057,0.7638419663550238,0.8764053269347762,0.8553332238032111,0.8764053269347762,0.7742402021815782,-0.10216512475319806,False
300544631,abusive,0.25,3.33863888082195,-0.7448986382861449,0.7742402021815782,0.6931471805599453,0.7742402021815782,0.9128696382935673,0.13862943611198908,False
303931906,abusive,0.5,3.322521228456617,-0.3654129297129791,0.8317766166719343,0.8553332238032111,0.8317766166719343,0.8317766166719343,0.0,False
304863348,abusive,1.0,2.6746960450560073,0.0,0.6931471805599453,0.7742402021815782,0.6931471805599453,0.6931471805599453,0.0,False
305471832,abusive,1.0,2.6746960450560073,-0.16224465634431384,0.6931471805599453,0.7742402021815782,0.6931471805599453,0.9128696382935673,0.21972245773362198,False
305472158,abusive,0.2,2.6746960450560073,-0.5612574073901109,0.6931471805599453,0.9128696382935673,0.6931471805599453,1.4673873827415236,0.7742402021815783,False
305554141,abusive,0.25,3.30366331311008,-0.9711394177580259,0.7742402021815782,0.7742402021815782,0.7742402021815782,1.156148703158466,0.3819085009768879,False
305554141,abusive,0.25,2.374816889456608,0.0,1.0986122886681098,1.0986122886681098,1.0986122886681098,1.0986122886681098,0.0,False
305688227,abusive,1.0,2.2311482619394654,0.3235961208767817,1.294778139270455,1.3702369854987486,1.294778139270455,0.8553332238032111,-0.43944491546724385,False
310828484,abusive,0.5,3.16878861480913,-0.49409256975312266,0.9574983485564091,0.8317766166719343,0.9574983485564091,0.6931471805599453,-0.26435116799646385,False
310828484,abusive,0.2,2.251197314031532,-0.12055715325780625,1.2680718607455506,1.3862943611198906,1.2680718607455506,1.4755517816455745,0.20747992090002398,False
311052348,abusive,0.3333333333333333,2.374816889456608,-0.12048899567062188,1.0986122886681098,1.3029425381745061,1.0986122886681098,1.3733866568923765,0.2747743682242667,False
314576171,abusive,0.25,2.5124513887116935,-0.584502437948913,0.9128696382935673,1.2347572207803874,0.9128696382935673,1.7106664476064222,0.7977968093128549,False
314576171,abusive,1.0,1.8679387223936659,0.6868056604225821,1.791759469228055,1.6932641722084962,1.791759469228055,0.8553332238032111,-0.9364262454248439,True
316393364,abusive,0.25,2.163351918933837,-0.00010588508359532511,1.3862943611198906,1.3862943611198906,1.3862943611198906,1.4309230713827326,0.044628710262841986,False
316812712,abusive,0.25,2.614720213936127,-0.4742870470507694,0.7742402021815782,0.9128696382935673,0.7742402021815782,1.4180153671552183,0.6437751649736401,False
320327967,abusive,0.3333333333333333,2.583513778990923,-0.30820591380461426,1.0961277846683983,0.9574983485564091,1.0961277846683983,1.2347572207803874,0.13862943611198908,False
320593022,abusive,0.5,2.6746960450560073,-0.11995166223975984,0.6931471805599453,0.8317766166719343,0.6931471805599453,0.8553332238032111,0.1621860432432658,False
320593022,abusive,0.5,2.614720213936127,4.440892098500626e-16,0.7742402021815782,0.7742402021815782,0.7742402021815782,0.7742402021815782,0.0,False
320818605,abusive,0.2,2.2902309012474995,-0.20950402174171456,1.2136851176488221,1.4180153671552183,1.2136851176488221,1.5566448032672073,0.3429596856183852,False
324984724,abusive,0.027692307692307693,1.825906057045092,-0.8348732147781066,3.2768597383465954,4.955627530301039,3.2768597383465954,3.081588130795475,-0.1952716075511205,False
324984724,abusive,0.015971606033717833,0.8161976523001988,0.5065035253181267,3.3722168885446955,2.9850837612748466,3.3722168885446955,4.554487193587922,1.1822703050432262,False
324984724,abusive,0.007099391480730223,1.0639631172150135,-0.021921737604630787,4.081422810862062,3.2631714784480303,4.081422810862062,5.02622362012833,0.9448008092662681,False
324984724,abusive,0.018154311649016642,1.014102128116809,0.14853923833183091,2.92634774305478,3.5544627587501862,2.92634774305478,5.436596859764054,2.510249116709274,False
324984724,abusive,0.024242424242424242,0.9052728902243257,0.3450161781846943,4.8891005933184415,5.909206941417791,4.8891005933184415,5.604901844300103,0.7158012509816611,False
324984724,abusive,0.06043956043956044,0.7729752197219694,-0.07493379450174376,4.7877531864089695,4.560861186052298,4.7877531864089695,4.506033638745348,-0.28171954766362184,False
324984724,abusive,0.02735562310030395,0.7098893199779094,0.8410969615216658,4.579836832513926,5.488294334218384,4.579836832513926,6.047682337451778,1.467845504937852,False
333128317,abusive,0.022222222222222223,2.393392918283779,0.9962558211667223,1.075055681536833,1.1325920960271891,1.075055681536833,0.936426245424844,-0.13862943611198908,False
336136816,abusive,0.25,2.163351918933837,-0.059082639308034146,1.3862943611198906,1.3862943611198906,1.3862943611198906,1.4673873827415236,0.08109302162163301,False
336136816,abusive,1.0,2.163351918933837,0.5113441261221703,1.3862943611198906,1.498217518706975,1.3862943611198906,0.6931471805599453,-0.6931471805599453,True
385164041,abusive,0.6666666666666666,2.820657302516308,-0.0599758311198797,0.7742402021815782,0.9704060527839233,0.7742402021815782,0.8553332238032111,0.0810930216216329,False
385164041,abusive,1.0,2.163351918933837,0.5113441261221703,1.3862943611198906,1.220958646482997,1.3862943611198906,0.6931471805599453,-0.6931471805599453,True
394207066,abusive,0.25,2.163351918933837,-0.0917943974681461,1.3862943611198906,1.4309230713827326,1.3862943611198906,1.5566448032672073,0.17035044214731676,False
394239785,abusive,0.5,2.6746960450560073,-0.0839254629253543,0.6931471805599453,0.6931471805599453,0.6931471805599453,1.119684391799675,0.42653721123972976,False
397993501,abusive,0.054373393140419016,2.8552007370755517,-0.11025221003454799,7.346380652913067,7.853324167158908,7.346380652913067,6.266376156111324,-1.0800044968017426,True
397993501,abusive,0.09240581793236367,3.041123686761175,-0.20419441268781702,7.850128598220029,6.907210101703015,7.850128598220029,7.753284069000318,-0.09684452921971065,False
397993501,abusive,0.007329806728209384,4.8786835367278965,-1.6125782575629746,10.540709635013043,9.490262337163065,10.540709635013043,8.200718349599251,-2.3399912854137916,True
397993501,abusive,0.11618589743589744,3.8564204983873003,-0.6517769774637898,9.012954524287098,8.768109767522304,9.012954524287098,7.874503631557398,-1.1384508927296997,True
398506290,abusive,0.01643835616438356,1.6023668308866088,-0.07610820990021505,2.2230857053022484,4.438122929950842,2.2230857053022484,2.2758330949581405,0.052747389655892096,False
398506290,abusive,0.012764084507042254,0.9689689551076359,0.4198926445668767,3.126080088916237,2.3374429700133836,3.126080088916237,4.478788158325853,1.3527080694096156,False
398506290,abusive,0.009268795056642637,1.0867972123909089,-0.07751671068564492,4.96767479433355,3.2540736450784165,4.96767479433355,5.016747011297625,0.04907221696407493,False
398506290,abusive,0.015723270440251572,1.1351490627973044,0.28701542097664734,3.6172767862758937,2.4244512318874127,3.6172767862758937,5.835289023555699,2.2180122372798055,False
398506290,abusive,0.051094890510948905,0.9255678208776041,0.4543862677868169,4.375347107131207,5.612905357702621,4.375347107131207,5.804477771443107,1.4291306643119004,False
398506290,abusive,0.02926829268292683,1.2213829501706333,-0.49735084603532154,5.564739671695021,5.690659597655213,5.564739671695021,3.5833105283268187,-1.981429143368202,True
398506290,abusive,0.03125,0.7693852992113095,-0.06092081547725714,4.675025922570219,4.487994569483143,4.675025922570219,4.44201058957044,-0.23301533299977883,False
398506290,abusive,0.035,0.8288254676692421,0.762334248499118,4.658071379863961,5.380954015848464,4.658071379863961,6.109723227747695,1.451651847883734,False
399675976,abusive,0.25,2.6147202139361276,0.0,0.7742402021815782,0.6931471805599453,0.7742402021815782,0.7742402021815782,0.0,False
399675976,abusive,0.3333333333333333,2.410182563487259,-0.17702669956395178,1.0514990744055563,1.0986122886681098,1.0514990744055563,1.339406849533297,0.2879077751277406,False
405064112,abusive,0.012048192771084338,2.232621772350284,-1.2290943199640827,1.4652931227680646,2.2661079812256375,1.4652931227680646,5.079502168212747,3.614209045444682,False
405148677,abusive,0.5,2.6746960450560073,0.14596125746030086,0.6931471805599453,0.7742402021815782,0.6931471805599453,0.7742402021815782,0.0810930216216329,False
410479185,abusive,0.25,2.332523895352054,-0.16710514255356568,1.156148703158466,1.0986122886681098,1.156148703158466,1.396943264023653,0.2407945608651869,False
449752909,abusive,1.0,2.3344068712213106,23.326738628316328,1.1727262351196195,2.7137172955969318,1.1727262351196195,1.423278828818693,0.25055259369907357,False
458934638,abusive,0.16666666666666666,2.163351918933837,-0.11735697577965531,1.3862943611198906,1.4309230713827326,1.3862943611198906,1.542846228969817,0.15655186784992647,False
458934638,abusive,1.0,2.163351918933837,0.3314166327625303,1.3862943611198906,1.498217518706975,1.3862943611198906,0.936426245424844,-0.4498681156950466,False
459210884,abusive,0.16666666666666666,1.9565383791283124,0.04378417442294147,1.6823665351516823,1.6767323597583428,1.6823665351516823,1.6094379124341003,-0.07292862271758205,False
459210884,abusive,0.25,1.9657077371684064,-0.09776901477474054,1.6823665351516823,1.8672183154563484,1.6823665351516823,1.791759469228055,0.10939293407637263,False
459210884,abusive,0.5,2.5547443828162475,-0.042292994104554005,0.8553332238032111,0.8553332238032111,0.8553332238032111,0.9128696382935673,0.05753641449035618,False
459771788,abusive,0.3333333333333333,2.374816889456608,-0.11719186128562553,1.0986122886681098,1.2007774134213078,1.0986122886681098,1.2583138279116641,0.15970153924355435,False
463230687,abusive,1.0,2.554744382816247,-0.016283398884012534,0.8553332238032111,0.8553332238032111,0.8553332238032111,1.156148703158466,0.300815479355255,False
463230687,abusive,0.25,4.198543500864214,-1.834536236652713,0.7742402021815782,1.0961277846683983,0.7742402021815782,1.396943264023653,0.6227030618420748,False
463230687,abusive,0.3333333333333333,3.516942199437669,-0.9771208526826123,1.0247927958806518,1.30205166810463,1.0247927958806518,0.8764053269347762,-0.1483874689458755,False
463230687,abusive,0.3333333333333333,2.3501008472837848,-0.6321117093563804,1.1772208062900311,1.2947781392704552,1.1772208062900311,2.2981605095764914,1.1209397032864603,False
463230687,abusive,1.0,1.8308833072863604,2.715003630851944,1.8810168897537387,1.5161399504449125,1.8810168897537387,1.3158502424020202,-0.5651666473517185,True
463230687,abusive,1.0,3.0932021255647255,-0.2403564644369971,1.221849516552873,1.0961277846683983,1.221849516552873,1.383144689726263,0.16129517317338982,False
463230687,abusive,0.5,3.535874919023449,-0.30711047309443895,0.6931471805599453,0.7742402021815782,0.6931471805599453,0.8764053269347762,0.18325814637483095,False
463616358,abusive,0.3333333333333333,3.3036633131100808,-1.71178761650578,0.7742402021815782,1.498217518706975,0.7742402021815782,2.1894019749772555,1.4151617727956773,False
463616806,abusive,0.36363636363636365,3.7920126553778912,-2.268826653473531,0.9128696382935673,2.036677887533789,0.9128696382935673,2.296707569615127,1.3838379313215599,False
464011811,abusive,0.3333333333333333,2.374816889456608,-0.11719186128562464,1.0986122886681098,1.3604789526648622,1.0986122886681098,1.2583138279116641,0.15970153924355435,False
464603758,abusive,1.0,2.5547443828162475,4.440892098500626e-16,0.8553332238032111,1.0514990744055563,0.8553332238032111,0.8553332238032111,0.0,False
465131473,abusive,0.25,2.332523895352054,-0.08469187329270378,1.156148703158466,1.2136851176488221,1.156148703158466,1.3158502424020202,0.15970153924355412,False
468388162,abusive,0.0685785536159601,1.9916261242441629,-0.3677114900598555,6.683685999630359,6.462605928760771,6.683685999630359,6.194374923264591,-0.48931107636576776,False
468388162,abusive,0.029430181590482152,2.4480027204097703,-0.07574893979716313,7.323178351628821,7.376081340523851,7.323178351628821,7.216400782431327,-0.1067775691974937,False
468388162,abusive,0.2551984877126654,1.6044882174550512,-0.024894067163284017,6.183699093284008,6.380576727968587,6.183699093284008,6.187464700090025,0.003765606806017452,False
468388162,abusive,0.24054054054054055,1.0489178937540404,0.5479087865298276,5.333912155394602,4.116395930701166,5.333912155394602,6.217676344206584,0.8837641888119823,False
468388162,abusive,0.14694656488549618,1.506520015343428,-0.13221011650619996,6.110840965817846,4.4090238874966685,6.110840965817846,5.93558096662426,-0.17525999919358615,False
468388162,abusive,0.1409090909090909,1.3228106171252856,0.2600274485917109,5.845778219809299,6.018967606531802,5.845778219809299,6.200165070633736,0.35438685082443744,False
468388162,abusive,0.38846153846153847,1.072076848094962,-0.17299667027609134,5.213671746844698,5.721360530817221,5.213671746844698,5.137203532580027,-0.0764682142646711,False
468412982,abusive,0.014058956916099773,1.0212418078264534,0.4406037179800173,3.021437299991648,3.1652618333842892,3.021437299991648,4.311137220603833,1.2896999206121853,False
468412982,abusive,0.023323615160349854,0.8438701484945408,1.6032076380953486,5.048145274041421,5.46388537742024,5.048145274041421,2.3941966046395127,-2.6539486694019088,True
468412982,abusive,0.008683068017366137,1.1381507024479134,0.005055572674004916,2.8571728251948594,3.0343406759174796,2.8571728251948594,5.402243941180892,2.5450711159860324,False
468412982,abusive,0.013812154696132596,1.080273932666263,0.18888264144074896,4.12270019393785,5.628220837434128,4.12270019393785,5.6355243335888066,1.5128241396509567,False
468412982,abusive,0.027906976744186046,1.2036801025544743,-0.390679758916225,5.5469940504207935,5.6882652088888745,5.5469940504207935,3.461875654893548,-2.0851183955272456,True
468412982,abusive,0.022058823529411766,1.024895741894714,-0.23334584699255234,5.100164594910328,4.555043959677547,5.100164594910328,4.8393460077477535,-0.2608185871625741,False
468412982,abusive,0.016233766233766232,1.063446733695117,0.11252572361924207,5.13373458586282,4.914267175553059,5.13373458586282,5.5122806698470495,0.3785460839842294,False
468412982,abusive,0.051094890510948905,1.4657855355754639,-0.26674066271163177,5.924630641504476,6.024975118846426,5.924630641504476,5.579989337210915,-0.3446413042935612,False
474353449,abusive,1.0,1.5612119707531433,2.2573596225404713,3.7805565533198466,2.262650853968232,3.7805565533198466,1.7285888793443598,-2.051967673975487,True
474353449,abusive,1.0,3.7991770051260163,-0.6391493979080245,1.6742021362476311,1.0986122886681098,1.6742021362476311,1.6418616823293875,-0.032340453918243695,False
474353449,abusive,0.0037400654511453952,4.878692364876358,-1.3020779997125893,1.8668476017264841,1.8980484514218001,1.8668476017264841,1.7758666349572056,-0.09098096676927847,False
482569096,abusive,0.25,2.6746960450560073,-0.5439499991986869,0.6931471805599453,1.4309230713827326,0.6931471805599453,1.4309230713827326,0.7377758908227873,False
482992934,abusive,1.0,2.5724272198315736,-0.01768283701532658,0.8317766166719343,1.1325920960271891,0.8317766166719343,0.8553332238032111,0.02355660713127683,False
483481921,abusive,0.2,2.374816889456608,0.23990332447951923,1.0986122886681098,1.119684391799675,1.0986122886681098,0.7742402021815782,-0.3243720864865316,False
483591925,abusive,0.2,2.2479379071429455,-0.08458598820910845,1.2712215321391782,1.3733866568923765,1.2712215321391782,1.3862943611198906,0.11507282898071236,False
486599885,abusive,0.5,2.6746960450560073,-0.1199516622397594,0.6931471805599453,0.6931471805599453,0.6931471805599453,0.8553332238032111,0.1621860432432658,False
487110615,abusive,1.0,3.3636391442299605,-0.5064915273485773,0.6931471805599453,0.6931471805599453,0.6931471805599453,0.7742402021815782,0.0810930216216329,False
491214950,abusive,0.5,2.6746960450560073,-0.11995166223976028,0.6931471805599453,0.8553332238032111,0.6931471805599453,0.8553332238032111,0.1621860432432658,False
492027857,abusive,0.5,2.413812749176165,-0.305985455367324,1.156148703158466,1.0986122886681098,1.156148703158466,1.4626440774180602,0.30649537425959417,False
494010106,abusive,0.14285714285714285,2.000322553551254,-0.3177987816371861,1.6094379124341003,1.8307540040975578,1.6094379124341003,2.0495855917613035,0.4401476793272032,False
497393315,abusive,0.3333333333333333,2.4701583946071395,-0.09534150515053152,0.9704060527839233,1.0986122886681098,0.9704060527839233,1.0986122886681098,0.12820623588418645,False
497393315,abusive,0.25,2.3715197550716107,-0.2999622336059198,1.2136851176488221,1.3604789526648622,1.2136851176488221,1.5566448032672073,0.3429596856183852,False
498293256,abusive,0.3333333333333333,2.5124513887116935,0.04229299410455356,0.9128696382935673,0.7742402021815782,0.9128696382935673,0.8553332238032111,-0.05753641449035618,False
498293256,abusive,0.25,2.1307460458573204,0.0,1.4309230713827326,1.4755517816455745,1.4309230713827326,1.4309230713827326,0.0,False
498313605,abusive,0.6666666666666666,5.994410223885721,-3.821371183923846,0.8553332238032111,0.936426245424844,0.8553332238032111,1.3733866568923765,0.5180534330891654,False
498313605,abusive,0.3333333333333333,2.163351918933837,0.34909946977785644,1.3862943611198906,1.3862943611198906,1.3862943611198906,0.9128696382935673,-0.4734247228263233,True
498408353,abusive,0.3333333333333333,2.7007056402765484,-0.1069653977407432,0.936426245424844,0.9574983485564091,0.936426245424844,0.9128696382935673,-0.02355660713127672,False
498774109,abusive,0.25,2.6147202139361276,-0.597906622475846,0.7742402021815782,1.3158502424020202,0.7742402021815782,1.587474939232659,0.8132347370510808,False
499568783,abusive,1.0,2.760681471396428,-0.4831047905736052,0.8553332238032111,0.9128696382935673,0.8553332238032111,1.2136851176488221,0.35835189384561106,False
499894262,abusive,0.25,2.3292267609670567,-0.1984807151097363,1.2712215321391782,1.3862943611198906,1.2712215321391782,1.4309230713827326,0.15970153924355435,False
501661315,abusive,0.3333333333333333,2.5398213467550566,-0.1650044572984486,0.8764053269347762,1.2136851176488221,0.8764053269347762,1.0986122886681098,0.22220696173333354,False
502733856,abusive,1.0,3.3036633131100808,-0.6289672680540734,0.7742402021815782,0.8317766166719343,0.7742402021815782,0.6931471805599453,-0.0810930216216329,False
509403934,abusive,0.2,2.163351918933837,-0.00010588508359532511,1.3862943611198906,1.5201804919084165,1.3862943611198906,1.4309230713827326,0.044628710262841986,False
510000385,abusive,1.0,3.243687481990201,-0.6289672680540739,0.8553332238032111,0.7742402021815782,0.8553332238032111,0.7742402021815782,-0.0810930216216329,False
510291885,abusive,1.0,2.374816889456608,0.13763449925508553,1.0986122886681098,1.2007774134213078,1.0986122886681098,0.9128696382935673,-0.18574265037454252,False
510691376,abusive,0.9664429530201343,2.4311248073911713,0.6289672680540734,1.0247927958806518,2.452475472348128,1.0247927958806518,1.1058858175022848,0.08109302162163301,False
514267647,abusive,0.2,2.1729331548782795,-0.10126974832899327,1.4180153671552183,1.5201804919084165,1.4180153671552183,1.5120160930043653,0.0940007258491471,False
514267647,abusive,1.0,2.163351918933837,0.4513682950022906,1.3862943611198906,1.498217518706975,1.3862943611198906,0.7742402021815782,-0.6120541589383124,True
514314667,abusive,1.0,2.6147202139361276,-0.042292994104554005,0.7742402021815782,0.7742402021815782,0.7742402021815782,0.8317766166719343,0.05753641449035607,False
517141099,abusive,0.3333333333333333,2.6746960450560073,-0.29987915559939937,0.6931471805599453,1.1325920960271891,0.6931471805599453,1.0986122886681098,0.4054651081081645,False
545742922,abusive,0.06976744186046512,0.7205094711041188,-0.31624930909085847,4.512238887687761,4.317924880482947,4.512238887687761,3.9663093713401403,-0.5459295163476203,False
545742922,abusive,0.012172284644194757,0.886764571461444,0.47032941589826827,3.243754643742353,2.778174063546686,3.243754643742353,4.497258214110215,1.2535035703678625,False
545742922,abusive,0.015873015873015872,0.9071116297210615,0.6432080222959484,5.180426213943692,5.480541713102861,5.180426213943692,2.671265633470024,-2.509160580473668,True
545742922,abusive,0.013138686131386862,1.3766002605828118,-0.2842357906280919,2.497194906132598,3.5887279670073795,2.497194906132598,5.308696573277443,2.8115016671448445,False
545742922,abusive,0.013333333333333334,0.9800586581268419,0.2856298303219579,4.4780258863802,5.691981533329218,4.4780258863802,5.628425954839299,1.1504000684590991,False
545742922,abusive,0.018823529411764704,1.1690663343469114,-0.28218246138009306,5.492335456654428,5.711408112911345,5.492335456654428,3.3563641223897767,-2.135971334264651,True
545742922,abusive,0.03205128205128205,0.7442584379293589,-0.0003351045552972831,4.623133646806421,4.28792771597409,4.623133646806421,4.568618592610693,-0.05451505419572822,False
545742922,abusive,0.021538461538461538,0.6717554518604338,0.8950388911169931,4.5943121530840365,5.452753677229987,4.5943121530840365,6.076411682636244,1.4820995295522073,False
545892546,abusive,1.0,3.084794878505818,-0.5300504956895709,1.3158502424020202,0.8553332238032111,1.3158502424020202,0.8553332238032111,-0.4605170185988091,True
559576700,abusive,1.0,3.992606412284034,-1.2319249408876058,0.7742402021815782,0.6931471805599453,0.7742402021815782,0.8553332238032111,0.0810930216216329,False
563633952,abusive,0.5,2.6746960450560073,-0.16224465634431384,0.6931471805599453,1.038591370178042,0.6931471805599453,0.9128696382935673,0.21972245773362198,False
566865170,abusive,0.023809523809523808,3.9096786871879394,0.43456387660499685,3.3932328828247216,3.218560491611138,3.3932328828247216,2.254760991826576,-1.1384718909981455,True
571184990,abusive,0.08456501403180543,3.842606476688792,0.04894948504334451,9.189228014224275,9.190288271784768,9.189228014224275,9.000144048862664,-0.1890839653616112,False
571184990,abusive,0.11010926873997097,4.116017497729818,-0.2678224470591517,8.643379566721023,8.625855783561864,8.643379566721023,8.800031037837217,0.15665147111619326,False
571184990,abusive,0.28595218270488876,3.804574042601986,-0.5135590912684798,8.049690012953523,8.32464395480272,8.049690012953523,8.10843612047331,0.05874610751978793,False
571184990,abusive,0.12152751205326395,3.7509505356084345,-0.2011149682409048,8.650834535870896,8.834085473313554,8.650834535870896,8.253785209118735,-0.3970493267521604,False
571184990,abusive,0.17045747778965606,3.7446457589147313,0.60686295415577,8.71364421697809,8.746138978240168,8.71364421697809,9.350050801499131,0.6364065845210423,False
571184990,abusive,0.09569854248133665,4.0170430006136275,0.448434848733843,8.711807934783891,8.91575992653506,8.711807934783891,9.592560803149635,0.8807528683657431,False
571184990,abusive,0.1700556506849315,3.267794777893968,0.574055237109679,8.208331915962791,8.73196001584493,8.208331915962791,8.779601561401034,0.5712696454382424,False
571184990,abusive,0.10275689223057644,4.0362134573676585,0.1375274939340949,9.177404956847775,9.60590273927255,9.177404956847775,9.050938826019031,-0.12646613082874403,False
571184990,abusive,0.07299318819286764,4.081124060021938,1.5827766940704988,8.59207767199713,9.811491601095742,8.59207767199713,10.400068461767592,1.8079907897704626,False
571184990,abusive,0.1829831305843734,4.639851647074321,0.373096182915468,9.614780955599855,9.864820801623091,9.614780955599855,9.79881219891249,0.18403124331263498,False
571184990,abusive,0.0785024154589372,5.09592022168642,0.1620003211511074,9.932501499082102,9.142794694835032,9.932501499082102,9.96917392304929,0.03667242396718784,False
571184990,abusive,0.12443613605884504,5.222556588566716,-0.3773743145221333,9.821245124881612,9.552291002058396,9.821245124881612,9.31415832700927,-0.5070867978723417,False
571184990,abusive,0.13924651751794007,4.763420211671676,-0.4179638489497055,9.470889868446191,9.434612644438547,9.470889868446191,9.231266825511906,-0.23962304293428538,False
571184990,abusive,0.15795658012533573,4.444031309409937,-0.49003970427419796,9.319696702317552,9.143473132971813,9.319696702317552,8.743754098418028,-0.5759426038995237,False
571184990,abusive,0.08209531862780832,3.531094617641952,-0.17702465261643452,8.70835917086447,8.537293301875769,8.70835917086447,8.543439648493786,-0.16491952237068475,False
571184990,abusive,0.22467546876733607,3.711759176931969,-0.06326768396584947,8.903421949159293,8.359795165907475,8.903421949159293,8.788448431197768,-0.11497351796152522,False
586685850,abusive,0.25,2.6746960450560073,-0.6947211508912723,0.6931471805599453,0.7742402021815782,0.6931471805599453,1.6377378248888401,0.9445906443288948,False
588562359,abusive,0.5,2.554744382816247,-0.04229299410455356,0.8553332238032111,0.6931471805599453,0.8553332238032111,0.9128696382935673,0.05753641449035618,False
588562359,abusive,0.25,2.221722020709469,0.15309486874713896,1.4180153671552183,1.2007774134213078,1.4180153671552183,1.0986122886681098,-0.31940307848710847,False
592928275,abusive,0.3333333333333333,2.614720213936127,-0.04229299410455356,0.7742402021815782,0.6931471805599453,0.7742402021815782,0.8317766166719343,0.05753641449035607,False
592928283,abusive,0.3333333333333333,2.6746960450560073,-0.26088329587984216,0.6931471805599453,1.2136851176488221,0.6931471805599453,1.156148703158466,0.4630015225985208,False
593144551,abusive,0.012048192771084338,0.6586846979265465,-0.00024204805989835876,4.619842181002821,4.4806344137051415,4.619842181002821,4.028639462087652,-0.5912027189151692,False
605894053,abusive,0.2,2.9666185599766086,-0.7089935318056257,0.8553332238032111,0.9939626599152002,0.8553332238032111,1.2583138279116641,0.40298060410845304,False
608252719,abusive,0.3333333333333333,2.374816889456608,-0.09718996745435016,1.0986122886681098,1.156148703158466,1.0986122886681098,1.3969432640236532,0.2983309753555434,False
609156663,abusive,1.0,2.6746960450560073,0.6889430991739531,0.6931471805599453,0.7742402021815782,0.6931471805599453,0.6931471805599453,0.0,False
612176483,abusive,0.10391822827938671,2.8044837302718535,0.5189337660410409,4.974260235139523,5.756030462838377,4.974260235139523,7.152721879258918,2.1784616441193947,False
612176483,abusive,0.14314695067833144,3.171528342820177,0.3676202200428009,6.202432667399812,5.578840079789481,6.202432667399812,8.14024609524387,1.937813427844059,False
612176483,abusive,0.26787830896878706,4.006917762369804,-0.39381357376465953,8.082256138874923,7.706539124102564,8.082256138874923,7.721177584421374,-0.36107855445354886,False
612176483,abusive,0.04832971800433839,3.7753297656618883,0.15193513235847877,8.200142689896433,6.7086574193156965,8.200142689896433,8.425073117539254,0.22493042764282123,False
612176483,abusive,0.09435201401050788,3.9567576507743256,-0.12826502074653456,8.614224196162734,7.929461659352714,8.614224196162734,8.085971814007362,-0.5282523821553724,False
612176483,abusive,0.13932853717026378,2.4925674697907856,0.855940300381798,5.556974767416962,6.471045369097612,5.556974767416962,7.27603850944053,1.7190637420235682,False
612176483,abusive,0.2064516129032258,3.8303275994805555,-0.24317446794677844,8.299156545356443,6.655082808763046,8.299156545356443,7.513228175652346,-0.7859283697040969,True
612176483,abusive,0.08739918021948961,3.206999196954463,0.37794364247974954,6.5518658279817545,6.531060591579367,6.5518658279817545,7.575205905083328,1.0233400771015733,False
612176483,abusive,0.09498853586636095,3.6052415447615274,-0.12015093031191215,7.263269078388062,7.486278044423867,7.263269078388062,7.558479258561474,0.29521018017341216,False
612176483,abusive,0.29383659818442426,3.0678179264081846,0.24744468019671118,5.57523121143342,5.834249958521328,5.57523121143342,6.766437236466525,1.1912060250331056,False
612176483,abusive,0.14155681104833648,2.837762694187493,-0.49532724588012567,5.881376615260286,6.363341518936546,5.881376615260286,6.29479487800672,0.41341826274643445,False
618856667,abusive,0.2,2.000322553551254,0.0,1.6094379124341003,1.6459022237928913,1.6094379124341003,1.6094379124341003,0.0,False
626327313,abusive,0.08333333333333333,1.6442396397313748,-4.440892098500626e-16,2.1029981488111127,2.16869896220552,2.1029981488111127,2.1029981488111127,0.0,False
626327313,abusive,1.0,1.661008681874494,0.7914668757173193,2.0794415416798357,1.9279044013403326,2.0794415416798357,0.9939626599152002,-1.0854788817646357,True
631450670,abusive,0.2,2.182726160989912,-0.051980115132591376,1.3604789526648622,1.4309230713827326,1.3604789526648622,1.4309230713827326,0.07044411871787037,False
633002422,abusive,0.125,2.518841375354734,-0.3274292513455883,1.0150347630467653,1.1634222319926408,1.0150347630467653,1.3369223455335855,0.32188758248682015,False
634818951,abusive,0.26262626262626265,1.3712015398717519,0.9463993194191112,2.5046323619373823,1.2597898493711885,2.5046323619373823,1.1772208062900311,-1.3274115556473511,True
641868299,abusive,0.5,3.30366331311008,-0.6289672680540725,0.7742402021815782,0.7742402021815782,0.7742402021815782,0.6931471805599453,-0.0810930216216329,False
641868299,abusive,0.25,2.6147202139361276,-0.14456181932898815,0.7742402021815782,0.7742402021815782,0.7742402021815782,0.9704060527839233,0.19616585060234515,False
643660064,abusive,0.5,2.350206732367379,0.4104747390290493,1.1325920960271891,0.7742402021815782,1.1325920960271891,0.8553332238032111,-0.27725887222397805,False
644713450,abusive,0.5,2.6746960450560073,0.14596125746030042,0.6931471805599453,0.8553332238032111,0.6931471805599453,0.7742402021815782,0.0810930216216329,False
646654876,abusive,0.3333333333333333,2.6147202139361276,-0.1262184570299092,0.7742402021815782,0.9939626599152002,0.7742402021815782,1.2583138279116641,0.48407362573008594,False
648005736,abusive,0.5,2.653716073655685,-0.14126468494399136,0.8317766166719343,0.7742402021815782,0.8317766166719343,0.9128696382935673,0.08109302162163301,False
652489632,abusive,0.25,2.413812749176165,-0.49476321966536974,1.156148703158466,1.2007774134213078,1.156148703158466,1.7179399764405967,0.5617912732821306,False
659883951,abusive,0.0009910802775024777,1.6184862458858476,0.6143000596600947,6.22810396489891,6.763644437603148,6.22810396489891,7.070636551401812,0.8425325865029016,False
659883951,abusive,0.00030330603579011223,2.673218397269518,0.5138252365180169,7.63712121547448,7.953079998188789,7.63712121547448,8.29789582952708,0.6607746140526007,False
659883951,abusive,0.0001837897445322551,3.3434005001975855,0.08982533456697794,8.504549653928743,8.583147430203898,8.504549653928743,8.613995564695584,0.10944591076684063,False
659924072,abusive,0.2,2.1139564006538407,-0.2748925469695884,1.4544796785140093,2.032554030093242,1.4544796785140093,1.8339036754911855,0.3794239969771762,False
682518250,abusive,0.3333333333333333,2.163351918933837,0.45136829500229014,1.3862943611198906,1.498217518706975,1.3862943611198906,0.7742402021815782,-0.6120541589383124,True
689064910,abusive,0.05,4.198543500864214,-0.5898870322888801,0.7742402021815782,0.8553332238032111,0.7742402021815782,1.7508005866988523,0.9765603845172741,False
714843217,abusive,0.022988505747126436,2.0493078533707205,-1.3942577898814272,2.0485625716279494,3.6629840296546403,2.0485625716279494,3.9791654315623477,1.9306028599343983,False
714843217,abusive,0.18518518518518517,1.7573599727082558,-0.915800671594689,2.031315636043658,1.7106664476064222,2.031315636043658,3.3996387313391763,1.3683230952955183,False
714843217,abusive,0.09615384615384616,0.7243668833046689,0.30160188840323177,3.790982944371082,3.354723145578906,3.790982944371082,3.3467696528846673,-0.44421329148641453,False
717865608,abusive,0.5,2.6147202139361276,0.0599758311198797,0.7742402021815782,0.6931471805599453,0.7742402021815782,0.6931471805599453,-0.0810930216216329,False
717865608,abusive,0.25,2.4347927205764877,-0.408139286481096,1.017519267046477,1.156148703158466,1.017519267046477,1.5695525074947216,0.5520332404482446,False
736915937,abusive,0.031578947368421054,3.328981783914667,0.09208790096965647,8.486148930799894,8.681717365168694,8.486148930799894,8.611837786011062,0.1256888552111679,False
736915937,abusive,0.06885456885456885,2.7261182241741535,0.7599206396352871,7.694135829232906,7.70871242633717,7.694135829232906,8.347563981289538,0.6534281520566321,False
736915937,abusive,0.004062976130015236,2.0089582342414793,0.5068201409885496,6.526708243864682,7.385509815353305,6.526708243864682,7.440837529862479,0.914129285997797,False
736915937,abusive,0.0037821482602118004,1.4725382724656366,1.0587116042115825,5.449188234855653,7.4018513560229495,5.449188234855653,7.150942944235321,1.701754709379668,False
736915937,abusive,0.005466110117272908,2.348739869036061,0.7769350382848481,7.229669951719975,9.196655563855302,7.229669951719975,8.247288684899647,1.0176187331796722,False
736915937,abusive,0.014797136038186158,3.074920552008455,0.9544731519550482,7.763875087110617,9.13365592934221,7.763875087110617,9.427648637408819,1.6637735502982016,False
736915937,abusive,0.0019723865877712033,2.396416883279673,-0.8889005414086688,6.2659214594672035,7.877854464634552,6.2659214594672035,4.450161535557723,-1.8157599239094804,True
736915937,abusive,0.0,2.0656311224168578,0.7806073001305069,6.78702828506926,6.724596825241283,6.78702828506926,6.8862879510069535,0.09925966593769342,False
736915937,abusive,0.011503777723616866,3.76016983517005,0.6095981325404942,8.600386528684258,9.854044627329904,8.600386528684258,9.883401660916512,1.2830151322322543,False
736915937,abusive,0.0022428320300660726,4.314148507910167,0.10126251196028413,9.809287779660655,9.796436122975669,9.809287779660655,9.94097160582338,0.13168382616272467,False
739163405,abusive,0.38461538461538464,3.6853036750927415,-0.826225703965497,1.574491030012796,3.0587309145428088,1.574491030012796,4.307403193359939,2.7329121633471427,False
739163405,abusive,0.04054054054054054,3.8107048242057475,0.06773322493697176,1.2136851176488221,1.258313827911664,1.2136851176488221,4.740598180806725,3.5269130631579024,False
739163405,abusive,0.2328767123287671,1.5267351317466962,-0.0012048334017151774,4.469679825989084,2.2398620020983886,4.469679825989084,2.832281647046529,-1.6373981789425556,True
753681263,abusive,0.25,2.198024625875005,-0.09988445309420158,1.3523145537608112,1.4309230713827326,1.3523145537608112,1.4755517816455745,0.12323722788476332,False
758695510,abusive,0.3333333333333333,2.494768551696368,0.11995166223975984,0.936426245424844,1.0961277846683983,0.936426245424844,0.7742402021815782,-0.1621860432432658,False
764996192,abusive,0.07142857142857142,6.119411540925773,-1.1747086349660192,0.6931471805599453,0.7742402021815782,0.6931471805599453,1.221849516552873,0.5287023359929278,False
783853974,abusive,1.0,2.374816889456608,-0.07476356472990453,1.0986122886681098,0.9574983485564091,1.0986122886681098,1.2136851176488221,0.11507282898071236,False
797036989,abusive,0.9813084112149533,4.862486336630157,-1.8208457176195862,0.8553332238032111,1.2597898493711885,0.8553332238032111,1.1772208062900311,0.32188758248682003,False
797036989,abusive,0.9103448275862069,3.1268286720084846,-0.6503131913072502,1.2347572207803874,1.2583138279116641,1.2347572207803874,4.0409332145412735,2.806175993760886,False
797036989,abusive,0.72,2.0933544627252916,-0.26989161148676266,2.9148216687173516,2.7967466380757453,2.9148216687173516,3.07342657990031,0.15860491118295839,False
797036989,abusive,0.576,2.7624407917839218,-0.7449973322624248,2.282151968041784,3.6089670076382534,2.282151968041784,3.809101765197873,1.5269497971560893,False
831235791,abusive,0.041666666666666664,2.8566835018307133,-1.8366128720821533,1.038591370178042,1.4321691813328596,1.038591370178042,3.530596052264964,2.4920046820869217,False
831235791,abusive,0.5,4.052582243403913,-0.5639618131139752,0.6931471805599453,0.8553332238032111,0.6931471805599453,0.9128696382935673,0.21972245773362198,False
858981546,abusive,0.31756756756756754,2.1186208399949935,-0.4928805545224455,3.025210349635799,3.5687133177347,3.025210349635799,4.1622975362050125,1.1370871865692136,False
867013860,abusive,0.5,1.365722361872719,-0.2061274683358132,2.512826326248214,2.4715122427303458,2.512826326248214,2.8672539361517217,0.35442760990350797,False
939313413,abusive,0.00019527436047646945,3.2318153444865523,0.16961096516300866,8.353947423150334,8.453934667706612,8.353947423150334,8.585239004672687,0.23129158152235263,False
939313413,abusive,0.00016310552927744252,3.498825797431146,0.015453368816743307,8.712834756912267,8.729133655422341,8.712834756912267,8.722281831802357,0.009447074890090335,False
939313413,abusive,0.00016299918500407498,3.514018273518314,-0.0007192561488915672,8.72003543887603,8.71725547215424,8.72003543887603,8.716535131320903,-0.0035003075551269802,False
949605178,abusive,0.5,3.3636391442299605,-0.7489189302938333,0.6931471805599453,0.6931471805599453,0.6931471805599453,0.7742402021815782,0.0810930216216329,False
949778945,abusive,0.5,2.6746960450560073,-0.16224465634431384,0.6931471805599453,0.8553332238032111,0.6931471805599453,0.9128696382935673,0.21972245773362198,False
949778945,abusive,0.5,2.359893853395417,0.2125333664361566,1.119684391799675,0.8553332238032111,1.119684391799675,0.8317766166719343,-0.2879077751277408,False
953933029,abusive,0.3333333333333333,2.367677799215515,0.13614708063666425,1.1982929094215964,1.156148703158466,1.1982929094215964,1.5566448032672073,0.35835189384561095,False
954222611,abusive,0.3333333333333333,2.6746960450560073,-0.29987915559939937,0.6931471805599453,1.2007774134213078,0.6931471805599453,1.0986122886681098,0.4054651081081645,False
954481198,abusive,0.25,2.0494194645367982,0.05484981508900466,1.542846228969817,1.5120160930043656,1.542846228969817,1.4673873827415236,-0.07545884622829346,False
954522055,abusive,0.25,2.6746960450560073,-0.41707101688502446,0.6931471805599453,0.6931471805599453,0.6931471805599453,1.2583138279116641,0.5651666473517188,False
956169525,abusive,0.25,2.3334170871638995,-0.09320535226793547,1.156148703158466,1.156148703158466,1.156148703158466,1.339406849533297,0.18325814637483084,False
958679320,abusive,0.5,2.6746960450560073,-0.17992749335963998,0.6931471805599453,0.7742402021815782,0.6931471805599453,0.936426245424844,0.2432790648648987,False
958921366,abusive,1.0,2.857147616881383,-0.3773021012462068,0.7742402021815782,0.8764053269347762,0.7742402021815782,0.9574983485564091,0.18325814637483095,False
959960921,abusive,0.3333333333333333,2.4524755575918133,-0.11356167559671881,0.9939626599152002,1.2007774134213078,0.9939626599152002,1.2583138279116641,0.26435116799646396,False
961922235,abusive,0.7160493827160493,1.8037242970917575,2.489033907115661,4.2061903715208855,3.6294295400449683,4.2061903715208855,5.127266444101124,0.9210760725802389,False
964152562,abusive,0.14285714285714285,1.8679387223936659,-0.22900029582639347,1.791759469228055,2.0172451378430596,1.791759469228055,2.0885801266308066,0.29682065740275165,False
974242995,abusive,0.25,2.130640160773725,-0.07834252442036327,1.4755517816455745,1.4309230713827326,1.4755517816455745,1.7496609824759246,0.27410920083035006,False
987865228,abusive,0.5,3.3636391442299605,-0.7489189302938328,0.6931471805599453,0.9436997742590189,0.6931471805599453,0.7742402021815782,0.0810930216216329,False
997264920,abusive,0.3333333333333333,2.2250191550944662,0.14979773436214172,1.3029425381745061,1.156148703158466,1.3029425381745061,1.0986122886681098,-0.20433024950639633,False
998294180,abusive,0.21112696148359486,1.8302253961810464,1.0389892844521953,3.112349902378104,2.596675426819368,3.112349902378104,3.0979673860600467,-0.014382516318057093,False
998294180,abusive,0.7916666666666666,1.8788105110797992,-0.5787189966972144,2.5804829433973273,3.4276118919131435,2.5804829433973273,3.6866556363970404,1.106172692999713,False
998300365,abusive,0.11864406779661017,3.1823174672185743,-0.36166016470226614,4.007990849596814,3.45049820402322,4.007990849596814,0.7742402021815782,-3.2337506474152358,True
998300365,abusive,0.66,1.6590873258694843,0.6637101257944189,4.148751057429852,4.189508223123113,4.148751057429852,2.552396314306854,-1.5963547431229976,True
998300365,abusive,0.7936507936507936,1.7503566178317764,-0.07054198245888088,3.5398245955395766,1.3733866568923763,3.5398245955395766,3.2919731657345666,-0.24785142980501007,False
1000350108,abusive,0.25,2.404288284482151,-0.07176438913009697,0.9128696382935673,1.017519267046477,0.9128696382935673,1.156148703158466,0.2432790648648988,False
1000436987,abusive,0.2,2.6147202139361276,-0.5012815762702312,0.7742402021815782,1.1090354888959124,0.7742402021815782,1.4673873827415236,0.6931471805599454,False
1004157220,abusive,0.005299015897047691,4.407896520654556,0.21404612760959374,1.1869788391239176,2.0600227423954176,1.1869788391239176,1.8378642009504216,0.650885361826504,False
1004157220,abusive,0.021739130434782608,5.002957624865173,-2.0276423193610733,0.9704060527839233,3.4324390868093246,0.9704060527839233,3.9635847300829616,2.9931786772990385,False
1004157220,abusive,0.8865979381443299,1.5175530577782903,1.6728100012149734,3.125257606605618,2.4136377876333577,3.125257606605618,2.625398529157598,-0.4998590774480203,False
1022014385,abusive,0.23850085178875638,3.449624570570381,0.5648921560873958,0.8553332238032111,2.0906452299601432,0.8553332238032111,2.4077673452308517,1.5524341214276407,False
1022014385,abusive,0.5714285714285714,4.177563529463891,-0.9771133787532538,0.9128696382935673,3.190482343623478,0.9128696382935673,2.677768448441001,1.7648988101474339,False
1022238602,abusive,0.2,2.6147202139361276,-0.22222048746419398,0.7742402021815782,0.7742402021815782,0.7742402021815782,1.075055681536833,0.3008154793552549,False
1041544707,abusive,0.18699186991869918,4.702300180098057,-1.6480851957761202,0.9939626599152002,2.1157196091219843,0.9939626599152002,2.0461549759160538,1.0521923160008537,False
1041544707,abusive,0.043835616438356165,3.4932111177226526,0.01283536463505941,1.119684391799675,3.3992244727802605,1.119684391799675,3.9559627736494747,2.8362783818498,False
1041544707,abusive,0.30434782608695654,2.0883269549730996,0.8718020029362523,2.5038844929461064,3.4330003857008187,2.5038844929461064,2.7269166457566287,0.22303215281052235,False
1055924553,abusive,0.01634877384196185,3.6555616591505613,-0.3074729905567275,0.8553332238032111,3.4480743460956482,0.8553332238032111,4.000651451535751,3.1453182277325404,False
1055924553,abusive,0.7777777777777778,4.786831601423479,-1.2477358325833854,1.294778139270455,0.9128696382935673,1.294778139270455,1.7317385507379874,0.4369604114675325,False
1055924553,abusive,0.6086956521739131,3.8927072816949524,-0.8384140233958135,0.9574983485564091,1.7654056137018306,0.9574983485564091,2.517071607170991,1.5595732586145816,False
1055924553,abusive,0.41935483870967744,2.9944493345092553,-0.3941417176750961,2.232843738136135,2.8584641936845863,2.232843738136135,3.388619028054022,1.1557752899178872,False
1057039358,abusive,0.02576112412177986,2.21252681906321,-0.4140825765396352,6.703876168473758,6.243990448113431,6.703876168473758,6.477464470138163,-0.22641169833559438,False
1057039358,abusive,0.5,1.533474034053158,1.5734515906231716,4.787537852917665,4.690322253113203,4.787537852917665,3.76009220868128,-1.0274456442363848,True
1059891476,abusive,0.8918918918918919,3.4717234318188446,-1.754354232718462,2.0893947917083335,2.434296240152111,2.0893947917083335,4.060137783872493,1.9707429921641597,False
1062263846,abusive,0.45066666666666666,3.9402954314825562,-1.3918518043443457,1.0247927958806518,1.1772208062900311,1.0247927958806518,2.6819278734831586,1.657135077602507,False
1062263890,abusive,0.1348107109879963,4.727300443506067,-0.8558365170314155,0.9128696382935673,2.1282833751735937,0.9128696382935673,2.389884803131713,1.4770151648381458,False
1062263890,abusive,0.7169811320754716,2.285728181349556,0.1491045747027706,3.4899295236971897,2.261759983898356,3.4899295236971897,2.6897674449749474,-0.8001620787222423,True
1062263904,abusive,0.9866989117291415,3.6555616591505617,-0.5552097533735947,0.8553332238032111,1.2136851176488221,0.8553332238032111,1.2712215321391782,0.4158883083359671,False
1073332987,abusive,0.1476510067114094,0.6977724252011418,0.7397623912426649,4.159612609404219,3.205154840089959,4.159612609404219,3.7008219423539934,-0.4587906670502253,False
1073332987,abusive,0.08396946564885496,0.7101260066870712,-0.038380873408774496,4.656555150099342,4.914211778987045,4.656555150099342,4.607241078596519,-0.049314071502823076,False
1155312104,abusive,0.027254509018036072,1.577163471158897,0.06515283991441723,2.1972245773362196,3.0148550957310554,2.1972245773362196,5.920987498439306,3.7237629211030865,False
1158983628,abusive,0.16666666666666666,3.343743608243357,0.5704268373131849,1.956037867238327,1.075055681536833,1.956037867238327,1.2538192567412525,-0.7022186104970745,True
1201054710,abusive,0.001665741254858412,2.354746128167244,1.7162106974327176,7.188348759207277,8.10651989581396,7.188348759207277,9.49278276278128,2.304434003574003,False
1201054710,abusive,0.002122905027932961,3.901775797329705,0.4446594848934806,9.265042090532583,9.403229595710632,9.265042090532583,9.843657732293016,0.5786156417604325,False
1201054710,abusive,0.009699321047526674,1.2784687715878984,1.4870406420771773,5.81053949954787,6.0602563861499545,5.81053949954787,4.315619931504462,-1.4949195680434082,True
1201054710,abusive,0.06711409395973154,2.63900897269805,-0.9240683490844996,1.3733866568923765,2.6133870460989423,1.3733866568923765,4.025570880243797,2.6521842233514206,False
1201054710,abusive,0.003483713638738896,2.7606814713964285,-1.726001228643579,0.8553332238032111,1.3113556712316086,0.8553332238032111,5.052426281369788,4.197093057566577,False
1201054710,abusive,0.0025473474360394287,1.3370412696070537,0.5020897808104117,5.15471606719912,4.099898721611172,5.15471606719912,4.588048262950161,-0.5666678042489588,False
1201054710,abusive,0.01553829078801332,2.367419602899048,-0.10890138291621909,3.91524813818394,2.6352755931421132,3.91524813818394,1.2583138279116641,-2.656934310272276,True
1201054710,abusive,0.004726791453961051,2.6122022465830503,-1.1566300631254087,1.8761178695071734,2.161800082247681,1.8761178695071734,4.502466742750803,2.6263488732436295,False
1201054710,abusive,0.5,1.3812956186139091,-0.6606519520484067,2.511289557464076,5.088578916938127,2.511289557464076,3.5842175593598973,1.0729280018958214,False
1248868342,abusive,0.0015785319652722968,1.8043001720324667,0.47705580339322595,6.492684721707509,7.059065980778056,6.492684721707509,7.136478647640006,0.6437939259324965,False
1256827957,abusive,0.19857466796242307,2.3625616504098366,-0.7315295053050734,2.643668484875244,3.092439602259655,2.643668484875244,4.219697739095219,1.576029254219975,False
1256827957,abusive,0.1727262430626345,2.743002436345929,0.03531566752458337,6.132059513818926,4.6893016294679395,6.132059513818926,5.171165820625812,-0.960893693193114,True
1256827957,abusive,0.16423407447824306,2.813654292805045,-1.0337792815781341,7.303299723452449,5.149856352081459,7.303299723452449,4.553754075609279,-2.7495456478431697,True
1256827957,abusive,0.22915134578614502,2.102358982265724,0.9426766403803306,5.9555829774702564,6.800901714750128,5.9555829774702564,7.151074802522143,1.195491825051887,False
1256827957,abusive,0.15693342946407113,2.8772361111942297,0.4548298435798541,6.863973184579447,6.514535387278578,6.863973184579447,7.896279672792714,1.0323064882132664,False
1256827957,abusive,0.11573088885251269,3.791407635154697,-0.10464206359321926,8.567334074134152,7.5995480251909795,8.567334074134152,8.409232629059215,-0.15810144507493717,False
1256827957,abusive,0.14885343968095713,3.059777622398978,0.0642770569641935,7.395704026031339,7.746819208675329,7.395704026031339,7.269083140725698,-0.1266208853056412,False
1256827957,abusive,0.19710144927536233,3.819428888104332,-0.46162549782419715,8.583829724895732,7.645078578983103,8.583829724895732,7.57761850484396,-1.0062112200517728,True
1256827957,abusive,0.17364290385873118,2.8778518882489355,0.4320446983279953,7.1941544287542145,7.352420348739652,7.1941544287542145,7.839913683640361,0.6457592548861468,False
1256827957,abusive,0.11980555119962365,2.532856362519296,-0.2519689052104699,6.531394325635874,6.88659053178751,6.531394325635874,6.31729245758717,-0.21410186804870435,False
1256827957,abusive,0.07272249934365975,1.6220467314231506,1.0777565255404666,5.110713669107887,5.572680537011055,5.110713669107887,7.047816075650142,1.9371024065422553,False
1258105118,abusive,0.027777777777777776,3.4286445991700587,0.536651095720508,0.9939626599152002,1.3287579466295345,0.9939626599152002,0.9436997742590189,-0.05026288565618131,False
1296685797,abusive,0.2736842105263158,1.373939323651867,-0.3725223872442671,4.360388613365936,4.454409520413431,4.360388613365936,3.9086560711804794,-0.4517325421854568,False
1296685797,abusive,0.3076923076923077,0.6488160623717704,0.4970083051237463,3.7636666022294434,4.690049577265354,3.7636666022294434,5.432894561823728,1.6692279595942847,False
1296685797,abusive,0.0021549402004094388,1.3914015487275966,1.8008485844904587,3.7399195308721778,6.4268634431090295,3.7399195308721778,7.294780235621623,3.554860704749445,False
1296685797,abusive,0.375,3.646093253338063,-2.7820268476591217,5.01464756130053,4.8609038282915575,5.01464756130053,4.1434042632896375,-0.8712432980108922,True
1296685797,abusive,0.05359877488514548,2.5481455315097232,-0.5342876096372109,5.070540505048117,5.737437027061631,5.070540505048117,6.085283012917968,1.0147425078698502,False
1296685797,abusive,0.052930056710775046,2.551269289984824,-0.4471145921960389,6.331545652024293,6.368675711195593,6.331545652024293,6.309093849537453,-0.022451802486840755,False
1296685797,abusive,0.12080536912751678,2.717266698964929,-0.8566440214568996,5.868982446013125,5.97751618912957,5.868982446013125,6.000397605961213,0.13141515994808817,False
1296685797,abusive,0.1,0.6104874192282665,0.9387450172543279,4.516346347950659,4.361251646893673,4.516346347950659,5.286523958923294,0.7701776109726355,False
1358303505,abusive,0.14285714285714285,3.006543958464816,0.13487469830095078,1.1772208062900311,0.9939626599152002,1.1772208062900311,0.9939626599152002,-0.18325814637483095,False
1358303505,abusive,0.3333333333333333,3.6376868331553567,-1.5106751318130764,1.2712215321391782,1.2655873567458389,1.2712215321391782,1.440681104216619,0.16945957207744078,False
1358303505,abusive,0.16666666666666666,3.22876444592901,0.3963069805882573,0.8764053269347762,1.14075649493124,0.8764053269347762,0.9704060527839233,0.0940007258491471,False
1358303505,abusive,0.2,4.6815495114579875,-2.012050306126644,0.7742402021815782,0.8553332238032111,0.7742402021815782,1.2583138279116641,0.48407362573008594,False
1358303505,abusive,0.2,2.4188413657668137,0.10000000958792032,1.1325920960271891,0.8553332238032111,1.1325920960271891,1.0150347630467653,-0.11755733298042381,False
1392113492,abusive,0.0705705953106721,4.74699638255489,-0.27493061073225356,10.38950953681691,10.169458249533475,10.38950953681691,10.018391738048877,-0.37111779876803297,False
1392113492,abusive,0.07444562403826656,3.9035063676913317,0.3615398385706934,9.266429300832915,10.7710561704566,9.266429300832915,9.755826631198193,0.48939733036527855,False
1392113492,abusive,0.019291614732879513,5.149027435797231,0.8643207518413192,10.925750154392079,11.566728297082175,10.925750154392079,12.052169349817964,1.1264191954258855,False
1392113492,abusive,0.1365841837718163,4.503718288744134,0.1857301737115744,10.050365272560054,10.4129761208874,10.050365272560054,10.28977538374016,0.23941011118010636,False
1392113492,abusive,0.09355624813500879,4.719855589910805,-0.29572016968433346,10.335147938149353,10.039492761416755,10.335147938149353,9.948104544244893,-0.3870433939044595,False
1392113492,abusive,0.21157798584151633,4.537321471289709,-0.35986175986013613,9.110296275005954,10.441256616219498,9.110296275005954,9.620925792913692,0.5106295179077378,False
1392196069,abusive,0.4,4.225372094596773,-0.060239616763404946,1.4824320669890412,1.572037011494433,1.4824320669890412,1.3969432640236532,-0.08548880296538797,False
1392196069,abusive,0.88,4.282342123496914,-0.18623596736161918,1.0150347630467653,1.6807601008122295,1.0150347630467653,1.6377378248888401,0.6227030618420748,False
1392197125,abusive,0.005479452054794521,2.479845515635177,-0.16421931726663352,0.9574983485564091,0.6931471805599453,0.9574983485564091,1.1901285105175454,0.23263016196113628,False
1392197125,abusive,0.15789473684210525,1.133965567680175,0.525275601519708,3.0594193833810035,3.131411938338969,3.0594193833810035,2.084539585167302,-0.9748797982137014,True
1392197125,abusive,0.02727272727272727,0.7651698407876116,1.5776659260078865,4.4669768950936,4.183445002638495,4.4669768950936,6.064616524850495,1.5976396297568947,False
1392197125,abusive,0.0015372790161414297,2.0619282703112254,0.4390314315700943,1.601273513530049,2.0942143020241457,1.601273513530049,6.835981277703948,5.2347077641738995,False
1392197125,abusive,1.0,1.51834536859583,0.8001486825068782,2.464771136237311,0.9128696382935673,2.464771136237311,1.1772208062900311,-1.28755032994728,True
1392197125,abusive,0.029411764705882353,2.6537151814430517,-0.05816088373593997,1.440681104216619,3.5081453911555665,1.440681104216619,4.184996265284234,2.7443151610676146,False
1392197125,abusive,0.0006813536225300931,2.0377558353641936,0.09836931106222035,1.5607686607077544,3.7647923871433955,1.5607686607077544,3.855596939202863,2.2948282784951086,False
1393720360,abusive,0.9916666666666667,1.9870294031301543,-0.6445264526751708,1.7034386382832474,1.4388873702200669,1.7034386382832474,3.1226758654713014,1.419237227188054,False
1393720360,abusive,0.9916666666666667,1.804936965188397,0.6331464410479348,2.388108675543905,1.4180153671552183,2.388108675543905,2.0229764713631577,-0.36513220418074743,False
1393720360,abusive,0.9745762711864406,2.456448179056041,-0.5303533279444885,3.3655416262842777,2.0867290209203224,3.3655416262842777,2.1111625477151637,-1.254379078569114,True
1393720360,abusive,0.9914529914529915,2.1437159493580302,-0.20216194620571026,1.8071973969662811,1.5463861443896971,1.8071973969662811,2.4895400616443073,0.6823426646780262,False
1394306061,abusive,0.5,2.5547443828162475,-0.438048070861524,0.8553332238032111,2.2421477412631132,0.8553332238032111,1.5726533448019147,0.7173201209987036,False
1396889702,abusive,0.0030669561321892552,1.511497964915609,0.1709087721538256,2.7700693345599463,3.099914690347391,2.7700693345599463,3.44163734741655,0.6715680128566035,False
1396889702,abusive,0.01750824663790916,4.6073443451043445,-0.1145080193333845,6.45956865847552,7.153595624444385,6.45956865847552,8.160583393157864,1.701014734682344,False
1396889702,abusive,0.01095360824742268,4.9816035901963875,-0.3372127190457661,8.793580384279851,8.354362921627013,8.793580384279851,8.746951848520547,-0.0466285357593037,False
1396889702,abusive,0.017476054444631156,4.129725490187534,0.46152636732783936,7.691868783137094,8.237108340747875,7.691868783137094,7.948628665958611,0.25675988282151696,False
1396889702,abusive,0.008223684210526315,4.70870459292416,0.1726957431507392,8.363778502880999,7.929899725316187,8.363778502880999,8.89835079609339,0.5345722932123902,False
1396889702,abusive,0.008335688047471037,4.706185126168795,0.18761378480776614,8.180907610332948,8.766236449205142,8.180907610332948,8.513191219649912,0.33228360931696344,False
1396889702,abusive,0.0028216075737887507,4.4883659654612975,0.1533381708693513,7.793739771962723,7.548257057012603,7.793739771962723,8.309853302463399,0.5161135305006761,False
1396889702,abusive,0.022388059701492536,4.373381464822488,-0.4640811787765946,7.482011238112044,7.778502685382295,7.482011238112044,4.208482265748669,-3.2735289723633745,True
1396889702,abusive,0.008774538964901844,2.7751763611334477,0.7185983657533042,5.969446607392757,5.495046576969161,5.969446607392757,5.952292970224694,-0.01715363716806273,False
1396889702,abusive,0.01733773377337734,2.2853130418522283,2.0667191352430803,5.467694894924856,4.9533797371260055,5.467694894924856,5.945145913338825,0.4774510184139693,False
1396969100,abusive,0.25,2.270071950153155,0.04752890913770802,1.2429216196844384,1.2793859310432292,1.2429216196844384,1.1772208062900311,-0.06570081339440725,False
1396969100,abusive,0.5,2.209797511738823,-0.08858174908686323,1.3256082752359066,1.1269579206338498,1.3256082752359066,1.485309814479461,0.15970153924355435,False
1396969100,abusive,0.5,1.8548640555831493,0.29407348304464165,1.8128315723596202,1.1901285105175454,1.8128315723596202,1.4129518055583603,-0.3998797668012599,False
1396977510,abusive,1.0,2.6746960450560073,-0.27777560933024237,0.6931471805599453,0.7742402021815782,0.6931471805599453,0.9939626599152002,0.3008154793552549,False
1402841148,abusive,1.0,2.2690844041952225,0.038829334067602694,1.1325920960271891,1.0961277846683983,1.1325920960271891,1.1901285105175454,0.05753641449035629,False
1402841148,abusive,1.0,2.0689731751663425,0.8232861600163899,1.521774125838252,1.1772208062900311,1.521774125838252,1.416005299984518,-0.10576882585373393,False
1409081993,abusive,0.24561403508771928,2.4947685516963674,-1.8122872536382997,0.936426245424844,2.851959259840876,0.936426245424844,4.21363631448137,3.277210069056526,False
1409081993,abusive,0.08196721311475409,2.3775766904107427,-1.572663403406696,1.0961277846683983,2.1195268466858312,1.0961277846683983,3.2504291318157152,2.154301347147317,False
1409081993,abusive,0.1111111111111111,0.9137952879522944,-0.13647075395614316,3.413552656980724,3.2217090380292936,3.413552656980724,3.4446242659607185,0.03107160897999428,False
1418361337,abusive,0.028037383177570093,3.7681412667727607,-3.306343297250547,1.075055681536833,2.333785742689262,1.075055681536833,4.444259815309975,3.3692041337731418,False
1418361337,abusive,1.0,1.5592569383845043,-0.5676649844962619,2.2279371008313604,2.248302072996464,2.2279371008313604,3.115930839231827,0.8879937384004664,False
1418361337,abusive,0.0425531914893617,1.1655234531567276,-0.5411509335782037,2.7107834392549734,3.6328194517077237,2.7107834392549734,3.6039837676854596,0.8932003284304861,False
1421425549,abusive,0.3333333333333333,2.0277408666437173,0.424734690948096,1.6110315463639355,1.5566448032672073,1.6110315463639355,0.9939626599152002,-0.6170688864487354,True
1421425549,abusive,0.25,2.4375525215306224,-0.2877308409116792,1.0150347630467653,1.1634222319926408,1.0150347630467653,1.4067012968575396,0.3916665338107743,False
1421425549,abusive,0.25,2.209797511738823,0.007334700140171346,1.3256082752359066,1.1325920960271891,1.3256082752359066,1.3158502424020202,-0.009758032833886432,False
1421425549,abusive,0.16666666666666666,2.494768551696368,-0.06364374430519648,0.936426245424844,2.0089974229619654,0.936426245424844,1.0247927958806518,0.08836655045580777,False
1454509976,abusive,0.12121212121212122,4.941179124484326,-3.0341761754970342,1.59559361862571,1.7954292969616943,1.59559361862571,3.1431688247526806,1.5475752061269705,False
1457691200,abusive,1.0,2.132500395400523,0.20002349995153113,1.4334075753824442,2.168198336161896,1.4334075753824442,1.156148703158466,-0.27725887222397816,False
1459247515,abusive,1.0,0.8162731773817822,1.2572408302034443,3.2891765706088223,1.8769259514145749,3.2891765706088223,1.5120160930043656,-1.7771604776044567,True
1459461633,abusive,1.0,1.7260982230879498,0.5315268050830335,2.221171815099018,1.30205166810463,2.221171815099018,1.2583138279116641,-0.9628579871873539,True
1471493368,abusive,0.25,2.393392918283779,0.05997583111988014,1.075055681536833,1.4626440774180602,1.075055681536833,0.9939626599152002,-0.0810930216216329,False
1474315510,abusive,1.0,2.302677823229672,-0.05473991608672657,1.1982929094215964,1.1090354888959124,1.1982929094215964,1.2712215321391782,0.07292862271758183,False
1474315510,abusive,0.125,2.3352836963061887,-0.13487469830095078,1.1536641991587544,1.4370774031160836,1.1536641991587544,1.3369223455335855,0.18325814637483107,False
1474315510,abusive,1.0,2.437552521530623,0.03440605088908155,1.0150347630467653,1.1325920960271891,1.0150347630467653,0.9704060527839233,-0.044628710262841986,False
1474315510,abusive,1.0,2.1060694574383683,0.2389013598958578,1.4673873827415231,1.2080509422554828,1.4673873827415231,1.14075649493124,-0.32663088781028304,False
1515874322,abusive,0.3333333333333333,2.6746960450560073,-0.3835719519966623,0.6931471805599453,1.6886662685635563,0.6931471805599453,1.2136851176488221,0.5205379370888769,False
1515874322,abusive,1.0,2.3924997264719337,-0.2577962475986957,1.075055681536833,0.9939626599152002,1.075055681536833,1.2793859310432292,0.2043302495063961,False
1521226476,abusive,0.5,2.4701583946071395,-0.19395733760898537,0.9704060527839233,0.7742402021815782,0.9704060527839233,1.2347572207803874,0.2643511679964641,False
1524189631,abusive,0.5,2.291124093059345,0.03773188910739256,1.2136851176488221,1.2476649250079015,1.2136851176488221,1.1634222319926408,-0.05026288565618131,False
1529429154,abusive,0.2,2.232041453751311,0.2627270979450569,1.2947781392704552,1.221849516552873,1.2947781392704552,0.936426245424844,-0.35835189384561117,False
1529429154,abusive,0.25,2.3952136991567055,-0.2529803544587823,1.075055681536833,1.5463861443896971,1.075055681536833,1.4180153671552183,0.3429596856183852,False
1567817484,abusive,0.25,1.7691935784029813,0.15692142855334623,1.9345127627805911,1.893924593981253,1.9345127627805911,1.716820779339773,-0.2176919834408182,False
1567817484,abusive,0.18181818181818182,1.833406379832939,-0.4498645983405569,1.8492958837184112,1.7137672849136152,1.8492958837184112,2.47714479475365,0.6278489110352388,False
1567817484,abusive,0.11764705882352941,1.7489571373364128,0.03587766993373309,1.9587345373057843,2.248943833803821,1.9587345373057843,1.9099331355159603,-0.04880140178982395,False
1567817484,abusive,0.08695652173913043,1.6852685237103553,-0.017348559634875027,2.051047075627661,2.0655941332960106,2.051047075627661,2.0715485649627445,0.020501489335083445,False
1567817484,abusive,0.6875,1.4569241157216166,0.13158654610779585,2.370079440384905,2.2750083515213686,2.370079440384905,2.1922555693367967,-0.17782387104810837,False
1567817484,abusive,0.5,1.687177837920304,0.1859212977534721,2.0504764618311797,2.2604408867309154,2.0504764618311797,1.7861252938347156,-0.2643511679964641,False
1567817484,abusive,0.3684210526315789,1.5005683190197223,-0.20842994380023572,2.3161467269950844,2.425405887637944,2.3161467269950844,2.612624559472011,0.29647783247692683,False
1567817484,abusive,0.5,1.4702752754154507,0.12994015628705813,2.3620719657729374,1.7378928824713384,2.3620719657729374,2.1666888950348193,-0.19538307073811811,False
1567817484,abusive,0.2857142857142857,2.2311482619394654,-0.44906537011864955,1.2947781392704552,1.3523145537608112,1.2947781392704552,1.9174812011125297,0.6227030618420746,False
1568356470,abusive,0.75,2.124318331717869,0.3458400628892706,1.440681104216619,0.9128696382935673,1.440681104216619,0.9704060527839233,-0.47027505143269566,False
1568356470,abusive,0.3,3.9999298698092836,-0.7886143950691489,0.8764053269347762,1.3158502424020202,0.8764053269347762,1.2583138279116641,0.3819085009768879,False
1568356470,abusive,0.15789473684210525,2.5547443828162475,1.1162397144972593,0.8553332238032111,0.6931471805599453,0.8553332238032111,1.499108388776851,0.64377516497364,False
1568356470,abusive,0.2962962962962963,5.258232666958332,-1.6113618409296615,0.6931471805599453,0.9436997742590189,0.6931471805599453,1.2972321577888177,0.6040849772288724,False
1582744143,abusive,0.2,2.6746960450560073,-0.14993957779969946,0.6931471805599453,0.7742402021815782,0.6931471805599453,0.8553332238032111,0.1621860432432658,False
1585930703,abusive,0.3333333333333333,1.644804965380278,0.6771456814456371,2.2737925423060923,1.8518261072291229,2.2737925423060923,1.075055681536833,-1.1987368607692592,True
1585930703,abusive,0.5,2.3002934510994395,0.11957623341585721,1.2136851176488221,1.2347572207803874,1.2136851176488221,1.038591370178042,-0.1750937474707801,False
1601054028,abusive,0.5,3.1837116508703205,-0.6851801478644162,0.936426245424844,0.6931471805599453,0.936426245424844,0.9939626599152002,0.05753641449035618,False
1601054028,abusive,0.6666666666666666,3.900843990523793,-1.550898827835836,0.9939626599152002,1.3369223455335855,0.9939626599152002,1.038591370178042,0.044628710262841875,False
1605048648,abusive,0.5,2.393392918283779,-0.12205829182284988,1.075055681536833,0.9128696382935673,1.075055681536833,1.1325920960271891,0.05753641449035607,False
1605048648,abusive,0.5,2.0652356924098347,0.4895086904064123,1.5217741258382518,1.2583138279116641,1.5217741258382518,0.8553332238032111,-0.6664409020350407,True
1617102748,abusive,0.5,1.5880991025168343,0.5425805120107623,2.15817697215106,1.3287579466295345,2.15817697215106,1.433407575382444,-0.7247693967686162,True
1617102748,abusive,0.5,2.2089043199269773,-0.18481992066120734,1.3256082752359066,1.2136851176488221,1.3256082752359066,1.5515812416703496,0.22597296643444298,False
1709836916,abusive,1.0,2.4533687494036593,-0.17806088421735078,0.9939626599152002,0.7742402021815782,0.9939626599152002,1.2347572207803874,0.24079456086518725,False
1709836916,abusive,0.2,2.3097139160753906,-0.22651278746212666,1.1901285105175454,1.5355727001356423,1.1901285105175454,1.4991083887768513,0.30897987825930584,False
1754294690,abusive,0.9889637217725961,2.1735955069007162,0.2973586852970995,2.671208645294685,3.943874535416551,2.671208645294685,3.9075211323062575,1.2363124870115727,False
1754294690,abusive,0.9886313126132594,3.512606063508982,-0.13811839372703405,3.813900560239022,2.212877165457703,3.813900560239022,5.651275881238188,1.8373753209991661,False
1761506622,abusive,0.23,1.7621611926188936,-1.3021602256735454,1.700537701042671,2.9101746003988733,1.700537701042671,4.063574676439786,2.363036975397115,False
1769736183,abusive,0.16666666666666666,2.3784698822225883,-0.17992749335963998,1.0961277846683983,1.0514990744055563,1.0961277846683983,1.339406849533297,0.2432790648648986,False
1820131988,abusive,0.125,2.248831098954791,-0.1736096782224661,1.2712215321391782,1.30205166810463,1.2712215321391782,1.5072727876809022,0.23605125554172401,False
1829050102,abusive,1.0,2.254285600070112,0.3604346138660155,1.2872300736738855,1.075055681536833,1.2872300736738855,0.7742402021815782,-0.5129898714923073,True
1855320437,abusive,1.0,2.6746960450560073,-0.5882195014478087,0.6931471805599453,1.075055681536833,0.6931471805599453,1.493474213383512,0.8003270328235667,False
1927879209,abusive,0.2,1.8705816002918794,-0.05846626261827392,1.7861252938347156,1.629573425984789,1.7861252938347156,1.8565694125525858,0.07044411871787015,False
1927879209,abusive,0.25,2.17393223177372,-0.10230655272084421,1.3733866568923765,1.6604035619502409,1.3733866568923765,1.6239392505914498,0.25055259369907334,False
1927879209,abusive,0.5,2.189748459646757,-0.48927731559457954,1.352314553760811,2.079392707593401,1.352314553760811,1.998299685971768,0.6459851322109571,False
1927879209,abusive,0.16666666666666666,1.5688496774022493,0.3883198324398347,2.1869782183021576,1.9915951475640399,2.1869782183021576,1.6742021362476316,-0.512776082054526,False
1928353954,abusive,0.1111111111111111,1.9753679608982104,-0.4108198410314332,1.6474958577227266,2.1338282847765644,1.6474958577227266,2.22523188685891,0.5777360291361833,False
1928353954,abusive,0.25,1.656833504207233,-0.06300636308224217,2.0706576948928683,1.9422231319777346,2.0706576948928683,2.173633673711675,0.10297597881880671,False
1982608547,abusive,0.0425531914893617,3.0765858011622966,-2.6058680303559485,1.3733866568923763,1.9822911444370608,1.3733866568923763,4.482764176545787,3.1093775196534112,False
1982608547,abusive,0.09523809523809523,0.6440388311643807,-0.10073841388030969,3.6301438265184878,2.9743904052377266,3.6301438265184878,3.8526786615834254,0.22253483506493765,False
2004511914,abusive,0.2710843373493976,0.5478536018433117,0.030095554355555554,4.544822624271685,4.421453461480087,4.544822624271685,4.671007929776967,0.12618530550528195,False
2004511914,abusive,0.4642857142857143,0.961889650035652,0.43177800236230657,5.348322449453275,5.389338904143875,5.348322449453275,5.913809612567048,0.5654871631137732,False
2074287762,abusive,0.5,2.398036925490572,-0.596766695298447,0.9939626599152002,2.2184612218180773,0.9939626599152002,1.89225094404715,0.8982882841319498,False
2074287762,abusive,0.6,1.690871787778034,0.5046466636520561,2.0407184289972933,1.6697075650772195,2.0407184289972933,1.220958646482997,-0.8197597825142964,True
2074287762,abusive,0.5,1.8030628970371012,1.4702190607020333,3.4373559038168913,3.3834180237367226,3.4373559038168913,2.182817592776205,-1.2545383110406862,True
2124106158,abusive,0.0834038950042337,2.902361169451917,1.0111818124217917,6.925877343125903,6.39811498690162,6.925877343125903,5.9156312567043186,-1.010246086421584,True
41546,verified,0.3333333333333333,1.5733182762398434,0.8996884381505788,2.2051632735643105,1.1869788391239176,2.2051632735643105,0.9939626599152002,-1.2112006136491105,True
41546,verified,0.16666666666666666,3.3329367422385623,-0.4976564609825527,0.9574983485564091,1.383144689726263,0.9574983485564091,1.5305091385387841,0.573010789982375,False
41546,verified,0.2857142857142857,2.0133528909056846,1.3322943950022963,1.4970983216061513,1.2793859310432292,1.4970983216061513,0.9128696382935673,-0.584228683312584,True
41546,verified,0.2,2.2655148590746763,-0.5021095714960913,1.2922936352707435,1.440681104216619,1.2922936352707435,1.8862803514172135,0.59398671614647,False
41546,verified,0.125,2.473472835761433,0.06279064782826804,1.3240146413060712,1.1325920960271891,1.3240146413060712,1.44884550312067,0.12483086181459879,False
41546,verified,1.0,4.41413963799678,-0.42153322571274643,1.1434055402812444,0.6931471805599453,1.1434055402812444,0.7742402021815782,-0.36916533809966623,False
41546,verified,1.0,5.112963406048512,-1.989227586298071,3.3310777403286904,0.6931471805599453,3.3310777403286904,1.017519267046477,-2.3135584732822134,True
41546,verified,1.0,4.681549511457987,-0.6279579362415424,0.7742402021815782,1.1901285105175454,0.7742402021815782,1.017519267046477,0.2432790648648988,False
41805,verified,0.03753351206434316,1.1631981988442779,-0.6102568751753676,2.7624871671694398,3.3033614678619627,2.7624871671694398,3.980152851194222,1.2176656840247824,False
41805,verified,0.06454816285998013,1.1710286497062883,1.450684171775715,5.639963964681131,6.517280166860411,5.639963964681131,7.550280886485149,1.910316921804018,False
41805,verified,0.02618657937806874,2.4523711012886236,-0.2426328127557218,7.313214059909259,7.516053611472036,7.313214059909259,7.000320483645682,-0.31289357626357717,False
42367,verified,0.5142857142857142,2.2784221511012595,-0.7803867727007248,1.3287579466295345,1.8071973969662811,1.3287579466295345,2.493071048692051,1.1643131020625164,False
42367,verified,0.03155006858710562,0.4569244641626612,1.3493616837097995,4.164176344041749,5.822023402165992,4.164176344041749,6.455362064705916,2.291185720664167,False
42367,verified,0.07203791469194312,2.2402557170419772,0.2654908813213419,7.039585489927819,7.252358382496344,7.039585489927819,7.389585977639425,0.35000048771160586,False
44737,verified,0.009940357852882704,1.4235880283646705,0.1935252888229908,5.880939333722337,6.299221776329012,5.880939333722337,6.133279136113101,0.2523398023907646,False
44737,verified,0.006796116504854369,2.9898033038498735,-0.4127430188415664,7.879753162164325,7.302663369151523,7.879753162164325,7.340897998530956,-0.5388551636333689,False
44737,verified,0.0071633237822349575,2.2957862855128788,-0.14846370966891076,6.747387674522207,6.4453166175567675,6.747387674522207,6.499138630825156,-0.2482490436970508,False
44737,verified,0.02384500745156483,2.1978095574525405,-0.046966480469274874,6.629153372407278,6.532520310827579,6.629153372407278,6.5153325560826145,-0.11382081632466345,False
44737,verified,0.09699769053117784,1.9918299820147751,0.01309573941943909,5.983705479476896,5.958923276372335,5.983705479476896,5.949402896069719,-0.03430258340717707,False
44737,verified,0.051597051597051594,2.0086055729574843,-0.000990270500048851,5.942137799198383,5.939582416125207,5.942137799198383,5.944191588805348,0.0020537896069647843,False
44737,verified,0.07307692307692308,1.0580725390187404,-0.27127423862433964,4.29855685695201,4.053089494577973,4.29855685695201,4.900053850419749,0.6014969934677383,False
44737,verified,0.3076923076923077,2.2480939369187487,-0.8499173925089181,2.7800879537499155,3.971600552836376,2.7800879537499155,5.459674928705969,2.6795869749560532,False
44737,verified,0.07291666666666667,1.2324306194276808,-0.5034232259092348,3.956690521526012,4.517264288621581,3.956690521526012,4.6073097408320995,0.6506192193060873,False
44870,verified,0.0043859649122807015,1.750243939961733,0.3702114294558987,6.378330842285802,6.7646165024188205,6.378330842285802,6.876990603027703,0.49865976074190055,False
44870,verified,0.0009578544061302681,2.068295114928179,-0.06399033877371352,6.7899809531003,6.78502504285189,6.7899809531003,6.70914279068635,-0.08083816241394981,False
44870,verified,0.03571428571428571,0.6289051959873351,0.37282078202465896,4.825895495236128,5.3560006260190764,4.825895495236128,5.214013014962637,0.3881175197265092,False
44870,verified,1.0,2.4969065493236395,-0.2919344802542252,2.1528700275001333,1.9612190413054957,2.1528700275001333,1.1901285105175454,-0.9627415169825879,True
44870,verified,0.3333333333333333,1.5901468063370234,-0.20672909495397307,2.1818323691089936,1.7942896927387664,2.1818323691089936,2.8022996611044086,0.6204672919954151,False
44870,verified,0.5,1.838838858134037,0.15776807933467363,1.8529657114520508,1.8339036754911855,1.8529657114520508,2.058320604461836,0.20535489300978504,False
44870,verified,0.3333333333333333,2.337378148459422,0.032770284872553734,2.1905819194026934,2.563785167369603,2.1905819194026934,1.3924486928532414,-0.7981332265494521,True
44870,verified,0.2,2.8046623216619815,0.3871809710863161,1.4673873827415236,1.504371850440326,1.4673873827415236,1.1901285105175454,-0.27725887222397816,False
44870,verified,0.08333333333333333,2.218126360603264,-0.02747091495578724,1.3266636866560755,1.2347572207803874,1.3266636866560755,1.352314553760811,0.02565086710473552,False
44870,verified,0.16666666666666666,2.3320555981106152,-0.6602160761933416,1.440681104216619,1.6902106777823385,1.440681104216619,2.0407184289972933,0.6000373247806743,False
44870,verified,0.2,2.481244953766489,-0.5489878619406245,1.2347572207803874,1.5217741258382518,1.2347572207803874,1.883795847417502,0.6490386266371146,False
44870,verified,0.012658227848101266,2.6746960450560073,-1.8954084936137792,0.6931471805599453,1.0675076159402637,0.6931471805599453,3.4346615248182752,2.74151434425833,False
44870,verified,0.0625,1.1792259672180863,-0.32060524328282414,2.772588722239781,3.0206211004598686,2.772588722239781,3.459988518753631,0.6873997965138496,False
44870,verified,0.5,0.9028876870243268,0.0422782068416967,3.175209709611642,2.731060849284132,3.175209709611642,3.4661992328856264,0.2909895232739843,False
44870,verified,0.05,0.7586226498284698,2.9185556207766004,3.444127667762288,2.3784914382103777,3.444127667762288,1.2583138279116641,-2.185813839850624,True
46016,verified,0.0035971223021582736,0.7315940906233738,0.33001583808334556,5.015578395886206,4.8697190005373105,5.015578395886206,5.492372958730485,0.4767945628442787,False
46016,verified,0.010362694300518135,1.2760071325391487,0.3042729769784116,5.791455144800583,5.98166924682131,5.791455144800583,6.210269954902211,0.4188148101016278,False
46016,verified,0.011968085106382979,1.8262394560275244,0.020877451268942027,6.536702566097576,6.5966106274394205,6.536702566097576,6.5570346433833535,0.020332077285777572,False
46016,verified,0.04792332268370607,1.7308515579827586,-0.5273588738598194,6.410176365770117,6.118229018061813,6.410176365770117,5.703642913463922,-0.7065334523061955,True
46016,verified,0.08396946564885496,1.2767966218813553,-0.7437915707821517,5.771071435633589,5.059011589911615,5.771071435633589,4.542888931806786,-1.2281825038268028,True
46093,verified,0.02666666666666667,0.6723022600262094,0.2454329885358011,3.4524356627342376,3.2591468519695788,3.4524356627342376,3.0989434081905993,-0.3534922545436383,False
46093,verified,0.25,2.569796188054394,0.7099230705742756,1.3862943611198906,1.4755517816455745,1.3862943611198906,1.2476649250079015,-0.13862943611198908,False
47752,verified,0.16,1.419394926843535,-0.5635334018899345,2.554751727745058,3.0903757155857874,2.554751727745058,4.081398854384129,1.5266471266390709,False
47752,verified,0.053691275167785234,1.074023011168417,-0.26450463265998136,4.2599086649250895,4.797672938743568,4.2599086649250895,5.058558877431149,0.7986502125060593,False
47752,verified,0.021897810218978103,1.1882862488854196,0.10884627393563484,5.649751358002821,5.830951369598282,5.649751358002821,5.8222036135342305,0.1724522555314092,False
47752,verified,0.019650655021834062,1.6377267147951002,0.08383784131393535,6.270828495285685,6.048780196596872,6.270828495285685,6.377240290074224,0.10641179478853857,False
47752,verified,0.014705882352941176,1.786941213366644,-0.04533025827630688,6.480529319911199,6.608566411107782,6.480529319911199,6.416822622823878,-0.06370669708732102,False
47752,verified,0.010416666666666666,1.8049707890533893,-0.4116469860771337,6.495377677860832,6.304832850062496,6.495377677860832,5.952630946875512,-0.5427467309853196,False
47752,verified,0.059602649006622516,1.1409436649863394,-0.4991393601879276,5.605774982777154,5.646951443056275,5.605774982777154,4.904686589199461,-0.7010883935776935,True
47752,verified,0.2222222222222222,0.5071621825911417,0.6034221503480965,4.571359096777796,3.9544739494324737,4.571359096777796,3.032586828939034,-1.5387722678387616,True
48389,verified,0.022857142857142857,2.3711489762712916,-1.864432777390853,1.1058858175022848,3.6102271817061604,1.1058858175022848,4.247938666577339,3.142052849075054,False
48389,verified,0.016877637130801686,0.7321605163362321,0.4481388904355792,4.877424798591763,4.838870200628271,4.877424798591763,5.656421291535772,0.7789964929440094,False
48389,verified,0.015151515151515152,1.0992221208175426,0.4837881789074976,5.495738612363226,5.799445624552235,5.495738612363226,6.198802435971915,0.703063823608689,False
48389,verified,0.010279001468428781,1.682296158525626,0.16535309541638155,6.329951875039751,6.4985190787841605,6.329951875039751,6.537687043670874,0.20773516863112285,False
48389,verified,0.011235955056179775,1.6968831827646493,-0.2235932685717139,6.327100424895578,6.26866951391046,6.327100424895578,6.032181636436578,-0.2949187884590003,False
48389,verified,0.0425531914893617,1.4461244959334063,-0.46634960438561024,5.969274260206358,6.09696546771473,5.969274260206358,5.321486824008811,-0.6477874361975475,False
48389,verified,0.06451612903225806,0.4006686808789895,0.19829136459235125,4.263188545038295,4.114163507715708,4.263188545038295,4.111765200974499,-0.15142334406379554,False
48474,verified,0.014705882352941176,2.5724272198315736,1.4678647800080533,0.8317766166719343,4.504228647614513,0.8317766166719343,9.461520082291447,8.629743465619512,False
48474,verified,0.0058268103478535576,4.996680718321279,-0.7013008586912814,10.286180681102529,8.988540490535827,10.286180681102529,9.756936433820865,-0.5292442472816639,False
48832,verified,0.047619047619047616,1.0714016271600635,0.048965378913997215,3.25605596088497,4.285072141453806,3.25605596088497,5.285018624292694,2.028962663407724,False
48832,verified,0.014814814814814815,1.1271687727027946,0.23479853220141633,5.539828281289966,5.6889559807142245,5.539828281289966,5.9113297153425695,0.37150143405260305,False
48832,verified,0.008976660682226212,1.6728182578200403,0.10308304775780819,6.309391754049896,6.3276071303648225,6.309391754049896,6.448796808194643,0.13940505414474735,False
48832,verified,0.008528784648187633,2.1590500061146836,-0.4868056466170996,6.92624580561025,6.298466366568444,6.92624580561025,6.300935546872575,-0.6253102587376755,False
48832,verified,0.0,1.3431304869478162,-0.12123128563231633,5.834706523630622,5.7967165726755585,5.834706523630622,5.644465105260521,-0.19024141837010156,False
48832,verified,0.047058823529411764,1.0803605563913776,-0.777475376262866,5.458629282153105,5.024806475635754,5.458629282153105,4.234546442624904,-1.2240828395282009,True
49819,verified,0.05263157894736842,0.9552824562237232,0.7436150164506048,3.010184777624906,2.6062495177659213,3.010184777624906,2.2651841920543783,-0.7450005855705277,True
49819,verified,0.029411764705882353,0.7148321283948796,0.09051477351642012,3.486436576435724,3.416917776503947,3.486436576435724,3.38988069850529,-0.09655587793043408,False
49819,verified,0.018867924528301886,0.5753637273538044,-0.043946520689112756,4.413064073879906,3.8444589154256286,4.413064073879906,3.9746352935843854,-0.4384287802955207,False
49819,verified,0.05454545454545454,0.5472147580483613,0.07799600434585519,4.0375109115917045,3.8650854352159287,4.0375109115917045,3.7584360596673525,-0.279074851924352,False
49819,verified,0.07547169811320754,0.5942802059798534,0.06250688115780711,3.9695919772684056,3.755973801371462,3.9695919772684056,3.9658629024040812,-0.0037290748643243887,False
49819,verified,0.014705882352941176,0.6186895947278698,0.03820161033826841,3.8656379336767737,3.7619642658281327,3.8656379336767737,3.734667286468329,-0.13097064720844465,False
49819,verified,0.17391304347826086,0.5598580978406772,-0.022785384539876996,4.04389158625872,4.030874709400832,4.04389158625872,4.124392132121323,0.08050054586260291,False
49819,verified,0.034482758620689655,0.5666414050143711,0.005492046534503303,4.1319286010474565,4.169842910721903,4.1319286010474565,4.202701546051873,0.07077294500441678,False
49819,verified,0.014285714285714285,0.5382125327570233,0.015365564300511725,4.311687201053806,4.181079475137617,4.311687201053806,4.187344699016146,-0.12434250203765984,False
49819,verified,0.12,0.5821886556054383,0.8987202251748749,4.284672609996424,3.7292816180782387,4.284672609996424,2.343127542282383,-1.9415450677140407,True
49819,verified,0.21052631578947367,0.9288504285375592,0.17348363559578295,3.176943985815572,2.84799873438164,3.176943985815572,2.860562736857614,-0.31638124895795805,False
49819,verified,0.015873015873015872,0.9172409216349336,0.2640477005475109,3.2097609470121093,2.8271706825311207,3.2097609470121093,2.831990192846933,-0.37777075416517647,False
50314,verified,0.25,2.026500712488319,0.5768444446435268,1.5745672350051447,1.7091561296536297,1.5745672350051447,1.9635859328348964,0.3890186978297516,False
50314,verified,0.04878048780487805,1.1000509639550011,-0.3206700539587368,2.9241851186984986,3.4180288432635004,2.9241851186984986,3.4616533091230095,0.5374681904245109,False
50314,verified,0.06666666666666667,0.8466452151505633,0.049927108007151055,3.3516691450792337,3.0297589777581058,3.3516691450792337,3.222402939878463,-0.12926620520077092,False
50314,verified,0.08,0.9473808298449097,-0.029631226303940217,3.151948860527729,3.094847701921892,3.151948860527729,3.1442197175081965,-0.007729143019532536,False
50314,verified,0.06976744186046512,1.0656778409503036,1.0668404013057198,2.954747201810176,2.1933463394732895,2.954747201810176,2.4074834559000067,-0.5472637459101692,False
50314,verified,0.2962962962962963,1.2318475893724383,0.2712628159436987,2.978068463593396,2.095006382267365,2.978068463593396,2.349321062807865,-0.6287474007855312,False
50314,verified,0.21818181818181817,1.5248983312240239,0.9709947569916737,2.2706686790291526,2.615807650533191,2.2706686790291526,3.0743783876419553,0.8037097086128027,False
51853,verified,0.03571428571428571,1.3490176499848077,-0.31384078978912977,5.898527658455797,5.85536478856036,5.898527658455797,5.480674047572347,-0.41785361088344963,False
51853,verified,0.23076923076923078,1.421988736978578,-0.613535178670591,2.44089427283264,2.2841620352124843,2.44089427283264,3.7364561309675226,1.2955618581348824,False
51853,verified,0.06910569105691057,0.7060858625489569,-0.05376931316868161,4.715735946196562,5.371065820638146,4.715735946196562,4.522483488440619,-0.19325245775594269,False
51853,verified,0.14285714285714285,0.7085199261958461,0.028235095632134,3.5241864556596925,3.5981714734709214,3.5241864556596925,3.3651699261814834,-0.1590165294782091,False
52241,verified,0.18181818181818182,1.9355441361944863,-0.7270453053121744,1.826129520613387,2.3103330586572315,1.826129520613387,2.7173824311934203,0.8912529105800333,False
52241,verified,0.10810810810810811,0.6761546177694978,0.07080677146598591,3.7300948907727025,4.39245249658899,3.7300948907727025,4.829652171043525,1.099557280270823,False
52241,verified,0.012012012012012012,0.6808405681011006,0.47535677936472454,4.897105969588894,4.947598309131222,4.897105969588894,5.631543144501645,0.7344371749127507,False
52241,verified,0.011049723756906077,1.4311023354996313,0.13444244226431934,5.97942618531328,6.355088832344029,5.97942618531328,6.177205833788384,0.19777964847510354,False
52241,verified,0.011764705882352941,1.6952233107592456,-0.023164072484057163,6.349716072064426,6.11385405520258,6.349716072064426,6.322309548787863,-0.027406523276563455,False
52241,verified,0.007561436672967864,1.5189688931893852,-0.28014633906125574,6.115770314557914,6.033759804215766,6.115770314557914,5.7171342843444,-0.3986360302135141,False
52241,verified,0.02666666666666667,0.9471199294510656,-0.40723819719702825,5.318609459184624,5.275019184573422,5.318609459184624,4.6322120531561115,-0.6863974060285125,False
52241,verified,0.10526315789473684,0.874852741959366,0.3050846126767034,3.156902407648597,3.068488947376695,3.156902407648597,2.7459905339205255,-0.4109118737280717,False
52241,verified,0.5714285714285714,2.2483665708367777,0.1416995660871212,2.032554030093242,2.0280594589228302,2.032554030093242,1.3564384112013583,-0.6761156188918835,True
52241,verified,0.8,2.6648026328150345,-0.31188192776288304,1.0961277846683983,1.8810168897537392,1.0961277846683983,1.1325920960271891,0.0364643113587908,False
52241,verified,0.3076923076923077,2.5724272198315736,-1.120481599915674,0.8317766166719343,1.0596634733096073,0.8317766166719343,2.3892322740047502,1.557455657332816,False
52842,verified,0.012195121951219513,0.5077923947073935,-0.13659668724994184,4.71595281200316,4.773887344355096,4.71595281200316,4.5123608368603145,-0.20359197514284588,False
52842,verified,0.010526315789473684,0.3917152953635452,0.03968845698091039,4.538151587385068,4.486349224810966,4.538151587385068,4.559724443541469,0.0215728561564017,False
52842,verified,0.010526315789473684,0.39831180104563046,-0.03634662766130092,4.5544831396690375,4.574437523865905,4.5544831396690375,4.509132142627027,-0.04535099704201073,False
52842,verified,0.012658227848101266,0.467173362186643,-0.19276341922630263,4.638822825896675,4.486332891577896,4.638822825896675,4.3664464868527215,-0.2723763390439533,False
52842,verified,0.009708737864077669,0.37703827312504984,0.013455845654241128,4.5191273752030465,4.464898983383672,4.5191273752030465,4.541870501192475,0.022743125989428847,False
52842,verified,0.012345679012345678,0.4043999511897251,-0.030790539599614863,4.569606565232465,4.403895345040107,4.569606565232465,4.505871588296289,-0.06373497693617569,False
54728,verified,0.23529411764705882,0.9102920994677077,-0.30113273137964847,3.1134895066010317,3.7121662960605137,3.1134895066010317,4.263161807647763,1.1496723010467313,False
54728,verified,0.017167381974248927,0.6344236581678692,0.26932359200650935,4.513055732981599,4.702077625869906,4.513055732981599,5.282047678453072,0.7689919454714733,False
54728,verified,0.01832460732984293,1.2088372153032605,0.48117971171576635,5.692494664465282,5.812708028708519,5.692494664465282,6.337498006217546,0.6450033417522638,False
54728,verified,0.005805515239477504,1.627483657586555,0.15400388393004505,6.270210337784656,6.383252711893395,6.270210337784656,6.474338636177366,0.2041282983927104,False
54728,verified,0.00535475234270415,1.7462620603207637,-0.2064602719663553,6.419950937032233,6.240794675231693,6.419950937032233,6.117296603868852,-0.30265433316338086,False
54728,verified,0.026845637583892617,1.4152759881054489,-0.4180497930463708,5.957590299646771,6.096549960291949,5.957590299646771,5.370244596308185,-0.5873457033385865,False
54728,verified,0.0,0.9622665610368974,-0.5671473940873024,5.261416287370907,4.787040825898136,5.261416287370907,4.182210486634284,-1.0792058007366228,True
54728,verified,0.2,1.1936313106402316,-0.44486964342628477,2.725330496923323,3.0873760406627966,2.725330496923323,3.342399383372059,0.6170688864487359,False
54728,verified,0.18181818181818182,0.5476070171006373,0.8914382485808277,3.9091727760445236,2.735111719507366,3.9091727760445236,2.4595844598320107,-1.449588316212513,True
54730,verified,0.3076923076923077,1.560196500310341,-0.5164385999776224,2.6202688020360507,2.8452547214331476,2.6202688020360507,3.301859260749223,0.6815904587131723,False
54730,verified,0.01818181818181818,0.8510012533943738,-0.3388518158755235,4.723201580688059,4.872598740316931,4.723201580688059,4.498320389747773,-0.2248811909402857,False
54730,verified,0.014388489208633094,1.0451559901226173,0.30411928736264304,5.319552848506699,5.505701028943075,5.319552848506699,5.891843730606676,0.5722908820999768,False
54730,verified,0.016042780748663103,1.4200105207153908,0.12307362486892504,5.96761954402042,6.275739670530878,5.96761954402042,6.157865604275285,0.19024606025486523,False
54730,verified,0.009900990099009901,1.692951905309053,0.09290854079986,6.346449747078507,6.287676939194727,6.346449747078507,6.479490213439628,0.13304046636112066,False
54730,verified,0.008,1.5659663943733253,0.11563807836418483,6.162712046116594,6.062471201737976,6.162712046116594,6.317074822477118,0.1543627763605242,False
54730,verified,0.047619047619047616,1.2142055723914225,-0.5921978157075387,5.6954794601006125,5.453906113730115,5.6954794601006125,4.818178077062575,-0.8773013830380378,True
54730,verified,0.08888888888888889,0.3719368858781117,0.17913704672124753,4.0301238325190205,4.04797683186605,4.0301238325190205,3.5542289249693995,-0.47589490754962105,False
54730,verified,0.5,1.8015161027740423,-0.40936730834445445,2.0423120629271283,1.4544796785140093,2.0423120629271283,2.6675465576488966,0.6252344947217683,False
54730,verified,0.05714285714285714,1.0670991085208419,0.10287490319512593,2.9551302542750744,2.628938444577478,2.9551302542750744,2.7737495922693385,-0.18138066200573588,False
55369,verified,0.004333694474539545,1.0268170138177193,0.9035761860455396,3.3939567719293633,3.0626914400020446,3.3939567719293633,6.662215513248656,3.2682587413192925,False
55369,verified,0.01130937421462679,1.2067729761712982,1.0416170448156572,5.557461563144,5.556675264772537,5.557461563144,7.033263615910279,1.4758020527662792,False
55369,verified,0.00619608796015065,1.0042646996291142,0.07345988453418784,5.2678055572628155,5.366658452700417,5.2678055572628155,5.413427791994792,0.14562223473197644,False
55369,verified,0.004036836129683361,2.5547443828162475,-0.13740567180302898,0.8553332238032111,1.3523145537608112,0.8553332238032111,2.13270908767574,1.2773758638725292,False
55646,verified,0.11363636363636363,1.02196759841621,-0.3911460938331305,3.300591594345525,4.817646371696786,3.300591594345525,4.703587979352548,1.402996385007023,False
55646,verified,0.0410958904109589,0.6323761962945403,0.67560337744132,4.737297696467843,5.338648848248175,4.737297696467843,5.785020887258684,1.0477231907908404,False
55646,verified,0.0192,1.198497608020326,0.49790702425681066,5.680118644201291,6.1068170201081005,5.680118644201291,6.34709729362764,0.6669786494263494,False
55646,verified,0.018554062699936022,2.3508178192460636,-0.17315288393769324,7.186715352518509,7.548973879656901,7.186715352518509,6.955273585320866,-0.23144176719764342,False
55646,verified,0.020942408376963352,1.433458567099649,-0.28200114841207724,5.921780644815209,6.293823046270317,5.921780644815209,5.509974921458161,-0.41180572335704824,False
77835,verified,0.05555555555555555,2.4198696845152967,0.9198705762375416,1.038591370178042,1.5682985848920026,1.038591370178042,2.393684881602616,1.3550935114245741,False
77835,verified,0.005681818181818182,0.9381908827519856,-0.03294064375719996,5.135798437050262,5.199269313438001,5.135798437050262,5.242891738223333,0.10709330117307125,False
77835,verified,0.08333333333333333,0.9487516180986848,2.4810377364491734,5.331500103312338,5.403357014765669,5.331500103312338,2.46365156402702,-2.8678485392853186,True
77835,verified,0.0625,3.3890710112852824,-0.7052404731957305,2.7703299209160295,2.7480194237348803,2.7703299209160295,2.7715852324028147,0.00125531148678526,False
90420,verified,0.01272984441301273,3.160901671593658,-0.5905217612418223,0.9704060527839233,3.4042670370515156,0.9704060527839233,7.493403207908753,6.52299715512483,False
90420,verified,0.004405286343612335,2.626209206612681,-0.19391083645428653,7.570043854579329,7.468019720250263,7.570043854579329,7.312187197372161,-0.2578566572071681,False
90420,verified,0.0047011417058428475,2.2189935946242607,0.38595439364075323,7.0292880119745345,7.7414600062290955,7.0292880119745345,7.544895774772479,0.515607762797945,False
90420,verified,0.6067415730337079,0.978223990596885,0.778944220941546,5.130656645856678,4.340066198123284,5.130656645856678,2.3961378174545236,-2.734518828402154,True
90420,verified,0.09090909090909091,3.707957824765958,-2.9358807148058412,2.029568900049907,2.805111828647751,2.029568900049907,4.75457528879071,2.7250063887408027,False
91607,verified,0.9835728952772074,1.9930806180765501,-0.1583971983330006,1.6239392505914498,1.8786157017310707,1.6239392505914498,3.825133468241168,2.2011942176497183,False
99238,verified,0.010256410256410256,3.286457441780211,0.2251767957980051,7.4040528040064,7.517748037236399,7.4040528040064,7.569997071042413,0.1659442670360125,False
99238,verified,0.0008103727714748784,3.2439430012088666,-0.01624654822866667,7.851248883382299,7.543210094047237,7.851248883382299,7.67333646073817,-0.17791242264412865,False
99238,verified,0.058823529411764705,3.102030791259767,1.2592377377816062,6.04358420710317,5.902315462120293,6.04358420710317,4.647025004364792,-1.396559202738378,True
120176,verified,0.27149321266968324,3.4102050020022547,-1.0431536983688225,5.457275968663432,6.134956601681577,5.457275968663432,5.764695562599096,0.30741959393566365,False
120176,verified,0.017094017094017096,3.4585343340951185,0.29708258141381716,5.971062848615914,6.050850693768091,5.971062848615914,5.9621922762381825,-0.008870572377731811,False
124956,verified,0.5555555555555556,2.2572286875816734,-0.510264657391776,1.4180153671552183,2.054513052638381,1.4180153671552183,2.1840911704327453,0.766075803277527,False
124956,verified,0.10526315789473684,2.0326298193333185,-1.5286870025774895,1.5664028361010938,1.5253140412581323,1.5664028361010938,4.417414244416863,2.851011408315769,False
132101,verified,0.06521739130434782,0.9135651697984383,-0.32230182746654,3.2200282868596317,3.6191008934146014,3.2200282868596317,3.736072208113524,0.5160439212538921,False
132101,verified,0.16666666666666666,0.799263937930637,0.048803903127250026,3.42100096673648,3.0610166537075334,3.42100096673648,3.3144413825733836,-0.10655958416309641,False
132101,verified,0.14285714285714285,0.8365495995251951,-0.013164296773925721,3.2478308764654464,2.843224247140344,3.2478308764654464,3.3527673418241997,0.10493646535875323,False
132101,verified,0.125,1.180246642495718,0.5005158215894916,2.748574209111425,2.3588615470546963,2.748574209111425,2.055836100462124,-0.692738108649301,True
132101,verified,0.11764705882352941,1.5791809775193655,-0.3715965490766362,2.167759258049209,2.549213729319189,2.167759258049209,2.747864083921246,0.5801048258720369,False
132101,verified,0.16666666666666666,0.9080774346654981,-0.2755049303104069,3.1099541698833186,3.3811636028010996,3.1099541698833186,3.6641176212811772,0.5541634513978586,False
132101,verified,0.125,0.8454460238263545,-0.16400438857847688,3.256803357276899,3.0616059722035835,3.256803357276899,3.6362319624959163,0.37942860521901745,False
132101,verified,0.1,0.8458336667594578,0.037177813218444156,3.313839145723631,2.836131403414958,3.313839145723631,3.199918721375464,-0.11392042434816707,False
134587,verified,0.003472222222222222,1.009157636261134,0.14224299595746892,5.410436447553098,5.469142576936985,5.410436447553098,5.600674272573296,0.1902378250201977,False
136473,verified,0.0034602076124567475,1.3058225402761459,-0.03254748678887309,5.723215230245193,6.443844399761628,5.723215230245193,5.759323434096379,0.036108203851185294,False
142288,verified,0.0018750901485648347,1.6627077914555195,1.9833181042383963,6.264040041413365,8.111962433683853,6.264040041413365,8.916110038655626,2.6520699972422612,False
142288,verified,0.008762322015334063,3.7511350673268247,-0.4036602063407324,9.047302990732899,8.679965894367395,9.047302990732899,8.508536787877599,-0.5387662028552995,False
142288,verified,0.004134129536058797,3.3278423991310624,-0.05829835254671467,8.484868473850991,7.8440418576368245,8.484868473850991,8.3954342983052,-0.08943417554579014,False
142288,verified,0.02035338850369045,3.2629825412976894,0.05333441899852609,8.385420406659588,8.416446906487778,8.385420406659588,8.458329374635586,0.072908967975998,False
142288,verified,0.014184397163120567,1.671163363961678,-0.2682769408752279,6.222678851386569,5.790079076243973,6.222678851386569,5.890411767491221,-0.3322670838953483,False
142288,verified,0.021621621621621623,2.0685732320822265,-0.19262614195524996,6.79626938156119,5.8657466875981275,6.79626938156119,6.557942730136332,-0.23832665142485787,False
142288,verified,0.0055762081784386614,1.2293274919524293,0.7609014929233429,5.5956134464876275,5.438117694119546,5.5956134464876275,6.654354244039753,1.058740797552126,False
142288,verified,0.05851063829787234,1.0342320493038604,-0.07619013195519231,5.41282460845123,6.247450702313534,5.41282460845123,5.288333732594941,-0.12449087585628948,False
142288,verified,0.022950819672131147,1.0766538321278891,0.0335931671087053,4.514325688175097,5.29677161453405,4.514325688175097,5.5516423195734586,1.0373166313983617,False
142288,verified,0.061855670103092786,2.2053889084991667,-0.39709269974732075,4.576352235498122,4.670519951815889,4.576352235498122,4.574730339440231,-0.0016218960578910924,False
142288,verified,0.030456852791878174,1.70310145017781,-0.4420594924605292,4.046883623979739,4.066338265247838,4.046883623979739,4.748102504371582,0.7012188803918429,False
142755,verified,0.05,0.9177442882743506,-0.09740217464934353,3.955194151867193,3.9034768023197643,3.955194151867193,4.821357063779842,0.8661629119126486,False
142755,verified,0.07017543859649122,2.132670274485049,-1.0934674773606665,1.6181417432167993,3.385359878082751,1.6181417432167993,5.221486392537503,3.6033446493207033,False
144036,verified,1.0,1.2582643626184702,0.9324920399414307,5.1442855657009385,2.957548592750096,5.1442855657009385,1.3631279980148663,-3.7811575676860723,True
144036,verified,0.8571428571428571,2.32117959816232,-0.0643724384780322,2.422791471324474,2.732714153131279,2.422791471324474,2.3378726157210417,-0.08491885560343215,False
163607,verified,0.1,5.532950641689313,-3.140450915217379,4.2626798770413155,4.2626798770413155,4.2626798770413155,1.075055681536833,-3.1876241955044824,True
172015,verified,0.002244668911335578,2.0035743754343747,0.008655290128297466,6.69574007094472,6.179568634770495,6.69574007094472,6.689492073420089,-0.0062479975246310104,False
177700,verified,0.022598870056497175,1.0022355125492148,-0.0007185309524857519,5.260622518419231,5.020550084941016,5.260622518419231,5.246510526396394,-0.014111992022836972,False
224936,verified,0.0019047619047619048,1.3526374438941584,0.23116436176737865,5.844730973045777,5.753199935627519,5.844730973045777,6.168994427511727,0.3242634544659504,False
224936,verified,0.08333333333333333,2.833789667781699,0.448037979416406,3.3778406745974956,3.5104652957236326,3.3778406745974956,3.452592463996679,0.07475178939918337,False
224936,verified,0.014084507042253521,4.304142204014225,26.554409697405625,2.6790513264765337,2.3799094970553822,2.6790513264765337,3.171127876451714,0.49207654997518047,False
224936,verified,0.030534351145038167,0.6248569929608048,0.6723710051928264,4.30595659039252,2.625153116666546,4.30595659039252,3.0891501196055278,-1.2168064707869921,True
224936,verified,1.0,1.9264036059124703,-0.24783927613198253,1.9290728564651782,2.7266753967001067,1.9290728564651782,2.0561106372245193,0.12703778075934102,False
242852,verified,0.09090909090909091,1.5488985893902893,0.028264881768607752,2.23735871642865,2.1469616916800383,2.23735871642865,2.1972245773362196,-0.040134139092430576,False
244236,verified,0.025974025974025976,1.3271340078078406,-0.35345707370031276,5.8071408710960615,5.498517546115549,5.8071408710960615,4.740470297521806,-1.0666705735742559,True
244236,verified,0.015384615384615385,0.996841315709075,0.6659257541904724,5.330249952308938,6.492818278542505,5.330249952308938,6.25329045449852,0.9230405021895827,False
244236,verified,0.01639344262295082,1.3885509433589365,0.08197275118518066,5.7441740919399376,5.343712782138522,5.7441740919399376,5.997273079217829,0.25309898727789104,False
244236,verified,0.021341463414634148,1.597790975345831,-0.7746609852431863,6.168067644904596,6.29038503819177,6.168067644904596,4.994543493262318,-1.1735241516422779,True
244236,verified,0.002932551319648094,0.9772492713507178,0.1339915045476966,5.3130593372310315,5.637567069135266,5.3130593372310315,4.940028530510663,-0.3730308067203687,False
244236,verified,0.00663716814159292,1.290720625712331,0.10525605596820387,4.286753269544371,4.633054409248201,4.286753269544371,2.73776076485737,-1.5489925046870008,True
244236,verified,0.020242914979757085,1.3189842386273432,-0.21805511884226525,3.416387155513155,2.6221423520367706,3.416387155513155,3.5331302702281038,0.11674311471494869,False
244236,verified,0.011494252873563218,1.1036076249624514,-0.30547293254583896,4.1864793188092095,3.4092693147502375,4.1864793188092095,4.41476945537018,0.22829013656097086,False
244236,verified,0.010830324909747292,0.7121568319876964,0.16843967849485197,3.9714927651754537,4.606135634407414,3.9714927651754537,4.710902806507814,0.7394100413323605,False
244236,verified,0.012605042016806723,1.4549108763743615,-0.4553781937835517,2.9459784537633547,4.442060703773261,2.9459784537633547,4.87655552376396,1.9305770700006053,False
244236,verified,0.015748031496062992,1.222777372757029,0.3576152650856206,3.98501542596924,4.022623950587972,3.98501542596924,3.0259332781834485,-0.9590821477857916,True
275849,verified,0.023095446584938704,3.150183388069606,0.6701198621020952,8.258878492435484,8.635139053861844,8.258878492435484,9.143842119387523,0.8849636269520396,False
275849,verified,0.046097111247695145,3.772120183932111,-0.2587893730421711,9.084682195459358,8.958686069286808,9.084682195459358,8.736661075012467,-0.3480211204468908,False
275849,verified,0.5160550458715596,1.432328945536885,-0.41862129867400744,4.90399461356495,4.321243930217689,4.90399461356495,4.5588454845433635,-0.34514912902158645,False
275849,verified,0.07197943444730077,0.821698379786824,0.36161241649931686,4.330924866747694,5.300950948306829,4.330924866747694,5.5295315810220025,1.1986067142743089,False
305484,verified,0.010582010582010581,1.1676998038682427,-0.4461248124039505,3.36943624814477,4.712421010812022,3.36943624814477,4.710710109701309,1.3412738615565392,False
305484,verified,0.022900763358778626,1.164641127122539,-0.5615266208135375,4.58483125735078,3.8312820289851173,4.58483125735078,4.375299538862573,-0.20953171848820684,False
305484,verified,0.0016207455429497568,3.1646851306772037,-0.4129203784831095,8.285607430019692,7.64558776632142,8.285607430019692,7.739882341300773,-0.5457250887189184,False
305484,verified,0.007518796992481203,1.0935169758963545,0.006178035303546103,5.4705416901867085,5.446203352305593,5.4705416901867085,5.432238915589686,-0.038302774597022804,False
305484,verified,0.007518796992481203,0.9593150147245252,0.01259856060574982,5.191573984919762,5.306188869662886,5.191573984919762,5.196119879645458,0.004545894725696442,False
305484,verified,0.010810810810810811,0.984552939384512,-0.049748437444513405,5.216472709404185,5.230480977249791,5.216472709404185,5.142054338776191,-0.07441837062799372,False
305484,verified,0.00909090909090909,0.9548244065942836,0.016990107097952012,5.1621239335430475,5.1232180254310355,5.1621239335430475,5.190333839578741,0.028209906035693066,False
305484,verified,0.3333333333333333,2.84313718596128,-0.8085565891265527,1.8436617083250717,3.224945919518872,1.8436617083250717,2.826472601543167,0.9828108932180954,False
334159,verified,0.0196078431372549,1.8425743312302996,0.5709721120912814,2.553091967182119,2.2734319069354725,2.553091967182119,3.2646313389443526,0.7115393717622336,False
334159,verified,0.02702702702702703,2.656986579499014,-0.5764183523105646,2.1680729836037345,2.432622590218007,2.1680729836037345,2.4038136281663673,0.23574064456263288,False
334159,verified,0.2,1.7231689634910672,1.0080328583828901,2.3832616813748135,2.6776482922343234,2.3832616813748135,2.5655651719991135,0.18230349062429996,False
334159,verified,0.09090909090909091,2.9780576661444402,-0.6087080491299757,1.9725331116031746,1.854475152579127,1.9725331116031746,1.404216792857828,-0.5683163187453466,True
341235,verified,0.02844311377245509,1.5297926820511472,0.6102389529917933,6.055894289994753,5.932774513734083,6.055894289994753,4.672267107231628,-1.3836271827631252,True
372518,verified,0.06956521739130435,2.810924320505357,0.13658086538878145,4.029186350597278,4.0815054388275085,4.029186350597278,3.8496833016226946,-0.17950304897458302,False
381539,verified,0.0003249390739236393,3.36666413662212,0.36136926930219904,8.53676930360405,8.685675521688797,8.53676930360405,9.010417312704073,0.4736480091000228,False
381539,verified,0.0003706105809320856,4.014472806166411,-0.06611438790006297,9.38746565474823,9.353662556527716,9.38746565474823,9.30010127532481,-0.08736437942341979,False
381539,verified,0.003745318352059925,1.6162669010165858,0.05122645785543756,6.146082495289263,6.183405333120179,6.146082495289263,6.216676547728486,0.07059405243922345,False
381539,verified,0.003048780487804878,1.7885064031995306,0.03391609973982135,6.3910620127514886,6.409694588059113,6.3910620127514886,6.438996860872445,0.047934848120956275,False
381539,verified,0.003676470588235294,1.539119118168925,-0.32798787317860145,6.0451948066434325,6.09445656337901,6.0451948066434325,5.6414666194514425,-0.40372818719199,False
381539,verified,0.007518796992481203,1.621914667884709,-0.6489374265194473,6.183374475636842,6.473743527979141,6.183374475636842,5.121222214991659,-1.062152260645183,True
381539,verified,0.002285714285714286,1.055081636514106,-0.03999256430161324,5.419741347784528,4.606505510322958,5.419741347784528,4.965317872986796,-0.45442347479773204,False
381539,verified,0.009259259259259259,1.1679509237588914,-0.19911818139292037,5.416211434642956,5.456101982927867,5.416211434642956,5.2201065776971,-0.19610485694585567,False
381539,verified,0.003616636528028933,1.005739093977702,0.1502331723762167,5.3435565725076035,6.357215651774898,5.3435565725076035,5.451507437495016,0.10795086498741213,False
381539,verified,0.00644122383252818,1.4801966996259783,-0.34216519321674865,5.517697550690633,5.288095324005274,5.517697550690633,5.511964942065653,-0.005732608624979818,False
381539,verified,0.05128205128205128,0.8796905001660479,-0.21646334267716338,5.10916829904729,5.139799328712097,5.10916829904729,3.6995059113137776,-1.4096623877335128,True
381539,verified,0.06060606060606061,1.1346519771812953,-0.2345427044220295,5.471633175722812,4.451050593652266,5.471633175722812,5.0693472568880455,-0.4022859188347665,False
381539,verified,0.09523809523809523,0.7278511142468593,0.13917934569582324,4.355500038663633,4.8289293105023505,4.355500038663633,4.189825801667824,-0.16567423699580974,False
381539,verified,0.007575757575757576,1.269792852896634,-0.018956723597776115,5.510429340119034,4.774687035862884,5.510429340119034,5.655066603019959,0.14463726290092538,False
381539,verified,0.0016736401673640166,0.9063394256087276,-0.23934779178416776,4.023853346601345,4.643762445482952,4.023853346601345,4.139280887647741,0.11542754104639652,False
381539,verified,0.08333333333333333,0.9239910160618845,0.10125382486906687,3.5744057269291836,3.6672162439484937,3.5744057269291836,3.7184732374596026,0.144067510530419,False
381539,verified,0.019801980198019802,1.3966758789427256,1.242526228541877,3.0450554550538613,3.8200930885776407,3.0450554550538613,4.198394389863699,1.1533389348098377,False
381539,verified,0.0045871559633027525,1.0822462615315809,-0.4677451251357625,4.1301871847447975,3.9261740369777343,4.1301871847447975,4.226357414068547,0.09617022932374919,False
381539,verified,0.2222222222222222,1.3500750744041135,-0.09150172592169614,2.7841210876688347,3.460126712112823,2.7841210876688347,2.7087529649621693,-0.07536812270666537,False
381539,verified,0.14285714285714285,1.05833905117846,-0.1896459620652875,3.976509636686707,3.8787259609289593,3.976509636686707,3.1522075553136446,-0.8243020813730624,True
386626,verified,0.011764705882352941,3.0152299214840492,-1.1179326408445336,1.1536641991587544,3.238555820070078,1.1536641991587544,6.6144435387897165,5.460779339630962,False
386626,verified,0.013836477987421384,1.4447320636939383,0.049135744414564364,5.736530617852467,6.147499266833359,5.736530617852467,6.037844172214667,0.3013135543622001,False
389622,verified,0.010095344924284913,2.2022941577110684,0.2241218312905242,7.021479952908058,7.057755250593414,7.021479952908058,7.254104046274736,0.23262409336667833,False
389622,verified,0.01870748299319728,1.3720570146539883,0.9851704258359029,5.456910329305737,5.649367490780528,5.456910329305737,7.191983361435573,1.7350730321298355,False
389622,verified,0.04338842975206612,1.5653144270838621,-0.37635501112742253,6.088152199447495,5.784774847401035,6.088152199447495,5.3006966428704425,-0.7874555565770525,True
399612,verified,0.02022058823529412,1.9778989530672852,0.18966812439159408,1.6455819675194967,2.33357516499361,1.6455819675194967,6.976724874669135,5.331142907149639,False
399612,verified,0.011282051282051283,1.7394089449370473,0.14592355872416185,6.371920803007356,6.715556122814474,6.371920803007356,6.5787455456352575,0.20682474262790151,False
399612,verified,0.08181818181818182,0.6246754140777673,-0.1737287146023634,4.657951785063785,4.454472553566875,4.657951785063785,4.410389220413213,-0.24756256465057191,False
399612,verified,0.10891089108910891,0.5395965739269,-0.011311953882103376,4.477532614732235,4.203569226371593,4.477532614732235,4.427028219787724,-0.05050439494451098,False
399612,verified,0.0948905109489051,0.5157750743460511,0.01997376905430248,4.358445646768891,4.2523801824745675,4.358445646768891,4.441880094161202,0.0834344473923112,False
399612,verified,0.09615384615384616,0.4677316273004274,0.034174545420584956,4.294203398308239,4.407036445585589,4.294203398308239,4.291118898477966,-0.0030844998302734794,False
399612,verified,0.1282051282051282,0.5496304972889636,-0.0177836964000202,4.4241446517224,4.323535372531362,4.4241446517224,4.377639953709019,-0.046504698013380974,False
399612,verified,0.125,0.53207641837983,-0.016119739107579134,4.276143322933853,4.3087996050753095,4.276143322933853,4.326144438314297,0.05000111538044383,False
399612,verified,0.08108108108108109,0.6521737645591382,-0.14290826274427004,3.777572238353811,4.250105645971599,3.777572238353811,4.322637689890466,0.5450654515366549,False
400797,verified,0.05,2.593740242535805,-1.0790844444279413,0.9128696382935673,2.6997870123715026,0.9128696382935673,6.053746797565228,5.140877159271661,False
400797,verified,0.005149330587023687,1.955275956862586,0.0974412778394722,6.682435147590664,6.635182984564838,6.682435147590664,6.814152595220404,0.13171744762973958,False
400797,verified,0.008658008658008658,1.9863866879463479,0.20839930934079431,6.73544193454584,7.111863655098273,6.73544193454584,6.997949538800055,0.2625076042542158,False
411688,verified,0.004056795131845842,1.1046768504066908,-0.44773355788882174,3.5160641044799634,6.328368064370871,3.5160641044799634,4.746467224483886,1.2304031200039223,False
411688,verified,0.00819672131147541,0.30047788403511905,0.0735127458796439,4.173047894345163,4.261033025041454,4.173047894345163,4.34405640712144,0.17100851277627704,False
411688,verified,0.3333333333333333,1.8546539540771714,-0.13506890165567165,2.027490468496384,1.7788517650005407,2.027490468496384,2.1319219064514923,0.10443143795510812,False
416103,verified,0.004149377593360996,0.7738848088594297,0.12154812045150831,4.9561101285842195,5.294451654898603,4.9561101285842195,5.112393861907941,0.15628373332372192,False
416103,verified,0.01079136690647482,0.7083034706196746,-0.10547721200033344,3.4903662149994936,3.758465819357906,3.4903662149994936,3.8437695228191053,0.3534033078196117,False
416103,verified,0.038461538461538464,2.7741856434525434,-0.9293627139429779,2.4151472287604343,1.9423685336562577,2.4151472287604343,2.3704501541147693,-0.04469707464566497,False
416103,verified,0.07142857142857142,3.074983485328366,-1.2026425639245684,1.83916713715466,2.320363015394326,1.83916713715466,2.1655016660944386,0.32633452893977855,False
416103,verified,0.01694915254237288,1.8465095528998385,1.1707387743040147,3.027828926591673,2.9817215331888547,3.027828926591673,2.718393385325745,-0.3094355412659282,False
416103,verified,0.058823529411764705,2.371214415451641,-1.106846480634168,2.208571566735281,2.2449686624994216,2.208571566735281,3.2573237896215494,1.0487522228862685,False
416103,verified,0.0625,1.7974394514050744,0.31780603713486055,2.594364833671761,2.3726601213520864,2.594364833671761,2.4325495041583602,-0.16181532951340083,False
416103,verified,0.09090909090909091,2.1804684046084275,1.023965865931924,1.7842114036314853,2.5117286355767625,1.7842114036314853,1.7575051251065812,-0.026706278524904148,False
416103,verified,0.14285714285714285,2.3591962089680525,-0.7605309551671513,2.4756687732941254,1.6627704534796415,2.4756687732941254,2.577651997170755,0.10198322387662984,False
416103,verified,0.025,2.246114101783955,0.4817721071736081,1.478036285645286,1.961395330431057,1.478036285645286,1.8071973969662811,0.3291611113209951,False
416103,verified,0.16666666666666666,1.647888897580787,0.10736746843554723,2.1939153298997356,2.058889594888282,2.1939153298997356,1.9458268330782702,-0.2480884968214654,False
416103,verified,0.08333333333333333,1.9680551557198656,-0.4916830578611999,1.7666925441439862,1.8339036754911853,1.7666925441439862,2.8166183917418106,1.0499258475978244,False
416103,verified,0.25,1.839539249012656,0.6129363085791577,2.211771635004569,1.5996670791905967,2.211771635004569,0.9939626599152002,-1.217808975089369,True
416103,verified,0.5,3.2436874819902,-0.013007176264423492,0.8553332238032111,0.936426245424844,0.8553332238032111,1.2136851176488221,0.35835189384561106,False
416103,verified,0.09090909090909091,3.3896487394505015,-0.9796779461304319,0.936426245424844,1.6952742393791964,0.936426245424844,1.14075649493124,0.2043302495063961,False
427332,verified,0.003952569169960474,0.7707964191602469,0.18387922454495365,4.719199280807732,4.9038840429977455,4.719199280807732,5.277994020074416,0.5587947392666841,False
433313,verified,0.000505902192242833,4.254078918800474,-0.8502517071801305,9.706070478525866,9.009372618003912,9.706070478525866,8.57494275433383,-1.1311277241920372,True
433313,verified,0.0068415051311288486,2.03865578459972,0.22122505022359062,6.758102362113834,6.574209075099347,6.758102362113834,7.037873780182383,0.2797714180685489,False
433313,verified,0.014814814814814815,1.9640264845028128,0.3321130247743167,6.658089409972095,6.486938152659239,6.658089409972095,7.083766265272987,0.4256768553008925,False
433313,verified,0.0028763183125599234,2.193929412524406,-0.30177581663361464,6.972328776638402,6.76409118636658,6.972328776638402,6.533618183106064,-0.43871059353233743,False
433313,verified,0.004893964110929853,1.2998219920734781,0.3941010668787732,5.7395382413514175,6.130024622091602,5.7395382413514175,6.284142547036521,0.5446043056851035,False
433313,verified,0.008528784648187633,1.4979603345598729,0.8932119308105075,5.01020637456409,5.959347893661249,5.01020637456409,7.2220766451344165,2.2118702705703264,False
433313,verified,0.024390243902439025,1.6210836642141722,0.17180860214228066,6.1746591383319895,6.445808009389429,6.1746591383319895,6.41310332792133,0.2384441895893401,False
433313,verified,0.026813880126182965,1.8188629967561858,-0.07894434295027453,6.481629851212167,6.191937459065479,6.481629851212167,6.341661100793606,-0.1399687504185616,False
433313,verified,0.017421602787456445,1.6639708367831596,0.17836647034309605,6.30382640372329,6.257971179603567,6.30382640372329,6.51175948717368,0.2079330834503894,False
433313,verified,0.0043907793633369925,1.478149078386004,-0.39081362114474016,5.943501187560829,5.556976664302223,5.943501187560829,5.466186846199006,-0.47731434136182216,False
433313,verified,0.005,2.2105618321314084,-1.0250861773271853,6.560840303792714,5.795030257685207,6.560840303792714,5.297487224464537,-1.2633530793281773,True
433313,verified,0.008645533141210375,1.110601157217371,0.4749144999753798,5.3960696236589465,4.51339113551707,5.3960696236589465,5.375652694604513,-0.020416929054433375,False
433313,verified,0.004815409309791332,0.9674036045272973,-0.15144714519506186,5.3259661499168685,5.674619737308021,5.3259661499168685,5.152847126470377,-0.17311902344649166,False
433313,verified,0.0297029702970297,1.2864011217614721,0.7935474944001815,4.757704634629702,5.155050777915756,4.757704634629702,4.6740877650667585,-0.08361686956294356,False
433313,verified,0.05172413793103448,1.3521561929433819,-0.23508071488374616,5.2598700296812435,4.5764142996221775,5.2598700296812435,4.9578292706852665,-0.30204075899597704,False
433313,verified,0.011661807580174927,1.188861510380518,-0.21611528160552929,5.435119874644154,4.55411230496214,5.435119874644154,4.392417993354009,-1.042701881290145,True
438996,verified,0.002136752136752137,1.1267013177995095,-0.04363390208808404,5.4076853676489005,5.5166117834761925,5.4076853676489005,5.347712798107269,-0.05997256954163177,False
438996,verified,0.007407407407407408,2.0225376277086737,-0.4911180090327516,6.721935635120843,5.974300040787446,6.721935635120843,6.0156597080910625,-0.7062759270297807,True
467829,verified,0.0005396654074473826,2.557260220683412,-0.293302034945643,7.452145418187797,7.574117706582004,7.452145418187797,7.06293643423602,-0.38920898395177694,False
471114,verified,0.00010596026490066225,4.418226223630148,-0.07012994435052988,9.924276665410058,9.404689761304333,9.924276665410058,9.830929066021653,-0.0933475993884052,False
471114,verified,9.84251968503937e-05,4.420642769921115,-0.10159692831156608,9.927166129610363,9.858514991885107,9.927166129610363,9.792181937384616,-0.13498419222574753,False
471114,verified,6.07588783911049e-05,4.69211358198627,-0.046293630902844995,10.287485335827862,10.361449128182013,10.287485335827862,10.22541213059311,-0.06207320523475168,False
471114,verified,0.00042653017701002344,4.6274717243636045,-0.9396416808100061,10.200671337222667,9.755554449268718,10.200671337222667,8.955914155191227,-1.2447571820314405,True
471114,verified,0.0005140066820868671,2.8807746809905903,-0.2768934511854768,7.885427148444142,8.13441805801925,7.885427148444142,7.510916278129133,-0.3745108703150093,False
471114,verified,0.002197802197802198,2.5726930878701624,-0.11984559597132405,7.469690885364341,7.310377357309354,7.469690885364341,7.307790847663358,-0.16190003770098294,False
471114,verified,0.001610305958132045,2.574417463707256,0.08248517407742018,7.486385208161854,7.30924123650793,7.486385208161854,7.583800456322157,0.09741524816030278,False
471114,verified,0.0019665683382497543,2.1252797693827103,0.09549602467691276,6.873110187733923,7.043434862195733,6.873110187733923,7.001210688245747,0.12810050051182387,False
471114,verified,0.002190580503833516,2.1517707587522015,0.009581234642643821,6.9107143439492145,7.70240230267826,6.9107143439492145,6.916404686803821,0.005690342854606456,False
471114,verified,0.0028785261945883708,2.516151818178473,-0.07563949394182279,7.402594453717765,7.030250448700329,7.402594453717765,7.320887088606446,-0.0817073651113196,False
471114,verified,0.00880503144654088,2.369088012502427,0.017585530749200107,7.204346094632373,6.8386561826021195,7.204346094632373,7.217520144962532,0.013174050330158948,False
471114,verified,0.0021990104452996153,2.363822767465898,0.22641050171314125,7.184298181049297,7.075951579117371,7.184298181049297,7.49449087946274,0.31019269841344244,False
471114,verified,0.00149812734082397,2.183401094754615,-0.008075219623835395,6.953419539171058,7.243623105171807,6.953419539171058,6.936604041985669,-0.016815497185389106,False
471114,verified,0.0020242914979757085,1.8338798785117327,0.288404652378321,6.453346254070984,7.571660444325795,6.453346254070984,6.878160440630088,0.42481418655910463,False
471114,verified,0.0029182879377431907,1.9993058319201698,-0.28277922911733233,6.711846366705194,6.3366824291365464,6.711846366705194,6.3506442156852945,-0.3612021510198993,False
471114,verified,0.002886002886002886,1.7292273975057484,0.06317731805463755,6.374075345864054,6.520351412048292,6.374075345864054,6.432686761683129,0.05861141581907514,False
471114,verified,0.004662004662004662,1.8481392803336463,0.10996451347708192,6.495409726063537,5.993114300306507,6.495409726063537,6.6432881753188155,0.1478784492552787,False
471114,verified,0.002107481559536354,1.7745331659505763,-0.16304983853662636,6.387650695164505,6.025800139799981,6.387650695164505,6.205186398301525,-0.18246429686297994,False
471114,verified,0.0048543689320388345,1.5049525734411475,-0.30009305474274295,5.92091533068613,5.793746889836098,5.92091533068613,5.6892711132806255,-0.23164421740550445,False
471114,verified,0.0015600624024961,1.6732933366211058,-0.25691366194079035,6.2355522443849,6.057218248543751,6.2355522443849,5.90918876922051,-0.32636347516439024,False
471114,verified,0.02100840336134454,1.1376784383705016,0.2566359110277445,5.593682513768768,5.788535888057705,5.593682513768768,5.875576885749673,0.28189437198090506,False
471114,verified,0.0042643923240938165,1.236183452860222,0.14132314025114412,5.458906145707563,6.029158668257338,5.458906145707563,5.842656448933413,0.3837503032258498,False
471114,verified,0.02702702702702703,1.4834381820054428,-0.07485858901233855,5.665951091557136,5.547059971419216,5.665951091557136,4.537317209502264,-1.1286338820548716,True
471114,verified,0.004424778761061947,1.022711971358949,-0.013145038291241917,5.368367393343447,4.557161784109058,5.368367393343447,5.224494957828608,-0.14387243551483841,False
528932,verified,0.09615384615384616,0.74717283098463,0.03567665329368008,4.930575596342555,4.756174168690984,4.930575596342555,4.999794494561137,0.06921889821858151,False
27281057,verified,0.05925925925925926,3.252302363001006,-0.06696459543321653,5.187698350491104,5.524784014819058,5.187698350491104,5.461274695214684,0.2735763447235797,False
27281057,verified,0.16842105263157894,3.0334899485296427,0.337650511595589,5.148383396482439,4.8172254138626585,5.148383396482439,4.572175256349977,-0.5762081401324615,False
60820005,verified,0.04170212765957447,0.9892404959790779,2.0596695413745265,3.088969042182565,5.545013134105414,3.088969042182565,8.120306027320117,5.031336985137552,False
60820005,verified,0.006637627048330222,2.9773423500565865,0.32298377656357546,8.030880647471879,8.211867337502662,8.030880647471879,8.47088957798287,0.44000893051099155,False
60820005,verified,0.003360215053763441,2.08358824775602,-0.9564324540674272,6.800810438028433,5.994617796774628,6.800810438028433,5.436245689161923,-1.3645647488665107,True
60820005,verified,0.015151515151515152,0.720482615804863,0.31537131225988624,4.719011860021063,5.371833575899579,4.719011860021063,4.778660271277625,0.059648411256561396,False
152950980,verified,0.0004266211604095563,2.8622691808990335,-0.1745746261135097,7.8535201203619565,7.665842931910504,7.8535201203619565,7.620386803809242,-0.2331333165527143,False
152950980,verified,0.007352941176470588,0.8236394594948416,-0.011882450310538473,4.939780348741652,4.930038097490668,4.939780348741652,4.928687232480783,-0.011093116260869174,False
152950980,verified,0.009523809523809525,1.6445004482452685,-0.8620224885731569,3.404151262808051,5.076146999547188,3.404151262808051,3.5066771097838925,0.10252584697584144,False
152950980,verified,0.5,2.0021763446555148,-0.7112160504494183,2.9530874412472365,3.18182188206382,2.9530874412472365,3.69996750786429,0.7468800666170536,False
152950980,verified,0.5,1.7443956058272945,-0.5979251649911621,2.411717440714335,3.1677192021828193,2.411717440714335,4.383037388806106,1.9713199480917711,False
152950980,verified,0.1,3.662599851015286,-2.4613617058437836,1.2712215321391782,2.7328556564234097,1.2712215321391782,3.3904257848816193,2.119204252742441,False
152950980,verified,0.037037037037037035,1.0039981322066716,1.189300376724995,3.09096987000942,1.8780317597104037,3.09096987000942,2.494963303392341,-0.5960065666170791,False
152950980,verified,0.125,1.000677157497487,0.5203902422630164,3.614349074421562,2.6033650136328768,3.614349074421562,3.8243606077163634,0.21001153329480138,False
152950980,verified,0.043478260869565216,2.630119744912624,-1.5577695898713126,2.9858022918252267,3.6462346218071824,2.9858022918252267,3.079309799175335,0.09350750735010838,False
152950980,verified,1.0,0.701775448159709,0.31635171489649616,3.6066034524946433,2.1066111502906404,3.6066034524946433,3.5853962455240636,-0.02120720697057976,False
152950980,verified,1.0,1.370647098201266,0.4661717613749916,2.4902362380845786,2.634184988803752,2.4902362380845786,1.8318936083204853,-0.6583426297640933,True
152950980,verified,0.5,3.3188939433028066,-0.5793097026957637,1.7106664476064222,1.6166657217572749,1.7106664476064222,1.5644889458978635,-0.1461775017085587,False
152950980,verified,0.02702702702702703,2.900962483285967,-0.0813446977555885,1.5526042618037035,1.5120160930043653,1.5526042618037035,1.488849729899341,-0.06375453190436242,False
157989255,verified,0.007692307692307693,3.866516544046436,-0.2330861597018128,4.8632904112599675,5.243368685379155,4.8632904112599675,5.261234024103152,0.3979436128431848,False
157989255,verified,0.00625,4.392822820519833,-0.5047137511784392,5.311755808770174,4.930281225662258,5.311755808770174,4.454793578976409,-0.8569622297937656,True
157989255,verified,0.015384615384615385,3.1399699486444144,0.47694160877347436,3.976850544218654,4.179891327802008,3.976850544218654,4.3358845931565755,0.35903404893792157,False
219953046,verified,0.00038138825324180017,3.045080691266342,0.02251254885728171,8.099267685076606,8.217676362318326,8.099267685076606,8.12949659272931,0.03022890765270425,False
219953046,verified,0.0015105740181268882,2.7774163636810405,-1.4310610526581287,7.742765890498051,8.007274175002156,7.742765890498051,5.773410584292028,-1.9693553062060225,True
219953046,verified,0.28,1.7054971897279692,0.8185376156154152,2.1136470517148753,1.7050322722130828,2.1136470517148753,1.528792389800506,-0.5848546619143693,True
223495843,verified,0.0010476689366160294,1.7480140319384723,0.7875822629554317,6.336295532745983,7.544179091776473,6.336295532745983,7.410231992010705,1.073936459264722,False
223495843,verified,0.2857142857142857,1.8362149597817847,-0.8983095717674916,2.27632631345718,3.5012177137427587,2.27632631345718,3.865749857215394,1.589423543758214,False
224157523,verified,0.0019597363263851772,0.6979868229131496,3.129407315182873,3.701838299263346,7.40051929279137,3.701838299263346,9.176247394811707,5.474409095548361,False
224157523,verified,0.0006936950824726376,3.836027990018617,-0.0894051427705369,9.184560955805651,9.26846155825984,9.184560955805651,9.066507844397693,-0.11805311140795816,False
224157523,verified,0.007231404958677686,3.525860809278194,-1.296850781340149,8.767924669947934,7.918986582396397,8.767924669947934,6.732150666284501,-2.035774003663433,True
224157523,verified,0.11016949152542373,1.58550911711392,0.040037548080799956,6.104595884977344,6.136041662386269,6.104595884977344,6.17532916856883,0.07073328359148601,False
224157523,verified,0.6170212765957447,1.0659841030397321,6.156527945620459,3.2281623354484106,3.615913502913032,3.2281623354484106,1.9500672746083907,-1.27809506084002,True
224157523,verified,0.72,1.8591259143257886,-0.5956500989292479,2.554683128876267,3.6166199209451713,2.554683128876267,3.7223939941457163,1.1677108652694494,False
224157523,verified,0.6486486486486487,1.6874861188839465,-0.7836761041076075,3.095450490773521,3.712356045240945,3.095450490773521,4.36113940700614,1.2656889162326186,False
224189473,verified,0.0273972602739726,0.6159146889361212,-0.10173384421032439,4.480123261908252,4.516847314602283,4.480123261908252,4.3784387852178694,-0.10168447669038283,False
224189473,verified,0.005208333333333333,1.3506332898019175,-0.34560818862135156,3.8453148594902458,3.3452107005362386,3.8453148594902458,4.162384110915703,0.31706925142545694,False
224189473,verified,0.9090909090909091,1.2480022569433673,-0.018789553528441916,3.222064302096853,3.164159902222095,3.222064302096853,3.718569785856361,0.496505483759508,False
253405494,verified,0.02557302519416556,2.2415192428241877,3.005911717536038,1.2872300736738853,3.2592848158297576,1.2872300736738853,9.41852568477822,8.131295611104335,False
253405494,verified,0.06106338518690504,3.220233236351265,0.40539866013226655,7.220262375212154,7.3592771707962985,7.220262375212154,8.683415862567589,1.4631534873554353,False
253405494,verified,0.04247209365641165,2.470459971493741,2.134045612698976,7.161301245611017,7.2735870248058445,7.161301245611017,8.420776745016402,1.2594754994053856,False
253405494,verified,0.08541392904073587,3.0319436774567996,-0.3834101935534191,6.6359444926196485,6.6354209321112325,6.6359444926196485,1.8417478181218416,-4.794196674497806,True
253405494,verified,0.13313405380547252,1.970724670004517,2.868636068531392,2.5566135918708146,3.175548980261278,2.5566135918708146,2.2135775163484483,-0.34303607552236626,False
253405494,verified,0.019341703427214117,1.465642900552065,2.0122568471255713,2.679999022800522,7.36605798244149,2.679999022800522,7.269119940707337,4.589120917906815,False
253405494,verified,0.047121896162528217,4.508356430178987,-0.12113529164003811,7.02102375038257,7.83126466667065,7.02102375038257,8.258120850451341,1.2370971000687714,False
303209220,verified,0.02127659574468085,1.9870315900708149,-0.016763206436808398,1.6295734259847894,4.106426815366962,1.6295734259847894,6.710034196074045,5.080460770089256,False
303209220,verified,0.005042016806722689,2.0731348750798904,-0.06553500907153431,6.845980611302513,6.8012022459556905,6.845980611302513,6.749590705285991,-0.09638990601652164,False
303209220,verified,0.030303030303030304,0.5729630989309282,0.9955173500345336,3.9771532940286214,3.6933611137564766,3.9771532940286214,3.5164701107094842,-0.46068318331913716,False
315836745,verified,0.16,3.745095704153015,-0.4190692566420626,3.7207259507712878,3.576827446436149,3.7207259507712878,3.4810520092342037,-0.2396739415370841,False
363560149,verified,0.0058823529411764705,0.7217983343306325,0.2913861339173016,4.7881292424694495,4.964644847410469,4.7881292424694495,4.8138716614247965,0.025742418955347013,False
363560149,verified,0.04032258064516129,1.4652315699988592,-0.6532508692717102,2.898569075901599,3.7172828554142052,2.898569075901599,4.91585126924321,2.017282193341611,False
363560149,verified,0.04,0.5534642616784835,0.5470190001741264,4.114902149938878,4.086032539404958,4.114902149938878,3.1185530681978895,-0.9963490817409886,True
363560149,verified,0.021739130434782608,0.6201567183538742,-0.03834292371522552,4.518967843689112,4.834327571704227,4.518967843689112,3.8097295323004934,-0.7092383113886189,True
363560149,verified,0.017391304347826087,0.4796342640296182,0.6029240149960667,3.842052774080827,5.809014938568028,3.842052774080827,5.37002860420572,1.527975830124893,False
363560149,verified,0.005025125628140704,0.5697122442687228,0.2536900657415587,4.440642105671001,3.8868999115805223,4.440642105671001,4.9612192309090934,0.5205771252380922,False
363560149,verified,0.009900990099009901,0.7256712245435775,-0.03501749899912132,4.824730302092526,4.1624915878849675,4.824730302092526,4.667462090098729,-0.15726821199379692,False
379399457,verified,0.002766616164943021,3.8952657360558662,-0.0024162969392365063,9.266131894591643,9.165486942718712,9.266131894591643,9.259782816845428,-0.0063490777462149595,False
379399457,verified,0.25222112537018754,2.116257873954607,-0.10517837567706101,6.84634889528941,6.721876212705939,6.84634889528941,6.736977036549172,-0.10937185874023747,False
379399457,verified,0.11379310344827587,1.7417983969041309,0.28867494126441584,3.1589158250994647,6.508045323251947,3.1589158250994647,3.3614681657193906,0.20255234061992589,False
379399457,verified,0.4,2.595052848483064,-1.2500814458774459,2.2589240380592535,3.3734641323475936,2.2589240380592535,3.3757670245300586,1.1168429864708052,False
424079174,verified,0.015873015873015872,0.6197024322633456,-0.021270262845011656,4.816978141076713,5.183375367100409,4.816978141076713,4.816304668592101,-0.0006734724846113593,False
424079174,verified,0.0005446623093681918,2.829705227751131,-0.15786794107627644,7.808210703874243,7.837424865534173,7.808210703874243,7.625167348514877,-0.18304335535936644,False
424079174,verified,0.017316017316017316,1.8904583136597481,-0.9862464937665234,5.425683980637091,5.322003097987625,5.425683980637091,5.110057259088816,-0.3156267215482753,False
424079174,verified,0.008695652173913044,1.0067248030239757,1.8111067700178947,3.847171840718122,3.682170876602922,3.847171840718122,1.762568686703439,-2.084603154014683,True
482827421,verified,0.006802721088435374,1.6591285753818539,-0.38770913538449236,6.248005333204625,5.53813935119651,6.248005333204625,5.707550496527138,-0.5404548366774868,False
482827421,verified,0.0078125,0.9659816815518791,-0.17304075900470206,5.316230030687463,5.444918232526986,5.316230030687463,5.077523182443106,-0.23870684824435706,False
486159336,verified,0.0007157555694730249,3.436680979949899,0.8003452134948743,8.618566501412134,8.922516947067425,8.618566501412134,9.683496468159932,1.0649299667477976,False
486159336,verified,0.002570694087403599,2.379786140618722,-0.20670713058520107,7.209357628318605,7.286790542600151,7.209357628318605,6.92931231438199,-0.2800453139366148,False
486159336,verified,0.004149377593360996,2.438460230340696,-0.03760370086200959,7.291557746312547,6.953109684006572,7.291557746312547,7.232978300708517,-0.058579445604030056,False
486159336,verified,0.001594896331738437,1.9493681729269543,-0.16957040845789773,6.616314987985345,6.8568360238981825,6.616314987985345,6.346027661303753,-0.2702873266815917,False
486159336,verified,0.0018963337547408343,1.706029530565663,0.2059071455012107,6.285999355469967,6.5527824339601946,6.285999355469967,6.568694216499447,0.28269486102947994,False
486159336,verified,0.024691358024691357,1.8011155534580001,-0.3610638855811108,6.426883248761771,6.550072267927779,6.426883248761771,5.896010463857335,-0.5308727849044361,False
486159336,verified,0.004149377593360996,2.3748433645110474,-0.8508474165823312,7.189690290230686,6.229965539894654,7.189690290230686,6.031980296803484,-1.1577099934272024,True
486159336,verified,0.009771986970684038,1.667491772804023,0.45094833620444597,6.218238478502012,5.921969918128324,6.218238478502012,6.843312440842775,0.6250739623407631,False
486159336,verified,0.00997506234413965,1.8904025773046027,-0.31728406210189397,6.5247010612794085,5.796413471914726,6.5247010612794085,6.14114382918891,-0.3835572320904985,False
486159336,verified,0.005172413793103448,1.265988660390403,-0.020117808932025305,5.357829237764558,5.4464590207435535,5.357829237764558,5.702805478794856,0.3449762410302979,False
486159336,verified,0.0087527352297593,1.5517409014817063,-0.2670198206787069,5.505197810438229,4.880968170899925,5.505197810438229,5.446152571305921,-0.05904523913230797,False
486159336,verified,0.003205128205128205,2.4268961693727067,-1.0710120590016396,7.189087250616788,6.264205924852005,7.189087250616788,5.354173597909348,-1.8349136527074403,True
486159336,verified,0.03571428571428571,2.665377589513137,-0.31883770356727537,3.893422083317568,5.204486982217707,3.893422083317568,4.349709576262211,0.456287492944643,False
486159336,verified,0.0410958904109589,1.7938240411485347,-0.5896331740543586,4.332800166114884,4.320600251808321,4.332800166114884,4.636670781865495,0.30387061575061036,False
486159336,verified,0.04516129032258064,0.9790866624876802,0.1210352549488467,4.884471202997699,3.6081740449222957,4.884471202997699,4.4898837389663155,-0.39458746403138356,False
492498141,verified,0.013888888888888888,0.9281526364977148,-0.23730125770574118,5.1210957783277316,5.222909698714864,5.1210957783277316,4.660697845303444,-0.46039793302428755,False
492498141,verified,0.0026227051330086175,0.6068212521841498,2.453298231867998,4.365106733859817,7.163428999226918,4.365106733859817,8.156942332646484,3.7918355987866663,False
492498141,verified,0.0011737089201877935,3.1215455664578506,-0.11643148227624067,8.223392327667952,8.224162037324298,8.223392327667952,8.067282479446485,-0.15610984822146712,False
492498141,verified,0.017421602787456445,1.156293148870856,0.06376882649404791,5.476203866267566,5.83636181495619,5.476203866267566,5.542287624997746,0.06608375873017991,False
492498141,verified,0.06770833333333333,1.2112896589484694,0.5462844651387269,3.614874942737452,4.51689026576758,3.614874942737452,2.5899217423246492,-1.0249532004128028,True
492498141,verified,0.15517241379310345,1.7087650481176269,-0.25708511241656984,2.1357166631486484,2.71555217085214,2.1357166631486484,3.3111792570327907,1.1754625938841423,False
492498141,verified,0.42857142857142855,1.4763382137332073,-0.37090609974997935,2.7188131126571293,2.262152064008242,2.7188131126571293,5.315148119291948,2.5963350066348183,False
496549942,verified,0.0022185246810870773,0.4083752624442427,3.0710611562413495,3.910127200561039,4.834978698840501,3.910127200561039,8.713950355387512,4.803823154826473,False
496549942,verified,0.0008760951188986233,3.776089375183466,0.1946672093814219,9.108212398382017,9.427219441494103,9.108212398382017,9.361683193202406,0.25347079482038914,False
496549942,verified,0.5714285714285714,1.0205591438853676,0.45611617180553776,5.208499619398635,4.762674546925428,5.208499619398635,3.94747104312441,-1.2610285762742253,True
496549942,verified,0.0016281341582546401,1.1949338087028356,-0.05919346179018703,4.526353448607698,5.271265205107996,4.526353448607698,5.320817933326938,0.7944644847192404,False
496549942,verified,0.5333333333333333,0.9288357942045415,-0.3194637620228594,5.022401971873564,4.173954342775166,5.022401971873564,4.168042075432746,-0.8543598964408181,True
496549942,verified,0.01565217391304348,0.99521995482061,0.46205336922394147,3.882985941698151,5.069225386778218,3.882985941698151,4.879690748503114,0.9967048068049627,False
496549942,verified,0.059880239520958084,1.744034639004304,-0.1119964805922522,3.5883649213250934,3.4544379898170874,3.5883649213250934,2.411087157000542,-1.1772777643245513,True
496549942,verified,0.2127659574468085,1.7146111673409608,0.9425777702129423,4.539628125570741,4.02690784208375,4.539628125570741,1.9822911444370608,-2.5573369811336804,True
496549942,verified,0.23684210526315788,1.305627518479033,0.0620746812543167,3.684755987298008,3.8850865075030656,3.684755987298008,3.068355107067517,-0.6164008802304908,False
496549942,verified,0.05555555555555555,1.58084232080309,-0.11161826661155327,4.150134581679808,2.567957648464138,4.150134581679808,2.8252230770096953,-1.3249115046701125,True
532298668,verified,0.001669449081803005,1.8070630593845576,0.3193003835293995,6.320124744022498,6.322644366903706,6.320124744022498,6.854238521162751,0.5341137771402531,False
532298668,verified,0.09090909090909091,1.6618601780982907,-0.21467959203412268,6.116535208848958,5.119340358697047,6.116535208848958,5.889141494027176,-0.2273937148217824,False
532298668,verified,0.006329113924050633,1.0507452320986772,0.16982112353203438,3.3620398174012847,5.856704807009851,3.3620398174012847,5.581391769884503,2.219351952483218,False
532298668,verified,0.012345679012345678,1.1440310530559148,0.31186580974321054,5.410968009208124,5.830428663182649,5.410968009208124,5.945372202697307,0.5344041934891832,False
532298668,verified,0.00196078431372549,1.0602814261475177,0.4496427137719159,5.134236778105241,4.948732945457908,5.134236778105241,6.045231449755037,0.9109946716497959,False
532298668,verified,0.02564102564102564,1.2467494224657636,-0.07996360598965158,5.5943866164695635,5.190700815026271,5.5943866164695635,5.025822427343496,-0.5685641891260671,False
532298668,verified,0.004901960784313725,1.337954142927569,-0.5352208406899455,4.824219006205585,4.669708459994163,4.824219006205585,4.654357452269901,-0.16986155393568403,False
532298668,verified,0.07692307692307693,1.0359621356430615,0.44850378250755374,5.237083095415639,4.91825593885437,5.237083095415639,4.305839796113256,-0.9312432993023831,True
532298668,verified,0.002677376171352075,1.6005642086493836,-0.29411395839348153,3.6585965726526366,4.300461061210006,3.6585965726526366,4.415003837361501,0.756407264708864,False
532298668,verified,0.004975124378109453,1.316570591997366,-0.0872635723081463,5.106657677841568,3.4736102507833317,5.106657677841568,2.6152219985773733,-2.4914356792641947,True
532298668,verified,0.007042253521126761,0.8733932112961968,0.43259995919046323,4.067893347321851,1.8288401138943275,4.067893347321851,2.93787560279024,-1.130017744531611,True
532298668,verified,0.25,2.031194641742818,-0.9257731138551633,2.118826320575591,3.183924259465242,2.118826320575591,3.4736645671282447,1.3548382465526538,False
532298668,verified,0.16666666666666666,1.2752628282823544,-0.34845339268902475,4.51823787262728,4.643492341602737,4.51823787262728,4.012214784002996,-0.5060230886242838,False
532298668,verified,0.005681818181818182,1.2405087606612142,-0.27371846947504286,3.491093780367143,4.107566371517306,3.491093780367143,5.0166514405026374,1.5255576601354943,False
532298668,verified,0.3333333333333333,0.9110240547872156,0.6639632397449821,3.5459755227916085,1.5664028361010938,3.5459755227916085,2.4408942728326397,-1.1050812499589688,True
536422936,verified,0.056818181818181816,2.3562259402101007,-1.0224262224120857,1.1269579206338498,1.2538192567412523,1.1269579206338498,5.824574953725804,4.697617033091954,False
536422936,verified,0.003679175864606328,2.152816570850105,0.1564045867021151,6.95719556342137,7.270165435026058,6.95719556342137,7.140765349625826,0.18356978620445652,False
545788044,verified,0.010869565217391304,0.8693958440281653,-0.2368430580379297,5.00178857309991,4.864266832378545,5.00178857309991,4.390699400609442,-0.6110891724904679,False
599518550,verified,0.057971014492753624,2.7729292490164275,0.642694270981496,4.182121036710027,4.771757220107264,4.182121036710027,5.3173404785396405,1.135219441829613,False
599518550,verified,0.043243243243243246,2.9673421236184216,-0.9944849485719833,5.790604046876052,5.6059356589985185,5.790604046876052,4.918316929159507,-0.872287117716545,True
610047597,verified,0.002178649237472767,0.9632925478568307,0.3480869553117817,3.361290274156427,5.585143421325284,3.361290274156427,5.705075715560511,2.3437854414040844,False
610047597,verified,0.0025575447570332483,1.1777195485659164,0.6130375390195146,5.552710663055138,5.7179767967313415,5.552710663055138,6.381653749603242,0.8289430865481036,False
610047597,verified,0.01,0.5834565032205855,0.011687222700655475,4.3347326065240654,4.478932550784791,4.3347326065240654,4.381722864060106,0.04699025753604058,False
621578854,verified,0.13103643038689636,0.5282389079696829,2.151023933167982,4.159814041879832,4.966614121653958,4.159814041879832,6.626911320156779,2.467097278276947,False
621578854,verified,0.8571428571428571,2.185982959048431,1.692414425385322,3.8143653845472136,4.469216292207646,3.8143653845472136,6.824091075459267,3.0097256909120538,False
621578854,verified,0.8976377952755905,1.0761323334537216,0.8012043111729696,5.54045921039765,5.53338948872752,5.54045921039765,2.2039093509615917,-3.336549859436058,True
671804639,verified,0.07019927536231885,2.033748114041976,0.4614514070844913,6.748781589217877,7.088042545285887,6.748781589217877,7.3601362931372005,0.6113547039193232,False
671804639,verified,0.03565640194489465,2.698327705007646,-0.13950440601089031,7.636431304914121,7.576682047546886,7.636431304914121,7.4672354130381375,-0.16919589187598305,False
671804639,verified,0.44,1.1073903453399263,0.47266886592098145,4.866424875729859,4.939560539130949,4.866424875729859,5.792177110665847,0.9257522349359881,False
671804639,verified,0.8191881918819188,0.7223935458968757,0.6440763003168993,4.791785709265257,5.284277446039219,4.791785709265257,4.363044404565807,-0.42874130469945015,False
671804639,verified,0.0804162724692526,0.9445321444001588,0.9948273373753261,4.650467173336699,5.228351556173437,4.650467173336699,6.603877031630978,1.953409858294279,False
703656949,verified,0.00043308791684711995,2.7172965065934003,-0.03391115437799197,7.665669621952408,7.736266901675637,7.665669621952408,7.629142798158379,-0.03652682379402883,False
725774710,verified,0.0004327398615232443,3.9296620086571563,0.17421093841865964,9.275630037442763,9.730074057872653,9.275630037442763,9.507090776513476,0.2314607390707124,False
725774710,verified,0.0005922416345869114,4.267384499811998,0.07381952677289583,9.726441740476885,9.846806286306393,9.726441740476885,9.82447172740341,0.09802998692652487,False
725774710,verified,0.0010011680293675956,3.783090320501839,-0.36734785075961884,9.08092003808141,8.624575700328851,9.08092003808141,8.591306466409552,-0.4896135716718586,False
725774710,verified,0.0009079903147699758,3.0135709318960795,-0.09598829836694467,8.058110655843823,8.351118592382221,8.058110655843823,7.932386379931648,-0.12572427591217483,False
725774710,verified,0.0013080444735120995,2.950973199688598,-0.06818191978998467,7.976122564452593,8.114030163071655,7.976122564452593,7.889283040134839,-0.08683952431775399,False
725774710,verified,0.007293946024799417,2.822334297656918,0.317370148240681,7.804872216100835,7.931689937299259,7.804872216100835,8.225613660274586,0.4207414441737516,False
725774710,verified,0.0035478966041561076,2.389469267846949,0.18245312316713758,7.2332097961332975,7.6483939720870895,7.2332097961332975,7.474575516979696,0.24136572084639862,False
725774710,verified,0.003654970760233918,2.8059073437788498,-0.24382853628466927,7.7859913086857775,7.8473457455079485,7.7859913086857775,7.457046933138871,-0.32894437554690636,False
725774710,verified,0.004107981220657277,2.6923019335450387,-0.14074093535224508,7.633295628898566,7.654628681565567,7.633295628898566,7.433474612440788,-0.1998210164577774,False
725774710,verified,0.002500480861704174,2.29884727339146,0.16535939753301454,7.101386171418248,6.9597793306349,7.101386171418248,7.3158130752868065,0.21442690386855823,False
725774710,verified,0.0010277492291880781,2.2546753077213015,0.9600595977609272,7.034391963335382,6.431698352326594,7.034391963335382,8.347013624395533,1.3126216610601507,False
725774710,verified,0.007541478129713424,1.9142961217506802,-0.057245824714559745,6.585702201843479,6.770426768370363,6.585702201843479,6.552497427878285,-0.03320477396519461,False
725774710,verified,0.009523809523809525,2.0183639966934663,-0.1549500133131212,6.74964630083697,6.458403686682405,6.74964630083697,6.500074651762416,-0.24957164907455365,False
725774710,verified,0.005649717514124294,2.0744473834507398,-0.8044156025002314,6.3923501631944095,5.610261604284965,6.3923501631944095,5.741363161429245,-0.6509870017651647,False
725774710,verified,0.009287925696594427,1.07201573390577,0.338935758819356,5.464505299237501,6.014669365510429,5.464505299237501,5.915943177982925,0.4514378787454234,False
725774710,verified,0.02631578947368421,1.3119203426677852,0.20410744319774787,4.994540597537808,5.4534482044175885,4.994540597537808,6.0504010458818795,1.0558604483440712,False
725774710,verified,0.009146341463414634,1.3085812268885793,0.01217710535530614,5.588603155463439,4.454519143821537,5.588603155463439,5.4102827652283185,-0.17832039023512092,False
738379012,verified,0.005176876617773943,2.0681437461530683,0.030678225014103333,6.846905595263616,6.795953273611106,6.846905595263616,6.8854844055899305,0.038578810326314716,False
738379012,verified,0.005277044854881266,2.0453695568647956,0.0014051911400732031,6.718787261271612,6.114542559091552,6.718787261271612,6.766293087706262,0.047505826434649734,False
738379012,verified,0.003006012024048096,1.3733351162386813,0.46351670277931856,5.723752048436832,6.97871517268716,5.723752048436832,6.4820078234423075,0.7582557750054759,False
738379012,verified,0.010810810810810811,1.9872062206887904,-0.15103370836532504,6.647619152156617,6.173072274650876,6.647619152156617,6.4547288470676865,-0.19289030508893035,False
738379012,verified,0.003289473684210526,1.6578614908088263,0.10622257956540437,6.199079231143921,6.812442936056082,6.199079231143921,6.366525766495009,0.1674465353510879,False
738379012,verified,0.00487012987012987,1.646318636928735,0.22853901842942959,6.203584291253877,5.656000930139788,6.203584291253877,6.470086270382306,0.2665019791284289,False
738379012,verified,0.0743801652892562,1.3711867729408465,0.7441428056854773,5.454065907825325,4.98233338402751,5.454065907825325,4.095918647871526,-1.3581472599537987,True
738379012,verified,0.006015037593984963,1.1967356780737235,-0.1677641971453825,3.969659375736427,5.2662701006256,3.969659375736427,5.042220544212544,1.072561168476117,False
738379012,verified,0.007722007722007722,1.458543092467049,-0.34833303462635135,5.98341796153647,5.124155798024247,5.98341796153647,5.048385107964409,-0.9350328535720616,True
738379012,verified,0.007263922518159807,1.2120638100923777,0.27463374055667256,4.443751368791766,3.8136701263439234,4.443751368791766,3.011280670777831,-1.432470698013935,True
770279182,verified,0.0002096729102599944,2.9482448563449397,1.30270305702029,7.96379534471792,7.8334918415554045,7.96379534471792,9.703768647526863,1.7399733028089424,False
770279182,verified,0.0007072135785007072,2.5366146498283344,-0.3899879785873406,7.427377526028683,6.75505490841546,7.427377526028683,6.903166167738682,-0.5242113582900005,False
770279182,verified,0.0029411764705882353,2.3949492236305323,0.1219168200977272,7.243945070306859,7.222888239158498,7.243945070306859,7.397740326396547,0.1537952560896878,False
770279182,verified,0.0065609622744669215,2.294523284363126,0.1478629979319397,7.087809204680475,6.865633884023508,7.087809204680475,7.294182317910443,0.20637311322996776,False
770279182,verified,0.01639344262295082,1.5592476675978095,0.366083983529359,6.104776888932514,6.090608393349759,6.104776888932514,6.614875154516906,0.5100982655843929,False
770279182,verified,0.002359882005899705,1.6437715453108386,0.5060618795475682,6.197756363551623,6.447833088205644,6.197756363551623,6.893195148340662,0.6954387847890393,False
770279182,verified,0.014861995753715499,2.254215588519661,-0.8185615559349668,7.032282150928798,6.757111765365233,7.032282150928798,5.853761799746232,-1.1785203511825655,True
770279182,verified,0.004784688995215311,1.2982888093261689,0.7428813876010849,5.667456932157616,5.683987169576497,5.667456932157616,6.750274527944159,1.0828175957865431,False
770279182,verified,0.007905138339920948,1.3723419347190606,0.16507348560284685,5.779201809342989,6.230453796182052,5.779201809342989,6.115000180515817,0.33579837117282807,False
770279182,verified,0.0027247956403269754,1.764953599968204,-0.26365746707825366,6.363072384796742,6.350331212015101,6.363072384796742,6.039883682202504,-0.32318870259423793,False
770279182,verified,0.011049723756906077,1.5792893964119854,-0.2563404102745208,6.1455852275184935,5.766558951865552,6.1455852275184935,5.766208639114959,-0.3793765884035345,False
770279182,verified,0.008298755186721992,2.0596871899475095,-0.951115879017715,5.665371070857592,5.798821963880669,5.665371070857592,5.251846655398213,-0.41352441545937957,False
770279182,verified,0.002828854314002829,1.2379197425631472,0.2393809553458257,4.751791259868787,5.349896433773485,4.751791259868787,5.446838266688589,0.6950470068198022,False
770279182,verified,0.005681818181818182,1.2759380176746054,-0.09297581311442404,5.1847341486827885,4.9066993664042435,5.1847341486827885,5.424982951299293,0.24024880261650416,False
770279182,verified,0.025,1.2081217468183927,0.2801003993527811,4.545542103844317,5.046221734962689,4.545542103844317,5.986696766807018,1.4411546629627008,False
770279182,verified,0.006024096385542169,2.3847293895298707,-1.0886231048785002,5.525096283368063,4.8041097654358484,5.525096283368063,4.6525017154238615,-0.8725945679442013,True
770279182,verified,0.008902077151335312,1.0457386142851437,-0.0988250700367026,5.233891454959801,5.345071346870983,5.233891454959801,4.918912824624583,-0.31497863033521867,False
814812273,verified,0.041666666666666664,1.0140755668444952,-0.003661568791704317,3.065153762763126,3.2255695884801994,3.065153762763126,3.0459151432059044,-0.019238619557221615,False
814812273,verified,0.3333333333333333,2.6147202139361276,-0.13487469830095078,0.7742402021815782,0.9704060527839233,0.7742402021815782,0.9574983485564091,0.18325814637483095,False
878445230,verified,0.0017873100983020554,1.1084932459524568,2.4302220813486,2.9562371126408644,5.60433378018321,2.9562371126408644,8.79558443201329,5.839347319372426,False
878445230,verified,0.0014949714596357705,3.7531162159683484,0.39098315387141813,9.075957889638705,9.312820269781579,9.075957889638705,9.589129358745216,0.5131714691065117,False
878445230,verified,0.0594059405940594,1.4774499177872147,-0.14070255082450212,5.930045648566231,4.964045514276719,5.930045648566231,4.866643674320211,-1.0634019742460197,True
878445230,verified,0.05223880597014925,2.2763792413039643,-1.3128277810270523,4.298874711795113,4.872338157904908,4.298874711795113,4.740534717516107,0.44166000572099406,False
878445230,verified,0.07407407407407407,0.8086740489079839,0.15299849381987118,3.8005226345744547,4.063587663874447,3.8005226345744547,4.288848741698272,0.48832610712381763,False
878445230,verified,0.1,6.28451160128036,-5.24026568612013,3.571720786035116,4.337806588641637,3.571720786035116,3.4481369698015754,-0.12358381623354076,False
878445230,verified,0.15384615384615385,6.9150883453572165,-2.565543661169195,2.4549330873991573,3.3319541787976847,2.4549330873991573,2.9786206958816615,0.5236876084825042,False
935065722,verified,0.0030807147258163892,4.4213329814324105,-1.1210553722445367,2.6451283453715666,4.989836839390792,2.6451283453715666,8.486154791360878,5.8410264459893115,False
935065722,verified,0.0040274816394219376,3.383202269519144,-1.532146749717898,8.595185688917626,8.857188974655159,8.595185688917626,6.507402575478819,-2.0877831134388067,True
935065722,verified,0.013287612516073724,2.0396106627860404,-0.12457505969136728,5.847333324518738,5.728069870222914,5.847333324518738,5.8349759146001965,-0.012357409918541506,False
935065722,verified,0.014308426073131956,1.6617076253166296,0.3432681590748776,6.223934199740514,4.3968241118581695,6.223934199740514,5.26259505046905,-0.9613391492714634,True
935065722,verified,0.010706638115631691,2.3070624444112267,0.1906580537053144,5.729586212979091,3.791965549671761,5.729586212979091,4.628147967493503,-1.1014382454855873,True
935065722,verified,0.01038961038961039,2.21232758839313,0.46451675928894165,5.114595608749278,4.963155549457489,5.114595608749278,5.297984959214423,0.18338935046514493,False
935065722,verified,0.0073439412484700125,2.365422941770393,1.07766275456229,7.042742154468575,5.057080771056002,7.042742154468575,6.547249884700419,-0.49549226976815675,False
935065722,verified,0.012468827930174564,2.9955117168592764,-0.9232841625768184,6.01538041259622,5.506936871481232,6.01538041259622,5.580200539581102,-0.43517987301511774,False
935065722,verified,0.006753904601097509,3.0839636693617796,-0.448269319179587,5.343275367181673,3.974983537039256,5.343275367181673,5.905496352269106,0.5622209850874329,False
935065722,verified,0.015492957746478873,3.8945953902533956,-2.2360698993158064,5.609654878556514,4.866113411013279,5.609654878556514,3.812756391430404,-1.7968984871261098,True
935065722,verified,0.04329004329004329,1.8811973786852811,0.5469928554498908,2.151750716514502,3.179366066931176,2.151750716514502,1.5606053287264436,-0.5911453877880581,True
939605614,verified,0.0010706638115631692,2.4662514739347015,0.6640284132810943,7.321880617611328,7.486695354124109,7.321880617611328,8.207170580006572,0.8852899623952446,False
939605614,verified,0.011594202898550725,0.5455376627266759,1.449532906744933,4.079920009322924,5.2742661767949865,4.079920009322924,6.689686717314625,2.6097667079917004,False
939605614,verified,0.04,1.8425159134725422,-0.7749652672312062,6.467021956040769,5.47447609631103,6.467021956040769,5.3773673582827675,-1.0896545977580017,True
939605614,verified,0.03529411764705882,0.9931377713701772,0.917785238270926,3.190912700489025,3.2545763115115505,3.190912700489025,3.5242297046176807,0.3333170041286557,False
939605614,verified,0.061224489795918366,2.2820139131729094,-0.23519115370520272,4.237221491021963,3.766411270120048,4.237221491021963,3.4994541963616257,-0.7377672946603377,True
939605614,verified,0.026595744680851064,1.8769165665957548,-0.18435733735481952,3.1172991455951706,4.159911108335113,3.1172991455951706,3.634953258475055,0.5176541128798844,False
939605614,verified,0.0196078431372549,1.5144349818891558,0.26941838819073216,4.386214971515247,3.0787947332197887,4.386214971515247,4.216283787175115,-0.16993118434013166,False
939605614,verified,0.030303030303030304,1.6406421029535323,0.6342196435679226,3.8730334038311334,5.053757502497264,3.8730334038311334,4.3311605759827945,0.4581271721516611,False
939605614,verified,0.03070175438596491,2.036382829413584,0.060540557351767,2.1924637942384786,3.1899117298269966,2.1924637942384786,4.42422456569315,2.231760771454671,False
939605614,verified,0.024096385542168676,1.8887004959610985,-0.006589109802260795,3.2071652933047785,3.435733913446552,3.2071652933047785,3.64419944821105,0.4370341549062715,False
939605614,verified,0.2,2.6031447687394054,0.7921499197374149,2.5675752391698135,2.0147473056191627,2.5675752391698135,2.353252901799893,-0.21432233736992057,False
939605614,verified,0.046153846153846156,1.6699826801412978,0.918089480397738,4.015656725032396,4.030699335509294,4.015656725032396,3.818560240864005,-0.19709648416839087,False
939605614,verified,0.012121212121212121,1.3286364595290545,0.9934321969335349,4.194640580219341,3.2355414107518667,4.194640580219341,3.351427686355821,-0.8432128938635199,True
939834965,verified,0.2222222222222222,1.724116227775733,-0.7761150307568462,6.381588203011941,5.589337746069336,6.381588203011941,3.150226449515764,-3.231361753496177,True
939834965,verified,0.016666666666666666,1.3509737887333857,0.4183089705656753,4.992066283032759,6.459829227380707,4.992066283032759,6.13959752396946,1.1475312409367007,False
939834965,verified,0.04484304932735426,0.6225976008169468,0.5287750303783848,4.0475487366123835,4.59469505210453,4.0475487366123835,5.537194293424955,1.4896455568125715,False
939899657,verified,0.09090909090909091,0.6246249008890181,-0.14126029481025087,3.720755226918599,4.0274830067708205,3.720755226918599,4.293352393227956,0.5725971663093565,False
939899657,verified,0.006263048016701462,1.2990964331980057,0.19072002113246955,5.111111885080871,2.4035095777223154,5.111111885080871,3.054770783171855,-2.056341101909016,True
939899657,verified,0.5555555555555556,1.3554318570926502,0.8595480108803042,3.124995464712037,2.74514167624446,3.124995464712037,1.985831059856941,-1.139164404855096,True
939899657,verified,0.0297029702970297,1.3327202611886162,1.7598959889888035,3.2002008751960673,3.942361057483341,3.2002008751960673,1.5695525074947216,-1.6306483677013457,True
939899657,verified,1.0,0.9127342921199469,1.2299878550298184,3.8321132618060516,2.2312043846952987,3.8321132618060516,2.4317291103915566,-1.400384151414495,True
939899657,verified,0.4,1.9755806537271614,-0.5315712481348003,1.8492958837184112,2.0869407731899705,1.8492958837184112,3.446847741431332,1.5975518577129206,False
1072855280,verified,0.03571428571428571,0.6887608706532993,1.568017929078757,4.172266276947165,2.9388986229235945,4.172266276947165,1.3369223455335855,-2.83534393141358,True
1234087176,verified,0.0033809166040570998,0.9714599534259337,1.9312897532387812,5.259372468963687,5.448646497292709,5.259372468963687,7.906688627933802,2.6473161589701144,False
1234087176,verified,0.001379310344827586,2.6737107305943724,-0.4213846349950865,7.594090220822997,8.00033276583549,7.594090220822997,7.03739000510914,-0.5567002157138567,False
1234087176,verified,0.007820136852394917,2.2758945688841905,0.09488641946208398,7.070407671083865,7.519499738834978,7.070407671083865,7.187540074223014,0.11713240313914852,False
1234087176,verified,0.0010131712259371835,2.4177137291545088,-0.2651835291600526,7.272658555090503,7.462628722479144,7.272658555090503,6.895751890328597,-0.37690666476190593,False
1234087176,verified,0.01384083044982699,1.8492560749460356,0.5613290556856962,6.498465195025327,7.4117835120468385,6.498465195025327,7.239191758291622,0.7407265632662954,False
1234087176,verified,0.013870094722598106,2.1403791669479886,0.23555460316148658,6.8606540593772625,6.867446179417035,6.8606540593772625,7.185533938623452,0.3248798792461898,False
1234087176,verified,0.003970223325062035,2.033886662173653,0.18116901555667564,6.727894447962714,6.420870370417731,6.727894447962714,6.986036915361657,0.258142467398943,False
1234087176,verified,0.001838235294117647,1.1657133825793817,0.771470593263422,5.525982453274809,6.1878495195214755,5.525982453274809,6.592584968599442,1.0666025153246332,False
1234087176,verified,0.004125412541254125,2.0233083050725957,-0.33059868361833855,6.710246428949262,5.51323974640323,6.710246428949262,6.2623863491932115,-0.44786007975605013,False
1234087176,verified,0.013953488372093023,0.8651876274838074,1.0417403025938414,4.737234412604261,6.97718156152588,4.737234412604261,6.5490207830601035,1.8117863704558426,False
1288480506,verified,0.0010141987829614604,2.89476825690003,-0.004347003030288565,7.902181591158543,7.768235500370021,7.902181591158543,7.9125470305400585,0.010365439381515351,False
1288480506,verified,0.0010420284821118443,2.6010088982616697,0.15201235707495941,7.50533640139295,7.6756122557793045,7.50533640139295,7.723177616206977,0.21784121481402696,False
1288480506,verified,0.0015060240963855422,2.639227642325884,0.16379741878430565,7.552829569304626,7.520708017264466,7.552829569304626,7.7778240602672755,0.22499449096264978,False
1288480506,verified,0.002737226277372263,2.3845920183605753,0.0848461396260336,7.214192086001249,6.964213858280479,7.214192086001249,7.329159513606766,0.11496742760551637,False
1288480506,verified,0.002471169686985173,2.153291821266476,0.5509857564270475,6.898338701242932,7.156409178975892,6.898338701242932,7.646446284928947,0.7481075836860152,False
1288480506,verified,0.00410958904109589,2.3046368706312204,0.03703007131806357,7.125663683896567,7.037475946668053,7.125663683896567,7.157570932014671,0.03190724811810419,False
1288480506,verified,0.02444987775061125,2.102009967134743,-0.20420824064477472,6.826680883841081,7.149707375680672,6.826680883841081,6.546147491101526,-0.2805333927395548,False
1288480506,verified,0.04529616724738676,1.4375163062512413,0.2734823761064502,5.926598113907687,6.118306427491403,5.926598113907687,6.273421566475799,0.34682345256811153,False
1288480506,verified,0.005076142131979695,1.7879274834954326,-0.30840220321234146,6.396904645854187,6.310981327487131,6.396904645854187,6.040055833371019,-0.35684881248316813,False
1288480506,verified,0.010752688172043012,1.3850510532632072,0.572482843142182,5.834296448123671,6.928029849910553,5.834296448123671,6.666699413011139,0.8324029648874687,False
1288480506,verified,0.008021390374331552,1.4472371412040501,0.3864725971561711,5.938455014811567,5.981244209340218,5.938455014811567,5.884896471439164,-0.05355854337240373,False
1288480506,verified,0.004149377593360996,0.9614097463062062,0.08972929128257368,5.259135189557141,5.654339902264458,5.259135189557141,5.424697273058948,0.1655620835018068,False
1288480506,verified,0.008426966292134831,1.4460109385091422,-0.5532637212715611,5.609576050411883,5.916940107720906,5.609576050411883,4.550290611958985,-1.059285438452898,True
1288480506,verified,0.012396694214876033,1.6236875747827035,0.6368129217078464,5.500060724703869,4.480294291776081,5.500060724703869,4.104865028833258,-1.395195695870611,True
1288480506,verified,0.015544041450777202,1.7356364105310529,-0.605700619984576,4.127269404589084,4.457450569596426,4.127269404589084,5.289244498901638,1.1619750943125542,False
1292733028,verified,0.0014242115971515768,2.4640557070385,-0.3294157974659808,7.325273314259469,6.45535569675643,7.325273314259469,6.881023097739993,-0.4442502165194764,False
1292733028,verified,0.02654867256637168,1.545456425497075,0.6767826700457813,6.046815619675381,6.635491838952818,6.046815619675381,6.990418359875248,0.943602740199867,False
1292733028,verified,0.006796116504854369,1.4628173038458236,-0.2522390429501158,5.408042728887404,6.233769074177324,5.408042728887404,5.655731205335718,0.24768847644831382,False
1292733028,verified,0.07980652962515115,1.19970126804062,2.6810417402312448,4.2616275716798055,4.692029391205841,4.2616275716798055,3.7736180474529277,-0.4880095242268778,False
1292733028,verified,0.30454545454545456,1.1101775571646395,-0.25308854882589427,3.9024683778609286,4.016272361903392,3.9024683778609286,4.3499103035367765,0.44744192567584795,False
1392108685,verified,0.14333612740989102,2.9768377900178526,0.1870149104196721,8.002669882433182,8.542433896372833,8.002669882433182,8.250196667981346,0.24752678554816399,False
1392108685,verified,0.02977860929217337,3.5050616285965495,0.22044057197797517,8.636909954928555,8.707748789785795,8.636909954928555,8.880514219734405,0.24360426480584962,False
1392108685,verified,0.2162940379403794,2.3717890147250857,0.7106045038791966,7.205191951695748,7.950315321777725,7.205191951695748,8.147681673101527,0.9424897214057788,False
1392108685,verified,0.14775212636695018,2.509636669885728,0.9971046636435652,7.384729538024762,7.030422480830888,7.384729538024762,8.723363840936987,1.338634302912225,False
1392108685,verified,0.19585755813953487,2.1847614143823506,0.12542870025674802,6.935879267211456,7.286855914748692,6.935879267211456,7.103845147918875,0.1679658807074187,False
1392108685,verified,0.2662796567390207,3.8776107506741226,0.7386200400311349,4.483227702139791,4.338227159984863,4.483227702139791,6.242178802053551,1.7589510999137596,False
1392108840,verified,0.09192200557103064,2.913452230310221,-0.5158628496693467,7.935213904148884,8.639732022764885,7.935213904148884,7.238027713392024,-0.6971861907568595,True
1392108840,verified,0.04897551224387806,2.499738768035094,0.0985327976865662,7.389749319133626,7.622487295464657,7.389749319133626,7.495599493693376,0.10585017455974999,False
1392108840,verified,0.0511968085106383,1.9481010667085648,0.24117893891052944,6.652020479258698,6.20678217323975,6.652020479258698,6.965974422866026,0.313953943607328,False
1392108946,verified,0.8431372549019608,1.0089453393012997,0.07055509695392326,3.0960327328150123,3.4767693641388555,3.0960327328150123,3.186322368801343,0.09028963598633055,False
1392108946,verified,0.819047619047619,1.3731863627858742,-0.3203927321779432,2.6725001819150056,3.518787633743962,2.6725001819150056,3.309854122038364,0.6373539401233583,False
1392108946,verified,0.01871345029239766,2.107066010387703,-0.22842733703406237,1.4735417144748744,1.2712215321391782,1.4735417144748744,2.4301288997241115,0.9565871852492371,False
1392110550,verified,0.004297994269340974,2.1691759610659043,-0.7959595903906564,6.91369947724924,6.726396131534426,6.91369947724924,5.76033485229064,-1.1533646249586003,True
1392110550,verified,0.009569377990430622,1.9181456155811727,-0.7276543423526414,6.608307736211479,6.223990701350837,6.608307736211479,4.012524331228834,-2.5957834049826456,True
1392111250,verified,0.0008664572728257337,3.7353240998035715,0.21028071035573248,9.028355253630908,9.242428637397513,9.028355253630908,9.30933791262645,0.2809826589955424,False
1392111250,verified,0.001070154577883472,3.586559914770356,0.08781815364826207,8.827428940113256,8.934931568777134,8.827428940113256,8.943020918536558,0.11559197842330171,False
1392111250,verified,0.002183803457688808,3.673655277807119,0.038309532438411065,8.93961517050993,8.871430221536809,8.93961517050993,8.995148145170829,0.055532974660899015,False
1392111250,verified,0.007745726495726496,3.4684611076896488,-0.27807958423384616,8.678070078053096,8.707956961421843,8.678070078053096,8.311216215593534,-0.3668538624595623,False
1392111250,verified,0.01732768579129765,3.496305993029317,-0.0022141183607060633,8.705847488165668,8.346534680710091,8.705847488165668,8.696193790538885,-0.009653697626783142,False
1392111250,verified,0.043315907393577296,2.846361869242315,0.021628477520208023,7.832018552722583,7.617248223008623,7.832018552722583,7.86372299266751,0.03170443994492711,False
1392111250,verified,0.0057273768613974796,2.5460796200540186,-0.08358789020456259,7.432287333446828,7.329587796963262,7.432287333446828,7.340071436300195,-0.09221589714663292,False
1392111250,verified,0.006988934187536401,2.6157785897028356,0.29080040577717803,7.534595835977468,7.547082691285192,7.534595835977468,7.933492032423485,0.39889619644601737,False
1392115226,verified,0.005361930294906166,1.5551011985497598,0.36529225683197075,6.077176093664251,6.645618250650853,6.077176093664251,6.573115702013936,0.4959396083496852,False
1392115226,verified,0.007633587786259542,2.0308840094901712,0.13479052123879764,6.701302408002766,7.190726755694243,6.701302408002766,6.91789752231386,0.2165951143110938,False
1392115226,verified,0.005194805194805195,1.452966499384498,-0.014903957296516168,5.2060352975437585,6.5458368088345384,5.2060352975437585,5.837910797357443,0.6318754998136846,False
1392115226,verified,0.005607476635514018,0.958321233818622,0.479361415470583,5.303070902078603,5.839724129749602,5.303070902078603,5.833010271060454,0.529939368981851,False
1392115226,verified,0.0034602076124567475,2.176773482074288,-0.3900734864852906,6.913797215109381,6.789637853424031,6.913797215109381,6.387184658060067,-0.5266125570493134,False
1392115226,verified,0.011475409836065573,1.9006494360399997,-0.40034868015044056,6.5410444198518665,6.5276299692966,6.5410444198518665,6.01754228244099,-0.5235021374108761,False
1392115226,verified,0.003457814661134163,1.1239149820190177,0.37778012409495854,5.457536497384401,5.93721876985475,5.457536497384401,6.013903443924349,0.5563669465399474,False
1392115226,verified,0.011627906976744186,1.4271024696627543,0.2672384230866285,5.919137069840923,6.446838019542517,5.919137069840923,6.288154269065716,0.3690171992247926,False
1392115226,verified,0.013422818791946308,1.0178103590113226,-0.4249757202284584,4.634745107754201,4.128063783225096,4.634745107754201,4.194130237567088,-0.44061487018711265,False
1392116822,verified,0.001452960406828914,2.725410447635088,-0.030884170387244225,7.68098692041036,7.446430616063172,7.68098692041036,7.637126166220267,-0.043860754190093054,False
1392116822,verified,0.0014234875444839859,2.7159136360715177,-0.1909896546714629,7.6556172868668355,7.57022852109619,7.6556172868668355,7.416869181178582,-0.2387481056882539,False
1392116822,verified,0.0009290802105915144,2.512090659799628,-0.04396609440726085,7.3892585254547285,7.287860199698827,7.3892585254547285,7.3284116528293906,-0.060846872625337944,False
1392116822,verified,0.0027079303675048355,2.421553071128174,0.05078171704537482,7.257311664665818,7.206577416498689,7.257311664665818,7.325749320435678,0.06843765576986005,False
1392116822,verified,0.0017605633802816902,2.5718728583173003,-0.12380635723751121,7.468095884453939,7.185078810117607,7.468095884453939,7.301569916680096,-0.16652596777384332,False
1392116822,verified,0.0018814675446848542,2.294138072894082,-0.08539424342827573,7.097799560870291,7.310038402285025,7.097799560870291,6.993740646010994,-0.10405891485929697,False
1392116822,verified,0.002844950213371266,1.8109912392198424,-0.046535765068148605,6.423338703583807,6.386179850056209,6.423338703583807,6.3576436361865465,-0.06569506739726094,False
1392116822,verified,0.002912621359223301,1.5269778319331109,-0.1926962471636411,5.743287005414734,6.237019363197871,5.743287005414734,5.81601277974021,0.07272577432547589,False
1392116822,verified,0.0273972602739726,1.6280493699446352,0.1011332817414925,6.237625133539941,5.1983649834634615,6.237625133539941,6.344678724072457,0.10705359053251584,False
1392116822,verified,0.008492569002123142,2.0232399190268806,-0.039186251461804655,6.732582554385279,5.758186815906735,6.732582554385279,6.691628110484919,-0.04095444390036018,False
1392116822,verified,0.0018365472910927456,1.7189877292355764,-0.02725646275493765,6.328924021768854,5.852344303761312,6.328924021768854,6.298885699815421,-0.030038321953433034,False
1392116822,verified,0.002844950213371266,0.9502934786003836,0.20944249256252245,5.100116545298672,6.322896024927775,5.100116545298672,5.547100721772042,0.44698417647336974,False
1392116822,verified,0.011560693641618497,1.3275735180690158,0.33440757263153253,5.60367683856699,6.165443796146088,5.60367683856699,6.254314323643897,0.6506374850769072,False
1392116822,verified,0.014634146341463415,1.122960848199605,0.15476279959762484,5.497710137163716,5.235295567064155,5.497710137163716,5.64750707480282,0.1497969376391044,False
1392116822,verified,0.004484304932735426,1.5932524879022139,-0.4022614585510449,6.084439719555027,5.717553011900657,6.084439719555027,5.6112644857977525,-0.4731752337572743,False
1392116822,verified,0.016260162601626018,1.4571119476769754,-0.24200777095272885,6.004321880743159,5.054558824060809,6.004321880743159,5.233308861952635,-0.7710130187905246,True
1392116822,verified,0.007633587786259542,1.0788748048486994,-0.09407283502890307,5.054169684177764,6.112952160157245,5.054169684177764,5.318031981465412,0.26386229728764743,False
1392116822,verified,0.05555555555555555,0.9383111663192791,0.3041549353673323,5.081399980656345,4.857068259729774,5.081399980656345,4.960172147908066,-0.12122783274827853,False
1392123240,verified,0.07425742574257425,2.03884170942053,-0.2803462661838103,6.726543540151806,6.1062494476673255,6.726543540151806,6.341910686353887,-0.38463285379791934,False
1392123240,verified,0.01809954751131222,1.504820916942925,0.2707322299097452,5.97952839702109,6.291797969758429,5.97952839702109,6.144741727912381,0.16521333089129087,False
1392123240,verified,0.029411764705882353,1.7713566722380687,-0.4945170052090009,6.361450243768223,5.480191504637948,6.361450243768223,3.873897336060037,-2.487552907708186,True
1392123240,verified,0.03361344537815126,1.2276106804116211,0.03347168659519428,3.396702810491744,3.3957631063354325,3.396702810491744,3.566150953671213,0.1694481431794692,False
1392123240,verified,0.6,1.053121921316407,0.9242072287389003,5.096939498064293,3.9707077584961596,5.096939498064293,5.115497014251755,0.018557516187462042,False
1392123240,verified,0.8571428571428571,1.763510665411689,-0.40775005456628843,2.3980603697090754,3.0926794694602275,2.3980603697090754,2.5141431518236166,0.11608278211454115,False
1392138525,verified,0.047619047619047616,1.0956337017696964,-0.1396943507770957,2.905371816890685,3.069544358796864,2.905371816890685,3.0415855273868386,0.1362137104961536,False
1392138525,verified,0.014423076923076924,0.8580939743446023,0.07259136939047917,4.314124345072849,4.967510448942911,4.314124345072849,3.631396365847066,-0.682727979225783,True
1392138525,verified,0.005952380952380952,1.0816862829314968,-0.07578902243796226,4.729743452986162,5.093016081755272,4.729743452986162,4.586889211059068,-0.14285424192709417,False
1392138525,verified,0.01020408163265306,1.0335449655858657,-0.1460236457936661,4.458226169600051,3.981548561729377,4.458226169600051,4.96213194255353,0.5039057729534786,False
1392138525,verified,0.009259259259259259,1.0913570478552193,0.5330669735305182,4.472653419088521,3.9476094462945794,4.472653419088521,2.632316818111522,-1.8403366009769995,True
1392138525,verified,0.008849557522123894,1.1631813584440396,0.5298607761710821,3.2582732744463714,2.3874817157828305,3.2582732744463714,3.022725845636088,-0.23554742881028323,False
1392138525,verified,0.00625,1.4029995926853245,-0.38270459587208827,3.181190277020496,3.636100992848128,3.181190277020496,5.320343942755049,2.1391536657345536,False
1392138525,verified,0.008064516129032258,1.3037483974147561,0.11433890243240419,2.941212986547243,3.455856531753296,2.941212986547243,2.866380293352626,-0.07483269319461705,False
1392138525,verified,0.5,1.8390297636447932,0.19465974447482148,1.8052835067630508,1.6952742393791964,1.8052835067630508,1.7682028620967785,-0.03708064466627237,False
1392138525,verified,1.0,2.0339948764012545,-0.2875993077802479,1.5526042618037035,1.440681104216619,1.5526042618037035,1.9463974468747511,0.39379318507104766,False
1392141981,verified,0.011235955056179775,0.6170203415354893,1.4200430639162063,4.2871778006451375,4.1242274497072575,4.2871778006451375,6.7840101160453425,2.496832315400205,False
1392141981,verified,0.004648460197559558,2.559670979669537,0.4822784760452583,7.509771960619306,7.769645452813725,7.509771960619306,8.13372933752332,0.6239573769040145,False
1392141981,verified,0.012658227848101266,2.030400248278127,-0.5760980075082329,6.733691601331259,6.608270065453057,6.733691601331259,5.837898777372779,-0.8957928239584803,True
1392141981,verified,0.011574074074074073,1.496903952417875,-0.16353632370452664,4.923186455395594,5.210682336255312,4.923186455395594,5.743973738771502,0.8207872833759078,False
1392169660,verified,0.038461538461538464,0.7667742490721352,-0.09593982203033014,3.6828875876253244,4.0700862045616315,3.6828875876253244,4.291574245119966,0.6086866574946415,False
1392169660,verified,0.007936507936507936,0.6405302408962059,0.21335870282008484,4.181440324700702,3.7787663131177283,4.181440324700702,4.545429752131975,0.3639894274312727,False
1392169660,verified,0.027777777777777776,1.1983021241533414,-0.32650437439000557,5.491331921250156,4.492274671733222,5.491331921250156,4.176365380655332,-1.314966540594824,True
1392169660,verified,0.0045045045045045045,0.6754629523391088,0.11025035048832488,4.163421748165542,4.465766854520418,4.163421748165542,3.893439715056463,-0.26998203310907876,False
1392169660,verified,0.030303030303030304,0.8709583977693234,0.40550607285422324,3.3387516902519834,2.084456269190259,3.3387516902519834,2.637030073100619,-0.7017216171513643,True
1392169660,verified,0.25,1.6609896506191582,-0.37505451785650323,2.2294131222908846,1.5120160930043656,2.2294131222908846,2.6990610587613864,0.46964793647050174,False
1392169660,verified,0.14285714285714285,1.7365821586289887,0.3485120009889042,1.9612190413054957,2.7674763265564883,1.9612190413054957,1.535572700135642,-0.42564634116985367,False
1392169660,verified,0.02702702702702703,1.0998861865188068,0.5175039691921448,2.894180374391822,2.7461473351829673,2.894180374391822,2.1748532939388703,-0.7193270804529517,True
1392169660,verified,0.4,2.139781087559883,-1.0394186851345808,1.7804911184413765,2.2755585581957467,1.7804911184413765,3.176363645338805,1.3958725268974284,False
1392169660,verified,1.0,1.6968889858959941,0.7305257193619892,2.2880709544270785,2.3735036485409275,2.2880709544270785,2.0269198546999028,-0.26115109972717576,False
1392169660,verified,1.0,1.3325039560898302,0.5350224895687741,2.564398629935213,1.4652931227680646,2.564398629935213,1.7842114036314853,-0.7801872263037277,True
1392169660,verified,0.125,2.0531061344318204,1.3465367298790611,2.574944438897944,1.404216792857828,2.574944438897944,1.5972329720665455,-0.9777114668313986,True
1392169660,verified,0.08333333333333333,2.9985331281799956,-0.5839456259442724,1.3862943611198904,1.6742021362476311,1.3862943611198904,1.92915051129046,0.5428561501705695,False
1394365269,verified,0.0003041401072093878,3.62271459800436,1.4521304472291234,8.822348889189723,8.54601371027341,8.822348889189723,10.805206664537952,1.9828577753482293,False
1394365269,verified,0.0008582463166928909,4.895371578676025,-0.4628427675302662,10.565762119934709,10.289611866723009,10.565762119934709,9.953210026085076,-0.6125520938496329,False
1394365269,verified,0.0005222386630690225,4.371573289382992,0.009090429084338325,9.869990562390118,9.816939672309074,9.869990562390118,9.879731112625517,0.009740550235399326,False
1394365269,verified,0.001354697061708787,4.259878021523973,-0.053868923843779726,9.71792565572042,9.587497965270723,9.71792565572042,9.650542106580696,-0.06738354913972344,False
1394365269,verified,0.0007971303308090873,3.8329912523443896,-0.10666692097516695,9.154226716251543,9.14819072575656,9.154226716251543,9.009775083216795,-0.14445163303474828,False
1394365269,verified,0.002343457067866517,3.774490671586707,0.018219438867824067,9.07381631449406,9.267677218453917,9.07381631449406,9.095630920539678,0.021814606045618135,False
1394365269,verified,0.001309090909090909,3.888004585935928,-0.4721506567854865,9.223155875760726,8.93002141692968,9.223155875760726,8.594478642582036,-0.6286772331786903,False
1394365269,verified,0.010933129926264938,3.358449032506949,0.06794094291521935,8.52193738908122,8.645299220147502,8.52193738908122,8.613801637450111,0.09186424836889096,False
1394365269,verified,0.010292397660818714,3.3339327050718452,-0.2559595221194888,8.482743071206,8.172045698200264,8.482743071206,8.142997155916992,-0.3397459152890079,False
1394365269,verified,0.0033821871476888386,2.7545216315234304,0.10188920991276129,7.714296834802889,7.668121448934782,7.714296834802889,7.855909455719621,0.14161262091673166,False
1394365269,verified,0.050473186119873815,1.4821827915633103,-0.20461841478673137,6.010522062626569,5.406640134250812,6.010522062626569,5.697620589720225,-0.3129014729063435,False
1394373887,verified,0.05263157894736842,0.7361574230446675,-0.06983215969845802,4.543102961044307,3.5568418708243805,4.543102961044307,4.385544091596007,-0.15755886944830078,False
1394373887,verified,0.0031847133757961785,1.0189758170057714,-0.20235250533003502,4.5001549292291525,4.272391877429053,4.5001549292291525,4.058098798079258,-0.4420561311498945,False
1394373887,verified,0.00625,0.7599974213474092,0.23984348100379616,4.3500604649614445,4.004634778649232,4.3500604649614445,5.240902927385166,0.8908424624237217,False
1394373887,verified,0.003676470588235294,1.2490490401381105,-0.10551720932843622,5.610012449078896,6.124535662160113,5.610012449078896,5.485900911031837,-0.12411153804705943,False
1394373887,verified,0.0029239766081871343,1.0965672054041795,-0.1569700283650377,5.336498727479816,5.437582921946663,5.336498727479816,5.037126337835316,-0.29937238964449975,False
1394373887,verified,0.013157894736842105,1.416861744113207,-0.33611298804287837,3.1262168410583167,3.0615872675040143,3.1262168410583167,3.1319466873456117,0.005729846287295004,False
1394373887,verified,0.03773584905660377,1.8080612734967516,-0.35796449305257316,3.2468554810495456,2.5540043775236874,3.2468554810495456,2.348807437186723,-0.8980480438628224,True
1394373887,verified,0.5,1.478802476265029,0.3529498538911726,2.7175271664548326,2.30607447571479,2.7175271664548326,1.8686943369158733,-0.8488328295389593,True
1394373887,verified,0.3333333333333333,1.3051646869380418,0.2063889519405686,2.660514541002402,3.1148832404642506,2.660514541002402,2.375713615778244,-0.2848009252241579,False
1394373887,verified,0.038461538461538464,0.9146463128384571,0.9918465364607277,3.203472880736831,3.349659583982048,3.203472880736831,1.5484804043631564,-1.6549924763736747,True
1394373887,verified,1.0,2.5548919261541885,2.5442543800135873,1.8339036754911855,1.8225896051935067,1.8339036754911855,0.9128696382935673,-0.9210340371976182,True
1396292015,verified,0.0006452207576735183,2.3597920056931843,2.772213076416942,7.205955609148356,8.921404775246096,7.205955609148356,10.881113923470194,3.6751583143218376,False
1396292015,verified,0.00045094188668266783,5.367721598043607,-0.09891994409414817,11.190527705668135,11.129086791848916,11.190527705668135,11.063332629583524,-0.127195076084611,False
1396292015,verified,0.0008015210259469133,5.166415802694918,-0.06438731038199119,10.925602189427147,10.794666224904692,10.925602189427147,10.836274614217219,-0.08932757520992851,False
1396292015,verified,0.0006845849331785576,4.883071962564107,-0.04966890604217422,10.548660650006529,10.76461050039543,10.548660650006529,10.481040179532872,-0.06762047047365627,False
1396292015,verified,0.001021889958586565,4.473305296052642,-0.46325403148562216,10.005204142227285,9.847741743980936,10.005204142227285,9.387085012466265,-0.6181191297610198,False
1396292015,verified,0.002576655501159495,3.7332716804408124,-0.014370883326121131,9.01630476896249,8.958699566529967,9.01630476896249,8.997622872586145,-0.018681896376344653,False
1396292015,verified,0.006997594576864203,3.5511473905291333,-0.05935023917111426,8.773012468753151,8.726840864580456,8.773012468753151,8.694843937592228,-0.07816853116092304,False
1396292015,verified,0.0026928773394371886,3.248943978915791,0.08698657717602076,8.380510679496004,8.510330738631964,8.380510679496004,8.488253335747075,0.10774265625107127,False
1396292015,verified,0.0044803982576229,2.9212957793109187,0.3864925681686837,7.941151855782084,8.207681897506843,7.941151855782084,8.450809585096886,0.5096577293148021,False
1397145929,verified,0.0005750431282346176,1.0358948723226378,1.7137009950369924,5.367223600889817,5.514660088775014,5.367223600889817,7.711251896611917,2.3440282957221,False
1397145929,verified,0.0003191828917969997,1.4544337720403813,0.12602663436785821,5.948707193648466,5.891178984259503,5.948707193648466,6.057681387534012,0.10897419388554574,False
1397145929,verified,0.026515151515151516,1.377283623380788,-0.5704872240788473,5.816485927968012,5.469881552848093,5.816485927968012,4.024527607287689,-1.7919583206803225,True
1397145929,verified,0.025,0.7445256317667068,0.25451791385678957,4.553980011130025,3.288089156248973,4.553980011130025,5.106516347764453,0.5525363366344278,False
1397145929,verified,0.006802721088435374,0.8250315506362252,0.026513117783372064,3.66545039224203,3.6907553478509234,3.66545039224203,4.359439899585272,0.6939895073432423,False
1402214430,verified,0.0069124423963133645,0.6663694956434607,0.0108214922803207,4.630791068623045,4.196624788570223,4.630791068623045,4.175108609728392,-0.4556824588946533,False
1411192451,verified,0.0013280212483399733,1.8751559654087675,-0.1916042445282813,6.525146912028399,6.026987522913503,6.525146912028399,6.273325453846327,-0.25182145818207236,False
1411192451,verified,0.006741573033707865,1.7693327783646307,-0.04504230926387032,6.361662569882183,5.624184238506001,6.361662569882183,6.274220664738801,-0.08744190514338257,False
1411192451,verified,0.4444444444444444,1.0353278802786352,0.32174248570165465,4.460940515154677,2.5637103846045326,4.460940515154677,2.6152052404391926,-1.8457352747154845,True
1417253430,verified,0.001774622892635315,3.236136719060333,-0.10661739794555514,8.35851851512938,8.576332639243562,8.35851851512938,8.21002929899249,-0.14848921613688937,False
1417253430,verified,0.010487353485502776,2.2157827565969908,0.17589421614466794,6.984003424663077,6.624722776163301,6.984003424663077,7.215665115597453,0.23166169093437627,False
1417253430,verified,0.006072874493927126,1.993442217428285,0.24860787043482313,6.670395808249149,6.572159523254942,6.670395808249149,7.01445075656991,0.34405494832076133,False
1417253430,verified,0.08196721311475409,1.644002736317764,0.7836064514907748,6.203753566256364,5.172408402426127,6.203753566256364,5.04806040384705,-1.1556931624093147,True
1419043042,verified,0.016666666666666666,3.7745897404303754,-0.16615322789643638,6.238138299519788,6.371969500278948,6.238138299519788,6.639898985454108,0.40176068593432035,False
1419043042,verified,0.013582342954159592,4.154881494640661,-0.16308606916824608,6.621660292606843,6.432415506841101,6.621660292606843,6.335884773206205,-0.28577551940063817,False
1419043042,verified,0.05405405405405406,3.711174444578769,0.2085137056430244,5.767567984661616,5.380818630645515,5.767567984661616,4.8350098384407465,-0.9325581462208694,True
1451434617,verified,0.0625,0.5743938289812135,0.6705737657831886,3.7617967700883073,3.8444458982965513,3.7617967700883073,5.216036084383363,1.454239314295056,False
1451434617,verified,0.0011560693641618498,1.853865786201575,0.005553530780988192,6.495336222015562,6.7757494826845335,6.495336222015562,6.486430981977945,-0.008905240037617723,False
1451434617,verified,0.002932551319648094,1.5453388100069767,-0.028189786991069,6.049138137817496,6.225211258635001,6.049138137817496,6.012233043296403,-0.03690509452109314,False
1451434617,verified,0.3333333333333333,1.0712155707278186,-0.23387392428257536,3.745499679549044,3.8374373861093263,3.745499679549044,3.918443855647786,0.17294417609874202,False
1451434617,verified,0.14285714285714285,1.7136199548297952,-0.8210022248328155,2.3488074371867227,2.204380493700083,2.3488074371867227,3.455215022472302,1.1064075852855795,False
1521144100,verified,0.000292645280253177,5.723591972564547,0.6930747310203067,11.664770603618186,12.163682477476758,11.664770603618186,12.577676153572302,0.9129055499541163,False
1521144100,verified,0.05954349983460139,4.0887586684735755,0.07056144531486108,9.483087409368704,9.568773465402813,9.483087409368704,9.593896085965849,0.110808676597145,False
1587928377,verified,0.012002526847757423,1.206093515970832,1.705886544889501,4.4656384182278135,4.372958210522215,4.4656384182278135,7.9193377633976185,3.453699345169805,False
1587928377,verified,0.0009722222222222222,3.38062021296948,0.32524547878196053,8.550859802403343,8.813896713100528,8.550859802403343,8.98131736611352,0.43045756371017774,False
1587928377,verified,0.010432190760059613,1.923428832565163,0.4170318014122949,6.587573796608952,6.660930054408807,6.587573796608952,7.148236861211818,0.5606630646028661,False
1587928377,verified,0.009188361408882083,1.9999987665958934,-0.3275026967620154,6.670973623927833,6.304437227975524,6.670973623927833,6.230285174901726,-0.4406884490261067,False
1592771804,verified,0.0014387061566701394,4.064430197400511,0.20240843421235155,9.462165748819634,9.653048896028606,9.462165748819634,9.729015161344671,0.2668494125250369,False
1592771804,verified,0.0004894762604013706,4.499300023949921,-0.39819413253569014,10.03657932913087,9.728827970051935,10.03657932913087,9.506722593376274,-0.5298567357545956,False
1592771804,verified,0.003808073115003808,3.9638298248575117,-0.6550350870832635,9.322994863796438,8.641945826058246,9.322994863796438,8.452961838897021,-0.870033024899417,True
1592771804,verified,0.002955082742316785,3.0047305738855266,0.4055004937799871,8.043606397799724,8.234730304450022,8.043606397799724,8.589988964991491,0.5463825671917668,False
1592771804,verified,0.002144506763444408,2.818897754902866,0.2575616927227924,7.788528507219842,7.9845870881694525,7.788528507219842,8.139682590274996,0.35115408305515405,False
1592771804,verified,0.0025466893039049238,2.7269511334479337,-0.18197117295532772,7.675818882848342,7.431003772189628,7.675818882848342,7.43439272926678,-0.2414261535815614,False
1592771804,verified,0.0012556053811659193,2.3950345886296147,0.2577403488193304,7.239376768070571,7.437714243323588,7.239376768070571,7.574046701609591,0.3346699335390202,False
1592771804,verified,0.002531645569620253,1.8729299400967214,0.46002198853192233,6.355630294975015,6.351090428134486,6.355630294975015,7.097940993362227,0.7423106983872119,False
1592771804,verified,0.004784688995215311,1.5082989605597845,-0.009640758778042935,4.589992867050391,5.249164870445634,4.589992867050391,5.961886181186478,1.371893314136087,False
1592771804,verified,0.025252525252525252,9.167468326577422,0.9123159941362129,5.905217308988645,5.90441605148667,5.905217308988645,5.623316922110799,-0.2819003868778456,False
1593365570,verified,0.004940711462450593,0.8784850528211205,1.6784068373006933,3.4059406869856184,5.072033075932407,3.4059406869856184,7.443635495287059,4.03769480830144,False
1593365570,verified,0.0003479471120389701,2.823254274794104,-0.31321551567017547,7.812192808484407,7.463044769189762,7.812192808484407,7.389515873007309,-0.4226769354770976,False
1593365570,verified,0.0005443658138268917,2.3852491782058807,-0.14299414570971525,7.22250599771435,7.3790725716212835,7.22250599771435,7.031770913133928,-0.19073508458042188,False
1593365570,verified,0.0037128712871287127,2.1708903387157767,0.021010918471607187,6.933964548478935,7.101033915943182,6.933964548478935,6.953505960014207,0.01954141153527189,False
1593365570,verified,0.0027247956403269754,2.1334425166143864,0.04125046763354989,6.877725139761876,6.633229643402086,6.877725139761876,6.920727665671092,0.04300252590921616,False
1593365570,verified,0.0020876826722338203,1.3500636293779062,-0.0179367705211273,5.739584181338012,5.850428140880816,5.739584181338012,5.74661637435221,0.007032193014198107,False
1593365570,verified,0.012121212121212121,1.8714003974433342,-0.21362719965109944,6.42340673308861,3.776725657494778,6.42340673308861,6.242761803170218,-0.1806449299183921,False
1593365570,verified,0.006802721088435374,1.293180282226643,0.23317180857059916,4.022020883687726,4.514454748192482,4.022020883687726,6.018604031189314,1.996583147501588,False
1593365570,verified,0.006944444444444444,1.5668049753144975,-0.10159408233011091,3.645166612358601,4.081219482293716,3.645166612358601,3.4793317376548765,-0.16583487470372438,False
1722770762,verified,0.008,0.8691787269058839,0.200422691673102,4.892602134229127,5.04705981720125,4.892602134229127,5.360198823121613,0.4675966888924865,False
1722770762,verified,0.0002977963073257892,1.0160864042661104,0.9173601696932212,5.241614938484818,5.677110336379709,5.241614938484818,6.615412730586631,1.3737977921018132,False
1722770762,verified,0.0017391304347826088,1.7817139927335197,-0.7529171435022342,6.409801439106458,6.593159624419405,6.409801439106458,5.08828780118411,-1.3215136379223473,True
1722770762,verified,0.0049261083743842365,1.4265645902954642,-0.21654705732794866,5.87406920571372,6.223673115851801,5.87406920571372,5.574157870273513,-0.299911335440207,False
1722770762,verified,0.0030303030303030303,1.166047190825797,0.16075145714594985,4.407770393309469,2.861811960157005,4.407770393309469,3.5817622751349063,-0.8260081181745624,True
1722770762,verified,0.3333333333333333,0.6191757784958771,0.7133225357972361,4.423967820432219,4.119082856690611,4.423967820432219,3.1194439382677652,-1.304523882164454,True
1722770762,verified,0.003076923076923077,0.9640290042516428,0.7140996732731144,5.060412853794999,4.5089714006431345,5.060412853794999,4.700505213644346,-0.35990764015065224,False
1722770762,verified,0.047619047619047616,1.0781183228978592,0.04824481521269042,3.864873029787302,2.8437519759393224,3.864873029787302,4.408376149875233,0.5435031200879306,False
1771000163,verified,0.024691358024691357,0.8634442998538651,9.084064043838989,4.507029990963764,4.55580914000815,4.507029990963764,4.944739305268743,0.4377093143049793,False
1771000163,verified,0.02631578947368421,15.017872711554867,-4.5359054962199306,5.075391299481521,5.568074015411364,5.075391299481521,5.024603082978814,-0.05078821650270715,False
1771000163,verified,0.040268456375838924,20.680243129376162,-9.15564306275516,5.474772665180011,5.6937724529330875,5.474772665180011,4.9914591765241525,-0.48331348865585877,False
1771000163,verified,0.03676470588235294,0.6331113449524439,16.324185732573017,4.534511609675157,4.455037828539932,4.534511609675157,4.327016571656755,-0.20749503801840152,False
1771000163,verified,0.1346153846153846,40.23428934408556,-0.6868498805996381,3.9683520916160915,3.751226068714569,3.9683520916160915,2.8849160470666013,-1.0834360445494902,True
1771034425,verified,0.009708737864077669,0.7405615714876979,0.028844687350606968,4.801367620656423,4.9625202181011145,4.801367620656423,4.835412526074667,0.03404490541824412,False
1771034425,verified,0.01694915254237288,0.5761999511049473,0.05575281716716085,4.043921402045806,4.035026407591993,4.043921402045806,3.8772685182422224,-0.16665288380358323,False
1796419999,verified,0.008092485549132947,3.4079522370982493,0.06472051478333629,8.591553977150483,8.498298060803526,8.591553977150483,8.673016409594862,0.08146243244437912,False
1796419999,verified,0.005186385737439222,3.192985518543817,-0.033833128894747766,8.299996022520306,8.203352147906111,8.299996022520306,8.254566311907485,-0.04542971061282053,False
1868410263,verified,0.010723860589812333,1.6332347332057509,1.868591532518659,6.26834048955101,6.551295276595657,6.26834048955101,5.896436603166726,-0.37190388638428384,False
1868410263,verified,0.023809523809523808,3.583573171915577,0.5670846954700939,4.307262072087804,4.211554087808767,4.307262072087804,4.21172014941139,-0.09554192267641426,False
1868410263,verified,0.05405405405405406,3.236304773336974,0.28963162325963543,3.8423020576923386,3.6981838478655336,3.8423020576923386,3.2601534293033128,-0.5821486283890258,False
1871183427,verified,0.0015082956259426848,2.1624431164606284,0.23399873555153405,6.907210092497145,7.055971682131156,6.907210092497145,7.22003304037914,0.31282294788199483,False
1871183427,verified,0.0021413276231263384,2.0040272403574355,0.1908333628956278,3.373600233067375,3.9646077187262434,3.373600233067375,1.7227913719697088,-1.6508088610976661,True
1880247611,verified,0.00398406374501992,2.134978069078119,-0.751297011888163,5.2350489077212785,6.371356792693435,5.2350489077212785,5.050272235419773,-0.1847766723015054,False
1911483289,verified,0.009345794392523364,0.8480148702151885,-0.022196543164087368,4.7289022045105815,4.258140623421547,4.7289022045105815,4.606856941092821,-0.12204526341776045,False
1937099979,verified,0.005308168681804777,2.4565723605066494,0.4499539122123224,7.318741758841918,7.393618033999938,7.318741758841918,7.932694211013322,0.6139524521714037,False
2004412586,verified,0.0006377551020408163,2.3543629435280358,-0.4348893882596949,7.172626305998139,7.144472533046897,7.172626305998139,6.592280951722158,-0.5803453542759813,False
2004412586,verified,0.0003707823507601038,2.373560331299956,0.6012368965921211,7.140717708351886,7.610052222520652,7.140717708351886,8.011776809492847,0.8710591011409612,False
2004429834,verified,0.00044264811129911014,6.372192361028578,-0.16275289476091714,12.520339639612965,12.410626577712897,12.520339639612965,12.302981889092871,-0.21735775052009387,False
2004429834,verified,0.00085753401300844,6.213029915997095,0.01823625173836607,12.30769803596112,12.357856381705366,12.30769803596112,12.33182225802469,0.02412422206356979,False
2004429834,verified,0.0010136076831462383,6.162345209118973,-0.40097080772859783,12.24089233701209,12.113109426272434,12.24089233701209,11.710720645415325,-0.5301716915967649,False
2004429834,verified,0.0025891926426577895,4.5150425272143035,-0.05097585323584575,10.05914272790182,10.033327328589893,10.05914272790182,9.992290274022949,-0.06685245387887129,False
2004478653,verified,0.003022289384208538,3.2687444203889675,-0.21363582589826446,8.39445931104127,8.463672634065428,8.39445931104127,8.110867173748005,-0.28359213729326527,False
2004478653,verified,0.0026490066225165563,3.621273246234537,-0.6524661315583637,8.85945509834553,8.318995403909097,8.85945509834553,7.996984214048668,-0.8624708842968616,True
2004478653,verified,0.0016306563391765185,2.734660168761482,-0.9873483720595273,7.676250083752025,7.293993086998381,7.676250083752025,6.373999185022454,-1.3022508987295716,True
2004478956,verified,0.0010660980810234541,2.597376902089895,-0.09764521571419227,7.496114100489782,7.324611261018768,7.496114100489782,7.369869834451774,-0.1262442660380083,False
2004478956,verified,0.009985734664764621,2.1657012778740654,-0.5667196484238901,6.920373426171096,7.164000778621713,6.920373426171096,6.135961595753339,-0.7844118304177572,True
2004478956,verified,0.0176678445229682,1.112304788583143,0.1988258456392844,4.875801618541893,6.33893633411445,4.875801618541893,3.792765125646272,-1.083036492895621,True
2004478956,verified,0.02914798206278027,0.8949047278333806,0.260159017461683,3.793385281181922,3.3222381222854906,3.793385281181922,4.304715353072663,0.5113300718907414,False
2004731645,verified,0.0030136986301369864,2.4988323956951755,0.4746946828508438,7.37831212982435,7.299025784457996,7.37831212982435,8.009430961721396,0.6311188318970462,False
2004731645,verified,0.002527075812274368,2.970504107319289,-0.04948873579982438,8.003299878281844,7.904438814538959,8.003299878281844,7.940739897452604,-0.0625599808292403,False
2004731645,verified,0.002737226277372263,3.0441478743719568,-0.6414099176632329,8.106715546817203,7.803281310340331,8.106715546817203,7.261820848811641,-0.8448946980055618,True
2004731645,verified,0.00999000999000999,1.5021968910761359,-0.001931978341687124,5.519624678018767,6.551776470666812,5.519624678018767,6.023802727292012,0.5041780492732455,False
2004731645,verified,0.0203125,1.6395938876369975,-0.7820685040125647,6.1969374468089,5.524608530652543,6.1969374468089,5.063989303270601,-1.1329481435382993,True
2004780153,verified,0.0008478887569950823,3.1533440578651097,0.585451902948356,8.258830703021074,8.674482262755587,8.258830703021074,9.029682658355437,0.7708519553343631,False
2004780153,verified,0.0013527223537368955,3.5361591339815197,0.10443570345458841,8.7671092404331,8.853516691194475,8.7671092404331,8.898984544353416,0.13187530392031555,False
2004780153,verified,0.0028513238289205704,3.445476201544282,-0.6690070618190087,8.63936371783513,8.181273500710294,8.63936371783513,7.755267307839778,-0.8840964099953519,True
2004869018,verified,0.002440347071583514,2.730833292044783,0.03490600544207778,7.6727967412736335,8.6249180008724,7.6727967412736335,7.733947255562606,0.06115051428897278,False
2004869018,verified,0.010610079575596816,2.7308374263657256,-0.13510840155962933,7.690859464686369,7.737856874198523,7.690859464686369,7.494186736101734,-0.1966727285846348,False
2004869018,verified,0.04878048780487805,1.4719623124798844,-0.5805707632098914,3.539503099140929,5.145620577614798,3.539503099140929,5.0544780667573495,1.5149749676164204,False
2005912533,verified,0.0035842293906810036,2.9755812319989756,-1.395384265595983,5.765410733785192,5.640701009962735,5.765410733785192,3.3106580840994346,-2.4547526496857572,True
2005912533,verified,0.011111111111111112,2.640394940672615,-1.037086152850428,3.6465308610440474,3.789534241963904,3.6465308610440474,4.2014673594347185,0.554936498390671,False
2006029124,verified,0.013157894736842105,1.480576120143753,-0.768333425978426,5.942484423043366,5.517910684597986,5.942484423043366,3.9926045682984226,-1.9498798547449434,True
2006047477,verified,0.019230769230769232,0.9311869054720059,-0.01951707443392592,5.047279886778061,5.311080405733852,5.047279886778061,4.968628293982137,-0.07865159279592415,False
2006423495,verified,0.0021152829190904283,1.9826745908111867,0.3461076312543365,6.665994986058027,7.564063301255611,6.665994986058027,7.137520892740841,0.4715259066828139,False
2006423495,verified,0.020887728459530026,2.0596654338789273,-0.014595713136945854,6.763570325318004,6.540808132270837,6.763570325318004,6.7467000300703575,-0.016870295247646716,False
2006423495,verified,0.014705882352941176,1.101850499093794,-0.29105409734385534,5.308993981131867,4.727475316429031,5.308993981131867,4.9458823663385,-0.3631116147933673,False
2006604953,verified,0.0030727210652099694,2.3328686790404545,-0.16383813681629622,7.135144167267919,7.917156665058357,7.135144167267919,6.927124088686829,-0.2080200785810904,False
2006604953,verified,0.008368200836820083,1.9940592393308851,-0.5621329033836855,6.662127437700145,6.35559719133652,6.662127437700145,5.9209075960644295,-0.7412198416357159,True
2006718594,verified,0.00881057268722467,1.3301194123385138,-0.3161963631420439,5.745877298839359,5.398880637478885,5.745877298839359,5.212335259510258,-0.5335420393291006,False
2009239953,verified,0.001037344398340249,1.9486481804398998,0.42607054401294286,6.609694361050623,6.323966731907777,6.609694361050623,7.174643279219038,0.5649489181684144,False
2009239953,verified,0.022727272727272728,1.591636312827211,-0.12071633672836812,6.132703461714987,6.061945561614192,6.132703461714987,5.946871970307438,-0.18583149140754962,False
2009506179,verified,0.002129471890971039,1.9854206703372739,1.1914228624607335,5.413665923980926,7.023721783101765,5.413665923980926,8.284504437145824,2.8708385131648972,False
2009506179,verified,0.0018267223382045928,3.0601254450242927,0.1351191573580044,8.123443390355588,8.024078138290415,8.123443390355588,8.29789216932675,0.1744487789711613,False
2009506179,verified,0.003911879761169446,3.3102996393903426,0.030400337825432278,8.454813314881289,8.339790707168802,8.454813314881289,8.494486854094145,0.03967353921285621,False
2012596130,verified,0.006711409395973154,1.3248407700868292,-0.29695853003865014,5.745495746623678,5.9245869059852225,5.745495746623678,5.245151158797604,-0.5003445878260733,False
2021783674,verified,0.008172796263864565,0.6163583633666035,0.13098951686424765,4.0409103696693505,3.4444345958114972,4.0409103696693505,4.636314136425917,0.5954037667565668,False
2023219812,verified,0.015789473684210527,0.9489580765050827,0.030612330779855923,5.101422717689891,5.462713661643801,5.101422717689891,5.197776335177598,0.09635361748770688,False
2065926040,verified,0.0007869589657110736,1.3794344985265112,2.003327403311805,5.8049882565382,8.285553966776847,5.8049882565382,8.55653897408681,2.751550717548609,False
2065926040,verified,0.00032706459525756336,3.4098938535137497,-0.07644397100965605,8.596093101026545,8.60285871900837,8.596093101026545,8.494558984307371,-0.1015341167191739,False
2065926040,verified,0.00546448087431694,2.2432075241443585,-0.9156558480679371,6.9941139923727444,6.471682154226672,6.9941139923727444,5.771083178319978,-1.2230308140527661,True
2069724493,verified,0.000724487683709377,3.8921709917904606,-0.18203948551361915,9.23070460671343,9.531773961269291,9.23070460671343,8.989660822833429,-0.24104378388000214,False
2069724493,verified,0.001114294810569882,3.608155790663555,0.032508714938714434,8.853087447633934,9.005108144195601,8.853087447633934,8.894539502873984,0.041452055240050356,False
2069724493,verified,0.009819967266775777,2.4354287096537117,-0.7085399160264203,7.2836948847658025,7.1860772628236855,7.2836948847658025,6.332083060821948,-0.9516118239438542,True
2069724493,verified,0.0030432136335970784,1.9272915233188908,0.21844880471886485,6.586729017560937,7.317522330637435,6.586729017560937,6.881006161853056,0.2942771442921188,False
2069724493,verified,0.038636363636363635,1.0606669921081486,0.04451723444023292,4.138446092701995,5.900880232803283,4.138446092701995,4.126478770752199,-0.011967321949795995,False
2081633662,verified,0.0060790273556231,1.7502643339282007,0.06272569770787828,6.394228801234277,6.230450968830832,6.394228801234277,6.468150893138221,0.07392209190394361,False
2144797380,verified,0.0018002536721083426,4.465508695590097,-0.02489787882380412,9.989411920733616,10.080679790293944,9.989411920733616,9.956255052586316,-0.03315686814729979,False
2144797380,verified,0.004830165160486133,3.4677416502838314,-0.38139946760457377,8.668412429756348,8.533367722498522,8.668412429756348,8.162231027149787,-0.5061814026065612,False
2144797380,verified,0.11606180380883938,2.4076987047901475,0.10511866038285822,7.23930599892157,7.133558854410031,7.23930599892157,7.405661771132541,0.16635577221097098,False
2144797380,verified,0.102287166454892,2.233824772511448,-0.7059763102077043,7.004226851699113,6.1094675560618255,7.004226851699113,6.038253999453732,-0.9659728522453808,True
